mean_fit_time,std_fit_time,mean_score_time,std_score_time,param_clf__leaf_size,param_clf__n_neighbors,param_clf__p,param_clf__weights,params,split0_test_score,split1_test_score,split2_test_score,split3_test_score,split4_test_score,mean_test_score,std_test_score,rank_test_score,split0_train_score,split1_train_score,split2_train_score,split3_train_score,split4_train_score,mean_train_score,std_train_score
0.004840230941772461,0.0002622859075488935,0.1443718433380127,0.013115213383215082,15,1,1,uniform,"{'clf__leaf_size': 15, 'clf__n_neighbors': 1, 'clf__p': 1, 'clf__weights': 'uniform'}",0.7312213642585799,0.73665084894782,0.6566027429083539,0.6867726122268627,0.6975195037079871,0.7017534144099207,0.029553763132746123,70,1.0,1.0,1.0,1.0,1.0,1.0,0.0
0.004668569564819336,0.00027478245898099525,0.13338127136230468,0.013129908836259169,15,1,1,distance,"{'clf__leaf_size': 15, 'clf__n_neighbors': 1, 'clf__p': 1, 'clf__weights': 'distance'}",0.7312213642585799,0.73665084894782,0.6566027429083539,0.6867726122268627,0.6975195037079871,0.7017534144099207,0.029553763132746123,70,1.0,1.0,1.0,1.0,1.0,1.0,0.0
0.005303335189819336,0.0004275772342023603,0.04540834426879883,0.012630521223618784,15,1,2,uniform,"{'clf__leaf_size': 15, 'clf__n_neighbors': 1, 'clf__p': 2, 'clf__weights': 'uniform'}",0.7147397605485846,0.6914183336590072,0.6301701649223836,0.6511549167953785,0.7177149353672074,0.6810396222585122,0.03484047322587928,127,1.0,1.0,1.0,1.0,1.0,1.0,0.0
0.00410609245300293,0.0005326377864166323,0.044278955459594725,0.0055570472908949295,15,1,2,distance,"{'clf__leaf_size': 15, 'clf__n_neighbors': 1, 'clf__p': 2, 'clf__weights': 'distance'}",0.7147397605485846,0.6914183336590072,0.6301701649223836,0.6511549167953785,0.7177149353672074,0.6810396222585122,0.03484047322587928,127,1.0,1.0,1.0,1.0,1.0,1.0,0.0
0.004124975204467774,0.0002967230703528429,6.361334609985351,0.044741947316261285,15,1,3,uniform,"{'clf__leaf_size': 15, 'clf__n_neighbors': 1, 'clf__p': 3, 'clf__weights': 'uniform'}",0.6839633593256496,0.6143512682879712,0.6146104958452541,0.6081857979957412,0.6889451371496986,0.642011211720863,0.03639452255407558,322,1.0,1.0,1.0,1.0,1.0,1.0,0.0
0.004489088058471679,0.00020088689383655742,6.395278406143189,0.02611230555665609,15,1,3,distance,"{'clf__leaf_size': 15, 'clf__n_neighbors': 1, 'clf__p': 3, 'clf__weights': 'distance'}",0.6839633593256496,0.6143512682879712,0.6146104958452541,0.6081857979957412,0.6889451371496986,0.642011211720863,0.03639452255407558,322,1.0,1.0,1.0,1.0,1.0,1.0,0.0
0.004795646667480469,0.0009486459323106023,6.3802414894104,0.03346589324808637,15,1,4,uniform,"{'clf__leaf_size': 15, 'clf__n_neighbors': 1, 'clf__p': 4, 'clf__weights': 'uniform'}",0.6464790064304627,0.5592898622903991,0.5786659015796464,0.572447350977145,0.6280126588537803,0.5969789560262868,0.03397346345984278,592,1.0,1.0,1.0,1.0,1.0,1.0,0.0
0.005237007141113281,0.0004126536369525508,6.37982439994812,0.0055100645229528115,15,1,4,distance,"{'clf__leaf_size': 15, 'clf__n_neighbors': 1, 'clf__p': 4, 'clf__weights': 'distance'}",0.6464790064304627,0.5592898622903991,0.5786659015796464,0.572447350977145,0.6280126588537803,0.5969789560262868,0.03397346345984278,592,1.0,1.0,1.0,1.0,1.0,1.0,0.0
0.004817152023315429,0.00026469597876627735,6.3538891792297365,0.021385507826798558,15,1,5,uniform,"{'clf__leaf_size': 15, 'clf__n_neighbors': 1, 'clf__p': 5, 'clf__weights': 'uniform'}",0.6326668646943032,0.5453148593155287,0.5537545787545788,0.5611162818183161,0.601177662003125,0.5788060493171704,0.03305643763776712,670,1.0,1.0,1.0,1.0,1.0,1.0,0.0
0.0046657085418701175,0.0004778406693969917,6.3603509902954105,0.056111942603651745,15,1,5,distance,"{'clf__leaf_size': 15, 'clf__n_neighbors': 1, 'clf__p': 5, 'clf__weights': 'distance'}",0.6326668646943032,0.5453148593155287,0.5537545787545788,0.5611162818183161,0.601177662003125,0.5788060493171704,0.03305643763776712,670,1.0,1.0,1.0,1.0,1.0,1.0,0.0
0.004590654373168945,0.0005322393817872498,0.09384198188781738,0.0006945421286231881,15,3,1,uniform,"{'clf__leaf_size': 15, 'clf__n_neighbors': 3, 'clf__p': 1, 'clf__weights': 'uniform'}",0.7800842166381433,0.7137189745205004,0.6822697078248022,0.6688361144820795,0.7582469975273448,0.7206312021985741,0.04278252736290699,22,0.8402400664327602,0.8352735096604371,0.846641030477804,0.8444161249545019,0.8394742149616816,0.8412089892974368,0.00397419079921812
0.004440593719482422,0.00010439101332068803,0.0981900691986084,0.0030982126293953695,15,3,1,distance,"{'clf__leaf_size': 15, 'clf__n_neighbors': 3, 'clf__p': 1, 'clf__weights': 'distance'}",0.7766569669554745,0.7427627724287207,0.6965974304413709,0.6922788508785557,0.7542812376465117,0.7325154516701267,0.03297368249327183,4,1.0,1.0,1.0,1.0,1.0,1.0,0.0
0.0044346809387207035,0.00012578215876855924,0.011253261566162109,8.36429463507591e-05,15,3,2,uniform,"{'clf__leaf_size': 15, 'clf__n_neighbors': 3, 'clf__p': 2, 'clf__weights': 'uniform'}",0.7487685064864242,0.6565594541910331,0.6822089432880912,0.6608432831637784,0.7333645865476671,0.6963489547353989,0.03784643548682408,79,0.8075263637894776,0.8196085115523436,0.8321662390469661,0.8178492766079879,0.8080228009907005,0.8170346383974951,0.009031880159903456
0.004584407806396485,0.00026110462041197495,0.012757825851440429,0.002427106242745952,15,3,2,distance,"{'clf__leaf_size': 15, 'clf__n_neighbors': 3, 'clf__p': 2, 'clf__weights': 'distance'}",0.734713051778896,0.6944336986890178,0.6686132500447798,0.6537566137566136,0.7184502775759621,0.6939933783690538,0.03006517501575133,94,1.0,1.0,1.0,1.0,1.0,1.0,0.0
0.004441499710083008,0.00023149572350132945,6.3000579357147215,0.012565895029191903,15,3,3,uniform,"{'clf__leaf_size': 15, 'clf__n_neighbors': 3, 'clf__p': 3, 'clf__weights': 'uniform'}",0.6981492192018508,0.6422756843809185,0.632810588854368,0.6300429687152804,0.7276580138471985,0.6661872949999232,0.03947757802191743,211,0.8042410905790485,0.8094480177094499,0.8108477014087015,0.8074597620891086,0.7964089866898649,0.8056811116952346,0.0051398986437696465
0.004881381988525391,0.0010256311928800476,6.3074713230133055,0.02102118572273654,15,3,3,distance,"{'clf__leaf_size': 15, 'clf__n_neighbors': 3, 'clf__p': 3, 'clf__weights': 'distance'}",0.7049498710116965,0.6412955505697442,0.6420560052186249,0.6356809747388841,0.7230074782141587,0.6693979759506217,0.03691092472937334,193,1.0,1.0,1.0,1.0,1.0,1.0,0.0
0.004091835021972657,0.00028758798136289184,6.28731746673584,0.0069110917733795196,15,3,4,uniform,"{'clf__leaf_size': 15, 'clf__n_neighbors': 3, 'clf__p': 4, 'clf__weights': 'uniform'}",0.6574513030082112,0.5872056153420903,0.6006958659715967,0.619663168630398,0.6745285135696094,0.6279088933043812,0.033200724792307026,415,0.7859869820262736,0.7917951452920039,0.7989092699907695,0.7995515228242078,0.7857458858957681,0.7923977612058046,0.0059880670122863765
0.0038691043853759767,0.00014664408736432023,6.344268751144409,0.09366935856240306,15,3,4,distance,"{'clf__leaf_size': 15, 'clf__n_neighbors': 3, 'clf__p': 4, 'clf__weights': 'distance'}",0.6736996114400665,0.6326369197970726,0.6024063966386968,0.6242229448416459,0.6413079016391064,0.6348547548713176,0.023329878327884055,367,1.0,1.0,1.0,1.0,1.0,1.0,0.0
0.004117250442504883,0.0001941220410642961,6.324802732467651,0.1426636991573041,15,3,5,uniform,"{'clf__leaf_size': 15, 'clf__n_neighbors': 3, 'clf__p': 5, 'clf__weights': 'uniform'}",0.6240028959973751,0.5652053660115592,0.6160735046877074,0.6051586641258935,0.6289618213579176,0.6078804504360906,0.022803747675105627,535,0.777418027957674,0.7790067615237563,0.7879502868557395,0.7892133731999461,0.7835559109971603,0.7834288721068552,0.004681988733475342
0.0039504051208496095,0.0002550080094977789,6.344962310791016,0.0391873584443738,15,3,5,distance,"{'clf__leaf_size': 15, 'clf__n_neighbors': 3, 'clf__p': 5, 'clf__weights': 'distance'}",0.6205288135701081,0.5847200260490835,0.6181469225712296,0.6059657668836002,0.5997664012924863,0.6058255860733015,0.01303977198206729,553,1.0,1.0,1.0,1.0,1.0,1.0,0.0
0.004317712783813476,0.0006339848039012721,0.10060553550720215,0.0005184939747489973,15,5,1,uniform,"{'clf__leaf_size': 15, 'clf__n_neighbors': 5, 'clf__p': 1, 'clf__weights': 'uniform'}",0.7584087719315333,0.7011204455198455,0.7220067061683639,0.6708785966539725,0.7470263252494058,0.7198881691046243,0.03155620446355296,25,0.7755533542295909,0.797054822119576,0.78042897298093,0.8011347267322014,0.7875268634279576,0.7883397478980513,0.00965812617487423
0.004359149932861328,0.0003381144862579294,0.10189552307128906,0.0006201915806048904,15,5,1,distance,"{'clf__leaf_size': 15, 'clf__n_neighbors': 5, 'clf__p': 1, 'clf__weights': 'distance'}",0.7675937452368279,0.7261534324946013,0.7236805969183332,0.6762020544920229,0.7582168531117213,0.7303693364507013,0.032117746842368435,10,1.0,1.0,1.0,1.0,1.0,1.0,0.0
0.0050316333770751955,0.0006145299884371208,0.014860725402832032,0.0023876414985134807,15,5,2,uniform,"{'clf__leaf_size': 15, 'clf__n_neighbors': 5, 'clf__p': 2, 'clf__weights': 'uniform'}",0.6990106916505745,0.6698084671666152,0.6695295465860903,0.6426885051177059,0.7160803788886748,0.6794235178819322,0.02556240937845869,145,0.7645993170935287,0.7931587203940357,0.7945281209232401,0.7877318704642085,0.7758282355483261,0.7831692528846679,0.011387395437368877
0.004791831970214844,0.00041955602272206763,0.013140201568603516,0.0019584592407010403,15,5,2,distance,"{'clf__leaf_size': 15, 'clf__n_neighbors': 5, 'clf__p': 2, 'clf__weights': 'distance'}",0.732082082082082,0.6928123799042727,0.6745537059595681,0.6721028878656548,0.7313106349771643,0.7005723381577483,0.026402282579464437,76,1.0,1.0,1.0,1.0,1.0,1.0,0.0
0.004221200942993164,0.000472756785147116,6.376017999649048,0.049171784678387634,15,5,3,uniform,"{'clf__leaf_size': 15, 'clf__n_neighbors': 5, 'clf__p': 3, 'clf__weights': 'uniform'}",0.7069001557328347,0.6235217909063043,0.6737077067669173,0.6313266422721475,0.6906071148019302,0.6652126820960268,0.03268419256451674,214,0.7603583698411501,0.7818478845301395,0.7766037265748821,0.7627373272204704,0.7486014911565835,0.7660297598646452,0.011906058689572709
0.004029703140258789,0.0005511395264658515,6.370301723480225,0.043951478177023794,15,5,3,distance,"{'clf__leaf_size': 15, 'clf__n_neighbors': 5, 'clf__p': 3, 'clf__weights': 'distance'}",0.7158764075430742,0.6770041839091473,0.6701499039186537,0.6359683794466403,0.6961427593748046,0.6790283268384641,0.026787188990942533,151,1.0,1.0,1.0,1.0,1.0,1.0,0.0
0.004311895370483399,0.00040868971502701595,6.339358854293823,0.013603120038567285,15,5,4,uniform,"{'clf__leaf_size': 15, 'clf__n_neighbors': 5, 'clf__p': 4, 'clf__weights': 'uniform'}",0.6578951038714986,0.6315276240993978,0.6264895330112721,0.6435478627289677,0.6605342613780829,0.6439988770178438,0.013629649646958395,310,0.7411449451886347,0.7605910993668811,0.7514570830092191,0.748323507429478,0.7271701436190474,0.7457373557226521,0.011188107623231806
0.003988504409790039,0.00033870341150549774,6.341716527938843,0.028163239322808585,15,5,4,distance,"{'clf__leaf_size': 15, 'clf__n_neighbors': 5, 'clf__p': 4, 'clf__weights': 'distance'}",0.6736107724519056,0.6505546177959971,0.6224774232453092,0.6483727553040842,0.6617745830399577,0.6513580303674507,0.017013735078246644,265,1.0,1.0,1.0,1.0,1.0,1.0,0.0
0.004434823989868164,0.00017861985164260657,6.346765232086182,0.035849286765836465,15,5,5,uniform,"{'clf__leaf_size': 15, 'clf__n_neighbors': 5, 'clf__p': 5, 'clf__weights': 'uniform'}",0.6328767649495963,0.6233931279974048,0.6267874717257056,0.6304918643653598,0.6095697405562222,0.6246237939188577,0.008189827159427386,439,0.7297745704952868,0.7311453250218196,0.7370276941501198,0.7404288023633881,0.7193680040700325,0.7315488792201295,0.007218797613613245
0.004424476623535156,0.0008181545864703467,6.372796726226807,0.04753509136530185,15,5,5,distance,"{'clf__leaf_size': 15, 'clf__n_neighbors': 5, 'clf__p': 5, 'clf__weights': 'distance'}",0.6210691497450054,0.585501661533592,0.6221279339872555,0.6303444782168186,0.6176458130015181,0.6153378072968378,0.015489846759533667,496,1.0,1.0,1.0,1.0,1.0,1.0,0.0
0.004184722900390625,0.00021013256511703542,0.09602265357971192,0.0012551631489264975,15,7,1,uniform,"{'clf__leaf_size': 15, 'clf__n_neighbors': 7, 'clf__p': 1, 'clf__weights': 'uniform'}",0.7541713600228857,0.714696565948862,0.7314716437007817,0.681825280352562,0.7515183457312642,0.7267366391512711,0.02665036836619682,13,0.7695059927446883,0.7819285421299851,0.7753418791370709,0.7881021994493123,0.7589861999719523,0.7747729626866017,0.010061385442892487
0.004011201858520508,0.00018276735967971848,0.09683809280395508,0.0020961559913402045,15,7,1,distance,"{'clf__leaf_size': 15, 'clf__n_neighbors': 7, 'clf__p': 1, 'clf__weights': 'distance'}",0.7745584516239521,0.7256606190581063,0.7470421563195598,0.7056102900930487,0.7567701144467449,0.7419283263082824,0.024061558820475528,1,1.0,1.0,1.0,1.0,1.0,1.0,0.0
0.0050906181335449215,0.0007786772927079334,0.012727069854736327,0.0010597068061560843,15,7,2,uniform,"{'clf__leaf_size': 15, 'clf__n_neighbors': 7, 'clf__p': 2, 'clf__weights': 'uniform'}",0.724871087183681,0.7005283094098883,0.716709652004179,0.6647522823705375,0.7292799793478276,0.7072282620632226,0.02339462538727223,58,0.7631844600935256,0.7673602383435736,0.7697809051308664,0.7743017377627351,0.7506077428712307,0.7650470168403862,0.00806687426221242
0.0043697357177734375,0.00024732183264949704,0.013099575042724609,0.0020996024994456887,15,7,2,distance,"{'clf__leaf_size': 15, 'clf__n_neighbors': 7, 'clf__p': 2, 'clf__weights': 'distance'}",0.7500410083333765,0.6996445483905346,0.7122396137369716,0.6703064479380269,0.7235187385478699,0.7111500713893559,0.026333456447263048,46,1.0,1.0,1.0,1.0,1.0,1.0,0.0
0.004722404479980469,0.000821311765606918,6.332151889801025,0.017001802973564,15,7,3,uniform,"{'clf__leaf_size': 15, 'clf__n_neighbors': 7, 'clf__p': 3, 'clf__weights': 'uniform'}",0.6942380695734157,0.6331367484621637,0.661180808106123,0.6557101566175977,0.700228200862835,0.6688987967244271,0.025044128989746787,202,0.7450548576267374,0.7544975758026674,0.7450885527921096,0.7566692796251693,0.7316046065051716,0.7465829744703711,0.008868984271787447
0.004351186752319336,0.001081412991447766,6.3309571743011475,0.01930571086297057,15,7,3,distance,"{'clf__leaf_size': 15, 'clf__n_neighbors': 7, 'clf__p': 3, 'clf__weights': 'distance'}",0.6910296843218721,0.6474027189044994,0.6738983271281227,0.6679000431432912,0.7173930569606616,0.6795247660916893,0.023515898925425275,142,1.0,1.0,1.0,1.0,1.0,1.0,0.0
0.004632711410522461,0.000983020543775459,6.321458625793457,0.015602036440685883,15,7,4,uniform,"{'clf__leaf_size': 15, 'clf__n_neighbors': 7, 'clf__p': 4, 'clf__weights': 'uniform'}",0.6729711523095399,0.6322256113119356,0.6172757857947863,0.6527412031260412,0.6614271247168139,0.6473281754518234,0.02008420806903685,295,0.7265243443846632,0.7494483392769629,0.7340136131329312,0.7216828796495145,0.7198902268522522,0.7303118806592648,0.010745443957923574
0.0038910388946533205,0.0003702331297931246,6.343980216979981,0.03481438889901589,15,7,4,distance,"{'clf__leaf_size': 15, 'clf__n_neighbors': 7, 'clf__p': 4, 'clf__weights': 'distance'}",0.6686006577658953,0.6441125619950409,0.6228942405657009,0.6562384146527376,0.6459904474610357,0.647567264488082,0.015104780095610573,292,1.0,1.0,1.0,1.0,1.0,1.0,0.0
0.004146289825439453,0.0005211074561435053,6.3178479194641115,0.009202795426771023,15,7,5,uniform,"{'clf__leaf_size': 15, 'clf__n_neighbors': 7, 'clf__p': 5, 'clf__weights': 'uniform'}",0.6436827616284218,0.6041074196374419,0.5989185293557491,0.6291669129308392,0.6217244797848127,0.6195200206674529,0.0163934739202213,478,0.6901520652413561,0.7179950333846171,0.720734832989716,0.7063056944914736,0.6949158217015214,0.7060206895617369,0.012125209133304804
0.003976631164550781,0.0002925966365765535,6.316724634170532,0.012819271550387083,15,7,5,distance,"{'clf__leaf_size': 15, 'clf__n_neighbors': 7, 'clf__p': 5, 'clf__weights': 'distance'}",0.6501320457911839,0.6190705245729463,0.603745480971724,0.6262790003932257,0.6200082761027003,0.623847065566356,0.01508933294778056,448,1.0,1.0,1.0,1.0,1.0,1.0,0.0
0.004099273681640625,0.00026482844627024455,0.09774351119995117,0.003633935616152274,15,9,1,uniform,"{'clf__leaf_size': 15, 'clf__n_neighbors': 9, 'clf__p': 1, 'clf__weights': 'uniform'}",0.7412767262807967,0.6967016360208413,0.7173487117925096,0.6847071609237255,0.7326567502048332,0.7145381970445412,0.02125635685004626,31,0.7508677437069532,0.7642859221131426,0.7666968977884261,0.7755751602949871,0.7473745351876897,0.7609600518182397,0.010430677406797166
0.0039065837860107425,0.00018697353496435187,0.09780917167663575,0.0030070422533358026,15,9,1,distance,"{'clf__leaf_size': 15, 'clf__n_neighbors': 9, 'clf__p': 1, 'clf__weights': 'distance'}",0.7612575702823505,0.7121648959884255,0.7512270987147935,0.6838065767756433,0.7471496959811577,0.7311211675484742,0.02886996949419681,7,1.0,1.0,1.0,1.0,1.0,1.0,0.0
0.004286527633666992,0.0002241745317736458,0.011747980117797851,0.0004726789509659976,15,9,2,uniform,"{'clf__leaf_size': 15, 'clf__n_neighbors': 9, 'clf__p': 2, 'clf__weights': 'uniform'}",0.7128880265823279,0.6795631841967277,0.7328690823085239,0.6690580105473722,0.7146644520582983,0.70180855113865,0.023749693979162278,67,0.7452535446314608,0.7592188160647871,0.754618715383091,0.7558563482725522,0.7285314645985509,0.7486957777900884,0.011095384531420975
0.004186153411865234,0.00021361368022547304,0.011790657043457031,0.0003002668081979961,15,9,2,distance,"{'clf__leaf_size': 15, 'clf__n_neighbors': 9, 'clf__p': 2, 'clf__weights': 'distance'}",0.728600277027706,0.7015422077922078,0.7391361717437317,0.6628700394461283,0.7384555249102245,0.7141208441839997,0.029025727740057496,37,1.0,1.0,1.0,1.0,1.0,1.0,0.0
0.003979635238647461,0.00023757730834102068,6.306296873092651,0.019181427160015717,15,9,3,uniform,"{'clf__leaf_size': 15, 'clf__n_neighbors': 9, 'clf__p': 3, 'clf__weights': 'uniform'}",0.6725510423807767,0.6486933722960317,0.6761010867200982,0.6736373921120618,0.6758096005727432,0.6693584988163424,0.010417561344755504,196,0.7233192447725341,0.7365988970835302,0.7337720817884688,0.7367439387603598,0.708091561445063,0.7277051447699912,0.010968455875214823
0.0040836334228515625,0.0002676743130341804,6.367540502548218,0.10482739905173498,15,9,3,distance,"{'clf__leaf_size': 15, 'clf__n_neighbors': 9, 'clf__p': 3, 'clf__weights': 'distance'}",0.6738280423280423,0.6535266738274257,0.6744363772967751,0.6632183843019994,0.7126496096132915,0.6755318174735068,0.02008820706590414,163,1.0,1.0,1.0,1.0,1.0,1.0,0.0
0.0038743019104003906,0.0001318042942600977,6.3079383850097654,0.016039905884094735,15,9,4,uniform,"{'clf__leaf_size': 15, 'clf__n_neighbors': 9, 'clf__p': 4, 'clf__weights': 'uniform'}",0.6499029191640047,0.637224174738791,0.6319053155563865,0.6417519767303879,0.6498116760828625,0.6421192124544864,0.007045282577353982,319,0.689861258599333,0.7278743078270555,0.7166992686645529,0.71225189253741,0.6905585367788043,0.7074490528814311,0.014969601479742953
0.0037180423736572266,0.00014765773656862484,6.330360317230225,0.008232685664446102,15,9,4,distance,"{'clf__leaf_size': 15, 'clf__n_neighbors': 9, 'clf__p': 4, 'clf__weights': 'distance'}",0.6615580037576477,0.6382973762480404,0.6265089426143273,0.6445625637844435,0.659605279350092,0.6461064331509102,0.013178743647165989,301,1.0,1.0,1.0,1.0,1.0,1.0,0.0
0.003916740417480469,0.00022690525521741335,6.314570331573487,0.007798454784873495,15,9,5,uniform,"{'clf__leaf_size': 15, 'clf__n_neighbors': 9, 'clf__p': 5, 'clf__weights': 'uniform'}",0.6414997158283604,0.5755076494158241,0.6088944696909299,0.6082756057833939,0.6010681746165839,0.6070491230670185,0.021082643145865356,550,0.6774870938477097,0.6999176315226753,0.6971208206659627,0.7027772806767869,0.6870790624205317,0.6928763778267333,0.009338751021183908
0.004015493392944336,0.0005378152516038744,6.334476804733276,0.036495731257961274,15,9,5,distance,"{'clf__leaf_size': 15, 'clf__n_neighbors': 9, 'clf__p': 5, 'clf__weights': 'distance'}",0.6634931378757805,0.6013387980548998,0.6046154830221133,0.6140669117469613,0.6213610845795864,0.6209750830558682,0.022400343816925097,472,1.0,1.0,1.0,1.0,1.0,1.0,0.0
0.003919267654418945,0.00021469878857249553,0.09502091407775878,0.00031942999135324074,15,11,1,uniform,"{'clf__leaf_size': 15, 'clf__n_neighbors': 11, 'clf__p': 1, 'clf__weights': 'uniform'}",0.7137399556935023,0.7112423488572736,0.7377325447686955,0.6835469719363068,0.7261520570501823,0.7144827756611921,0.01813725442931336,34,0.7455991736511404,0.7584084833468925,0.757712702200028,0.7721101531920936,0.7295588360684877,0.7526778696917285,0.014285662508945958
0.0038043975830078123,0.00019570267204358478,0.09514923095703125,0.000396976811626913,15,11,1,distance,"{'clf__leaf_size': 15, 'clf__n_neighbors': 11, 'clf__p': 1, 'clf__weights': 'distance'}",0.7414956659724115,0.7062497073761507,0.7549681493827053,0.6833838081605811,0.7353773848161695,0.7242949431416037,0.02591865142999464,19,1.0,1.0,1.0,1.0,1.0,1.0,0.0
0.00395045280456543,0.00015685250825327887,0.011760139465332031,0.00047067758962189083,15,11,2,uniform,"{'clf__leaf_size': 15, 'clf__n_neighbors': 11, 'clf__p': 2, 'clf__weights': 'uniform'}",0.702844270926609,0.6679527646495275,0.708744131455399,0.6680325540436894,0.7264430757509013,0.6948033593652252,0.02322801537938361,91,0.7410807195651762,0.7403135183288008,0.7544181331396176,0.7505793497357416,0.7117081090900833,0.7396199659718838,0.014971843002983428
0.003841400146484375,0.00019238432297637067,0.011225318908691407,0.00010780070150446119,15,11,2,distance,"{'clf__leaf_size': 15, 'clf__n_neighbors': 11, 'clf__p': 2, 'clf__weights': 'distance'}",0.7257391686182669,0.6874265828705295,0.719440325648028,0.6729943687163621,0.7454780992669623,0.7102157090240298,0.02636012124561599,52,1.0,1.0,1.0,1.0,1.0,1.0,0.0
0.0038469791412353515,0.00011282541529657652,6.31310076713562,0.02222473381468417,15,11,3,uniform,"{'clf__leaf_size': 15, 'clf__n_neighbors': 11, 'clf__p': 3, 'clf__weights': 'uniform'}",0.6603569675527508,0.6503238600696228,0.6671257874350311,0.6492928215368561,0.6817455867248399,0.66176900466382,0.011969956403439922,232,0.7133167145394758,0.7168467677443173,0.7108814037877352,0.7200728097913955,0.6975463817554826,0.7117328155236813,0.007748503762614889
0.0038274288177490234,0.00014842230425323783,6.326057815551758,0.012120423433293847,15,11,3,distance,"{'clf__leaf_size': 15, 'clf__n_neighbors': 11, 'clf__p': 3, 'clf__weights': 'distance'}",0.6682145319017186,0.6698952662116914,0.666473618402154,0.6488462652862999,0.6850476066619522,0.6676954576927632,0.011515125835449912,205,1.0,1.0,1.0,1.0,1.0,1.0,0.0
0.004042291641235351,0.00026187107486876126,6.339350986480713,0.03279980626954846,15,11,4,uniform,"{'clf__leaf_size': 15, 'clf__n_neighbors': 11, 'clf__p': 4, 'clf__weights': 'uniform'}",0.628795564952114,0.616940114805727,0.6468014119124442,0.6356529406935763,0.6332050074397558,0.6322790079607234,0.009701104391486231,388,0.680849761189209,0.7041593432190123,0.6955831549868016,0.7047972890335958,0.6863884131675987,0.6943555923192435,0.009513494523353951
0.0038623809814453125,0.0001674047526063684,6.3414593696594235,0.017806051876758027,15,11,4,distance,"{'clf__leaf_size': 15, 'clf__n_neighbors': 11, 'clf__p': 4, 'clf__weights': 'distance'}",0.6404768642035197,0.639640227489517,0.6517904987712851,0.6546985299709858,0.6334172831245432,0.6440046807119701,0.007982033622452825,307,1.0,1.0,1.0,1.0,1.0,1.0,0.0
0.003995704650878906,5.800374671616463e-05,6.349111938476563,0.040040639942705646,15,11,5,uniform,"{'clf__leaf_size': 15, 'clf__n_neighbors': 11, 'clf__p': 5, 'clf__weights': 'uniform'}",0.6233467098896406,0.5826086622480924,0.6113115763546798,0.646807969098502,0.5968846633810316,0.6121919161943892,0.022058814301863402,520,0.6672220261158093,0.6785318565372567,0.6786835480147217,0.689935357317273,0.676321915702558,0.6781389407375237,0.007239986586597169
0.003909444808959961,7.971237013256991e-05,6.320575904846192,0.00964705807262565,15,11,5,distance,"{'clf__leaf_size': 15, 'clf__n_neighbors': 11, 'clf__p': 5, 'clf__weights': 'distance'}",0.6476906552094521,0.602309627781831,0.6347976831457007,0.6582080678249187,0.5935236928342912,0.6273059453592388,0.025269191446155623,418,1.0,1.0,1.0,1.0,1.0,1.0,0.0
0.004225635528564453,0.0007205756803186865,0.09533576965332032,0.0006123195785994854,15,13,1,uniform,"{'clf__leaf_size': 15, 'clf__n_neighbors': 13, 'clf__p': 1, 'clf__weights': 'uniform'}",0.7281162079912946,0.6912466168447754,0.7277908872736459,0.6867277745720485,0.7260298181350813,0.7119822609633693,0.01884307190939298,43,0.7354196024196493,0.7372072263136497,0.7491011592715631,0.763061899326161,0.7242115005307256,0.7418002775723498,0.01324034475591438
0.004381656646728516,0.0003752104614907257,0.1019585132598877,0.005606898028873705,15,13,1,distance,"{'clf__leaf_size': 15, 'clf__n_neighbors': 13, 'clf__p': 1, 'clf__weights': 'distance'}",0.7350410686288549,0.710503117032927,0.7470267535705917,0.7104877982212969,0.7304142558398827,0.7266945986587106,0.014294896932296746,16,1.0,1.0,1.0,1.0,1.0,1.0,0.0
0.004768466949462891,0.001008564208118161,0.013355779647827148,0.0022191753517212982,15,13,2,uniform,"{'clf__leaf_size': 15, 'clf__n_neighbors': 13, 'clf__p': 2, 'clf__weights': 'uniform'}",0.6863428626089997,0.6631738137611026,0.7005880718063542,0.6965464325197113,0.7313001353610813,0.6955902632114498,0.022079075761043516,88,0.726621791525919,0.7454404273923607,0.7402348393407135,0.7471699996372103,0.7099501654438068,0.733883444668002,0.013971185115863894
0.004746532440185547,0.0007539232875915557,0.012174081802368165,0.0003051756098865981,15,13,2,distance,"{'clf__leaf_size': 15, 'clf__n_neighbors': 13, 'clf__p': 2, 'clf__weights': 'distance'}",0.7282928957208143,0.6855120630735384,0.7077901873799333,0.6952939128726234,0.7522893772893773,0.7138356872672573,0.02395942531298714,40,1.0,1.0,1.0,1.0,1.0,1.0,0.0
0.004331445693969727,6.4341325376584e-05,6.301038360595703,0.011565946342873229,15,13,3,uniform,"{'clf__leaf_size': 15, 'clf__n_neighbors': 13, 'clf__p': 3, 'clf__weights': 'uniform'}",0.6326038953783155,0.6381718718506981,0.6582655090373212,0.6675420751245201,0.655850210917174,0.6504867124616058,0.013050767284104451,271,0.702200246501573,0.7111446219036812,0.7069298121159,0.7058456060441285,0.6902025497261886,0.7032645672582942,0.007126571728070871
0.004398918151855469,0.0004328636639954785,6.3038593292236325,0.012836457801431904,15,13,3,distance,"{'clf__leaf_size': 15, 'clf__n_neighbors': 13, 'clf__p': 3, 'clf__weights': 'distance'}",0.6289090909090909,0.6586564228235878,0.6527352864920922,0.6641891273670394,0.6635755752744774,0.6536131005732576,0.0130199615612662,262,1.0,1.0,1.0,1.0,1.0,1.0,0.0
0.0039160728454589845,0.00012203271853198538,6.3170253276824955,0.048374891142494304,15,13,4,uniform,"{'clf__leaf_size': 15, 'clf__n_neighbors': 13, 'clf__p': 4, 'clf__weights': 'uniform'}",0.6234058528855636,0.5770628005847838,0.652838693957115,0.656809956487969,0.6127273218288705,0.6245689251488604,0.02911038339718927,442,0.6695230801997303,0.6837759717103575,0.6827956715702734,0.6860397385221993,0.6769438078261607,0.6798156539657443,0.0059579933720303084
0.003924751281738281,0.00010235291551422548,6.357465648651123,0.06227015614292268,15,13,4,distance,"{'clf__leaf_size': 15, 'clf__n_neighbors': 13, 'clf__p': 4, 'clf__weights': 'distance'}",0.6421478851702633,0.5897754683498571,0.6530215540486272,0.6667884990253411,0.6195127487885665,0.6342492310765311,0.027087533243902315,373,1.0,1.0,1.0,1.0,1.0,1.0,0.0
0.003880739212036133,0.00011289465887850908,6.3250292301177975,0.019137868136057834,15,13,5,uniform,"{'clf__leaf_size': 15, 'clf__n_neighbors': 13, 'clf__p': 5, 'clf__weights': 'uniform'}",0.6060615524080163,0.5709930428876969,0.5869524141856621,0.6520362377022311,0.5896222807567726,0.6011331055880758,0.027775647332216515,574,0.64560956565322,0.6746762852936025,0.67541604165731,0.6678263169273203,0.6660518451512497,0.6659160109365405,0.010798263105364157
0.0038594722747802733,7.354885090910263e-05,6.322963619232178,0.01849146132622937,15,13,5,distance,"{'clf__leaf_size': 15, 'clf__n_neighbors': 13, 'clf__p': 5, 'clf__weights': 'distance'}",0.6337707974756168,0.6005705885614387,0.6126522169057916,0.6430842182813699,0.5909723531880611,0.6162100348824555,0.01962036209402093,490,1.0,1.0,1.0,1.0,1.0,1.0,0.0
0.004334354400634765,0.0005160836253461558,0.09524459838867187,0.0004080198182484994,15,15,1,uniform,"{'clf__leaf_size': 15, 'clf__n_neighbors': 15, 'clf__p': 1, 'clf__weights': 'uniform'}",0.7192854470632248,0.6932310787318106,0.7248803098466811,0.6948701097637268,0.7144339403199272,0.7093401771450741,0.012924677505600363,55,0.7303124611266831,0.733429821515771,0.7326777680310592,0.74963262201064,0.7231484269155503,0.7338402199199406,0.008691135769168147
0.004582738876342774,0.0007393243288078135,0.10236411094665528,0.005368511946531121,15,15,1,distance,"{'clf__leaf_size': 15, 'clf__n_neighbors': 15, 'clf__p': 1, 'clf__weights': 'distance'}",0.7276972187777488,0.6984086926555546,0.7400626584060828,0.6990042100425896,0.7208749250783639,0.7172095409920679,0.0163131687573426,28,1.0,1.0,1.0,1.0,1.0,1.0,0.0
0.0047267436981201175,0.0005544567788073078,0.014421463012695312,0.0011478316668511567,15,15,2,uniform,"{'clf__leaf_size': 15, 'clf__n_neighbors': 15, 'clf__p': 2, 'clf__weights': 'uniform'}",0.6846042868140624,0.6588412247963429,0.6944323397949641,0.6917522685421427,0.718657266291824,0.6896574772478672,0.019200788401628796,106,0.7139729069481249,0.7346387102690626,0.7312723565934576,0.7443139463556052,0.6969593191645167,0.7242314478661533,0.0167940401195994
0.00509028434753418,0.0007738488182139068,0.013948726654052734,0.001959400271831874,15,15,2,distance,"{'clf__leaf_size': 15, 'clf__n_neighbors': 15, 'clf__p': 2, 'clf__weights': 'distance'}",0.6958348048327728,0.6675263103437459,0.7134487771067713,0.6993770327188329,0.7384115386000478,0.7029196927204342,0.023177447375787537,64,1.0,1.0,1.0,1.0,1.0,1.0,0.0
0.0045300483703613285,0.0003442260528334508,6.3098491668701175,0.010024918150982741,15,15,3,uniform,"{'clf__leaf_size': 15, 'clf__n_neighbors': 15, 'clf__p': 3, 'clf__weights': 'uniform'}",0.6347680635825843,0.643512964280056,0.6581818660766029,0.6765351812813251,0.6597141577634189,0.6545424465967974,0.014396861138547401,259,0.6879085725972426,0.7033272735718388,0.6935029599827004,0.7075683117773106,0.687667908228656,0.6959950052315497,0.008107340009932467
0.004030799865722657,0.00012709571852322193,6.306892061233521,0.017488503220515504,15,15,3,distance,"{'clf__leaf_size': 15, 'clf__n_neighbors': 15, 'clf__p': 3, 'clf__weights': 'distance'}",0.6442319790301441,0.6487989407404127,0.6650362235126183,0.6673865208097574,0.6591617484121932,0.656923082501025,0.009026450133154257,250,1.0,1.0,1.0,1.0,1.0,1.0,0.0
0.004086208343505859,0.00041789627138745164,6.294534015655517,0.00705141168505661,15,15,4,uniform,"{'clf__leaf_size': 15, 'clf__n_neighbors': 15, 'clf__p': 4, 'clf__weights': 'uniform'}",0.6128134765131669,0.5870432897948252,0.6235762952979934,0.6665897463713869,0.615912608403288,0.6211870832761321,0.02581025439210468,469,0.6610876092148854,0.6704340146465384,0.6667494068211325,0.6635133035932503,0.6653333349666561,0.6654235338484926,0.003140707399991656
0.0038690090179443358,9.095753473110158e-05,6.301222896575927,0.00922119870077385,15,15,4,distance,"{'clf__leaf_size': 15, 'clf__n_neighbors': 15, 'clf__p': 4, 'clf__weights': 'distance'}",0.6177910734377704,0.6138136734317451,0.6329825134306764,0.6704545454545454,0.6190048946861413,0.6308093400881758,0.0208525196263922,403,1.0,1.0,1.0,1.0,1.0,1.0,0.0
0.004324817657470703,0.0009249066140158276,6.301976919174194,0.01009737630394687,15,15,5,uniform,"{'clf__leaf_size': 15, 'clf__n_neighbors': 15, 'clf__p': 5, 'clf__weights': 'uniform'}",0.5902437930598781,0.5606178405274947,0.5851976789768798,0.6302014710662345,0.5722798799724229,0.587708132720582,0.023623423414406174,634,0.6323070133932588,0.6543284829166995,0.6594226222102314,0.645827349904001,0.6560306906534868,0.6495832318155356,0.009731136713940611
0.004188966751098633,0.000415637411343017,6.3083899974822994,0.022442567512529064,15,15,5,distance,"{'clf__leaf_size': 15, 'clf__n_neighbors': 15, 'clf__p': 5, 'clf__weights': 'distance'}",0.6227384158359137,0.5945309730591989,0.6051718971341397,0.6328261423647451,0.5820108320551451,0.6074556520898284,0.018422412305928604,538,1.0,1.0,1.0,1.0,1.0,1.0,0.0
0.004044628143310547,0.00027626903851414337,0.09743118286132812,0.004424353282315351,15,17,1,uniform,"{'clf__leaf_size': 15, 'clf__n_neighbors': 17, 'clf__p': 1, 'clf__weights': 'uniform'}",0.7096842744383728,0.691139238970606,0.7119966819119361,0.6901628457630063,0.7238857855446796,0.7053737653257202,0.01295478459877422,61,0.7270103790998755,0.7227443785419874,0.7199288451794019,0.7301960151468413,0.7166816316246398,0.7233122499185493,0.004833164339203641
0.004119348526000976,0.00016281740052854745,0.09738678932189941,0.0011902791568733043,15,17,1,distance,"{'clf__leaf_size': 15, 'clf__n_neighbors': 17, 'clf__p': 1, 'clf__weights': 'distance'}",0.7172278338945005,0.694134994863757,0.7186258259953493,0.700277485988196,0.7243425294767871,0.710921734043718,0.0116132020317141,49,1.0,1.0,1.0,1.0,1.0,1.0,0.0
0.004353046417236328,0.00022040721568924052,0.013863801956176758,0.0015589908421406692,15,17,2,uniform,"{'clf__leaf_size': 15, 'clf__n_neighbors': 17, 'clf__p': 2, 'clf__weights': 'uniform'}",0.6756846468238391,0.651916169891719,0.6717378366314536,0.6939191066942352,0.7088652827826557,0.6804246085647805,0.019501957590129775,133,0.7024035155519994,0.72811018072645,0.7228479114417452,0.7411170359180423,0.685832695119404,0.7160622677515281,0.019592484009888295
0.004776573181152344,0.000465405417106465,0.014516401290893554,0.00281483550368909,15,17,2,distance,"{'clf__leaf_size': 15, 'clf__n_neighbors': 17, 'clf__p': 2, 'clf__weights': 'distance'}",0.6756846468238391,0.6549341392590206,0.6878647899046103,0.6993770327188329,0.7315999905446002,0.6898921198501806,0.0255246265927739,103,1.0,1.0,1.0,1.0,1.0,1.0,0.0
0.004668664932250976,0.0003838330138778596,6.336016225814819,0.020849018264143503,15,17,3,uniform,"{'clf__leaf_size': 15, 'clf__n_neighbors': 17, 'clf__p': 3, 'clf__weights': 'uniform'}",0.6376919189684773,0.6354377405371072,0.6508244459571894,0.6631179398687099,0.6283410703614438,0.6430826231385854,0.012378748214196133,313,0.6773297855446979,0.6870588240647832,0.6804281999022097,0.6903258532211076,0.6785116959645261,0.6827308717394649,0.005073270915887412
0.004160833358764648,0.00016644754906369445,6.270305204391479,0.10541489114401782,15,17,3,distance,"{'clf__leaf_size': 15, 'clf__n_neighbors': 17, 'clf__p': 3, 'clf__weights': 'distance'}",0.6482598613345375,0.6415469296606787,0.658609334361214,0.6590911611986083,0.6322572640513564,0.647952910121279,0.010247966870597243,286,1.0,1.0,1.0,1.0,1.0,1.0,0.0
0.004341316223144531,0.00016733787372592995,6.321050596237183,0.02950561386354335,15,17,4,uniform,"{'clf__leaf_size': 15, 'clf__n_neighbors': 17, 'clf__p': 4, 'clf__weights': 'uniform'}",0.6031217709229345,0.608183280665492,0.6026508602015014,0.6543983425837026,0.5978724978724979,0.6132453504492256,0.020833857033664117,505,0.6468158232873511,0.6652264277264277,0.6642975224320633,0.6498352493856594,0.6532677343119376,0.6558885514286878,0.007533024239940931
0.003971004486083984,0.0002690792801995649,6.334184741973877,0.04627320600575846,15,17,4,distance,"{'clf__leaf_size': 15, 'clf__n_neighbors': 17, 'clf__p': 4, 'clf__weights': 'distance'}",0.6230516926533665,0.6278358738036157,0.6130275084578347,0.651530573645035,0.6142581926514399,0.6259407682422584,0.013928468502273998,433,1.0,1.0,1.0,1.0,1.0,1.0,0.0
0.0045583248138427734,0.0006530766662591329,6.33319878578186,0.047291362232052145,15,17,5,uniform,"{'clf__leaf_size': 15, 'clf__n_neighbors': 17, 'clf__p': 5, 'clf__weights': 'uniform'}",0.6111729580753779,0.5659505952961097,0.5962419896246567,0.6479073266795201,0.5672803707381662,0.5977106480827661,0.030455869787054335,589,0.6297851088891472,0.6414537052971963,0.6425198273096205,0.6323426283235967,0.6350154310503656,0.6362233401739853,0.0049994451805187405
0.003857994079589844,0.0001436304917656942,6.334983777999878,0.04170307627374958,15,17,5,distance,"{'clf__leaf_size': 15, 'clf__n_neighbors': 17, 'clf__p': 5, 'clf__weights': 'distance'}",0.6237626114736343,0.5683571412809795,0.6087229538129839,0.6293904121163956,0.5791067362134066,0.60186797097948,0.02418636125302478,571,1.0,1.0,1.0,1.0,1.0,1.0,0.0
0.0039937496185302734,0.0001375210268601361,0.09593253135681153,0.0014586081520465517,15,19,1,uniform,"{'clf__leaf_size': 15, 'clf__n_neighbors': 19, 'clf__p': 1, 'clf__weights': 'uniform'}",0.7028616326868724,0.6460066581252137,0.6874649859943978,0.68261600142789,0.7095034536139806,0.6856905463696709,0.022132840782503625,118,0.7188759156580796,0.7170062969937655,0.7168905031402456,0.7322349773331591,0.6930382686901098,0.7156091923630719,0.012650126173799327
0.004537439346313477,0.0005523952489345516,0.1017310619354248,0.004923262526187714,15,19,1,distance,"{'clf__leaf_size': 15, 'clf__n_neighbors': 19, 'clf__p': 1, 'clf__weights': 'distance'}",0.7054212357251389,0.6715081429879353,0.6976392614909723,0.682628145567609,0.7228859616801769,0.6960165494903665,0.0178491343079976,85,1.0,1.0,1.0,1.0,1.0,1.0,0.0
0.004759025573730469,0.0004161931142992402,0.01478123664855957,0.002466600764557851,15,19,2,uniform,"{'clf__leaf_size': 15, 'clf__n_neighbors': 19, 'clf__p': 2, 'clf__weights': 'uniform'}",0.6815143586611422,0.658063974170739,0.6891734586114647,0.677004477004477,0.7016136089423879,0.6814739754780421,0.014372843039668012,124,0.6950178835285818,0.7186073287696249,0.7086812173927188,0.7372173814842364,0.6870682944971538,0.7093184211344632,0.01768963161546791
0.004482793807983399,8.823206450534312e-05,0.013822412490844727,0.0008711727525036111,15,19,2,distance,"{'clf__leaf_size': 15, 'clf__n_neighbors': 19, 'clf__p': 2, 'clf__weights': 'distance'}",0.6923558776167472,0.6606585621162224,0.7007004263124287,0.6859749739311783,0.7183726703614806,0.6916125020676114,0.018916541456651424,100,1.0,1.0,1.0,1.0,1.0,1.0,0.0
0.004399251937866211,0.00027690535256836294,6.318113183975219,0.02449805336256903,15,19,3,uniform,"{'clf__leaf_size': 15, 'clf__n_neighbors': 19, 'clf__p': 3, 'clf__weights': 'uniform'}",0.6234103598014887,0.6276862711662279,0.6384929950070795,0.6705618909571387,0.640931427481371,0.6402165888826612,0.016515310024731878,331,0.6700252870731079,0.6741770485941554,0.674664354075266,0.6764635382871325,0.6710624707801942,0.6732785397619713,0.0023818744646733766
0.0042629241943359375,0.00013714395400272618,6.304152202606201,0.01620760374753376,15,19,3,distance,"{'clf__leaf_size': 15, 'clf__n_neighbors': 19, 'clf__p': 3, 'clf__weights': 'distance'}",0.6405769555392197,0.6321129673965278,0.6521894723143992,0.6721701192522597,0.6543596106799022,0.6502818250364617,0.013591591205351127,274,1.0,1.0,1.0,1.0,1.0,1.0,0.0
0.0042514801025390625,0.0005420037681627369,6.298959159851075,0.017779741031129254,15,19,4,uniform,"{'clf__leaf_size': 15, 'clf__n_neighbors': 19, 'clf__p': 4, 'clf__weights': 'uniform'}",0.5960470572518765,0.581588510987972,0.6354324156855802,0.6346365088983553,0.5893464430306535,0.6074101871708875,0.023016065782634293,541,0.6376102246270122,0.6563593470994377,0.6519254160767726,0.6400275576324551,0.6530118131373107,0.6477868717145976,0.007505811048817535
0.004030656814575195,0.00025205602259783714,6.306846237182617,0.008845813765714526,15,19,4,distance,"{'clf__leaf_size': 15, 'clf__n_neighbors': 19, 'clf__p': 4, 'clf__weights': 'distance'}",0.6187578671328672,0.6078155639549495,0.6384220972491913,0.6424389628414611,0.6149580148934182,0.6244785012143774,0.013550061582397044,445,1.0,1.0,1.0,1.0,1.0,1.0,0.0
0.0038977146148681642,0.00016269460231590512,6.355888795852661,0.026918883533145276,15,19,5,uniform,"{'clf__leaf_size': 15, 'clf__n_neighbors': 19, 'clf__p': 5, 'clf__weights': 'uniform'}",0.5859665007958054,0.5600922953130713,0.5962584584941512,0.6316812940129323,0.5874552740313481,0.5922907645294616,0.023097515487145486,607,0.6309745908103598,0.6391365059979466,0.6352380657205127,0.6238219716508084,0.6239033777371593,0.6306149023833573,0.006087843857794777
0.003966903686523438,5.084940122386765e-05,6.345963621139527,0.013353610868468138,15,19,5,distance,"{'clf__leaf_size': 15, 'clf__n_neighbors': 19, 'clf__p': 5, 'clf__weights': 'distance'}",0.6062041933276994,0.5693934502847703,0.5974393685938755,0.62104782647587,0.5833290391523167,0.5954827755669063,0.017892540823287006,598,1.0,1.0,1.0,1.0,1.0,1.0,0.0
0.004100275039672851,0.00040237703487868104,0.09602537155151367,0.0006609194477646385,15,21,1,uniform,"{'clf__leaf_size': 15, 'clf__n_neighbors': 21, 'clf__p': 1, 'clf__weights': 'uniform'}",0.6926588950642248,0.6482901364643888,0.7062070423120668,0.6822695761347198,0.716577634637015,0.689200656922483,0.023547339675150856,109,0.7023922166015366,0.7172998144547114,0.7005824423456469,0.7290216748510057,0.6855646715083596,0.7069721639522519,0.014919292801307672
0.0039294719696044925,0.00013955970368623752,0.10265927314758301,0.004200951488520216,15,21,1,distance,"{'clf__leaf_size': 15, 'clf__n_neighbors': 21, 'clf__p': 1, 'clf__weights': 'distance'}",0.6987719191017036,0.6597263544379545,0.7061774255825526,0.6822695761347198,0.7333378282126286,0.6960566206939118,0.024534313990804045,82,1.0,1.0,1.0,1.0,1.0,1.0,0.0
0.004514026641845703,0.00037821301627356796,0.014134502410888672,0.0012892599385298292,15,21,2,uniform,"{'clf__leaf_size': 15, 'clf__n_neighbors': 21, 'clf__p': 2, 'clf__weights': 'uniform'}",0.6760135910928965,0.6495425010870971,0.6784372465889452,0.6778969822859984,0.7151690501580532,0.6794118742425981,0.020907167226673,148,0.6836291209533469,0.7135526367391263,0.7072981083459025,0.7216018416709487,0.682916253387681,0.7017995922194011,0.015793943965212744
0.004791641235351562,0.00027488562486659406,0.01440725326538086,0.0018035247671025012,15,21,2,distance,"{'clf__leaf_size': 15, 'clf__n_neighbors': 21, 'clf__p': 2, 'clf__weights': 'distance'}",0.6808189421092647,0.6419657379080664,0.679873120584583,0.6837605440503922,0.7136072088428064,0.6800051106990226,0.02276347031805563,139,1.0,1.0,1.0,1.0,1.0,1.0,0.0
0.004793500900268555,0.0005556163082038359,6.314395380020142,0.014743167068259438,15,21,3,uniform,"{'clf__leaf_size': 15, 'clf__n_neighbors': 21, 'clf__p': 3, 'clf__weights': 'uniform'}",0.6148890852921257,0.6103466325434814,0.6295120290883003,0.6803450076593851,0.642190253671562,0.635456601650971,0.02509654272689345,358,0.6619388111914843,0.6695009371684828,0.6583917664299177,0.6619270452120801,0.6649132444923602,0.663334360898865,0.0037115191715342446
0.0043060302734375,0.00036929316754557965,6.3191863059997555,0.01204600375287637,15,21,3,distance,"{'clf__leaf_size': 15, 'clf__n_neighbors': 21, 'clf__p': 3, 'clf__weights': 'distance'}",0.6330886825589681,0.606917000938971,0.6291915223104942,0.6775677750655802,0.6385053802619747,0.6370540722271977,0.022931434690981637,355,1.0,1.0,1.0,1.0,1.0,1.0,0.0
0.004381227493286133,0.0005377152353912678,6.330849075317383,0.012675689553484451,15,21,4,uniform,"{'clf__leaf_size': 15, 'clf__n_neighbors': 21, 'clf__p': 4, 'clf__weights': 'uniform'}",0.5908735845533417,0.5687306241020925,0.6082911895229781,0.657756358362569,0.5897244928984059,0.6030752498878774,0.030079582177256158,568,0.6373880889292984,0.6461900556872977,0.639478889654946,0.6310364994274219,0.6407720466759582,0.6389731160749845,0.004920942398606423
0.0038818359375,9.014058809006155e-05,6.306663560867309,0.008722452697732594,15,21,4,distance,"{'clf__leaf_size': 15, 'clf__n_neighbors': 21, 'clf__p': 4, 'clf__weights': 'distance'}",0.5994737181916432,0.5976521739130435,0.6266436147972095,0.6516754683767132,0.6023034982435598,0.6155496947044339,0.020891943798717075,493,1.0,1.0,1.0,1.0,1.0,1.0,0.0
0.003941154479980469,7.194232328169054e-05,6.338072109222412,0.047761204804853956,15,21,5,uniform,"{'clf__leaf_size': 15, 'clf__n_neighbors': 21, 'clf__p': 5, 'clf__weights': 'uniform'}",0.5857590784061372,0.542495675590675,0.6040632799882543,0.6399641721765488,0.5830900757870772,0.5910744563897385,0.03165695932596374,616,0.6163509034000817,0.6303086932447397,0.6239716682048376,0.6112313462550871,0.6318481190957632,0.6227421460401018,0.007937626859689578
0.003951501846313476,9.966140725828262e-05,6.335927867889405,0.03484642277432299,15,21,5,distance,"{'clf__leaf_size': 15, 'clf__n_neighbors': 21, 'clf__p': 5, 'clf__weights': 'distance'}",0.6033154808206438,0.550180398029373,0.593894075848963,0.6302934750716689,0.5814996857805363,0.591836623110237,0.02629456259471568,613,1.0,1.0,1.0,1.0,1.0,1.0,0.0
0.003868579864501953,0.00015954653513879116,0.09528417587280273,0.0004119971945246701,15,23,1,uniform,"{'clf__leaf_size': 15, 'clf__n_neighbors': 23, 'clf__p': 1, 'clf__weights': 'uniform'}",0.6902649737062847,0.64472087268901,0.7141336930455635,0.6822148043818349,0.7117902727075605,0.6886249233060507,0.025134342231453288,112,0.7046606545167787,0.7119620620934708,0.6924570498873905,0.720264094139887,0.6855372714747714,0.7029762264224597,0.012627138516465748
0.0039845466613769535,0.00018159994944864355,0.0972097396850586,0.0009202266998305211,15,23,1,distance,"{'clf__leaf_size': 15, 'clf__n_neighbors': 23, 'clf__p': 1, 'clf__weights': 'distance'}",0.6852321363100122,0.6561000108545442,0.712536611541271,0.6831673606712287,0.7229410100118587,0.691995425877783,0.023629334000857052,97,1.0,1.0,1.0,1.0,1.0,1.0,0.0
0.004975366592407227,0.0007153456218190493,0.01344594955444336,0.0008639411323772474,15,23,2,uniform,"{'clf__leaf_size': 15, 'clf__n_neighbors': 23, 'clf__p': 2, 'clf__weights': 'uniform'}",0.6717667618919717,0.630389119823878,0.6669343736319441,0.6901094276094276,0.6901986686344411,0.6698796703183325,0.021880787180354598,187,0.6830099916080286,0.7091898610970817,0.6955269276242424,0.7214454049238804,0.6892270739251235,0.6996798518356713,0.013918126044478944
0.004374933242797851,0.00019831464220313537,0.013323354721069335,0.0015250859241498786,15,23,2,distance,"{'clf__leaf_size': 15, 'clf__n_neighbors': 23, 'clf__p': 2, 'clf__weights': 'distance'}",0.6767768834175084,0.6388610712961473,0.6731465652954364,0.6873691084988155,0.6967687431140043,0.6745844743243824,0.019690730898720515,169,1.0,1.0,1.0,1.0,1.0,1.0,0.0
0.0041792869567871095,0.00038849071896813835,6.306989765167236,0.014901089693737152,15,23,3,uniform,"{'clf__leaf_size': 15, 'clf__n_neighbors': 23, 'clf__p': 3, 'clf__weights': 'uniform'}",0.6011388877943026,0.6180921167573341,0.6389801369532089,0.6584891731330828,0.6370959074392809,0.6307592444154418,0.019567866355588773,406,0.6522597598437606,0.6708960247152149,0.6549093690007367,0.6543511183597391,0.6563864287759712,0.6577605401390845,0.006699866486356915
0.003893470764160156,6.582038773976676e-05,6.332884883880615,0.028019183523250245,15,23,3,distance,"{'clf__leaf_size': 15, 'clf__n_neighbors': 23, 'clf__p': 3, 'clf__weights': 'distance'}",0.611927431514808,0.620608931831842,0.641951530806422,0.6613029257559245,0.6356641764340238,0.6342909992686041,0.0171903558052105,370,1.0,1.0,1.0,1.0,1.0,1.0,0.0
0.004148435592651367,0.000669440624278746,6.345071172714233,0.02254384326201596,15,23,4,uniform,"{'clf__leaf_size': 15, 'clf__n_neighbors': 23, 'clf__p': 4, 'clf__weights': 'uniform'}",0.5812875473899096,0.595887981367032,0.6010551703993883,0.6312900877540987,0.5866423971381763,0.5992326368097209,0.017451239950438586,586,0.635975370632906,0.6386721997554439,0.6274064668216669,0.6309321100377989,0.6332119928366292,0.6332396280168889,0.003907641125080282
0.0038811683654785155,2.5797463162136963e-05,6.311503124237061,0.01491871675927277,15,23,4,distance,"{'clf__leaf_size': 15, 'clf__n_neighbors': 23, 'clf__p': 4, 'clf__weights': 'distance'}",0.5841190373252629,0.6040950405299512,0.6309279016498268,0.6455967145563098,0.5978577336435378,0.6125192855409777,0.02247441462672011,517,1.0,1.0,1.0,1.0,1.0,1.0,0.0
0.004727649688720703,0.00062076816837886,6.327106475830078,0.014883809751655111,15,23,5,uniform,"{'clf__leaf_size': 15, 'clf__n_neighbors': 23, 'clf__p': 5, 'clf__weights': 'uniform'}",0.5767199877042396,0.5369154425055046,0.5916953943739658,0.596468511647083,0.5744893442104597,0.5752577360882505,0.020942558070956407,685,0.623293897646735,0.632397350228781,0.611543075704717,0.6098986069257902,0.6232155323282981,0.6200696925668643,0.008347659886016108
0.004533052444458008,0.0007124023105160181,6.335568618774414,0.019149859807715587,15,23,5,distance,"{'clf__leaf_size': 15, 'clf__n_neighbors': 23, 'clf__p': 5, 'clf__weights': 'distance'}",0.5867243853549253,0.5441739007453293,0.5949545275967649,0.6205545909651315,0.5779713684106416,0.5848757546145584,0.02482857193242084,640,1.0,1.0,1.0,1.0,1.0,1.0,0.0
0.0038913726806640626,0.00011960161500542182,0.09628591537475586,0.00047438334907859333,15,25,1,uniform,"{'clf__leaf_size': 15, 'clf__n_neighbors': 25, 'clf__p': 1, 'clf__weights': 'uniform'}",0.6802125789383854,0.6415258475037402,0.7149532710280374,0.6726440165091603,0.7042758671462894,0.6827223162251225,0.025723179999152173,121,0.698775486140193,0.7069839436245954,0.6958536162721404,0.718318929909839,0.6703724860092668,0.6980608923912068,0.015887350235223842
0.004063463211059571,0.00014400392178386855,0.09898433685302735,0.001529759825666715,15,25,1,distance,"{'clf__leaf_size': 15, 'clf__n_neighbors': 25, 'clf__p': 1, 'clf__weights': 'distance'}",0.6837578568241219,0.6499941787059652,0.729050097592713,0.6690598932618745,0.7042758671462894,0.6872275787061929,0.027452493747088382,115,1.0,1.0,1.0,1.0,1.0,1.0,0.0
0.004979276657104492,0.0006234571828457529,0.014185810089111328,0.0017584359939651602,15,25,2,uniform,"{'clf__leaf_size': 15, 'clf__n_neighbors': 25, 'clf__p': 2, 'clf__weights': 'uniform'}",0.6645722453646982,0.6388138985849399,0.6777337212587392,0.6810932837445746,0.6858173371701763,0.6696060972246257,0.016937043359274824,190,0.6770637405818838,0.7026585432795087,0.6960765020490292,0.7036425938473948,0.6785678775162837,0.6916018514548201,0.011562815866344781
0.004760169982910156,0.0002435971335004004,0.015531158447265625,0.001416876186564964,15,25,2,distance,"{'clf__leaf_size': 15, 'clf__n_neighbors': 25, 'clf__p': 2, 'clf__weights': 'distance'}",0.6797631985678607,0.6487354721290851,0.6766861221443541,0.6799957021929423,0.6873913377263131,0.674514366552111,0.013361733305108231,172,1.0,1.0,1.0,1.0,1.0,1.0,0.0
0.004583740234375,0.0002192314828133753,6.302094984054565,0.014412964476576843,15,25,3,uniform,"{'clf__leaf_size': 15, 'clf__n_neighbors': 25, 'clf__p': 3, 'clf__weights': 'uniform'}",0.5998750631616568,0.5954850199036246,0.6304115531104528,0.6496003773047322,0.6405330029967886,0.623181003295451,0.02173288019966543,460,0.6501396918422836,0.6621433809743853,0.6573294076032986,0.6606776885306038,0.6463562254434387,0.6553292788788021,0.0061071350017919265
0.004248189926147461,0.00028432734176959105,6.301039123535157,0.009175544335962325,15,25,3,distance,"{'clf__leaf_size': 15, 'clf__n_neighbors': 25, 'clf__p': 3, 'clf__weights': 'distance'}",0.604104174623556,0.6124240371503797,0.6453773553559187,0.6521595320102783,0.6441155667907554,0.6316361331861776,0.019457033306673345,397,1.0,1.0,1.0,1.0,1.0,1.0,0.0
0.0039034366607666017,0.00012435693680401625,6.295576477050782,0.012947990719686645,15,25,4,uniform,"{'clf__leaf_size': 15, 'clf__n_neighbors': 25, 'clf__p': 4, 'clf__weights': 'uniform'}",0.5850799885321101,0.5880294599018003,0.6285148443466173,0.63764243353937,0.5868992417258267,0.6052331936091448,0.02293751518332628,559,0.634568395073758,0.6369397899855446,0.6254190917787293,0.6210822344022217,0.637986440467377,0.631199190341526,0.006725104102464639
0.004732084274291992,0.000965864466588207,6.294660186767578,0.00905574887117558,15,25,4,distance,"{'clf__leaf_size': 15, 'clf__n_neighbors': 25, 'clf__p': 4, 'clf__weights': 'distance'}",0.5916125732788601,0.5952148828145033,0.6331180563991917,0.6458292584209292,0.5778498488768726,0.6087249239580714,0.026078268979978413,529,1.0,1.0,1.0,1.0,1.0,1.0,0.0
0.003898429870605469,1.9934074599830564e-05,6.30419955253601,0.0164701722792912,15,25,5,uniform,"{'clf__leaf_size': 15, 'clf__n_neighbors': 25, 'clf__p': 5, 'clf__weights': 'uniform'}",0.5716049755334336,0.5527684808985888,0.5787931715517516,0.5914257599587947,0.5817731916869847,0.5752731159259106,0.012926434445845188,682,0.6139159946267366,0.6168407730627546,0.6246293053204918,0.6068839212276399,0.6187333765073759,0.6162006741489998,0.005829026965071908
0.0038782596588134766,8.56200388329351e-05,6.37293004989624,0.026392427021281094,15,25,5,distance,"{'clf__leaf_size': 15, 'clf__n_neighbors': 25, 'clf__p': 5, 'clf__weights': 'distance'}",0.588697860257555,0.5420105417578388,0.5921716727472637,0.6016976757578262,0.5827549431374339,0.5814665387315835,0.020662170717450884,655,1.0,1.0,1.0,1.0,1.0,1.0,0.0
0.0038910865783691405,4.5278092381270706e-05,0.09620246887207032,0.0008687498867985712,15,27,1,uniform,"{'clf__leaf_size': 15, 'clf__n_neighbors': 27, 'clf__p': 1, 'clf__weights': 'uniform'}",0.6709524167801612,0.640844903696762,0.7165808285489137,0.6666181610401252,0.6973408187423784,0.6784674257616681,0.026157870844488958,157,0.6955421157476274,0.7042317216522126,0.6932414247334185,0.7098021525799304,0.6701191002893825,0.6945873030005142,0.013608250868193257
0.004052305221557617,0.00012475126334648108,0.09987220764160157,0.0015720858189620253,15,27,1,distance,"{'clf__leaf_size': 15, 'clf__n_neighbors': 27, 'clf__p': 1, 'clf__weights': 'distance'}",0.6744916243014908,0.6494490255616416,0.705735500601426,0.6639705842898564,0.7007195590786921,0.6788732587666214,0.02147517078192479,154,1.0,1.0,1.0,1.0,1.0,1.0,0.0
0.004719400405883789,0.0007954052959181899,0.01442561149597168,0.002762322796244412,15,27,2,uniform,"{'clf__leaf_size': 15, 'clf__n_neighbors': 27, 'clf__p': 2, 'clf__weights': 'uniform'}",0.6377521339995009,0.6235923169786842,0.6777634766723325,0.688891602480814,0.6801487965666606,0.6616296653395984,0.025936259095883044,238,0.674318654532186,0.6976182566893429,0.6862599764626753,0.6986743608325598,0.6661837261561678,0.6846109949345863,0.012768576775882069
0.00478672981262207,0.0005673496196285271,0.014562702178955078,0.001530909564817342,15,27,2,distance,"{'clf__leaf_size': 15, 'clf__n_neighbors': 27, 'clf__p': 2, 'clf__weights': 'distance'}",0.6622694111773524,0.6540470170369033,0.6898321592788058,0.6904617441382147,0.6779844180236693,0.6749189499309891,0.014622091320069048,166,1.0,1.0,1.0,1.0,1.0,1.0,0.0
0.004864835739135742,0.0005045579020330816,6.351030158996582,0.028517947338796583,15,27,3,uniform,"{'clf__leaf_size': 15, 'clf__n_neighbors': 27, 'clf__p': 3, 'clf__weights': 'uniform'}",0.6085282307055814,0.5972876560590187,0.6145011378608216,0.6707418029188363,0.6273031044916177,0.623672386407175,0.02544925669608045,451,0.6450837910112865,0.6632652734703794,0.6509273479833765,0.651510789250997,0.6487924947270258,0.6519159392886131,0.006105456603790826
0.004455280303955078,0.0006105017365541628,6.3119245052337645,0.007047132959379966,15,27,3,distance,"{'clf__leaf_size': 15, 'clf__n_neighbors': 27, 'clf__p': 3, 'clf__weights': 'distance'}",0.6156801546525635,0.612888781010412,0.6246687658227519,0.6695348817217727,0.6390161639999683,0.6323577494414938,0.02070157973595906,385,1.0,1.0,1.0,1.0,1.0,1.0,0.0
0.003967428207397461,5.821136940109736e-05,6.3335700035095215,0.02911084087310857,15,27,4,uniform,"{'clf__leaf_size': 15, 'clf__n_neighbors': 27, 'clf__p': 4, 'clf__weights': 'uniform'}",0.6096786367603808,0.574929505429882,0.6232011742944714,0.6415795272132538,0.6149170992796491,0.6128611885955274,0.021839534197963813,508,0.6298691173781847,0.6337800759149028,0.6248566709436753,0.6203593236181575,0.6319960957372406,0.6281722567184321,0.0049190192058950226
0.003879833221435547,7.429275951841672e-05,6.316839218139648,0.018737706895537946,15,27,4,distance,"{'clf__leaf_size': 15, 'clf__n_neighbors': 27, 'clf__p': 4, 'clf__weights': 'distance'}",0.6113540305010893,0.5881949181755506,0.623932590365402,0.6309486888378146,0.6083383115618805,0.6125537078883474,0.01469975318740304,514,1.0,1.0,1.0,1.0,1.0,1.0,0.0
0.003817176818847656,0.00010503388102333223,6.319155216217041,0.010563471033468634,15,27,5,uniform,"{'clf__leaf_size': 15, 'clf__n_neighbors': 27, 'clf__p': 5, 'clf__weights': 'uniform'}",0.5751836673655027,0.5265283225283476,0.5803383503861584,0.6184683163406568,0.5812477322644293,0.5763532777770191,0.029316913601854407,679,0.6112479665271167,0.6081457922774909,0.6107907678830008,0.6108302611757238,0.6142141157686555,0.6110457807263975,0.001928763296458328
0.004137229919433594,0.0005963685195521481,6.320695877075195,0.00953512344791664,15,27,5,distance,"{'clf__leaf_size': 15, 'clf__n_neighbors': 27, 'clf__p': 5, 'clf__weights': 'distance'}",0.5789279419059983,0.5422020770991023,0.5875245806824754,0.6114668351673518,0.5853188467231636,0.5810880563156182,0.02235613612326699,658,1.0,1.0,1.0,1.0,1.0,1.0,0.0
0.003956937789916992,8.801522731611008e-05,0.09646797180175781,0.0008603740145147574,15,29,1,uniform,"{'clf__leaf_size': 15, 'clf__n_neighbors': 29, 'clf__p': 1, 'clf__weights': 'uniform'}",0.6779936312091098,0.6145441821634363,0.711818923787009,0.658661321224726,0.6972432904768718,0.6720522697722305,0.03387557147804022,178,0.687004165057964,0.6980748142077943,0.6791282156886894,0.7045245260282497,0.6573581720641339,0.6852179786093663,0.01645895191097886
0.004091119766235352,0.0001481457617183439,0.09799232482910156,0.001089167223057411,15,29,1,distance,"{'clf__leaf_size': 15, 'clf__n_neighbors': 29, 'clf__p': 1, 'clf__weights': 'distance'}",0.6804760073020027,0.6271588940347858,0.720400432900433,0.6564701328690857,0.6972432904768718,0.6763497515166358,0.03227682817390115,160,1.0,1.0,1.0,1.0,1.0,1.0,0.0
0.00424346923828125,8.712933170513859e-05,0.012638235092163086,0.00014527856475957086,15,29,2,uniform,"{'clf__leaf_size': 15, 'clf__n_neighbors': 29, 'clf__p': 2, 'clf__weights': 'uniform'}",0.6538601381815259,0.6314628851540616,0.6762073329114469,0.6812540672228239,0.6762583732057417,0.66380855933512,0.01875253006261583,226,0.6595001385132202,0.6908510335146405,0.6758736462511906,0.6913454688354211,0.6600982814377949,0.6755337137104535,0.014000539584580992
0.004112434387207031,0.00013342747242391147,0.012674522399902344,0.00014152430459488533,15,29,2,distance,"{'clf__leaf_size': 15, 'clf__n_neighbors': 29, 'clf__p': 2, 'clf__weights': 'distance'}",0.6525997150997151,0.6403800650695061,0.6862255900979811,0.6884339344011071,0.6786616691130216,0.6692601947562661,0.01926384242180148,199,1.0,1.0,1.0,1.0,1.0,1.0,0.0
0.004317188262939453,0.0006344053910887997,6.296245670318603,0.011038619649555633,15,29,3,uniform,"{'clf__leaf_size': 15, 'clf__n_neighbors': 29, 'clf__p': 3, 'clf__weights': 'uniform'}",0.6213618251411624,0.5880073665436443,0.6269532308336178,0.6488858711080934,0.6325396825396825,0.62354959523324,0.020011844685003954,454,0.637349731136758,0.666852097846935,0.6628318518803631,0.6522856790682381,0.6431317895940537,0.6524902299052695,0.011225589916903218
0.0038399696350097656,6.364820530073508e-05,6.300265455245972,0.011352324068753712,15,29,3,distance,"{'clf__leaf_size': 15, 'clf__n_neighbors': 29, 'clf__p': 3, 'clf__weights': 'distance'}",0.6156801546525635,0.6016935892101795,0.6304685859949017,0.6660765284201482,0.6401690500761708,0.6308175816707928,0.021945904942701874,400,1.0,1.0,1.0,1.0,1.0,1.0,0.0
0.003886842727661133,4.502226653847907e-05,6.306602811813354,0.008438005414399942,15,29,4,uniform,"{'clf__leaf_size': 15, 'clf__n_neighbors': 29, 'clf__p': 4, 'clf__weights': 'uniform'}",0.5999296629423299,0.5765783619817998,0.6177883302577741,0.6290893727187045,0.6252507920914755,0.6097273039984167,0.01936850360323937,526,0.6131598949789941,0.6247684140377496,0.6207755548411488,0.6218208642935092,0.6239923396540107,0.6209034135610825,0.004130371334929847
0.004225444793701172,0.0006131773667136844,6.283708477020264,0.12325644083742043,15,29,4,distance,"{'clf__leaf_size': 15, 'clf__n_neighbors': 29, 'clf__p': 4, 'clf__weights': 'distance'}",0.6117212327102018,0.5743945323535744,0.6227752262984705,0.6311420524240354,0.6299309566782545,0.6139928000929074,0.020968717305748466,499,1.0,1.0,1.0,1.0,1.0,1.0,0.0
0.00432891845703125,0.0008375144064514824,6.304936075210572,0.011361985013129005,15,29,5,uniform,"{'clf__leaf_size': 15, 'clf__n_neighbors': 29, 'clf__p': 5, 'clf__weights': 'uniform'}",0.5674008640602313,0.5487906266064368,0.5953572931969107,0.6085815700382247,0.5794577453928599,0.5799176198589328,0.020908256368498034,664,0.605910505337784,0.6072405257681078,0.601664434234291,0.6027437055403034,0.614163165919069,0.6063444673599111,0.004404349818190504
0.003918933868408203,3.656610443280695e-05,6.360503244400024,0.05461980302605947,15,29,5,distance,"{'clf__leaf_size': 15, 'clf__n_neighbors': 29, 'clf__p': 5, 'clf__weights': 'distance'}",0.5712508142653384,0.5518878655691006,0.5891997851772288,0.6110957132298596,0.5694134521742813,0.5785695260831616,0.02010106215399496,676,1.0,1.0,1.0,1.0,1.0,1.0,0.0
0.0039214611053466795,3.955260034560417e-05,0.11553788185119629,0.037316145012131624,15,31,1,uniform,"{'clf__leaf_size': 15, 'clf__n_neighbors': 31, 'clf__p': 1, 'clf__weights': 'uniform'}",0.654711683749513,0.6257951543381535,0.7160073603828082,0.6670782392202731,0.6898692218357654,0.6706923319053025,0.03067704108362954,181,0.6825573691653284,0.692274713585336,0.6758597525291121,0.6964740078607833,0.6640912141923182,0.6822514114665756,0.011605933936419805
0.004222297668457031,0.0003018044954928842,0.10239028930664062,0.0013520164046224822,15,31,1,distance,"{'clf__leaf_size': 15, 'clf__n_neighbors': 31, 'clf__p': 1, 'clf__weights': 'distance'}",0.6745212920293565,0.6421170789413281,0.722616956917678,0.6596042622500015,0.7012031879218175,0.6800125556120363,0.02879894954364148,136,1.0,1.0,1.0,1.0,1.0,1.0,0.0
0.00532841682434082,0.0012399674507126985,0.01664886474609375,0.001934474857823437,15,31,2,uniform,"{'clf__leaf_size': 15, 'clf__n_neighbors': 31, 'clf__p': 2, 'clf__weights': 'uniform'}",0.6538847551014559,0.6216097830261137,0.6725576978749506,0.6747879991412623,0.6768888102386112,0.6599458090764788,0.02084611667427106,244,0.6588446121397221,0.6862612727518562,0.6674219843635598,0.6795403363795268,0.6513871385010591,0.6686910688271449,0.012840622740211204
0.004415559768676758,0.00027511918932973363,0.015005922317504883,0.00217935511358123,15,31,2,distance,"{'clf__leaf_size': 15, 'clf__n_neighbors': 31, 'clf__p': 2, 'clf__weights': 'distance'}",0.6500757607206609,0.625137492143306,0.6734629672067606,0.6756715469062823,0.6768888102386112,0.6602473154431243,0.020127890770826055,241,1.0,1.0,1.0,1.0,1.0,1.0,0.0
0.0045528411865234375,0.0001725439062031315,6.308536624908447,0.009079011626797796,15,31,3,uniform,"{'clf__leaf_size': 15, 'clf__n_neighbors': 31, 'clf__p': 3, 'clf__weights': 'uniform'}",0.6177626866326212,0.5878831095161257,0.6329354340534569,0.6534396955503513,0.6362784851188062,0.6256598821742723,0.022031144612745468,436,0.6384853110894471,0.6578115494564952,0.6565986130886464,0.6486357600824254,0.6435459624718353,0.6490154392377698,0.007427233829721324
0.004325389862060547,0.0003041317709969814,6.298920774459839,0.012994534553452735,15,31,3,distance,"{'clf__leaf_size': 15, 'clf__n_neighbors': 31, 'clf__p': 3, 'clf__weights': 'distance'}",0.6195252032347851,0.6110431481031869,0.6489059186427607,0.6578058326256156,0.6397230518598969,0.635400630893249,0.017597643910963554,361,1.0,1.0,1.0,1.0,1.0,1.0,0.0
0.003888845443725586,8.785380106967877e-05,6.297798824310303,0.018542692041959748,15,31,4,uniform,"{'clf__leaf_size': 15, 'clf__n_neighbors': 31, 'clf__p': 4, 'clf__weights': 'uniform'}",0.5963236413630114,0.581509168124126,0.6087963250224474,0.6342652441691178,0.6041575153664727,0.6050103788090351,0.017312852007290488,565,0.613502332454896,0.6224889499214592,0.6233947960910914,0.6145799419675512,0.6095845263829976,0.616710109363599,0.005360623349621041
0.003905487060546875,6.653670954743371e-05,6.303955030441284,0.008759134771747806,15,31,4,distance,"{'clf__leaf_size': 15, 'clf__n_neighbors': 31, 'clf__p': 4, 'clf__weights': 'distance'}",0.602585242830379,0.5749457404009034,0.6197006901412275,0.634019930286164,0.6046931191775043,0.6071889445672356,0.019715440654103532,547,1.0,1.0,1.0,1.0,1.0,1.0,0.0
0.003867340087890625,9.393164334265349e-05,6.302870750427246,0.009881738616400905,15,31,5,uniform,"{'clf__leaf_size': 15, 'clf__n_neighbors': 31, 'clf__p': 5, 'clf__weights': 'uniform'}",0.5475900070518618,0.5405501061785822,0.5849711742662995,0.6085480319478377,0.5915195562254386,0.574635775134004,0.026211562718259952,691,0.6080777767538417,0.6049273919971195,0.595737204477725,0.5912438892393583,0.6104513172038291,0.6020875159343747,0.0073730860283770724
0.0038897514343261717,9.15545224968813e-05,6.323765659332276,0.02347316498239794,15,31,5,distance,"{'clf__leaf_size': 15, 'clf__n_neighbors': 31, 'clf__p': 5, 'clf__weights': 'distance'}",0.5689828951088493,0.5453538681308869,0.5899617996604414,0.6142729831144466,0.5843366778149387,0.5805816447659126,0.02285922614182078,661,1.0,1.0,1.0,1.0,1.0,1.0,0.0
0.00401601791381836,0.00026404362387565843,0.09592175483703613,0.0004650853411896859,15,33,1,uniform,"{'clf__leaf_size': 15, 'clf__n_neighbors': 33, 'clf__p': 1, 'clf__weights': 'uniform'}",0.6456860620022262,0.6290261552231744,0.7176375761867626,0.6531947638313178,0.6774138715709874,0.6645916857628936,0.030758720199723665,223,0.6802937201475943,0.692710707408664,0.6762689252951113,0.6942133074545473,0.6675929383050178,0.682215919722187,0.010069469305101749
0.004161834716796875,0.0001044691341835945,0.09741253852844238,0.0006493799691767575,15,33,1,distance,"{'clf__leaf_size': 15, 'clf__n_neighbors': 33, 'clf__p': 1, 'clf__weights': 'distance'}",0.6760512285409408,0.6311512003901555,0.7176375761867626,0.659088728774621,0.6842647251738161,0.6736386918132592,0.02853602318617313,175,1.0,1.0,1.0,1.0,1.0,1.0,0.0
0.004185295104980469,0.0001744074260356433,0.014007902145385743,0.00070678137382015,15,33,2,uniform,"{'clf__leaf_size': 15, 'clf__n_neighbors': 33, 'clf__p': 2, 'clf__weights': 'uniform'}",0.6378482625031563,0.6171534479483283,0.672346963175514,0.679318835555106,0.6771407796328474,0.6567616577629903,0.02487393586833513,253,0.6536465325739338,0.6794831775253306,0.6612666918059219,0.6793988096001364,0.6447600917557379,0.6637110606522121,0.01386559789062635
0.004243326187133789,8.501799265869876e-05,0.014079618453979491,0.0004952250932279707,15,33,2,distance,"{'clf__leaf_size': 15, 'clf__n_neighbors': 33, 'clf__p': 2, 'clf__weights': 'distance'}",0.6452915728339458,0.6269985994397759,0.6838620349859336,0.6910295672257395,0.6904027545856515,0.6675169058142092,0.026379799642222368,208,1.0,1.0,1.0,1.0,1.0,1.0,0.0
0.0043544769287109375,0.00050469657626757,6.323117971420288,0.012070396172201564,15,33,3,uniform,"{'clf__leaf_size': 15, 'clf__n_neighbors': 33, 'clf__p': 3, 'clf__weights': 'uniform'}",0.6056821298131458,0.5988528881559761,0.6416920279918253,0.6848150501789315,0.6439359085139599,0.6349956009307678,0.03089441384503435,364,0.6292366343563223,0.6478261869709238,0.646969998498594,0.6427381641124962,0.6419459890505567,0.6417433945977786,0.006659841049571572
0.004036617279052734,0.00026375929203750173,6.319778108596802,0.007473466174083171,15,33,3,distance,"{'clf__leaf_size': 15, 'clf__n_neighbors': 33, 'clf__p': 3, 'clf__weights': 'distance'}",0.6235174260141729,0.6039840337996075,0.645213613900845,0.6797764776021054,0.6542294550769128,0.6413442012787287,0.02596774157789294,328,1.0,1.0,1.0,1.0,1.0,1.0,0.0
0.0041674613952636715,0.0005690664746488745,6.330378580093384,0.007013759401890688,15,33,4,uniform,"{'clf__leaf_size': 15, 'clf__n_neighbors': 33, 'clf__p': 4, 'clf__weights': 'uniform'}",0.5791199911169224,0.5398315524766244,0.61936567622699,0.6342316896639573,0.6003827743499182,0.5945863367668824,0.03303532233686725,601,0.6042472731395971,0.6190064527137081,0.6276740808540117,0.614477057887946,0.607477236221683,0.6145764201633892,0.008345938745313608
0.003933954238891602,3.072896405177396e-05,6.345220613479614,0.03544204481817488,15,33,4,distance,"{'clf__leaf_size': 15, 'clf__n_neighbors': 33, 'clf__p': 4, 'clf__weights': 'distance'}",0.5948024624172418,0.568255985177415,0.6228715981805566,0.6504302972026426,0.6040132863062014,0.6080747258568115,0.02753587562407493,532,1.0,1.0,1.0,1.0,1.0,1.0,0.0
0.0038963794708251954,0.0001034598846754446,6.339954805374146,0.02879618964556027,15,33,5,uniform,"{'clf__leaf_size': 15, 'clf__n_neighbors': 33, 'clf__p': 5, 'clf__weights': 'uniform'}",0.5431159939208494,0.5191766921883055,0.5832545140793279,0.6075315746368378,0.5883725098816223,0.5682902569413886,0.032289294358048885,706,0.5930708560600545,0.6031558608418957,0.594090635997805,0.5885252152104792,0.5962562509475,0.5950197638115469,0.004786766273265366
0.003965854644775391,0.000279848493033068,6.348867750167846,0.024629983469051497,15,33,5,distance,"{'clf__leaf_size': 15, 'clf__n_neighbors': 33, 'clf__p': 5, 'clf__weights': 'distance'}",0.5533507382487618,0.5255358676411308,0.5865194450175365,0.603809344227949,0.5869264738145008,0.5712283737899758,0.028104027501598853,694,1.0,1.0,1.0,1.0,1.0,1.0,0.0
0.0041176795959472655,0.0005069965876718551,0.09817023277282715,0.0014677465413070008,15,35,1,uniform,"{'clf__leaf_size': 15, 'clf__n_neighbors': 35, 'clf__p': 1, 'clf__weights': 'uniform'}",0.6356071077398511,0.6108041462084015,0.7024285128152669,0.6508734530960085,0.6834341660161333,0.6566294771751322,0.03283618673814763,256,0.671989534955593,0.6829405739071324,0.6737089853448688,0.6894394315557693,0.6637545330097552,0.6763666117546239,0.008937582510288157
0.004115390777587891,0.00024355427731561746,0.1004908561706543,0.0032728875320330963,15,35,1,distance,"{'clf__leaf_size': 15, 'clf__n_neighbors': 35, 'clf__p': 1, 'clf__weights': 'distance'}",0.670466228752584,0.6220141861814303,0.7144974952155804,0.6538698147669795,0.6923107041572003,0.6706316858147549,0.03174535568658704,184,1.0,1.0,1.0,1.0,1.0,1.0,0.0
0.004906463623046875,0.00022578354747602655,0.017271757125854492,0.001249076478647356,15,35,2,uniform,"{'clf__leaf_size': 15, 'clf__n_neighbors': 35, 'clf__p': 2, 'clf__weights': 'uniform'}",0.6421843853820598,0.6029191156922928,0.6737864912522634,0.6780731523378581,0.653503695135274,0.6500933679599497,0.02699564720117552,277,0.6424300365026941,0.6743318228576998,0.6563377936749486,0.6669882243250798,0.6439724096350006,0.6568120573990847,0.012509360981925448
0.005003690719604492,0.000629186946453956,0.015151405334472656,0.0008478152282585642,15,35,2,distance,"{'clf__leaf_size': 15, 'clf__n_neighbors': 35, 'clf__p': 2, 'clf__weights': 'distance'}",0.6596561367944892,0.6137236574845402,0.6737864912522634,0.6920057824273766,0.6862010739133826,0.6650746283744104,0.02797782184828636,217,1.0,1.0,1.0,1.0,1.0,1.0,0.0
0.004554128646850586,0.00023676045807041998,6.306914901733398,0.013761698495164324,15,35,3,uniform,"{'clf__leaf_size': 15, 'clf__n_neighbors': 35, 'clf__p': 3, 'clf__weights': 'uniform'}",0.6033428912105382,0.5737529408261115,0.6430993532093344,0.6826562302623392,0.6294546436078532,0.6264612118232353,0.0367594533677037,427,0.6209612068008813,0.6513024446118887,0.6325012023013752,0.6403788902714753,0.6347274229866621,0.6359742333944565,0.009933403344235786
0.003968715667724609,8.810513346147543e-05,6.296044921875,0.011230387069271324,15,35,3,distance,"{'clf__leaf_size': 15, 'clf__n_neighbors': 35, 'clf__p': 3, 'clf__weights': 'distance'}",0.6097020097020097,0.5924798393950665,0.6430993532093344,0.685257653307297,0.6371607557631179,0.6335399222753652,0.03172819988593913,376,1.0,1.0,1.0,1.0,1.0,1.0,0.0
0.0038347721099853517,8.674366489273064e-05,6.307896089553833,0.018461695918334946,15,35,4,uniform,"{'clf__leaf_size': 15, 'clf__n_neighbors': 35, 'clf__p': 4, 'clf__weights': 'uniform'}",0.5805289138415936,0.5443097014925373,0.6129946718734487,0.6116245397156063,0.6037236384666443,0.5906362930779661,0.025922941235740328,619,0.6011033825460351,0.6119018847220353,0.6267477399401457,0.6085590467106353,0.6086993445658713,0.6114022796969445,0.008452098791649314
0.003911924362182617,4.3856940472677195e-05,6.324389553070068,0.03200995294944675,15,35,4,distance,"{'clf__leaf_size': 15, 'clf__n_neighbors': 35, 'clf__p': 4, 'clf__weights': 'distance'}",0.5807678731870106,0.5754325619194315,0.6162727272727272,0.641011879691991,0.6121754558149676,0.6051320995772256,0.024235342532367112,562,1.0,1.0,1.0,1.0,1.0,1.0,0.0
0.0038834095001220705,5.911692396101244e-05,6.331798982620239,0.007331180959882182,15,35,5,uniform,"{'clf__leaf_size': 15, 'clf__n_neighbors': 35, 'clf__p': 5, 'clf__weights': 'uniform'}",0.5542506726381393,0.5256613272311212,0.576885857231277,0.5761263724099047,0.5809308366029062,0.5627710132226698,0.02077064574670942,724,0.5843610272397445,0.598669387567952,0.5997807728119651,0.5776673767894107,0.5915794215620781,0.59041159719423,0.008442285447284655
0.00441288948059082,0.0007245782642270092,6.338823890686035,0.025107996809838516,15,35,5,distance,"{'clf__leaf_size': 15, 'clf__n_neighbors': 35, 'clf__p': 5, 'clf__weights': 'distance'}",0.5619511540456281,0.53184551808888,0.5789882709973753,0.5911527697910677,0.5837750619282454,0.5695425549702393,0.02115411613757513,700,1.0,1.0,1.0,1.0,1.0,1.0,0.0
0.004094076156616211,0.00019890291410235952,0.09979524612426757,0.00395417274996063,15,37,1,uniform,"{'clf__leaf_size': 15, 'clf__n_neighbors': 37, 'clf__p': 1, 'clf__weights': 'uniform'}",0.6396071077398511,0.6108041462084015,0.6836979479817804,0.6508734530960085,0.6605059836439071,0.6490977277339898,0.02402892839305624,280,0.6622053451367201,0.6789162521572736,0.6698710417871602,0.679741415288391,0.6651183587738487,0.6711704826286787,0.007101383979929015
0.0040858745574951175,0.00020359107343157252,0.10183277130126953,0.004143149708852661,15,37,1,distance,"{'clf__leaf_size': 15, 'clf__n_neighbors': 37, 'clf__p': 1, 'clf__weights': 'distance'}",0.6601859655903843,0.6140618684681564,0.7025660685125213,0.6538698147669795,0.693695428086345,0.6648758290848773,0.03154777075813424,220,1.0,1.0,1.0,1.0,1.0,1.0,0.0
0.00472416877746582,0.0006473432551501322,0.01526179313659668,0.0008515341976918475,15,37,2,uniform,"{'clf__leaf_size': 15, 'clf__n_neighbors': 37, 'clf__p': 2, 'clf__weights': 'uniform'}",0.6334772617708501,0.595968388286787,0.6562294272547728,0.6615215278386969,0.6537440161535588,0.6401881242609331,0.02406915220750605,334,0.6436001738464519,0.6768148086868137,0.6503132654776155,0.6673941991640213,0.6430834162712834,0.6562411726892372,0.01353311484703437
0.005084562301635742,0.0007025052917146944,0.01577591896057129,0.0011491017494685628,15,37,2,distance,"{'clf__leaf_size': 15, 'clf__n_neighbors': 37, 'clf__p': 2, 'clf__weights': 'distance'}",0.6645172118434151,0.6165774830710019,0.6714533061626028,0.6608104594584555,0.675147311176723,0.6577011543424397,0.021169661428438517,247,1.0,1.0,1.0,1.0,1.0,1.0,0.0
0.00555872917175293,0.0008637747248534363,6.341884660720825,0.02249988784130677,15,37,3,uniform,"{'clf__leaf_size': 15, 'clf__n_neighbors': 37, 'clf__p': 3, 'clf__weights': 'uniform'}",0.5984750279860523,0.5686907717239552,0.6585015790660952,0.6681426487739257,0.6394888916115331,0.6266597838323122,0.03756088614720717,424,0.618885453927181,0.6530559618639359,0.6258335603750127,0.6419810902972574,0.6288115315317815,0.6337135195990337,0.01223501184285242
0.004594659805297852,0.00026356600134481767,6.3276434421539305,0.01666726963862009,15,37,3,distance,"{'clf__leaf_size': 15, 'clf__n_neighbors': 37, 'clf__p': 3, 'clf__weights': 'distance'}",0.6097020097020097,0.581155480927795,0.6585015790660952,0.6741376078446253,0.6353532039555662,0.6317699762992183,0.033380403236420095,394,1.0,1.0,1.0,1.0,1.0,1.0,0.0
0.004466199874877929,0.0004777142707030738,6.332377290725708,0.023045665126549254,15,37,4,uniform,"{'clf__leaf_size': 15, 'clf__n_neighbors': 37, 'clf__p': 4, 'clf__weights': 'uniform'}",0.5779121544268663,0.5505043950719822,0.5955024323943545,0.6109462251946035,0.605521503794609,0.5880773421764831,0.021897369458005144,628,0.5957855003029418,0.6132226596315786,0.6238894111050644,0.6010164521561581,0.606259800805145,0.6080347648001776,0.009805465338379877
0.004005146026611328,0.00015581659410089326,6.332434940338135,0.017942796223787215,15,37,4,distance,"{'clf__leaf_size': 15, 'clf__n_neighbors': 37, 'clf__p': 4, 'clf__weights': 'distance'}",0.5819335593200746,0.5631629423700474,0.5932150180994669,0.6272568801755422,0.6023058512729951,0.5935748502476252,0.021313107672787195,604,1.0,1.0,1.0,1.0,1.0,1.0,0.0
0.003948211669921875,5.576120761173178e-05,6.329881048202514,0.027806212017713498,15,37,5,uniform,"{'clf__leaf_size': 15, 'clf__n_neighbors': 37, 'clf__p': 5, 'clf__weights': 'uniform'}",0.5476484481938242,0.5327505230269903,0.574774743672027,0.5886078726761224,0.5725157665513989,0.5632594708240726,0.020175836632242903,721,0.5840775601257912,0.5954036307219995,0.599859396068649,0.5734259127523776,0.5892172029902409,0.5883967405318117,0.009208074114823966
0.003885173797607422,6.732707654470674e-05,6.324358940124512,0.005498404027724452,15,37,5,distance,"{'clf__leaf_size': 15, 'clf__n_neighbors': 37, 'clf__p': 5, 'clf__weights': 'distance'}",0.5541381489702799,0.5363788363879207,0.5848753380718543,0.5817886554040526,0.5775475365931686,0.5669457030854552,0.01872191603506929,709,1.0,1.0,1.0,1.0,1.0,1.0,0.0
0.00401148796081543,0.0002011000211740598,0.10027227401733399,0.0037969725413314662,15,39,1,uniform,"{'clf__leaf_size': 15, 'clf__n_neighbors': 39, 'clf__p': 1, 'clf__weights': 'uniform'}",0.6420641708575032,0.6008672422162125,0.6841248319658833,0.6385324673409083,0.6659524685840476,0.646308236192911,0.028140182613105764,298,0.6590795338567577,0.6821346078416674,0.666245901287379,0.6814618594804462,0.6588605537118188,0.6695564912356138,0.010344820265593704
0.004086065292358399,0.00020202214529777655,0.10123119354248047,0.0034161065075748883,15,39,1,distance,"{'clf__leaf_size': 15, 'clf__n_neighbors': 39, 'clf__p': 1, 'clf__weights': 'distance'}",0.6665136626364092,0.6168527883129653,0.6935490435490436,0.6477813216943651,0.6834989791080017,0.6616391590601569,0.02726797354734957,235,1.0,1.0,1.0,1.0,1.0,1.0,0.0
0.00425105094909668,0.00014951338400340076,0.015306758880615234,0.0027177639153936773,15,39,2,uniform,"{'clf__leaf_size': 15, 'clf__n_neighbors': 39, 'clf__p': 2, 'clf__weights': 'uniform'}",0.5968223673607703,0.595968388286787,0.6617612384497751,0.6663694951664876,0.6381402055849668,0.6318123389697574,0.030463953893512336,391,0.6375254375254376,0.6752470245313011,0.645505634967618,0.6616152746486352,0.6343024739326797,0.6508391691211344,0.015433937795574292
0.0042668342590332035,0.00013696640850226747,0.014989614486694336,0.0016261181350995166,15,39,2,distance,"{'clf__leaf_size': 15, 'clf__n_neighbors': 39, 'clf__p': 2, 'clf__weights': 'distance'}",0.6317794612199892,0.617157668294032,0.6726964251081471,0.6752116549812331,0.6415451304488737,0.647678068010455,0.022829323350495433,289,1.0,1.0,1.0,1.0,1.0,1.0,0.0
0.004034662246704101,0.0002315397019644291,6.2991925239562985,0.010136284935085222,15,39,3,uniform,"{'clf__leaf_size': 15, 'clf__n_neighbors': 39, 'clf__p': 3, 'clf__weights': 'uniform'}",0.6000903894493991,0.568223684800847,0.6449738713018337,0.6592044274929884,0.6316594164954821,0.62083035790811,0.03277302339568169,475,0.6141915933291326,0.6573950786265929,0.6189925636167671,0.6389575292876781,0.6279232858571162,0.6314920101434573,0.015459491009665313
0.0038756370544433595,3.919723258248641e-05,6.334668254852295,0.03649084727268017,15,39,3,distance,"{'clf__leaf_size': 15, 'clf__n_neighbors': 39, 'clf__p': 3, 'clf__weights': 'distance'}",0.5918182550161613,0.5735825288884396,0.6588223260724468,0.6663772610778887,0.6398187521686665,0.6260838246447206,0.03691756776244387,430,1.0,1.0,1.0,1.0,1.0,1.0,0.0
0.0038466453552246094,6.411412064620055e-05,6.3226179599761965,0.016449493266247475,15,39,4,uniform,"{'clf__leaf_size': 15, 'clf__n_neighbors': 39, 'clf__p': 4, 'clf__weights': 'uniform'}",0.5675566652896592,0.5598331103461063,0.5895400271952381,0.6235175913329227,0.6008227899284272,0.5882540368184707,0.022975098923535067,625,0.5970919852236761,0.6107658776987369,0.6193397542202199,0.5987537433285348,0.605952384608455,0.6063807490159246,0.00814617719005701
0.004083013534545899,0.0005173557165694692,6.31620831489563,0.00893747327730609,15,39,4,distance,"{'clf__leaf_size': 15, 'clf__n_neighbors': 39, 'clf__p': 4, 'clf__weights': 'distance'}",0.5786205168950286,0.5548553159964882,0.6019038783156494,0.6222791807097071,0.6029932786511734,0.5921304341136093,0.023213878685956944,610,1.0,1.0,1.0,1.0,1.0,1.0,0.0
0.003993844985961914,6.300796370614151e-05,6.318458080291748,0.018439143588766378,15,39,5,uniform,"{'clf__leaf_size': 15, 'clf__n_neighbors': 39, 'clf__p': 5, 'clf__weights': 'uniform'}",0.5495426691720222,0.5355640453296703,0.5569499819810715,0.593121012227052,0.5837750619282454,0.5637905541276124,0.021476441866736737,715,0.5732311840040555,0.5975183526727396,0.5981948867010196,0.5767198792433061,0.5887250113013764,0.5868778627844995,0.010335603363055338
0.003946447372436523,0.0002482739840099516,6.344752836227417,0.022059252413448686,15,39,5,distance,"{'clf__leaf_size': 15, 'clf__n_neighbors': 39, 'clf__p': 5, 'clf__weights': 'distance'}",0.5546464569470564,0.5365616610752798,0.5514077902609129,0.5827113222145699,0.5855726923543455,0.562179984570433,0.01896231689597886,727,1.0,1.0,1.0,1.0,1.0,1.0,0.0
0.004239130020141602,0.0004880823814456746,0.09688014984130859,0.0008794884571515112,15,41,1,uniform,"{'clf__leaf_size': 15, 'clf__n_neighbors': 41, 'clf__p': 1, 'clf__weights': 'uniform'}",0.6378869657494145,0.6077220105086898,0.6697166325658125,0.6264461508509127,0.647455175030832,0.6378453869411322,0.020714663621339,349,0.6530492594322476,0.6847954875361859,0.6565458750372418,0.6742034154824852,0.6470656848845664,0.6631319444745454,0.014107077045022171
0.0041487693786621095,0.00027034078201616004,0.1012911319732666,0.003781145073200068,15,41,1,distance,"{'clf__leaf_size': 15, 'clf__n_neighbors': 41, 'clf__p': 1, 'clf__weights': 'distance'}",0.6659818857504489,0.6203207221240352,0.689889162221178,0.6550579141251607,0.6796131237183869,0.6621725615878419,0.02403784010137164,229,1.0,1.0,1.0,1.0,1.0,1.0,0.0
0.004284048080444336,0.00028218804840104023,0.014469432830810546,0.0018155727955653706,15,41,2,uniform,"{'clf__leaf_size': 15, 'clf__n_neighbors': 41, 'clf__p': 2, 'clf__weights': 'uniform'}",0.6114181374756852,0.595968388286787,0.6492223643294601,0.6431543237464289,0.6366785903550609,0.6272883608386846,0.02026726606494624,421,0.6348155978075501,0.6659925869827048,0.6360118555162309,0.6498475362005943,0.6304877115394871,0.6434310576093134,0.013015334955012534
0.004491758346557617,0.0001826661273123755,0.015514707565307618,0.0014536433957318409,15,41,2,distance,"{'clf__leaf_size': 15, 'clf__n_neighbors': 41, 'clf__p': 2, 'clf__weights': 'distance'}",0.6203090375857292,0.617157668294032,0.6707868586797749,0.6807534863563697,0.6547175290943985,0.6487449160020609,0.025893710894199416,283,1.0,1.0,1.0,1.0,1.0,1.0,0.0
0.004329967498779297,0.00010588012065809588,6.311813926696777,0.023241998657439204,15,41,3,uniform,"{'clf__leaf_size': 15, 'clf__n_neighbors': 41, 'clf__p': 3, 'clf__weights': 'uniform'}",0.5913968898746911,0.5817267299744746,0.6300374621393273,0.634805282453366,0.6171989099130263,0.6110330548709771,0.02101781969163551,523,0.6164183822878686,0.6540490517250265,0.62415547991562,0.6312740529466115,0.6283198997247199,0.6308433733199693,0.012632222279787405
0.004059791564941406,0.000219275422019451,6.302748346328736,0.003160829071901636,15,41,3,distance,"{'clf__leaf_size': 15, 'clf__n_neighbors': 41, 'clf__p': 3, 'clf__weights': 'distance'}",0.6028086910439852,0.5810092277483583,0.63471742686888,0.6658295729511945,0.6240858505564388,0.6216901538337714,0.028758250676251953,463,1.0,1.0,1.0,1.0,1.0,1.0,0.0
0.0038537979125976562,9.651035658256723e-05,6.312410449981689,0.008770747034029438,15,41,4,uniform,"{'clf__leaf_size': 15, 'clf__n_neighbors': 41, 'clf__p': 4, 'clf__weights': 'uniform'}",0.5572198883544136,0.5744619384659829,0.5890752765752766,0.6124837977518174,0.5894729461587542,0.5845427694612491,0.018295979396988054,643,0.5934390743849652,0.6148800621606682,0.6153988309670128,0.5889928844647718,0.5934747855575498,0.6012371275069935,0.011468814965505541
0.0038994312286376952,5.928595221065982e-05,6.306415653228759,0.013423760665523324,15,41,4,distance,"{'clf__leaf_size': 15, 'clf__n_neighbors': 41, 'clf__p': 4, 'clf__weights': 'distance'}",0.5584806397306397,0.5641157080564784,0.6025054605413719,0.6115096454382168,0.5972154656937266,0.5867653838920867,0.021364771329393094,637,1.0,1.0,1.0,1.0,1.0,1.0,0.0
0.004207801818847656,0.0006495394732124218,6.318767118453979,0.019343905729769743,15,41,5,uniform,"{'clf__leaf_size': 15, 'clf__n_neighbors': 41, 'clf__p': 5, 'clf__weights': 'uniform'}",0.5533507382487618,0.5388569632755679,0.5545901034945883,0.5706104986974552,0.5909649537464985,0.5616746514925743,0.017764551325547252,730,0.5639547051877473,0.5931919122972198,0.5935098404039213,0.5698526309010186,0.5847162869063627,0.5810450751392539,0.012114003260604862
0.003945779800415039,0.00022276632761682348,6.360218334197998,0.02437296588644417,15,41,5,distance,"{'clf__leaf_size': 15, 'clf__n_neighbors': 41, 'clf__p': 5, 'clf__weights': 'distance'}",0.550935862539802,0.537595350386048,0.5703521496193636,0.5947682663207955,0.5776671406987939,0.5662637539129606,0.020080244281268644,712,1.0,1.0,1.0,1.0,1.0,1.0,0.0
0.004288768768310547,0.0005061806362474117,0.09747395515441895,0.0009060332338441215,15,43,1,uniform,"{'clf__leaf_size': 15, 'clf__n_neighbors': 43, 'clf__p': 1, 'clf__weights': 'uniform'}",0.6461245875856881,0.5831070029289817,0.6862391924227587,0.6363535416873052,0.6462749003984064,0.639619845004628,0.0330585391354796,340,0.651599598191253,0.6722350109995817,0.6525472810118053,0.6707607591287004,0.6496204979300338,0.6593526294522748,0.009972339967543363
0.004403495788574218,0.0003815772560677444,0.10359339714050293,0.0041568086996746955,15,43,1,distance,"{'clf__leaf_size': 15, 'clf__n_neighbors': 43, 'clf__p': 1, 'clf__weights': 'distance'}",0.6558104766833419,0.6037733607414117,0.6834881659085652,0.6455822119970327,0.6666349692665481,0.65105783691938,0.02676850773184432,268,1.0,1.0,1.0,1.0,1.0,1.0,0.0
0.004501199722290039,0.00020972155813226318,0.01654186248779297,0.002280586293238663,15,43,2,uniform,"{'clf__leaf_size': 15, 'clf__n_neighbors': 43, 'clf__p': 2, 'clf__weights': 'uniform'}",0.6143799964330952,0.5808322514727563,0.6446033436869937,0.632243891389652,0.6354521147301896,0.6215023195425374,0.02257617058459137,466,0.6204451999845627,0.66356554339595,0.6344817651540117,0.6389685406133331,0.6243948438889608,0.6363711786073637,0.01514542199625747
0.0045186042785644535,0.00019580170480395587,0.016496562957763673,0.0020169961738389177,15,43,2,distance,"{'clf__leaf_size': 15, 'clf__n_neighbors': 43, 'clf__p': 2, 'clf__weights': 'distance'}",0.6359496257519401,0.5924344321038905,0.6538111389008181,0.6602973398086179,0.6432455113935645,0.6371476095917663,0.02388083344807625,352,1.0,1.0,1.0,1.0,1.0,1.0,0.0
0.004255056381225586,0.0003005848844745345,6.316288232803345,0.014493159756682273,15,43,3,uniform,"{'clf__leaf_size': 15, 'clf__n_neighbors': 43, 'clf__p': 3, 'clf__weights': 'uniform'}",0.6024415831700374,0.5780614400386264,0.6402429406766955,0.6575799862654294,0.6097016999424286,0.6176055300186435,0.028165796206662458,484,0.6219310450733033,0.6483866046799733,0.6224361871447281,0.6290206622928626,0.6192252034972119,0.6281999405376159,0.010594723232409408
0.004097652435302734,0.0003661801528905847,6.313384962081909,0.00901599187377657,15,43,3,distance,"{'clf__leaf_size': 15, 'clf__n_neighbors': 43, 'clf__p': 3, 'clf__weights': 'distance'}",0.6024415831700374,0.5756491710524236,0.6492891818176829,0.6752193008736084,0.613713228412658,0.623262493065282,0.03512442336158022,457,1.0,1.0,1.0,1.0,1.0,1.0,0.0
0.00412297248840332,0.0006135661995161513,6.33709077835083,0.02289322901011672,15,43,4,uniform,"{'clf__leaf_size': 15, 'clf__n_neighbors': 43, 'clf__p': 4, 'clf__weights': 'uniform'}",0.5567360724674278,0.5599310211243314,0.5917358104858105,0.6145967537696874,0.5945550222724136,0.5835109360239341,0.02204020948648948,646,0.5910636396167326,0.6077474297233386,0.61174592037243,0.5845776217548694,0.5951241267907124,0.5980517476516166,0.010202875122603322
0.00412144660949707,0.00043185774379396615,6.337213563919067,0.03577993554075673,15,43,4,distance,"{'clf__leaf_size': 15, 'clf__n_neighbors': 43, 'clf__p': 4, 'clf__weights': 'distance'}",0.5683805810728555,0.5563550864538721,0.5886472849747948,0.6182897710436437,0.6074771858533495,0.5878299818797031,0.02316647404356316,631,1.0,1.0,1.0,1.0,1.0,1.0,0.0
0.00392303466796875,5.6235377387861236e-05,6.332758092880249,0.028395877344635098,15,43,5,uniform,"{'clf__leaf_size': 15, 'clf__n_neighbors': 43, 'clf__p': 5, 'clf__weights': 'uniform'}",0.55890446867595,0.54110992243874,0.5574398534340711,0.5574158046814296,0.5817603625671867,0.5593260823594755,0.012980833479868073,736,0.5644408418560617,0.5897556164860478,0.5942398510224322,0.5666858351765944,0.5758393227486045,0.5781922934579481,0.011985591497595732
0.0042171478271484375,0.0005661582379706882,6.3267289161682125,0.008237359541852642,15,43,5,distance,"{'clf__leaf_size': 15, 'clf__n_neighbors': 43, 'clf__p': 5, 'clf__weights': 'distance'}",0.5620876287576951,0.5388357841606181,0.5791461939242313,0.5764434241265055,0.5909649537464985,0.5694955969431097,0.017873117907668688,703,1.0,1.0,1.0,1.0,1.0,1.0,0.0
0.004043960571289062,0.0002802629858149791,0.09835939407348633,0.0032264050904376937,15,45,1,uniform,"{'clf__leaf_size': 15, 'clf__n_neighbors': 45, 'clf__p': 1, 'clf__weights': 'uniform'}",0.6425623317677434,0.5837822840515583,0.6800130261690308,0.6358020612823514,0.6576635382500351,0.6399646483041439,0.031930099962345235,337,0.6408735473760068,0.6734398867247262,0.6450045616612303,0.669284471810077,0.6402181334373884,0.6537641202018858,0.014521760177978495
0.004444313049316406,0.0006524051321277932,0.100030517578125,0.0035249244266454256,15,45,1,distance,"{'clf__leaf_size': 15, 'clf__n_neighbors': 45, 'clf__p': 1, 'clf__weights': 'distance'}",0.6496784778601234,0.5842852393617022,0.6862659738153809,0.6352334541714572,0.6684916375098382,0.6447909565437004,0.03480826012275455,304,1.0,1.0,1.0,1.0,1.0,1.0,0.0
0.0043259143829345705,0.0002961884822686,0.01601829528808594,0.002356819539615713,15,45,2,uniform,"{'clf__leaf_size': 15, 'clf__n_neighbors': 45, 'clf__p': 2, 'clf__weights': 'uniform'}",0.6083909370199693,0.5709850043542882,0.6447953298462327,0.6396489121395444,0.6244236883942766,0.6176487743508623,0.0265708711961739,481,0.6198521761114603,0.6564972208731314,0.6262073669340132,0.6340325610152682,0.6237850282308595,0.6320748706329464,0.013060069609012823
0.004257059097290039,0.0002124580907560803,0.01575479507446289,0.002277664492754764,15,45,2,distance,"{'clf__leaf_size': 15, 'clf__n_neighbors': 45, 'clf__p': 2, 'clf__weights': 'distance'}",0.6297726239095182,0.5965327927596281,0.6543794835007173,0.6682336294977766,0.6456998902524194,0.6389236839840119,0.024595126246461856,346,1.0,1.0,1.0,1.0,1.0,1.0,0.0
0.004239273071289062,0.00019408241219669487,6.306873083114624,0.009529416661539628,15,45,3,uniform,"{'clf__leaf_size': 15, 'clf__n_neighbors': 45, 'clf__p': 3, 'clf__weights': 'uniform'}",0.5813403537467264,0.55746897386742,0.6169283903347649,0.6589597764259306,0.61237288272172,0.6054140754193124,0.03442796357998776,556,0.6149067667092181,0.6388559538275139,0.6245513003643856,0.6171092515653516,0.6204436985686985,0.6231733942070337,0.008490035289357049
0.003924703598022461,7.166603918734751e-05,6.317724323272705,0.02348180453056412,15,45,3,distance,"{'clf__leaf_size': 15, 'clf__n_neighbors': 45, 'clf__p': 3, 'clf__weights': 'distance'}",0.6028086910439852,0.5612012987012986,0.6367809275218203,0.6492788993951785,0.6163260883385528,0.6132791810001671,0.030591935025670307,502,1.0,1.0,1.0,1.0,1.0,1.0,0.0
0.003945350646972656,0.00012676615182815156,6.328427124023437,0.028464380032256882,15,45,4,uniform,"{'clf__leaf_size': 15, 'clf__n_neighbors': 45, 'clf__p': 4, 'clf__weights': 'uniform'}",0.5566805153731793,0.5493220674674163,0.6098935786435786,0.6080367131578859,0.5741817811599006,0.5796229311603922,0.02528935745515867,667,0.5877557805476503,0.6070301630117457,0.6014778786297861,0.5772232618667734,0.5908631229163026,0.5928700413944517,0.010484359794106654
0.004240846633911133,0.0006208924377024364,6.366180086135865,0.0692638974221925,15,45,4,distance,"{'clf__leaf_size': 15, 'clf__n_neighbors': 45, 'clf__p': 4, 'clf__weights': 'distance'}",0.5695783432398146,0.5493220674674163,0.6079330887639024,0.6137672050853981,0.6019421832383276,0.5885085775589719,0.024858431190046614,622,1.0,1.0,1.0,1.0,1.0,1.0,0.0
0.004362821578979492,0.0008367468154512805,6.36344165802002,0.03495042372863898,15,45,5,uniform,"{'clf__leaf_size': 15, 'clf__n_neighbors': 45, 'clf__p': 5, 'clf__weights': 'uniform'}",0.5375505861979382,0.5449205166418282,0.5642389243752486,0.5644064379196692,0.5747673936233259,0.5571767717516021,0.01376208559134874,739,0.5605431716412621,0.5819162333998154,0.5795060366276519,0.5588885194417981,0.576570411057356,0.5714848744335768,0.009771427681278104
0.003969526290893555,0.00043057742171967163,6.2396533489227295,0.356258889830454,15,45,5,distance,"{'clf__leaf_size': 15, 'clf__n_neighbors': 45, 'clf__p': 5, 'clf__weights': 'distance'}",0.5444158556679797,0.5426822945208366,0.5586592581952703,0.5903569364422685,0.5823986922001771,0.5637026074053064,0.019489815600257955,718,1.0,1.0,1.0,1.0,1.0,1.0,0.0
0.00400233268737793,0.00016826616504294787,0.09698801040649414,0.0007201094513646086,15,47,1,uniform,"{'clf__leaf_size': 15, 'clf__n_neighbors': 47, 'clf__p': 1, 'clf__weights': 'uniform'}",0.6472243859970674,0.5734907148953956,0.6731210192562849,0.6253167929464931,0.6476480150293049,0.6333601856249093,0.03354498979973517,379,0.6367629870654065,0.6715148893895322,0.6479510351303182,0.6628964877019111,0.6356585122996603,0.6509567823173656,0.014210754634445093
0.00444941520690918,0.0005528947185332555,0.09993515014648438,0.001990024209514936,15,47,1,distance,"{'clf__leaf_size': 15, 'clf__n_neighbors': 47, 'clf__p': 1, 'clf__weights': 'distance'}",0.6521436245797664,0.5864489488872783,0.6819187497621997,0.6358020612823514,0.6574162792903899,0.6427459327603972,0.03179815408168356,316,1.0,1.0,1.0,1.0,1.0,1.0,0.0
0.004237318038940429,0.0005012908693785615,0.014007949829101562,0.0007352346962344871,15,47,2,uniform,"{'clf__leaf_size': 15, 'clf__n_neighbors': 47, 'clf__p': 2, 'clf__weights': 'uniform'}",0.5987331489490548,0.5700726855929993,0.6386624340571709,0.6357808650279884,0.6205327570217276,0.6127563781297882,0.02561355642834308,511,0.6249924410868453,0.6562335324387659,0.6294096874597679,0.6322947896349959,0.6240226775047154,0.6333906256250181,0.011807921683480363
0.0040032386779785155,0.00011703689995013778,0.014612770080566407,0.0008306900824046747,15,47,2,distance,"{'clf__leaf_size': 15, 'clf__n_neighbors': 47, 'clf__p': 2, 'clf__weights': 'distance'}",0.6106754541139923,0.6000334289371936,0.6471911491869474,0.6714147387011767,0.6342323083377085,0.6327094158554037,0.02554743591633081,382,1.0,1.0,1.0,1.0,1.0,1.0,0.0
0.004135894775390625,0.0002098820513541285,6.309072542190552,0.008538488485071084,15,47,3,uniform,"{'clf__leaf_size': 15, 'clf__n_neighbors': 47, 'clf__p': 3, 'clf__weights': 'uniform'}",0.5819965034566804,0.5521853686092052,0.6148126813449394,0.6494054283875712,0.6037507733755199,0.6004301510347831,0.032507906413547845,583,0.6081515074485071,0.6344138754763545,0.6190984551307208,0.6065658889298982,0.6081553609305691,0.61527701758321,0.010565958219909279
0.004362583160400391,0.0005736948118581302,6.313759183883667,0.01574562777980312,15,47,3,distance,"{'clf__leaf_size': 15, 'clf__n_neighbors': 47, 'clf__p': 3, 'clf__weights': 'distance'}",0.5819965034566804,0.5582531759602825,0.6125584361237869,0.6387050315621744,0.61237288272172,0.6007772059649288,0.027830864063404293,577,1.0,1.0,1.0,1.0,1.0,1.0,0.0
0.0038797855377197266,0.00011365061308958597,6.297604894638061,0.011012850483650926,15,47,4,uniform,"{'clf__leaf_size': 15, 'clf__n_neighbors': 47, 'clf__p': 4, 'clf__weights': 'uniform'}",0.5437056124712867,0.5527385729303819,0.590790276905658,0.6056581913792384,0.581838833848678,0.5749462975070486,0.023284856014146427,688,0.585402316225291,0.5942104282289016,0.598523464758483,0.5744345235868312,0.5849344921705322,0.5875010449940078,0.008345482590976987
0.004254961013793945,0.000686675335977967,6.305860280990601,0.009692557997384898,15,47,4,distance,"{'clf__leaf_size': 15, 'clf__n_neighbors': 47, 'clf__p': 4, 'clf__weights': 'distance'}",0.548253367003367,0.5490803053043724,0.6109984618847539,0.621350909883292,0.5865385366615883,0.5832443161474747,0.030413165371074143,649,1.0,1.0,1.0,1.0,1.0,1.0,0.0
0.0039045333862304686,9.093415879980834e-05,6.305448293685913,0.01340048890358489,15,47,5,uniform,"{'clf__leaf_size': 15, 'clf__n_neighbors': 47, 'clf__p': 5, 'clf__weights': 'uniform'}",0.534343038860527,0.555789344304361,0.5653301305903154,0.5681090314913844,0.5540504491119066,0.5555243988716988,0.011877862506440164,742,0.5469689033444752,0.5740461640555258,0.5700754595738665,0.5599273329245952,0.5703944430529445,0.5642824605902814,0.009848568156774642
0.0038784027099609377,5.5853571029641875e-05,6.298407745361328,0.01153179077187723,15,47,5,distance,"{'clf__leaf_size': 15, 'clf__n_neighbors': 47, 'clf__p': 5, 'clf__weights': 'distance'}",0.5306905723744637,0.555789344304361,0.5663700128700129,0.579261457026272,0.5647118657723529,0.5593646504694925,0.016177368721704454,733,1.0,1.0,1.0,1.0,1.0,1.0,0.0
0.003994798660278321,0.0002465143238397446,0.10071282386779785,0.004391187671881756,15,49,1,uniform,"{'clf__leaf_size': 15, 'clf__n_neighbors': 49, 'clf__p': 1, 'clf__weights': 'uniform'}",0.6343351588003995,0.5592393474862464,0.6817715844045544,0.6222186383149507,0.6517234516648625,0.6298576361342028,0.04059191323973906,409,0.6346009943905712,0.6658827352667332,0.647491248708195,0.662346297275029,0.6328896373661423,0.6486421826013341,0.013650360521109978
0.004111623764038086,0.00022649788103593804,0.10062012672424317,0.0023869836631633017,15,49,1,distance,"{'clf__leaf_size': 15, 'clf__n_neighbors': 49, 'clf__p': 1, 'clf__weights': 'distance'}",0.648692258423045,0.5756860481701512,0.6819860668100785,0.6222186383149507,0.6667357309088311,0.6390637485254114,0.037419948848524884,343,1.0,1.0,1.0,1.0,1.0,1.0,0.0
0.004283237457275391,0.000303360015008477,0.01601548194885254,0.0027944454275304047,15,49,2,uniform,"{'clf__leaf_size': 15, 'clf__n_neighbors': 49, 'clf__p': 2, 'clf__weights': 'uniform'}",0.5973214950487677,0.5865007463755575,0.6316354444784873,0.6419530672579453,0.6259653034913288,0.6166752113304173,0.021138349309812985,487,0.6145938760705736,0.6535721092596569,0.6241327209218436,0.6374946524064171,0.6195058695602371,0.6298598456437456,0.014096923958232215
0.004147720336914062,0.00037182862700686867,0.015505695343017578,0.0021460745623133846,15,49,2,distance,"{'clf__leaf_size': 15, 'clf__n_neighbors': 49, 'clf__p': 2, 'clf__weights': 'distance'}",0.6162105382693618,0.5971243090084237,0.6339973996170208,0.6583189046420295,0.6420734931978164,0.6295449289469304,0.021135910988163583,412,1.0,1.0,1.0,1.0,1.0,1.0,0.0
0.0041065216064453125,0.0002870977092571809,6.356185960769653,0.03260180804241363,15,49,3,uniform,"{'clf__leaf_size': 15, 'clf__n_neighbors': 49, 'clf__p': 3, 'clf__weights': 'uniform'}",0.578160930713951,0.5582531759602825,0.6164574966532798,0.6426732855304284,0.607327824874938,0.6005745427465758,0.029541994784705084,580,0.5938582681858443,0.6240169568019601,0.6148373072061931,0.6043882131365182,0.6103950512377376,0.6094991593136507,0.01010766179955879
0.003894472122192383,7.596819596242598e-05,6.323025417327881,0.01181128599046122,15,49,3,distance,"{'clf__leaf_size': 15, 'clf__n_neighbors': 49, 'clf__p': 3, 'clf__weights': 'distance'}",0.590024173984351,0.55746897386742,0.6262514266630946,0.6421198188571888,0.6201421076246713,0.6072013001993452,0.03006004892794865,544,1.0,1.0,1.0,1.0,1.0,1.0,0.0
0.004205131530761718,0.000709628485300155,6.324385643005371,0.015318656104990912,15,49,4,uniform,"{'clf__leaf_size': 15, 'clf__n_neighbors': 49, 'clf__p': 4, 'clf__weights': 'uniform'}",0.5542265382331781,0.5456690912260085,0.590256352590577,0.5798958219495676,0.5795141958935063,0.5699123999785675,0.01696775698134696,697,0.5768831790528873,0.5969231500415113,0.5938276376014964,0.566729730692094,0.5829605317621918,0.5834648458300361,0.011064810477110623
0.003896474838256836,9.828295168147105e-05,6.334665203094483,0.03395490557803177,15,49,4,distance,"{'clf__leaf_size': 15, 'clf__n_neighbors': 49, 'clf__p': 4, 'clf__weights': 'distance'}",0.5675128252478784,0.5479465274113698,0.5966476833976834,0.610816607438566,0.5926610828784742,0.5831169452747943,0.022458359580510557,652,1.0,1.0,1.0,1.0,1.0,1.0,0.0
0.004209184646606445,0.0005461745056240826,6.3187854290008545,0.009387989001301321,15,49,5,uniform,"{'clf__leaf_size': 15, 'clf__n_neighbors': 49, 'clf__p': 5, 'clf__weights': 'uniform'}",0.5266883949215784,0.5373985655152258,0.5417794059526343,0.5614675540048674,0.5573613184557307,0.5449390477700072,0.012864158470633236,748,0.5513317906289883,0.5668231036964204,0.5772767296512333,0.5577083590419558,0.568353863083569,0.5642987692204334,0.008975740056847486
0.003994560241699219,0.0004777033472581774,6.35185489654541,0.03947451316761132,15,49,5,distance,"{'clf__leaf_size': 15, 'clf__n_neighbors': 49, 'clf__p': 5, 'clf__weights': 'distance'}",0.5236883402136672,0.54872124190306,0.5634651748092924,0.5597729169351646,0.5647118657723529,0.5520719079267074,0.015269148524188283,745,1.0,1.0,1.0,1.0,1.0,1.0,0.0
0.004239130020141602,0.0006000827764982833,0.09446501731872559,0.0003903804687481793,30,1,1,uniform,"{'clf__leaf_size': 30, 'clf__n_neighbors': 1, 'clf__p': 1, 'clf__weights': 'uniform'}",0.7312213642585799,0.73665084894782,0.6566027429083539,0.6867726122268627,0.6975195037079871,0.7017534144099207,0.029553763132746123,70,1.0,1.0,1.0,1.0,1.0,1.0,0.0
0.004030179977416992,7.782610582729651e-05,0.09603776931762695,0.0021121437552991612,30,1,1,distance,"{'clf__leaf_size': 30, 'clf__n_neighbors': 1, 'clf__p': 1, 'clf__weights': 'distance'}",0.7312213642585799,0.73665084894782,0.6566027429083539,0.6867726122268627,0.6975195037079871,0.7017534144099207,0.029553763132746123,70,1.0,1.0,1.0,1.0,1.0,1.0,0.0
0.0045186042785644535,0.0006470861832973704,0.011356735229492187,0.0008709086746308098,30,1,2,uniform,"{'clf__leaf_size': 30, 'clf__n_neighbors': 1, 'clf__p': 2, 'clf__weights': 'uniform'}",0.7147397605485846,0.6914183336590072,0.6301701649223836,0.6511549167953785,0.7177149353672074,0.6810396222585122,0.03484047322587928,127,1.0,1.0,1.0,1.0,1.0,1.0,0.0
0.004476737976074219,0.0006135523101235805,0.011557674407958985,0.0005139330584127939,30,1,2,distance,"{'clf__leaf_size': 30, 'clf__n_neighbors': 1, 'clf__p': 2, 'clf__weights': 'distance'}",0.7147397605485846,0.6914183336590072,0.6301701649223836,0.6511549167953785,0.7177149353672074,0.6810396222585122,0.03484047322587928,127,1.0,1.0,1.0,1.0,1.0,1.0,0.0
0.003980684280395508,0.00010775954307641688,6.298196935653687,0.00849320436028437,30,1,3,uniform,"{'clf__leaf_size': 30, 'clf__n_neighbors': 1, 'clf__p': 3, 'clf__weights': 'uniform'}",0.6839633593256496,0.6143512682879712,0.6146104958452541,0.6081857979957412,0.6889451371496986,0.642011211720863,0.03639452255407558,322,1.0,1.0,1.0,1.0,1.0,1.0,0.0
0.003824615478515625,8.865242775140722e-05,6.313234901428222,0.02125829573079436,30,1,3,distance,"{'clf__leaf_size': 30, 'clf__n_neighbors': 1, 'clf__p': 3, 'clf__weights': 'distance'}",0.6839633593256496,0.6143512682879712,0.6146104958452541,0.6081857979957412,0.6889451371496986,0.642011211720863,0.03639452255407558,322,1.0,1.0,1.0,1.0,1.0,1.0,0.0
0.004240751266479492,0.0006310537067443323,6.298073434829712,0.007793551651203936,30,1,4,uniform,"{'clf__leaf_size': 30, 'clf__n_neighbors': 1, 'clf__p': 4, 'clf__weights': 'uniform'}",0.6464790064304627,0.5592898622903991,0.5786659015796464,0.572447350977145,0.6280126588537803,0.5969789560262868,0.03397346345984278,592,1.0,1.0,1.0,1.0,1.0,1.0,0.0
0.0038641929626464845,8.135331039660916e-05,6.30405626296997,0.0038737165114424753,30,1,4,distance,"{'clf__leaf_size': 30, 'clf__n_neighbors': 1, 'clf__p': 4, 'clf__weights': 'distance'}",0.6464790064304627,0.5592898622903991,0.5786659015796464,0.572447350977145,0.6280126588537803,0.5969789560262868,0.03397346345984278,592,1.0,1.0,1.0,1.0,1.0,1.0,0.0
0.003907585144042968,0.00012582174069477602,6.343071317672729,0.034228759715340104,30,1,5,uniform,"{'clf__leaf_size': 30, 'clf__n_neighbors': 1, 'clf__p': 5, 'clf__weights': 'uniform'}",0.6326668646943032,0.5453148593155287,0.5537545787545788,0.5611162818183161,0.601177662003125,0.5788060493171704,0.03305643763776712,670,1.0,1.0,1.0,1.0,1.0,1.0,0.0
0.0042388916015625,0.0006787998177768997,6.383781242370605,0.05900413695345387,30,1,5,distance,"{'clf__leaf_size': 30, 'clf__n_neighbors': 1, 'clf__p': 5, 'clf__weights': 'distance'}",0.6326668646943032,0.5453148593155287,0.5537545787545788,0.5611162818183161,0.601177662003125,0.5788060493171704,0.03305643763776712,670,1.0,1.0,1.0,1.0,1.0,1.0,0.0
0.003845548629760742,9.689216068666868e-05,0.0945805549621582,0.000651761963256586,30,3,1,uniform,"{'clf__leaf_size': 30, 'clf__n_neighbors': 3, 'clf__p': 1, 'clf__weights': 'uniform'}",0.7800842166381433,0.7137189745205004,0.6822697078248022,0.6688361144820795,0.7582469975273448,0.7206312021985741,0.04278252736290699,22,0.8402400664327602,0.8352735096604371,0.846641030477804,0.8444161249545019,0.8394742149616816,0.8412089892974368,0.00397419079921812
0.004363393783569336,0.0003016893946459943,0.09456968307495117,0.000199238291257106,30,3,1,distance,"{'clf__leaf_size': 30, 'clf__n_neighbors': 3, 'clf__p': 1, 'clf__weights': 'distance'}",0.7766569669554745,0.7427627724287207,0.6965974304413709,0.6922788508785557,0.7542812376465117,0.7325154516701267,0.03297368249327183,4,1.0,1.0,1.0,1.0,1.0,1.0,0.0
0.004252386093139648,0.0002099325289400581,0.012048721313476562,0.0007542477317283497,30,3,2,uniform,"{'clf__leaf_size': 30, 'clf__n_neighbors': 3, 'clf__p': 2, 'clf__weights': 'uniform'}",0.7487685064864242,0.6565594541910331,0.6822089432880912,0.6608432831637784,0.7333645865476671,0.6963489547353989,0.03784643548682408,79,0.8075263637894776,0.8196085115523436,0.8321662390469661,0.8178492766079879,0.8080228009907005,0.8170346383974951,0.009031880159903456
0.004089260101318359,0.00022743655902591946,0.01156024932861328,0.0005254769584822033,30,3,2,distance,"{'clf__leaf_size': 30, 'clf__n_neighbors': 3, 'clf__p': 2, 'clf__weights': 'distance'}",0.734713051778896,0.6944336986890178,0.6686132500447798,0.6537566137566136,0.7184502775759621,0.6939933783690538,0.03006517501575133,94,1.0,1.0,1.0,1.0,1.0,1.0,0.0
0.004083967208862305,0.00015613621905681554,6.330962419509888,0.0361226913373628,30,3,3,uniform,"{'clf__leaf_size': 30, 'clf__n_neighbors': 3, 'clf__p': 3, 'clf__weights': 'uniform'}",0.6981492192018508,0.6422756843809185,0.632810588854368,0.6300429687152804,0.7276580138471985,0.6661872949999232,0.03947757802191743,211,0.8042410905790485,0.8094480177094499,0.8108477014087015,0.8074597620891086,0.7964089866898649,0.8056811116952346,0.0051398986437696465
0.0038228988647460937,6.997633630043004e-05,6.315176725387573,0.008514281717919063,30,3,3,distance,"{'clf__leaf_size': 30, 'clf__n_neighbors': 3, 'clf__p': 3, 'clf__weights': 'distance'}",0.7049498710116965,0.6412955505697442,0.6420560052186249,0.6356809747388841,0.7230074782141587,0.6693979759506217,0.03691092472937334,193,1.0,1.0,1.0,1.0,1.0,1.0,0.0
0.0038149356842041016,7.733587239346807e-05,6.338881158828736,0.04059838076532953,30,3,4,uniform,"{'clf__leaf_size': 30, 'clf__n_neighbors': 3, 'clf__p': 4, 'clf__weights': 'uniform'}",0.6574513030082112,0.5872056153420903,0.6006958659715967,0.619663168630398,0.6745285135696094,0.6279088933043812,0.033200724792307026,415,0.7859869820262736,0.7917951452920039,0.7989092699907695,0.7995515228242078,0.7857458858957681,0.7923977612058046,0.0059880670122863765
0.0038260936737060545,9.659871142152747e-05,6.316518259048462,0.011320402041496374,30,3,4,distance,"{'clf__leaf_size': 30, 'clf__n_neighbors': 3, 'clf__p': 4, 'clf__weights': 'distance'}",0.6736996114400665,0.6326369197970726,0.6024063966386968,0.6242229448416459,0.6413079016391064,0.6348547548713176,0.023329878327884055,367,1.0,1.0,1.0,1.0,1.0,1.0,0.0
0.003966760635375976,0.0001239315644177653,6.329779720306396,0.023639661797263654,30,3,5,uniform,"{'clf__leaf_size': 30, 'clf__n_neighbors': 3, 'clf__p': 5, 'clf__weights': 'uniform'}",0.6240028959973751,0.5652053660115592,0.6160735046877074,0.6051586641258935,0.6289618213579176,0.6078804504360906,0.022803747675105627,535,0.777418027957674,0.7790067615237563,0.7879502868557395,0.7892133731999461,0.7835559109971603,0.7834288721068552,0.004681988733475342
0.0039052963256835938,7.71772393691689e-05,6.333549690246582,0.01524287541255347,30,3,5,distance,"{'clf__leaf_size': 30, 'clf__n_neighbors': 3, 'clf__p': 5, 'clf__weights': 'distance'}",0.6205288135701081,0.5847200260490835,0.6181469225712296,0.6059657668836002,0.5997664012924863,0.6058255860733015,0.01303977198206729,553,1.0,1.0,1.0,1.0,1.0,1.0,0.0
0.0038594722747802733,6.97551647698193e-05,0.09498200416564942,0.0007068719595747934,30,5,1,uniform,"{'clf__leaf_size': 30, 'clf__n_neighbors': 5, 'clf__p': 1, 'clf__weights': 'uniform'}",0.7584087719315333,0.7011204455198455,0.7220067061683639,0.6708785966539725,0.7470263252494058,0.7198881691046243,0.03155620446355296,25,0.7755533542295909,0.797054822119576,0.78042897298093,0.8011347267322014,0.7875268634279576,0.7883397478980513,0.00965812617487423
0.0039460182189941405,0.00011766544093558705,0.09641165733337402,0.0016490219422382161,30,5,1,distance,"{'clf__leaf_size': 30, 'clf__n_neighbors': 5, 'clf__p': 1, 'clf__weights': 'distance'}",0.7675937452368279,0.7261534324946013,0.7236805969183332,0.6762020544920229,0.7582168531117213,0.7303693364507013,0.032117746842368435,10,1.0,1.0,1.0,1.0,1.0,1.0,0.0
0.004410266876220703,0.0007081010927625522,0.011972188949584961,0.001356393734454132,30,5,2,uniform,"{'clf__leaf_size': 30, 'clf__n_neighbors': 5, 'clf__p': 2, 'clf__weights': 'uniform'}",0.6990106916505745,0.6698084671666152,0.6695295465860903,0.6426885051177059,0.7160803788886748,0.6794235178819322,0.02556240937845869,145,0.7645993170935287,0.7931587203940357,0.7945281209232401,0.7877318704642085,0.7758282355483261,0.7831692528846679,0.011387395437368877
0.0043033123016357425,0.00019256368301775285,0.012665033340454102,0.0011602044139213375,30,5,2,distance,"{'clf__leaf_size': 30, 'clf__n_neighbors': 5, 'clf__p': 2, 'clf__weights': 'distance'}",0.732082082082082,0.6928123799042727,0.6745537059595681,0.6721028878656548,0.7313106349771643,0.7005723381577483,0.026402282579464437,76,1.0,1.0,1.0,1.0,1.0,1.0,0.0
0.004426288604736328,0.0005203037969171629,6.306269216537475,0.019095650139258596,30,5,3,uniform,"{'clf__leaf_size': 30, 'clf__n_neighbors': 5, 'clf__p': 3, 'clf__weights': 'uniform'}",0.7069001557328347,0.6235217909063043,0.6737077067669173,0.6313266422721475,0.6906071148019302,0.6652126820960268,0.03268419256451674,214,0.7603583698411501,0.7818478845301395,0.7766037265748821,0.7627373272204704,0.7486014911565835,0.7660297598646452,0.011906058689572709
0.003857421875,0.00010966491672679879,6.3093102931976315,0.010956697112039034,30,5,3,distance,"{'clf__leaf_size': 30, 'clf__n_neighbors': 5, 'clf__p': 3, 'clf__weights': 'distance'}",0.7158764075430742,0.6770041839091473,0.6701499039186537,0.6359683794466403,0.6961427593748046,0.6790283268384641,0.026787188990942533,151,1.0,1.0,1.0,1.0,1.0,1.0,0.0
0.00422520637512207,0.0007448501739398016,6.330944776535034,0.01938642750511351,30,5,4,uniform,"{'clf__leaf_size': 30, 'clf__n_neighbors': 5, 'clf__p': 4, 'clf__weights': 'uniform'}",0.6578951038714986,0.6315276240993978,0.6264895330112721,0.6435478627289677,0.6605342613780829,0.6439988770178438,0.013629649646958395,310,0.7411449451886347,0.7605910993668811,0.7514570830092191,0.748323507429478,0.7271701436190474,0.7457373557226521,0.011188107623231806
0.003951168060302735,5.8826439916047453e-05,6.314560890197754,0.01816563705888816,30,5,4,distance,"{'clf__leaf_size': 30, 'clf__n_neighbors': 5, 'clf__p': 4, 'clf__weights': 'distance'}",0.6736107724519056,0.6505546177959971,0.6224774232453092,0.6483727553040842,0.6617745830399577,0.6513580303674507,0.017013735078246644,265,1.0,1.0,1.0,1.0,1.0,1.0,0.0
0.003844547271728516,9.483491519617836e-05,6.315723323822022,0.012106639549853358,30,5,5,uniform,"{'clf__leaf_size': 30, 'clf__n_neighbors': 5, 'clf__p': 5, 'clf__weights': 'uniform'}",0.6328767649495963,0.6233931279974048,0.6267874717257056,0.6304918643653598,0.6095697405562222,0.6246237939188577,0.008189827159427386,439,0.7297745704952868,0.7311453250218196,0.7370276941501198,0.7404288023633881,0.7193680040700325,0.7315488792201295,0.007218797613613245
0.0038152217864990236,6.536555700293102e-05,6.323511409759521,0.013610191548782421,30,5,5,distance,"{'clf__leaf_size': 30, 'clf__n_neighbors': 5, 'clf__p': 5, 'clf__weights': 'distance'}",0.6210691497450054,0.585501661533592,0.6221279339872555,0.6303444782168186,0.6176458130015181,0.6153378072968378,0.015489846759533667,496,1.0,1.0,1.0,1.0,1.0,1.0,0.0
0.004110193252563477,0.00033362100473624187,0.09898161888122559,0.003332092786250986,30,7,1,uniform,"{'clf__leaf_size': 30, 'clf__n_neighbors': 7, 'clf__p': 1, 'clf__weights': 'uniform'}",0.7541713600228857,0.714696565948862,0.7314716437007817,0.681825280352562,0.7515183457312642,0.7267366391512711,0.02665036836619682,13,0.7695059927446883,0.7819285421299851,0.7753418791370709,0.7881021994493123,0.7589861999719523,0.7747729626866017,0.010061385442892487
0.004065513610839844,0.00022693296060628015,0.09783658981323243,0.0029748152849736367,30,7,1,distance,"{'clf__leaf_size': 30, 'clf__n_neighbors': 7, 'clf__p': 1, 'clf__weights': 'distance'}",0.7745584516239521,0.7256606190581063,0.7470421563195598,0.7056102900930487,0.7567701144467449,0.7419283263082824,0.024061558820475528,1,1.0,1.0,1.0,1.0,1.0,1.0,0.0
0.004180812835693359,0.0002200648998562696,0.01380162239074707,0.002764611081518204,30,7,2,uniform,"{'clf__leaf_size': 30, 'clf__n_neighbors': 7, 'clf__p': 2, 'clf__weights': 'uniform'}",0.724871087183681,0.7005283094098883,0.716709652004179,0.6647522823705375,0.7292799793478276,0.7072282620632226,0.02339462538727223,58,0.7631844600935256,0.7673602383435736,0.7697809051308664,0.7743017377627351,0.7506077428712307,0.7650470168403862,0.00806687426221242
0.004121732711791992,0.00032054944477008854,0.013621759414672852,0.002598072867798048,30,7,2,distance,"{'clf__leaf_size': 30, 'clf__n_neighbors': 7, 'clf__p': 2, 'clf__weights': 'distance'}",0.7500410083333765,0.6996445483905346,0.7122396137369716,0.6703064479380269,0.7235187385478699,0.7111500713893559,0.026333456447263048,46,1.0,1.0,1.0,1.0,1.0,1.0,0.0
0.004481744766235351,0.000899996142977015,6.3117798328399655,0.02005526450341445,30,7,3,uniform,"{'clf__leaf_size': 30, 'clf__n_neighbors': 7, 'clf__p': 3, 'clf__weights': 'uniform'}",0.6942380695734157,0.6331367484621637,0.661180808106123,0.6557101566175977,0.700228200862835,0.6688987967244271,0.025044128989746787,202,0.7450548576267374,0.7544975758026674,0.7450885527921096,0.7566692796251693,0.7316046065051716,0.7465829744703711,0.008868984271787447
0.0040019512176513675,0.0001562076318843573,6.304958486557007,0.011927559013672755,30,7,3,distance,"{'clf__leaf_size': 30, 'clf__n_neighbors': 7, 'clf__p': 3, 'clf__weights': 'distance'}",0.6910296843218721,0.6474027189044994,0.6738983271281227,0.6679000431432912,0.7173930569606616,0.6795247660916893,0.023515898925425275,142,1.0,1.0,1.0,1.0,1.0,1.0,0.0
0.004131937026977539,0.0005652106863127656,6.300216007232666,0.006859656299938818,30,7,4,uniform,"{'clf__leaf_size': 30, 'clf__n_neighbors': 7, 'clf__p': 4, 'clf__weights': 'uniform'}",0.6729711523095399,0.6322256113119356,0.6172757857947863,0.6527412031260412,0.6614271247168139,0.6473281754518234,0.02008420806903685,295,0.7265243443846632,0.7494483392769629,0.7340136131329312,0.7216828796495145,0.7198902268522522,0.7303118806592648,0.010745443957923574
0.003931474685668945,0.00013285126510968786,6.297396039962768,0.011031795500638215,30,7,4,distance,"{'clf__leaf_size': 30, 'clf__n_neighbors': 7, 'clf__p': 4, 'clf__weights': 'distance'}",0.6686006577658953,0.6441125619950409,0.6228942405657009,0.6562384146527376,0.6459904474610357,0.647567264488082,0.015104780095610573,292,1.0,1.0,1.0,1.0,1.0,1.0,0.0
0.005800914764404297,0.0039064520638328005,6.3261455535888675,0.04354415703282294,30,7,5,uniform,"{'clf__leaf_size': 30, 'clf__n_neighbors': 7, 'clf__p': 5, 'clf__weights': 'uniform'}",0.6436827616284218,0.6041074196374419,0.5989185293557491,0.6291669129308392,0.6217244797848127,0.6195200206674529,0.0163934739202213,478,0.6901520652413561,0.7179950333846171,0.720734832989716,0.7063056944914736,0.6949158217015214,0.7060206895617369,0.012125209133304804
0.004171991348266601,0.0005686923076996609,6.340029573440551,0.0067178296485042735,30,7,5,distance,"{'clf__leaf_size': 30, 'clf__n_neighbors': 7, 'clf__p': 5, 'clf__weights': 'distance'}",0.6501320457911839,0.6190705245729463,0.603745480971724,0.6262790003932257,0.6200082761027003,0.623847065566356,0.01508933294778056,448,1.0,1.0,1.0,1.0,1.0,1.0,0.0
0.004503822326660157,0.0007307232933189358,0.09510126113891601,0.0004607563393408783,30,9,1,uniform,"{'clf__leaf_size': 30, 'clf__n_neighbors': 9, 'clf__p': 1, 'clf__weights': 'uniform'}",0.7412767262807967,0.6967016360208413,0.7173487117925096,0.6847071609237255,0.7326567502048332,0.7145381970445412,0.02125635685004626,31,0.7508677437069532,0.7642859221131426,0.7666968977884261,0.7755751602949871,0.7473745351876897,0.7609600518182397,0.010430677406797166
0.004078817367553711,0.0002270546338885064,0.09705209732055664,0.0028107750327827697,30,9,1,distance,"{'clf__leaf_size': 30, 'clf__n_neighbors': 9, 'clf__p': 1, 'clf__weights': 'distance'}",0.7612575702823505,0.7121648959884255,0.7512270987147935,0.6838065767756433,0.7471496959811577,0.7311211675484742,0.02886996949419681,7,1.0,1.0,1.0,1.0,1.0,1.0,0.0
0.005676412582397461,0.0010521355826986789,0.015930366516113282,0.0012113994407948173,30,9,2,uniform,"{'clf__leaf_size': 30, 'clf__n_neighbors': 9, 'clf__p': 2, 'clf__weights': 'uniform'}",0.7128880265823279,0.6795631841967277,0.7328690823085239,0.6690580105473722,0.7146644520582983,0.70180855113865,0.023749693979162278,67,0.7452535446314608,0.7592188160647871,0.754618715383091,0.7558563482725522,0.7285314645985509,0.7486957777900884,0.011095384531420975
0.004984569549560547,0.0007242764248253737,0.014022493362426757,0.001173570914220016,30,9,2,distance,"{'clf__leaf_size': 30, 'clf__n_neighbors': 9, 'clf__p': 2, 'clf__weights': 'distance'}",0.728600277027706,0.7015422077922078,0.7391361717437317,0.6628700394461283,0.7384555249102245,0.7141208441839997,0.029025727740057496,37,1.0,1.0,1.0,1.0,1.0,1.0,0.0
0.004944753646850586,0.0011956345057762268,6.325353288650513,0.031225091161435528,30,9,3,uniform,"{'clf__leaf_size': 30, 'clf__n_neighbors': 9, 'clf__p': 3, 'clf__weights': 'uniform'}",0.6725510423807767,0.6486933722960317,0.6761010867200982,0.6736373921120618,0.6758096005727432,0.6693584988163424,0.010417561344755504,196,0.7233192447725341,0.7365988970835302,0.7337720817884688,0.7367439387603598,0.708091561445063,0.7277051447699912,0.010968455875214823
0.0039463996887207035,0.0001006228771696956,6.314843702316284,0.008095827840287615,30,9,3,distance,"{'clf__leaf_size': 30, 'clf__n_neighbors': 9, 'clf__p': 3, 'clf__weights': 'distance'}",0.6738280423280423,0.6535266738274257,0.6744363772967751,0.6632183843019994,0.7126496096132915,0.6755318174735068,0.02008820706590414,163,1.0,1.0,1.0,1.0,1.0,1.0,0.0
0.003999567031860352,0.0003890971225799398,6.305906915664673,0.008622137801592367,30,9,4,uniform,"{'clf__leaf_size': 30, 'clf__n_neighbors': 9, 'clf__p': 4, 'clf__weights': 'uniform'}",0.6499029191640047,0.637224174738791,0.6319053155563865,0.6417519767303879,0.6498116760828625,0.6421192124544864,0.007045282577353982,319,0.689861258599333,0.7278743078270555,0.7166992686645529,0.71225189253741,0.6905585367788043,0.7074490528814311,0.014969601479742953
0.0037912845611572264,7.75624265474378e-05,6.316365098953247,0.021095936534635425,30,9,4,distance,"{'clf__leaf_size': 30, 'clf__n_neighbors': 9, 'clf__p': 4, 'clf__weights': 'distance'}",0.6615580037576477,0.6382973762480404,0.6265089426143273,0.6445625637844435,0.659605279350092,0.6461064331509102,0.013178743647165989,301,1.0,1.0,1.0,1.0,1.0,1.0,0.0
0.0039014339447021483,8.388138936342097e-05,6.343111133575439,0.032827991388826305,30,9,5,uniform,"{'clf__leaf_size': 30, 'clf__n_neighbors': 9, 'clf__p': 5, 'clf__weights': 'uniform'}",0.6414997158283604,0.5755076494158241,0.6088944696909299,0.6082756057833939,0.6010681746165839,0.6070491230670185,0.021082643145865356,550,0.6774870938477097,0.6999176315226753,0.6971208206659627,0.7027772806767869,0.6870790624205317,0.6928763778267333,0.009338751021183908
0.0038641929626464845,6.914789892649457e-05,6.335687971115112,0.03769540762965545,30,9,5,distance,"{'clf__leaf_size': 30, 'clf__n_neighbors': 9, 'clf__p': 5, 'clf__weights': 'distance'}",0.6634931378757805,0.6013387980548998,0.6046154830221133,0.6140669117469613,0.6213610845795864,0.6209750830558682,0.022400343816925097,472,1.0,1.0,1.0,1.0,1.0,1.0,0.0
0.004176712036132813,0.0004430654177727991,0.09521121978759765,0.0006963900589084231,30,11,1,uniform,"{'clf__leaf_size': 30, 'clf__n_neighbors': 11, 'clf__p': 1, 'clf__weights': 'uniform'}",0.7137399556935023,0.7112423488572736,0.7377325447686955,0.6835469719363068,0.7261520570501823,0.7144827756611921,0.01813725442931336,34,0.7455991736511404,0.7584084833468925,0.757712702200028,0.7721101531920936,0.7295588360684877,0.7526778696917285,0.014285662508945958
0.0038732051849365234,0.0001609678653519533,0.09548015594482422,0.0006280936515585142,30,11,1,distance,"{'clf__leaf_size': 30, 'clf__n_neighbors': 11, 'clf__p': 1, 'clf__weights': 'distance'}",0.7414956659724115,0.7062497073761507,0.7549681493827053,0.6833838081605811,0.7353773848161695,0.7242949431416037,0.02591865142999464,19,1.0,1.0,1.0,1.0,1.0,1.0,0.0
0.004369115829467774,0.00011191812018036878,0.012054014205932616,0.0009316572403611674,30,11,2,uniform,"{'clf__leaf_size': 30, 'clf__n_neighbors': 11, 'clf__p': 2, 'clf__weights': 'uniform'}",0.702844270926609,0.6679527646495275,0.708744131455399,0.6680325540436894,0.7264430757509013,0.6948033593652252,0.02322801537938361,91,0.7410807195651762,0.7403135183288008,0.7544181331396176,0.7505793497357416,0.7117081090900833,0.7396199659718838,0.014971843002983428
0.004336357116699219,0.00024054050327398954,0.012317991256713868,0.0007314339540215828,30,11,2,distance,"{'clf__leaf_size': 30, 'clf__n_neighbors': 11, 'clf__p': 2, 'clf__weights': 'distance'}",0.7257391686182669,0.6874265828705295,0.719440325648028,0.6729943687163621,0.7454780992669623,0.7102157090240298,0.02636012124561599,52,1.0,1.0,1.0,1.0,1.0,1.0,0.0
0.004140281677246093,0.00029230551848681514,6.301248407363891,0.012143142399178644,30,11,3,uniform,"{'clf__leaf_size': 30, 'clf__n_neighbors': 11, 'clf__p': 3, 'clf__weights': 'uniform'}",0.6603569675527508,0.6503238600696228,0.6671257874350311,0.6492928215368561,0.6817455867248399,0.66176900466382,0.011969956403439922,232,0.7133167145394758,0.7168467677443173,0.7108814037877352,0.7200728097913955,0.6975463817554826,0.7117328155236813,0.007748503762614889
0.003852653503417969,0.00010808694122032459,6.305085611343384,0.01046084905824782,30,11,3,distance,"{'clf__leaf_size': 30, 'clf__n_neighbors': 11, 'clf__p': 3, 'clf__weights': 'distance'}",0.6682145319017186,0.6698952662116914,0.666473618402154,0.6488462652862999,0.6850476066619522,0.6676954576927632,0.011515125835449912,205,1.0,1.0,1.0,1.0,1.0,1.0,0.0
0.0038794517517089845,0.00011433373836436194,6.330301284790039,0.03667921395253346,30,11,4,uniform,"{'clf__leaf_size': 30, 'clf__n_neighbors': 11, 'clf__p': 4, 'clf__weights': 'uniform'}",0.628795564952114,0.616940114805727,0.6468014119124442,0.6356529406935763,0.6332050074397558,0.6322790079607234,0.009701104391486231,388,0.680849761189209,0.7041593432190123,0.6955831549868016,0.7047972890335958,0.6863884131675987,0.6943555923192435,0.009513494523353951
0.003963470458984375,7.317112415698472e-05,6.335479497909546,0.02788138186384298,30,11,4,distance,"{'clf__leaf_size': 30, 'clf__n_neighbors': 11, 'clf__p': 4, 'clf__weights': 'distance'}",0.6404768642035197,0.639640227489517,0.6517904987712851,0.6546985299709858,0.6334172831245432,0.6440046807119701,0.007982033622452825,307,1.0,1.0,1.0,1.0,1.0,1.0,0.0
0.00411372184753418,0.00046636430243128963,6.312516212463379,0.005102147247179185,30,11,5,uniform,"{'clf__leaf_size': 30, 'clf__n_neighbors': 11, 'clf__p': 5, 'clf__weights': 'uniform'}",0.6233467098896406,0.5826086622480924,0.6113115763546798,0.646807969098502,0.5968846633810316,0.6121919161943892,0.022058814301863402,520,0.6672220261158093,0.6785318565372567,0.6786835480147217,0.689935357317273,0.676321915702558,0.6781389407375237,0.007239986586597169
0.003906869888305664,7.867417181052037e-05,6.327731561660767,0.03623222034467979,30,11,5,distance,"{'clf__leaf_size': 30, 'clf__n_neighbors': 11, 'clf__p': 5, 'clf__weights': 'distance'}",0.6476906552094521,0.602309627781831,0.6347976831457007,0.6582080678249187,0.5935236928342912,0.6273059453592388,0.025269191446155623,418,1.0,1.0,1.0,1.0,1.0,1.0,0.0
0.003812408447265625,0.00012346101362244394,0.09503974914550781,0.0008144380002166852,30,13,1,uniform,"{'clf__leaf_size': 30, 'clf__n_neighbors': 13, 'clf__p': 1, 'clf__weights': 'uniform'}",0.7281162079912946,0.6912466168447754,0.7277908872736459,0.6867277745720485,0.7260298181350813,0.7119822609633693,0.01884307190939298,43,0.7354196024196493,0.7372072263136497,0.7491011592715631,0.763061899326161,0.7242115005307256,0.7418002775723498,0.01324034475591438
0.004194784164428711,0.0006254827409946701,0.09704008102416992,0.0022099096914585635,30,13,1,distance,"{'clf__leaf_size': 30, 'clf__n_neighbors': 13, 'clf__p': 1, 'clf__weights': 'distance'}",0.7350410686288549,0.710503117032927,0.7470267535705917,0.7104877982212969,0.7304142558398827,0.7266945986587106,0.014294896932296746,16,1.0,1.0,1.0,1.0,1.0,1.0,0.0
0.003934097290039062,6.811972209373424e-05,0.011384677886962891,0.00016837824291149857,30,13,2,uniform,"{'clf__leaf_size': 30, 'clf__n_neighbors': 13, 'clf__p': 2, 'clf__weights': 'uniform'}",0.6863428626089997,0.6631738137611026,0.7005880718063542,0.6965464325197113,0.7313001353610813,0.6955902632114498,0.022079075761043516,88,0.726621791525919,0.7454404273923607,0.7402348393407135,0.7471699996372103,0.7099501654438068,0.733883444668002,0.013971185115863894
0.004103946685791016,2.3082760420130506e-05,0.012639331817626952,0.0007741517039361159,30,13,2,distance,"{'clf__leaf_size': 30, 'clf__n_neighbors': 13, 'clf__p': 2, 'clf__weights': 'distance'}",0.7282928957208143,0.6855120630735384,0.7077901873799333,0.6952939128726234,0.7522893772893773,0.7138356872672573,0.02395942531298714,40,1.0,1.0,1.0,1.0,1.0,1.0,0.0
0.0038410186767578124,0.00015546906814508198,6.3183637142181395,0.034887394958047456,30,13,3,uniform,"{'clf__leaf_size': 30, 'clf__n_neighbors': 13, 'clf__p': 3, 'clf__weights': 'uniform'}",0.6326038953783155,0.6381718718506981,0.6582655090373212,0.6675420751245201,0.655850210917174,0.6504867124616058,0.013050767284104451,271,0.702200246501573,0.7111446219036812,0.7069298121159,0.7058456060441285,0.6902025497261886,0.7032645672582942,0.007126571728070871
0.0037984371185302733,5.4415748941613255e-05,6.295201110839844,0.015725407311910345,30,13,3,distance,"{'clf__leaf_size': 30, 'clf__n_neighbors': 13, 'clf__p': 3, 'clf__weights': 'distance'}",0.6289090909090909,0.6586564228235878,0.6527352864920922,0.6641891273670394,0.6635755752744774,0.6536131005732576,0.0130199615612662,262,1.0,1.0,1.0,1.0,1.0,1.0,0.0
0.0038023948669433593,6.68826967233532e-05,6.297845792770386,0.024451375284635393,30,13,4,uniform,"{'clf__leaf_size': 30, 'clf__n_neighbors': 13, 'clf__p': 4, 'clf__weights': 'uniform'}",0.6234058528855636,0.5770628005847838,0.652838693957115,0.656809956487969,0.6127273218288705,0.6245689251488604,0.02911038339718927,442,0.6695230801997303,0.6837759717103575,0.6827956715702734,0.6860397385221993,0.6769438078261607,0.6798156539657443,0.0059579933720303084
0.004229164123535157,0.0006453978447255571,6.312315559387207,0.01977430871338263,30,13,4,distance,"{'clf__leaf_size': 30, 'clf__n_neighbors': 13, 'clf__p': 4, 'clf__weights': 'distance'}",0.6421478851702633,0.5897754683498571,0.6530215540486272,0.6667884990253411,0.6195127487885665,0.6342492310765311,0.027087533243902315,373,1.0,1.0,1.0,1.0,1.0,1.0,0.0
0.003851032257080078,8.931881691631201e-05,6.300722360610962,0.0155179337825652,30,13,5,uniform,"{'clf__leaf_size': 30, 'clf__n_neighbors': 13, 'clf__p': 5, 'clf__weights': 'uniform'}",0.6060615524080163,0.5709930428876969,0.5869524141856621,0.6520362377022311,0.5896222807567726,0.6011331055880758,0.027775647332216515,574,0.64560956565322,0.6746762852936025,0.67541604165731,0.6678263169273203,0.6660518451512497,0.6659160109365405,0.010798263105364157
0.0038530826568603516,9.91374153437223e-05,6.304221534729004,0.016119421381054107,30,13,5,distance,"{'clf__leaf_size': 30, 'clf__n_neighbors': 13, 'clf__p': 5, 'clf__weights': 'distance'}",0.6337707974756168,0.6005705885614387,0.6126522169057916,0.6430842182813699,0.5909723531880611,0.6162100348824555,0.01962036209402093,490,1.0,1.0,1.0,1.0,1.0,1.0,0.0
0.003911924362182617,0.00011591590608580001,0.09515552520751953,0.0004982599081916305,30,15,1,uniform,"{'clf__leaf_size': 30, 'clf__n_neighbors': 15, 'clf__p': 1, 'clf__weights': 'uniform'}",0.7192854470632248,0.6932310787318106,0.7248803098466811,0.6948701097637268,0.7144339403199272,0.7093401771450741,0.012924677505600363,55,0.7303124611266831,0.733429821515771,0.7326777680310592,0.74963262201064,0.7231484269155503,0.7338402199199406,0.008691135769168147
0.004030609130859375,6.581986956923117e-05,0.0955571174621582,0.00017983037070555023,30,15,1,distance,"{'clf__leaf_size': 30, 'clf__n_neighbors': 15, 'clf__p': 1, 'clf__weights': 'distance'}",0.7276972187777488,0.6984086926555546,0.7400626584060828,0.6990042100425896,0.7208749250783639,0.7172095409920679,0.0163131687573426,28,1.0,1.0,1.0,1.0,1.0,1.0,0.0
0.004082632064819336,0.0002200367843641884,0.012702274322509765,0.001459798767977084,30,15,2,uniform,"{'clf__leaf_size': 30, 'clf__n_neighbors': 15, 'clf__p': 2, 'clf__weights': 'uniform'}",0.6846042868140624,0.6588412247963429,0.6944323397949641,0.6917522685421427,0.718657266291824,0.6896574772478672,0.019200788401628796,106,0.7139729069481249,0.7346387102690626,0.7312723565934576,0.7443139463556052,0.6969593191645167,0.7242314478661533,0.0167940401195994
0.004206228256225586,0.0001669373044758024,0.01264486312866211,0.0005465785440324992,30,15,2,distance,"{'clf__leaf_size': 30, 'clf__n_neighbors': 15, 'clf__p': 2, 'clf__weights': 'distance'}",0.6958348048327728,0.6675263103437459,0.7134487771067713,0.6993770327188329,0.7384115386000478,0.7029196927204342,0.023177447375787537,64,1.0,1.0,1.0,1.0,1.0,1.0,0.0
0.004155778884887695,0.00018982926195953246,6.312076282501221,0.015538361840680297,30,15,3,uniform,"{'clf__leaf_size': 30, 'clf__n_neighbors': 15, 'clf__p': 3, 'clf__weights': 'uniform'}",0.6347680635825843,0.643512964280056,0.6581818660766029,0.6765351812813251,0.6597141577634189,0.6545424465967974,0.014396861138547401,259,0.6879085725972426,0.7033272735718388,0.6935029599827004,0.7075683117773106,0.687667908228656,0.6959950052315497,0.008107340009932467
0.0044956207275390625,0.0007019005715748157,6.308849954605103,0.016508266346237085,30,15,3,distance,"{'clf__leaf_size': 30, 'clf__n_neighbors': 15, 'clf__p': 3, 'clf__weights': 'distance'}",0.6442319790301441,0.6487989407404127,0.6650362235126183,0.6673865208097574,0.6591617484121932,0.656923082501025,0.009026450133154257,250,1.0,1.0,1.0,1.0,1.0,1.0,0.0
0.00410304069519043,0.0005019875774113952,6.3271111965179445,0.02765867761097276,30,15,4,uniform,"{'clf__leaf_size': 30, 'clf__n_neighbors': 15, 'clf__p': 4, 'clf__weights': 'uniform'}",0.6128134765131669,0.5870432897948252,0.6235762952979934,0.6665897463713869,0.615912608403288,0.6211870832761321,0.02581025439210468,469,0.6610876092148854,0.6704340146465384,0.6667494068211325,0.6635133035932503,0.6653333349666561,0.6654235338484926,0.003140707399991656
0.004158449172973633,0.0005934660637144459,6.324248552322388,0.02579529908741208,30,15,4,distance,"{'clf__leaf_size': 30, 'clf__n_neighbors': 15, 'clf__p': 4, 'clf__weights': 'distance'}",0.6177910734377704,0.6138136734317451,0.6329825134306764,0.6704545454545454,0.6190048946861413,0.6308093400881758,0.0208525196263922,403,1.0,1.0,1.0,1.0,1.0,1.0,0.0
0.0040966510772705075,0.0005106944352160492,6.31423864364624,0.014424848126592579,30,15,5,uniform,"{'clf__leaf_size': 30, 'clf__n_neighbors': 15, 'clf__p': 5, 'clf__weights': 'uniform'}",0.5902437930598781,0.5606178405274947,0.5851976789768798,0.6302014710662345,0.5722798799724229,0.587708132720582,0.023623423414406174,634,0.6323070133932588,0.6543284829166995,0.6594226222102314,0.645827349904001,0.6560306906534868,0.6495832318155356,0.009731136713940611
0.004652643203735351,0.0010486942235809684,6.339613771438598,0.028120573340609963,30,15,5,distance,"{'clf__leaf_size': 30, 'clf__n_neighbors': 15, 'clf__p': 5, 'clf__weights': 'distance'}",0.6227384158359137,0.5945309730591989,0.6051718971341397,0.6328261423647451,0.5820108320551451,0.6074556520898284,0.018422412305928604,538,1.0,1.0,1.0,1.0,1.0,1.0,0.0
0.004277849197387695,0.0006074469451892416,0.09535455703735352,0.000753677625837385,30,17,1,uniform,"{'clf__leaf_size': 30, 'clf__n_neighbors': 17, 'clf__p': 1, 'clf__weights': 'uniform'}",0.7096842744383728,0.691139238970606,0.7119966819119361,0.6901628457630063,0.7238857855446796,0.7053737653257202,0.01295478459877422,61,0.7270103790998755,0.7227443785419874,0.7199288451794019,0.7301960151468413,0.7166816316246398,0.7233122499185493,0.004833164339203641
0.004166316986083984,0.00013390343052443313,0.09601092338562012,0.0008366933769914206,30,17,1,distance,"{'clf__leaf_size': 30, 'clf__n_neighbors': 17, 'clf__p': 1, 'clf__weights': 'distance'}",0.7172278338945005,0.694134994863757,0.7186258259953493,0.700277485988196,0.7243425294767871,0.710921734043718,0.0116132020317141,49,1.0,1.0,1.0,1.0,1.0,1.0,0.0
0.004454851150512695,0.0005772443795018378,0.012357187271118165,0.0006428852435004055,30,17,2,uniform,"{'clf__leaf_size': 30, 'clf__n_neighbors': 17, 'clf__p': 2, 'clf__weights': 'uniform'}",0.6756846468238391,0.651916169891719,0.6717378366314536,0.6939191066942352,0.7088652827826557,0.6804246085647805,0.019501957590129775,133,0.7024035155519994,0.72811018072645,0.7228479114417452,0.7411170359180423,0.685832695119404,0.7160622677515281,0.019592484009888295
0.004473972320556641,0.0005076063668649026,0.01266474723815918,0.0006380713613950679,30,17,2,distance,"{'clf__leaf_size': 30, 'clf__n_neighbors': 17, 'clf__p': 2, 'clf__weights': 'distance'}",0.6756846468238391,0.6549341392590206,0.6878647899046103,0.6993770327188329,0.7315999905446002,0.6898921198501806,0.0255246265927739,103,1.0,1.0,1.0,1.0,1.0,1.0,0.0
0.004419183731079102,0.000727470879367007,6.2970939636230465,0.006215142385172343,30,17,3,uniform,"{'clf__leaf_size': 30, 'clf__n_neighbors': 17, 'clf__p': 3, 'clf__weights': 'uniform'}",0.6376919189684773,0.6354377405371072,0.6508244459571894,0.6631179398687099,0.6283410703614438,0.6430826231385854,0.012378748214196133,313,0.6773297855446979,0.6870588240647832,0.6804281999022097,0.6903258532211076,0.6785116959645261,0.6827308717394649,0.005073270915887412
0.004088592529296875,0.00014659601355779394,6.309376764297485,0.018502593558913157,30,17,3,distance,"{'clf__leaf_size': 30, 'clf__n_neighbors': 17, 'clf__p': 3, 'clf__weights': 'distance'}",0.6482598613345375,0.6415469296606787,0.658609334361214,0.6590911611986083,0.6322572640513564,0.647952910121279,0.010247966870597243,286,1.0,1.0,1.0,1.0,1.0,1.0,0.0
0.004451370239257813,0.00100633563220996,6.301793146133423,0.0026146293475371772,30,17,4,uniform,"{'clf__leaf_size': 30, 'clf__n_neighbors': 17, 'clf__p': 4, 'clf__weights': 'uniform'}",0.6031217709229345,0.608183280665492,0.6026508602015014,0.6543983425837026,0.5978724978724979,0.6132453504492256,0.020833857033664117,505,0.6468158232873511,0.6652264277264277,0.6642975224320633,0.6498352493856594,0.6532677343119376,0.6558885514286878,0.007533024239940931
0.0039306640625,0.0001328559887394355,6.397072172164917,0.12863118384932998,30,17,4,distance,"{'clf__leaf_size': 30, 'clf__n_neighbors': 17, 'clf__p': 4, 'clf__weights': 'distance'}",0.6230516926533665,0.6278358738036157,0.6130275084578347,0.651530573645035,0.6142581926514399,0.6259407682422584,0.013928468502273998,433,1.0,1.0,1.0,1.0,1.0,1.0,0.0
0.004384231567382812,0.000670328298256998,6.408897399902344,0.06232101977516509,30,17,5,uniform,"{'clf__leaf_size': 30, 'clf__n_neighbors': 17, 'clf__p': 5, 'clf__weights': 'uniform'}",0.6111729580753779,0.5659505952961097,0.5962419896246567,0.6479073266795201,0.5672803707381662,0.5977106480827661,0.030455869787054335,589,0.6297851088891472,0.6414537052971963,0.6425198273096205,0.6323426283235967,0.6350154310503656,0.6362233401739853,0.0049994451805187405
0.0038571834564208986,0.00011276088805141208,6.430044317245484,0.09519737539326337,30,17,5,distance,"{'clf__leaf_size': 30, 'clf__n_neighbors': 17, 'clf__p': 5, 'clf__weights': 'distance'}",0.6237626114736343,0.5683571412809795,0.6087229538129839,0.6293904121163956,0.5791067362134066,0.60186797097948,0.02418636125302478,571,1.0,1.0,1.0,1.0,1.0,1.0,0.0
0.003905200958251953,4.780815100703e-05,0.09516358375549316,0.00046863183771906356,30,19,1,uniform,"{'clf__leaf_size': 30, 'clf__n_neighbors': 19, 'clf__p': 1, 'clf__weights': 'uniform'}",0.7028616326868724,0.6460066581252137,0.6874649859943978,0.68261600142789,0.7095034536139806,0.6856905463696709,0.022132840782503625,118,0.7188759156580796,0.7170062969937655,0.7168905031402456,0.7322349773331591,0.6930382686901098,0.7156091923630719,0.012650126173799327
0.003968095779418946,0.00010971717341151093,0.09571695327758789,0.000186744858315868,30,19,1,distance,"{'clf__leaf_size': 30, 'clf__n_neighbors': 19, 'clf__p': 1, 'clf__weights': 'distance'}",0.7054212357251389,0.6715081429879353,0.6976392614909723,0.682628145567609,0.7228859616801769,0.6960165494903665,0.0178491343079976,85,1.0,1.0,1.0,1.0,1.0,1.0,0.0
0.0044059276580810545,0.0006465460401432212,0.012132406234741211,0.0001951089814735078,30,19,2,uniform,"{'clf__leaf_size': 30, 'clf__n_neighbors': 19, 'clf__p': 2, 'clf__weights': 'uniform'}",0.6815143586611422,0.658063974170739,0.6891734586114647,0.677004477004477,0.7016136089423879,0.6814739754780421,0.014372843039668012,124,0.6950178835285818,0.7186073287696249,0.7086812173927188,0.7372173814842364,0.6870682944971538,0.7093184211344632,0.01768963161546791
0.004122304916381836,0.0001462782524700032,0.01289825439453125,0.000543983771732992,30,19,2,distance,"{'clf__leaf_size': 30, 'clf__n_neighbors': 19, 'clf__p': 2, 'clf__weights': 'distance'}",0.6923558776167472,0.6606585621162224,0.7007004263124287,0.6859749739311783,0.7183726703614806,0.6916125020676114,0.018916541456651424,100,1.0,1.0,1.0,1.0,1.0,1.0,0.0
0.0044002532958984375,0.0006133529323016182,6.514383172988891,0.0881315984761192,30,19,3,uniform,"{'clf__leaf_size': 30, 'clf__n_neighbors': 19, 'clf__p': 3, 'clf__weights': 'uniform'}",0.6234103598014887,0.6276862711662279,0.6384929950070795,0.6705618909571387,0.640931427481371,0.6402165888826612,0.016515310024731878,331,0.6700252870731079,0.6741770485941554,0.674664354075266,0.6764635382871325,0.6710624707801942,0.6732785397619713,0.0023818744646733766
0.0039574623107910155,0.00019669757610538808,6.5213559627532955,0.2280332801822008,30,19,3,distance,"{'clf__leaf_size': 30, 'clf__n_neighbors': 19, 'clf__p': 3, 'clf__weights': 'distance'}",0.6405769555392197,0.6321129673965278,0.6521894723143992,0.6721701192522597,0.6543596106799022,0.6502818250364617,0.013591591205351127,274,1.0,1.0,1.0,1.0,1.0,1.0,0.0
0.003983926773071289,0.0004135812504549477,6.433404731750488,0.12381677804009454,30,19,4,uniform,"{'clf__leaf_size': 30, 'clf__n_neighbors': 19, 'clf__p': 4, 'clf__weights': 'uniform'}",0.5960470572518765,0.581588510987972,0.6354324156855802,0.6346365088983553,0.5893464430306535,0.6074101871708875,0.023016065782634293,541,0.6376102246270122,0.6563593470994377,0.6519254160767726,0.6400275576324551,0.6530118131373107,0.6477868717145976,0.007505811048817535
0.0038945674896240234,9.642361860655126e-05,6.645342683792114,0.19658054811783163,30,19,4,distance,"{'clf__leaf_size': 30, 'clf__n_neighbors': 19, 'clf__p': 4, 'clf__weights': 'distance'}",0.6187578671328672,0.6078155639549495,0.6384220972491913,0.6424389628414611,0.6149580148934182,0.6244785012143774,0.013550061582397044,445,1.0,1.0,1.0,1.0,1.0,1.0,0.0
0.003891134262084961,9.315531044793868e-05,6.482402706146241,0.10653125711986668,30,19,5,uniform,"{'clf__leaf_size': 30, 'clf__n_neighbors': 19, 'clf__p': 5, 'clf__weights': 'uniform'}",0.5859665007958054,0.5600922953130713,0.5962584584941512,0.6316812940129323,0.5874552740313481,0.5922907645294616,0.023097515487145486,607,0.6309745908103598,0.6391365059979466,0.6352380657205127,0.6238219716508084,0.6239033777371593,0.6306149023833573,0.006087843857794777
0.003930807113647461,7.549357811468087e-05,6.452945423126221,0.0912211850629665,30,19,5,distance,"{'clf__leaf_size': 30, 'clf__n_neighbors': 19, 'clf__p': 5, 'clf__weights': 'distance'}",0.6062041933276994,0.5693934502847703,0.5974393685938755,0.62104782647587,0.5833290391523167,0.5954827755669063,0.017892540823287006,598,1.0,1.0,1.0,1.0,1.0,1.0,0.0
0.004116964340209961,0.0006170714346346353,0.09580693244934083,0.0005941912886841566,30,21,1,uniform,"{'clf__leaf_size': 30, 'clf__n_neighbors': 21, 'clf__p': 1, 'clf__weights': 'uniform'}",0.6926588950642248,0.6482901364643888,0.7062070423120668,0.6822695761347198,0.716577634637015,0.689200656922483,0.023547339675150856,109,0.7023922166015366,0.7172998144547114,0.7005824423456469,0.7290216748510057,0.6855646715083596,0.7069721639522519,0.014919292801307672
0.004772281646728516,0.000643035665918889,0.09659256935119628,0.0006017567350807561,30,21,1,distance,"{'clf__leaf_size': 30, 'clf__n_neighbors': 21, 'clf__p': 1, 'clf__weights': 'distance'}",0.6987719191017036,0.6597263544379545,0.7061774255825526,0.6822695761347198,0.7333378282126286,0.6960566206939118,0.024534313990804045,82,1.0,1.0,1.0,1.0,1.0,1.0,0.0
0.00432438850402832,0.0002633895583001235,0.01756114959716797,0.0056818531770391895,30,21,2,uniform,"{'clf__leaf_size': 30, 'clf__n_neighbors': 21, 'clf__p': 2, 'clf__weights': 'uniform'}",0.6760135910928965,0.6495425010870971,0.6784372465889452,0.6778969822859984,0.7151690501580532,0.6794118742425981,0.020907167226673,148,0.6836291209533469,0.7135526367391263,0.7072981083459025,0.7216018416709487,0.682916253387681,0.7017995922194011,0.015793943965212744
0.004182338714599609,0.00015617097592262,0.016377639770507813,0.0048838556244607916,30,21,2,distance,"{'clf__leaf_size': 30, 'clf__n_neighbors': 21, 'clf__p': 2, 'clf__weights': 'distance'}",0.6808189421092647,0.6419657379080664,0.679873120584583,0.6837605440503922,0.7136072088428064,0.6800051106990226,0.02276347031805563,139,1.0,1.0,1.0,1.0,1.0,1.0,0.0
0.004160833358764648,0.00017625699735927282,6.561925029754638,0.12631232706564635,30,21,3,uniform,"{'clf__leaf_size': 30, 'clf__n_neighbors': 21, 'clf__p': 3, 'clf__weights': 'uniform'}",0.6148890852921257,0.6103466325434814,0.6295120290883003,0.6803450076593851,0.642190253671562,0.635456601650971,0.02509654272689345,358,0.6619388111914843,0.6695009371684828,0.6583917664299177,0.6619270452120801,0.6649132444923602,0.663334360898865,0.0037115191715342446
0.0039751529693603516,0.00015129322421961777,6.332741165161133,0.040312539310700606,30,21,3,distance,"{'clf__leaf_size': 30, 'clf__n_neighbors': 21, 'clf__p': 3, 'clf__weights': 'distance'}",0.6330886825589681,0.606917000938971,0.6291915223104942,0.6775677750655802,0.6385053802619747,0.6370540722271977,0.022931434690981637,355,1.0,1.0,1.0,1.0,1.0,1.0,0.0
0.004346895217895508,0.0007308535778831363,6.309416627883911,0.0031282951119303085,30,21,4,uniform,"{'clf__leaf_size': 30, 'clf__n_neighbors': 21, 'clf__p': 4, 'clf__weights': 'uniform'}",0.5908735845533417,0.5687306241020925,0.6082911895229781,0.657756358362569,0.5897244928984059,0.6030752498878774,0.030079582177256158,568,0.6373880889292984,0.6461900556872977,0.639478889654946,0.6310364994274219,0.6407720466759582,0.6389731160749845,0.004920942398606423
0.003905582427978516,4.7660201950814796e-05,6.331916332244873,0.0388924412086718,30,21,4,distance,"{'clf__leaf_size': 30, 'clf__n_neighbors': 21, 'clf__p': 4, 'clf__weights': 'distance'}",0.5994737181916432,0.5976521739130435,0.6266436147972095,0.6516754683767132,0.6023034982435598,0.6155496947044339,0.020891943798717075,493,1.0,1.0,1.0,1.0,1.0,1.0,0.0
0.004210472106933594,0.0003939714190740665,6.320774126052856,0.015899196321482508,30,21,5,uniform,"{'clf__leaf_size': 30, 'clf__n_neighbors': 21, 'clf__p': 5, 'clf__weights': 'uniform'}",0.5857590784061372,0.542495675590675,0.6040632799882543,0.6399641721765488,0.5830900757870772,0.5910744563897385,0.03165695932596374,616,0.6163509034000817,0.6303086932447397,0.6239716682048376,0.6112313462550871,0.6318481190957632,0.6227421460401018,0.007937626859689578
0.003863096237182617,0.0001036506229572587,6.319856452941894,0.02661698007113097,30,21,5,distance,"{'clf__leaf_size': 30, 'clf__n_neighbors': 21, 'clf__p': 5, 'clf__weights': 'distance'}",0.6033154808206438,0.550180398029373,0.593894075848963,0.6302934750716689,0.5814996857805363,0.591836623110237,0.02629456259471568,613,1.0,1.0,1.0,1.0,1.0,1.0,0.0
0.004095458984375,0.0005210517821040972,0.09583034515380859,0.0005298175108674895,30,23,1,uniform,"{'clf__leaf_size': 30, 'clf__n_neighbors': 23, 'clf__p': 1, 'clf__weights': 'uniform'}",0.6902649737062847,0.64472087268901,0.7141336930455635,0.6822148043818349,0.7117902727075605,0.6886249233060507,0.025134342231453288,112,0.7046606545167787,0.7119620620934708,0.6924570498873905,0.720264094139887,0.6855372714747714,0.7029762264224597,0.012627138516465748
0.004193162918090821,0.0005263096392488485,0.0976499080657959,0.0012583605453785507,30,23,1,distance,"{'clf__leaf_size': 30, 'clf__n_neighbors': 23, 'clf__p': 1, 'clf__weights': 'distance'}",0.6852321363100122,0.6561000108545442,0.712536611541271,0.6831673606712287,0.7229410100118587,0.691995425877783,0.023629334000857052,97,1.0,1.0,1.0,1.0,1.0,1.0,0.0
0.004260587692260742,0.0001000331625099071,0.012760782241821289,0.0006263861410934682,30,23,2,uniform,"{'clf__leaf_size': 30, 'clf__n_neighbors': 23, 'clf__p': 2, 'clf__weights': 'uniform'}",0.6717667618919717,0.630389119823878,0.6669343736319441,0.6901094276094276,0.6901986686344411,0.6698796703183325,0.021880787180354598,187,0.6830099916080286,0.7091898610970817,0.6955269276242424,0.7214454049238804,0.6892270739251235,0.6996798518356713,0.013918126044478944
0.004552364349365234,0.0008771947218566505,0.013263082504272461,0.0007509512280785524,30,23,2,distance,"{'clf__leaf_size': 30, 'clf__n_neighbors': 23, 'clf__p': 2, 'clf__weights': 'distance'}",0.6767768834175084,0.6388610712961473,0.6731465652954364,0.6873691084988155,0.6967687431140043,0.6745844743243824,0.019690730898720515,169,1.0,1.0,1.0,1.0,1.0,1.0,0.0
0.004741144180297851,0.0011192634930972112,6.3020920753479,0.004836223507052134,30,23,3,uniform,"{'clf__leaf_size': 30, 'clf__n_neighbors': 23, 'clf__p': 3, 'clf__weights': 'uniform'}",0.6011388877943026,0.6180921167573341,0.6389801369532089,0.6584891731330828,0.6370959074392809,0.6307592444154418,0.019567866355588773,406,0.6522597598437606,0.6708960247152149,0.6549093690007367,0.6543511183597391,0.6563864287759712,0.6577605401390845,0.006699866486356915
0.0038634777069091798,8.939273720987023e-05,6.315002059936523,0.01949347332298957,30,23,3,distance,"{'clf__leaf_size': 30, 'clf__n_neighbors': 23, 'clf__p': 3, 'clf__weights': 'distance'}",0.611927431514808,0.620608931831842,0.641951530806422,0.6613029257559245,0.6356641764340238,0.6342909992686041,0.0171903558052105,370,1.0,1.0,1.0,1.0,1.0,1.0,0.0
0.003941822052001953,0.00012260107419937357,6.292831707000732,0.0043660637917387335,30,23,4,uniform,"{'clf__leaf_size': 30, 'clf__n_neighbors': 23, 'clf__p': 4, 'clf__weights': 'uniform'}",0.5812875473899096,0.595887981367032,0.6010551703993883,0.6312900877540987,0.5866423971381763,0.5992326368097209,0.017451239950438586,586,0.635975370632906,0.6386721997554439,0.6274064668216669,0.6309321100377989,0.6332119928366292,0.6332396280168889,0.003907641125080282
0.0039012908935546877,0.00013972739646418025,6.327476644515992,0.034373148235777376,30,23,4,distance,"{'clf__leaf_size': 30, 'clf__n_neighbors': 23, 'clf__p': 4, 'clf__weights': 'distance'}",0.5841190373252629,0.6040950405299512,0.6309279016498268,0.6455967145563098,0.5978577336435378,0.6125192855409777,0.02247441462672011,517,1.0,1.0,1.0,1.0,1.0,1.0,0.0
0.003898429870605469,9.784896004599866e-05,6.307913970947266,0.01953372326002621,30,23,5,uniform,"{'clf__leaf_size': 30, 'clf__n_neighbors': 23, 'clf__p': 5, 'clf__weights': 'uniform'}",0.5767199877042396,0.5369154425055046,0.5916953943739658,0.596468511647083,0.5744893442104597,0.5752577360882505,0.020942558070956407,685,0.623293897646735,0.632397350228781,0.611543075704717,0.6098986069257902,0.6232155323282981,0.6200696925668643,0.008347659886016108
0.004053878784179688,0.0004912288691278794,6.347498512268066,0.03653836917462693,30,23,5,distance,"{'clf__leaf_size': 30, 'clf__n_neighbors': 23, 'clf__p': 5, 'clf__weights': 'distance'}",0.5867243853549253,0.5441739007453293,0.5949545275967649,0.6205545909651315,0.5779713684106416,0.5848757546145584,0.02482857193242084,640,1.0,1.0,1.0,1.0,1.0,1.0,0.0
0.003985977172851563,0.00010355401325415535,0.09592232704162598,0.0006377352607199248,30,25,1,uniform,"{'clf__leaf_size': 30, 'clf__n_neighbors': 25, 'clf__p': 1, 'clf__weights': 'uniform'}",0.6802125789383854,0.6415258475037402,0.7149532710280374,0.6726440165091603,0.7042758671462894,0.6827223162251225,0.025723179999152173,121,0.698775486140193,0.7069839436245954,0.6958536162721404,0.718318929909839,0.6703724860092668,0.6980608923912068,0.015887350235223842
0.003999185562133789,0.00016149555903241666,0.09657130241394044,0.0005702881230228204,30,25,1,distance,"{'clf__leaf_size': 30, 'clf__n_neighbors': 25, 'clf__p': 1, 'clf__weights': 'distance'}",0.6837578568241219,0.6499941787059652,0.729050097592713,0.6690598932618745,0.7042758671462894,0.6872275787061929,0.027452493747088382,115,1.0,1.0,1.0,1.0,1.0,1.0,0.0
0.004745054244995117,0.0005890582006010848,0.012881946563720704,8.141879629662805e-05,30,25,2,uniform,"{'clf__leaf_size': 30, 'clf__n_neighbors': 25, 'clf__p': 2, 'clf__weights': 'uniform'}",0.6645722453646982,0.6388138985849399,0.6777337212587392,0.6810932837445746,0.6858173371701763,0.6696060972246257,0.016937043359274824,190,0.6770637405818838,0.7026585432795087,0.6960765020490292,0.7036425938473948,0.6785678775162837,0.6916018514548201,0.011562815866344781
0.004807233810424805,0.000846958745641155,0.01341867446899414,0.0007386289002602033,30,25,2,distance,"{'clf__leaf_size': 30, 'clf__n_neighbors': 25, 'clf__p': 2, 'clf__weights': 'distance'}",0.6797631985678607,0.6487354721290851,0.6766861221443541,0.6799957021929423,0.6873913377263131,0.674514366552111,0.013361733305108231,172,1.0,1.0,1.0,1.0,1.0,1.0,0.0
0.004481887817382813,0.0003334812953250232,6.325108623504638,0.018252284598365663,30,25,3,uniform,"{'clf__leaf_size': 30, 'clf__n_neighbors': 25, 'clf__p': 3, 'clf__weights': 'uniform'}",0.5998750631616568,0.5954850199036246,0.6304115531104528,0.6496003773047322,0.6405330029967886,0.623181003295451,0.02173288019966543,460,0.6501396918422836,0.6621433809743853,0.6573294076032986,0.6606776885306038,0.6463562254434387,0.6553292788788021,0.0061071350017919265
0.004217910766601563,0.0005336643030898672,6.319758081436158,0.01390129002279108,30,25,3,distance,"{'clf__leaf_size': 30, 'clf__n_neighbors': 25, 'clf__p': 3, 'clf__weights': 'distance'}",0.604104174623556,0.6124240371503797,0.6453773553559187,0.6521595320102783,0.6441155667907554,0.6316361331861776,0.019457033306673345,397,1.0,1.0,1.0,1.0,1.0,1.0,0.0
0.004273223876953125,0.0009035069327837537,6.33016448020935,0.02530012123098305,30,25,4,uniform,"{'clf__leaf_size': 30, 'clf__n_neighbors': 25, 'clf__p': 4, 'clf__weights': 'uniform'}",0.5850799885321101,0.5880294599018003,0.6285148443466173,0.63764243353937,0.5868992417258267,0.6052331936091448,0.02293751518332628,559,0.634568395073758,0.6369397899855446,0.6254190917787293,0.6210822344022217,0.637986440467377,0.631199190341526,0.006725104102464639
0.0038909912109375,8.015461011566423e-05,6.314677762985229,0.005275715766645872,30,25,4,distance,"{'clf__leaf_size': 30, 'clf__n_neighbors': 25, 'clf__p': 4, 'clf__weights': 'distance'}",0.5916125732788601,0.5952148828145033,0.6331180563991917,0.6458292584209292,0.5778498488768726,0.6087249239580714,0.026078268979978413,529,1.0,1.0,1.0,1.0,1.0,1.0,0.0
0.004152488708496094,0.0005279602385657624,6.323687648773193,0.005927468547221904,30,25,5,uniform,"{'clf__leaf_size': 30, 'clf__n_neighbors': 25, 'clf__p': 5, 'clf__weights': 'uniform'}",0.5716049755334336,0.5527684808985888,0.5787931715517516,0.5914257599587947,0.5817731916869847,0.5752731159259106,0.012926434445845188,682,0.6139159946267366,0.6168407730627546,0.6246293053204918,0.6068839212276399,0.6187333765073759,0.6162006741489998,0.005829026965071908
0.0038660049438476564,6.485588382283866e-05,6.340706062316895,0.042710117604317456,30,25,5,distance,"{'clf__leaf_size': 30, 'clf__n_neighbors': 25, 'clf__p': 5, 'clf__weights': 'distance'}",0.588697860257555,0.5420105417578388,0.5921716727472637,0.6016976757578262,0.5827549431374339,0.5814665387315835,0.020662170717450884,655,1.0,1.0,1.0,1.0,1.0,1.0,0.0
0.003921365737915039,0.0001499707519675383,0.09773478507995606,0.00378656456563857,30,27,1,uniform,"{'clf__leaf_size': 30, 'clf__n_neighbors': 27, 'clf__p': 1, 'clf__weights': 'uniform'}",0.6709524167801612,0.640844903696762,0.7165808285489137,0.6666181610401252,0.6973408187423784,0.6784674257616681,0.026157870844488958,157,0.6955421157476274,0.7042317216522126,0.6932414247334185,0.7098021525799304,0.6701191002893825,0.6945873030005142,0.013608250868193257
0.0044593334197998045,0.00042303614060767937,0.10208768844604492,0.0028160844897585167,30,27,1,distance,"{'clf__leaf_size': 30, 'clf__n_neighbors': 27, 'clf__p': 1, 'clf__weights': 'distance'}",0.6744916243014908,0.6494490255616416,0.705735500601426,0.6639705842898564,0.7007195590786921,0.6788732587666214,0.02147517078192479,154,1.0,1.0,1.0,1.0,1.0,1.0,0.0
0.003877401351928711,0.00011996847641114297,0.01314406394958496,0.0006134233327644734,30,27,2,uniform,"{'clf__leaf_size': 30, 'clf__n_neighbors': 27, 'clf__p': 2, 'clf__weights': 'uniform'}",0.6377521339995009,0.6235923169786842,0.6777634766723325,0.688891602480814,0.6801487965666606,0.6616296653395984,0.025936259095883044,238,0.674318654532186,0.6976182566893429,0.6862599764626753,0.6986743608325598,0.6661837261561678,0.6846109949345863,0.012768576775882069
0.004074573516845703,0.00036031110608006974,0.01424999237060547,0.0024598101251812826,30,27,2,distance,"{'clf__leaf_size': 30, 'clf__n_neighbors': 27, 'clf__p': 2, 'clf__weights': 'distance'}",0.6622694111773524,0.6540470170369033,0.6898321592788058,0.6904617441382147,0.6779844180236693,0.6749189499309891,0.014622091320069048,166,1.0,1.0,1.0,1.0,1.0,1.0,0.0
0.003978061676025391,0.00028506142900316966,6.298608827590942,0.012505562618684499,30,27,3,uniform,"{'clf__leaf_size': 30, 'clf__n_neighbors': 27, 'clf__p': 3, 'clf__weights': 'uniform'}",0.6085282307055814,0.5972876560590187,0.6145011378608216,0.6707418029188363,0.6273031044916177,0.623672386407175,0.02544925669608045,451,0.6450837910112865,0.6632652734703794,0.6509273479833765,0.651510789250997,0.6487924947270258,0.6519159392886131,0.006105456603790826
0.003902292251586914,0.00013841611090242796,6.2936177253723145,0.010039344589912059,30,27,3,distance,"{'clf__leaf_size': 30, 'clf__n_neighbors': 27, 'clf__p': 3, 'clf__weights': 'distance'}",0.6156801546525635,0.612888781010412,0.6246687658227519,0.6695348817217727,0.6390161639999683,0.6323577494414938,0.02070157973595906,385,1.0,1.0,1.0,1.0,1.0,1.0,0.0
0.003879261016845703,0.0001363146753308748,6.321927547454834,0.03551383750860683,30,27,4,uniform,"{'clf__leaf_size': 30, 'clf__n_neighbors': 27, 'clf__p': 4, 'clf__weights': 'uniform'}",0.6096786367603808,0.574929505429882,0.6232011742944714,0.6415795272132538,0.6149170992796491,0.6128611885955274,0.021839534197963813,508,0.6298691173781847,0.6337800759149028,0.6248566709436753,0.6203593236181575,0.6319960957372406,0.6281722567184321,0.0049190192058950226
0.004141807556152344,0.00043522283418641393,6.3218138217926025,0.02144157108909017,30,27,4,distance,"{'clf__leaf_size': 30, 'clf__n_neighbors': 27, 'clf__p': 4, 'clf__weights': 'distance'}",0.6113540305010893,0.5881949181755506,0.623932590365402,0.6309486888378146,0.6083383115618805,0.6125537078883474,0.01469975318740304,514,1.0,1.0,1.0,1.0,1.0,1.0,0.0
0.004358482360839844,0.0009383160041161073,6.318213176727295,0.007915679494921652,30,27,5,uniform,"{'clf__leaf_size': 30, 'clf__n_neighbors': 27, 'clf__p': 5, 'clf__weights': 'uniform'}",0.5751836673655027,0.5265283225283476,0.5803383503861584,0.6184683163406568,0.5812477322644293,0.5763532777770191,0.029316913601854407,679,0.6112479665271167,0.6081457922774909,0.6107907678830008,0.6108302611757238,0.6142141157686555,0.6110457807263975,0.001928763296458328
0.0038825035095214843,0.00011536745666623554,6.343645811080933,0.03340611410660111,30,27,5,distance,"{'clf__leaf_size': 30, 'clf__n_neighbors': 27, 'clf__p': 5, 'clf__weights': 'distance'}",0.5789279419059983,0.5422020770991023,0.5875245806824754,0.6114668351673518,0.5853188467231636,0.5810880563156182,0.02235613612326699,658,1.0,1.0,1.0,1.0,1.0,1.0,0.0
0.0046966552734375,0.0008303596516828472,0.09652156829833984,0.000610871789926245,30,29,1,uniform,"{'clf__leaf_size': 30, 'clf__n_neighbors': 29, 'clf__p': 1, 'clf__weights': 'uniform'}",0.6779936312091098,0.6145441821634363,0.711818923787009,0.658661321224726,0.6972432904768718,0.6720522697722305,0.03387557147804022,178,0.687004165057964,0.6980748142077943,0.6791282156886894,0.7045245260282497,0.6573581720641339,0.6852179786093663,0.01645895191097886
0.004355096817016601,0.0007162247546923393,0.09847426414489746,0.0017834701038796346,30,29,1,distance,"{'clf__leaf_size': 30, 'clf__n_neighbors': 29, 'clf__p': 1, 'clf__weights': 'distance'}",0.6804760073020027,0.6271588940347858,0.720400432900433,0.6564701328690857,0.6972432904768718,0.6763497515166358,0.03227682817390115,160,1.0,1.0,1.0,1.0,1.0,1.0,0.0
0.004119348526000976,0.0003593508667692561,0.013093662261962891,0.00092109432307412,30,29,2,uniform,"{'clf__leaf_size': 30, 'clf__n_neighbors': 29, 'clf__p': 2, 'clf__weights': 'uniform'}",0.6538601381815259,0.6314628851540616,0.6762073329114469,0.6812540672228239,0.6762583732057417,0.66380855933512,0.01875253006261583,226,0.6595001385132202,0.6908510335146405,0.6758736462511906,0.6913454688354211,0.6600982814377949,0.6755337137104535,0.014000539584580992
0.003999185562133789,0.00016914808696009585,0.015018463134765625,0.0036769730734837512,30,29,2,distance,"{'clf__leaf_size': 30, 'clf__n_neighbors': 29, 'clf__p': 2, 'clf__weights': 'distance'}",0.6525997150997151,0.6403800650695061,0.6862255900979811,0.6884339344011071,0.6786616691130216,0.6692601947562661,0.01926384242180148,199,1.0,1.0,1.0,1.0,1.0,1.0,0.0
0.003956508636474609,0.00010646988950406154,6.296096134185791,0.01696259987106917,30,29,3,uniform,"{'clf__leaf_size': 30, 'clf__n_neighbors': 29, 'clf__p': 3, 'clf__weights': 'uniform'}",0.6213618251411624,0.5880073665436443,0.6269532308336178,0.6488858711080934,0.6325396825396825,0.62354959523324,0.020011844685003954,454,0.637349731136758,0.666852097846935,0.6628318518803631,0.6522856790682381,0.6431317895940537,0.6524902299052695,0.011225589916903218
0.003948593139648437,9.447666442225366e-05,6.29668116569519,0.0042140912171147096,30,29,3,distance,"{'clf__leaf_size': 30, 'clf__n_neighbors': 29, 'clf__p': 3, 'clf__weights': 'distance'}",0.6156801546525635,0.6016935892101795,0.6304685859949017,0.6660765284201482,0.6401690500761708,0.6308175816707928,0.021945904942701874,400,1.0,1.0,1.0,1.0,1.0,1.0,0.0
0.0040852069854736325,0.000465466164296746,6.299877405166626,0.0075067683288258715,30,29,4,uniform,"{'clf__leaf_size': 30, 'clf__n_neighbors': 29, 'clf__p': 4, 'clf__weights': 'uniform'}",0.5999296629423299,0.5765783619817998,0.6177883302577741,0.6290893727187045,0.6252507920914755,0.6097273039984167,0.01936850360323937,526,0.6131598949789941,0.6247684140377496,0.6207755548411488,0.6218208642935092,0.6239923396540107,0.6209034135610825,0.004130371334929847
0.003864908218383789,9.652208850569746e-05,6.300546312332154,0.012941610171728,30,29,4,distance,"{'clf__leaf_size': 30, 'clf__n_neighbors': 29, 'clf__p': 4, 'clf__weights': 'distance'}",0.6117212327102018,0.5743945323535744,0.6227752262984705,0.6311420524240354,0.6299309566782545,0.6139928000929074,0.020968717305748466,499,1.0,1.0,1.0,1.0,1.0,1.0,0.0
0.003880929946899414,8.66930607093223e-05,6.296622848510742,0.004774534800030634,30,29,5,uniform,"{'clf__leaf_size': 30, 'clf__n_neighbors': 29, 'clf__p': 5, 'clf__weights': 'uniform'}",0.5674008640602313,0.5487906266064368,0.5953572931969107,0.6085815700382247,0.5794577453928599,0.5799176198589328,0.020908256368498034,664,0.605910505337784,0.6072405257681078,0.601664434234291,0.6027437055403034,0.614163165919069,0.6063444673599111,0.004404349818190504
0.004206943511962891,0.0005924534344372541,6.321096038818359,0.041631047663515254,30,29,5,distance,"{'clf__leaf_size': 30, 'clf__n_neighbors': 29, 'clf__p': 5, 'clf__weights': 'distance'}",0.5712508142653384,0.5518878655691006,0.5891997851772288,0.6110957132298596,0.5694134521742813,0.5785695260831616,0.02010106215399496,676,1.0,1.0,1.0,1.0,1.0,1.0,0.0
0.004246377944946289,0.0007579366993444145,0.09638290405273438,0.0004827722118896072,30,31,1,uniform,"{'clf__leaf_size': 30, 'clf__n_neighbors': 31, 'clf__p': 1, 'clf__weights': 'uniform'}",0.654711683749513,0.6257951543381535,0.7160073603828082,0.6670782392202731,0.6898692218357654,0.6706923319053025,0.03067704108362954,181,0.6825573691653284,0.692274713585336,0.6758597525291121,0.6964740078607833,0.6640912141923182,0.6822514114665756,0.011605933936419805
0.004329061508178711,0.0007435135984915177,0.09985384941101075,0.005335628701256177,30,31,1,distance,"{'clf__leaf_size': 30, 'clf__n_neighbors': 31, 'clf__p': 1, 'clf__weights': 'distance'}",0.6745212920293565,0.6421170789413281,0.722616956917678,0.6596042622500015,0.7012031879218175,0.6800125556120363,0.02879894954364148,136,1.0,1.0,1.0,1.0,1.0,1.0,0.0
0.0040496826171875,0.00012303679421760364,0.012807273864746093,0.00014218701990956632,30,31,2,uniform,"{'clf__leaf_size': 30, 'clf__n_neighbors': 31, 'clf__p': 2, 'clf__weights': 'uniform'}",0.6538847551014559,0.6216097830261137,0.6725576978749506,0.6747879991412623,0.6768888102386112,0.6599458090764788,0.02084611667427106,244,0.6588446121397221,0.6862612727518562,0.6674219843635598,0.6795403363795268,0.6513871385010591,0.6686910688271449,0.012840622740211204
0.004055595397949219,0.00013868254392593774,0.013764476776123047,0.0011951895795006924,30,31,2,distance,"{'clf__leaf_size': 30, 'clf__n_neighbors': 31, 'clf__p': 2, 'clf__weights': 'distance'}",0.6500757607206609,0.625137492143306,0.6734629672067606,0.6756715469062823,0.6768888102386112,0.6602473154431243,0.020127890770826055,241,1.0,1.0,1.0,1.0,1.0,1.0,0.0
0.004906606674194336,0.0008951961211356376,6.332649803161621,0.02740027556008891,30,31,3,uniform,"{'clf__leaf_size': 30, 'clf__n_neighbors': 31, 'clf__p': 3, 'clf__weights': 'uniform'}",0.6177626866326212,0.5878831095161257,0.6329354340534569,0.6534396955503513,0.6362784851188062,0.6256598821742723,0.022031144612745468,436,0.6384853110894471,0.6578115494564952,0.6565986130886464,0.6486357600824254,0.6435459624718353,0.6490154392377698,0.007427233829721324
0.004342508316040039,0.0008437537971272546,6.341628313064575,0.03399000457251399,30,31,3,distance,"{'clf__leaf_size': 30, 'clf__n_neighbors': 31, 'clf__p': 3, 'clf__weights': 'distance'}",0.6195252032347851,0.6110431481031869,0.6489059186427607,0.6578058326256156,0.6397230518598969,0.635400630893249,0.017597643910963554,361,1.0,1.0,1.0,1.0,1.0,1.0,0.0
0.003864431381225586,5.653257954237988e-05,6.3222188472747805,0.024051342714691268,30,31,4,uniform,"{'clf__leaf_size': 30, 'clf__n_neighbors': 31, 'clf__p': 4, 'clf__weights': 'uniform'}",0.5963236413630114,0.581509168124126,0.6087963250224474,0.6342652441691178,0.6041575153664727,0.6050103788090351,0.017312852007290488,565,0.613502332454896,0.6224889499214592,0.6233947960910914,0.6145799419675512,0.6095845263829976,0.616710109363599,0.005360623349621041
0.0038795948028564455,5.144593425958292e-05,6.313158082962036,0.01694087828218579,30,31,4,distance,"{'clf__leaf_size': 30, 'clf__n_neighbors': 31, 'clf__p': 4, 'clf__weights': 'distance'}",0.602585242830379,0.5749457404009034,0.6197006901412275,0.634019930286164,0.6046931191775043,0.6071889445672356,0.019715440654103532,547,1.0,1.0,1.0,1.0,1.0,1.0,0.0
0.0039098262786865234,0.00010972229202567841,6.323134231567383,0.026733386840362597,30,31,5,uniform,"{'clf__leaf_size': 30, 'clf__n_neighbors': 31, 'clf__p': 5, 'clf__weights': 'uniform'}",0.5475900070518618,0.5405501061785822,0.5849711742662995,0.6085480319478377,0.5915195562254386,0.574635775134004,0.026211562718259952,691,0.6080777767538417,0.6049273919971195,0.595737204477725,0.5912438892393583,0.6104513172038291,0.6020875159343747,0.0073730860283770724
0.004137229919433594,0.00046765222735439127,6.321312189102173,0.02565306803056774,30,31,5,distance,"{'clf__leaf_size': 30, 'clf__n_neighbors': 31, 'clf__p': 5, 'clf__weights': 'distance'}",0.5689828951088493,0.5453538681308869,0.5899617996604414,0.6142729831144466,0.5843366778149387,0.5805816447659126,0.02285922614182078,661,1.0,1.0,1.0,1.0,1.0,1.0,0.0
0.0038910388946533205,0.00011180640728644648,0.09700274467468262,0.0007629729352995073,30,33,1,uniform,"{'clf__leaf_size': 30, 'clf__n_neighbors': 33, 'clf__p': 1, 'clf__weights': 'uniform'}",0.6456860620022262,0.6290261552231744,0.7176375761867626,0.6531947638313178,0.6774138715709874,0.6645916857628936,0.030758720199723665,223,0.6802937201475943,0.692710707408664,0.6762689252951113,0.6942133074545473,0.6675929383050178,0.682215919722187,0.010069469305101749
0.003920936584472656,0.00021198662400246214,0.09987578392028809,0.0030900874334087885,30,33,1,distance,"{'clf__leaf_size': 30, 'clf__n_neighbors': 33, 'clf__p': 1, 'clf__weights': 'distance'}",0.6760512285409408,0.6311512003901555,0.7176375761867626,0.659088728774621,0.6842647251738161,0.6736386918132592,0.02853602318617313,175,1.0,1.0,1.0,1.0,1.0,1.0,0.0
0.004021501541137696,0.00011787156068257843,0.012899065017700195,0.00011682204806944242,30,33,2,uniform,"{'clf__leaf_size': 30, 'clf__n_neighbors': 33, 'clf__p': 2, 'clf__weights': 'uniform'}",0.6378482625031563,0.6171534479483283,0.672346963175514,0.679318835555106,0.6771407796328474,0.6567616577629903,0.02487393586833513,253,0.6536465325739338,0.6794831775253306,0.6612666918059219,0.6793988096001364,0.6447600917557379,0.6637110606522121,0.01386559789062635
0.003924751281738281,0.0001494462426696645,0.013402652740478516,0.0009276349730475965,30,33,2,distance,"{'clf__leaf_size': 30, 'clf__n_neighbors': 33, 'clf__p': 2, 'clf__weights': 'distance'}",0.6452915728339458,0.6269985994397759,0.6838620349859336,0.6910295672257395,0.6904027545856515,0.6675169058142092,0.026379799642222368,208,1.0,1.0,1.0,1.0,1.0,1.0,0.0
0.004165363311767578,0.00044193301264651853,6.311560869216919,0.015184856705417431,30,33,3,uniform,"{'clf__leaf_size': 30, 'clf__n_neighbors': 33, 'clf__p': 3, 'clf__weights': 'uniform'}",0.6056821298131458,0.5988528881559761,0.6416920279918253,0.6848150501789315,0.6439359085139599,0.6349956009307678,0.03089441384503435,364,0.6292366343563223,0.6478261869709238,0.646969998498594,0.6427381641124962,0.6419459890505567,0.6417433945977786,0.006659841049571572
0.0037884235382080076,4.283855774240472e-05,6.294623756408692,0.011348681500498179,30,33,3,distance,"{'clf__leaf_size': 30, 'clf__n_neighbors': 33, 'clf__p': 3, 'clf__weights': 'distance'}",0.6235174260141729,0.6039840337996075,0.645213613900845,0.6797764776021054,0.6542294550769128,0.6413442012787287,0.02596774157789294,328,1.0,1.0,1.0,1.0,1.0,1.0,0.0
0.004183912277221679,0.0004435631054518823,6.309734153747558,0.03501112895696075,30,33,4,uniform,"{'clf__leaf_size': 30, 'clf__n_neighbors': 33, 'clf__p': 4, 'clf__weights': 'uniform'}",0.5791199911169224,0.5398315524766244,0.61936567622699,0.6342316896639573,0.6003827743499182,0.5945863367668824,0.03303532233686725,601,0.6042472731395971,0.6190064527137081,0.6276740808540117,0.614477057887946,0.607477236221683,0.6145764201633892,0.008345938745313608
0.0038108348846435545,0.00010930064627142067,6.314787483215332,0.014959034798012286,30,33,4,distance,"{'clf__leaf_size': 30, 'clf__n_neighbors': 33, 'clf__p': 4, 'clf__weights': 'distance'}",0.5948024624172418,0.568255985177415,0.6228715981805566,0.6504302972026426,0.6040132863062014,0.6080747258568115,0.02753587562407493,532,1.0,1.0,1.0,1.0,1.0,1.0,0.0
0.00412297248840332,0.00042860979507945387,6.342307615280151,0.008319267222307329,30,33,5,uniform,"{'clf__leaf_size': 30, 'clf__n_neighbors': 33, 'clf__p': 5, 'clf__weights': 'uniform'}",0.5431159939208494,0.5191766921883055,0.5832545140793279,0.6075315746368378,0.5883725098816223,0.5682902569413886,0.032289294358048885,706,0.5930708560600545,0.6031558608418957,0.594090635997805,0.5885252152104792,0.5962562509475,0.5950197638115469,0.004786766273265366
0.003956508636474609,0.00023663283113861512,6.332031631469727,0.010529913510919317,30,33,5,distance,"{'clf__leaf_size': 30, 'clf__n_neighbors': 33, 'clf__p': 5, 'clf__weights': 'distance'}",0.5533507382487618,0.5255358676411308,0.5865194450175365,0.603809344227949,0.5869264738145008,0.5712283737899758,0.028104027501598853,694,1.0,1.0,1.0,1.0,1.0,1.0,0.0
0.004031991958618164,0.00018274983002487742,0.09999794960021972,0.002966498604297764,30,35,1,uniform,"{'clf__leaf_size': 30, 'clf__n_neighbors': 35, 'clf__p': 1, 'clf__weights': 'uniform'}",0.6356071077398511,0.6108041462084015,0.7024285128152669,0.6508734530960085,0.6834341660161333,0.6566294771751322,0.03283618673814763,256,0.671989534955593,0.6829405739071324,0.6737089853448688,0.6894394315557693,0.6637545330097552,0.6763666117546239,0.008937582510288157
0.004087924957275391,0.00025295062942400456,0.10033092498779297,0.0022956117881926096,30,35,1,distance,"{'clf__leaf_size': 30, 'clf__n_neighbors': 35, 'clf__p': 1, 'clf__weights': 'distance'}",0.670466228752584,0.6220141861814303,0.7144974952155804,0.6538698147669795,0.6923107041572003,0.6706316858147549,0.03174535568658704,184,1.0,1.0,1.0,1.0,1.0,1.0,0.0
0.004404544830322266,0.0002884373741285078,0.017235565185546874,0.0015306496204227573,30,35,2,uniform,"{'clf__leaf_size': 30, 'clf__n_neighbors': 35, 'clf__p': 2, 'clf__weights': 'uniform'}",0.6421843853820598,0.6029191156922928,0.6737864912522634,0.6780731523378581,0.653503695135274,0.6500933679599497,0.02699564720117552,277,0.6424300365026941,0.6743318228576998,0.6563377936749486,0.6669882243250798,0.6439724096350006,0.6568120573990847,0.012509360981925448
0.004216670989990234,0.00022914533547302665,0.014730548858642578,0.0015649225017114144,30,35,2,distance,"{'clf__leaf_size': 30, 'clf__n_neighbors': 35, 'clf__p': 2, 'clf__weights': 'distance'}",0.6596561367944892,0.6137236574845402,0.6737864912522634,0.6920057824273766,0.6862010739133826,0.6650746283744104,0.02797782184828636,217,1.0,1.0,1.0,1.0,1.0,1.0,0.0
0.004281330108642578,0.00021364717474987364,6.332852792739868,0.03257014016482883,30,35,3,uniform,"{'clf__leaf_size': 30, 'clf__n_neighbors': 35, 'clf__p': 3, 'clf__weights': 'uniform'}",0.6033428912105382,0.5737529408261115,0.6430993532093344,0.6826562302623392,0.6294546436078532,0.6264612118232353,0.0367594533677037,427,0.6209612068008813,0.6513024446118887,0.6325012023013752,0.6403788902714753,0.6347274229866621,0.6359742333944565,0.009933403344235786
0.004052257537841797,0.00016996061687825142,6.327242422103882,0.03290733929208231,30,35,3,distance,"{'clf__leaf_size': 30, 'clf__n_neighbors': 35, 'clf__p': 3, 'clf__weights': 'distance'}",0.6097020097020097,0.5924798393950665,0.6430993532093344,0.685257653307297,0.6371607557631179,0.6335399222753652,0.03172819988593913,376,1.0,1.0,1.0,1.0,1.0,1.0,0.0
0.003879880905151367,9.393917119771026e-05,6.352754735946656,0.03375568860736133,30,35,4,uniform,"{'clf__leaf_size': 30, 'clf__n_neighbors': 35, 'clf__p': 4, 'clf__weights': 'uniform'}",0.5805289138415936,0.5443097014925373,0.6129946718734487,0.6116245397156063,0.6037236384666443,0.5906362930779661,0.025922941235740328,619,0.6011033825460351,0.6119018847220353,0.6267477399401457,0.6085590467106353,0.6086993445658713,0.6114022796969445,0.008452098791649314
0.003793191909790039,4.755680361258269e-05,6.315579795837403,0.01842853404443092,30,35,4,distance,"{'clf__leaf_size': 30, 'clf__n_neighbors': 35, 'clf__p': 4, 'clf__weights': 'distance'}",0.5807678731870106,0.5754325619194315,0.6162727272727272,0.641011879691991,0.6121754558149676,0.6051320995772256,0.024235342532367112,562,1.0,1.0,1.0,1.0,1.0,1.0,0.0
0.00421438217163086,0.000674681722809884,6.344009494781494,0.03702017004374453,30,35,5,uniform,"{'clf__leaf_size': 30, 'clf__n_neighbors': 35, 'clf__p': 5, 'clf__weights': 'uniform'}",0.5542506726381393,0.5256613272311212,0.576885857231277,0.5761263724099047,0.5809308366029062,0.5627710132226698,0.02077064574670942,724,0.5843610272397445,0.598669387567952,0.5997807728119651,0.5776673767894107,0.5915794215620781,0.59041159719423,0.008442285447284655
0.004081869125366211,0.0003439424009175514,6.333917331695557,0.01823460811155341,30,35,5,distance,"{'clf__leaf_size': 30, 'clf__n_neighbors': 35, 'clf__p': 5, 'clf__weights': 'distance'}",0.5619511540456281,0.53184551808888,0.5789882709973753,0.5911527697910677,0.5837750619282454,0.5695425549702393,0.02115411613757513,700,1.0,1.0,1.0,1.0,1.0,1.0,0.0
0.003920364379882813,4.5711600660037886e-05,0.09613528251647949,0.000397796911620702,30,37,1,uniform,"{'clf__leaf_size': 30, 'clf__n_neighbors': 37, 'clf__p': 1, 'clf__weights': 'uniform'}",0.6396071077398511,0.6108041462084015,0.6836979479817804,0.6508734530960085,0.6605059836439071,0.6490977277339898,0.02402892839305624,280,0.6622053451367201,0.6789162521572736,0.6698710417871602,0.679741415288391,0.6651183587738487,0.6711704826286787,0.007101383979929015
0.004077386856079101,0.00022282582545666158,0.09786219596862793,0.00044035952608825686,30,37,1,distance,"{'clf__leaf_size': 30, 'clf__n_neighbors': 37, 'clf__p': 1, 'clf__weights': 'distance'}",0.6601859655903843,0.6140618684681564,0.7025660685125213,0.6538698147669795,0.693695428086345,0.6648758290848773,0.03154777075813424,220,1.0,1.0,1.0,1.0,1.0,1.0,0.0
0.0047683238983154295,0.0008234325172135191,0.013750457763671875,0.000403011939530254,30,37,2,uniform,"{'clf__leaf_size': 30, 'clf__n_neighbors': 37, 'clf__p': 2, 'clf__weights': 'uniform'}",0.6334772617708501,0.595968388286787,0.6562294272547728,0.6615215278386969,0.6537440161535588,0.6401881242609331,0.02406915220750605,334,0.6436001738464519,0.6768148086868137,0.6503132654776155,0.6673941991640213,0.6430834162712834,0.6562411726892372,0.01353311484703437
0.004204750061035156,0.00014202344809601786,0.014563894271850586,0.0011938466199484473,30,37,2,distance,"{'clf__leaf_size': 30, 'clf__n_neighbors': 37, 'clf__p': 2, 'clf__weights': 'distance'}",0.6645172118434151,0.6165774830710019,0.6714533061626028,0.6608104594584555,0.675147311176723,0.6577011543424397,0.021169661428438517,247,1.0,1.0,1.0,1.0,1.0,1.0,0.0
0.0042743682861328125,0.0003493919626410817,6.297873401641846,0.011728112418493261,30,37,3,uniform,"{'clf__leaf_size': 30, 'clf__n_neighbors': 37, 'clf__p': 3, 'clf__weights': 'uniform'}",0.5984750279860523,0.5686907717239552,0.6585015790660952,0.6681426487739257,0.6394888916115331,0.6266597838323122,0.03756088614720717,424,0.618885453927181,0.6530559618639359,0.6258335603750127,0.6419810902972574,0.6288115315317815,0.6337135195990337,0.01223501184285242
0.004220485687255859,0.0007477449035538896,6.311715841293335,0.008617027807561165,30,37,3,distance,"{'clf__leaf_size': 30, 'clf__n_neighbors': 37, 'clf__p': 3, 'clf__weights': 'distance'}",0.6097020097020097,0.581155480927795,0.6585015790660952,0.6741376078446253,0.6353532039555662,0.6317699762992183,0.033380403236420095,394,1.0,1.0,1.0,1.0,1.0,1.0,0.0
0.004139375686645508,0.0006470572780652993,6.32770094871521,0.022599984818015752,30,37,4,uniform,"{'clf__leaf_size': 30, 'clf__n_neighbors': 37, 'clf__p': 4, 'clf__weights': 'uniform'}",0.5779121544268663,0.5505043950719822,0.5955024323943545,0.6109462251946035,0.605521503794609,0.5880773421764831,0.021897369458005144,628,0.5957855003029418,0.6132226596315786,0.6238894111050644,0.6010164521561581,0.606259800805145,0.6080347648001776,0.009805465338379877
0.0038503170013427734,6.90309036419537e-05,6.309777450561524,0.009411462740763857,30,37,4,distance,"{'clf__leaf_size': 30, 'clf__n_neighbors': 37, 'clf__p': 4, 'clf__weights': 'distance'}",0.5819335593200746,0.5631629423700474,0.5932150180994669,0.6272568801755422,0.6023058512729951,0.5935748502476252,0.021313107672787195,604,1.0,1.0,1.0,1.0,1.0,1.0,0.0
0.0038617134094238283,3.981958589250265e-05,6.354981851577759,0.04233752747515562,30,37,5,uniform,"{'clf__leaf_size': 30, 'clf__n_neighbors': 37, 'clf__p': 5, 'clf__weights': 'uniform'}",0.5476484481938242,0.5327505230269903,0.574774743672027,0.5886078726761224,0.5725157665513989,0.5632594708240726,0.020175836632242903,721,0.5840775601257912,0.5954036307219995,0.599859396068649,0.5734259127523776,0.5892172029902409,0.5883967405318117,0.009208074114823966
0.004144525527954102,0.000539607321283117,6.313568115234375,0.01233131648754696,30,37,5,distance,"{'clf__leaf_size': 30, 'clf__n_neighbors': 37, 'clf__p': 5, 'clf__weights': 'distance'}",0.5541381489702799,0.5363788363879207,0.5848753380718543,0.5817886554040526,0.5775475365931686,0.5669457030854552,0.01872191603506929,709,1.0,1.0,1.0,1.0,1.0,1.0,0.0
0.003994369506835937,0.00012929750588593935,0.09743752479553222,0.0013774378457262347,30,39,1,uniform,"{'clf__leaf_size': 30, 'clf__n_neighbors': 39, 'clf__p': 1, 'clf__weights': 'uniform'}",0.6420641708575032,0.6008672422162125,0.6841248319658833,0.6385324673409083,0.6659524685840476,0.646308236192911,0.028140182613105764,298,0.6590795338567577,0.6821346078416674,0.666245901287379,0.6814618594804462,0.6588605537118188,0.6695564912356138,0.010344820265593704
0.004019403457641601,0.00015999678072282263,0.10136880874633789,0.002919728937273938,30,39,1,distance,"{'clf__leaf_size': 30, 'clf__n_neighbors': 39, 'clf__p': 1, 'clf__weights': 'distance'}",0.6665136626364092,0.6168527883129653,0.6935490435490436,0.6477813216943651,0.6834989791080017,0.6616391590601569,0.02726797354734957,235,1.0,1.0,1.0,1.0,1.0,1.0,0.0
0.0045224189758300785,0.00046470800285057566,0.013944911956787109,0.00047733077249376263,30,39,2,uniform,"{'clf__leaf_size': 30, 'clf__n_neighbors': 39, 'clf__p': 2, 'clf__weights': 'uniform'}",0.5968223673607703,0.595968388286787,0.6617612384497751,0.6663694951664876,0.6381402055849668,0.6318123389697574,0.030463953893512336,391,0.6375254375254376,0.6752470245313011,0.645505634967618,0.6616152746486352,0.6343024739326797,0.6508391691211344,0.015433937795574292
0.004311609268188477,0.00048605540075735904,0.014074373245239257,0.0006293145971489148,30,39,2,distance,"{'clf__leaf_size': 30, 'clf__n_neighbors': 39, 'clf__p': 2, 'clf__weights': 'distance'}",0.6317794612199892,0.617157668294032,0.6726964251081471,0.6752116549812331,0.6415451304488737,0.647678068010455,0.022829323350495433,289,1.0,1.0,1.0,1.0,1.0,1.0,0.0
0.003946876525878907,0.00010259853725080738,6.3111060619354244,0.0034497266616812404,30,39,3,uniform,"{'clf__leaf_size': 30, 'clf__n_neighbors': 39, 'clf__p': 3, 'clf__weights': 'uniform'}",0.6000903894493991,0.568223684800847,0.6449738713018337,0.6592044274929884,0.6316594164954821,0.62083035790811,0.03277302339568169,475,0.6141915933291326,0.6573950786265929,0.6189925636167671,0.6389575292876781,0.6279232858571162,0.6314920101434573,0.015459491009665313
0.004120635986328125,0.0006234684665041201,6.341507387161255,0.06121683157375893,30,39,3,distance,"{'clf__leaf_size': 30, 'clf__n_neighbors': 39, 'clf__p': 3, 'clf__weights': 'distance'}",0.5918182550161613,0.5735825288884396,0.6588223260724468,0.6663772610778887,0.6398187521686665,0.6260838246447206,0.03691756776244387,430,1.0,1.0,1.0,1.0,1.0,1.0,0.0
0.0038653850555419923,0.00014760152062313607,6.291688776016235,0.014136530949228896,30,39,4,uniform,"{'clf__leaf_size': 30, 'clf__n_neighbors': 39, 'clf__p': 4, 'clf__weights': 'uniform'}",0.5675566652896592,0.5598331103461063,0.5895400271952381,0.6235175913329227,0.6008227899284272,0.5882540368184707,0.022975098923535067,625,0.5970919852236761,0.6107658776987369,0.6193397542202199,0.5987537433285348,0.605952384608455,0.6063807490159246,0.00814617719005701
0.004043388366699219,0.00015017928575900507,6.313205051422119,0.012621453754511182,30,39,4,distance,"{'clf__leaf_size': 30, 'clf__n_neighbors': 39, 'clf__p': 4, 'clf__weights': 'distance'}",0.5786205168950286,0.5548553159964882,0.6019038783156494,0.6222791807097071,0.6029932786511734,0.5921304341136093,0.023213878685956944,610,1.0,1.0,1.0,1.0,1.0,1.0,0.0
0.003838920593261719,9.778773408184226e-05,6.373746013641357,0.05678985992500689,30,39,5,uniform,"{'clf__leaf_size': 30, 'clf__n_neighbors': 39, 'clf__p': 5, 'clf__weights': 'uniform'}",0.5495426691720222,0.5355640453296703,0.5569499819810715,0.593121012227052,0.5837750619282454,0.5637905541276124,0.021476441866736737,715,0.5732311840040555,0.5975183526727396,0.5981948867010196,0.5767198792433061,0.5887250113013764,0.5868778627844995,0.010335603363055338
0.0040972232818603516,0.0004790285064101277,6.393356275558472,0.04989440955836952,30,39,5,distance,"{'clf__leaf_size': 30, 'clf__n_neighbors': 39, 'clf__p': 5, 'clf__weights': 'distance'}",0.5546464569470564,0.5365616610752798,0.5514077902609129,0.5827113222145699,0.5855726923543455,0.562179984570433,0.01896231689597886,727,1.0,1.0,1.0,1.0,1.0,1.0,0.0
0.003908348083496094,0.0002849180587579082,0.09876794815063476,0.0037280944429676677,30,41,1,uniform,"{'clf__leaf_size': 30, 'clf__n_neighbors': 41, 'clf__p': 1, 'clf__weights': 'uniform'}",0.6378869657494145,0.6077220105086898,0.6697166325658125,0.6264461508509127,0.647455175030832,0.6378453869411322,0.020714663621339,349,0.6530492594322476,0.6847954875361859,0.6565458750372418,0.6742034154824852,0.6470656848845664,0.6631319444745454,0.014107077045022171
0.0064067840576171875,0.004372127680959325,0.09961585998535157,0.003402793304182848,30,41,1,distance,"{'clf__leaf_size': 30, 'clf__n_neighbors': 41, 'clf__p': 1, 'clf__weights': 'distance'}",0.6659818857504489,0.6203207221240352,0.689889162221178,0.6550579141251607,0.6796131237183869,0.6621725615878419,0.02403784010137164,229,1.0,1.0,1.0,1.0,1.0,1.0,0.0
0.004351758956909179,0.00038596999317546234,0.016127586364746094,0.0023781086049321928,30,41,2,uniform,"{'clf__leaf_size': 30, 'clf__n_neighbors': 41, 'clf__p': 2, 'clf__weights': 'uniform'}",0.6114181374756852,0.595968388286787,0.6492223643294601,0.6431543237464289,0.6366785903550609,0.6272883608386846,0.02026726606494624,421,0.6348155978075501,0.6659925869827048,0.6360118555162309,0.6498475362005943,0.6304877115394871,0.6434310576093134,0.013015334955012534
0.004827547073364258,0.0004977079384926922,0.015855169296264647,0.0014302680014997736,30,41,2,distance,"{'clf__leaf_size': 30, 'clf__n_neighbors': 41, 'clf__p': 2, 'clf__weights': 'distance'}",0.6203090375857292,0.617157668294032,0.6707868586797749,0.6807534863563697,0.6547175290943985,0.6487449160020609,0.025893710894199416,283,1.0,1.0,1.0,1.0,1.0,1.0,0.0
0.004314851760864258,0.00031267116019286113,6.322405195236206,0.012611747091786326,30,41,3,uniform,"{'clf__leaf_size': 30, 'clf__n_neighbors': 41, 'clf__p': 3, 'clf__weights': 'uniform'}",0.5913968898746911,0.5817267299744746,0.6300374621393273,0.634805282453366,0.6171989099130263,0.6110330548709771,0.02101781969163551,523,0.6164183822878686,0.6540490517250265,0.62415547991562,0.6312740529466115,0.6283198997247199,0.6308433733199693,0.012632222279787405
0.003959226608276367,0.00024378135442763236,6.329027557373047,0.014835205830184245,30,41,3,distance,"{'clf__leaf_size': 30, 'clf__n_neighbors': 41, 'clf__p': 3, 'clf__weights': 'distance'}",0.6028086910439852,0.5810092277483583,0.63471742686888,0.6658295729511945,0.6240858505564388,0.6216901538337714,0.028758250676251953,463,1.0,1.0,1.0,1.0,1.0,1.0,0.0
0.003970003128051758,0.00010360384368307435,6.325192165374756,0.02260076255582773,30,41,4,uniform,"{'clf__leaf_size': 30, 'clf__n_neighbors': 41, 'clf__p': 4, 'clf__weights': 'uniform'}",0.5572198883544136,0.5744619384659829,0.5890752765752766,0.6124837977518174,0.5894729461587542,0.5845427694612491,0.018295979396988054,643,0.5934390743849652,0.6148800621606682,0.6153988309670128,0.5889928844647718,0.5934747855575498,0.6012371275069935,0.011468814965505541
0.004189729690551758,0.000542213732052647,6.335190010070801,0.01787508910269106,30,41,4,distance,"{'clf__leaf_size': 30, 'clf__n_neighbors': 41, 'clf__p': 4, 'clf__weights': 'distance'}",0.5584806397306397,0.5641157080564784,0.6025054605413719,0.6115096454382168,0.5972154656937266,0.5867653838920867,0.021364771329393094,637,1.0,1.0,1.0,1.0,1.0,1.0,0.0
0.0040759086608886715,0.00040592815960634676,6.322127103805542,0.014038760980314906,30,41,5,uniform,"{'clf__leaf_size': 30, 'clf__n_neighbors': 41, 'clf__p': 5, 'clf__weights': 'uniform'}",0.5533507382487618,0.5388569632755679,0.5545901034945883,0.5706104986974552,0.5909649537464985,0.5616746514925743,0.017764551325547252,730,0.5639547051877473,0.5931919122972198,0.5935098404039213,0.5698526309010186,0.5847162869063627,0.5810450751392539,0.012114003260604862
0.0038393497467041015,4.871110379070027e-05,6.344023084640503,0.03808903448509621,30,41,5,distance,"{'clf__leaf_size': 30, 'clf__n_neighbors': 41, 'clf__p': 5, 'clf__weights': 'distance'}",0.550935862539802,0.537595350386048,0.5703521496193636,0.5947682663207955,0.5776671406987939,0.5662637539129606,0.020080244281268644,712,1.0,1.0,1.0,1.0,1.0,1.0,0.0
0.003985261917114258,0.00015251646754476213,0.10051770210266113,0.004418474241412971,30,43,1,uniform,"{'clf__leaf_size': 30, 'clf__n_neighbors': 43, 'clf__p': 1, 'clf__weights': 'uniform'}",0.6461245875856881,0.5831070029289817,0.6862391924227587,0.6363535416873052,0.6462749003984064,0.639619845004628,0.0330585391354796,340,0.651599598191253,0.6722350109995817,0.6525472810118053,0.6707607591287004,0.6496204979300338,0.6593526294522748,0.009972339967543363
0.004124641418457031,0.0002542913149360065,0.10118756294250489,0.0035099929014821463,30,43,1,distance,"{'clf__leaf_size': 30, 'clf__n_neighbors': 43, 'clf__p': 1, 'clf__weights': 'distance'}",0.6558104766833419,0.6037733607414117,0.6834881659085652,0.6455822119970327,0.6666349692665481,0.65105783691938,0.02676850773184432,268,1.0,1.0,1.0,1.0,1.0,1.0,0.0
0.004247236251831055,0.00016323852755239374,0.014324045181274414,0.000727475333242823,30,43,2,uniform,"{'clf__leaf_size': 30, 'clf__n_neighbors': 43, 'clf__p': 2, 'clf__weights': 'uniform'}",0.6143799964330952,0.5808322514727563,0.6446033436869937,0.632243891389652,0.6354521147301896,0.6215023195425374,0.02257617058459137,466,0.6204451999845627,0.66356554339595,0.6344817651540117,0.6389685406133331,0.6243948438889608,0.6363711786073637,0.01514542199625747
0.004214859008789063,0.0001354926387195159,0.014057683944702148,0.00023373628509936777,30,43,2,distance,"{'clf__leaf_size': 30, 'clf__n_neighbors': 43, 'clf__p': 2, 'clf__weights': 'distance'}",0.6359496257519401,0.5924344321038905,0.6538111389008181,0.6602973398086179,0.6432455113935645,0.6371476095917663,0.02388083344807625,352,1.0,1.0,1.0,1.0,1.0,1.0,0.0
0.004072141647338867,0.0002222307441226041,6.292453575134277,0.01456160961423557,30,43,3,uniform,"{'clf__leaf_size': 30, 'clf__n_neighbors': 43, 'clf__p': 3, 'clf__weights': 'uniform'}",0.6024415831700374,0.5780614400386264,0.6402429406766955,0.6575799862654294,0.6097016999424286,0.6176055300186435,0.028165796206662458,484,0.6219310450733033,0.6483866046799733,0.6224361871447281,0.6290206622928626,0.6192252034972119,0.6281999405376159,0.010594723232409408
0.00385894775390625,8.575311440058764e-05,6.300556802749634,0.007413332881839413,30,43,3,distance,"{'clf__leaf_size': 30, 'clf__n_neighbors': 43, 'clf__p': 3, 'clf__weights': 'distance'}",0.6024415831700374,0.5756491710524236,0.6492891818176829,0.6752193008736084,0.613713228412658,0.623262493065282,0.03512442336158022,457,1.0,1.0,1.0,1.0,1.0,1.0,0.0
0.004264020919799804,0.0008355103838704037,6.3139262199401855,0.01580238329119616,30,43,4,uniform,"{'clf__leaf_size': 30, 'clf__n_neighbors': 43, 'clf__p': 4, 'clf__weights': 'uniform'}",0.5567360724674278,0.5599310211243314,0.5917358104858105,0.6145967537696874,0.5945550222724136,0.5835109360239341,0.02204020948648948,646,0.5910636396167326,0.6077474297233386,0.61174592037243,0.5845776217548694,0.5951241267907124,0.5980517476516166,0.010202875122603322
0.003975057601928711,4.969951801439315e-05,6.314839649200439,0.011154157668746657,30,43,4,distance,"{'clf__leaf_size': 30, 'clf__n_neighbors': 43, 'clf__p': 4, 'clf__weights': 'distance'}",0.5683805810728555,0.5563550864538721,0.5886472849747948,0.6182897710436437,0.6074771858533495,0.5878299818797031,0.02316647404356316,631,1.0,1.0,1.0,1.0,1.0,1.0,0.0
0.004127311706542969,0.0003640779388077255,6.3492231369018555,0.06112764109232723,30,43,5,uniform,"{'clf__leaf_size': 30, 'clf__n_neighbors': 43, 'clf__p': 5, 'clf__weights': 'uniform'}",0.55890446867595,0.54110992243874,0.5574398534340711,0.5574158046814296,0.5817603625671867,0.5593260823594755,0.012980833479868073,736,0.5644408418560617,0.5897556164860478,0.5942398510224322,0.5666858351765944,0.5758393227486045,0.5781922934579481,0.011985591497595732
0.0038964271545410155,6.423589442582337e-05,6.345486354827881,0.03343430457329845,30,43,5,distance,"{'clf__leaf_size': 30, 'clf__n_neighbors': 43, 'clf__p': 5, 'clf__weights': 'distance'}",0.5620876287576951,0.5388357841606181,0.5791461939242313,0.5764434241265055,0.5909649537464985,0.5694955969431097,0.017873117907668688,703,1.0,1.0,1.0,1.0,1.0,1.0,0.0
0.003943395614624023,0.00018011152573769925,0.10073204040527343,0.0036505086990037436,30,45,1,uniform,"{'clf__leaf_size': 30, 'clf__n_neighbors': 45, 'clf__p': 1, 'clf__weights': 'uniform'}",0.6425623317677434,0.5837822840515583,0.6800130261690308,0.6358020612823514,0.6576635382500351,0.6399646483041439,0.031930099962345235,337,0.6408735473760068,0.6734398867247262,0.6450045616612303,0.669284471810077,0.6402181334373884,0.6537641202018858,0.014521760177978495
0.004066753387451172,0.00018860771651521487,0.10097675323486328,0.0031117251407683207,30,45,1,distance,"{'clf__leaf_size': 30, 'clf__n_neighbors': 45, 'clf__p': 1, 'clf__weights': 'distance'}",0.6496784778601234,0.5842852393617022,0.6862659738153809,0.6352334541714572,0.6684916375098382,0.6447909565437004,0.03480826012275455,304,1.0,1.0,1.0,1.0,1.0,1.0,0.0
0.00424799919128418,0.00023679281976326895,0.016209125518798828,0.0026116508276668045,30,45,2,uniform,"{'clf__leaf_size': 30, 'clf__n_neighbors': 45, 'clf__p': 2, 'clf__weights': 'uniform'}",0.6083909370199693,0.5709850043542882,0.6447953298462327,0.6396489121395444,0.6244236883942766,0.6176487743508623,0.0265708711961739,481,0.6198521761114603,0.6564972208731314,0.6262073669340132,0.6340325610152682,0.6237850282308595,0.6320748706329464,0.013060069609012823
0.004422521591186524,0.00036058190069307666,0.015785932540893555,0.001997996832668921,30,45,2,distance,"{'clf__leaf_size': 30, 'clf__n_neighbors': 45, 'clf__p': 2, 'clf__weights': 'distance'}",0.6297726239095182,0.5965327927596281,0.6543794835007173,0.6682336294977766,0.6456998902524194,0.6389236839840119,0.024595126246461856,346,1.0,1.0,1.0,1.0,1.0,1.0,0.0
0.004158115386962891,0.00026532273576695254,6.301471996307373,0.014964303082099398,30,45,3,uniform,"{'clf__leaf_size': 30, 'clf__n_neighbors': 45, 'clf__p': 3, 'clf__weights': 'uniform'}",0.5813403537467264,0.55746897386742,0.6169283903347649,0.6589597764259306,0.61237288272172,0.6054140754193124,0.03442796357998776,556,0.6149067667092181,0.6388559538275139,0.6245513003643856,0.6171092515653516,0.6204436985686985,0.6231733942070337,0.008490035289357049
0.006483840942382813,0.005183172274864598,6.322923612594605,0.0476913519358367,30,45,3,distance,"{'clf__leaf_size': 30, 'clf__n_neighbors': 45, 'clf__p': 3, 'clf__weights': 'distance'}",0.6028086910439852,0.5612012987012986,0.6367809275218203,0.6492788993951785,0.6163260883385528,0.6132791810001671,0.030591935025670307,502,1.0,1.0,1.0,1.0,1.0,1.0,0.0
0.0038062095642089843,5.8898481060977915e-05,6.302436399459839,0.006357500207000527,30,45,4,uniform,"{'clf__leaf_size': 30, 'clf__n_neighbors': 45, 'clf__p': 4, 'clf__weights': 'uniform'}",0.5566805153731793,0.5493220674674163,0.6098935786435786,0.6080367131578859,0.5741817811599006,0.5796229311603922,0.02528935745515867,667,0.5877557805476503,0.6070301630117457,0.6014778786297861,0.5772232618667734,0.5908631229163026,0.5928700413944517,0.010484359794106654
0.003995370864868164,0.0001567994293510948,6.312427806854248,0.026951269946164556,30,45,4,distance,"{'clf__leaf_size': 30, 'clf__n_neighbors': 45, 'clf__p': 4, 'clf__weights': 'distance'}",0.5695783432398146,0.5493220674674163,0.6079330887639024,0.6137672050853981,0.6019421832383276,0.5885085775589719,0.024858431190046614,622,1.0,1.0,1.0,1.0,1.0,1.0,0.0
0.0043258190155029295,0.00045673797852024105,6.307959413528442,0.01914898075578129,30,45,5,uniform,"{'clf__leaf_size': 30, 'clf__n_neighbors': 45, 'clf__p': 5, 'clf__weights': 'uniform'}",0.5375505861979382,0.5449205166418282,0.5642389243752486,0.5644064379196692,0.5747673936233259,0.5571767717516021,0.01376208559134874,739,0.5605431716412621,0.5819162333998154,0.5795060366276519,0.5588885194417981,0.576570411057356,0.5714848744335768,0.009771427681278104
0.00409855842590332,0.0004187778356751685,6.306597566604614,0.007603606989546322,30,45,5,distance,"{'clf__leaf_size': 30, 'clf__n_neighbors': 45, 'clf__p': 5, 'clf__weights': 'distance'}",0.5444158556679797,0.5426822945208366,0.5586592581952703,0.5903569364422685,0.5823986922001771,0.5637026074053064,0.019489815600257955,718,1.0,1.0,1.0,1.0,1.0,1.0,0.0
0.004150915145874024,0.0004676117492456343,0.09710168838500977,0.0007827545638556469,30,47,1,uniform,"{'clf__leaf_size': 30, 'clf__n_neighbors': 47, 'clf__p': 1, 'clf__weights': 'uniform'}",0.6472243859970674,0.5734907148953956,0.6731210192562849,0.6253167929464931,0.6476480150293049,0.6333601856249093,0.03354498979973517,379,0.6367629870654065,0.6715148893895322,0.6479510351303182,0.6628964877019111,0.6356585122996603,0.6509567823173656,0.014210754634445093
0.004352855682373047,0.0007505024302296889,0.09799084663391114,0.0005156670916070523,30,47,1,distance,"{'clf__leaf_size': 30, 'clf__n_neighbors': 47, 'clf__p': 1, 'clf__weights': 'distance'}",0.6521436245797664,0.5864489488872783,0.6819187497621997,0.6358020612823514,0.6574162792903899,0.6427459327603972,0.03179815408168356,316,1.0,1.0,1.0,1.0,1.0,1.0,0.0
0.004085159301757813,0.00015540843565330006,0.014572668075561523,0.0007495963603324154,30,47,2,uniform,"{'clf__leaf_size': 30, 'clf__n_neighbors': 47, 'clf__p': 2, 'clf__weights': 'uniform'}",0.5987331489490548,0.5700726855929993,0.6386624340571709,0.6357808650279884,0.6205327570217276,0.6127563781297882,0.02561355642834308,511,0.6249924410868453,0.6562335324387659,0.6294096874597679,0.6322947896349959,0.6240226775047154,0.6333906256250181,0.011807921683480363
0.004152107238769531,0.00017431026083183926,0.01499171257019043,0.0007998091642402356,30,47,2,distance,"{'clf__leaf_size': 30, 'clf__n_neighbors': 47, 'clf__p': 2, 'clf__weights': 'distance'}",0.6106754541139923,0.6000334289371936,0.6471911491869474,0.6714147387011767,0.6342323083377085,0.6327094158554037,0.02554743591633081,382,1.0,1.0,1.0,1.0,1.0,1.0,0.0
0.004398059844970703,0.0005479215713253003,6.346715068817138,0.04569881456222748,30,47,3,uniform,"{'clf__leaf_size': 30, 'clf__n_neighbors': 47, 'clf__p': 3, 'clf__weights': 'uniform'}",0.5819965034566804,0.5521853686092052,0.6148126813449394,0.6494054283875712,0.6037507733755199,0.6004301510347831,0.032507906413547845,583,0.6081515074485071,0.6344138754763545,0.6190984551307208,0.6065658889298982,0.6081553609305691,0.61527701758321,0.010565958219909279
0.004461097717285156,0.0009671188907806273,6.310332250595093,0.005072278215829399,30,47,3,distance,"{'clf__leaf_size': 30, 'clf__n_neighbors': 47, 'clf__p': 3, 'clf__weights': 'distance'}",0.5819965034566804,0.5582531759602825,0.6125584361237869,0.6387050315621744,0.61237288272172,0.6007772059649288,0.027830864063404293,577,1.0,1.0,1.0,1.0,1.0,1.0,0.0
0.0041921138763427734,0.0006831858986351558,6.31911678314209,0.02209176071252454,30,47,4,uniform,"{'clf__leaf_size': 30, 'clf__n_neighbors': 47, 'clf__p': 4, 'clf__weights': 'uniform'}",0.5437056124712867,0.5527385729303819,0.590790276905658,0.6056581913792384,0.581838833848678,0.5749462975070486,0.023284856014146427,688,0.585402316225291,0.5942104282289016,0.598523464758483,0.5744345235868312,0.5849344921705322,0.5875010449940078,0.008345482590976987
0.00400090217590332,0.00017936456460316782,6.33189172744751,0.03147354987002259,30,47,4,distance,"{'clf__leaf_size': 30, 'clf__n_neighbors': 47, 'clf__p': 4, 'clf__weights': 'distance'}",0.548253367003367,0.5490803053043724,0.6109984618847539,0.621350909883292,0.5865385366615883,0.5832443161474747,0.030413165371074143,649,1.0,1.0,1.0,1.0,1.0,1.0,0.0
0.004127693176269531,0.00048501895120814343,6.31889066696167,0.005418266351502947,30,47,5,uniform,"{'clf__leaf_size': 30, 'clf__n_neighbors': 47, 'clf__p': 5, 'clf__weights': 'uniform'}",0.534343038860527,0.555789344304361,0.5653301305903154,0.5681090314913844,0.5540504491119066,0.5555243988716988,0.011877862506440164,742,0.5469689033444752,0.5740461640555258,0.5700754595738665,0.5599273329245952,0.5703944430529445,0.5642824605902814,0.009848568156774642
0.004143190383911133,0.000583671401086556,6.346992015838623,0.02825977724512553,30,47,5,distance,"{'clf__leaf_size': 30, 'clf__n_neighbors': 47, 'clf__p': 5, 'clf__weights': 'distance'}",0.5306905723744637,0.555789344304361,0.5663700128700129,0.579261457026272,0.5647118657723529,0.5593646504694925,0.016177368721704454,733,1.0,1.0,1.0,1.0,1.0,1.0,0.0
0.003823661804199219,7.140667888209124e-05,0.0965958595275879,0.0004492470769026773,30,49,1,uniform,"{'clf__leaf_size': 30, 'clf__n_neighbors': 49, 'clf__p': 1, 'clf__weights': 'uniform'}",0.6343351588003995,0.5592393474862464,0.6817715844045544,0.6222186383149507,0.6517234516648625,0.6298576361342028,0.04059191323973906,409,0.6346009943905712,0.6658827352667332,0.647491248708195,0.662346297275029,0.6328896373661423,0.6486421826013341,0.013650360521109978
0.003954124450683594,0.00025859690218581985,0.0992274284362793,0.0019671094485620676,30,49,1,distance,"{'clf__leaf_size': 30, 'clf__n_neighbors': 49, 'clf__p': 1, 'clf__weights': 'distance'}",0.648692258423045,0.5756860481701512,0.6819860668100785,0.6222186383149507,0.6667357309088311,0.6390637485254114,0.037419948848524884,343,1.0,1.0,1.0,1.0,1.0,1.0,0.0
0.003928232192993164,0.000259466215255576,0.013951683044433593,0.0002313277368687614,30,49,2,uniform,"{'clf__leaf_size': 30, 'clf__n_neighbors': 49, 'clf__p': 2, 'clf__weights': 'uniform'}",0.5973214950487677,0.5865007463755575,0.6316354444784873,0.6419530672579453,0.6259653034913288,0.6166752113304173,0.021138349309812985,487,0.6145938760705736,0.6535721092596569,0.6241327209218436,0.6374946524064171,0.6195058695602371,0.6298598456437456,0.014096923958232215
0.004015874862670898,0.000230711902336875,0.014845895767211913,0.0009401131893297886,30,49,2,distance,"{'clf__leaf_size': 30, 'clf__n_neighbors': 49, 'clf__p': 2, 'clf__weights': 'distance'}",0.6162105382693618,0.5971243090084237,0.6339973996170208,0.6583189046420295,0.6420734931978164,0.6295449289469304,0.021135910988163583,412,1.0,1.0,1.0,1.0,1.0,1.0,0.0
0.004105138778686524,0.0003912169889955346,6.298731327056885,0.007502469501383986,30,49,3,uniform,"{'clf__leaf_size': 30, 'clf__n_neighbors': 49, 'clf__p': 3, 'clf__weights': 'uniform'}",0.578160930713951,0.5582531759602825,0.6164574966532798,0.6426732855304284,0.607327824874938,0.6005745427465758,0.029541994784705084,580,0.5938582681858443,0.6240169568019601,0.6148373072061931,0.6043882131365182,0.6103950512377376,0.6094991593136507,0.01010766179955879
0.004072713851928711,0.0005537391354359059,6.299637746810913,0.005697155314068592,30,49,3,distance,"{'clf__leaf_size': 30, 'clf__n_neighbors': 49, 'clf__p': 3, 'clf__weights': 'distance'}",0.590024173984351,0.55746897386742,0.6262514266630946,0.6421198188571888,0.6201421076246713,0.6072013001993452,0.03006004892794865,544,1.0,1.0,1.0,1.0,1.0,1.0,0.0
0.00386810302734375,6.079570918989717e-05,6.301810216903687,0.013167555351064147,30,49,4,uniform,"{'clf__leaf_size': 30, 'clf__n_neighbors': 49, 'clf__p': 4, 'clf__weights': 'uniform'}",0.5542265382331781,0.5456690912260085,0.590256352590577,0.5798958219495676,0.5795141958935063,0.5699123999785675,0.01696775698134696,697,0.5768831790528873,0.5969231500415113,0.5938276376014964,0.566729730692094,0.5829605317621918,0.5834648458300361,0.011064810477110623
0.0039097309112548825,6.565176698960601e-05,6.324362182617188,0.011903029120521224,30,49,4,distance,"{'clf__leaf_size': 30, 'clf__n_neighbors': 49, 'clf__p': 4, 'clf__weights': 'distance'}",0.5675128252478784,0.5479465274113698,0.5966476833976834,0.610816607438566,0.5926610828784742,0.5831169452747943,0.022458359580510557,652,1.0,1.0,1.0,1.0,1.0,1.0,0.0
0.004413175582885742,0.0007331192650207604,6.371281576156616,0.040123309593933225,30,49,5,uniform,"{'clf__leaf_size': 30, 'clf__n_neighbors': 49, 'clf__p': 5, 'clf__weights': 'uniform'}",0.5266883949215784,0.5373985655152258,0.5417794059526343,0.5614675540048674,0.5573613184557307,0.5449390477700072,0.012864158470633236,748,0.5513317906289883,0.5668231036964204,0.5772767296512333,0.5577083590419558,0.568353863083569,0.5642987692204334,0.008975740056847486
0.003985357284545898,0.00035023750619334694,6.350723600387573,0.030776441007844994,30,49,5,distance,"{'clf__leaf_size': 30, 'clf__n_neighbors': 49, 'clf__p': 5, 'clf__weights': 'distance'}",0.5236883402136672,0.54872124190306,0.5634651748092924,0.5597729169351646,0.5647118657723529,0.5520719079267074,0.015269148524188283,745,1.0,1.0,1.0,1.0,1.0,1.0,0.0
0.0038969039916992186,7.787707037064583e-05,0.09446797370910645,0.0006225771286194467,50,1,1,uniform,"{'clf__leaf_size': 50, 'clf__n_neighbors': 1, 'clf__p': 1, 'clf__weights': 'uniform'}",0.7312213642585799,0.73665084894782,0.6566027429083539,0.6867726122268627,0.6975195037079871,0.7017534144099207,0.029553763132746123,70,1.0,1.0,1.0,1.0,1.0,1.0,0.0
0.004008865356445313,0.00013149182139844304,0.0946835994720459,0.0005675183244815136,50,1,1,distance,"{'clf__leaf_size': 50, 'clf__n_neighbors': 1, 'clf__p': 1, 'clf__weights': 'distance'}",0.7312213642585799,0.73665084894782,0.6566027429083539,0.6867726122268627,0.6975195037079871,0.7017534144099207,0.029553763132746123,70,1.0,1.0,1.0,1.0,1.0,1.0,0.0
0.004071378707885742,9.306239158731417e-05,0.011545419692993164,0.000865793019367354,50,1,2,uniform,"{'clf__leaf_size': 50, 'clf__n_neighbors': 1, 'clf__p': 2, 'clf__weights': 'uniform'}",0.7147397605485846,0.6914183336590072,0.6301701649223836,0.6511549167953785,0.7177149353672074,0.6810396222585122,0.03484047322587928,127,1.0,1.0,1.0,1.0,1.0,1.0,0.0
0.004076242446899414,0.0002172573391080346,0.011564970016479492,0.0008389721268655062,50,1,2,distance,"{'clf__leaf_size': 50, 'clf__n_neighbors': 1, 'clf__p': 2, 'clf__weights': 'distance'}",0.7147397605485846,0.6914183336590072,0.6301701649223836,0.6511549167953785,0.7177149353672074,0.6810396222585122,0.03484047322587928,127,1.0,1.0,1.0,1.0,1.0,1.0,0.0
0.0041161060333251955,0.00012197662274815237,6.314275884628296,0.009212616314232602,50,1,3,uniform,"{'clf__leaf_size': 50, 'clf__n_neighbors': 1, 'clf__p': 3, 'clf__weights': 'uniform'}",0.6839633593256496,0.6143512682879712,0.6146104958452541,0.6081857979957412,0.6889451371496986,0.642011211720863,0.03639452255407558,322,1.0,1.0,1.0,1.0,1.0,1.0,0.0
0.0038406848907470703,8.238691907133348e-05,6.329882049560547,0.034256052220976066,50,1,3,distance,"{'clf__leaf_size': 50, 'clf__n_neighbors': 1, 'clf__p': 3, 'clf__weights': 'distance'}",0.6839633593256496,0.6143512682879712,0.6146104958452541,0.6081857979957412,0.6889451371496986,0.642011211720863,0.03639452255407558,322,1.0,1.0,1.0,1.0,1.0,1.0,0.0
0.0038265228271484376,8.267380041896139e-05,6.309745645523071,0.010834312899827113,50,1,4,uniform,"{'clf__leaf_size': 50, 'clf__n_neighbors': 1, 'clf__p': 4, 'clf__weights': 'uniform'}",0.6464790064304627,0.5592898622903991,0.5786659015796464,0.572447350977145,0.6280126588537803,0.5969789560262868,0.03397346345984278,592,1.0,1.0,1.0,1.0,1.0,1.0,0.0
0.0038862705230712892,9.30170340159164e-05,6.336902189254761,0.03602225127702085,50,1,4,distance,"{'clf__leaf_size': 50, 'clf__n_neighbors': 1, 'clf__p': 4, 'clf__weights': 'distance'}",0.6464790064304627,0.5592898622903991,0.5786659015796464,0.572447350977145,0.6280126588537803,0.5969789560262868,0.03397346345984278,592,1.0,1.0,1.0,1.0,1.0,1.0,0.0
0.0038350105285644533,4.8758645469433494e-05,6.3232816696167,0.018544936246674956,50,1,5,uniform,"{'clf__leaf_size': 50, 'clf__n_neighbors': 1, 'clf__p': 5, 'clf__weights': 'uniform'}",0.6326668646943032,0.5453148593155287,0.5537545787545788,0.5611162818183161,0.601177662003125,0.5788060493171704,0.03305643763776712,670,1.0,1.0,1.0,1.0,1.0,1.0,0.0
0.0038836002349853516,8.52484291770179e-05,6.348653316497803,0.026249654085020502,50,1,5,distance,"{'clf__leaf_size': 50, 'clf__n_neighbors': 1, 'clf__p': 5, 'clf__weights': 'distance'}",0.6326668646943032,0.5453148593155287,0.5537545787545788,0.5611162818183161,0.601177662003125,0.5788060493171704,0.03305643763776712,670,1.0,1.0,1.0,1.0,1.0,1.0,0.0
0.004005336761474609,0.00023868139087048228,0.09498028755187989,0.0007542771594405825,50,3,1,uniform,"{'clf__leaf_size': 50, 'clf__n_neighbors': 3, 'clf__p': 1, 'clf__weights': 'uniform'}",0.7800842166381433,0.7137189745205004,0.6822697078248022,0.6688361144820795,0.7582469975273448,0.7206312021985741,0.04278252736290699,22,0.8402400664327602,0.8352735096604371,0.846641030477804,0.8444161249545019,0.8394742149616816,0.8412089892974368,0.00397419079921812
0.004668903350830078,0.0007725214709448091,0.09529495239257812,0.00087712513538652,50,3,1,distance,"{'clf__leaf_size': 50, 'clf__n_neighbors': 3, 'clf__p': 1, 'clf__weights': 'distance'}",0.7766569669554745,0.7427627724287207,0.6965974304413709,0.6922788508785557,0.7542812376465117,0.7325154516701267,0.03297368249327183,4,1.0,1.0,1.0,1.0,1.0,1.0,0.0
0.0045603752136230465,0.0009925211285107018,0.010894346237182616,0.0003461524263483634,50,3,2,uniform,"{'clf__leaf_size': 50, 'clf__n_neighbors': 3, 'clf__p': 2, 'clf__weights': 'uniform'}",0.7487685064864242,0.6565594541910331,0.6822089432880912,0.6608432831637784,0.7333645865476671,0.6963489547353989,0.03784643548682408,79,0.8075263637894776,0.8196085115523436,0.8321662390469661,0.8178492766079879,0.8080228009907005,0.8170346383974951,0.009031880159903456
0.0044459342956542965,0.00019814070612539256,0.012433004379272462,0.0009568005272195351,50,3,2,distance,"{'clf__leaf_size': 50, 'clf__n_neighbors': 3, 'clf__p': 2, 'clf__weights': 'distance'}",0.734713051778896,0.6944336986890178,0.6686132500447798,0.6537566137566136,0.7184502775759621,0.6939933783690538,0.03006517501575133,94,1.0,1.0,1.0,1.0,1.0,1.0,0.0
0.004063892364501953,0.00022975652176304416,6.300026607513428,0.011922381296760716,50,3,3,uniform,"{'clf__leaf_size': 50, 'clf__n_neighbors': 3, 'clf__p': 3, 'clf__weights': 'uniform'}",0.6981492192018508,0.6422756843809185,0.632810588854368,0.6300429687152804,0.7276580138471985,0.6661872949999232,0.03947757802191743,211,0.8042410905790485,0.8094480177094499,0.8108477014087015,0.8074597620891086,0.7964089866898649,0.8056811116952346,0.0051398986437696465
0.004240226745605469,0.0006331325815190305,6.307074546813965,0.012144970543554722,50,3,3,distance,"{'clf__leaf_size': 50, 'clf__n_neighbors': 3, 'clf__p': 3, 'clf__weights': 'distance'}",0.7049498710116965,0.6412955505697442,0.6420560052186249,0.6356809747388841,0.7230074782141587,0.6693979759506217,0.03691092472937334,193,1.0,1.0,1.0,1.0,1.0,1.0,0.0
0.003848886489868164,9.015370379217237e-05,6.312474489212036,0.01951929802214754,50,3,4,uniform,"{'clf__leaf_size': 50, 'clf__n_neighbors': 3, 'clf__p': 4, 'clf__weights': 'uniform'}",0.6574513030082112,0.5872056153420903,0.6006958659715967,0.619663168630398,0.6745285135696094,0.6279088933043812,0.033200724792307026,415,0.7859869820262736,0.7917951452920039,0.7989092699907695,0.7995515228242078,0.7857458858957681,0.7923977612058046,0.0059880670122863765
0.004416465759277344,0.0004961039322358785,6.3349755764007565,0.026094282268803354,50,3,4,distance,"{'clf__leaf_size': 50, 'clf__n_neighbors': 3, 'clf__p': 4, 'clf__weights': 'distance'}",0.6736996114400665,0.6326369197970726,0.6024063966386968,0.6242229448416459,0.6413079016391064,0.6348547548713176,0.023329878327884055,367,1.0,1.0,1.0,1.0,1.0,1.0,0.0
0.00397801399230957,0.00032272960975864365,6.331506538391113,0.03687240245450551,50,3,5,uniform,"{'clf__leaf_size': 50, 'clf__n_neighbors': 3, 'clf__p': 5, 'clf__weights': 'uniform'}",0.6240028959973751,0.5652053660115592,0.6160735046877074,0.6051586641258935,0.6289618213579176,0.6078804504360906,0.022803747675105627,535,0.777418027957674,0.7790067615237563,0.7879502868557395,0.7892133731999461,0.7835559109971603,0.7834288721068552,0.004681988733475342
0.0040557861328125,0.0004906689900453957,6.3266072273254395,0.03120605685060772,50,3,5,distance,"{'clf__leaf_size': 50, 'clf__n_neighbors': 3, 'clf__p': 5, 'clf__weights': 'distance'}",0.6205288135701081,0.5847200260490835,0.6181469225712296,0.6059657668836002,0.5997664012924863,0.6058255860733015,0.01303977198206729,553,1.0,1.0,1.0,1.0,1.0,1.0,0.0
0.004374027252197266,0.0008711365958069949,0.09446172714233399,0.00048086135798125257,50,5,1,uniform,"{'clf__leaf_size': 50, 'clf__n_neighbors': 5, 'clf__p': 1, 'clf__weights': 'uniform'}",0.7584087719315333,0.7011204455198455,0.7220067061683639,0.6708785966539725,0.7470263252494058,0.7198881691046243,0.03155620446355296,25,0.7755533542295909,0.797054822119576,0.78042897298093,0.8011347267322014,0.7875268634279576,0.7883397478980513,0.00965812617487423
0.0040606498718261715,0.00014625945866919435,0.0950284481048584,0.0008581965878931687,50,5,1,distance,"{'clf__leaf_size': 50, 'clf__n_neighbors': 5, 'clf__p': 1, 'clf__weights': 'distance'}",0.7675937452368279,0.7261534324946013,0.7236805969183332,0.6762020544920229,0.7582168531117213,0.7303693364507013,0.032117746842368435,10,1.0,1.0,1.0,1.0,1.0,1.0,0.0
0.004030704498291016,0.00012364572324302105,0.011709976196289062,0.0010597646614398384,50,5,2,uniform,"{'clf__leaf_size': 50, 'clf__n_neighbors': 5, 'clf__p': 2, 'clf__weights': 'uniform'}",0.6990106916505745,0.6698084671666152,0.6695295465860903,0.6426885051177059,0.7160803788886748,0.6794235178819322,0.02556240937845869,145,0.7645993170935287,0.7931587203940357,0.7945281209232401,0.7877318704642085,0.7758282355483261,0.7831692528846679,0.011387395437368877
0.0040662288665771484,0.00014237083153182173,0.011392879486083984,0.0008428050220474253,50,5,2,distance,"{'clf__leaf_size': 50, 'clf__n_neighbors': 5, 'clf__p': 2, 'clf__weights': 'distance'}",0.732082082082082,0.6928123799042727,0.6745537059595681,0.6721028878656548,0.7313106349771643,0.7005723381577483,0.026402282579464437,76,1.0,1.0,1.0,1.0,1.0,1.0,0.0
0.003971529006958008,0.00011827516778689877,6.303763151168823,0.009425969586548231,50,5,3,uniform,"{'clf__leaf_size': 50, 'clf__n_neighbors': 5, 'clf__p': 3, 'clf__weights': 'uniform'}",0.7069001557328347,0.6235217909063043,0.6737077067669173,0.6313266422721475,0.6906071148019302,0.6652126820960268,0.03268419256451674,214,0.7603583698411501,0.7818478845301395,0.7766037265748821,0.7627373272204704,0.7486014911565835,0.7660297598646452,0.011906058689572709
0.004390048980712891,0.0006319522228023618,6.297187328338623,0.0054245187448711905,50,5,3,distance,"{'clf__leaf_size': 50, 'clf__n_neighbors': 5, 'clf__p': 3, 'clf__weights': 'distance'}",0.7158764075430742,0.6770041839091473,0.6701499039186537,0.6359683794466403,0.6961427593748046,0.6790283268384641,0.026787188990942533,151,1.0,1.0,1.0,1.0,1.0,1.0,0.0
0.003786659240722656,9.360261189202829e-05,6.296996402740478,0.007069998518808571,50,5,4,uniform,"{'clf__leaf_size': 50, 'clf__n_neighbors': 5, 'clf__p': 4, 'clf__weights': 'uniform'}",0.6578951038714986,0.6315276240993978,0.6264895330112721,0.6435478627289677,0.6605342613780829,0.6439988770178438,0.013629649646958395,310,0.7411449451886347,0.7605910993668811,0.7514570830092191,0.748323507429478,0.7271701436190474,0.7457373557226521,0.011188107623231806
0.0039291858673095705,0.00013936583830155978,6.2978363037109375,0.008165679667007163,50,5,4,distance,"{'clf__leaf_size': 50, 'clf__n_neighbors': 5, 'clf__p': 4, 'clf__weights': 'distance'}",0.6736107724519056,0.6505546177959971,0.6224774232453092,0.6483727553040842,0.6617745830399577,0.6513580303674507,0.017013735078246644,265,1.0,1.0,1.0,1.0,1.0,1.0,0.0
0.003971481323242187,0.000139912229295941,6.321449708938599,0.037598922197355,50,5,5,uniform,"{'clf__leaf_size': 50, 'clf__n_neighbors': 5, 'clf__p': 5, 'clf__weights': 'uniform'}",0.6328767649495963,0.6233931279974048,0.6267874717257056,0.6304918643653598,0.6095697405562222,0.6246237939188577,0.008189827159427386,439,0.7297745704952868,0.7311453250218196,0.7370276941501198,0.7404288023633881,0.7193680040700325,0.7315488792201295,0.007218797613613245
0.0038292407989501953,0.0001315141605700827,6.37344274520874,0.03671198299259581,50,5,5,distance,"{'clf__leaf_size': 50, 'clf__n_neighbors': 5, 'clf__p': 5, 'clf__weights': 'distance'}",0.6210691497450054,0.585501661533592,0.6221279339872555,0.6303444782168186,0.6176458130015181,0.6153378072968378,0.015489846759533667,496,1.0,1.0,1.0,1.0,1.0,1.0,0.0
0.004384136199951172,0.0006646992758999287,0.09459443092346191,0.00047107006641432876,50,7,1,uniform,"{'clf__leaf_size': 50, 'clf__n_neighbors': 7, 'clf__p': 1, 'clf__weights': 'uniform'}",0.7541713600228857,0.714696565948862,0.7314716437007817,0.681825280352562,0.7515183457312642,0.7267366391512711,0.02665036836619682,13,0.7695059927446883,0.7819285421299851,0.7753418791370709,0.7881021994493123,0.7589861999719523,0.7747729626866017,0.010061385442892487
0.004683876037597656,0.0010505816103607854,0.09733619689941406,0.0019081418450362876,50,7,1,distance,"{'clf__leaf_size': 50, 'clf__n_neighbors': 7, 'clf__p': 1, 'clf__weights': 'distance'}",0.7745584516239521,0.7256606190581063,0.7470421563195598,0.7056102900930487,0.7567701144467449,0.7419283263082824,0.024061558820475528,1,1.0,1.0,1.0,1.0,1.0,1.0,0.0
0.0040492057800292965,5.6326882546904314e-05,0.01126561164855957,0.0002113772169521489,50,7,2,uniform,"{'clf__leaf_size': 50, 'clf__n_neighbors': 7, 'clf__p': 2, 'clf__weights': 'uniform'}",0.724871087183681,0.7005283094098883,0.716709652004179,0.6647522823705375,0.7292799793478276,0.7072282620632226,0.02339462538727223,58,0.7631844600935256,0.7673602383435736,0.7697809051308664,0.7743017377627351,0.7506077428712307,0.7650470168403862,0.00806687426221242
0.0040165424346923825,0.0001066342227640772,0.01154937744140625,0.00044026810439284973,50,7,2,distance,"{'clf__leaf_size': 50, 'clf__n_neighbors': 7, 'clf__p': 2, 'clf__weights': 'distance'}",0.7500410083333765,0.6996445483905346,0.7122396137369716,0.6703064479380269,0.7235187385478699,0.7111500713893559,0.026333456447263048,46,1.0,1.0,1.0,1.0,1.0,1.0,0.0
0.0040721893310546875,0.00010610350037685255,6.3242778301239015,0.011236896308597174,50,7,3,uniform,"{'clf__leaf_size': 50, 'clf__n_neighbors': 7, 'clf__p': 3, 'clf__weights': 'uniform'}",0.6942380695734157,0.6331367484621637,0.661180808106123,0.6557101566175977,0.700228200862835,0.6688987967244271,0.025044128989746787,202,0.7450548576267374,0.7544975758026674,0.7450885527921096,0.7566692796251693,0.7316046065051716,0.7465829744703711,0.008868984271787447
0.00405268669128418,0.000523801817899729,6.317183971405029,0.013930557727299507,50,7,3,distance,"{'clf__leaf_size': 50, 'clf__n_neighbors': 7, 'clf__p': 3, 'clf__weights': 'distance'}",0.6910296843218721,0.6474027189044994,0.6738983271281227,0.6679000431432912,0.7173930569606616,0.6795247660916893,0.023515898925425275,142,1.0,1.0,1.0,1.0,1.0,1.0,0.0
0.0038594722747802733,7.227967417081109e-05,6.3074493408203125,0.012342091561003367,50,7,4,uniform,"{'clf__leaf_size': 50, 'clf__n_neighbors': 7, 'clf__p': 4, 'clf__weights': 'uniform'}",0.6729711523095399,0.6322256113119356,0.6172757857947863,0.6527412031260412,0.6614271247168139,0.6473281754518234,0.02008420806903685,295,0.7265243443846632,0.7494483392769629,0.7340136131329312,0.7216828796495145,0.7198902268522522,0.7303118806592648,0.010745443957923574
0.00380854606628418,9.679200008545338e-05,6.329904270172119,0.03215521242914537,50,7,4,distance,"{'clf__leaf_size': 50, 'clf__n_neighbors': 7, 'clf__p': 4, 'clf__weights': 'distance'}",0.6686006577658953,0.6441125619950409,0.6228942405657009,0.6562384146527376,0.6459904474610357,0.647567264488082,0.015104780095610573,292,1.0,1.0,1.0,1.0,1.0,1.0,0.0
0.003856515884399414,0.00012307374894087963,6.345883560180664,0.04172802005747552,50,7,5,uniform,"{'clf__leaf_size': 50, 'clf__n_neighbors': 7, 'clf__p': 5, 'clf__weights': 'uniform'}",0.6436827616284218,0.6041074196374419,0.5989185293557491,0.6291669129308392,0.6217244797848127,0.6195200206674529,0.0163934739202213,478,0.6901520652413561,0.7179950333846171,0.720734832989716,0.7063056944914736,0.6949158217015214,0.7060206895617369,0.012125209133304804
0.0038959503173828123,7.579122257387196e-05,6.33306770324707,0.02356915212854047,50,7,5,distance,"{'clf__leaf_size': 50, 'clf__n_neighbors': 7, 'clf__p': 5, 'clf__weights': 'distance'}",0.6501320457911839,0.6190705245729463,0.603745480971724,0.6262790003932257,0.6200082761027003,0.623847065566356,0.01508933294778056,448,1.0,1.0,1.0,1.0,1.0,1.0,0.0
0.0038671016693115233,0.00014438605528979714,0.09521808624267578,0.0005942745306963139,50,9,1,uniform,"{'clf__leaf_size': 50, 'clf__n_neighbors': 9, 'clf__p': 1, 'clf__weights': 'uniform'}",0.7412767262807967,0.6967016360208413,0.7173487117925096,0.6847071609237255,0.7326567502048332,0.7145381970445412,0.02125635685004626,31,0.7508677437069532,0.7642859221131426,0.7666968977884261,0.7755751602949871,0.7473745351876897,0.7609600518182397,0.010430677406797166
0.0038410186767578124,0.00017199097885529251,0.09595746994018554,0.0013508890729308238,50,9,1,distance,"{'clf__leaf_size': 50, 'clf__n_neighbors': 9, 'clf__p': 1, 'clf__weights': 'distance'}",0.7612575702823505,0.7121648959884255,0.7512270987147935,0.6838065767756433,0.7471496959811577,0.7311211675484742,0.02886996949419681,7,1.0,1.0,1.0,1.0,1.0,1.0,0.0
0.004128122329711914,5.453599732338012e-05,0.01185140609741211,0.0007526060703203644,50,9,2,uniform,"{'clf__leaf_size': 50, 'clf__n_neighbors': 9, 'clf__p': 2, 'clf__weights': 'uniform'}",0.7128880265823279,0.6795631841967277,0.7328690823085239,0.6690580105473722,0.7146644520582983,0.70180855113865,0.023749693979162278,67,0.7452535446314608,0.7592188160647871,0.754618715383091,0.7558563482725522,0.7285314645985509,0.7486957777900884,0.011095384531420975
0.004348373413085938,0.0005709782532396718,0.01160273551940918,0.0004601132572585957,50,9,2,distance,"{'clf__leaf_size': 50, 'clf__n_neighbors': 9, 'clf__p': 2, 'clf__weights': 'distance'}",0.728600277027706,0.7015422077922078,0.7391361717437317,0.6628700394461283,0.7384555249102245,0.7141208441839997,0.029025727740057496,37,1.0,1.0,1.0,1.0,1.0,1.0,0.0
0.0038352012634277344,0.00010532220001980228,6.288236045837403,0.012260617304800003,50,9,3,uniform,"{'clf__leaf_size': 50, 'clf__n_neighbors': 9, 'clf__p': 3, 'clf__weights': 'uniform'}",0.6725510423807767,0.6486933722960317,0.6761010867200982,0.6736373921120618,0.6758096005727432,0.6693584988163424,0.010417561344755504,196,0.7233192447725341,0.7365988970835302,0.7337720817884688,0.7367439387603598,0.708091561445063,0.7277051447699912,0.010968455875214823
0.003837394714355469,9.726021695045474e-05,6.298569011688232,0.010053584782240286,50,9,3,distance,"{'clf__leaf_size': 50, 'clf__n_neighbors': 9, 'clf__p': 3, 'clf__weights': 'distance'}",0.6738280423280423,0.6535266738274257,0.6744363772967751,0.6632183843019994,0.7126496096132915,0.6755318174735068,0.02008820706590414,163,1.0,1.0,1.0,1.0,1.0,1.0,0.0
0.003876352310180664,8.549420309406272e-05,6.309364700317383,0.012289030387229796,50,9,4,uniform,"{'clf__leaf_size': 50, 'clf__n_neighbors': 9, 'clf__p': 4, 'clf__weights': 'uniform'}",0.6499029191640047,0.637224174738791,0.6319053155563865,0.6417519767303879,0.6498116760828625,0.6421192124544864,0.007045282577353982,319,0.689861258599333,0.7278743078270555,0.7166992686645529,0.71225189253741,0.6905585367788043,0.7074490528814311,0.014969601479742953
0.003812837600708008,6.225225523492238e-05,6.3211315155029295,0.00902645115762217,50,9,4,distance,"{'clf__leaf_size': 50, 'clf__n_neighbors': 9, 'clf__p': 4, 'clf__weights': 'distance'}",0.6615580037576477,0.6382973762480404,0.6265089426143273,0.6445625637844435,0.659605279350092,0.6461064331509102,0.013178743647165989,301,1.0,1.0,1.0,1.0,1.0,1.0,0.0
0.00394134521484375,0.00025949640249007486,6.31851019859314,0.018940349584576088,50,9,5,uniform,"{'clf__leaf_size': 50, 'clf__n_neighbors': 9, 'clf__p': 5, 'clf__weights': 'uniform'}",0.6414997158283604,0.5755076494158241,0.6088944696909299,0.6082756057833939,0.6010681746165839,0.6070491230670185,0.021082643145865356,550,0.6774870938477097,0.6999176315226753,0.6971208206659627,0.7027772806767869,0.6870790624205317,0.6928763778267333,0.009338751021183908
0.004075050354003906,0.00041345383862256103,6.349490165710449,0.04003602932047482,50,9,5,distance,"{'clf__leaf_size': 50, 'clf__n_neighbors': 9, 'clf__p': 5, 'clf__weights': 'distance'}",0.6634931378757805,0.6013387980548998,0.6046154830221133,0.6140669117469613,0.6213610845795864,0.6209750830558682,0.022400343816925097,472,1.0,1.0,1.0,1.0,1.0,1.0,0.0
0.004027652740478516,0.00022875038981943924,0.09823012351989746,0.004217266428210091,50,11,1,uniform,"{'clf__leaf_size': 50, 'clf__n_neighbors': 11, 'clf__p': 1, 'clf__weights': 'uniform'}",0.7137399556935023,0.7112423488572736,0.7377325447686955,0.6835469719363068,0.7261520570501823,0.7144827756611921,0.01813725442931336,34,0.7455991736511404,0.7584084833468925,0.757712702200028,0.7721101531920936,0.7295588360684877,0.7526778696917285,0.014285662508945958
0.004229116439819336,0.0003662971181593966,0.09896984100341796,0.00324949048164307,50,11,1,distance,"{'clf__leaf_size': 50, 'clf__n_neighbors': 11, 'clf__p': 1, 'clf__weights': 'distance'}",0.7414956659724115,0.7062497073761507,0.7549681493827053,0.6833838081605811,0.7353773848161695,0.7242949431416037,0.02591865142999464,19,1.0,1.0,1.0,1.0,1.0,1.0,0.0
0.004175138473510742,0.00013306511487791575,0.01234731674194336,0.0007115763377075444,50,11,2,uniform,"{'clf__leaf_size': 50, 'clf__n_neighbors': 11, 'clf__p': 2, 'clf__weights': 'uniform'}",0.702844270926609,0.6679527646495275,0.708744131455399,0.6680325540436894,0.7264430757509013,0.6948033593652252,0.02322801537938361,91,0.7410807195651762,0.7403135183288008,0.7544181331396176,0.7505793497357416,0.7117081090900833,0.7396199659718838,0.014971843002983428
0.004651260375976562,0.0006924844280623178,0.011869668960571289,0.00072680743802439,50,11,2,distance,"{'clf__leaf_size': 50, 'clf__n_neighbors': 11, 'clf__p': 2, 'clf__weights': 'distance'}",0.7257391686182669,0.6874265828705295,0.719440325648028,0.6729943687163621,0.7454780992669623,0.7102157090240298,0.02636012124561599,52,1.0,1.0,1.0,1.0,1.0,1.0,0.0
0.004319429397583008,0.0002664240733272403,6.297281789779663,0.007944408306567008,50,11,3,uniform,"{'clf__leaf_size': 50, 'clf__n_neighbors': 11, 'clf__p': 3, 'clf__weights': 'uniform'}",0.6603569675527508,0.6503238600696228,0.6671257874350311,0.6492928215368561,0.6817455867248399,0.66176900466382,0.011969956403439922,232,0.7133167145394758,0.7168467677443173,0.7108814037877352,0.7200728097913955,0.6975463817554826,0.7117328155236813,0.007748503762614889
0.0038689136505126952,8.295659258223885e-05,6.318157196044922,0.035819052019141824,50,11,3,distance,"{'clf__leaf_size': 50, 'clf__n_neighbors': 11, 'clf__p': 3, 'clf__weights': 'distance'}",0.6682145319017186,0.6698952662116914,0.666473618402154,0.6488462652862999,0.6850476066619522,0.6676954576927632,0.011515125835449912,205,1.0,1.0,1.0,1.0,1.0,1.0,0.0
0.003871726989746094,0.00014116847621565448,6.303325605392456,0.012173651643514685,50,11,4,uniform,"{'clf__leaf_size': 50, 'clf__n_neighbors': 11, 'clf__p': 4, 'clf__weights': 'uniform'}",0.628795564952114,0.616940114805727,0.6468014119124442,0.6356529406935763,0.6332050074397558,0.6322790079607234,0.009701104391486231,388,0.680849761189209,0.7041593432190123,0.6955831549868016,0.7047972890335958,0.6863884131675987,0.6943555923192435,0.009513494523353951
0.003902721405029297,0.00013087745928419005,6.296500015258789,0.007845099743943349,50,11,4,distance,"{'clf__leaf_size': 50, 'clf__n_neighbors': 11, 'clf__p': 4, 'clf__weights': 'distance'}",0.6404768642035197,0.639640227489517,0.6517904987712851,0.6546985299709858,0.6334172831245432,0.6440046807119701,0.007982033622452825,307,1.0,1.0,1.0,1.0,1.0,1.0,0.0
0.004645538330078125,0.0009972917260417814,6.298305511474609,0.008192462438145127,50,11,5,uniform,"{'clf__leaf_size': 50, 'clf__n_neighbors': 11, 'clf__p': 5, 'clf__weights': 'uniform'}",0.6233467098896406,0.5826086622480924,0.6113115763546798,0.646807969098502,0.5968846633810316,0.6121919161943892,0.022058814301863402,520,0.6672220261158093,0.6785318565372567,0.6786835480147217,0.689935357317273,0.676321915702558,0.6781389407375237,0.007239986586597169
0.004311323165893555,0.0005361348651581674,6.301523971557617,0.007779086006386146,50,11,5,distance,"{'clf__leaf_size': 50, 'clf__n_neighbors': 11, 'clf__p': 5, 'clf__weights': 'distance'}",0.6476906552094521,0.602309627781831,0.6347976831457007,0.6582080678249187,0.5935236928342912,0.6273059453592388,0.025269191446155623,418,1.0,1.0,1.0,1.0,1.0,1.0,0.0
0.005009889602661133,0.0005909812282073493,0.09474306106567383,0.00013087242101133173,50,13,1,uniform,"{'clf__leaf_size': 50, 'clf__n_neighbors': 13, 'clf__p': 1, 'clf__weights': 'uniform'}",0.7281162079912946,0.6912466168447754,0.7277908872736459,0.6867277745720485,0.7260298181350813,0.7119822609633693,0.01884307190939298,43,0.7354196024196493,0.7372072263136497,0.7491011592715631,0.763061899326161,0.7242115005307256,0.7418002775723498,0.01324034475591438
0.0042994976043701175,0.0007058133500402093,0.09542975425720215,0.0005057405035750808,50,13,1,distance,"{'clf__leaf_size': 50, 'clf__n_neighbors': 13, 'clf__p': 1, 'clf__weights': 'distance'}",0.7350410686288549,0.710503117032927,0.7470267535705917,0.7104877982212969,0.7304142558398827,0.7266945986587106,0.014294896932296746,16,1.0,1.0,1.0,1.0,1.0,1.0,0.0
0.004367446899414063,0.0002077777961197967,0.01323232650756836,0.0018178747890240912,50,13,2,uniform,"{'clf__leaf_size': 50, 'clf__n_neighbors': 13, 'clf__p': 2, 'clf__weights': 'uniform'}",0.6863428626089997,0.6631738137611026,0.7005880718063542,0.6965464325197113,0.7313001353610813,0.6955902632114498,0.022079075761043516,88,0.726621791525919,0.7454404273923607,0.7402348393407135,0.7471699996372103,0.7099501654438068,0.733883444668002,0.013971185115863894
0.004365015029907227,0.0002508094282610692,0.013399410247802734,0.0010136620571508524,50,13,2,distance,"{'clf__leaf_size': 50, 'clf__n_neighbors': 13, 'clf__p': 2, 'clf__weights': 'distance'}",0.7282928957208143,0.6855120630735384,0.7077901873799333,0.6952939128726234,0.7522893772893773,0.7138356872672573,0.02395942531298714,40,1.0,1.0,1.0,1.0,1.0,1.0,0.0
0.00446786880493164,0.00018081861205183745,6.436315584182739,0.05167078032742812,50,13,3,uniform,"{'clf__leaf_size': 50, 'clf__n_neighbors': 13, 'clf__p': 3, 'clf__weights': 'uniform'}",0.6326038953783155,0.6381718718506981,0.6582655090373212,0.6675420751245201,0.655850210917174,0.6504867124616058,0.013050767284104451,271,0.702200246501573,0.7111446219036812,0.7069298121159,0.7058456060441285,0.6902025497261886,0.7032645672582942,0.007126571728070871
0.0037810802459716797,8.162457748705483e-05,6.421762847900391,0.0720851367131856,50,13,3,distance,"{'clf__leaf_size': 50, 'clf__n_neighbors': 13, 'clf__p': 3, 'clf__weights': 'distance'}",0.6289090909090909,0.6586564228235878,0.6527352864920922,0.6641891273670394,0.6635755752744774,0.6536131005732576,0.0130199615612662,262,1.0,1.0,1.0,1.0,1.0,1.0,0.0
0.0041710853576660155,0.0007055605633206632,6.44424090385437,0.11507529662656413,50,13,4,uniform,"{'clf__leaf_size': 50, 'clf__n_neighbors': 13, 'clf__p': 4, 'clf__weights': 'uniform'}",0.6234058528855636,0.5770628005847838,0.652838693957115,0.656809956487969,0.6127273218288705,0.6245689251488604,0.02911038339718927,442,0.6695230801997303,0.6837759717103575,0.6827956715702734,0.6860397385221993,0.6769438078261607,0.6798156539657443,0.0059579933720303084
0.003939199447631836,0.00010075326556468448,6.4916352272033695,0.14366748737836568,50,13,4,distance,"{'clf__leaf_size': 50, 'clf__n_neighbors': 13, 'clf__p': 4, 'clf__weights': 'distance'}",0.6421478851702633,0.5897754683498571,0.6530215540486272,0.6667884990253411,0.6195127487885665,0.6342492310765311,0.027087533243902315,373,1.0,1.0,1.0,1.0,1.0,1.0,0.0
0.0039195060729980465,0.00016504728952141903,6.4367431640625,0.11350095782488523,50,13,5,uniform,"{'clf__leaf_size': 50, 'clf__n_neighbors': 13, 'clf__p': 5, 'clf__weights': 'uniform'}",0.6060615524080163,0.5709930428876969,0.5869524141856621,0.6520362377022311,0.5896222807567726,0.6011331055880758,0.027775647332216515,574,0.64560956565322,0.6746762852936025,0.67541604165731,0.6678263169273203,0.6660518451512497,0.6659160109365405,0.010798263105364157
0.0038524627685546874,9.708802677826853e-05,6.534779644012451,0.177001620773081,50,13,5,distance,"{'clf__leaf_size': 50, 'clf__n_neighbors': 13, 'clf__p': 5, 'clf__weights': 'distance'}",0.6337707974756168,0.6005705885614387,0.6126522169057916,0.6430842182813699,0.5909723531880611,0.6162100348824555,0.01962036209402093,490,1.0,1.0,1.0,1.0,1.0,1.0,0.0
0.0038842678070068358,0.00014431281027799347,0.09568595886230469,0.0004683259250443893,50,15,1,uniform,"{'clf__leaf_size': 50, 'clf__n_neighbors': 15, 'clf__p': 1, 'clf__weights': 'uniform'}",0.7192854470632248,0.6932310787318106,0.7248803098466811,0.6948701097637268,0.7144339403199272,0.7093401771450741,0.012924677505600363,55,0.7303124611266831,0.733429821515771,0.7326777680310592,0.74963262201064,0.7231484269155503,0.7338402199199406,0.008691135769168147
0.0040074348449707035,0.00019153252938367162,0.09785652160644531,0.003352235091988415,50,15,1,distance,"{'clf__leaf_size': 50, 'clf__n_neighbors': 15, 'clf__p': 1, 'clf__weights': 'distance'}",0.7276972187777488,0.6984086926555546,0.7400626584060828,0.6990042100425896,0.7208749250783639,0.7172095409920679,0.0163131687573426,28,1.0,1.0,1.0,1.0,1.0,1.0,0.0
0.00431365966796875,0.00012509824435824856,0.01259613037109375,0.0008882911099011154,50,15,2,uniform,"{'clf__leaf_size': 50, 'clf__n_neighbors': 15, 'clf__p': 2, 'clf__weights': 'uniform'}",0.6846042868140624,0.6588412247963429,0.6944323397949641,0.6917522685421427,0.718657266291824,0.6896574772478672,0.019200788401628796,106,0.7139729069481249,0.7346387102690626,0.7312723565934576,0.7443139463556052,0.6969593191645167,0.7242314478661533,0.0167940401195994
0.004188013076782226,0.0001336056874077744,0.012925100326538087,0.0010409703818968343,50,15,2,distance,"{'clf__leaf_size': 50, 'clf__n_neighbors': 15, 'clf__p': 2, 'clf__weights': 'distance'}",0.6958348048327728,0.6675263103437459,0.7134487771067713,0.6993770327188329,0.7384115386000478,0.7029196927204342,0.023177447375787537,64,1.0,1.0,1.0,1.0,1.0,1.0,0.0
0.004732704162597657,0.0009087788766885331,6.49114351272583,0.13202119751461278,50,15,3,uniform,"{'clf__leaf_size': 50, 'clf__n_neighbors': 15, 'clf__p': 3, 'clf__weights': 'uniform'}",0.6347680635825843,0.643512964280056,0.6581818660766029,0.6765351812813251,0.6597141577634189,0.6545424465967974,0.014396861138547401,259,0.6879085725972426,0.7033272735718388,0.6935029599827004,0.7075683117773106,0.687667908228656,0.6959950052315497,0.008107340009932467
0.004025506973266602,0.00025599802994531127,6.512013530731201,0.14338696091673933,50,15,3,distance,"{'clf__leaf_size': 50, 'clf__n_neighbors': 15, 'clf__p': 3, 'clf__weights': 'distance'}",0.6442319790301441,0.6487989407404127,0.6650362235126183,0.6673865208097574,0.6591617484121932,0.656923082501025,0.009026450133154257,250,1.0,1.0,1.0,1.0,1.0,1.0,0.0
0.0038731575012207033,0.00011164838368067143,6.436195611953735,0.14376398940250465,50,15,4,uniform,"{'clf__leaf_size': 50, 'clf__n_neighbors': 15, 'clf__p': 4, 'clf__weights': 'uniform'}",0.6128134765131669,0.5870432897948252,0.6235762952979934,0.6665897463713869,0.615912608403288,0.6211870832761321,0.02581025439210468,469,0.6610876092148854,0.6704340146465384,0.6667494068211325,0.6635133035932503,0.6653333349666561,0.6654235338484926,0.003140707399991656
0.0038769721984863283,7.849504380263697e-05,6.379630470275879,0.07052236398896124,50,15,4,distance,"{'clf__leaf_size': 50, 'clf__n_neighbors': 15, 'clf__p': 4, 'clf__weights': 'distance'}",0.6177910734377704,0.6138136734317451,0.6329825134306764,0.6704545454545454,0.6190048946861413,0.6308093400881758,0.0208525196263922,403,1.0,1.0,1.0,1.0,1.0,1.0,0.0
0.00387721061706543,8.911018705617276e-05,6.329636192321777,0.004398230584142006,50,15,5,uniform,"{'clf__leaf_size': 50, 'clf__n_neighbors': 15, 'clf__p': 5, 'clf__weights': 'uniform'}",0.5902437930598781,0.5606178405274947,0.5851976789768798,0.6302014710662345,0.5722798799724229,0.587708132720582,0.023623423414406174,634,0.6323070133932588,0.6543284829166995,0.6594226222102314,0.645827349904001,0.6560306906534868,0.6495832318155356,0.009731136713940611
0.0038010120391845704,5.266182321600804e-05,6.376168441772461,0.04320075658179904,50,15,5,distance,"{'clf__leaf_size': 50, 'clf__n_neighbors': 15, 'clf__p': 5, 'clf__weights': 'distance'}",0.6227384158359137,0.5945309730591989,0.6051718971341397,0.6328261423647451,0.5820108320551451,0.6074556520898284,0.018422412305928604,538,1.0,1.0,1.0,1.0,1.0,1.0,0.0
0.004444408416748047,0.0006762421360937526,0.09544534683227539,0.0008617572230742254,50,17,1,uniform,"{'clf__leaf_size': 50, 'clf__n_neighbors': 17, 'clf__p': 1, 'clf__weights': 'uniform'}",0.7096842744383728,0.691139238970606,0.7119966819119361,0.6901628457630063,0.7238857855446796,0.7053737653257202,0.01295478459877422,61,0.7270103790998755,0.7227443785419874,0.7199288451794019,0.7301960151468413,0.7166816316246398,0.7233122499185493,0.004833164339203641
0.004423856735229492,0.0006492486640370118,0.09591531753540039,0.00044557662916581433,50,17,1,distance,"{'clf__leaf_size': 50, 'clf__n_neighbors': 17, 'clf__p': 1, 'clf__weights': 'distance'}",0.7172278338945005,0.694134994863757,0.7186258259953493,0.700277485988196,0.7243425294767871,0.710921734043718,0.0116132020317141,49,1.0,1.0,1.0,1.0,1.0,1.0,0.0
0.00413970947265625,0.00021748873673196648,0.012324237823486328,0.00043169215370484634,50,17,2,uniform,"{'clf__leaf_size': 50, 'clf__n_neighbors': 17, 'clf__p': 2, 'clf__weights': 'uniform'}",0.6756846468238391,0.651916169891719,0.6717378366314536,0.6939191066942352,0.7088652827826557,0.6804246085647805,0.019501957590129775,133,0.7024035155519994,0.72811018072645,0.7228479114417452,0.7411170359180423,0.685832695119404,0.7160622677515281,0.019592484009888295
0.004882526397705078,0.0006284751262465984,0.013218402862548828,0.000456728982809418,50,17,2,distance,"{'clf__leaf_size': 50, 'clf__n_neighbors': 17, 'clf__p': 2, 'clf__weights': 'distance'}",0.6756846468238391,0.6549341392590206,0.6878647899046103,0.6993770327188329,0.7315999905446002,0.6898921198501806,0.0255246265927739,103,1.0,1.0,1.0,1.0,1.0,1.0,0.0
0.004674530029296875,0.0007813582296487282,6.332875537872314,0.04586608525912421,50,17,3,uniform,"{'clf__leaf_size': 50, 'clf__n_neighbors': 17, 'clf__p': 3, 'clf__weights': 'uniform'}",0.6376919189684773,0.6354377405371072,0.6508244459571894,0.6631179398687099,0.6283410703614438,0.6430826231385854,0.012378748214196133,313,0.6773297855446979,0.6870588240647832,0.6804281999022097,0.6903258532211076,0.6785116959645261,0.6827308717394649,0.005073270915887412
0.004001903533935547,0.00010352192908869758,6.320199775695801,0.013939292480757055,50,17,3,distance,"{'clf__leaf_size': 50, 'clf__n_neighbors': 17, 'clf__p': 3, 'clf__weights': 'distance'}",0.6482598613345375,0.6415469296606787,0.658609334361214,0.6590911611986083,0.6322572640513564,0.647952910121279,0.010247966870597243,286,1.0,1.0,1.0,1.0,1.0,1.0,0.0
0.003834056854248047,0.00011475414881308045,6.319261503219605,0.0116275707853904,50,17,4,uniform,"{'clf__leaf_size': 50, 'clf__n_neighbors': 17, 'clf__p': 4, 'clf__weights': 'uniform'}",0.6031217709229345,0.608183280665492,0.6026508602015014,0.6543983425837026,0.5978724978724979,0.6132453504492256,0.020833857033664117,505,0.6468158232873511,0.6652264277264277,0.6642975224320633,0.6498352493856594,0.6532677343119376,0.6558885514286878,0.007533024239940931
0.004109573364257812,0.0006548702861947876,6.315921926498413,0.011422914350086431,50,17,4,distance,"{'clf__leaf_size': 50, 'clf__n_neighbors': 17, 'clf__p': 4, 'clf__weights': 'distance'}",0.6230516926533665,0.6278358738036157,0.6130275084578347,0.651530573645035,0.6142581926514399,0.6259407682422584,0.013928468502273998,433,1.0,1.0,1.0,1.0,1.0,1.0,0.0
0.003955841064453125,0.00019498366421679872,6.324441957473755,0.018680756726037282,50,17,5,uniform,"{'clf__leaf_size': 50, 'clf__n_neighbors': 17, 'clf__p': 5, 'clf__weights': 'uniform'}",0.6111729580753779,0.5659505952961097,0.5962419896246567,0.6479073266795201,0.5672803707381662,0.5977106480827661,0.030455869787054335,589,0.6297851088891472,0.6414537052971963,0.6425198273096205,0.6323426283235967,0.6350154310503656,0.6362233401739853,0.0049994451805187405
0.0038584232330322265,0.00010119441721488396,6.326271057128906,0.011081458963685254,50,17,5,distance,"{'clf__leaf_size': 50, 'clf__n_neighbors': 17, 'clf__p': 5, 'clf__weights': 'distance'}",0.6237626114736343,0.5683571412809795,0.6087229538129839,0.6293904121163956,0.5791067362134066,0.60186797097948,0.02418636125302478,571,1.0,1.0,1.0,1.0,1.0,1.0,0.0
0.004080820083618164,0.00023605160698592643,0.09946441650390625,0.0045442573446291155,50,19,1,uniform,"{'clf__leaf_size': 50, 'clf__n_neighbors': 19, 'clf__p': 1, 'clf__weights': 'uniform'}",0.7028616326868724,0.6460066581252137,0.6874649859943978,0.68261600142789,0.7095034536139806,0.6856905463696709,0.022132840782503625,118,0.7188759156580796,0.7170062969937655,0.7168905031402456,0.7322349773331591,0.6930382686901098,0.7156091923630719,0.012650126173799327
0.004180097579956054,0.00040899717632497304,0.09896392822265625,0.003218496069543619,50,19,1,distance,"{'clf__leaf_size': 50, 'clf__n_neighbors': 19, 'clf__p': 1, 'clf__weights': 'distance'}",0.7054212357251389,0.6715081429879353,0.6976392614909723,0.682628145567609,0.7228859616801769,0.6960165494903665,0.0178491343079976,85,1.0,1.0,1.0,1.0,1.0,1.0,0.0
0.003913736343383789,8.536618425999373e-05,0.01202850341796875,0.0006881492659033109,50,19,2,uniform,"{'clf__leaf_size': 50, 'clf__n_neighbors': 19, 'clf__p': 2, 'clf__weights': 'uniform'}",0.6815143586611422,0.658063974170739,0.6891734586114647,0.677004477004477,0.7016136089423879,0.6814739754780421,0.014372843039668012,124,0.6950178835285818,0.7186073287696249,0.7086812173927188,0.7372173814842364,0.6870682944971538,0.7093184211344632,0.01768963161546791
0.0038451194763183595,6.62214373992589e-05,0.012008762359619141,0.0007756306062668416,50,19,2,distance,"{'clf__leaf_size': 50, 'clf__n_neighbors': 19, 'clf__p': 2, 'clf__weights': 'distance'}",0.6923558776167472,0.6606585621162224,0.7007004263124287,0.6859749739311783,0.7183726703614806,0.6916125020676114,0.018916541456651424,100,1.0,1.0,1.0,1.0,1.0,1.0,0.0
0.0039768218994140625,0.0003082974411878381,6.298785543441772,0.012466428581729923,50,19,3,uniform,"{'clf__leaf_size': 50, 'clf__n_neighbors': 19, 'clf__p': 3, 'clf__weights': 'uniform'}",0.6234103598014887,0.6276862711662279,0.6384929950070795,0.6705618909571387,0.640931427481371,0.6402165888826612,0.016515310024731878,331,0.6700252870731079,0.6741770485941554,0.674664354075266,0.6764635382871325,0.6710624707801942,0.6732785397619713,0.0023818744646733766
0.00385432243347168,5.682638687875935e-05,6.323825979232788,0.014459086071867824,50,19,3,distance,"{'clf__leaf_size': 50, 'clf__n_neighbors': 19, 'clf__p': 3, 'clf__weights': 'distance'}",0.6405769555392197,0.6321129673965278,0.6521894723143992,0.6721701192522597,0.6543596106799022,0.6502818250364617,0.013591591205351127,274,1.0,1.0,1.0,1.0,1.0,1.0,0.0
0.004023456573486328,0.00043684195863814433,6.318447685241699,0.008805849173208823,50,19,4,uniform,"{'clf__leaf_size': 50, 'clf__n_neighbors': 19, 'clf__p': 4, 'clf__weights': 'uniform'}",0.5960470572518765,0.581588510987972,0.6354324156855802,0.6346365088983553,0.5893464430306535,0.6074101871708875,0.023016065782634293,541,0.6376102246270122,0.6563593470994377,0.6519254160767726,0.6400275576324551,0.6530118131373107,0.6477868717145976,0.007505811048817535
0.0038187503814697266,5.457192434045518e-05,6.330584526062012,0.023906225342567762,50,19,4,distance,"{'clf__leaf_size': 50, 'clf__n_neighbors': 19, 'clf__p': 4, 'clf__weights': 'distance'}",0.6187578671328672,0.6078155639549495,0.6384220972491913,0.6424389628414611,0.6149580148934182,0.6244785012143774,0.013550061582397044,445,1.0,1.0,1.0,1.0,1.0,1.0,0.0
0.004126071929931641,0.00046986419129516164,6.33643159866333,0.03282697879855116,50,19,5,uniform,"{'clf__leaf_size': 50, 'clf__n_neighbors': 19, 'clf__p': 5, 'clf__weights': 'uniform'}",0.5859665007958054,0.5600922953130713,0.5962584584941512,0.6316812940129323,0.5874552740313481,0.5922907645294616,0.023097515487145486,607,0.6309745908103598,0.6391365059979466,0.6352380657205127,0.6238219716508084,0.6239033777371593,0.6306149023833573,0.006087843857794777
0.003806304931640625,0.00010326265099045161,6.321931219100952,0.011116796217141085,50,19,5,distance,"{'clf__leaf_size': 50, 'clf__n_neighbors': 19, 'clf__p': 5, 'clf__weights': 'distance'}",0.6062041933276994,0.5693934502847703,0.5974393685938755,0.62104782647587,0.5833290391523167,0.5954827755669063,0.017892540823287006,598,1.0,1.0,1.0,1.0,1.0,1.0,0.0
0.00423736572265625,0.000568093200029042,0.09518523216247558,0.00012844318515807594,50,21,1,uniform,"{'clf__leaf_size': 50, 'clf__n_neighbors': 21, 'clf__p': 1, 'clf__weights': 'uniform'}",0.6926588950642248,0.6482901364643888,0.7062070423120668,0.6822695761347198,0.716577634637015,0.689200656922483,0.023547339675150856,109,0.7023922166015366,0.7172998144547114,0.7005824423456469,0.7290216748510057,0.6855646715083596,0.7069721639522519,0.014919292801307672
0.0040645599365234375,0.00025887062893452514,0.09886951446533203,0.0036741220975198136,50,21,1,distance,"{'clf__leaf_size': 50, 'clf__n_neighbors': 21, 'clf__p': 1, 'clf__weights': 'distance'}",0.6987719191017036,0.6597263544379545,0.7061774255825526,0.6822695761347198,0.7333378282126286,0.6960566206939118,0.024534313990804045,82,1.0,1.0,1.0,1.0,1.0,1.0,0.0
0.00427393913269043,0.00023809742278070586,0.015357065200805663,0.00233591181442136,50,21,2,uniform,"{'clf__leaf_size': 50, 'clf__n_neighbors': 21, 'clf__p': 2, 'clf__weights': 'uniform'}",0.6760135910928965,0.6495425010870971,0.6784372465889452,0.6778969822859984,0.7151690501580532,0.6794118742425981,0.020907167226673,148,0.6836291209533469,0.7135526367391263,0.7072981083459025,0.7216018416709487,0.682916253387681,0.7017995922194011,0.015793943965212744
0.004411888122558594,0.00047061164011465286,0.0147674560546875,0.0027792813115587772,50,21,2,distance,"{'clf__leaf_size': 50, 'clf__n_neighbors': 21, 'clf__p': 2, 'clf__weights': 'distance'}",0.6808189421092647,0.6419657379080664,0.679873120584583,0.6837605440503922,0.7136072088428064,0.6800051106990226,0.02276347031805563,139,1.0,1.0,1.0,1.0,1.0,1.0,0.0
0.004475641250610352,0.0008434841540772809,6.296043062210083,0.009006254299799402,50,21,3,uniform,"{'clf__leaf_size': 50, 'clf__n_neighbors': 21, 'clf__p': 3, 'clf__weights': 'uniform'}",0.6148890852921257,0.6103466325434814,0.6295120290883003,0.6803450076593851,0.642190253671562,0.635456601650971,0.02509654272689345,358,0.6619388111914843,0.6695009371684828,0.6583917664299177,0.6619270452120801,0.6649132444923602,0.663334360898865,0.0037115191715342446
0.0038023948669433593,4.395616210347459e-05,6.300146198272705,0.010008711211909304,50,21,3,distance,"{'clf__leaf_size': 50, 'clf__n_neighbors': 21, 'clf__p': 3, 'clf__weights': 'distance'}",0.6330886825589681,0.606917000938971,0.6291915223104942,0.6775677750655802,0.6385053802619747,0.6370540722271977,0.022931434690981637,355,1.0,1.0,1.0,1.0,1.0,1.0,0.0
0.0038906097412109374,0.00015617735275647504,6.294396781921387,0.007539953589230917,50,21,4,uniform,"{'clf__leaf_size': 50, 'clf__n_neighbors': 21, 'clf__p': 4, 'clf__weights': 'uniform'}",0.5908735845533417,0.5687306241020925,0.6082911895229781,0.657756358362569,0.5897244928984059,0.6030752498878774,0.030079582177256158,568,0.6373880889292984,0.6461900556872977,0.639478889654946,0.6310364994274219,0.6407720466759582,0.6389731160749845,0.004920942398606423
0.0038483142852783203,6.193819178462017e-05,6.2961798191070555,0.007614097266933743,50,21,4,distance,"{'clf__leaf_size': 50, 'clf__n_neighbors': 21, 'clf__p': 4, 'clf__weights': 'distance'}",0.5994737181916432,0.5976521739130435,0.6266436147972095,0.6516754683767132,0.6023034982435598,0.6155496947044339,0.020891943798717075,493,1.0,1.0,1.0,1.0,1.0,1.0,0.0
0.003951501846313476,0.0001027153504656975,6.321603059768677,0.03729127070012416,50,21,5,uniform,"{'clf__leaf_size': 50, 'clf__n_neighbors': 21, 'clf__p': 5, 'clf__weights': 'uniform'}",0.5857590784061372,0.542495675590675,0.6040632799882543,0.6399641721765488,0.5830900757870772,0.5910744563897385,0.03165695932596374,616,0.6163509034000817,0.6303086932447397,0.6239716682048376,0.6112313462550871,0.6318481190957632,0.6227421460401018,0.007937626859689578
0.0038675785064697264,7.249969896605235e-05,6.354632806777954,0.0383896962916,50,21,5,distance,"{'clf__leaf_size': 50, 'clf__n_neighbors': 21, 'clf__p': 5, 'clf__weights': 'distance'}",0.6033154808206438,0.550180398029373,0.593894075848963,0.6302934750716689,0.5814996857805363,0.591836623110237,0.02629456259471568,613,1.0,1.0,1.0,1.0,1.0,1.0,0.0
0.003803539276123047,2.6014253115719264e-05,0.09548344612121581,0.000588561025747199,50,23,1,uniform,"{'clf__leaf_size': 50, 'clf__n_neighbors': 23, 'clf__p': 1, 'clf__weights': 'uniform'}",0.6902649737062847,0.64472087268901,0.7141336930455635,0.6822148043818349,0.7117902727075605,0.6886249233060507,0.025134342231453288,112,0.7046606545167787,0.7119620620934708,0.6924570498873905,0.720264094139887,0.6855372714747714,0.7029762264224597,0.012627138516465748
0.004030799865722657,0.0001685411003325942,0.09671831130981445,0.0008505958840866969,50,23,1,distance,"{'clf__leaf_size': 50, 'clf__n_neighbors': 23, 'clf__p': 1, 'clf__weights': 'distance'}",0.6852321363100122,0.6561000108545442,0.712536611541271,0.6831673606712287,0.7229410100118587,0.691995425877783,0.023629334000857052,97,1.0,1.0,1.0,1.0,1.0,1.0,0.0
0.004284524917602539,0.0005806931174427908,0.012338829040527344,0.0002652436170521352,50,23,2,uniform,"{'clf__leaf_size': 50, 'clf__n_neighbors': 23, 'clf__p': 2, 'clf__weights': 'uniform'}",0.6717667618919717,0.630389119823878,0.6669343736319441,0.6901094276094276,0.6901986686344411,0.6698796703183325,0.021880787180354598,187,0.6830099916080286,0.7091898610970817,0.6955269276242424,0.7214454049238804,0.6892270739251235,0.6996798518356713,0.013918126044478944
0.00394144058227539,0.00015422579734890196,0.013050365447998046,0.0007508908329751258,50,23,2,distance,"{'clf__leaf_size': 50, 'clf__n_neighbors': 23, 'clf__p': 2, 'clf__weights': 'distance'}",0.6767768834175084,0.6388610712961473,0.6731465652954364,0.6873691084988155,0.6967687431140043,0.6745844743243824,0.019690730898720515,169,1.0,1.0,1.0,1.0,1.0,1.0,0.0
0.00393218994140625,0.00021176586759534788,6.3163995265960695,0.02498921906681772,50,23,3,uniform,"{'clf__leaf_size': 50, 'clf__n_neighbors': 23, 'clf__p': 3, 'clf__weights': 'uniform'}",0.6011388877943026,0.6180921167573341,0.6389801369532089,0.6584891731330828,0.6370959074392809,0.6307592444154418,0.019567866355588773,406,0.6522597598437606,0.6708960247152149,0.6549093690007367,0.6543511183597391,0.6563864287759712,0.6577605401390845,0.006699866486356915
0.004146671295166016,0.0005283477416857416,6.316386890411377,0.01140730954979519,50,23,3,distance,"{'clf__leaf_size': 50, 'clf__n_neighbors': 23, 'clf__p': 3, 'clf__weights': 'distance'}",0.611927431514808,0.620608931831842,0.641951530806422,0.6613029257559245,0.6356641764340238,0.6342909992686041,0.0171903558052105,370,1.0,1.0,1.0,1.0,1.0,1.0,0.0
0.004201030731201172,0.0004860278048210494,6.3114560604095455,0.009558316499833812,50,23,4,uniform,"{'clf__leaf_size': 50, 'clf__n_neighbors': 23, 'clf__p': 4, 'clf__weights': 'uniform'}",0.5812875473899096,0.595887981367032,0.6010551703993883,0.6312900877540987,0.5866423971381763,0.5992326368097209,0.017451239950438586,586,0.635975370632906,0.6386721997554439,0.6274064668216669,0.6309321100377989,0.6332119928366292,0.6332396280168889,0.003907641125080282
0.003876209259033203,0.00015412502613598643,6.335969400405884,0.04115902851284611,50,23,4,distance,"{'clf__leaf_size': 50, 'clf__n_neighbors': 23, 'clf__p': 4, 'clf__weights': 'distance'}",0.5841190373252629,0.6040950405299512,0.6309279016498268,0.6455967145563098,0.5978577336435378,0.6125192855409777,0.02247441462672011,517,1.0,1.0,1.0,1.0,1.0,1.0,0.0
0.004205513000488281,0.0006191712854247864,6.332943630218506,0.024543497487609905,50,23,5,uniform,"{'clf__leaf_size': 50, 'clf__n_neighbors': 23, 'clf__p': 5, 'clf__weights': 'uniform'}",0.5767199877042396,0.5369154425055046,0.5916953943739658,0.596468511647083,0.5744893442104597,0.5752577360882505,0.020942558070956407,685,0.623293897646735,0.632397350228781,0.611543075704717,0.6098986069257902,0.6232155323282981,0.6200696925668643,0.008347659886016108
0.0040225982666015625,0.0005068875659081855,6.355195331573486,0.03916433109604842,50,23,5,distance,"{'clf__leaf_size': 50, 'clf__n_neighbors': 23, 'clf__p': 5, 'clf__weights': 'distance'}",0.5867243853549253,0.5441739007453293,0.5949545275967649,0.6205545909651315,0.5779713684106416,0.5848757546145584,0.02482857193242084,640,1.0,1.0,1.0,1.0,1.0,1.0,0.0
0.004068613052368164,0.00021157410328613037,0.09936237335205078,0.0038480828331242576,50,25,1,uniform,"{'clf__leaf_size': 50, 'clf__n_neighbors': 25, 'clf__p': 1, 'clf__weights': 'uniform'}",0.6802125789383854,0.6415258475037402,0.7149532710280374,0.6726440165091603,0.7042758671462894,0.6827223162251225,0.025723179999152173,121,0.698775486140193,0.7069839436245954,0.6958536162721404,0.718318929909839,0.6703724860092668,0.6980608923912068,0.015887350235223842
0.004250526428222656,0.00017203370089021025,0.09882302284240722,0.0027947855138874115,50,25,1,distance,"{'clf__leaf_size': 50, 'clf__n_neighbors': 25, 'clf__p': 1, 'clf__weights': 'distance'}",0.6837578568241219,0.6499941787059652,0.729050097592713,0.6690598932618745,0.7042758671462894,0.6872275787061929,0.027452493747088382,115,1.0,1.0,1.0,1.0,1.0,1.0,0.0
0.004869794845581055,0.000797911346345275,0.015190839767456055,0.0028779465383241367,50,25,2,uniform,"{'clf__leaf_size': 50, 'clf__n_neighbors': 25, 'clf__p': 2, 'clf__weights': 'uniform'}",0.6645722453646982,0.6388138985849399,0.6777337212587392,0.6810932837445746,0.6858173371701763,0.6696060972246257,0.016937043359274824,190,0.6770637405818838,0.7026585432795087,0.6960765020490292,0.7036425938473948,0.6785678775162837,0.6916018514548201,0.011562815866344781
0.004351949691772461,0.00030796739664343937,0.015302085876464843,0.0019464968437689508,50,25,2,distance,"{'clf__leaf_size': 50, 'clf__n_neighbors': 25, 'clf__p': 2, 'clf__weights': 'distance'}",0.6797631985678607,0.6487354721290851,0.6766861221443541,0.6799957021929423,0.6873913377263131,0.674514366552111,0.013361733305108231,172,1.0,1.0,1.0,1.0,1.0,1.0,0.0
0.004136133193969727,0.0004420294190666318,6.302643775939941,0.012935155117492991,50,25,3,uniform,"{'clf__leaf_size': 50, 'clf__n_neighbors': 25, 'clf__p': 3, 'clf__weights': 'uniform'}",0.5998750631616568,0.5954850199036246,0.6304115531104528,0.6496003773047322,0.6405330029967886,0.623181003295451,0.02173288019966543,460,0.6501396918422836,0.6621433809743853,0.6573294076032986,0.6606776885306038,0.6463562254434387,0.6553292788788021,0.0061071350017919265
0.003928518295288086,0.00014206207397704417,6.29237208366394,0.011062667806095093,50,25,3,distance,"{'clf__leaf_size': 50, 'clf__n_neighbors': 25, 'clf__p': 3, 'clf__weights': 'distance'}",0.604104174623556,0.6124240371503797,0.6453773553559187,0.6521595320102783,0.6441155667907554,0.6316361331861776,0.019457033306673345,397,1.0,1.0,1.0,1.0,1.0,1.0,0.0
0.003913116455078125,8.57139694478163e-05,6.323680448532104,0.02658304048627334,50,25,4,uniform,"{'clf__leaf_size': 50, 'clf__n_neighbors': 25, 'clf__p': 4, 'clf__weights': 'uniform'}",0.5850799885321101,0.5880294599018003,0.6285148443466173,0.63764243353937,0.5868992417258267,0.6052331936091448,0.02293751518332628,559,0.634568395073758,0.6369397899855446,0.6254190917787293,0.6210822344022217,0.637986440467377,0.631199190341526,0.006725104102464639
0.00386962890625,5.633717514392707e-05,6.317104959487915,0.01676831105872466,50,25,4,distance,"{'clf__leaf_size': 50, 'clf__n_neighbors': 25, 'clf__p': 4, 'clf__weights': 'distance'}",0.5916125732788601,0.5952148828145033,0.6331180563991917,0.6458292584209292,0.5778498488768726,0.6087249239580714,0.026078268979978413,529,1.0,1.0,1.0,1.0,1.0,1.0,0.0
0.003784942626953125,4.573447575644498e-05,6.343878173828125,0.03131587725061516,50,25,5,uniform,"{'clf__leaf_size': 50, 'clf__n_neighbors': 25, 'clf__p': 5, 'clf__weights': 'uniform'}",0.5716049755334336,0.5527684808985888,0.5787931715517516,0.5914257599587947,0.5817731916869847,0.5752731159259106,0.012926434445845188,682,0.6139159946267366,0.6168407730627546,0.6246293053204918,0.6068839212276399,0.6187333765073759,0.6162006741489998,0.005829026965071908
0.00418558120727539,0.0006947739217302508,6.325020027160645,0.013071779457863414,50,25,5,distance,"{'clf__leaf_size': 50, 'clf__n_neighbors': 25, 'clf__p': 5, 'clf__weights': 'distance'}",0.588697860257555,0.5420105417578388,0.5921716727472637,0.6016976757578262,0.5827549431374339,0.5814665387315835,0.020662170717450884,655,1.0,1.0,1.0,1.0,1.0,1.0,0.0
0.004038524627685547,0.00019441683065577435,0.10094752311706542,0.003938551257734326,50,27,1,uniform,"{'clf__leaf_size': 50, 'clf__n_neighbors': 27, 'clf__p': 1, 'clf__weights': 'uniform'}",0.6709524167801612,0.640844903696762,0.7165808285489137,0.6666181610401252,0.6973408187423784,0.6784674257616681,0.026157870844488958,157,0.6955421157476274,0.7042317216522126,0.6932414247334185,0.7098021525799304,0.6701191002893825,0.6945873030005142,0.013608250868193257
0.004279088973999023,0.00017001243543343853,0.10180087089538574,0.003244787040465104,50,27,1,distance,"{'clf__leaf_size': 50, 'clf__n_neighbors': 27, 'clf__p': 1, 'clf__weights': 'distance'}",0.6744916243014908,0.6494490255616416,0.705735500601426,0.6639705842898564,0.7007195590786921,0.6788732587666214,0.02147517078192479,154,1.0,1.0,1.0,1.0,1.0,1.0,0.0
0.004410982131958008,0.0008369626405796354,0.014655208587646485,0.002072243756538737,50,27,2,uniform,"{'clf__leaf_size': 50, 'clf__n_neighbors': 27, 'clf__p': 2, 'clf__weights': 'uniform'}",0.6377521339995009,0.6235923169786842,0.6777634766723325,0.688891602480814,0.6801487965666606,0.6616296653395984,0.025936259095883044,238,0.674318654532186,0.6976182566893429,0.6862599764626753,0.6986743608325598,0.6661837261561678,0.6846109949345863,0.012768576775882069
0.004086446762084961,0.0002509368581579419,0.015009117126464844,0.002026602471927831,50,27,2,distance,"{'clf__leaf_size': 50, 'clf__n_neighbors': 27, 'clf__p': 2, 'clf__weights': 'distance'}",0.6622694111773524,0.6540470170369033,0.6898321592788058,0.6904617441382147,0.6779844180236693,0.6749189499309891,0.014622091320069048,166,1.0,1.0,1.0,1.0,1.0,1.0,0.0
0.00434718132019043,0.0002832726419461662,6.2972095012664795,0.006726897226667134,50,27,3,uniform,"{'clf__leaf_size': 50, 'clf__n_neighbors': 27, 'clf__p': 3, 'clf__weights': 'uniform'}",0.6085282307055814,0.5972876560590187,0.6145011378608216,0.6707418029188363,0.6273031044916177,0.623672386407175,0.02544925669608045,451,0.6450837910112865,0.6632652734703794,0.6509273479833765,0.651510789250997,0.6487924947270258,0.6519159392886131,0.006105456603790826
0.0037670135498046875,4.32830528203241e-05,6.297540712356567,0.009805367214993506,50,27,3,distance,"{'clf__leaf_size': 50, 'clf__n_neighbors': 27, 'clf__p': 3, 'clf__weights': 'distance'}",0.6156801546525635,0.612888781010412,0.6246687658227519,0.6695348817217727,0.6390161639999683,0.6323577494414938,0.02070157973595906,385,1.0,1.0,1.0,1.0,1.0,1.0,0.0
0.0037778377532958984,5.3274598156843256e-05,6.294662570953369,0.011472162001125134,50,27,4,uniform,"{'clf__leaf_size': 50, 'clf__n_neighbors': 27, 'clf__p': 4, 'clf__weights': 'uniform'}",0.6096786367603808,0.574929505429882,0.6232011742944714,0.6415795272132538,0.6149170992796491,0.6128611885955274,0.021839534197963813,508,0.6298691173781847,0.6337800759149028,0.6248566709436753,0.6203593236181575,0.6319960957372406,0.6281722567184321,0.0049190192058950226
0.003845834732055664,6.64620345404517e-05,6.298141145706177,0.013160766304781255,50,27,4,distance,"{'clf__leaf_size': 50, 'clf__n_neighbors': 27, 'clf__p': 4, 'clf__weights': 'distance'}",0.6113540305010893,0.5881949181755506,0.623932590365402,0.6309486888378146,0.6083383115618805,0.6125537078883474,0.01469975318740304,514,1.0,1.0,1.0,1.0,1.0,1.0,0.0
0.003856849670410156,0.00010531328363721301,6.306689023971558,0.01107297513907164,50,27,5,uniform,"{'clf__leaf_size': 50, 'clf__n_neighbors': 27, 'clf__p': 5, 'clf__weights': 'uniform'}",0.5751836673655027,0.5265283225283476,0.5803383503861584,0.6184683163406568,0.5812477322644293,0.5763532777770191,0.029316913601854407,679,0.6112479665271167,0.6081457922774909,0.6107907678830008,0.6108302611757238,0.6142141157686555,0.6110457807263975,0.001928763296458328
0.003975105285644531,8.659412682175289e-05,6.3034192562103275,0.006925078587791811,50,27,5,distance,"{'clf__leaf_size': 50, 'clf__n_neighbors': 27, 'clf__p': 5, 'clf__weights': 'distance'}",0.5789279419059983,0.5422020770991023,0.5875245806824754,0.6114668351673518,0.5853188467231636,0.5810880563156182,0.02235613612326699,658,1.0,1.0,1.0,1.0,1.0,1.0,0.0
0.004046916961669922,0.00031631739657106444,0.09894018173217774,0.002968065617056246,50,29,1,uniform,"{'clf__leaf_size': 50, 'clf__n_neighbors': 29, 'clf__p': 1, 'clf__weights': 'uniform'}",0.6779936312091098,0.6145441821634363,0.711818923787009,0.658661321224726,0.6972432904768718,0.6720522697722305,0.03387557147804022,178,0.687004165057964,0.6980748142077943,0.6791282156886894,0.7045245260282497,0.6573581720641339,0.6852179786093663,0.01645895191097886
0.004109859466552734,0.00013551490561751324,0.10110249519348144,0.003907763843916295,50,29,1,distance,"{'clf__leaf_size': 50, 'clf__n_neighbors': 29, 'clf__p': 1, 'clf__weights': 'distance'}",0.6804760073020027,0.6271588940347858,0.720400432900433,0.6564701328690857,0.6972432904768718,0.6763497515166358,0.03227682817390115,160,1.0,1.0,1.0,1.0,1.0,1.0,0.0
0.0052760601043701175,0.0007150887230749094,0.01286172866821289,0.00014328992307240823,50,29,2,uniform,"{'clf__leaf_size': 50, 'clf__n_neighbors': 29, 'clf__p': 2, 'clf__weights': 'uniform'}",0.6538601381815259,0.6314628851540616,0.6762073329114469,0.6812540672228239,0.6762583732057417,0.66380855933512,0.01875253006261583,226,0.6595001385132202,0.6908510335146405,0.6758736462511906,0.6913454688354211,0.6600982814377949,0.6755337137104535,0.014000539584580992
0.006778240203857422,0.0037822332484783315,0.01432647705078125,0.0025989146345568965,50,29,2,distance,"{'clf__leaf_size': 50, 'clf__n_neighbors': 29, 'clf__p': 2, 'clf__weights': 'distance'}",0.6525997150997151,0.6403800650695061,0.6862255900979811,0.6884339344011071,0.6786616691130216,0.6692601947562661,0.01926384242180148,199,1.0,1.0,1.0,1.0,1.0,1.0,0.0
0.004102230072021484,0.00011712143741485863,6.33014760017395,0.018478216272224467,50,29,3,uniform,"{'clf__leaf_size': 50, 'clf__n_neighbors': 29, 'clf__p': 3, 'clf__weights': 'uniform'}",0.6213618251411624,0.5880073665436443,0.6269532308336178,0.6488858711080934,0.6325396825396825,0.62354959523324,0.020011844685003954,454,0.637349731136758,0.666852097846935,0.6628318518803631,0.6522856790682381,0.6431317895940537,0.6524902299052695,0.011225589916903218
0.004150485992431641,0.0006274763125537058,6.32392897605896,0.010130164931376837,50,29,3,distance,"{'clf__leaf_size': 50, 'clf__n_neighbors': 29, 'clf__p': 3, 'clf__weights': 'distance'}",0.6156801546525635,0.6016935892101795,0.6304685859949017,0.6660765284201482,0.6401690500761708,0.6308175816707928,0.021945904942701874,400,1.0,1.0,1.0,1.0,1.0,1.0,0.0
0.004339456558227539,0.001072727276750875,6.337081527709961,0.030961291865186244,50,29,4,uniform,"{'clf__leaf_size': 50, 'clf__n_neighbors': 29, 'clf__p': 4, 'clf__weights': 'uniform'}",0.5999296629423299,0.5765783619817998,0.6177883302577741,0.6290893727187045,0.6252507920914755,0.6097273039984167,0.01936850360323937,526,0.6131598949789941,0.6247684140377496,0.6207755548411488,0.6218208642935092,0.6239923396540107,0.6209034135610825,0.004130371334929847
0.004195022583007813,0.0004336309873173827,6.340517044067383,0.024195215831779363,50,29,4,distance,"{'clf__leaf_size': 50, 'clf__n_neighbors': 29, 'clf__p': 4, 'clf__weights': 'distance'}",0.6117212327102018,0.5743945323535744,0.6227752262984705,0.6311420524240354,0.6299309566782545,0.6139928000929074,0.020968717305748466,499,1.0,1.0,1.0,1.0,1.0,1.0,0.0
0.004169893264770508,0.0005951641877434859,6.326667928695679,0.01168502552594991,50,29,5,uniform,"{'clf__leaf_size': 50, 'clf__n_neighbors': 29, 'clf__p': 5, 'clf__weights': 'uniform'}",0.5674008640602313,0.5487906266064368,0.5953572931969107,0.6085815700382247,0.5794577453928599,0.5799176198589328,0.020908256368498034,664,0.605910505337784,0.6072405257681078,0.601664434234291,0.6027437055403034,0.614163165919069,0.6063444673599111,0.004404349818190504
0.004077625274658203,0.00036644504063087385,6.337670946121216,0.017882105931773563,50,29,5,distance,"{'clf__leaf_size': 50, 'clf__n_neighbors': 29, 'clf__p': 5, 'clf__weights': 'distance'}",0.5712508142653384,0.5518878655691006,0.5891997851772288,0.6110957132298596,0.5694134521742813,0.5785695260831616,0.02010106215399496,676,1.0,1.0,1.0,1.0,1.0,1.0,0.0
0.0038842678070068358,0.00011971323306675921,0.09722256660461426,0.0019484798366299048,50,31,1,uniform,"{'clf__leaf_size': 50, 'clf__n_neighbors': 31, 'clf__p': 1, 'clf__weights': 'uniform'}",0.654711683749513,0.6257951543381535,0.7160073603828082,0.6670782392202731,0.6898692218357654,0.6706923319053025,0.03067704108362954,181,0.6825573691653284,0.692274713585336,0.6758597525291121,0.6964740078607833,0.6640912141923182,0.6822514114665756,0.011605933936419805
0.004410219192504883,0.0005755687484800974,0.09846806526184082,0.002851022196975485,50,31,1,distance,"{'clf__leaf_size': 50, 'clf__n_neighbors': 31, 'clf__p': 1, 'clf__weights': 'distance'}",0.6745212920293565,0.6421170789413281,0.722616956917678,0.6596042622500015,0.7012031879218175,0.6800125556120363,0.02879894954364148,136,1.0,1.0,1.0,1.0,1.0,1.0,0.0
0.004753875732421875,0.00023340501376051517,0.016744613647460938,0.0009867965784632318,50,31,2,uniform,"{'clf__leaf_size': 50, 'clf__n_neighbors': 31, 'clf__p': 2, 'clf__weights': 'uniform'}",0.6538847551014559,0.6216097830261137,0.6725576978749506,0.6747879991412623,0.6768888102386112,0.6599458090764788,0.02084611667427106,244,0.6588446121397221,0.6862612727518562,0.6674219843635598,0.6795403363795268,0.6513871385010591,0.6686910688271449,0.012840622740211204
0.004643964767456055,0.00022175903530822724,0.015363597869873047,0.0012185425431857344,50,31,2,distance,"{'clf__leaf_size': 50, 'clf__n_neighbors': 31, 'clf__p': 2, 'clf__weights': 'distance'}",0.6500757607206609,0.625137492143306,0.6734629672067606,0.6756715469062823,0.6768888102386112,0.6602473154431243,0.020127890770826055,241,1.0,1.0,1.0,1.0,1.0,1.0,0.0
0.004100131988525391,0.0003738194515761309,6.298352909088135,0.015738776659880365,50,31,3,uniform,"{'clf__leaf_size': 50, 'clf__n_neighbors': 31, 'clf__p': 3, 'clf__weights': 'uniform'}",0.6177626866326212,0.5878831095161257,0.6329354340534569,0.6534396955503513,0.6362784851188062,0.6256598821742723,0.022031144612745468,436,0.6384853110894471,0.6578115494564952,0.6565986130886464,0.6486357600824254,0.6435459624718353,0.6490154392377698,0.007427233829721324
0.003981304168701172,7.952929082725744e-05,6.302909469604492,0.005548993180013703,50,31,3,distance,"{'clf__leaf_size': 50, 'clf__n_neighbors': 31, 'clf__p': 3, 'clf__weights': 'distance'}",0.6195252032347851,0.6110431481031869,0.6489059186427607,0.6578058326256156,0.6397230518598969,0.635400630893249,0.017597643910963554,361,1.0,1.0,1.0,1.0,1.0,1.0,0.0
0.0038499832153320312,8.175595222919283e-05,6.302172756195068,0.014376145346109214,50,31,4,uniform,"{'clf__leaf_size': 50, 'clf__n_neighbors': 31, 'clf__p': 4, 'clf__weights': 'uniform'}",0.5963236413630114,0.581509168124126,0.6087963250224474,0.6342652441691178,0.6041575153664727,0.6050103788090351,0.017312852007290488,565,0.613502332454896,0.6224889499214592,0.6233947960910914,0.6145799419675512,0.6095845263829976,0.616710109363599,0.005360623349621041
0.003860759735107422,7.612558504429518e-05,6.318797254562378,0.017615210225890698,50,31,4,distance,"{'clf__leaf_size': 50, 'clf__n_neighbors': 31, 'clf__p': 4, 'clf__weights': 'distance'}",0.602585242830379,0.5749457404009034,0.6197006901412275,0.634019930286164,0.6046931191775043,0.6071889445672356,0.019715440654103532,547,1.0,1.0,1.0,1.0,1.0,1.0,0.0
0.004432392120361328,0.0006377528518162842,6.3693492889404295,0.03216098348359161,50,31,5,uniform,"{'clf__leaf_size': 50, 'clf__n_neighbors': 31, 'clf__p': 5, 'clf__weights': 'uniform'}",0.5475900070518618,0.5405501061785822,0.5849711742662995,0.6085480319478377,0.5915195562254386,0.574635775134004,0.026211562718259952,691,0.6080777767538417,0.6049273919971195,0.595737204477725,0.5912438892393583,0.6104513172038291,0.6020875159343747,0.0073730860283770724
0.0037811756134033202,3.511302692938773e-05,6.359861946105957,0.03869980525673204,50,31,5,distance,"{'clf__leaf_size': 50, 'clf__n_neighbors': 31, 'clf__p': 5, 'clf__weights': 'distance'}",0.5689828951088493,0.5453538681308869,0.5899617996604414,0.6142729831144466,0.5843366778149387,0.5805816447659126,0.02285922614182078,661,1.0,1.0,1.0,1.0,1.0,1.0,0.0
0.00419764518737793,0.0007146800808228896,0.09621429443359375,0.0003913847616877204,50,33,1,uniform,"{'clf__leaf_size': 50, 'clf__n_neighbors': 33, 'clf__p': 1, 'clf__weights': 'uniform'}",0.6456860620022262,0.6290261552231744,0.7176375761867626,0.6531947638313178,0.6774138715709874,0.6645916857628936,0.030758720199723665,223,0.6802937201475943,0.692710707408664,0.6762689252951113,0.6942133074545473,0.6675929383050178,0.682215919722187,0.010069469305101749
0.00453791618347168,0.0008110844421687558,0.0974081039428711,0.000678544309199332,50,33,1,distance,"{'clf__leaf_size': 50, 'clf__n_neighbors': 33, 'clf__p': 1, 'clf__weights': 'distance'}",0.6760512285409408,0.6311512003901555,0.7176375761867626,0.659088728774621,0.6842647251738161,0.6736386918132592,0.02853602318617313,175,1.0,1.0,1.0,1.0,1.0,1.0,0.0
0.004494380950927734,0.0007257153790248367,0.013331317901611328,0.0008315419717497191,50,33,2,uniform,"{'clf__leaf_size': 50, 'clf__n_neighbors': 33, 'clf__p': 2, 'clf__weights': 'uniform'}",0.6378482625031563,0.6171534479483283,0.672346963175514,0.679318835555106,0.6771407796328474,0.6567616577629903,0.02487393586833513,253,0.6536465325739338,0.6794831775253306,0.6612666918059219,0.6793988096001364,0.6447600917557379,0.6637110606522121,0.01386559789062635
0.0041201114654541016,0.00016519383157808423,0.014459991455078125,0.0011843779647428944,50,33,2,distance,"{'clf__leaf_size': 50, 'clf__n_neighbors': 33, 'clf__p': 2, 'clf__weights': 'distance'}",0.6452915728339458,0.6269985994397759,0.6838620349859336,0.6910295672257395,0.6904027545856515,0.6675169058142092,0.026379799642222368,208,1.0,1.0,1.0,1.0,1.0,1.0,0.0
0.003966474533081054,0.00015745691490429291,6.321952533721924,0.007968012141188596,50,33,3,uniform,"{'clf__leaf_size': 50, 'clf__n_neighbors': 33, 'clf__p': 3, 'clf__weights': 'uniform'}",0.6056821298131458,0.5988528881559761,0.6416920279918253,0.6848150501789315,0.6439359085139599,0.6349956009307678,0.03089441384503435,364,0.6292366343563223,0.6478261869709238,0.646969998498594,0.6427381641124962,0.6419459890505567,0.6417433945977786,0.006659841049571572
0.004118919372558594,0.0004255877020677104,6.325457143783569,0.008649192761640778,50,33,3,distance,"{'clf__leaf_size': 50, 'clf__n_neighbors': 33, 'clf__p': 3, 'clf__weights': 'distance'}",0.6235174260141729,0.6039840337996075,0.645213613900845,0.6797764776021054,0.6542294550769128,0.6413442012787287,0.02596774157789294,328,1.0,1.0,1.0,1.0,1.0,1.0,0.0
0.004072809219360351,0.0005665757884403325,6.313962078094482,0.0028762829145636544,50,33,4,uniform,"{'clf__leaf_size': 50, 'clf__n_neighbors': 33, 'clf__p': 4, 'clf__weights': 'uniform'}",0.5791199911169224,0.5398315524766244,0.61936567622699,0.6342316896639573,0.6003827743499182,0.5945863367668824,0.03303532233686725,601,0.6042472731395971,0.6190064527137081,0.6276740808540117,0.614477057887946,0.607477236221683,0.6145764201633892,0.008345938745313608
0.003871726989746094,7.72603342400744e-05,6.329927396774292,0.03178453558225295,50,33,4,distance,"{'clf__leaf_size': 50, 'clf__n_neighbors': 33, 'clf__p': 4, 'clf__weights': 'distance'}",0.5948024624172418,0.568255985177415,0.6228715981805566,0.6504302972026426,0.6040132863062014,0.6080747258568115,0.02753587562407493,532,1.0,1.0,1.0,1.0,1.0,1.0,0.0
0.0038832664489746095,8.293384019713069e-05,6.337464475631714,0.026674038783897847,50,33,5,uniform,"{'clf__leaf_size': 50, 'clf__n_neighbors': 33, 'clf__p': 5, 'clf__weights': 'uniform'}",0.5431159939208494,0.5191766921883055,0.5832545140793279,0.6075315746368378,0.5883725098816223,0.5682902569413886,0.032289294358048885,706,0.5930708560600545,0.6031558608418957,0.594090635997805,0.5885252152104792,0.5962562509475,0.5950197638115469,0.004786766273265366
0.0038736343383789064,0.00010875864305357453,6.330031538009644,0.010337665716021396,50,33,5,distance,"{'clf__leaf_size': 50, 'clf__n_neighbors': 33, 'clf__p': 5, 'clf__weights': 'distance'}",0.5533507382487618,0.5255358676411308,0.5865194450175365,0.603809344227949,0.5869264738145008,0.5712283737899758,0.028104027501598853,694,1.0,1.0,1.0,1.0,1.0,1.0,0.0
0.004035139083862304,0.0003408999721315191,0.09933972358703613,0.003925348767536521,50,35,1,uniform,"{'clf__leaf_size': 50, 'clf__n_neighbors': 35, 'clf__p': 1, 'clf__weights': 'uniform'}",0.6356071077398511,0.6108041462084015,0.7024285128152669,0.6508734530960085,0.6834341660161333,0.6566294771751322,0.03283618673814763,256,0.671989534955593,0.6829405739071324,0.6737089853448688,0.6894394315557693,0.6637545330097552,0.6763666117546239,0.008937582510288157
0.004187250137329101,0.0004186022373290297,0.10103106498718262,0.004003249391095751,50,35,1,distance,"{'clf__leaf_size': 50, 'clf__n_neighbors': 35, 'clf__p': 1, 'clf__weights': 'distance'}",0.670466228752584,0.6220141861814303,0.7144974952155804,0.6538698147669795,0.6923107041572003,0.6706316858147549,0.03174535568658704,184,1.0,1.0,1.0,1.0,1.0,1.0,0.0
0.003917169570922851,6.757497581383948e-05,0.012715005874633789,0.0001471768220358186,50,35,2,uniform,"{'clf__leaf_size': 50, 'clf__n_neighbors': 35, 'clf__p': 2, 'clf__weights': 'uniform'}",0.6421843853820598,0.6029191156922928,0.6737864912522634,0.6780731523378581,0.653503695135274,0.6500933679599497,0.02699564720117552,277,0.6424300365026941,0.6743318228576998,0.6563377936749486,0.6669882243250798,0.6439724096350006,0.6568120573990847,0.012509360981925448
0.003991603851318359,0.00017450409412788468,0.013747835159301757,0.0008856612281365244,50,35,2,distance,"{'clf__leaf_size': 50, 'clf__n_neighbors': 35, 'clf__p': 2, 'clf__weights': 'distance'}",0.6596561367944892,0.6137236574845402,0.6737864912522634,0.6920057824273766,0.6862010739133826,0.6650746283744104,0.02797782184828636,217,1.0,1.0,1.0,1.0,1.0,1.0,0.0
0.004049444198608398,0.000285872549954657,6.306753492355346,0.013730847243994827,50,35,3,uniform,"{'clf__leaf_size': 50, 'clf__n_neighbors': 35, 'clf__p': 3, 'clf__weights': 'uniform'}",0.6033428912105382,0.5737529408261115,0.6430993532093344,0.6826562302623392,0.6294546436078532,0.6264612118232353,0.0367594533677037,427,0.6209612068008813,0.6513024446118887,0.6325012023013752,0.6403788902714753,0.6347274229866621,0.6359742333944565,0.009933403344235786
0.004167079925537109,0.0006368155695443363,6.312388563156128,0.012803400162235775,50,35,3,distance,"{'clf__leaf_size': 50, 'clf__n_neighbors': 35, 'clf__p': 3, 'clf__weights': 'distance'}",0.6097020097020097,0.5924798393950665,0.6430993532093344,0.685257653307297,0.6371607557631179,0.6335399222753652,0.03172819988593913,376,1.0,1.0,1.0,1.0,1.0,1.0,0.0
0.004153394699096679,0.0006988454626018698,6.310665798187256,0.016148725099956896,50,35,4,uniform,"{'clf__leaf_size': 50, 'clf__n_neighbors': 35, 'clf__p': 4, 'clf__weights': 'uniform'}",0.5805289138415936,0.5443097014925373,0.6129946718734487,0.6116245397156063,0.6037236384666443,0.5906362930779661,0.025922941235740328,619,0.6011033825460351,0.6119018847220353,0.6267477399401457,0.6085590467106353,0.6086993445658713,0.6114022796969445,0.008452098791649314
0.004166126251220703,0.0003458577846415232,6.324050998687744,0.018333644513650355,50,35,4,distance,"{'clf__leaf_size': 50, 'clf__n_neighbors': 35, 'clf__p': 4, 'clf__weights': 'distance'}",0.5807678731870106,0.5754325619194315,0.6162727272727272,0.641011879691991,0.6121754558149676,0.6051320995772256,0.024235342532367112,562,1.0,1.0,1.0,1.0,1.0,1.0,0.0
0.004139328002929687,0.0005332483520838457,6.330878591537475,0.02925197443432346,50,35,5,uniform,"{'clf__leaf_size': 50, 'clf__n_neighbors': 35, 'clf__p': 5, 'clf__weights': 'uniform'}",0.5542506726381393,0.5256613272311212,0.576885857231277,0.5761263724099047,0.5809308366029062,0.5627710132226698,0.02077064574670942,724,0.5843610272397445,0.598669387567952,0.5997807728119651,0.5776673767894107,0.5915794215620781,0.59041159719423,0.008442285447284655
0.0038259029388427734,8.77489207607694e-05,6.319396066665649,0.011455694929948808,50,35,5,distance,"{'clf__leaf_size': 50, 'clf__n_neighbors': 35, 'clf__p': 5, 'clf__weights': 'distance'}",0.5619511540456281,0.53184551808888,0.5789882709973753,0.5911527697910677,0.5837750619282454,0.5695425549702393,0.02115411613757513,700,1.0,1.0,1.0,1.0,1.0,1.0,0.0
0.003853893280029297,0.00016418214511675555,0.09899158477783203,0.003066863132072226,50,37,1,uniform,"{'clf__leaf_size': 50, 'clf__n_neighbors': 37, 'clf__p': 1, 'clf__weights': 'uniform'}",0.6396071077398511,0.6108041462084015,0.6836979479817804,0.6508734530960085,0.6605059836439071,0.6490977277339898,0.02402892839305624,280,0.6622053451367201,0.6789162521572736,0.6698710417871602,0.679741415288391,0.6651183587738487,0.6711704826286787,0.007101383979929015
0.004482889175415039,0.000950805863472883,0.10053629875183105,0.0039305532248739925,50,37,1,distance,"{'clf__leaf_size': 50, 'clf__n_neighbors': 37, 'clf__p': 1, 'clf__weights': 'distance'}",0.6601859655903843,0.6140618684681564,0.7025660685125213,0.6538698147669795,0.693695428086345,0.6648758290848773,0.03154777075813424,220,1.0,1.0,1.0,1.0,1.0,1.0,0.0
0.00389862060546875,0.00012866839081040907,0.013746881484985351,0.000961539612314423,50,37,2,uniform,"{'clf__leaf_size': 50, 'clf__n_neighbors': 37, 'clf__p': 2, 'clf__weights': 'uniform'}",0.6334772617708501,0.595968388286787,0.6562294272547728,0.6615215278386969,0.6537440161535588,0.6401881242609331,0.02406915220750605,334,0.6436001738464519,0.6768148086868137,0.6503132654776155,0.6673941991640213,0.6430834162712834,0.6562411726892372,0.01353311484703437
0.004041004180908203,0.00027476143221612513,0.014139795303344726,0.0019143175521606534,50,37,2,distance,"{'clf__leaf_size': 50, 'clf__n_neighbors': 37, 'clf__p': 2, 'clf__weights': 'distance'}",0.6645172118434151,0.6165774830710019,0.6714533061626028,0.6608104594584555,0.675147311176723,0.6577011543424397,0.021169661428438517,247,1.0,1.0,1.0,1.0,1.0,1.0,0.0
0.004006290435791015,0.00012149438373241665,6.295508575439453,0.013167678336380917,50,37,3,uniform,"{'clf__leaf_size': 50, 'clf__n_neighbors': 37, 'clf__p': 3, 'clf__weights': 'uniform'}",0.5984750279860523,0.5686907717239552,0.6585015790660952,0.6681426487739257,0.6394888916115331,0.6266597838323122,0.03756088614720717,424,0.618885453927181,0.6530559618639359,0.6258335603750127,0.6419810902972574,0.6288115315317815,0.6337135195990337,0.01223501184285242
0.0038135528564453127,7.397086171179679e-05,6.294098997116089,0.010278024756239184,50,37,3,distance,"{'clf__leaf_size': 50, 'clf__n_neighbors': 37, 'clf__p': 3, 'clf__weights': 'distance'}",0.6097020097020097,0.581155480927795,0.6585015790660952,0.6741376078446253,0.6353532039555662,0.6317699762992183,0.033380403236420095,394,1.0,1.0,1.0,1.0,1.0,1.0,0.0
0.004103708267211914,0.0005758934601980166,6.2974518775939945,0.011157799944938452,50,37,4,uniform,"{'clf__leaf_size': 50, 'clf__n_neighbors': 37, 'clf__p': 4, 'clf__weights': 'uniform'}",0.5779121544268663,0.5505043950719822,0.5955024323943545,0.6109462251946035,0.605521503794609,0.5880773421764831,0.021897369458005144,628,0.5957855003029418,0.6132226596315786,0.6238894111050644,0.6010164521561581,0.606259800805145,0.6080347648001776,0.009805465338379877
0.003844022750854492,0.00010349805166543569,6.3002214431762695,0.01652008649079285,50,37,4,distance,"{'clf__leaf_size': 50, 'clf__n_neighbors': 37, 'clf__p': 4, 'clf__weights': 'distance'}",0.5819335593200746,0.5631629423700474,0.5932150180994669,0.6272568801755422,0.6023058512729951,0.5935748502476252,0.021313107672787195,604,1.0,1.0,1.0,1.0,1.0,1.0,0.0
0.004200458526611328,0.0006825922337437591,6.328722429275513,0.015611935570518999,50,37,5,uniform,"{'clf__leaf_size': 50, 'clf__n_neighbors': 37, 'clf__p': 5, 'clf__weights': 'uniform'}",0.5476484481938242,0.5327505230269903,0.574774743672027,0.5886078726761224,0.5725157665513989,0.5632594708240726,0.020175836632242903,721,0.5840775601257912,0.5954036307219995,0.599859396068649,0.5734259127523776,0.5892172029902409,0.5883967405318117,0.009208074114823966
0.004081869125366211,0.00037947873051662347,6.351301383972168,0.008202492467609393,50,37,5,distance,"{'clf__leaf_size': 50, 'clf__n_neighbors': 37, 'clf__p': 5, 'clf__weights': 'distance'}",0.5541381489702799,0.5363788363879207,0.5848753380718543,0.5817886554040526,0.5775475365931686,0.5669457030854552,0.01872191603506929,709,1.0,1.0,1.0,1.0,1.0,1.0,0.0
0.0039519786834716795,0.0001817374860234916,0.09911317825317383,0.0034425074060139295,50,39,1,uniform,"{'clf__leaf_size': 50, 'clf__n_neighbors': 39, 'clf__p': 1, 'clf__weights': 'uniform'}",0.6420641708575032,0.6008672422162125,0.6841248319658833,0.6385324673409083,0.6659524685840476,0.646308236192911,0.028140182613105764,298,0.6590795338567577,0.6821346078416674,0.666245901287379,0.6814618594804462,0.6588605537118188,0.6695564912356138,0.010344820265593704
0.004252719879150391,0.0003434714485402827,0.10203447341918945,0.002873203109980473,50,39,1,distance,"{'clf__leaf_size': 50, 'clf__n_neighbors': 39, 'clf__p': 1, 'clf__weights': 'distance'}",0.6665136626364092,0.6168527883129653,0.6935490435490436,0.6477813216943651,0.6834989791080017,0.6616391590601569,0.02726797354734957,235,1.0,1.0,1.0,1.0,1.0,1.0,0.0
0.004869413375854492,0.0003929402460543574,0.017407703399658202,0.0018292274919953812,50,39,2,uniform,"{'clf__leaf_size': 50, 'clf__n_neighbors': 39, 'clf__p': 2, 'clf__weights': 'uniform'}",0.5968223673607703,0.595968388286787,0.6617612384497751,0.6663694951664876,0.6381402055849668,0.6318123389697574,0.030463953893512336,391,0.6375254375254376,0.6752470245313011,0.645505634967618,0.6616152746486352,0.6343024739326797,0.6508391691211344,0.015433937795574292
0.00454258918762207,0.000260159792775615,0.01618947982788086,0.0014893283791244088,50,39,2,distance,"{'clf__leaf_size': 50, 'clf__n_neighbors': 39, 'clf__p': 2, 'clf__weights': 'distance'}",0.6317794612199892,0.617157668294032,0.6726964251081471,0.6752116549812331,0.6415451304488737,0.647678068010455,0.022829323350495433,289,1.0,1.0,1.0,1.0,1.0,1.0,0.0
0.004131507873535156,0.00032957946106442767,6.31855993270874,0.004549132760224117,50,39,3,uniform,"{'clf__leaf_size': 50, 'clf__n_neighbors': 39, 'clf__p': 3, 'clf__weights': 'uniform'}",0.6000903894493991,0.568223684800847,0.6449738713018337,0.6592044274929884,0.6316594164954821,0.62083035790811,0.03277302339568169,475,0.6141915933291326,0.6573950786265929,0.6189925636167671,0.6389575292876781,0.6279232858571162,0.6314920101434573,0.015459491009665313
0.0037910938262939453,5.650610862682613e-05,6.327750635147095,0.01842079459269263,50,39,3,distance,"{'clf__leaf_size': 50, 'clf__n_neighbors': 39, 'clf__p': 3, 'clf__weights': 'distance'}",0.5918182550161613,0.5735825288884396,0.6588223260724468,0.6663772610778887,0.6398187521686665,0.6260838246447206,0.03691756776244387,430,1.0,1.0,1.0,1.0,1.0,1.0,0.0
0.0041291236877441405,0.0005503518351244767,6.339982986450195,0.03551270716445046,50,39,4,uniform,"{'clf__leaf_size': 50, 'clf__n_neighbors': 39, 'clf__p': 4, 'clf__weights': 'uniform'}",0.5675566652896592,0.5598331103461063,0.5895400271952381,0.6235175913329227,0.6008227899284272,0.5882540368184707,0.022975098923535067,625,0.5970919852236761,0.6107658776987369,0.6193397542202199,0.5987537433285348,0.605952384608455,0.6063807490159246,0.00814617719005701
0.003831148147583008,9.117882090742683e-05,6.315171718597412,0.007955604424203344,50,39,4,distance,"{'clf__leaf_size': 50, 'clf__n_neighbors': 39, 'clf__p': 4, 'clf__weights': 'distance'}",0.5786205168950286,0.5548553159964882,0.6019038783156494,0.6222791807097071,0.6029932786511734,0.5921304341136093,0.023213878685956944,610,1.0,1.0,1.0,1.0,1.0,1.0,0.0
0.004104804992675781,0.0005828471188144121,6.337482452392578,0.02523280502520986,50,39,5,uniform,"{'clf__leaf_size': 50, 'clf__n_neighbors': 39, 'clf__p': 5, 'clf__weights': 'uniform'}",0.5495426691720222,0.5355640453296703,0.5569499819810715,0.593121012227052,0.5837750619282454,0.5637905541276124,0.021476441866736737,715,0.5732311840040555,0.5975183526727396,0.5981948867010196,0.5767198792433061,0.5887250113013764,0.5868778627844995,0.010335603363055338
0.0038739681243896485,7.755937773526656e-05,6.3498749256134035,0.0307668362805466,50,39,5,distance,"{'clf__leaf_size': 50, 'clf__n_neighbors': 39, 'clf__p': 5, 'clf__weights': 'distance'}",0.5546464569470564,0.5365616610752798,0.5514077902609129,0.5827113222145699,0.5855726923543455,0.562179984570433,0.01896231689597886,727,1.0,1.0,1.0,1.0,1.0,1.0,0.0
0.0038757801055908205,0.0001043928646860901,0.09933714866638184,0.0050148054347540485,50,41,1,uniform,"{'clf__leaf_size': 50, 'clf__n_neighbors': 41, 'clf__p': 1, 'clf__weights': 'uniform'}",0.6378869657494145,0.6077220105086898,0.6697166325658125,0.6264461508509127,0.647455175030832,0.6378453869411322,0.020714663621339,349,0.6530492594322476,0.6847954875361859,0.6565458750372418,0.6742034154824852,0.6470656848845664,0.6631319444745454,0.014107077045022171
0.004208040237426758,0.00033283173525518216,0.09982147216796874,0.004066358199365158,50,41,1,distance,"{'clf__leaf_size': 50, 'clf__n_neighbors': 41, 'clf__p': 1, 'clf__weights': 'distance'}",0.6659818857504489,0.6203207221240352,0.689889162221178,0.6550579141251607,0.6796131237183869,0.6621725615878419,0.02403784010137164,229,1.0,1.0,1.0,1.0,1.0,1.0,0.0
0.0048506736755371095,0.00032409956926514235,0.016288042068481445,0.0012730324700298732,50,41,2,uniform,"{'clf__leaf_size': 50, 'clf__n_neighbors': 41, 'clf__p': 2, 'clf__weights': 'uniform'}",0.6114181374756852,0.595968388286787,0.6492223643294601,0.6431543237464289,0.6366785903550609,0.6272883608386846,0.02026726606494624,421,0.6348155978075501,0.6659925869827048,0.6360118555162309,0.6498475362005943,0.6304877115394871,0.6434310576093134,0.013015334955012534
0.0044995307922363285,0.0003555190088312956,0.015685129165649413,0.00149814648621308,50,41,2,distance,"{'clf__leaf_size': 50, 'clf__n_neighbors': 41, 'clf__p': 2, 'clf__weights': 'distance'}",0.6203090375857292,0.617157668294032,0.6707868586797749,0.6807534863563697,0.6547175290943985,0.6487449160020609,0.025893710894199416,283,1.0,1.0,1.0,1.0,1.0,1.0,0.0
0.004212331771850586,0.000282052883307671,6.311062479019165,0.013568737503623734,50,41,3,uniform,"{'clf__leaf_size': 50, 'clf__n_neighbors': 41, 'clf__p': 3, 'clf__weights': 'uniform'}",0.5913968898746911,0.5817267299744746,0.6300374621393273,0.634805282453366,0.6171989099130263,0.6110330548709771,0.02101781969163551,523,0.6164183822878686,0.6540490517250265,0.62415547991562,0.6312740529466115,0.6283198997247199,0.6308433733199693,0.012632222279787405
0.0038884162902832033,3.409615755654468e-05,6.314985561370849,0.022801425357067147,50,41,3,distance,"{'clf__leaf_size': 50, 'clf__n_neighbors': 41, 'clf__p': 3, 'clf__weights': 'distance'}",0.6028086910439852,0.5810092277483583,0.63471742686888,0.6658295729511945,0.6240858505564388,0.6216901538337714,0.028758250676251953,463,1.0,1.0,1.0,1.0,1.0,1.0,0.0
0.0038882732391357423,0.00012111594357629275,6.319651889801025,0.01944775952641337,50,41,4,uniform,"{'clf__leaf_size': 50, 'clf__n_neighbors': 41, 'clf__p': 4, 'clf__weights': 'uniform'}",0.5572198883544136,0.5744619384659829,0.5890752765752766,0.6124837977518174,0.5894729461587542,0.5845427694612491,0.018295979396988054,643,0.5934390743849652,0.6148800621606682,0.6153988309670128,0.5889928844647718,0.5934747855575498,0.6012371275069935,0.011468814965505541
0.0038685321807861326,5.8830652790945706e-05,6.338906764984131,0.026344980296712988,50,41,4,distance,"{'clf__leaf_size': 50, 'clf__n_neighbors': 41, 'clf__p': 4, 'clf__weights': 'distance'}",0.5584806397306397,0.5641157080564784,0.6025054605413719,0.6115096454382168,0.5972154656937266,0.5867653838920867,0.021364771329393094,637,1.0,1.0,1.0,1.0,1.0,1.0,0.0
0.0038068294525146484,7.039608835926356e-05,6.329039239883423,0.01782476150100835,50,41,5,uniform,"{'clf__leaf_size': 50, 'clf__n_neighbors': 41, 'clf__p': 5, 'clf__weights': 'uniform'}",0.5533507382487618,0.5388569632755679,0.5545901034945883,0.5706104986974552,0.5909649537464985,0.5616746514925743,0.017764551325547252,730,0.5639547051877473,0.5931919122972198,0.5935098404039213,0.5698526309010186,0.5847162869063627,0.5810450751392539,0.012114003260604862
0.004177904129028321,0.0007257690657910479,6.317936897277832,0.006440986708810037,50,41,5,distance,"{'clf__leaf_size': 50, 'clf__n_neighbors': 41, 'clf__p': 5, 'clf__weights': 'distance'}",0.550935862539802,0.537595350386048,0.5703521496193636,0.5947682663207955,0.5776671406987939,0.5662637539129606,0.020080244281268644,712,1.0,1.0,1.0,1.0,1.0,1.0,0.0
0.0039886474609375,0.00015380904196681458,0.10040783882141113,0.003669833658651113,50,43,1,uniform,"{'clf__leaf_size': 50, 'clf__n_neighbors': 43, 'clf__p': 1, 'clf__weights': 'uniform'}",0.6461245875856881,0.5831070029289817,0.6862391924227587,0.6363535416873052,0.6462749003984064,0.639619845004628,0.0330585391354796,340,0.651599598191253,0.6722350109995817,0.6525472810118053,0.6707607591287004,0.6496204979300338,0.6593526294522748,0.009972339967543363
0.004478311538696289,0.0005669537985922284,0.10316429138183594,0.0038276751434101175,50,43,1,distance,"{'clf__leaf_size': 50, 'clf__n_neighbors': 43, 'clf__p': 1, 'clf__weights': 'distance'}",0.6558104766833419,0.6037733607414117,0.6834881659085652,0.6455822119970327,0.6666349692665481,0.65105783691938,0.02676850773184432,268,1.0,1.0,1.0,1.0,1.0,1.0,0.0
0.004181337356567383,0.00014893055809481916,0.014589262008666993,0.0008020989286459087,50,43,2,uniform,"{'clf__leaf_size': 50, 'clf__n_neighbors': 43, 'clf__p': 2, 'clf__weights': 'uniform'}",0.6143799964330952,0.5808322514727563,0.6446033436869937,0.632243891389652,0.6354521147301896,0.6215023195425374,0.02257617058459137,466,0.6204451999845627,0.66356554339595,0.6344817651540117,0.6389685406133331,0.6243948438889608,0.6363711786073637,0.01514542199625747
0.004164218902587891,0.00012014025519007511,0.014517736434936524,0.0009210678355086672,50,43,2,distance,"{'clf__leaf_size': 50, 'clf__n_neighbors': 43, 'clf__p': 2, 'clf__weights': 'distance'}",0.6359496257519401,0.5924344321038905,0.6538111389008181,0.6602973398086179,0.6432455113935645,0.6371476095917663,0.02388083344807625,352,1.0,1.0,1.0,1.0,1.0,1.0,0.0
0.004012966156005859,0.00020303122581801595,6.2975057601928714,0.009745519545869902,50,43,3,uniform,"{'clf__leaf_size': 50, 'clf__n_neighbors': 43, 'clf__p': 3, 'clf__weights': 'uniform'}",0.6024415831700374,0.5780614400386264,0.6402429406766955,0.6575799862654294,0.6097016999424286,0.6176055300186435,0.028165796206662458,484,0.6219310450733033,0.6483866046799733,0.6224361871447281,0.6290206622928626,0.6192252034972119,0.6281999405376159,0.010594723232409408
0.0037890911102294923,3.011429576726498e-05,6.291805362701416,0.01238947018454383,50,43,3,distance,"{'clf__leaf_size': 50, 'clf__n_neighbors': 43, 'clf__p': 3, 'clf__weights': 'distance'}",0.6024415831700374,0.5756491710524236,0.6492891818176829,0.6752193008736084,0.613713228412658,0.623262493065282,0.03512442336158022,457,1.0,1.0,1.0,1.0,1.0,1.0,0.0
0.004121637344360352,0.00063132513321561,6.299704551696777,0.006703896966353473,50,43,4,uniform,"{'clf__leaf_size': 50, 'clf__n_neighbors': 43, 'clf__p': 4, 'clf__weights': 'uniform'}",0.5567360724674278,0.5599310211243314,0.5917358104858105,0.6145967537696874,0.5945550222724136,0.5835109360239341,0.02204020948648948,646,0.5910636396167326,0.6077474297233386,0.61174592037243,0.5845776217548694,0.5951241267907124,0.5980517476516166,0.010202875122603322
0.0038622379302978515,8.41101550358888e-05,6.306428241729736,0.010242118862328817,50,43,4,distance,"{'clf__leaf_size': 50, 'clf__n_neighbors': 43, 'clf__p': 4, 'clf__weights': 'distance'}",0.5683805810728555,0.5563550864538721,0.5886472849747948,0.6182897710436437,0.6074771858533495,0.5878299818797031,0.02316647404356316,631,1.0,1.0,1.0,1.0,1.0,1.0,0.0
0.0038847923278808594,0.00011372341297732424,6.302421426773071,0.010820483667775403,50,43,5,uniform,"{'clf__leaf_size': 50, 'clf__n_neighbors': 43, 'clf__p': 5, 'clf__weights': 'uniform'}",0.55890446867595,0.54110992243874,0.5574398534340711,0.5574158046814296,0.5817603625671867,0.5593260823594755,0.012980833479868073,736,0.5644408418560617,0.5897556164860478,0.5942398510224322,0.5666858351765944,0.5758393227486045,0.5781922934579481,0.011985591497595732
0.0041600227355957035,0.0005712588282627797,6.310927295684815,0.014652200649942233,50,43,5,distance,"{'clf__leaf_size': 50, 'clf__n_neighbors': 43, 'clf__p': 5, 'clf__weights': 'distance'}",0.5620876287576951,0.5388357841606181,0.5791461939242313,0.5764434241265055,0.5909649537464985,0.5694955969431097,0.017873117907668688,703,1.0,1.0,1.0,1.0,1.0,1.0,0.0
0.003973960876464844,0.00011828474101432727,0.10005059242248535,0.003337371646017691,50,45,1,uniform,"{'clf__leaf_size': 50, 'clf__n_neighbors': 45, 'clf__p': 1, 'clf__weights': 'uniform'}",0.6425623317677434,0.5837822840515583,0.6800130261690308,0.6358020612823514,0.6576635382500351,0.6399646483041439,0.031930099962345235,337,0.6408735473760068,0.6734398867247262,0.6450045616612303,0.669284471810077,0.6402181334373884,0.6537641202018858,0.014521760177978495
0.004079008102416992,0.00022584110270151402,0.10160746574401855,0.0031379560556759408,50,45,1,distance,"{'clf__leaf_size': 50, 'clf__n_neighbors': 45, 'clf__p': 1, 'clf__weights': 'distance'}",0.6496784778601234,0.5842852393617022,0.6862659738153809,0.6352334541714572,0.6684916375098382,0.6447909565437004,0.03480826012275455,304,1.0,1.0,1.0,1.0,1.0,1.0,0.0
0.004454469680786133,0.0006738783378827321,0.014120340347290039,0.0007226404597566544,50,45,2,uniform,"{'clf__leaf_size': 50, 'clf__n_neighbors': 45, 'clf__p': 2, 'clf__weights': 'uniform'}",0.6083909370199693,0.5709850043542882,0.6447953298462327,0.6396489121395444,0.6244236883942766,0.6176487743508623,0.0265708711961739,481,0.6198521761114603,0.6564972208731314,0.6262073669340132,0.6340325610152682,0.6237850282308595,0.6320748706329464,0.013060069609012823
0.004488229751586914,0.0005750918856829916,0.015847110748291017,0.0016030745409922535,50,45,2,distance,"{'clf__leaf_size': 50, 'clf__n_neighbors': 45, 'clf__p': 2, 'clf__weights': 'distance'}",0.6297726239095182,0.5965327927596281,0.6543794835007173,0.6682336294977766,0.6456998902524194,0.6389236839840119,0.024595126246461856,346,1.0,1.0,1.0,1.0,1.0,1.0,0.0
0.004466485977172851,0.0008212291794557616,6.32137713432312,0.01845396923990483,50,45,3,uniform,"{'clf__leaf_size': 50, 'clf__n_neighbors': 45, 'clf__p': 3, 'clf__weights': 'uniform'}",0.5813403537467264,0.55746897386742,0.6169283903347649,0.6589597764259306,0.61237288272172,0.6054140754193124,0.03442796357998776,556,0.6149067667092181,0.6388559538275139,0.6245513003643856,0.6171092515653516,0.6204436985686985,0.6231733942070337,0.008490035289357049
0.0038469791412353515,4.8187361705632376e-05,6.331496381759644,0.027356878582480128,50,45,3,distance,"{'clf__leaf_size': 50, 'clf__n_neighbors': 45, 'clf__p': 3, 'clf__weights': 'distance'}",0.6028086910439852,0.5612012987012986,0.6367809275218203,0.6492788993951785,0.6163260883385528,0.6132791810001671,0.030591935025670307,502,1.0,1.0,1.0,1.0,1.0,1.0,0.0
0.004128694534301758,0.0006148402923900153,6.319325733184814,0.006305017487245817,50,45,4,uniform,"{'clf__leaf_size': 50, 'clf__n_neighbors': 45, 'clf__p': 4, 'clf__weights': 'uniform'}",0.5566805153731793,0.5493220674674163,0.6098935786435786,0.6080367131578859,0.5741817811599006,0.5796229311603922,0.02528935745515867,667,0.5877557805476503,0.6070301630117457,0.6014778786297861,0.5772232618667734,0.5908631229163026,0.5928700413944517,0.010484359794106654
0.004184246063232422,0.0004950039855956929,6.32182936668396,0.008103848813105378,50,45,4,distance,"{'clf__leaf_size': 50, 'clf__n_neighbors': 45, 'clf__p': 4, 'clf__weights': 'distance'}",0.5695783432398146,0.5493220674674163,0.6079330887639024,0.6137672050853981,0.6019421832383276,0.5885085775589719,0.024858431190046614,622,1.0,1.0,1.0,1.0,1.0,1.0,0.0
0.004151582717895508,0.0005686956741610228,6.331267881393432,0.03602261102329128,50,45,5,uniform,"{'clf__leaf_size': 50, 'clf__n_neighbors': 45, 'clf__p': 5, 'clf__weights': 'uniform'}",0.5375505861979382,0.5449205166418282,0.5642389243752486,0.5644064379196692,0.5747673936233259,0.5571767717516021,0.01376208559134874,739,0.5605431716412621,0.5819162333998154,0.5795060366276519,0.5588885194417981,0.576570411057356,0.5714848744335768,0.009771427681278104
0.0037825584411621095,4.9981860753770995e-05,6.330865812301636,0.026767226328741754,50,45,5,distance,"{'clf__leaf_size': 50, 'clf__n_neighbors': 45, 'clf__p': 5, 'clf__weights': 'distance'}",0.5444158556679797,0.5426822945208366,0.5586592581952703,0.5903569364422685,0.5823986922001771,0.5637026074053064,0.019489815600257955,718,1.0,1.0,1.0,1.0,1.0,1.0,0.0
0.004064083099365234,0.00034415538144521267,0.09958229064941407,0.0031425831109833883,50,47,1,uniform,"{'clf__leaf_size': 50, 'clf__n_neighbors': 47, 'clf__p': 1, 'clf__weights': 'uniform'}",0.6472243859970674,0.5734907148953956,0.6731210192562849,0.6253167929464931,0.6476480150293049,0.6333601856249093,0.03354498979973517,379,0.6367629870654065,0.6715148893895322,0.6479510351303182,0.6628964877019111,0.6356585122996603,0.6509567823173656,0.014210754634445093
0.004177379608154297,0.00020349085924476298,0.10007963180541993,0.002107248265897953,50,47,1,distance,"{'clf__leaf_size': 50, 'clf__n_neighbors': 47, 'clf__p': 1, 'clf__weights': 'distance'}",0.6521436245797664,0.5864489488872783,0.6819187497621997,0.6358020612823514,0.6574162792903899,0.6427459327603972,0.03179815408168356,316,1.0,1.0,1.0,1.0,1.0,1.0,0.0
0.0044403553009033205,0.0003859947874620398,0.01743597984313965,0.002203401785690255,50,47,2,uniform,"{'clf__leaf_size': 50, 'clf__n_neighbors': 47, 'clf__p': 2, 'clf__weights': 'uniform'}",0.5987331489490548,0.5700726855929993,0.6386624340571709,0.6357808650279884,0.6205327570217276,0.6127563781297882,0.02561355642834308,511,0.6249924410868453,0.6562335324387659,0.6294096874597679,0.6322947896349959,0.6240226775047154,0.6333906256250181,0.011807921683480363
0.004106664657592773,0.0003051722273023614,0.015308618545532227,0.0019263771790748578,50,47,2,distance,"{'clf__leaf_size': 50, 'clf__n_neighbors': 47, 'clf__p': 2, 'clf__weights': 'distance'}",0.6106754541139923,0.6000334289371936,0.6471911491869474,0.6714147387011767,0.6342323083377085,0.6327094158554037,0.02554743591633081,382,1.0,1.0,1.0,1.0,1.0,1.0,0.0
0.004442787170410157,0.00045232928656016683,6.299508190155029,0.011910309190282195,50,47,3,uniform,"{'clf__leaf_size': 50, 'clf__n_neighbors': 47, 'clf__p': 3, 'clf__weights': 'uniform'}",0.5819965034566804,0.5521853686092052,0.6148126813449394,0.6494054283875712,0.6037507733755199,0.6004301510347831,0.032507906413547845,583,0.6081515074485071,0.6344138754763545,0.6190984551307208,0.6065658889298982,0.6081553609305691,0.61527701758321,0.010565958219909279
0.004009103775024414,0.000126955562892532,6.307998609542847,0.013312610134921512,50,47,3,distance,"{'clf__leaf_size': 50, 'clf__n_neighbors': 47, 'clf__p': 3, 'clf__weights': 'distance'}",0.5819965034566804,0.5582531759602825,0.6125584361237869,0.6387050315621744,0.61237288272172,0.6007772059649288,0.027830864063404293,577,1.0,1.0,1.0,1.0,1.0,1.0,0.0
0.0038269519805908202,0.00010857652245966288,6.309875726699829,0.01146968921004446,50,47,4,uniform,"{'clf__leaf_size': 50, 'clf__n_neighbors': 47, 'clf__p': 4, 'clf__weights': 'uniform'}",0.5437056124712867,0.5527385729303819,0.590790276905658,0.6056581913792384,0.581838833848678,0.5749462975070486,0.023284856014146427,688,0.585402316225291,0.5942104282289016,0.598523464758483,0.5744345235868312,0.5849344921705322,0.5875010449940078,0.008345482590976987
0.0039398193359375,0.00013269028747523774,6.299439573287964,0.00932539624974072,50,47,4,distance,"{'clf__leaf_size': 50, 'clf__n_neighbors': 47, 'clf__p': 4, 'clf__weights': 'distance'}",0.548253367003367,0.5490803053043724,0.6109984618847539,0.621350909883292,0.5865385366615883,0.5832443161474747,0.030413165371074143,649,1.0,1.0,1.0,1.0,1.0,1.0,0.0
0.004004573822021485,0.0001230629408325674,6.298396825790405,0.017630315403433704,50,47,5,uniform,"{'clf__leaf_size': 50, 'clf__n_neighbors': 47, 'clf__p': 5, 'clf__weights': 'uniform'}",0.534343038860527,0.555789344304361,0.5653301305903154,0.5681090314913844,0.5540504491119066,0.5555243988716988,0.011877862506440164,742,0.5469689033444752,0.5740461640555258,0.5700754595738665,0.5599273329245952,0.5703944430529445,0.5642824605902814,0.009848568156774642
0.0038324832916259766,3.3760474897649405e-05,5.978180932998657,0.43602518338889434,50,47,5,distance,"{'clf__leaf_size': 50, 'clf__n_neighbors': 47, 'clf__p': 5, 'clf__weights': 'distance'}",0.5306905723744637,0.555789344304361,0.5663700128700129,0.579261457026272,0.5647118657723529,0.5593646504694925,0.016177368721704454,733,1.0,1.0,1.0,1.0,1.0,1.0,0.0
0.0041217803955078125,0.0004939630438632876,0.09721674919128417,0.0008577836163536216,50,49,1,uniform,"{'clf__leaf_size': 50, 'clf__n_neighbors': 49, 'clf__p': 1, 'clf__weights': 'uniform'}",0.6343351588003995,0.5592393474862464,0.6817715844045544,0.6222186383149507,0.6517234516648625,0.6298576361342028,0.04059191323973906,409,0.6346009943905712,0.6658827352667332,0.647491248708195,0.662346297275029,0.6328896373661423,0.6486421826013341,0.013650360521109978
0.004430246353149414,0.0005370586112874887,0.10057430267333985,0.002788982390281283,50,49,1,distance,"{'clf__leaf_size': 50, 'clf__n_neighbors': 49, 'clf__p': 1, 'clf__weights': 'distance'}",0.648692258423045,0.5756860481701512,0.6819860668100785,0.6222186383149507,0.6667357309088311,0.6390637485254114,0.037419948848524884,343,1.0,1.0,1.0,1.0,1.0,1.0,0.0
0.0045491218566894535,0.0009288572014175305,0.014837646484375,0.0006619225896418224,50,49,2,uniform,"{'clf__leaf_size': 50, 'clf__n_neighbors': 49, 'clf__p': 2, 'clf__weights': 'uniform'}",0.5973214950487677,0.5865007463755575,0.6316354444784873,0.6419530672579453,0.6259653034913288,0.6166752113304173,0.021138349309812985,487,0.6145938760705736,0.6535721092596569,0.6241327209218436,0.6374946524064171,0.6195058695602371,0.6298598456437456,0.014096923958232215
0.004851436614990235,0.0008690794409179386,0.014679861068725587,0.0006548154430041875,50,49,2,distance,"{'clf__leaf_size': 50, 'clf__n_neighbors': 49, 'clf__p': 2, 'clf__weights': 'distance'}",0.6162105382693618,0.5971243090084237,0.6339973996170208,0.6583189046420295,0.6420734931978164,0.6295449289469304,0.021135910988163583,412,1.0,1.0,1.0,1.0,1.0,1.0,0.0
0.004093837738037109,0.0005294068394872307,6.251979732513428,0.010952446562935876,50,49,3,uniform,"{'clf__leaf_size': 50, 'clf__n_neighbors': 49, 'clf__p': 3, 'clf__weights': 'uniform'}",0.578160930713951,0.5582531759602825,0.6164574966532798,0.6426732855304284,0.607327824874938,0.6005745427465758,0.029541994784705084,580,0.5938582681858443,0.6240169568019601,0.6148373072061931,0.6043882131365182,0.6103950512377376,0.6094991593136507,0.01010766179955879
0.004017925262451172,0.00022881509880810232,5.938119554519654,0.6272116244238932,50,49,3,distance,"{'clf__leaf_size': 50, 'clf__n_neighbors': 49, 'clf__p': 3, 'clf__weights': 'distance'}",0.590024173984351,0.55746897386742,0.6262514266630946,0.6421198188571888,0.6201421076246713,0.6072013001993452,0.03006004892794865,544,1.0,1.0,1.0,1.0,1.0,1.0,0.0
0.0037749767303466796,8.226547995999278e-05,5.934947919845581,0.6315116762233065,50,49,4,uniform,"{'clf__leaf_size': 50, 'clf__n_neighbors': 49, 'clf__p': 4, 'clf__weights': 'uniform'}",0.5542265382331781,0.5456690912260085,0.590256352590577,0.5798958219495676,0.5795141958935063,0.5699123999785675,0.01696775698134696,697,0.5768831790528873,0.5969231500415113,0.5938276376014964,0.566729730692094,0.5829605317621918,0.5834648458300361,0.011064810477110623
0.004297876358032226,0.0008520009214237907,5.811839199066162,0.871785295666536,50,49,4,distance,"{'clf__leaf_size': 50, 'clf__n_neighbors': 49, 'clf__p': 4, 'clf__weights': 'distance'}",0.5675128252478784,0.5479465274113698,0.5966476833976834,0.610816607438566,0.5926610828784742,0.5831169452747943,0.022458359580510557,652,1.0,1.0,1.0,1.0,1.0,1.0,0.0
0.00381622314453125,9.292852796902342e-05,6.227545738220215,0.011154186864225389,50,49,5,uniform,"{'clf__leaf_size': 50, 'clf__n_neighbors': 49, 'clf__p': 5, 'clf__weights': 'uniform'}",0.5266883949215784,0.5373985655152258,0.5417794059526343,0.5614675540048674,0.5573613184557307,0.5449390477700072,0.012864158470633236,748,0.5513317906289883,0.5668231036964204,0.5772767296512333,0.5577083590419558,0.568353863083569,0.5642987692204334,0.008975740056847486
0.004150819778442383,0.0006044109593274976,5.679774951934815,0.959819300995773,50,49,5,distance,"{'clf__leaf_size': 50, 'clf__n_neighbors': 49, 'clf__p': 5, 'clf__weights': 'distance'}",0.5236883402136672,0.54872124190306,0.5634651748092924,0.5597729169351646,0.5647118657723529,0.5520719079267074,0.015269148524188283,745,1.0,1.0,1.0,1.0,1.0,1.0,0.0
