mean_fit_time,std_fit_time,mean_score_time,std_score_time,param_clf__activation,param_clf__alpha,param_clf__early_stopping,param_clf__hidden_layer_sizes,param_clf__learning_rate_init,params,split0_test_score,split1_test_score,split2_test_score,split3_test_score,split4_test_score,mean_test_score,std_test_score,rank_test_score,split0_train_score,split1_train_score,split2_train_score,split3_train_score,split4_train_score,mean_train_score,std_train_score
1.014061450958252,0.38542737492958595,0.005344200134277344,0.0002553310220531685,relu,1e-05,True,"(32,)",0.0001,"{'clf__activation': 'relu', 'clf__alpha': 1e-05, 'clf__early_stopping': True, 'clf__hidden_layer_sizes': (32,), 'clf__learning_rate_init': 0.0001}",0.6077057044797994,0.6532866519041635,0.741493896324368,0.6999626709657644,0.6774088982905808,0.6759715643929353,0.04482331533779744,966,0.6496027606495218,0.7516401240932394,0.8050067086956827,0.8455490248116316,0.7023955435002459,0.7508388323500642,0.07000045128469291
0.6442540168762207,0.18350524834386367,0.0053253173828125,0.00016873642686167237,relu,1e-05,True,"(32,)",0.0005,"{'clf__activation': 'relu', 'clf__alpha': 1e-05, 'clf__early_stopping': True, 'clf__hidden_layer_sizes': (32,), 'clf__learning_rate_init': 0.0005}",0.800754818083304,0.7236456204346113,0.796244152018887,0.740966281882901,0.8001254606759194,0.7723472666191246,0.0331852217746181,493,0.8454111504488778,0.8293285125116152,0.9269650460306427,0.8800824821623721,0.866328264226566,0.8696230910760148,0.033520816441424475
0.41020641326904295,0.037851797924115846,0.005064916610717773,0.00014237509559782298,relu,1e-05,True,"(32,)",0.001,"{'clf__activation': 'relu', 'clf__alpha': 1e-05, 'clf__early_stopping': True, 'clf__hidden_layer_sizes': (32,), 'clf__learning_rate_init': 0.001}",0.8131657877147193,0.7513350778290454,0.7639030539973936,0.749763527611629,0.7968089855961845,0.7749952865497944,0.025504154109037405,446,0.8742781919735529,0.8697295074740975,0.8993409227411885,0.9059771191733379,0.8354724645694105,0.8769596411863174,0.02499434583975053
0.2932398796081543,0.07063879662677923,0.004982805252075196,9.805673570673914e-05,relu,1e-05,True,"(32,)",0.005,"{'clf__activation': 'relu', 'clf__alpha': 1e-05, 'clf__early_stopping': True, 'clf__hidden_layer_sizes': (32,), 'clf__learning_rate_init': 0.005}",0.8188775580055682,0.732666506968416,0.801049716002906,0.752505937194715,0.8157799633683337,0.7841759363079877,0.03505410581027202,293,0.8886860570029591,0.8205331449658991,0.9638315918508605,0.9134908456411285,0.8756400926958197,0.8924363464313334,0.0469187003162128
0.3052979469299316,0.04432824417297307,0.005190134048461914,0.00010638545838459334,relu,1e-05,True,"(32,)",0.01,"{'clf__activation': 'relu', 'clf__alpha': 1e-05, 'clf__early_stopping': True, 'clf__hidden_layer_sizes': (32,), 'clf__learning_rate_init': 0.01}",0.802424237110811,0.7676829826309884,0.7639586322333812,0.7735898318215751,0.8368280396076211,0.7888967446808755,0.027519581460596167,195,0.9633059778230161,0.8987390223802025,0.9696058222540875,0.9798064505479004,0.930286413902193,0.9483487373814798,0.02984138659159898
1.0215660095214845,0.205114983800145,0.005569553375244141,0.00016936149646959895,relu,1e-05,True,"(64,)",0.0001,"{'clf__activation': 'relu', 'clf__alpha': 1e-05, 'clf__early_stopping': True, 'clf__hidden_layer_sizes': (64,), 'clf__learning_rate_init': 0.0001}",0.5637050240806063,0.6902941733476422,0.7026156442326782,0.6506037357804496,0.6987681070127878,0.6611973368908328,0.052135669716591594,971,0.644866749822432,0.7984663867854455,0.7400489117263506,0.7523447622640388,0.7542766589036953,0.7380006939003925,0.050606098616389095
0.5612370014190674,0.16647102590025936,0.005556344985961914,0.000180023173595569,relu,1e-05,True,"(64,)",0.0005,"{'clf__activation': 'relu', 'clf__alpha': 1e-05, 'clf__early_stopping': True, 'clf__hidden_layer_sizes': (64,), 'clf__learning_rate_init': 0.0005}",0.6572717262754374,0.7482583204301702,0.7483961559908622,0.7378593890386344,0.7363970346473567,0.7256365252764921,0.03455048222283572,932,0.7475047384252332,0.9090272110746911,0.8300959824489236,0.8587808163040137,0.8180597495440172,0.8326936995593757,0.052887432092434856
0.39076642990112304,0.07288313820294852,0.0053364276885986325,0.00022325771375950073,relu,1e-05,True,"(64,)",0.001,"{'clf__activation': 'relu', 'clf__alpha': 1e-05, 'clf__early_stopping': True, 'clf__hidden_layer_sizes': (64,), 'clf__learning_rate_init': 0.001}",0.7425077035207983,0.7525753273535293,0.7703080891398917,0.7005951251524296,0.7698475437605872,0.7471667577854472,0.02557270281696785,870,0.8600768841816557,0.8872016219075042,0.8516010788130983,0.7978823313112304,0.8486095814291932,0.8490742995285364,0.02898954213941713
0.3365448474884033,0.07228281499725908,0.005395936965942383,0.0002330124383540755,relu,1e-05,True,"(64,)",0.005,"{'clf__activation': 'relu', 'clf__alpha': 1e-05, 'clf__early_stopping': True, 'clf__hidden_layer_sizes': (64,), 'clf__learning_rate_init': 0.005}",0.7776200545429077,0.7850534301954988,0.7736242066580639,0.7318453687548558,0.8300956514803047,0.7796477423263262,0.03130391163451383,361,0.9528370612471344,0.9339596310168411,0.8700044921730136,0.8826223586080073,0.951050805353566,0.9180948696797124,0.03497366916352851
0.3480584144592285,0.07768726612073663,0.005300045013427734,0.0002629189892710194,relu,1e-05,True,"(64,)",0.01,"{'clf__activation': 'relu', 'clf__alpha': 1e-05, 'clf__early_stopping': True, 'clf__hidden_layer_sizes': (64,), 'clf__learning_rate_init': 0.01}",0.769017042224972,0.7906377173536315,0.7656439836634287,0.7599686780916555,0.8247699044704274,0.7820074651608231,0.023771117848628967,327,0.9666106442907842,0.9234366654364207,0.8991229104815764,0.9341008116509986,0.9664946859814496,0.9379531435682459,0.02595853459309471
1.5083497047424317,0.26466822944393037,0.006762886047363281,0.0001961576511161047,relu,1e-05,True,"(128,)",0.0001,"{'clf__activation': 'relu', 'clf__alpha': 1e-05, 'clf__early_stopping': True, 'clf__hidden_layer_sizes': (128,), 'clf__learning_rate_init': 0.0001}",0.7205681156730157,0.7128989960638089,0.7089193284177042,0.6994527378786929,0.7726498799771597,0.7228978116020762,0.025790469468079915,935,0.7753363903104353,0.8448404848105628,0.7913721447202536,0.834421009579527,0.804052465827513,0.8100044990496583,0.026054485146621988
0.8584568977355957,0.2202165879168553,0.006767749786376953,0.00016824690828811815,relu,1e-05,True,"(128,)",0.0005,"{'clf__activation': 'relu', 'clf__alpha': 1e-05, 'clf__early_stopping': True, 'clf__hidden_layer_sizes': (128,), 'clf__learning_rate_init': 0.0005}",0.7968449123386212,0.7587197899365822,0.7621685905989624,0.7260344057083397,0.8188804562212258,0.7725296309607461,0.032247482843087066,490,0.8475247195350096,0.9001632497078077,0.9405315293431632,0.8926940715276868,0.8592363344014222,0.8880299809030179,0.032848539752040266
0.6643930435180664,0.17765279789278227,0.007055521011352539,0.0003967500930658703,relu,1e-05,True,"(128,)",0.001,"{'clf__activation': 'relu', 'clf__alpha': 1e-05, 'clf__early_stopping': True, 'clf__hidden_layer_sizes': (128,), 'clf__learning_rate_init': 0.001}",0.8068847325957942,0.7483810606221543,0.7635600605988395,0.7296367250331104,0.8210723234492412,0.773906980459828,0.034729205475985465,464,0.9356231165922997,0.8841875811712443,0.9399942714196895,0.8907383921529246,0.8374071966848713,0.897590111604206,0.03766478293503053
0.612480878829956,0.19209674351103623,0.006670188903808594,0.00012171537235666241,relu,1e-05,True,"(128,)",0.005,"{'clf__activation': 'relu', 'clf__alpha': 1e-05, 'clf__early_stopping': True, 'clf__hidden_layer_sizes': (128,), 'clf__learning_rate_init': 0.005}",0.8082359651416522,0.7778655134819519,0.7482701035332613,0.781923489241266,0.8234500608287016,0.7879490264453667,0.026016473933643418,216,0.9494582387594435,0.9083576757755407,0.9802661540213837,0.969928283430946,0.9437461331708539,0.9503512970316335,0.024843699539728443
0.5388852596282959,0.05229935800475315,0.0063078880310058595,0.0009779183955861837,relu,1e-05,True,"(128,)",0.01,"{'clf__activation': 'relu', 'clf__alpha': 1e-05, 'clf__early_stopping': True, 'clf__hidden_layer_sizes': (128,), 'clf__learning_rate_init': 0.01}",0.7972504016117723,0.7608865787230665,0.7594094751808196,0.7732220945826623,0.7994379668815861,0.7780413033959813,0.01727113799035429,387,0.9693010800269047,0.9486595501053166,0.9319150399563543,0.9161340984359401,0.9785469663008719,0.9489113469650775,0.023053403317006723
2.393027830123901,0.4917962401067181,0.008490324020385742,0.0002297611531792403,relu,1e-05,True,"(256,)",0.0001,"{'clf__activation': 'relu', 'clf__alpha': 1e-05, 'clf__early_stopping': True, 'clf__hidden_layer_sizes': (256,), 'clf__learning_rate_init': 0.0001}",0.7722804718217562,0.7649303281797756,0.7384489899061633,0.704233611491676,0.7497651852373692,0.745931717327348,0.023935842554162964,876,0.852248991112061,0.8761256422454371,0.8494077584549143,0.8333621539339922,0.8087009844041184,0.8439691060301046,0.022309307897516055
1.2638244152069091,0.48743382908638627,0.008281517028808593,0.00024859146897012114,relu,1e-05,True,"(256,)",0.0005,"{'clf__activation': 'relu', 'clf__alpha': 1e-05, 'clf__early_stopping': True, 'clf__hidden_layer_sizes': (256,), 'clf__learning_rate_init': 0.0005}",0.7870052291717067,0.7730344942287054,0.7866812940782868,0.7186196623634559,0.8224120687859608,0.7775505497256232,0.03370033112836319,402,0.8312701819883906,0.9340248891927337,0.9585570224610138,0.8170026223444229,0.8693374310744473,0.8820384294122017,0.05572445349916118
1.3699219703674317,0.3284064914453694,0.008324766159057617,0.00024284406873775053,relu,1e-05,True,"(256,)",0.001,"{'clf__activation': 'relu', 'clf__alpha': 1e-05, 'clf__early_stopping': True, 'clf__hidden_layer_sizes': (256,), 'clf__learning_rate_init': 0.001}",0.8058688363527104,0.7708166830212514,0.7470795446794198,0.7969878712991976,0.8291050808917768,0.7899716032488714,0.028425406830479494,165,0.9733074612376679,0.9476577072539325,0.9133191384905286,0.9541035667643256,0.9469322068626235,0.9470640161218157,0.019377101403403506
1.0438254833221436,0.06499618669106436,0.007835865020751953,0.0003601456072330202,relu,1e-05,True,"(256,)",0.005,"{'clf__activation': 'relu', 'clf__alpha': 1e-05, 'clf__early_stopping': True, 'clf__hidden_layer_sizes': (256,), 'clf__learning_rate_init': 0.005}",0.7903387531902961,0.7446726731839319,0.7736156172641226,0.7938581939847298,0.8428724367640019,0.7890715348774165,0.03202873491231963,190,0.9746621905355202,0.965874240406545,0.971794495382012,0.9742390713518873,0.9782664630660924,0.9729672921484115,0.004105073703793507
0.7945512771606446,0.20895439260571938,0.008495330810546875,0.00044637961371059027,relu,1e-05,True,"(256,)",0.01,"{'clf__activation': 'relu', 'clf__alpha': 1e-05, 'clf__early_stopping': True, 'clf__hidden_layer_sizes': (256,), 'clf__learning_rate_init': 0.01}",0.7495727817209457,0.7590225913553988,0.7596556689128057,0.7138761993564674,0.8462649241838918,0.7656784331059019,0.043629393509791344,638,0.8770162750020601,0.8828982927748714,0.9469218159102984,0.7897666216022781,0.9809470846291156,0.8955100179837248,0.06576534854087075
1.089208221435547,0.22194041975083154,0.005434417724609375,0.0002018944857805654,relu,1e-05,True,"(32, 16)",0.0001,"{'clf__activation': 'relu', 'clf__alpha': 1e-05, 'clf__early_stopping': True, 'clf__hidden_layer_sizes': (32, 16), 'clf__learning_rate_init': 0.0001}",0.6267629484139305,0.6498501064868969,0.6408429223829886,0.6096066669640564,0.5542840722495894,0.6162693432994923,0.03384733158344942,993,0.6639671520594482,0.7723974422020402,0.7188621751891834,0.7046563499023839,0.6274652845039589,0.6974696807714029,0.04928791208903891
0.6911896705627442,0.05057798008600281,0.005581808090209961,0.0003289953307176808,relu,1e-05,True,"(32, 16)",0.0005,"{'clf__activation': 'relu', 'clf__alpha': 1e-05, 'clf__early_stopping': True, 'clf__hidden_layer_sizes': (32, 16), 'clf__learning_rate_init': 0.0005}",0.7538682775616556,0.7130097308448129,0.744781518374803,0.741688126010717,0.793776945955845,0.7494249197495667,0.026055060137724562,854,0.8479801800821755,0.854101666782883,0.882495173075053,0.8883268095353795,0.8513650345359622,0.8648537728022905,0.016996908143607613
0.5017286777496338,0.09986527251519423,0.005334138870239258,0.00019714555364737968,relu,1e-05,True,"(32, 16)",0.001,"{'clf__activation': 'relu', 'clf__alpha': 1e-05, 'clf__early_stopping': True, 'clf__hidden_layer_sizes': (32, 16), 'clf__learning_rate_init': 0.001}",0.8047202797202797,0.7721661482757816,0.7323051201156792,0.7186934858790128,0.770928741274369,0.7597627550530244,0.030790612279655637,762,0.8714317689567128,0.9413173650500739,0.867462978801111,0.8774209425444524,0.829259915364964,0.8773785941434629,0.03615870468709508
0.2830361843109131,0.04498542388749329,0.005359745025634766,0.00017371987217425442,relu,1e-05,True,"(32, 16)",0.005,"{'clf__activation': 'relu', 'clf__alpha': 1e-05, 'clf__early_stopping': True, 'clf__hidden_layer_sizes': (32, 16), 'clf__learning_rate_init': 0.005}",0.796086849254418,0.7364415725895861,0.7609400637325697,0.733314887686506,0.8207273942010297,0.7695021534928219,0.03407814822319261,561,0.911453555985545,0.8355732706991268,0.9502971683981332,0.8294217360139498,0.8666582568787722,0.8786807975951053,0.04611336849056766
0.30312461853027345,0.032384109803122216,0.005237436294555664,0.00018992841224196608,relu,1e-05,True,"(32, 16)",0.01,"{'clf__activation': 'relu', 'clf__alpha': 1e-05, 'clf__early_stopping': True, 'clf__hidden_layer_sizes': (32, 16), 'clf__learning_rate_init': 0.01}",0.7994643635545635,0.7706373072733428,0.7286175909387783,0.7542284297863487,0.8057120357344274,0.7717319454574921,0.028601232168943152,513,0.9218501165220342,0.9760842966649758,0.950459340072844,0.9193072791950386,0.9465203514149332,0.9428442767739652,0.020838170053441987
1.6177856922149658,0.45700428140668553,0.005873394012451172,0.0001273501095596672,relu,1e-05,True,"(64, 32)",0.0001,"{'clf__activation': 'relu', 'clf__alpha': 1e-05, 'clf__early_stopping': True, 'clf__hidden_layer_sizes': (64, 32), 'clf__learning_rate_init': 0.0001}",0.7531563066854573,0.7268600451476916,0.7034633986951372,0.6761504465099326,0.6622842133711699,0.7043828820818778,0.033028120086631335,950,0.8465324247323791,0.8615508642620778,0.7624692306835746,0.8256734895748363,0.7267888440411284,0.8046029706587993,0.05152746610832053
1.1437093257904052,0.1277463489040969,0.00602564811706543,0.0002720855387885946,relu,1e-05,True,"(64, 32)",0.0005,"{'clf__activation': 'relu', 'clf__alpha': 1e-05, 'clf__early_stopping': True, 'clf__hidden_layer_sizes': (64, 32), 'clf__learning_rate_init': 0.0005}",0.7869483568075117,0.776515155584923,0.776913977256833,0.745934242489323,0.8125797264534759,0.7797782917184134,0.021408484192217206,360,0.9274575497810599,0.9419601570257727,0.9614050655113376,0.9426239411563068,0.9361117417017456,0.9419116910352445,0.011163000576184405
0.7750730991363526,0.13156324144003245,0.00567626953125,0.00040789200705705576,relu,1e-05,True,"(64, 32)",0.001,"{'clf__activation': 'relu', 'clf__alpha': 1e-05, 'clf__early_stopping': True, 'clf__hidden_layer_sizes': (64, 32), 'clf__learning_rate_init': 0.001}",0.7991286942187684,0.7823900474843871,0.7876415131422617,0.7373752111322578,0.8180450091429233,0.7849160950241197,0.026733751655426057,281,0.947078324467881,0.9460291264571153,0.9629591831632313,0.9759951867391132,0.930926069941094,0.952597578153687,0.015479482762919375
0.4487929344177246,0.09354385498365063,0.005894327163696289,0.00020895767067410042,relu,1e-05,True,"(64, 32)",0.005,"{'clf__activation': 'relu', 'clf__alpha': 1e-05, 'clf__early_stopping': True, 'clf__hidden_layer_sizes': (64, 32), 'clf__learning_rate_init': 0.005}",0.8303179918597992,0.7550734241663324,0.7618734124271584,0.7766425140239182,0.8108832016124075,0.7869581088179232,0.02899922801362886,238,0.9771048347385366,0.9414933770511696,0.9836791706940071,0.9752130569482667,0.9199328877543689,0.9594846654372698,0.024622170196862157
0.44765262603759765,0.07581116654014698,0.005799770355224609,0.00020982444224629883,relu,1e-05,True,"(64, 32)",0.01,"{'clf__activation': 'relu', 'clf__alpha': 1e-05, 'clf__early_stopping': True, 'clf__hidden_layer_sizes': (64, 32), 'clf__learning_rate_init': 0.01}",0.782934177534102,0.7737585534996472,0.7666505343135778,0.7452969176293028,0.8339536915683705,0.7805187749090001,0.029460931448895392,345,0.9823437860288818,0.9580666539686464,0.9638678612498062,0.9754281761902561,0.9309827914130449,0.9621378537701271,0.01774890347403678
2.155654048919678,0.5257889594752381,0.006832122802734375,0.00027709359698662865,relu,1e-05,True,"(128, 64)",0.0001,"{'clf__activation': 'relu', 'clf__alpha': 1e-05, 'clf__early_stopping': True, 'clf__hidden_layer_sizes': (128, 64), 'clf__learning_rate_init': 0.0001}",0.8186949685534591,0.6806133590701822,0.7008195592930266,0.7283310473904533,0.7708206495440538,0.739855916770235,0.049680481527427704,890,0.8998586157446365,0.8277950274591097,0.8234765380868314,0.84244641137611,0.8492542229420466,0.8485661631217468,0.027312157896893653
1.1123098373413085,0.11511392043693923,0.00739903450012207,0.0002220935495481578,relu,1e-05,True,"(128, 64)",0.0005,"{'clf__activation': 'relu', 'clf__alpha': 1e-05, 'clf__early_stopping': True, 'clf__hidden_layer_sizes': (128, 64), 'clf__learning_rate_init': 0.0005}",0.8339865791454669,0.7452139116343953,0.7738315272747147,0.7485664189210093,0.8209883152123751,0.7845173504375923,0.036684472071682975,288,0.9331154169486994,0.9205837903648724,0.9433002499903292,0.9047358093896534,0.9058532513168074,0.9215177036020723,0.015078895945763905
1.0215499877929688,0.2501561088326475,0.007269382476806641,0.00037245551719130584,relu,1e-05,True,"(128, 64)",0.001,"{'clf__activation': 'relu', 'clf__alpha': 1e-05, 'clf__early_stopping': True, 'clf__hidden_layer_sizes': (128, 64), 'clf__learning_rate_init': 0.001}",0.8260077037300269,0.7504404635594272,0.7815672618293867,0.7186370836133711,0.8264533457090428,0.780621171688251,0.04222398103077958,343,0.9713334633272126,0.9721091352737734,0.9513581909910863,0.8329217621884561,0.9715146000146919,0.9398474303590441,0.05403812290250671
0.7626751899719239,0.14291528322181474,0.007175445556640625,0.0003230652509010625,relu,1e-05,True,"(128, 64)",0.005,"{'clf__activation': 'relu', 'clf__alpha': 1e-05, 'clf__early_stopping': True, 'clf__hidden_layer_sizes': (128, 64), 'clf__learning_rate_init': 0.005}",0.8134794658604182,0.7715729081564797,0.7655993498389646,0.7889672600185215,0.8022902225488432,0.7883818412846454,0.018029191291959602,205,0.9667774806351747,0.9712669722239036,0.9829907312994252,0.9564499198756662,0.9462198996883778,0.9647410007445096,0.012582220994141788
0.6769758701324463,0.17833686768494086,0.007328605651855469,0.0006478604796160418,relu,1e-05,True,"(128, 64)",0.01,"{'clf__activation': 'relu', 'clf__alpha': 1e-05, 'clf__early_stopping': True, 'clf__hidden_layer_sizes': (128, 64), 'clf__learning_rate_init': 0.01}",0.8233631770465196,0.7668155018869144,0.7806606387194966,0.7459466850961449,0.8353650966306281,0.7904302198759409,0.03386918158189542,158,0.87472320671239,0.9419830749747318,0.9709170631045085,0.82821784823644,0.9820323171197521,0.9195747020295645,0.058986198841285795
3.238017463684082,1.0983047462718798,0.009235811233520509,0.00035094056421317726,relu,1e-05,True,"(256, 128)",0.0001,"{'clf__activation': 'relu', 'clf__alpha': 1e-05, 'clf__early_stopping': True, 'clf__hidden_layer_sizes': (256, 128), 'clf__learning_rate_init': 0.0001}",0.7491873878590276,0.7090919575932422,0.705540686396056,0.7432889424565147,0.7846530599691678,0.7383524068548017,0.029045824369010226,894,0.8192049908960666,0.8167839921466195,0.8596627974576088,0.9249171535449279,0.9122738552874615,0.8665685578665367,0.045305701223771054
1.6653285026550293,0.35414686477187896,0.009705543518066406,0.00029672094008004,relu,1e-05,True,"(256, 128)",0.0005,"{'clf__activation': 'relu', 'clf__alpha': 1e-05, 'clf__early_stopping': True, 'clf__hidden_layer_sizes': (256, 128), 'clf__learning_rate_init': 0.0005}",0.8039616598186579,0.7220552589527438,0.7222559645456841,0.7449046904070005,0.7984581431433693,0.758327143373491,0.036027622788109386,786,0.9099245788927719,0.8820905248391603,0.8728758576658748,0.9287083166869811,0.9574662896820656,0.9102131135533706,0.03085439715389143
1.6280574321746826,0.3920609178114482,0.00922093391418457,0.00018738514860285377,relu,1e-05,True,"(256, 128)",0.001,"{'clf__activation': 'relu', 'clf__alpha': 1e-05, 'clf__early_stopping': True, 'clf__hidden_layer_sizes': (256, 128), 'clf__learning_rate_init': 0.001}",0.8028974650189142,0.7683834856732054,0.7802158077843009,0.7708301826448924,0.8095930523075694,0.7863839986857764,0.016824630643799483,249,0.9139625382721119,0.9590336244580642,0.9792254004548175,0.9768994663917354,0.9223303866745185,0.9502902832502496,0.027288079896898833
1.0462488651275634,0.10672857801438415,0.009702444076538086,0.0004908091841496039,relu,1e-05,True,"(256, 128)",0.005,"{'clf__activation': 'relu', 'clf__alpha': 1e-05, 'clf__early_stopping': True, 'clf__hidden_layer_sizes': (256, 128), 'clf__learning_rate_init': 0.005}",0.8329994727246885,0.7502043771683964,0.7859823710039082,0.7459180035650623,0.8311322062265458,0.7892472861377203,0.037632527159007896,187,0.9020895512752225,0.8611704418190624,0.9364443591727054,0.8665771177501493,0.9605064286104921,0.9053575797255263,0.0386649473996147
1.4070668697357178,0.2963122906421371,0.009286165237426758,0.00029096117331296853,relu,1e-05,True,"(256, 128)",0.01,"{'clf__activation': 'relu', 'clf__alpha': 1e-05, 'clf__early_stopping': True, 'clf__hidden_layer_sizes': (256, 128), 'clf__learning_rate_init': 0.01}",0.7804279011312787,0.7651083218931407,0.7765112551905005,0.7841735477155344,0.8424924390677816,0.7897426929996472,0.027137574037889384,170,0.8476157981082488,0.9659678087861916,0.9553354089229797,0.9742665376581461,0.9556603654839151,0.9397691837918962,0.04661227067784701
1.2604217052459716,0.7651313414309934,0.005779647827148437,0.0002658270975263194,relu,1e-05,True,"(64, 32, 16)",0.0001,"{'clf__activation': 'relu', 'clf__alpha': 1e-05, 'clf__early_stopping': True, 'clf__hidden_layer_sizes': (64, 32, 16), 'clf__learning_rate_init': 0.0001}",0.7278400802694382,0.7074480648649446,0.711419801565486,0.26325757575757575,0.2687156904144296,0.5357362425743748,0.2203624951834431,997,0.7988455998700361,0.8207111073692341,0.8143381364603401,0.27143934855443874,0.2710265947280987,0.5952721573964295,0.26467249302533163
0.8901740074157715,0.07874737384431238,0.0057680606842041016,0.00020942544676076687,relu,1e-05,True,"(64, 32, 16)",0.0005,"{'clf__activation': 'relu', 'clf__alpha': 1e-05, 'clf__early_stopping': True, 'clf__hidden_layer_sizes': (64, 32, 16), 'clf__learning_rate_init': 0.0005}",0.7574531460921344,0.7454642039882314,0.7570931505591257,0.7253408114199593,0.8343622314210548,0.7639427086961011,0.037093130522589876,679,0.877347014822435,0.914051950511084,0.9221366529797964,0.8665483732641933,0.8898556182306268,0.8939879219616271,0.02117470593338175
0.8072966575622559,0.13594541470648575,0.005854272842407226,0.0001667330247588113,relu,1e-05,True,"(64, 32, 16)",0.001,"{'clf__activation': 'relu', 'clf__alpha': 1e-05, 'clf__early_stopping': True, 'clf__hidden_layer_sizes': (64, 32, 16), 'clf__learning_rate_init': 0.001}",0.8039448183092879,0.7554469038836951,0.756623928510721,0.7687777490787067,0.8321322324707565,0.7833851264506334,0.030030193951171135,309,0.9301818351815703,0.9752723247736751,0.9435930225597671,0.9019833570364351,0.9198621091589079,0.934178529742071,0.024636539027970705
0.4797755241394043,0.0731141695016999,0.005977773666381836,0.00014787047031043578,relu,1e-05,True,"(64, 32, 16)",0.005,"{'clf__activation': 'relu', 'clf__alpha': 1e-05, 'clf__early_stopping': True, 'clf__hidden_layer_sizes': (64, 32, 16), 'clf__learning_rate_init': 0.005}",0.7809209995864299,0.7591852818267913,0.7546089559572917,0.7934008851872847,0.842824780397596,0.7861881805910789,0.03166662189472376,255,0.9548007249417243,0.9336109600786164,0.8954485765755512,0.97036051740594,0.943581032438715,0.9395603622881094,0.02521241370022739
0.5493644714355469,0.08209412540584848,0.005990409851074218,0.00034915349133097655,relu,1e-05,True,"(64, 32, 16)",0.01,"{'clf__activation': 'relu', 'clf__alpha': 1e-05, 'clf__early_stopping': True, 'clf__hidden_layer_sizes': (64, 32, 16), 'clf__learning_rate_init': 0.01}",0.8227027701010818,0.7800964282426587,0.7258811610924287,0.730535218978222,0.8284346501295132,0.7775300457087809,0.0436223821475002,405,0.9695336643159216,0.9445209273921364,0.9811544677911348,0.9631964808658764,0.971197812451432,0.9659206705633002,0.012151878419751058
2.435229015350342,0.6380255905152821,0.006911802291870117,9.114045955453584e-05,relu,1e-05,True,"(128, 64, 32)",0.0001,"{'clf__activation': 'relu', 'clf__alpha': 1e-05, 'clf__early_stopping': True, 'clf__hidden_layer_sizes': (128, 64, 32), 'clf__learning_rate_init': 0.0001}",0.7448821773154994,0.6911431279976321,0.6938369487202981,0.746546767186302,0.7844417094535575,0.7321701461346578,0.03536452895948458,918,0.8848415333751002,0.8031947622268938,0.7857716671689122,0.9018470502082067,0.9159211846882346,0.8583152395334694,0.05332531224978244
1.2721842765808105,0.17436927595145604,0.006828498840332031,0.00013467348588862936,relu,1e-05,True,"(128, 64, 32)",0.0005,"{'clf__activation': 'relu', 'clf__alpha': 1e-05, 'clf__early_stopping': True, 'clf__hidden_layer_sizes': (128, 64, 32), 'clf__learning_rate_init': 0.0005}",0.769450800522229,0.7546903993532484,0.7692142425790868,0.7637544153042557,0.7958399328849785,0.7705899581287597,0.013713293648699993,529,0.8970127032278301,0.9736717803114983,0.9747540474277474,0.940903683571117,0.9407064315973351,0.9454097292271056,0.02844127326186345
0.9943134307861328,0.1630136354618511,0.006933975219726563,0.0002117247407717659,relu,1e-05,True,"(128, 64, 32)",0.001,"{'clf__activation': 'relu', 'clf__alpha': 1e-05, 'clf__early_stopping': True, 'clf__hidden_layer_sizes': (128, 64, 32), 'clf__learning_rate_init': 0.001}",0.7969267988909052,0.7641129366857523,0.7840361430344854,0.7549841281772343,0.7883481407033528,0.777681629498346,0.01564491508049957,399,0.9829599269391008,0.9640081793618972,0.9583494864442134,0.9313503257385819,0.9197869301097001,0.9512909697186988,0.022823701386620925
0.6851897716522217,0.15251009344406227,0.00695643424987793,0.00038204277031816334,relu,1e-05,True,"(128, 64, 32)",0.005,"{'clf__activation': 'relu', 'clf__alpha': 1e-05, 'clf__early_stopping': True, 'clf__hidden_layer_sizes': (128, 64, 32), 'clf__learning_rate_init': 0.005}",0.7766278916023214,0.7709454962363075,0.7402532198813845,0.7695393374741202,0.8293682694849973,0.7773468429358262,0.028929628285333266,408,0.8614071804006957,0.9311589809229223,0.9035451592008323,0.942431513675434,0.9771874579904352,0.9231460584380639,0.038865133187115444
0.7912005424499512,0.16945324908302767,0.006875801086425781,0.0006313556698546308,relu,1e-05,True,"(128, 64, 32)",0.01,"{'clf__activation': 'relu', 'clf__alpha': 1e-05, 'clf__early_stopping': True, 'clf__hidden_layer_sizes': (128, 64, 32), 'clf__learning_rate_init': 0.01}",0.8005218025826777,0.7722421200496167,0.7774298976885183,0.7385551223487838,0.8396601355397875,0.7856818156418768,0.03347694436374726,267,0.9391679189750268,0.9714346949484025,0.9378588142605984,0.9282715701218032,0.9806316253552411,0.9514729247322145,0.02060952264640317
12.30205249786377,0.6127459536395179,0.0057719707489013675,0.00033053987917077484,relu,1e-05,False,"(32,)",0.0001,"{'clf__activation': 'relu', 'clf__alpha': 1e-05, 'clf__early_stopping': False, 'clf__hidden_layer_sizes': (32,), 'clf__learning_rate_init': 0.0001}",0.81572002690668,0.7779687609787886,0.7983854504304708,0.7728693668962038,0.8260521794890201,0.7981991569402327,0.020657558612674046,37,1.0,0.9985757940845588,1.0,0.9985757940845588,0.9985736545607096,0.9991450485459655,0.0006980653762450924
4.431370210647583,0.17222341670243865,0.005498409271240234,0.00012507975839822188,relu,1e-05,False,"(32,)",0.0005,"{'clf__activation': 'relu', 'clf__alpha': 1e-05, 'clf__early_stopping': False, 'clf__hidden_layer_sizes': (32,), 'clf__learning_rate_init': 0.0005}",0.7984476106124567,0.7659033933329707,0.7626824190300519,0.7794711437733793,0.8359757085599089,0.7884960550617535,0.026875907973927225,204,1.0,1.0,1.0,1.0,1.0,1.0,0.0
2.923555326461792,0.055661658455229246,0.005501222610473633,0.0001338960438371326,relu,1e-05,False,"(32,)",0.001,"{'clf__activation': 'relu', 'clf__alpha': 1e-05, 'clf__early_stopping': False, 'clf__hidden_layer_sizes': (32,), 'clf__learning_rate_init': 0.001}",0.8015539150375761,0.7697093799157078,0.785937902029856,0.7732346778282733,0.8298665556225648,0.7920604860867956,0.021958566101542766,114,1.0,1.0,1.0,1.0,1.0,1.0,0.0
1.1993505477905273,0.09962264446251538,0.00543060302734375,7.846233366390774e-05,relu,1e-05,False,"(32,)",0.005,"{'clf__activation': 'relu', 'clf__alpha': 1e-05, 'clf__early_stopping': False, 'clf__hidden_layer_sizes': (32,), 'clf__learning_rate_init': 0.005}",0.7995511955351937,0.7545574200531067,0.7573709779208803,0.7749985986926285,0.8273144793258724,0.7827585343055363,0.02744912812024604,322,1.0,1.0,1.0,1.0,1.0,1.0,0.0
0.8974739074707031,0.07499849816197961,0.005320310592651367,9.125721443400514e-05,relu,1e-05,False,"(32,)",0.01,"{'clf__activation': 'relu', 'clf__alpha': 1e-05, 'clf__early_stopping': False, 'clf__hidden_layer_sizes': (32,), 'clf__learning_rate_init': 0.01}",0.7975671171215507,0.7680685114522007,0.7733835200746966,0.7710285756784776,0.8224169162331478,0.7864929281120145,0.0208020791714589,246,1.0,1.0,1.0,1.0,1.0,1.0,0.0
14.24301199913025,0.3270145384192464,0.005951595306396484,0.00011976023199806626,relu,1e-05,False,"(64,)",0.0001,"{'clf__activation': 'relu', 'clf__alpha': 1e-05, 'clf__early_stopping': False, 'clf__hidden_layer_sizes': (64,), 'clf__learning_rate_init': 0.0001}",0.7937371015086714,0.7714330850914252,0.7895848742074825,0.762290138377802,0.8497247144772173,0.7933539827325197,0.030454886425623974,88,1.0,1.0,1.0,1.0,0.9985736545607096,0.999714730912142,0.0005705381757161732
5.190307903289795,0.25862307497488446,0.006080102920532226,0.00014008948223344863,relu,1e-05,False,"(64,)",0.0005,"{'clf__activation': 'relu', 'clf__alpha': 1e-05, 'clf__early_stopping': False, 'clf__hidden_layer_sizes': (64,), 'clf__learning_rate_init': 0.0005}",0.7785826525697509,0.775079166641271,0.800518055818738,0.7689805489055724,0.8372805854221665,0.7920882018714999,0.02497632773472197,113,1.0,1.0,1.0,1.0,1.0,1.0,0.0
3.1833239555358888,0.11146003036496067,0.005659914016723633,0.0001477404044305823,relu,1e-05,False,"(64,)",0.001,"{'clf__activation': 'relu', 'clf__alpha': 1e-05, 'clf__early_stopping': False, 'clf__hidden_layer_sizes': (64,), 'clf__learning_rate_init': 0.001}",0.8002467351986147,0.768952015527358,0.7877450690998646,0.7517197717522597,0.8396344260731519,0.7896596035302498,0.02993817203331784,176,1.0,1.0,1.0,1.0,1.0,1.0,0.0
1.349787950515747,0.0797316245765209,0.005644702911376953,0.00014564230527958592,relu,1e-05,False,"(64,)",0.005,"{'clf__activation': 'relu', 'clf__alpha': 1e-05, 'clf__early_stopping': False, 'clf__hidden_layer_sizes': (64,), 'clf__learning_rate_init': 0.005}",0.7898630607975268,0.7565653133372796,0.775196952650277,0.7600791121952742,0.8450028198420101,0.7853414517644735,0.03209076687989734,275,1.0,1.0,1.0,1.0,1.0,1.0,0.0
1.0773338317871093,0.10236224398346123,0.005629110336303711,0.00015037378642250568,relu,1e-05,False,"(64,)",0.01,"{'clf__activation': 'relu', 'clf__alpha': 1e-05, 'clf__early_stopping': False, 'clf__hidden_layer_sizes': (64,), 'clf__learning_rate_init': 0.01}",0.7824611728025984,0.7626825318231519,0.766523868237391,0.7660475327571786,0.8387565440749474,0.7832943299390535,0.028566756791627956,312,1.0,1.0,1.0,1.0,1.0,1.0,0.0
19.319234991073607,0.6460979522457997,0.007578992843627929,0.0003428261728663271,relu,1e-05,False,"(128,)",0.0001,"{'clf__activation': 'relu', 'clf__alpha': 1e-05, 'clf__early_stopping': False, 'clf__hidden_layer_sizes': (128,), 'clf__learning_rate_init': 0.0001}",0.8070965745772639,0.7760619791763763,0.7621027621027621,0.7756646571250533,0.8382670945198563,0.7918386135002624,0.02750683238675472,119,1.0,1.0,1.0,1.0,1.0,1.0,0.0
6.867237281799317,0.2517830844164943,0.007239484786987304,0.00022672519296741873,relu,1e-05,False,"(128,)",0.0005,"{'clf__activation': 'relu', 'clf__alpha': 1e-05, 'clf__early_stopping': False, 'clf__hidden_layer_sizes': (128,), 'clf__learning_rate_init': 0.0005}",0.805414107390529,0.7807706596366389,0.7562333718912666,0.76156730893573,0.8357991354721737,0.7879569166652676,0.029489212901040476,214,1.0,1.0,1.0,1.0,1.0,1.0,0.0
4.59118127822876,0.20827533003526696,0.007463788986206055,0.00029787111596802035,relu,1e-05,False,"(128,)",0.001,"{'clf__activation': 'relu', 'clf__alpha': 1e-05, 'clf__early_stopping': False, 'clf__hidden_layer_sizes': (128,), 'clf__learning_rate_init': 0.001}",0.8103183884497358,0.7644003241998479,0.7626039218752846,0.7763461538461539,0.8463640850083292,0.7920065746758702,0.03213076809182312,116,1.0,1.0,1.0,1.0,1.0,1.0,0.0
2.0280097484588624,0.040478151981502064,0.007039833068847656,0.00021610370485876908,relu,1e-05,False,"(128,)",0.005,"{'clf__activation': 'relu', 'clf__alpha': 1e-05, 'clf__early_stopping': False, 'clf__hidden_layer_sizes': (128,), 'clf__learning_rate_init': 0.005}",0.8289418132727993,0.8001510448644069,0.7635115092548648,0.7680224888829962,0.8345500462948393,0.7990353805139813,0.029599580366539216,29,1.0,1.0,1.0,1.0,1.0,1.0,0.0
1.654773759841919,0.0768139786746518,0.007116079330444336,0.00013872847584595418,relu,1e-05,False,"(128,)",0.01,"{'clf__activation': 'relu', 'clf__alpha': 1e-05, 'clf__early_stopping': False, 'clf__hidden_layer_sizes': (128,), 'clf__learning_rate_init': 0.01}",0.8066677512905471,0.8110526315789474,0.7579030425331564,0.7822468512093671,0.8253598090682239,0.7966460171360484,0.023836197694928153,50,1.0,1.0,1.0,1.0,1.0,1.0,0.0
25.090419435501097,0.2852799960393395,0.008695030212402343,0.00033095235326669354,relu,1e-05,False,"(256,)",0.0001,"{'clf__activation': 'relu', 'clf__alpha': 1e-05, 'clf__early_stopping': False, 'clf__hidden_layer_sizes': (256,), 'clf__learning_rate_init': 0.0001}",0.7879808638125664,0.7700368787749754,0.7601926592167322,0.7883487568463089,0.8269274680029282,0.7866973253307021,0.02281625246074421,242,1.0,1.0,1.0,1.0,1.0,1.0,0.0
9.808968114852906,0.3173003860252364,0.008411836624145509,0.0001596659443893557,relu,1e-05,False,"(256,)",0.0005,"{'clf__activation': 'relu', 'clf__alpha': 1e-05, 'clf__early_stopping': False, 'clf__hidden_layer_sizes': (256,), 'clf__learning_rate_init': 0.0005}",0.7928854161861425,0.7870058975940117,0.7585057538260906,0.777351207283057,0.8326687754314057,0.7896834100641414,0.024451147318365618,173,1.0,1.0,1.0,1.0,1.0,1.0,0.0
6.418382596969605,0.10419123272775474,0.008140659332275391,0.0002070470429064344,relu,1e-05,False,"(256,)",0.001,"{'clf__activation': 'relu', 'clf__alpha': 1e-05, 'clf__early_stopping': False, 'clf__hidden_layer_sizes': (256,), 'clf__learning_rate_init': 0.001}",0.795400634501346,0.7887595290846066,0.7578721999637651,0.7833370500159287,0.8328515201356019,0.7916441867402496,0.02420756942163104,126,1.0,1.0,1.0,1.0,1.0,1.0,0.0
3.425952339172363,0.17684361811132335,0.00866851806640625,0.00012052332491091334,relu,1e-05,False,"(256,)",0.005,"{'clf__activation': 'relu', 'clf__alpha': 1e-05, 'clf__early_stopping': False, 'clf__hidden_layer_sizes': (256,), 'clf__learning_rate_init': 0.005}",0.7846164977218422,0.7867895471453663,0.7610218209040749,0.7858797778645228,0.8370834252344792,0.7910782137740571,0.02492804206338679,140,1.0,1.0,1.0,1.0,1.0,1.0,0.0
2.794890546798706,0.15203917538733772,0.008970022201538086,0.0005901705459730033,relu,1e-05,False,"(256,)",0.01,"{'clf__activation': 'relu', 'clf__alpha': 1e-05, 'clf__early_stopping': False, 'clf__hidden_layer_sizes': (256,), 'clf__learning_rate_init': 0.01}",0.8088203764966309,0.7772326909041951,0.7453144465787939,0.7915259704711161,0.8317142905538206,0.7909215550009113,0.029162214393872725,146,1.0,1.0,1.0,1.0,1.0,1.0,0.0
12.456521368026733,0.3400185024241384,0.006418895721435547,0.0005270077833959361,relu,1e-05,False,"(32, 16)",0.0001,"{'clf__activation': 'relu', 'clf__alpha': 1e-05, 'clf__early_stopping': False, 'clf__hidden_layer_sizes': (32, 16), 'clf__learning_rate_init': 0.0001}",0.7865025079799361,0.7385328185328186,0.7663218131712318,0.7837499895101667,0.8427642201326412,0.7835742698653589,0.034171436225645856,305,1.0,0.998972207018184,1.0,0.9989691435742604,1.0,0.9995882701184889,0.0005042649913117255
4.158347177505493,0.1543846408498144,0.005816459655761719,0.00017515573078707788,relu,1e-05,False,"(32, 16)",0.0005,"{'clf__activation': 'relu', 'clf__alpha': 1e-05, 'clf__early_stopping': False, 'clf__hidden_layer_sizes': (32, 16), 'clf__learning_rate_init': 0.0005}",0.8025783805450812,0.7542056528168362,0.76617967428611,0.787555780692933,0.844481901794986,0.7910002780271893,0.03154713272258733,144,1.0,1.0,1.0,1.0,1.0,1.0,0.0
2.69622597694397,0.13861256745281264,0.005620718002319336,0.00013309976361267097,relu,1e-05,False,"(32, 16)",0.001,"{'clf__activation': 'relu', 'clf__alpha': 1e-05, 'clf__early_stopping': False, 'clf__hidden_layer_sizes': (32, 16), 'clf__learning_rate_init': 0.001}",0.7965989256583316,0.752544348166468,0.757291456689047,0.7776898304947084,0.8208294049137596,0.780990793184463,0.02534752028504327,341,1.0,1.0,1.0,1.0,1.0,1.0,0.0
1.1339069843292235,0.1274358146546963,0.005740308761596679,0.0001658512435245383,relu,1e-05,False,"(32, 16)",0.005,"{'clf__activation': 'relu', 'clf__alpha': 1e-05, 'clf__early_stopping': False, 'clf__hidden_layer_sizes': (32, 16), 'clf__learning_rate_init': 0.005}",0.7816840495411924,0.7276382424314756,0.7953311427994972,0.7704751790265809,0.823937074829932,0.7798131377257356,0.03162482502623437,359,1.0,1.0,1.0,1.0,1.0,1.0,0.0
0.813994312286377,0.06103835173705768,0.005603265762329101,6.688164284248157e-05,relu,1e-05,False,"(32, 16)",0.01,"{'clf__activation': 'relu', 'clf__alpha': 1e-05, 'clf__early_stopping': False, 'clf__hidden_layer_sizes': (32, 16), 'clf__learning_rate_init': 0.01}",0.7906818279771584,0.7349340782520506,0.7736931171714843,0.7421080408813258,0.8504492018505373,0.7783732532265113,0.04140162944822891,381,1.0,1.0,1.0,1.0,0.998785632447901,0.9997571264895802,0.0004857470208396109
11.968508911132812,0.8769928570396699,0.005953836441040039,0.0002025497046649402,relu,1e-05,False,"(64, 32)",0.0001,"{'clf__activation': 'relu', 'clf__alpha': 1e-05, 'clf__early_stopping': False, 'clf__hidden_layer_sizes': (64, 32), 'clf__learning_rate_init': 0.0001}",0.7949684574684575,0.7829843382337468,0.7726498444471294,0.7326319720541206,0.8501954750365024,0.7866860174479913,0.03803841852873866,244,1.0,1.0,1.0,1.0,1.0,1.0,0.0
3.906013774871826,0.17165078674534168,0.006008148193359375,0.0001566635403036438,relu,1e-05,False,"(64, 32)",0.0005,"{'clf__activation': 'relu', 'clf__alpha': 1e-05, 'clf__early_stopping': False, 'clf__hidden_layer_sizes': (64, 32), 'clf__learning_rate_init': 0.0005}",0.7986393792193034,0.7684838996225936,0.7579150172896859,0.7652459115008436,0.8407243460764587,0.786201710741777,0.03059613289332322,254,1.0,1.0,1.0,1.0,1.0,1.0,0.0
2.6484010219573975,0.13234204401686878,0.0061414241790771484,0.00024626301084836017,relu,1e-05,False,"(64, 32)",0.001,"{'clf__activation': 'relu', 'clf__alpha': 1e-05, 'clf__early_stopping': False, 'clf__hidden_layer_sizes': (64, 32), 'clf__learning_rate_init': 0.001}",0.7824792363734058,0.7814496168340899,0.7647103110829042,0.7626472867066927,0.8416810170331297,0.7865934936060445,0.028741316324617676,245,1.0,1.0,1.0,1.0,1.0,1.0,0.0
1.0818806648254395,0.126754151638728,0.006313610076904297,0.000599128088741712,relu,1e-05,False,"(64, 32)",0.005,"{'clf__activation': 'relu', 'clf__alpha': 1e-05, 'clf__early_stopping': False, 'clf__hidden_layer_sizes': (64, 32), 'clf__learning_rate_init': 0.005}",0.7763205841808244,0.7914535464535464,0.7714847450870035,0.7725088023221065,0.8501386001386002,0.7923812556364164,0.02975330304267929,104,1.0,0.9990795325574398,1.0,1.0,1.0,0.999815906511488,0.0003681869770240986
1.0069520473480225,0.08413098912070179,0.006087827682495117,0.00015170095882222653,relu,1e-05,False,"(64, 32)",0.01,"{'clf__activation': 'relu', 'clf__alpha': 1e-05, 'clf__early_stopping': False, 'clf__hidden_layer_sizes': (64, 32), 'clf__learning_rate_init': 0.01}",0.8102427268914569,0.7598157990959848,0.7477141456925824,0.7762291792093117,0.8137232987588013,0.7815450299296274,0.026472420612850378,336,1.0,1.0,1.0,1.0,0.9679137880876589,0.9935827576175317,0.012834484764936427
14.13225531578064,0.6785417167426333,0.007370138168334961,0.00022847768745854779,relu,1e-05,False,"(128, 64)",0.0001,"{'clf__activation': 'relu', 'clf__alpha': 1e-05, 'clf__early_stopping': False, 'clf__hidden_layer_sizes': (128, 64), 'clf__learning_rate_init': 0.0001}",0.8186177248677249,0.7831088007213252,0.7941898062754782,0.7920711974110033,0.8230489489170789,0.8022072956385221,0.015719095584268712,11,1.0,1.0,1.0,1.0,1.0,1.0,0.0
5.233993768692017,0.26460714939930075,0.0075342655181884766,0.00018941620133628337,relu,1e-05,False,"(128, 64)",0.0005,"{'clf__activation': 'relu', 'clf__alpha': 1e-05, 'clf__early_stopping': False, 'clf__hidden_layer_sizes': (128, 64), 'clf__learning_rate_init': 0.0005}",0.8143732792011853,0.7724644521483665,0.8014984625965934,0.781450635745947,0.8281724795809302,0.7995918618546044,0.020513300938059927,25,1.0,1.0,1.0,1.0,1.0,1.0,0.0
3.409651756286621,0.15401083430905643,0.007527017593383789,0.00021193218332264636,relu,1e-05,False,"(128, 64)",0.001,"{'clf__activation': 'relu', 'clf__alpha': 1e-05, 'clf__early_stopping': False, 'clf__hidden_layer_sizes': (128, 64), 'clf__learning_rate_init': 0.001}",0.8195789487685532,0.7624532332432219,0.7778741685669347,0.7896728906547483,0.8302365225247854,0.7959631527516488,0.025385283723693072,56,1.0,1.0,1.0,1.0,1.0,1.0,0.0
1.7376357078552247,0.04990832816940537,0.007471656799316407,6.45098468237236e-05,relu,1e-05,False,"(128, 64)",0.005,"{'clf__activation': 'relu', 'clf__alpha': 1e-05, 'clf__early_stopping': False, 'clf__hidden_layer_sizes': (128, 64), 'clf__learning_rate_init': 0.005}",0.8061059118124335,0.7629885057471265,0.7573971090417873,0.787998374864572,0.8338153597388267,0.7896610522409493,0.028196409488531544,175,1.0,1.0,1.0,1.0,1.0,1.0,0.0
1.3590145587921143,0.18976014937742397,0.007380151748657226,0.0002662964382495083,relu,1e-05,False,"(128, 64)",0.01,"{'clf__activation': 'relu', 'clf__alpha': 1e-05, 'clf__early_stopping': False, 'clf__hidden_layer_sizes': (128, 64), 'clf__learning_rate_init': 0.01}",0.8154253996828255,0.7406786294258685,0.7768403217485108,0.7807565962367287,0.8380418582915351,0.7903485610770937,0.03360082993956375,159,0.9780200967667292,0.9411794525049273,1.0,1.0,0.998785632447901,0.9835970363439115,0.02279983139762591
21.25221982002258,0.5460712443994938,0.009662437438964843,9.608350379540197e-05,relu,1e-05,False,"(256, 128)",0.0001,"{'clf__activation': 'relu', 'clf__alpha': 1e-05, 'clf__early_stopping': False, 'clf__hidden_layer_sizes': (256, 128), 'clf__learning_rate_init': 0.0001}",0.8344331679788831,0.7685668531047203,0.7712585699381475,0.7533653644703734,0.826773449357663,0.7908794809699574,0.03309212313347147,148,1.0,1.0,1.0,1.0,1.0,1.0,0.0
8.085291767120362,0.5682692557453729,0.01021881103515625,0.00014356476448739033,relu,1e-05,False,"(256, 128)",0.0005,"{'clf__activation': 'relu', 'clf__alpha': 1e-05, 'clf__early_stopping': False, 'clf__hidden_layer_sizes': (256, 128), 'clf__learning_rate_init': 0.0005}",0.83892417042295,0.7784220512384921,0.7478103914969149,0.7629759101749007,0.8278993873757083,0.7912063821417932,0.03596380018771764,136,1.0,1.0,1.0,1.0,1.0,1.0,0.0
5.559380674362183,0.21126277416333736,0.010439538955688476,0.0003367690778292278,relu,1e-05,False,"(256, 128)",0.001,"{'clf__activation': 'relu', 'clf__alpha': 1e-05, 'clf__early_stopping': False, 'clf__hidden_layer_sizes': (256, 128), 'clf__learning_rate_init': 0.001}",0.8267203799581918,0.7678637167602698,0.7511024749416728,0.7675183646747629,0.8410270344106712,0.7908463941491136,0.03593610732389702,152,1.0,1.0,1.0,1.0,1.0,1.0,0.0
3.080783414840698,0.470307496816613,0.010710191726684571,0.0002510127777826924,relu,1e-05,False,"(256, 128)",0.005,"{'clf__activation': 'relu', 'clf__alpha': 1e-05, 'clf__early_stopping': False, 'clf__hidden_layer_sizes': (256, 128), 'clf__learning_rate_init': 0.005}",0.807799974329603,0.7764800197805124,0.7772682797794871,0.7789280369169369,0.8075907758101155,0.7896134173233309,0.014785142409379998,177,1.0,1.0,1.0,1.0,0.9725330168025197,0.9945066033605039,0.010986793278992124
3.341329002380371,0.660236590426913,0.010067605972290039,0.0004898052302810973,relu,1e-05,False,"(256, 128)",0.01,"{'clf__activation': 'relu', 'clf__alpha': 1e-05, 'clf__early_stopping': False, 'clf__hidden_layer_sizes': (256, 128), 'clf__learning_rate_init': 0.01}",0.8022118353995324,0.7742131112056547,0.7512558528208841,0.7723826968056838,0.8583249647133913,0.7916776921890293,0.03705147943547805,124,1.0,1.0,1.0,0.962977084865489,1.0,0.9925954169730978,0.014809166053804378
12.006526899337768,0.5057108895920984,0.006433296203613281,0.0004610492445877359,relu,1e-05,False,"(64, 32, 16)",0.0001,"{'clf__activation': 'relu', 'clf__alpha': 1e-05, 'clf__early_stopping': False, 'clf__hidden_layer_sizes': (64, 32, 16), 'clf__learning_rate_init': 0.0001}",0.78022313428345,0.7768892961114016,0.792420155531939,0.7340477862145482,0.8528101318189512,0.787278100792058,0.038241480155999916,229,1.0,1.0,1.0,1.0,1.0,1.0,0.0
4.04556622505188,0.10509815377599954,0.006128835678100586,0.0002652334158687857,relu,1e-05,False,"(64, 32, 16)",0.0005,"{'clf__activation': 'relu', 'clf__alpha': 1e-05, 'clf__early_stopping': False, 'clf__hidden_layer_sizes': (64, 32, 16), 'clf__learning_rate_init': 0.0005}",0.7754673026775797,0.7727762453876407,0.7762037367800041,0.7701849430226042,0.846406027514828,0.7882076510765312,0.029176729573243597,211,1.0,1.0,1.0,1.0,1.0,1.0,0.0
2.625511407852173,0.142761010932637,0.006255626678466797,0.0002913994360432846,relu,1e-05,False,"(64, 32, 16)",0.001,"{'clf__activation': 'relu', 'clf__alpha': 1e-05, 'clf__early_stopping': False, 'clf__hidden_layer_sizes': (64, 32, 16), 'clf__learning_rate_init': 0.001}",0.8039667696644441,0.7691513452589618,0.7512405596887437,0.7673502375265037,0.8570442117956909,0.7897506247868689,0.0377879832963844,169,1.0,1.0,1.0,1.0,1.0,1.0,0.0
1.1752371788024902,0.1287574027285159,0.006147050857543945,0.00018827174742032547,relu,1e-05,False,"(64, 32, 16)",0.005,"{'clf__activation': 'relu', 'clf__alpha': 1e-05, 'clf__early_stopping': False, 'clf__hidden_layer_sizes': (64, 32, 16), 'clf__learning_rate_init': 0.005}",0.781002015021066,0.7927883748300273,0.7533543400615353,0.7693463107741377,0.8592565367379179,0.7911495154849368,0.03646389718754146,138,1.0,1.0,1.0,1.0,1.0,1.0,0.0
0.8056422233581543,0.20923788704265406,0.006183528900146484,0.00015795353043281614,relu,1e-05,False,"(64, 32, 16)",0.01,"{'clf__activation': 'relu', 'clf__alpha': 1e-05, 'clf__early_stopping': False, 'clf__hidden_layer_sizes': (64, 32, 16), 'clf__learning_rate_init': 0.01}",0.796989617423763,0.7665275928521135,0.7861096309265532,0.7620870544687834,0.7859840299486776,0.779539585123978,0.01313851412727968,363,0.9786105752452229,0.994296788482835,0.9854727546332844,1.0,0.948025236479489,0.9812810709681662,0.018168431376502793
12.898209571838379,0.4096535246794921,0.007407665252685547,0.00013145155980950324,relu,1e-05,False,"(128, 64, 32)",0.0001,"{'clf__activation': 'relu', 'clf__alpha': 1e-05, 'clf__early_stopping': False, 'clf__hidden_layer_sizes': (128, 64, 32), 'clf__learning_rate_init': 0.0001}",0.7886557522575481,0.760250384290632,0.7795741546101465,0.800644583676053,0.8318885276287512,0.7922026804926261,0.02382956898779104,111,1.0,1.0,1.0,1.0,1.0,1.0,0.0
4.28592004776001,0.19291219128527248,0.007395553588867188,0.000371950418112562,relu,1e-05,False,"(128, 64, 32)",0.0005,"{'clf__activation': 'relu', 'clf__alpha': 1e-05, 'clf__early_stopping': False, 'clf__hidden_layer_sizes': (128, 64, 32), 'clf__learning_rate_init': 0.0005}",0.8042580339898077,0.7592102029017275,0.7753988676132357,0.7812782354504385,0.8321019858034964,0.7904494651517411,0.025346133813367935,156,1.0,1.0,1.0,1.0,1.0,1.0,0.0
2.862971639633179,0.1598451592449074,0.007348012924194336,0.00035055199906453515,relu,1e-05,False,"(128, 64, 32)",0.001,"{'clf__activation': 'relu', 'clf__alpha': 1e-05, 'clf__early_stopping': False, 'clf__hidden_layer_sizes': (128, 64, 32), 'clf__learning_rate_init': 0.001}",0.7897598076588688,0.7666019804515566,0.7824767768519134,0.792027336619918,0.8353115365542076,0.7932354876272929,0.02284306212147537,93,1.0,1.0,1.0,1.0,1.0,1.0,0.0
1.4792251110076904,0.20701020718007646,0.007516050338745117,0.000224052918148777,relu,1e-05,False,"(128, 64, 32)",0.005,"{'clf__activation': 'relu', 'clf__alpha': 1e-05, 'clf__early_stopping': False, 'clf__hidden_layer_sizes': (128, 64, 32), 'clf__learning_rate_init': 0.005}",0.8164683115626512,0.752807209840458,0.7547750868240726,0.780368516833485,0.8176913379165947,0.7844220925954524,0.028385489509995348,289,1.0,0.9831237613120026,1.0,0.9851245847109891,0.996444369452107,0.9929385430950198,0.007340395803544143
1.4811388015747071,0.33032682493439747,0.007491016387939453,0.00016838986923403305,relu,1e-05,False,"(128, 64, 32)",0.01,"{'clf__activation': 'relu', 'clf__alpha': 1e-05, 'clf__early_stopping': False, 'clf__hidden_layer_sizes': (128, 64, 32), 'clf__learning_rate_init': 0.01}",0.7958067938441639,0.7567297365082176,0.7523946668446042,0.7698906485671192,0.8338854664981218,0.7817414624524454,0.03014661951853501,334,0.9981581327810707,0.980188566814665,0.9630057443843003,1.0,0.9926686253474638,0.9868042138655,0.01376637573239536
0.9571978092193604,0.36515654287746774,0.005424880981445312,0.00016059678692642628,relu,0.0001,True,"(32,)",0.0001,"{'clf__activation': 'relu', 'clf__alpha': 0.0001, 'clf__early_stopping': True, 'clf__hidden_layer_sizes': (32,), 'clf__learning_rate_init': 0.0001}",0.6077057044797994,0.6532866519041635,0.741493896324368,0.6999626709657644,0.6774088982905808,0.6759715643929353,0.04482331533779744,966,0.6496027606495218,0.7516401240932394,0.8050067086956827,0.8455490248116316,0.7023955435002459,0.7508388323500642,0.07000045128469291
0.5853572368621827,0.1598217421349544,0.00536813735961914,0.00024418940280370496,relu,0.0001,True,"(32,)",0.0005,"{'clf__activation': 'relu', 'clf__alpha': 0.0001, 'clf__early_stopping': True, 'clf__hidden_layer_sizes': (32,), 'clf__learning_rate_init': 0.0005}",0.800754818083304,0.7236456204346113,0.796244152018887,0.740966281882901,0.8001254606759194,0.7723472666191246,0.0331852217746181,493,0.8454111504488778,0.8293285125116152,0.9269650460306427,0.8800824821623721,0.866328264226566,0.8696230910760148,0.033520816441424475
0.38533782958984375,0.054482169539820664,0.005227994918823242,9.021179349958175e-05,relu,0.0001,True,"(32,)",0.001,"{'clf__activation': 'relu', 'clf__alpha': 0.0001, 'clf__early_stopping': True, 'clf__hidden_layer_sizes': (32,), 'clf__learning_rate_init': 0.001}",0.8131657877147193,0.7513350778290454,0.7639030539973936,0.749763527611629,0.7968089855961845,0.7749952865497944,0.025504154109037405,446,0.8750241173716043,0.8697295074740975,0.8993409227411885,0.9059771191733379,0.8354724645694105,0.8771088262659278,0.024980117779554473
0.2485358238220215,0.05294887886122909,0.005359125137329101,0.00014606304409289452,relu,0.0001,True,"(32,)",0.005,"{'clf__activation': 'relu', 'clf__alpha': 0.0001, 'clf__early_stopping': True, 'clf__hidden_layer_sizes': (32,), 'clf__learning_rate_init': 0.005}",0.8188775580055682,0.732666506968416,0.801049716002906,0.752505937194715,0.8157799633683337,0.7841759363079877,0.03505410581027202,293,0.8886860570029591,0.8205331449658991,0.9638315918508605,0.9134908456411285,0.8756400926958197,0.8924363464313334,0.0469187003162128
0.2821931838989258,0.04883112716851835,0.005280351638793946,8.505852717719718e-05,relu,0.0001,True,"(32,)",0.01,"{'clf__activation': 'relu', 'clf__alpha': 0.0001, 'clf__early_stopping': True, 'clf__hidden_layer_sizes': (32,), 'clf__learning_rate_init': 0.01}",0.802424237110811,0.7676829826309884,0.7639586322333812,0.7676886796674013,0.8368280396076211,0.7877165142500406,0.028267127692130776,223,0.9633059778230161,0.8987390223802025,0.9696058222540875,0.979495788468676,0.930286413902193,0.948286604965635,0.029776076101892417
0.9924837112426758,0.20152459237204443,0.00571589469909668,0.00034997302022568284,relu,0.0001,True,"(64,)",0.0001,"{'clf__activation': 'relu', 'clf__alpha': 0.0001, 'clf__early_stopping': True, 'clf__hidden_layer_sizes': (64,), 'clf__learning_rate_init': 0.0001}",0.5637050240806063,0.6902941733476422,0.7026156442326782,0.6506037357804496,0.6987681070127878,0.6611973368908328,0.052135669716591594,971,0.644866749822432,0.7984663867854455,0.7400489117263506,0.7523447622640388,0.7542766589036953,0.7380006939003925,0.050606098616389095
0.5451872825622559,0.17636337923949338,0.00550227165222168,0.00015784148340920425,relu,0.0001,True,"(64,)",0.0005,"{'clf__activation': 'relu', 'clf__alpha': 0.0001, 'clf__early_stopping': True, 'clf__hidden_layer_sizes': (64,), 'clf__learning_rate_init': 0.0005}",0.6572717262754374,0.7482583204301702,0.7483961559908622,0.7378593890386344,0.7363970346473567,0.7256365252764921,0.03455048222283572,932,0.7475047384252332,0.9090272110746911,0.8300959824489236,0.8587808163040137,0.8180597495440172,0.8326936995593757,0.052887432092434856
0.386335563659668,0.05112634716419576,0.005778217315673828,0.00010788345599940814,relu,0.0001,True,"(64,)",0.001,"{'clf__activation': 'relu', 'clf__alpha': 0.0001, 'clf__early_stopping': True, 'clf__hidden_layer_sizes': (64,), 'clf__learning_rate_init': 0.001}",0.7425077035207983,0.7525753273535293,0.7703080891398917,0.7005951251524296,0.7698475437605872,0.7471667577854472,0.02557270281696785,870,0.8600768841816557,0.8872016219075042,0.8516010788130983,0.7978823313112304,0.8486095814291932,0.8490742995285364,0.02898954213941713
0.33639326095581057,0.0775098817470366,0.0054743289947509766,0.00016984039959652014,relu,0.0001,True,"(64,)",0.005,"{'clf__activation': 'relu', 'clf__alpha': 0.0001, 'clf__early_stopping': True, 'clf__hidden_layer_sizes': (64,), 'clf__learning_rate_init': 0.005}",0.7776200545429077,0.7850534301954988,0.7736242066580639,0.7318453687548558,0.8267172731019263,0.7789720666506506,0.030225621315171834,372,0.9528370612471344,0.9339596310168411,0.8700044921730136,0.8826223586080073,0.968343434316107,0.9215533954722208,0.03871641828059835
0.33170514106750487,0.0619472302654092,0.005871486663818359,0.00023852648200673197,relu,0.0001,True,"(64,)",0.01,"{'clf__activation': 'relu', 'clf__alpha': 0.0001, 'clf__early_stopping': True, 'clf__hidden_layer_sizes': (64,), 'clf__learning_rate_init': 0.01}",0.769017042224972,0.7906377173536315,0.7656439836634287,0.7599686780916555,0.8247699044704274,0.7820074651608231,0.023771117848628967,327,0.9666106442907842,0.9234366654364207,0.8991229104815764,0.9341008116509986,0.9664946859814496,0.9379531435682459,0.02595853459309471
1.5461185932159425,0.2533863511549999,0.006922626495361328,0.00019915568442117776,relu,0.0001,True,"(128,)",0.0001,"{'clf__activation': 'relu', 'clf__alpha': 0.0001, 'clf__early_stopping': True, 'clf__hidden_layer_sizes': (128,), 'clf__learning_rate_init': 0.0001}",0.7205681156730157,0.7128989960638089,0.7089193284177042,0.6994527378786929,0.7726498799771597,0.7228978116020762,0.025790469468079915,935,0.7753363903104353,0.8448404848105628,0.7913721447202536,0.834421009579527,0.804052465827513,0.8100044990496583,0.026054485146621988
0.868511438369751,0.19259171247005985,0.00690007209777832,0.00011326212553925267,relu,0.0001,True,"(128,)",0.0005,"{'clf__activation': 'relu', 'clf__alpha': 0.0001, 'clf__early_stopping': True, 'clf__hidden_layer_sizes': (128,), 'clf__learning_rate_init': 0.0005}",0.7968449123386212,0.7587197899365822,0.7621685905989624,0.7260344057083397,0.8188804562212258,0.7725296309607461,0.032247482843087066,490,0.8475247195350096,0.9001632497078077,0.9405315293431632,0.8926940715276868,0.8592363344014222,0.8880299809030179,0.032848539752040266
0.6632741928100586,0.14272241791531068,0.006820774078369141,0.0002506439356150097,relu,0.0001,True,"(128,)",0.001,"{'clf__activation': 'relu', 'clf__alpha': 0.0001, 'clf__early_stopping': True, 'clf__hidden_layer_sizes': (128,), 'clf__learning_rate_init': 0.001}",0.8068847325957942,0.7483810606221543,0.7635600605988395,0.7296367250331104,0.8210723234492412,0.773906980459828,0.034729205475985465,464,0.9356231165922997,0.8841875811712443,0.9399942714196895,0.8907383921529246,0.8374071966848713,0.897590111604206,0.03766478293503053
0.5758861064910888,0.10350966262170909,0.006921625137329102,0.0002793799286533507,relu,0.0001,True,"(128,)",0.005,"{'clf__activation': 'relu', 'clf__alpha': 0.0001, 'clf__early_stopping': True, 'clf__hidden_layer_sizes': (128,), 'clf__learning_rate_init': 0.005}",0.8133281338137612,0.7778655134819519,0.7410035960385238,0.781923489241266,0.8234500608287016,0.787514158680841,0.02913875341055342,225,0.9494582387594435,0.9083576757755407,0.9708423755646765,0.969928283430946,0.9437461331708539,0.9484665413402921,0.02277398140313381
0.5854918479919433,0.08712356213821085,0.007052373886108398,0.00033243958163517787,relu,0.0001,True,"(128,)",0.01,"{'clf__activation': 'relu', 'clf__alpha': 0.0001, 'clf__early_stopping': True, 'clf__hidden_layer_sizes': (128,), 'clf__learning_rate_init': 0.01}",0.7972504016117723,0.7697790532741988,0.7594094751808196,0.7732220945826623,0.7994379668815861,0.7798197983062078,0.015809022836040007,357,0.9693010800269047,0.9479375693319804,0.9319150399563543,0.9161340984359401,0.9785469663008719,0.9487669508104103,0.023056789075912562
2.338589334487915,0.44241308380842487,0.007877111434936523,0.0002871561509270108,relu,0.0001,True,"(256,)",0.0001,"{'clf__activation': 'relu', 'clf__alpha': 0.0001, 'clf__early_stopping': True, 'clf__hidden_layer_sizes': (256,), 'clf__learning_rate_init': 0.0001}",0.7722804718217562,0.7649303281797756,0.7384489899061633,0.704233611491676,0.7497651852373692,0.745931717327348,0.023935842554162964,876,0.852248991112061,0.8761256422454371,0.8494077584549143,0.8333621539339922,0.8087009844041184,0.8439691060301046,0.022309307897516055
1.3373761177062988,0.5028579759326814,0.008511114120483398,0.000505680678169403,relu,0.0001,True,"(256,)",0.0005,"{'clf__activation': 'relu', 'clf__alpha': 0.0001, 'clf__early_stopping': True, 'clf__hidden_layer_sizes': (256,), 'clf__learning_rate_init': 0.0005}",0.7870052291717067,0.7730344942287054,0.7866812940782868,0.7186196623634559,0.8224120687859608,0.7775505497256232,0.03370033112836319,402,0.8312701819883906,0.9340248891927337,0.9585570224610138,0.8170026223444229,0.8693374310744473,0.8820384294122017,0.05572445349916118
1.3755404949188232,0.30357833698544023,0.008086013793945312,0.0004590152082714159,relu,0.0001,True,"(256,)",0.001,"{'clf__activation': 'relu', 'clf__alpha': 0.0001, 'clf__early_stopping': True, 'clf__hidden_layer_sizes': (256,), 'clf__learning_rate_init': 0.001}",0.8094175774121033,0.7708166830212514,0.7470795446794198,0.7969878712991976,0.8291050808917768,0.7906813514607499,0.028854545380474512,155,0.9733074612376679,0.9476577072539325,0.9133191384905286,0.9541035667643256,0.9484022992711638,0.9473580346035236,0.01938402273914268
1.1256275653839112,0.08541313641887024,0.008353900909423829,0.00042518787316948566,relu,0.0001,True,"(256,)",0.005,"{'clf__activation': 'relu', 'clf__alpha': 0.0001, 'clf__early_stopping': True, 'clf__hidden_layer_sizes': (256,), 'clf__learning_rate_init': 0.005}",0.7903387531902961,0.7446726731839319,0.7736156172641226,0.7949256130902135,0.8428724367640019,0.7892850186985132,0.03206346690556335,185,0.9746621905355202,0.965874240406545,0.971794495382012,0.9834167891133813,0.9782664630660924,0.9748028357007102,0.005915853520574648
0.8402990818023681,0.2170712598182533,0.008367061614990234,0.0003511787349108779,relu,0.0001,True,"(256,)",0.01,"{'clf__activation': 'relu', 'clf__alpha': 0.0001, 'clf__early_stopping': True, 'clf__hidden_layer_sizes': (256,), 'clf__learning_rate_init': 0.01}",0.7495727817209457,0.7590225913553988,0.7561292214918592,0.7138761993564674,0.8397559364594434,0.763671346076823,0.04134171165107889,688,0.8756492561627769,0.8828982927748714,0.9469218159102984,0.7897666216022781,0.9801012031146522,0.8950674379129755,0.0656247415742544
1.096339464187622,0.25594294497952996,0.0055258750915527345,0.00022328810181930793,relu,0.0001,True,"(32, 16)",0.0001,"{'clf__activation': 'relu', 'clf__alpha': 0.0001, 'clf__early_stopping': True, 'clf__hidden_layer_sizes': (32, 16), 'clf__learning_rate_init': 0.0001}",0.634416762489763,0.6498501064868969,0.6408429223829886,0.6096066669640564,0.5542840722495894,0.6178001061146589,0.03445491598477065,992,0.664166282389113,0.7726129792750126,0.7188621751891834,0.7046563499023839,0.6274652845039589,0.6975526142519304,0.049326463062707895
0.7119844436645508,0.05842790267001288,0.0055520057678222655,0.0003596776520775495,relu,0.0001,True,"(32, 16)",0.0005,"{'clf__activation': 'relu', 'clf__alpha': 0.0001, 'clf__early_stopping': True, 'clf__hidden_layer_sizes': (32, 16), 'clf__learning_rate_init': 0.0005}",0.7538682775616556,0.7222137811291425,0.7473930706409335,0.741688126010717,0.793776945955845,0.7517880402596587,0.023508961770781215,842,0.8479801800821755,0.8609167461916667,0.882495173075053,0.8883268095353795,0.8513650345359622,0.8662167886840473,0.016340610548089985
0.48171195983886717,0.08190946950438485,0.005262136459350586,0.000284668468730804,relu,0.0001,True,"(32, 16)",0.001,"{'clf__activation': 'relu', 'clf__alpha': 0.0001, 'clf__early_stopping': True, 'clf__hidden_layer_sizes': (32, 16), 'clf__learning_rate_init': 0.001}",0.8002538557333078,0.7722343232628546,0.7323051201156792,0.7186934858790128,0.770928741274369,0.7588831052530446,0.029517744372480306,780,0.8713363097555418,0.9401787809141502,0.8671109118565278,0.8774209425444524,0.829259915364964,0.8770613720871271,0.03577905490706388
0.2886998653411865,0.05214801708085179,0.005225467681884766,0.00015749559591527625,relu,0.0001,True,"(32, 16)",0.005,"{'clf__activation': 'relu', 'clf__alpha': 0.0001, 'clf__early_stopping': True, 'clf__hidden_layer_sizes': (32, 16), 'clf__learning_rate_init': 0.005}",0.796086849254418,0.7572509283035599,0.7609400637325697,0.733314887686506,0.8207273942010297,0.7736640246356167,0.030909822333821,470,0.911453555985545,0.9453589446752583,0.9502971683981332,0.8294217360139498,0.8666582568787722,0.9006379323903317,0.046495916699449406
0.2783332347869873,0.022933650486318867,0.005442047119140625,0.00012653128941441717,relu,0.0001,True,"(32, 16)",0.01,"{'clf__activation': 'relu', 'clf__alpha': 0.0001, 'clf__early_stopping': True, 'clf__hidden_layer_sizes': (32, 16), 'clf__learning_rate_init': 0.01}",0.7994643635545635,0.7691364064425886,0.7432861635220126,0.7542284297863487,0.8057120357344274,0.7743654798079882,0.02454110195737727,457,0.9218501165220342,0.9652841239449931,0.8638690717190269,0.9193072791950386,0.9465203514149332,0.9233661885592053,0.03421084242312339
1.5974021911621095,0.4817907838416841,0.005955743789672852,0.00025203112407192277,relu,0.0001,True,"(64, 32)",0.0001,"{'clf__activation': 'relu', 'clf__alpha': 0.0001, 'clf__early_stopping': True, 'clf__hidden_layer_sizes': (64, 32), 'clf__learning_rate_init': 0.0001}",0.7523125398125398,0.7232525411693443,0.7008939069902185,0.6761504465099326,0.6622842133711699,0.7029787295706411,0.03232645720028639,952,0.8465324247323791,0.8615508642620778,0.7564272205918222,0.8249977205830241,0.7267888440411284,0.8032594148420863,0.052505243574054734
1.1157699584960938,0.2039240193959332,0.005526876449584961,0.00017511214737700537,relu,0.0001,True,"(64, 32)",0.0005,"{'clf__activation': 'relu', 'clf__alpha': 0.0001, 'clf__early_stopping': True, 'clf__hidden_layer_sizes': (64, 32), 'clf__learning_rate_init': 0.0005}",0.7887960068035582,0.776515155584923,0.7821651441395258,0.7422476529354192,0.8094940818977135,0.779843608272228,0.021859643224176738,356,0.9274575497810599,0.9419601570257727,0.9680835108172936,0.9271527045335733,0.9347173591096595,0.9398742562534718,0.015117665765681777
0.8717564105987549,0.14735381916258397,0.005825567245483399,0.00017010549261452674,relu,0.0001,True,"(64, 32)",0.001,"{'clf__activation': 'relu', 'clf__alpha': 0.0001, 'clf__early_stopping': True, 'clf__hidden_layer_sizes': (64, 32), 'clf__learning_rate_init': 0.001}",0.7979439140866198,0.7973354736669436,0.7922122945734812,0.7379333402126926,0.8180450091429233,0.7886940063365321,0.026872814122092404,200,0.9494865646137726,0.9692871944217206,0.9604014761539164,0.9781197011282341,0.9328320633413376,0.9580253999317963,0.01577257500263194
0.47629213333129883,0.09845773320566586,0.005794620513916016,0.00017995063611594284,relu,0.0001,True,"(64, 32)",0.005,"{'clf__activation': 'relu', 'clf__alpha': 0.0001, 'clf__early_stopping': True, 'clf__hidden_layer_sizes': (64, 32), 'clf__learning_rate_init': 0.005}",0.8137971698113208,0.7802314327092011,0.7677928977071372,0.7803903070662228,0.8172254956623362,0.7918874605912436,0.019852691833165886,118,0.98359566995112,0.960392813928453,0.9843978815445618,0.9723830956685822,0.9226653604267031,0.964686964303884,0.022757613080298524
0.4599279880523682,0.1091782446776826,0.005707359313964844,0.0003041888311477814,relu,0.0001,True,"(64, 32)",0.01,"{'clf__activation': 'relu', 'clf__alpha': 0.0001, 'clf__early_stopping': True, 'clf__hidden_layer_sizes': (64, 32), 'clf__learning_rate_init': 0.01}",0.7913663732501987,0.7888822505843782,0.7798957621326043,0.7415408438735105,0.8322581358302615,0.7867886731341908,0.02894024435847379,241,0.9824963551676051,0.9623097614729685,0.964009372634812,0.9676860363646053,0.9308627095248148,0.9614728470329611,0.01688020451377688
2.071628046035767,0.5262892683299377,0.0072214603424072266,0.0002441924010449545,relu,0.0001,True,"(128, 64)",0.0001,"{'clf__activation': 'relu', 'clf__alpha': 0.0001, 'clf__early_stopping': True, 'clf__hidden_layer_sizes': (128, 64), 'clf__learning_rate_init': 0.0001}",0.8089784781742013,0.6806133590701822,0.7008195592930266,0.7283310473904533,0.7708206495440538,0.7379126186943834,0.04665662138623967,901,0.8991226204885358,0.8270457485287093,0.8234765380868314,0.84244641137611,0.8492542229420466,0.8482691082844467,0.027151635273005355
1.0693855285644531,0.15546993239414733,0.007239246368408203,0.00046102599617028233,relu,0.0001,True,"(128, 64)",0.0005,"{'clf__activation': 'relu', 'clf__alpha': 0.0001, 'clf__early_stopping': True, 'clf__hidden_layer_sizes': (128, 64), 'clf__learning_rate_init': 0.0005}",0.8284580039436313,0.7452139116343953,0.7738315272747147,0.7485664189210093,0.8241226026776486,0.7840384928902799,0.035915531760279305,297,0.9348732350613873,0.9205837903648724,0.9433002499903292,0.9047358093896534,0.9058532513168074,0.9218692672246099,0.015363012696099928
1.0000035762786865,0.23668275873258043,0.007542037963867187,0.00024027079184381085,relu,0.0001,True,"(128, 64)",0.001,"{'clf__activation': 'relu', 'clf__alpha': 0.0001, 'clf__early_stopping': True, 'clf__hidden_layer_sizes': (128, 64), 'clf__learning_rate_init': 0.001}",0.8208575906851769,0.7517466273192378,0.7875012822880122,0.7186370836133711,0.8240880028670727,0.7805661173545742,0.0405744305699627,344,0.9698743704975377,0.9584406054055615,0.9730006181028469,0.8329217621884561,0.9603864426180406,0.9389247597624886,0.05328630233581629
0.7515960216522217,0.22962916839319358,0.007324361801147461,0.00039925178601946055,relu,0.0001,True,"(128, 64)",0.005,"{'clf__activation': 'relu', 'clf__alpha': 0.0001, 'clf__early_stopping': True, 'clf__hidden_layer_sizes': (128, 64), 'clf__learning_rate_init': 0.005}",0.8249172936554041,0.7738750525217614,0.7864466508334432,0.7918802927890256,0.8022902225488432,0.7958819024696955,0.017166588511702923,59,0.9506042559017087,0.9359644583381852,0.9828821545203612,0.9547180648072828,0.9473800661703887,0.9543097999475855,0.01558749467805798
0.7102273464202881,0.23349962438102492,0.0072571754455566405,0.0002736411120885185,relu,0.0001,True,"(128, 64)",0.01,"{'clf__activation': 'relu', 'clf__alpha': 0.0001, 'clf__early_stopping': True, 'clf__hidden_layer_sizes': (128, 64), 'clf__learning_rate_init': 0.01}",0.8233631770465196,0.764767155234758,0.776322908505404,0.7459466850961449,0.834141156462585,0.7889082164690823,0.03411755313857217,194,0.87472320671239,0.9451984721363873,0.9805292537349118,0.8289853016070485,0.9853169627446255,0.9229506393870727,0.06140877974345785
3.297165107727051,1.0483045630554737,0.00958395004272461,0.00021431308020850379,relu,0.0001,True,"(256, 128)",0.0001,"{'clf__activation': 'relu', 'clf__alpha': 0.0001, 'clf__early_stopping': True, 'clf__hidden_layer_sizes': (256, 128), 'clf__learning_rate_init': 0.0001}",0.7491873878590276,0.7090919575932422,0.705540686396056,0.7432889424565147,0.7820135191446954,0.7378244986899072,0.028211516722069306,903,0.8192049908960666,0.8167839921466195,0.859917220289992,0.9249171535449279,0.9122738552874615,0.8666194424330135,0.045298058756251716
1.7594067096710204,0.5413851307005592,0.00975937843322754,0.0005455515036830933,relu,0.0001,True,"(256, 128)",0.0005,"{'clf__activation': 'relu', 'clf__alpha': 0.0001, 'clf__early_stopping': True, 'clf__hidden_layer_sizes': (256, 128), 'clf__learning_rate_init': 0.0005}",0.7966918907640996,0.7220552589527438,0.7222559645456841,0.7492288746025082,0.7941850800892476,0.7568834137908567,0.033005398735377396,807,0.9107890339120137,0.8820905248391603,0.8728758576658748,0.9287083166869811,0.9690454501383019,0.9127018366484663,0.03451848783255811
1.6863958835601807,0.45151427883347744,0.009639978408813477,0.0002418489204047995,relu,0.0001,True,"(256, 128)",0.001,"{'clf__activation': 'relu', 'clf__alpha': 0.0001, 'clf__early_stopping': True, 'clf__hidden_layer_sizes': (256, 128), 'clf__learning_rate_init': 0.001}",0.8056694911954234,0.7683834856732054,0.7571272300283123,0.7673085071788251,0.8264863044322187,0.7849950037015969,0.026511619978470936,279,0.9132643304793899,0.9590336244580642,0.9252370347744523,0.9802059165403684,0.9635852363399552,0.9482652285184459,0.025004915967579547
1.1921986579895019,0.16758570028063186,0.009504938125610351,0.0003139933981979136,relu,0.0001,True,"(256, 128)",0.005,"{'clf__activation': 'relu', 'clf__alpha': 0.0001, 'clf__early_stopping': True, 'clf__hidden_layer_sizes': (256, 128), 'clf__learning_rate_init': 0.005}",0.8252110629739416,0.790127522343729,0.7828947368421053,0.7986122879425607,0.8431261400949968,0.8079943500394666,0.022662281793899293,2,0.9006205376887028,0.9421116607117178,0.9365597341650844,0.9797879429520013,0.9591313313121049,0.9436422413659222,0.026267071489567476
1.5517675399780273,0.2754764275994175,0.009580135345458984,0.0004566263185958217,relu,0.0001,True,"(256, 128)",0.01,"{'clf__activation': 'relu', 'clf__alpha': 0.0001, 'clf__early_stopping': True, 'clf__hidden_layer_sizes': (256, 128), 'clf__learning_rate_init': 0.01}",0.8115694955415601,0.7814013207980787,0.7644620826697156,0.7660595600793318,0.8545885541576358,0.7956162026492644,0.03399553786685637,63,0.9309207554329089,0.9109605465405788,0.9798782274610616,0.9630954418158851,0.9663110625833524,0.9502332067667574,0.025369566050080915
1.1905828952789306,0.697406605227706,0.0058437824249267575,0.00022426319193488112,relu,0.0001,True,"(64, 32, 16)",0.0001,"{'clf__activation': 'relu', 'clf__alpha': 0.0001, 'clf__early_stopping': True, 'clf__hidden_layer_sizes': (64, 32, 16), 'clf__learning_rate_init': 0.0001}",0.7278400802694382,0.7074480648649446,0.7103186079108763,0.26325757575757575,0.2687156904144296,0.5355160038434528,0.22018728086725464,998,0.7981784664672482,0.8206424368307046,0.8161663248841374,0.27143934855443874,0.2710265947280987,0.5954906342929255,0.264862077570549
0.9316461563110352,0.07915009117604484,0.005947303771972656,0.0002259091914470276,relu,0.0001,True,"(64, 32, 16)",0.0005,"{'clf__activation': 'relu', 'clf__alpha': 0.0001, 'clf__early_stopping': True, 'clf__hidden_layer_sizes': (64, 32, 16), 'clf__learning_rate_init': 0.0005}",0.7452637011042919,0.747397561588738,0.7553916932434227,0.7175204045513368,0.8337932465333882,0.7598733214042355,0.0391077881663036,760,0.86226993565931,0.9035776441815416,0.920720611123351,0.8679014802598355,0.8908953678522546,0.8890730078152587,0.021826197668838018
0.7771092891693115,0.14879259250084384,0.005868148803710937,0.000257610382165029,relu,0.0001,True,"(64, 32, 16)",0.001,"{'clf__activation': 'relu', 'clf__alpha': 0.0001, 'clf__early_stopping': True, 'clf__hidden_layer_sizes': (64, 32, 16), 'clf__learning_rate_init': 0.001}",0.8028380416743421,0.7594967627020743,0.7599783803304929,0.7687777490787067,0.8236537301131766,0.7829489327797585,0.025810579951799945,320,0.9323658809473707,0.9747630006179592,0.9428061195326308,0.9026745816397246,0.8979680987856087,0.9301155363046588,0.028092613816619857
0.4880691051483154,0.09360154258142035,0.005664396286010742,0.00023194917082239294,relu,0.0001,True,"(64, 32, 16)",0.005,"{'clf__activation': 'relu', 'clf__alpha': 0.0001, 'clf__early_stopping': True, 'clf__hidden_layer_sizes': (64, 32, 16), 'clf__learning_rate_init': 0.005}",0.7924130755194809,0.7873112789090383,0.7719761285818497,0.7695923834679795,0.8651821748408668,0.797295008263843,0.035044704575552296,39,0.9646021741331569,0.9796764894674108,0.8970102809778638,0.9753462632213481,0.9247803662857954,0.9482831148171151,0.03214203586855623
0.48326930999755857,0.09315256396479199,0.005929279327392578,0.00030287311237626064,relu,0.0001,True,"(64, 32, 16)",0.01,"{'clf__activation': 'relu', 'clf__alpha': 0.0001, 'clf__early_stopping': True, 'clf__hidden_layer_sizes': (64, 32, 16), 'clf__learning_rate_init': 0.01}",0.778491087591379,0.7624806798751625,0.7198587840223469,0.7592549923195084,0.8445175002536613,0.7729206088124118,0.04066557152745911,480,0.8855900680315251,0.9674919601952471,0.905260441871476,0.964258050181807,0.9565432985211607,0.9358287637602432,0.03375862300775971
2.394952154159546,0.6370619053155672,0.0068358898162841795,0.0005868472779315202,relu,0.0001,True,"(128, 64, 32)",0.0001,"{'clf__activation': 'relu', 'clf__alpha': 0.0001, 'clf__early_stopping': True, 'clf__hidden_layer_sizes': (128, 64, 32), 'clf__learning_rate_init': 0.0001}",0.7410936205468103,0.6885851680371445,0.6938369487202981,0.7463774484904735,0.7844417094535575,0.7308669790496568,0.03570542055522517,923,0.8848415333751002,0.8013964047609523,0.7848094439078851,0.8856304385790634,0.9159211846882346,0.8545198010622471,0.051650824306130626
1.3498289108276367,0.23560270421301951,0.006841468811035156,0.00022610803522686335,relu,0.0001,True,"(128, 64, 32)",0.0005,"{'clf__activation': 'relu', 'clf__alpha': 0.0001, 'clf__early_stopping': True, 'clf__hidden_layer_sizes': (128, 64, 32), 'clf__learning_rate_init': 0.0005}",0.7699860034453058,0.7655844539745258,0.774411223614182,0.7809397692726381,0.8013422767647579,0.7784527454142819,0.012519812105018674,380,0.9566653720041822,0.9832334419239663,0.9747540474277474,0.939392479854031,0.9407064315973351,0.9589503545614525,0.017663506863284748
1.014650583267212,0.1447715494725266,0.006961250305175781,0.00017108725862485284,relu,0.0001,True,"(128, 64, 32)",0.001,"{'clf__activation': 'relu', 'clf__alpha': 0.0001, 'clf__early_stopping': True, 'clf__hidden_layer_sizes': (128, 64, 32), 'clf__learning_rate_init': 0.001}",0.8044062717667125,0.773969958934462,0.7856069663637812,0.7861413057861284,0.800909535362966,0.7902068076428101,0.011113012761393856,161,0.9832469564330946,0.9389073678550722,0.9615327367153397,0.954154687173941,0.9651464779978939,0.9605976452350682,0.014467462906289296
0.6694022655487061,0.0340196356245492,0.006812095642089844,0.00021757933749701848,relu,0.0001,True,"(128, 64, 32)",0.005,"{'clf__activation': 'relu', 'clf__alpha': 0.0001, 'clf__early_stopping': True, 'clf__hidden_layer_sizes': (128, 64, 32), 'clf__learning_rate_init': 0.005}",0.813101475260964,0.7709454962363075,0.7775373892343931,0.7685590721795965,0.8257943525908199,0.7911875571004161,0.02360494246496046,137,0.9519146194771698,0.9293293581238676,0.9400074846236846,0.9426772158240413,0.9495057007456968,0.942686875758892,0.007965552534139065
0.8258922576904297,0.10014542512628502,0.007047319412231445,0.00018396218122678298,relu,0.0001,True,"(128, 64, 32)",0.01,"{'clf__activation': 'relu', 'clf__alpha': 0.0001, 'clf__early_stopping': True, 'clf__hidden_layer_sizes': (128, 64, 32), 'clf__learning_rate_init': 0.01}",0.7969184736078943,0.763591458696914,0.7751083052452915,0.7597967899011064,0.8333865552592241,0.785760316542086,0.027099045746706317,266,0.9414208192599087,0.953890322587076,0.9512174952400357,0.9768346592017889,0.9693385671286141,0.9585403726834848,0.012803191257356013
12.284364080429077,0.5010872005129817,0.005559015274047852,0.00023551302461895433,relu,0.0001,False,"(32,)",0.0001,"{'clf__activation': 'relu', 'clf__alpha': 0.0001, 'clf__early_stopping': False, 'clf__hidden_layer_sizes': (32,), 'clf__learning_rate_init': 0.0001}",0.81572002690668,0.7787816422891487,0.7983854504304708,0.7796099142386093,0.8233777646483094,0.7991749597026436,0.01821437201800905,28,1.0,0.9985757940845588,1.0,1.0,0.9985736545607096,0.9994298897290538,0.0006982399582621885
4.546342229843139,0.2209041600736651,0.0055869102478027345,0.0001283898017013912,relu,0.0001,False,"(32,)",0.0005,"{'clf__activation': 'relu', 'clf__alpha': 0.0001, 'clf__early_stopping': False, 'clf__hidden_layer_sizes': (32,), 'clf__learning_rate_init': 0.0005}",0.7984476106124567,0.7659033933329707,0.7626824190300519,0.7794711437733793,0.8397719651240778,0.7892553063745873,0.028226198081744903,186,1.0,1.0,1.0,1.0,1.0,1.0,0.0
2.998805284500122,0.14304108749167488,0.00554051399230957,5.871037057172904e-05,relu,0.0001,False,"(32,)",0.001,"{'clf__activation': 'relu', 'clf__alpha': 0.0001, 'clf__early_stopping': False, 'clf__hidden_layer_sizes': (32,), 'clf__learning_rate_init': 0.001}",0.7973661149700717,0.7697093799157078,0.7770876083781635,0.7732346778282733,0.8298665556225648,0.7894528673429562,0.022367924734136162,180,1.0,1.0,1.0,1.0,1.0,1.0,0.0
1.2001220703125,0.05314001902876955,0.00561227798461914,0.00012392323473046403,relu,0.0001,False,"(32,)",0.005,"{'clf__activation': 'relu', 'clf__alpha': 0.0001, 'clf__early_stopping': False, 'clf__hidden_layer_sizes': (32,), 'clf__learning_rate_init': 0.005}",0.7995511955351937,0.754940472352196,0.7573709779208803,0.7708157554515506,0.8273144793258724,0.7819985761171386,0.02765986472261884,329,1.0,1.0,1.0,1.0,1.0,1.0,0.0
0.9014255046844483,0.051207275975732415,0.005422115325927734,8.527896302322565e-05,relu,0.0001,False,"(32,)",0.01,"{'clf__activation': 'relu', 'clf__alpha': 0.0001, 'clf__early_stopping': False, 'clf__hidden_layer_sizes': (32,), 'clf__learning_rate_init': 0.01}",0.798274838369178,0.7690586127605047,0.7691656222106624,0.7710285756784776,0.8224169162331478,0.7859889130503941,0.021313907448832756,260,1.0,1.0,1.0,1.0,1.0,1.0,0.0
13.367478466033935,0.6805116825441854,0.0057103633880615234,0.00014874621599087097,relu,0.0001,False,"(64,)",0.0001,"{'clf__activation': 'relu', 'clf__alpha': 0.0001, 'clf__early_stopping': False, 'clf__hidden_layer_sizes': (64,), 'clf__learning_rate_init': 0.0001}",0.7979765218113202,0.7683832735556874,0.7895848742074825,0.762290138377802,0.8497247144772173,0.7935919044859018,0.03098854353830011,84,1.0,1.0,1.0,1.0,0.9985736545607096,0.999714730912142,0.0005705381757161732
4.986632680892944,0.3277157564244868,0.006091976165771484,0.0002444316574772298,relu,0.0001,False,"(64,)",0.0005,"{'clf__activation': 'relu', 'clf__alpha': 0.0001, 'clf__early_stopping': False, 'clf__hidden_layer_sizes': (64,), 'clf__learning_rate_init': 0.0005}",0.7819679689848434,0.775079166641271,0.800518055818738,0.7689805489055724,0.8372805854221665,0.7927652651545183,0.024644723223657197,101,1.0,1.0,1.0,1.0,1.0,1.0,0.0
3.2617940425872805,0.13255540479294847,0.005790901184082031,0.00015898049768796817,relu,0.0001,False,"(64,)",0.001,"{'clf__activation': 'relu', 'clf__alpha': 0.0001, 'clf__early_stopping': False, 'clf__hidden_layer_sizes': (64,), 'clf__learning_rate_init': 0.001}",0.7975790156558519,0.7748795757406325,0.7889190290169374,0.7517197717522597,0.8285262371518579,0.788324725863508,0.02538838834183626,208,1.0,1.0,1.0,1.0,1.0,1.0,0.0
1.3589724063873292,0.05148519990049616,0.005775260925292969,7.943245496432164e-05,relu,0.0001,False,"(64,)",0.005,"{'clf__activation': 'relu', 'clf__alpha': 0.0001, 'clf__early_stopping': False, 'clf__hidden_layer_sizes': (64,), 'clf__learning_rate_init': 0.005}",0.7948347006831251,0.7562014934153323,0.7760258885919397,0.7560170945848694,0.8413993613633324,0.7848957077277197,0.031709469811720147,282,1.0,1.0,1.0,1.0,1.0,1.0,0.0
1.0880701541900635,0.07166770821116471,0.005746173858642578,0.00010985260156539775,relu,0.0001,False,"(64,)",0.01,"{'clf__activation': 'relu', 'clf__alpha': 0.0001, 'clf__early_stopping': False, 'clf__hidden_layer_sizes': (64,), 'clf__learning_rate_init': 0.01}",0.7824611728025984,0.7585899327758648,0.766523868237391,0.7686581997910055,0.8421858866026251,0.783683812041897,0.030245406415271063,301,1.0,1.0,1.0,1.0,1.0,1.0,0.0
19.193893718719483,0.5825444636396707,0.007345247268676758,0.0002147596109661499,relu,0.0001,False,"(128,)",0.0001,"{'clf__activation': 'relu', 'clf__alpha': 0.0001, 'clf__early_stopping': False, 'clf__hidden_layer_sizes': (128,), 'clf__learning_rate_init': 0.0001}",0.8101715394682126,0.7760619791763763,0.7621027621027621,0.7697713612317573,0.8425072987600606,0.7921229881478339,0.030076882043880863,112,1.0,1.0,1.0,1.0,1.0,1.0,0.0
7.166744995117187,0.193655147419182,0.007174110412597657,0.00014625199644080597,relu,0.0001,False,"(128,)",0.0005,"{'clf__activation': 'relu', 'clf__alpha': 0.0001, 'clf__early_stopping': False, 'clf__hidden_layer_sizes': (128,), 'clf__learning_rate_init': 0.0005}",0.805414107390529,0.7807706596366389,0.7562333718912666,0.76156730893573,0.8357991354721737,0.7879569166652676,0.029489212901040476,214,1.0,1.0,1.0,1.0,1.0,1.0,0.0
4.582459020614624,0.19999487742176808,0.007399320602416992,0.0001884389018816977,relu,0.0001,False,"(128,)",0.001,"{'clf__activation': 'relu', 'clf__alpha': 0.0001, 'clf__early_stopping': False, 'clf__hidden_layer_sizes': (128,), 'clf__learning_rate_init': 0.001}",0.8103183884497358,0.7640574703074704,0.7626039218752846,0.7736937941285768,0.8463640850083292,0.7914075319538794,0.032463190078607755,132,1.0,1.0,1.0,1.0,1.0,1.0,0.0
2.0151735305786134,0.025809303285431226,0.007073163986206055,0.0002549618900444367,relu,0.0001,False,"(128,)",0.005,"{'clf__activation': 'relu', 'clf__alpha': 0.0001, 'clf__early_stopping': False, 'clf__hidden_layer_sizes': (128,), 'clf__learning_rate_init': 0.005}",0.8289418132727993,0.8001510448644069,0.7635115092548648,0.7680224888829962,0.8345500462948393,0.7990353805139813,0.029599580366539216,29,1.0,1.0,1.0,1.0,1.0,1.0,0.0
1.6817259788513184,0.06848514130618101,0.007254552841186523,0.00017773732649024716,relu,0.0001,False,"(128,)",0.01,"{'clf__activation': 'relu', 'clf__alpha': 0.0001, 'clf__early_stopping': False, 'clf__hidden_layer_sizes': (128,), 'clf__learning_rate_init': 0.01}",0.8093788593019635,0.8083742712277147,0.761083170774762,0.7822468512093671,0.822328682964598,0.7966823670956811,0.02205140336497649,49,1.0,1.0,1.0,1.0,1.0,1.0,0.0
25.59495940208435,0.45528852394057384,0.008674240112304688,0.0003825050430954942,relu,0.0001,False,"(256,)",0.0001,"{'clf__activation': 'relu', 'clf__alpha': 0.0001, 'clf__early_stopping': False, 'clf__hidden_layer_sizes': (256,), 'clf__learning_rate_init': 0.0001}",0.785288411037057,0.7700368787749754,0.7601926592167322,0.7840832537753775,0.8269274680029282,0.7853057341614141,0.022793279554938588,276,1.0,1.0,1.0,1.0,1.0,1.0,0.0
9.972162055969239,0.20350769851103925,0.00843219757080078,0.00034653555780155736,relu,0.0001,False,"(256,)",0.0005,"{'clf__activation': 'relu', 'clf__alpha': 0.0001, 'clf__early_stopping': False, 'clf__hidden_layer_sizes': (256,), 'clf__learning_rate_init': 0.0005}",0.7928854161861425,0.7896345708463478,0.7585057538260906,0.7815832140948507,0.8326687754314057,0.7910555460769675,0.02402599634263787,141,1.0,1.0,1.0,1.0,1.0,1.0,0.0
6.40180287361145,0.16127926816776153,0.008206748962402343,0.00012747691850532484,relu,0.0001,False,"(256,)",0.001,"{'clf__activation': 'relu', 'clf__alpha': 0.0001, 'clf__early_stopping': False, 'clf__hidden_layer_sizes': (256,), 'clf__learning_rate_init': 0.001}",0.795400634501346,0.7887595290846066,0.761079996967633,0.7833370500159287,0.8328515201356019,0.7922857461410232,0.023330652369007197,109,1.0,1.0,1.0,1.0,1.0,1.0,0.0
3.467079925537109,0.2287775594525566,0.009032917022705079,0.00020280571048500283,relu,0.0001,False,"(256,)",0.005,"{'clf__activation': 'relu', 'clf__alpha': 0.0001, 'clf__early_stopping': False, 'clf__hidden_layer_sizes': (256,), 'clf__learning_rate_init': 0.005}",0.7928415547164955,0.7867895471453663,0.7610218209040749,0.7730104535665717,0.83069112667575,0.7888709006016518,0.0236480631568548,196,1.0,1.0,1.0,1.0,1.0,1.0,0.0
2.726551914215088,0.1106132147921715,0.008655786514282227,0.00034119806217913795,relu,0.0001,False,"(256,)",0.01,"{'clf__activation': 'relu', 'clf__alpha': 0.0001, 'clf__early_stopping': False, 'clf__hidden_layer_sizes': (256,), 'clf__learning_rate_init': 0.01}",0.8088203764966309,0.7833068574308768,0.7531972937460434,0.7981713884375703,0.8347024728535268,0.7956396777929295,0.027053638412303082,62,1.0,1.0,1.0,1.0,1.0,1.0,0.0
12.034709167480468,0.43520233330681535,0.006049489974975586,0.00013649246888750808,relu,0.0001,False,"(32, 16)",0.0001,"{'clf__activation': 'relu', 'clf__alpha': 0.0001, 'clf__early_stopping': False, 'clf__hidden_layer_sizes': (32, 16), 'clf__learning_rate_init': 0.0001}",0.7967680581826304,0.7421439296439296,0.7702275120855653,0.7829450018580453,0.8477518315018315,0.7879672666544003,0.034903720077213714,212,0.9989708544348852,0.998972207018184,1.0,0.9989691435742604,1.0,0.9993824410054659,0.0005042357423873494
4.201119518280029,0.20630520333161734,0.0059239864349365234,0.00010659459769950525,relu,0.0001,False,"(32, 16)",0.0005,"{'clf__activation': 'relu', 'clf__alpha': 0.0001, 'clf__early_stopping': False, 'clf__hidden_layer_sizes': (32, 16), 'clf__learning_rate_init': 0.0005}",0.8036061698243863,0.7542165453124356,0.7686284316690778,0.7825924934172357,0.846213406321223,0.7910514093088717,0.03203628666348517,142,1.0,1.0,1.0,1.0,1.0,1.0,0.0
2.6421914100646973,0.13196562037863374,0.005585575103759765,0.00013911544100750134,relu,0.0001,False,"(32, 16)",0.001,"{'clf__activation': 'relu', 'clf__alpha': 0.0001, 'clf__early_stopping': False, 'clf__hidden_layer_sizes': (32, 16), 'clf__learning_rate_init': 0.001}",0.794510325048597,0.7639699742825479,0.7743356052226434,0.7737922423726934,0.8208294049137596,0.7854875103680483,0.0202712078371556,270,1.0,1.0,1.0,1.0,1.0,1.0,0.0
1.0596705436706544,0.06805433238598732,0.005502462387084961,0.0001454361149501117,relu,0.0001,False,"(32, 16)",0.005,"{'clf__activation': 'relu', 'clf__alpha': 0.0001, 'clf__early_stopping': False, 'clf__hidden_layer_sizes': (32, 16), 'clf__learning_rate_init': 0.005}",0.7914754205981177,0.7319069563309195,0.806159040519771,0.7704393615597627,0.8186310873810874,0.7837223732779316,0.030474277460519592,299,1.0,1.0,1.0,1.0,1.0,1.0,0.0
0.7654931545257568,0.14153258393631743,0.010022258758544922,0.008912077057988061,relu,0.0001,False,"(32, 16)",0.01,"{'clf__activation': 'relu', 'clf__alpha': 0.0001, 'clf__early_stopping': False, 'clf__hidden_layer_sizes': (32, 16), 'clf__learning_rate_init': 0.01}",0.7881060826221422,0.751643428183333,0.7693781357778363,0.7361162827317271,0.8519311270354766,0.7794350112701031,0.040201739655830564,366,1.0,0.9805801387714075,1.0,1.0,1.0,0.9961160277542815,0.007767944491437006
12.467366170883178,0.42146239998487395,0.006070852279663086,9.977445800583544e-05,relu,0.0001,False,"(64, 32)",0.0001,"{'clf__activation': 'relu', 'clf__alpha': 0.0001, 'clf__early_stopping': False, 'clf__hidden_layer_sizes': (64, 32), 'clf__learning_rate_init': 0.0001}",0.7949684574684575,0.7829843382337468,0.7726498444471294,0.7443181014106828,0.8488345425356482,0.7887510568191329,0.03439614203977426,198,1.0,1.0,1.0,1.0,1.0,1.0,0.0
3.9135961055755617,0.3079031482283159,0.0059890270233154295,0.00023038792801519253,relu,0.0001,False,"(64, 32)",0.0005,"{'clf__activation': 'relu', 'clf__alpha': 0.0001, 'clf__early_stopping': False, 'clf__hidden_layer_sizes': (64, 32), 'clf__learning_rate_init': 0.0005}",0.7925151022860195,0.7777384586715216,0.7579150172896859,0.7617321665573883,0.8407243460764587,0.7861250181762147,0.02994351189333189,257,1.0,1.0,1.0,1.0,1.0,1.0,0.0
2.6205344676971434,0.06617949294541654,0.005951118469238281,0.00014937447426857254,relu,0.0001,False,"(64, 32)",0.001,"{'clf__activation': 'relu', 'clf__alpha': 0.0001, 'clf__early_stopping': False, 'clf__hidden_layer_sizes': (64, 32), 'clf__learning_rate_init': 0.001}",0.7863191597273638,0.7771707554123712,0.7624650609251741,0.7569504562730202,0.8377107060997315,0.7841232276875322,0.028747913053610716,296,1.0,1.0,1.0,1.0,1.0,1.0,0.0
1.1103053569793702,0.05130580127338041,0.006095409393310547,0.0002660861149781503,relu,0.0001,False,"(64, 32)",0.005,"{'clf__activation': 'relu', 'clf__alpha': 0.0001, 'clf__early_stopping': False, 'clf__hidden_layer_sizes': (64, 32), 'clf__learning_rate_init': 0.005}",0.7745504205434519,0.794519346310983,0.7693565141771632,0.775529583114368,0.8523108138897613,0.7932533356071454,0.030738825719162716,91,1.0,1.0,1.0,1.0,1.0,1.0,0.0
0.9745355129241944,0.2150998120139564,0.006088972091674805,0.00014889456920712021,relu,0.0001,False,"(64, 32)",0.01,"{'clf__activation': 'relu', 'clf__alpha': 0.0001, 'clf__early_stopping': False, 'clf__hidden_layer_sizes': (64, 32), 'clf__learning_rate_init': 0.01}",0.8147395059895061,0.749555260269546,0.7706383208914854,0.7422171926680337,0.8103125063332185,0.7774925572303579,0.030120785890316873,406,1.0,1.0,1.0,0.9805456986919778,1.0,0.9961091397383957,0.007781720523208868
14.484008312225342,0.687291349443232,0.007489252090454102,0.00025699113757691837,relu,0.0001,False,"(128, 64)",0.0001,"{'clf__activation': 'relu', 'clf__alpha': 0.0001, 'clf__early_stopping': False, 'clf__hidden_layer_sizes': (128, 64), 'clf__learning_rate_init': 0.0001}",0.8186177248677249,0.7861147848197463,0.7967641528064076,0.7920711974110033,0.8230489489170789,0.8033233617643922,0.01475659768716898,7,1.0,1.0,1.0,1.0,1.0,1.0,0.0
5.213310098648071,0.1831263133274544,0.007985544204711915,0.00021821338568242578,relu,0.0001,False,"(128, 64)",0.0005,"{'clf__activation': 'relu', 'clf__alpha': 0.0001, 'clf__early_stopping': False, 'clf__hidden_layer_sizes': (128, 64), 'clf__learning_rate_init': 0.0005}",0.8131372896404542,0.7762856256006941,0.7997355263321753,0.781450635745947,0.8240987694476066,0.7989415693533755,0.01818932711519851,31,1.0,1.0,1.0,1.0,1.0,1.0,0.0
3.3216599941253664,0.17572192423317937,0.007773256301879883,0.0001847737281541036,relu,0.0001,False,"(128, 64)",0.001,"{'clf__activation': 'relu', 'clf__alpha': 0.0001, 'clf__early_stopping': False, 'clf__hidden_layer_sizes': (128, 64), 'clf__learning_rate_init': 0.001}",0.820425133499406,0.7624532332432219,0.7828816070975407,0.7844781987292346,0.8275333324421908,0.7955543010023188,0.024577122126444504,64,1.0,1.0,1.0,1.0,1.0,1.0,0.0
1.6337717056274415,0.2117911373995795,0.007396554946899414,0.00014884673342853094,relu,0.0001,False,"(128, 64)",0.005,"{'clf__activation': 'relu', 'clf__alpha': 0.0001, 'clf__early_stopping': False, 'clf__hidden_layer_sizes': (128, 64), 'clf__learning_rate_init': 0.005}",0.8025582629930457,0.7450117370892019,0.6661311018247434,0.7464065687107957,0.8334726542938171,0.7587160649823208,0.05730967401102557,781,1.0,1.0,0.8945422773121878,0.97986353316844,1.0,0.9748811620961255,0.04091950264299999
1.4088670253753661,0.21745602418278864,0.007325601577758789,0.00027560488154102284,relu,0.0001,False,"(128, 64)",0.01,"{'clf__activation': 'relu', 'clf__alpha': 0.0001, 'clf__early_stopping': False, 'clf__hidden_layer_sizes': (128, 64), 'clf__learning_rate_init': 0.01}",0.8159624752416799,0.7688477789197213,0.7026325042564217,0.7868068899495169,0.8647218620042034,0.7877943020743088,0.05352340233258855,221,1.0,0.9918498168498169,0.9333318738450601,1.0,1.0,0.9850363381389755,0.02604422641944697
21.396206045150755,0.7216147077162055,0.009627866744995116,0.00046306469813617583,relu,0.0001,False,"(256, 128)",0.0001,"{'clf__activation': 'relu', 'clf__alpha': 0.0001, 'clf__early_stopping': False, 'clf__hidden_layer_sizes': (256, 128), 'clf__learning_rate_init': 0.0001}",0.8344331679788831,0.7712140062579353,0.7749443237097526,0.7492537411674879,0.826773449357663,0.7913237376943443,0.03333969449518932,135,1.0,1.0,1.0,1.0,1.0,1.0,0.0
8.058936929702758,0.5167434683531298,0.00997471809387207,0.00028971877819852386,relu,0.0001,False,"(256, 128)",0.0005,"{'clf__activation': 'relu', 'clf__alpha': 0.0001, 'clf__early_stopping': False, 'clf__hidden_layer_sizes': (256, 128), 'clf__learning_rate_init': 0.0005}",0.8383669097049379,0.7757591738609908,0.7486786074728837,0.7549826681605277,0.8278993873757083,0.7891373493150098,0.03717115232406784,188,1.0,1.0,1.0,1.0,1.0,1.0,0.0
5.445190000534057,0.2972348023087849,0.01014695167541504,0.0006448150358779918,relu,0.0001,False,"(256, 128)",0.001,"{'clf__activation': 'relu', 'clf__alpha': 0.0001, 'clf__early_stopping': False, 'clf__hidden_layer_sizes': (256, 128), 'clf__learning_rate_init': 0.001}",0.8344534593132723,0.7678637167602698,0.7511024749416728,0.7732961057466214,0.839560777826201,0.7932553069176074,0.03650054301671826,90,1.0,1.0,1.0,1.0,1.0,1.0,0.0
3.3636786937713623,0.785268648756059,0.010766887664794922,0.000567098657394518,relu,0.0001,False,"(256, 128)",0.005,"{'clf__activation': 'relu', 'clf__alpha': 0.0001, 'clf__early_stopping': False, 'clf__hidden_layer_sizes': (256, 128), 'clf__learning_rate_init': 0.005}",0.7918130888719124,0.7476611161342173,0.7747514758762686,0.7885158730874924,0.8479140351868624,0.7901311178313506,0.032816270388631254,162,1.0,0.9861602626287324,1.0,1.0,1.0,0.9972320525257465,0.005535894948507058
3.737482786178589,0.2733515405447486,0.010326242446899414,0.00040784254833950634,relu,0.0001,False,"(256, 128)",0.01,"{'clf__activation': 'relu', 'clf__alpha': 0.0001, 'clf__early_stopping': False, 'clf__hidden_layer_sizes': (256, 128), 'clf__learning_rate_init': 0.01}",0.8048359783824026,0.7692688722552113,0.7681938854732973,0.8055039769086891,0.8539203587148793,0.800344614346896,0.03135768764172359,18,1.0,1.0,1.0,1.0,1.0,1.0,0.0
11.448943853378296,0.4603306967539427,0.006273841857910157,0.0004143596544320259,relu,0.0001,False,"(64, 32, 16)",0.0001,"{'clf__activation': 'relu', 'clf__alpha': 0.0001, 'clf__early_stopping': False, 'clf__hidden_layer_sizes': (64, 32, 16), 'clf__learning_rate_init': 0.0001}",0.774320862353489,0.7811130501644172,0.7900403693661248,0.7400560664987648,0.8500523493434968,0.7871165395452586,0.03573212643737573,234,1.0,1.0,1.0,1.0,1.0,1.0,0.0
3.9963935375213624,0.2470295511004562,0.006156396865844726,9.339478703012776e-05,relu,0.0001,False,"(64, 32, 16)",0.0005,"{'clf__activation': 'relu', 'clf__alpha': 0.0001, 'clf__early_stopping': False, 'clf__hidden_layer_sizes': (64, 32, 16), 'clf__learning_rate_init': 0.0005}",0.7754673026775797,0.7775988881111077,0.7683881820277881,0.76250574659526,0.8429888454158496,0.785389792965517,0.029290063871199767,272,1.0,1.0,1.0,1.0,1.0,1.0,0.0
2.486901569366455,0.2188691808188794,0.006149482727050781,0.0003712875745180908,relu,0.0001,False,"(64, 32, 16)",0.001,"{'clf__activation': 'relu', 'clf__alpha': 0.0001, 'clf__early_stopping': False, 'clf__hidden_layer_sizes': (64, 32, 16), 'clf__learning_rate_init': 0.001}",0.7891919318254539,0.7631375521842445,0.7545321697577001,0.7673502375265037,0.8625949545569255,0.7873613691701655,0.0393152346117192,228,1.0,1.0,1.0,1.0,1.0,1.0,0.0
1.1417543411254882,0.06929832208127275,0.006151723861694336,0.00034913687846414794,relu,0.0001,False,"(64, 32, 16)",0.005,"{'clf__activation': 'relu', 'clf__alpha': 0.0001, 'clf__early_stopping': False, 'clf__hidden_layer_sizes': (64, 32, 16), 'clf__learning_rate_init': 0.005}",0.7833394523662892,0.7938438438438439,0.7753862457163196,0.7598878406646326,0.8578473385957915,0.7940609442373754,0.033764617570515305,81,1.0,1.0,1.0,1.0,1.0,1.0,0.0
0.8976400375366211,0.18093200553643815,0.006282901763916016,0.00024262703221179807,relu,0.0001,False,"(64, 32, 16)",0.01,"{'clf__activation': 'relu', 'clf__alpha': 0.0001, 'clf__early_stopping': False, 'clf__hidden_layer_sizes': (64, 32, 16), 'clf__learning_rate_init': 0.01}",0.7957526051865675,0.790449778396207,0.799718342224701,0.7967051610882173,0.7982805470640021,0.796181286791939,0.0031694181015361335,54,0.9714250091000463,1.0,1.0,0.9720342564958004,0.9774021684133891,0.9841722868018472,0.013089632398788287
12.748411798477173,0.4703050360473538,0.007350015640258789,0.00012577210767578047,relu,0.0001,False,"(128, 64, 32)",0.0001,"{'clf__activation': 'relu', 'clf__alpha': 0.0001, 'clf__early_stopping': False, 'clf__hidden_layer_sizes': (128, 64, 32), 'clf__learning_rate_init': 0.0001}",0.7874622428707536,0.7564505151739195,0.7795741546101465,0.7992456856061623,0.8422578593930936,0.792998091530815,0.028327125522990118,97,1.0,1.0,1.0,1.0,1.0,1.0,0.0
4.212473344802857,0.25867948810485736,0.007445526123046875,0.0002972265811253347,relu,0.0001,False,"(128, 64, 32)",0.0005,"{'clf__activation': 'relu', 'clf__alpha': 0.0001, 'clf__early_stopping': False, 'clf__hidden_layer_sizes': (128, 64, 32), 'clf__learning_rate_init': 0.0005}",0.8096308346533099,0.7624950055145724,0.771222103139579,0.7855185909980431,0.8284134405629733,0.7914559949736955,0.024411389296966998,129,1.0,1.0,1.0,1.0,1.0,1.0,0.0
2.8758864402770996,0.1705322568357476,0.007187509536743164,0.00037247265885143304,relu,0.0001,False,"(128, 64, 32)",0.001,"{'clf__activation': 'relu', 'clf__alpha': 0.0001, 'clf__early_stopping': False, 'clf__hidden_layer_sizes': (128, 64, 32), 'clf__learning_rate_init': 0.001}",0.7986973629869831,0.7691848388388309,0.7864817704764595,0.8016723564698313,0.8376075323443745,0.7987287722232959,0.02255241324081156,34,1.0,1.0,1.0,1.0,1.0,1.0,0.0
1.7248147010803223,0.42623204125007297,0.007350826263427734,0.0002934003717017045,relu,0.0001,False,"(128, 64, 32)",0.005,"{'clf__activation': 'relu', 'clf__alpha': 0.0001, 'clf__early_stopping': False, 'clf__hidden_layer_sizes': (128, 64, 32), 'clf__learning_rate_init': 0.005}",0.7903320268504752,0.78432510201152,0.7565883852483518,0.7649711502150734,0.8138727113547257,0.7820178751360292,0.0201317102680523,326,1.0,0.9980736530100278,1.0,0.9992900897711965,0.9515787293552213,0.9897884944272892,0.01911784509721804
1.4859278202056885,0.3520708462442449,0.0075684070587158205,0.0001151568548999802,relu,0.0001,False,"(128, 64, 32)",0.01,"{'clf__activation': 'relu', 'clf__alpha': 0.0001, 'clf__early_stopping': False, 'clf__hidden_layer_sizes': (128, 64, 32), 'clf__learning_rate_init': 0.01}",0.7916450565786226,0.7734795887691582,0.7726291294372937,0.7752323991797676,0.8116054438653099,0.7849183235660304,0.015054151614715877,280,1.0,0.9809471299923445,0.9928339548244569,1.0,0.9810811025130391,0.9909724374659682,0.008541713113648762
0.9132581233978272,0.3425630260219678,0.005406332015991211,0.00011867684667010494,relu,0.001,True,"(32,)",0.0001,"{'clf__activation': 'relu', 'clf__alpha': 0.001, 'clf__early_stopping': True, 'clf__hidden_layer_sizes': (32,), 'clf__learning_rate_init': 0.0001}",0.6077057044797994,0.6532866519041635,0.741493896324368,0.6999626709657644,0.6774088982905808,0.6759715643929353,0.04482331533779744,966,0.6496027606495218,0.7516401240932394,0.8050067086956827,0.8468777690395506,0.7023955435002459,0.751104581195648,0.0703610966264721
0.5836589336395264,0.1625104357406124,0.005205345153808594,0.0001967390705366673,relu,0.001,True,"(32,)",0.0005,"{'clf__activation': 'relu', 'clf__alpha': 0.001, 'clf__early_stopping': True, 'clf__hidden_layer_sizes': (32,), 'clf__learning_rate_init': 0.0005}",0.800754818083304,0.7236456204346113,0.796244152018887,0.740966281882901,0.8001254606759194,0.7723472666191246,0.0331852217746181,493,0.8454111504488778,0.8293285125116152,0.9276700984589121,0.8800824821623721,0.866328264226566,0.8697641015616686,0.03376235040042269
0.3787394523620605,0.04712575331336035,0.005225849151611328,0.0002297299981797075,relu,0.001,True,"(32,)",0.001,"{'clf__activation': 'relu', 'clf__alpha': 0.001, 'clf__early_stopping': True, 'clf__hidden_layer_sizes': (32,), 'clf__learning_rate_init': 0.001}",0.8131657877147193,0.7513350778290454,0.7639030539973936,0.749763527611629,0.7968089855961845,0.7749952865497944,0.025504154109037405,446,0.8750241173716043,0.8697295074740975,0.8993409227411885,0.9059771191733379,0.8354724645694105,0.8771088262659278,0.024980117779554473
0.21590065956115723,0.018452723618547627,0.0053443431854248045,0.00016273303037453674,relu,0.001,True,"(32,)",0.005,"{'clf__activation': 'relu', 'clf__alpha': 0.001, 'clf__early_stopping': True, 'clf__hidden_layer_sizes': (32,), 'clf__learning_rate_init': 0.005}",0.8188775580055682,0.732666506968416,0.7557305636845664,0.752505937194715,0.8157799633683337,0.7751121058443198,0.03537683236218532,444,0.8886860570029591,0.8205331449658991,0.865701866219256,0.9134908456411285,0.8756400926958197,0.8728104013050124,0.030654151268634345
0.2531095504760742,0.029638914970752012,0.005409669876098633,0.0001066350543487726,relu,0.001,True,"(32,)",0.01,"{'clf__activation': 'relu', 'clf__alpha': 0.001, 'clf__early_stopping': True, 'clf__hidden_layer_sizes': (32,), 'clf__learning_rate_init': 0.01}",0.802424237110811,0.7676829826309884,0.7672394477212746,0.7724504603377843,0.8368280396076211,0.789325033481696,0.027088844231201382,183,0.9633059778230161,0.8987390223802025,0.9696058222540875,0.9303435399124709,0.930286413902193,0.938456155254394,0.025681998680312422
0.9704005241394043,0.1947679482149986,0.005465078353881836,0.00010993070900882061,relu,0.001,True,"(64,)",0.0001,"{'clf__activation': 'relu', 'clf__alpha': 0.001, 'clf__early_stopping': True, 'clf__hidden_layer_sizes': (64,), 'clf__learning_rate_init': 0.0001}",0.5637050240806063,0.6902941733476422,0.7026156442326782,0.6506037357804496,0.6987681070127878,0.6611973368908328,0.052135669716591594,971,0.644866749822432,0.7984663867854455,0.7400489117263506,0.7523447622640388,0.7542766589036953,0.7380006939003925,0.050606098616389095
0.5184485435485839,0.14583020659924487,0.005641746520996094,0.00011226435966071459,relu,0.001,True,"(64,)",0.0005,"{'clf__activation': 'relu', 'clf__alpha': 0.001, 'clf__early_stopping': True, 'clf__hidden_layer_sizes': (64,), 'clf__learning_rate_init': 0.0005}",0.6572717262754374,0.7508359118739374,0.7483961559908622,0.7378593890386344,0.7363970346473567,0.7261520435652457,0.03490161538535078,931,0.7475047384252332,0.9090272110746911,0.8300959824489236,0.8587808163040137,0.8180597495440172,0.8326936995593757,0.052887432092434856
0.3923461437225342,0.06482023410806388,0.005741643905639649,0.00019501645265699056,relu,0.001,True,"(64,)",0.001,"{'clf__activation': 'relu', 'clf__alpha': 0.001, 'clf__early_stopping': True, 'clf__hidden_layer_sizes': (64,), 'clf__learning_rate_init': 0.001}",0.7425077035207983,0.7525753273535293,0.7703080891398917,0.7005951251524296,0.7698475437605872,0.7471667577854472,0.02557270281696785,870,0.8600768841816557,0.8872016219075042,0.8516010788130983,0.7978823313112304,0.8486095814291932,0.8490742995285364,0.02898954213941713
0.3416029453277588,0.08501055643414683,0.005603933334350586,0.00014605597658675192,relu,0.001,True,"(64,)",0.005,"{'clf__activation': 'relu', 'clf__alpha': 0.001, 'clf__early_stopping': True, 'clf__hidden_layer_sizes': (64,), 'clf__learning_rate_init': 0.005}",0.7776200545429077,0.7850534301954988,0.7736242066580639,0.7286836310329268,0.8246889755082406,0.7779340595875276,0.030597338919782162,393,0.9543002234020577,0.9339596310168411,0.8700044921730136,0.8836590207900932,0.968343434316107,0.9220533603396227,0.03874945262690724
0.3084005832672119,0.061997932724338345,0.005477333068847656,0.0003037210751274007,relu,0.001,True,"(64,)",0.01,"{'clf__activation': 'relu', 'clf__alpha': 0.001, 'clf__early_stopping': True, 'clf__hidden_layer_sizes': (64,), 'clf__learning_rate_init': 0.01}",0.7595416092858548,0.7906377173536315,0.7617536960106194,0.7136745759947816,0.8220223269880804,0.7695259851265936,0.03600290901442472,560,0.9450717323966623,0.9212570278241214,0.8991229104815764,0.8864130536049346,0.9664946859814496,0.9236718820577489,0.029286344785613806
1.518754243850708,0.3050768285982563,0.007018041610717773,0.00038915180920118844,relu,0.001,True,"(128,)",0.0001,"{'clf__activation': 'relu', 'clf__alpha': 0.001, 'clf__early_stopping': True, 'clf__hidden_layer_sizes': (128,), 'clf__learning_rate_init': 0.0001}",0.7205681156730157,0.7128989960638089,0.7089193284177042,0.6994527378786929,0.7726498799771597,0.7228978116020762,0.025790469468079915,935,0.7753363903104353,0.8448404848105628,0.7913721447202536,0.834421009579527,0.804052465827513,0.8100044990496583,0.026054485146621988
0.8979055881500244,0.25766990249888944,0.006943941116333008,0.0002966912449367791,relu,0.001,True,"(128,)",0.0005,"{'clf__activation': 'relu', 'clf__alpha': 0.001, 'clf__early_stopping': True, 'clf__hidden_layer_sizes': (128,), 'clf__learning_rate_init': 0.0005}",0.7968449123386212,0.7587197899365822,0.7621685905989624,0.7260344057083397,0.8188804562212258,0.7725296309607461,0.032247482843087066,490,0.8475247195350096,0.9001632497078077,0.9405315293431632,0.8926940715276868,0.8592363344014222,0.8880299809030179,0.032848539752040266
0.6462760925292969,0.170115681721962,0.006745338439941406,0.00037382217650215897,relu,0.001,True,"(128,)",0.001,"{'clf__activation': 'relu', 'clf__alpha': 0.001, 'clf__early_stopping': True, 'clf__hidden_layer_sizes': (128,), 'clf__learning_rate_init': 0.001}",0.8068847325957942,0.7483810606221543,0.7635600605988395,0.7235494979931476,0.8210723234492412,0.7726895350518354,0.03632959736411645,485,0.9356231165922997,0.8841875811712443,0.9399942714196895,0.8498910875056072,0.8374071966848713,0.8894206506747423,0.04239747574760629
0.6192732810974121,0.19502220597674252,0.006755733489990234,0.00023761397014817305,relu,0.001,True,"(128,)",0.005,"{'clf__activation': 'relu', 'clf__alpha': 0.001, 'clf__early_stopping': True, 'clf__hidden_layer_sizes': (128,), 'clf__learning_rate_init': 0.005}",0.8133281338137612,0.7778655134819519,0.7393249607535322,0.7878226886230134,0.8234500608287016,0.7883582715001921,0.029562063814494704,206,0.9504707309426349,0.9083576757755407,0.9802661540213837,0.9706361544319546,0.9437461331708539,0.9506953696684736,0.02495150840674156
0.5574079036712647,0.04510499664437093,0.007029962539672851,0.0002825705537418097,relu,0.001,True,"(128,)",0.01,"{'clf__activation': 'relu', 'clf__alpha': 0.001, 'clf__early_stopping': True, 'clf__hidden_layer_sizes': (128,), 'clf__learning_rate_init': 0.01}",0.8012589748703631,0.7634827596300199,0.7594094751808196,0.7732220945826623,0.8209760845889625,0.7836698777705655,0.02369123234507421,303,0.968582043266772,0.9501952901748005,0.9319150399563543,0.914919412058841,0.9684358805122124,0.946809533193796,0.020938147952248985
2.336450529098511,0.4314443013134799,0.007824039459228516,0.00032319383088665835,relu,0.001,True,"(256,)",0.0001,"{'clf__activation': 'relu', 'clf__alpha': 0.001, 'clf__early_stopping': True, 'clf__hidden_layer_sizes': (256,), 'clf__learning_rate_init': 0.0001}",0.7722804718217562,0.7649303281797756,0.7384489899061633,0.704233611491676,0.7497651852373692,0.745931717327348,0.023935842554162964,876,0.852248991112061,0.8761256422454371,0.8494077584549143,0.8333621539339922,0.8087009844041184,0.8439691060301046,0.022309307897516055
1.3666821479797364,0.5082940949846237,0.008419942855834962,0.0003398379453700803,relu,0.001,True,"(256,)",0.0005,"{'clf__activation': 'relu', 'clf__alpha': 0.001, 'clf__early_stopping': True, 'clf__hidden_layer_sizes': (256,), 'clf__learning_rate_init': 0.0005}",0.7870052291717067,0.7730344942287054,0.7866812940782868,0.7186196623634559,0.8224120687859608,0.7775505497256232,0.03370033112836319,402,0.8312701819883906,0.9340248891927337,0.9585570224610138,0.8170026223444229,0.8693374310744473,0.8820384294122017,0.05572445349916118
1.4879236221313477,0.3107301029654688,0.008017253875732423,0.00026315192510779347,relu,0.001,True,"(256,)",0.001,"{'clf__activation': 'relu', 'clf__alpha': 0.001, 'clf__early_stopping': True, 'clf__hidden_layer_sizes': (256,), 'clf__learning_rate_init': 0.001}",0.8091340089053866,0.7719576852686969,0.7934036652346511,0.7969878712991976,0.8291050808917768,0.8001176623199419,0.018811818611867856,19,0.9549000262912875,0.9476577072539325,0.9797315435514357,0.9541035667643256,0.9469322068626235,0.9566650101447209,0.011979984045827032
1.187569522857666,0.11785760969472205,0.008382368087768554,0.0004355043958320796,relu,0.001,True,"(256,)",0.005,"{'clf__activation': 'relu', 'clf__alpha': 0.001, 'clf__early_stopping': True, 'clf__hidden_layer_sizes': (256,), 'clf__learning_rate_init': 0.005}",0.8110174556384394,0.7446726731839319,0.7777921573293101,0.7949256130902135,0.8428724367640019,0.7942560672011792,0.03278571980008924,80,0.9722085463155001,0.965874240406545,0.9710870868553382,0.9834167891133813,0.9782664630660924,0.9741706251513713,0.006073802727311806
1.1254022121429443,0.3066745762946136,0.008136653900146484,0.00031444677779327214,relu,0.001,True,"(256,)",0.01,"{'clf__activation': 'relu', 'clf__alpha': 0.001, 'clf__early_stopping': True, 'clf__hidden_layer_sizes': (256,), 'clf__learning_rate_init': 0.01}",0.8031334937944133,0.7590225913553988,0.7586928718090691,0.7870248955448418,0.843514206561806,0.7902776118131059,0.03157359969978319,160,0.9800885586801042,0.8828982927748714,0.9458717116482379,0.9655175756985321,0.980414876243266,0.9509582030090022,0.036294000408080666
1.1081604480743408,0.20958504556986213,0.0051994800567626955,0.00014094167490412505,relu,0.001,True,"(32, 16)",0.0001,"{'clf__activation': 'relu', 'clf__alpha': 0.001, 'clf__early_stopping': True, 'clf__hidden_layer_sizes': (32, 16), 'clf__learning_rate_init': 0.0001}",0.6267629484139305,0.6498501064868969,0.6408429223829886,0.6096066669640564,0.5542840722495894,0.6162693432994923,0.03384733158344942,993,0.6639671520594482,0.773531496195957,0.7188621751891834,0.7030091248760943,0.6274652845039589,0.6973670465649283,0.049591745849578
0.7330328941345214,0.08304263009093117,0.0055525779724121095,0.00041087543049688667,relu,0.001,True,"(32, 16)",0.0005,"{'clf__activation': 'relu', 'clf__alpha': 0.001, 'clf__early_stopping': True, 'clf__hidden_layer_sizes': (32, 16), 'clf__learning_rate_init': 0.0005}",0.7709477149194157,0.7424965003183106,0.7481537744524227,0.7426565149607696,0.793776945955845,0.7596062901213527,0.02003727295245106,767,0.846425779071215,0.8966649886589518,0.8840621689929279,0.8883268095353795,0.8496888508369691,0.8730337194190886,0.020817817224036948
0.4851583957672119,0.06536427003933636,0.005159568786621094,0.00021676229461776024,relu,0.001,True,"(32, 16)",0.001,"{'clf__activation': 'relu', 'clf__alpha': 0.001, 'clf__early_stopping': True, 'clf__hidden_layer_sizes': (32, 16), 'clf__learning_rate_init': 0.001}",0.7939703773992766,0.7755799822545836,0.7747284616152541,0.7186934858790128,0.7690535557645193,0.7664051725825292,0.0252852279839557,609,0.8786416483220201,0.9420340918355294,0.9051551967096969,0.8771616724774465,0.8371835924349054,0.8880352403559195,0.034644864013767165
0.30106463432312014,0.04392786274012359,0.005291652679443359,0.00016403499034962552,relu,0.001,True,"(32, 16)",0.005,"{'clf__activation': 'relu', 'clf__alpha': 0.001, 'clf__early_stopping': True, 'clf__hidden_layer_sizes': (32, 16), 'clf__learning_rate_init': 0.005}",0.8008024060875825,0.7519249461759977,0.767024935709594,0.7322714948668217,0.8430312959710906,0.7790110157622172,0.03907778157604041,371,0.9105054225863134,0.9225059814426331,0.9333771564271848,0.8294217360139498,0.9564444569700058,0.9104509506880174,0.0432482922069404
0.29657626152038574,0.03612757014164636,0.005434513092041016,0.0003190856239152077,relu,0.001,True,"(32, 16)",0.01,"{'clf__activation': 'relu', 'clf__alpha': 0.001, 'clf__early_stopping': True, 'clf__hidden_layer_sizes': (32, 16), 'clf__learning_rate_init': 0.01}",0.8007145766295185,0.7235546215236027,0.7345766438111532,0.7694323768133783,0.801391383568176,0.7659339204691658,0.03242976628864061,621,0.9601035278193308,0.8521423832045765,0.948292187857128,0.9407346221997661,0.9543313873687629,0.9311208216899128,0.04000900482538978
1.5239229679107666,0.4121479300088265,0.005683994293212891,0.00038363727830161313,relu,0.001,True,"(64, 32)",0.0001,"{'clf__activation': 'relu', 'clf__alpha': 0.001, 'clf__early_stopping': True, 'clf__hidden_layer_sizes': (64, 32), 'clf__learning_rate_init': 0.0001}",0.7531563066854573,0.716959733820199,0.7000311122724391,0.6761504465099326,0.6622842133711699,0.7017163625318397,0.03190541878950156,954,0.8462757896600762,0.8623034593574471,0.7564272205918222,0.8256734895748363,0.7267888440411284,0.8034937606450621,0.05268724033099652
0.966774845123291,0.14116790952002967,0.005639266967773437,0.00022475022293735135,relu,0.001,True,"(64, 32)",0.0005,"{'clf__activation': 'relu', 'clf__alpha': 0.001, 'clf__early_stopping': True, 'clf__hidden_layer_sizes': (64, 32), 'clf__learning_rate_init': 0.0005}",0.7947679850335121,0.7753577663995741,0.7746090525815742,0.7439897225729382,0.8125797264534759,0.7802608506082149,0.022919618102304567,346,0.9301822730735004,0.9501720633059108,0.9270328217674701,0.9059911948954811,0.9333885736324761,0.9293533853349676,0.014153191225578104
0.7557128429412842,0.11562253808442946,0.005797719955444336,0.00019899464128662547,relu,0.001,True,"(64, 32)",0.001,"{'clf__activation': 'relu', 'clf__alpha': 0.001, 'clf__early_stopping': True, 'clf__hidden_layer_sizes': (64, 32), 'clf__learning_rate_init': 0.001}",0.8097328522811698,0.7932263151344764,0.8050112062976377,0.7543538592137913,0.8217080705950569,0.7968064607044264,0.02310645122131253,45,0.941128409156432,0.9448310783009833,0.9604014761539164,0.9704393705761128,0.9407303683415984,0.9515061405058086,0.011882467978670567
0.45247573852539064,0.055168984725259836,0.005789804458618164,4.5506706305569317e-05,relu,0.001,True,"(64, 32)",0.005,"{'clf__activation': 'relu', 'clf__alpha': 0.001, 'clf__early_stopping': True, 'clf__hidden_layer_sizes': (64, 32), 'clf__learning_rate_init': 0.005}",0.8216504099293039,0.7979784589892295,0.7705993048064246,0.7814594128412109,0.8114889779629029,0.7966353129058144,0.01874231654116686,51,0.9647379370796456,0.9533610514689093,0.9850826889810245,0.9734405083420251,0.9224227930830841,0.9598089957909377,0.02139241128539428
0.39710631370544436,0.05306646190831528,0.005673503875732422,0.00013776093708463044,relu,0.001,True,"(64, 32)",0.01,"{'clf__activation': 'relu', 'clf__alpha': 0.001, 'clf__early_stopping': True, 'clf__hidden_layer_sizes': (64, 32), 'clf__learning_rate_init': 0.01}",0.8149116628134259,0.7862250660898822,0.7712869155731448,0.7495651486401013,0.843146845167291,0.7930271276567691,0.032859602692069854,96,0.9628513790255007,0.9598385178274897,0.9639951668476611,0.9431201561187124,0.9801245148010482,0.9619859469240823,0.011784083303232754
2.1590995311737062,0.5589564764987601,0.007506465911865235,0.000242628953325802,relu,0.001,True,"(128, 64)",0.0001,"{'clf__activation': 'relu', 'clf__alpha': 0.001, 'clf__early_stopping': True, 'clf__hidden_layer_sizes': (128, 64), 'clf__learning_rate_init': 0.0001}",0.8154803930253502,0.6806133590701822,0.7008195592930266,0.7283310473904533,0.7708206495440538,0.7392130016646131,0.048666517951468105,891,0.8983856793708489,0.8270457485287093,0.8234765380868314,0.84244641137611,0.8564049979328802,0.8495518750590758,0.02708742247040467
1.034199094772339,0.16043114025180719,0.007347393035888672,0.0004633778625159096,relu,0.001,True,"(128, 64)",0.0005,"{'clf__activation': 'relu', 'clf__alpha': 0.001, 'clf__early_stopping': True, 'clf__hidden_layer_sizes': (128, 64), 'clf__learning_rate_init': 0.0005}",0.8339865791454669,0.7445326242053898,0.7738315272747147,0.7523286622805208,0.8241226026776486,0.7857603991167481,0.03676175060484037,265,0.9341503106253017,0.8947296110995293,0.9433002499903292,0.9067714254214353,0.9058532513168074,0.9169609696906807,0.018496878943036026
0.9077311038970948,0.277806711440158,0.007349920272827148,0.00031016031943397653,relu,0.001,True,"(128, 64)",0.001,"{'clf__activation': 'relu', 'clf__alpha': 0.001, 'clf__early_stopping': True, 'clf__hidden_layer_sizes': (128, 64), 'clf__learning_rate_init': 0.001}",0.8268838852628734,0.7558216104448412,0.7815672618293867,0.7186370836133711,0.8100820086801395,0.7785983699661223,0.038589276874308485,377,0.9669234265597717,0.9721091352737734,0.9520783695847862,0.8327807305031817,0.8897132689143913,0.9227209861671808,0.05372831647671364
0.7223211765289307,0.12476826540578867,0.006808662414550781,0.00011045679321691357,relu,0.001,True,"(128, 64)",0.005,"{'clf__activation': 'relu', 'clf__alpha': 0.001, 'clf__early_stopping': True, 'clf__hidden_layer_sizes': (128, 64), 'clf__learning_rate_init': 0.005}",0.8247804826752196,0.7761273047740136,0.7837601545472558,0.7961283270481498,0.7949448253200487,0.7951482188729375,0.016556305271799153,68,0.9511440561357027,0.9516926214819404,0.9827279496063526,0.9765758096494686,0.9488258471397881,0.9621932568026506,0.014419204232867612
0.6431492328643799,0.06532711422229512,0.007162284851074219,0.00030800500357200633,relu,0.001,True,"(128, 64)",0.01,"{'clf__activation': 'relu', 'clf__alpha': 0.001, 'clf__early_stopping': True, 'clf__hidden_layer_sizes': (128, 64), 'clf__learning_rate_init': 0.01}",0.8253699501141796,0.778021963189356,0.7749187802146753,0.795390197832136,0.8298445756344672,0.8007090933969628,0.02308753326090053,16,0.8730708103870852,0.9475625972246202,0.9586151845134818,0.9622130240051824,0.9679711031250372,0.9418865438510814,0.035046369856150054
3.139753818511963,0.9314158700603671,0.009513473510742188,0.0005091407761768309,relu,0.001,True,"(256, 128)",0.0001,"{'clf__activation': 'relu', 'clf__alpha': 0.001, 'clf__early_stopping': True, 'clf__hidden_layer_sizes': (256, 128), 'clf__learning_rate_init': 0.0001}",0.7465201806515035,0.7090919575932422,0.705540686396056,0.7459762086988769,0.7824300378932045,0.7379118142465767,0.028282449407816292,902,0.8192049908960666,0.8167839921466195,0.8596627974576088,0.9249171535449279,0.8930409798116036,0.8627219827713652,0.041954420573704854
1.7906162738800049,0.5202436372657825,0.009617328643798828,0.0007238116812115574,relu,0.001,True,"(256, 128)",0.0005,"{'clf__activation': 'relu', 'clf__alpha': 0.001, 'clf__early_stopping': True, 'clf__hidden_layer_sizes': (256, 128), 'clf__learning_rate_init': 0.0005}",0.8034205461261354,0.7220552589527438,0.7222559645456841,0.7346509131591679,0.790256011724945,0.7545277389017352,0.03509425495131074,830,0.9123468388824372,0.8820905248391603,0.8736169402092762,0.9472600958968123,0.9690454501383019,0.9168719699931976,0.03673345496020307
1.48835129737854,0.38446852272107296,0.009315156936645507,0.0002875528360225928,relu,0.001,True,"(256, 128)",0.001,"{'clf__activation': 'relu', 'clf__alpha': 0.001, 'clf__early_stopping': True, 'clf__hidden_layer_sizes': (256, 128), 'clf__learning_rate_init': 0.001}",0.8028974650189142,0.7839759511365876,0.7149030233692135,0.7769453398828255,0.8126727245094058,0.7782789007833893,0.03417527006750344,384,0.9153072984663527,0.9695232909797933,0.8680108826581141,0.9802059165403684,0.9230313082203516,0.931215739372996,0.040453487579488766
1.125049066543579,0.14616463392841095,0.009711551666259765,0.00037259170081360227,relu,0.001,True,"(256, 128)",0.005,"{'clf__activation': 'relu', 'clf__alpha': 0.001, 'clf__early_stopping': True, 'clf__hidden_layer_sizes': (256, 128), 'clf__learning_rate_init': 0.005}",0.8300343147713534,0.7433143908496022,0.7913357760960501,0.7554378977996524,0.8320954548500425,0.7904435668733403,0.03674141866726953,157,0.9020710643036516,0.8594213522357903,0.9366107188316615,0.9710579754955185,0.9682344731587156,0.9274791168050676,0.04223962737034764
1.2545528888702393,0.18117089710303402,0.009368896484375,0.0004149822314969298,relu,0.001,True,"(256, 128)",0.01,"{'clf__activation': 'relu', 'clf__alpha': 0.001, 'clf__early_stopping': True, 'clf__hidden_layer_sizes': (256, 128), 'clf__learning_rate_init': 0.01}",0.7768925707809974,0.7643314439926367,0.7715190584759641,0.7619978612977405,0.8566813149609352,0.7862844499016547,0.035591335018519896,252,0.8492079471864787,0.9650210957424223,0.9413288329010632,0.9482239308490199,0.971809053884057,0.9351181721126082,0.04434254303289646
1.2709933757781982,0.7567547821614794,0.006020832061767578,0.00038527351779421055,relu,0.001,True,"(64, 32, 16)",0.0001,"{'clf__activation': 'relu', 'clf__alpha': 0.001, 'clf__early_stopping': True, 'clf__hidden_layer_sizes': (64, 32, 16), 'clf__learning_rate_init': 0.0001}",0.7278400802694382,0.7074480648649446,0.7077886042924888,0.26325757575757575,0.2687156904144296,0.5350100031197753,0.2197875390333289,1000,0.7988455998700361,0.8213853644383388,0.8136124168518793,0.27143934855443874,0.2710265947280987,0.5952618648885583,0.26466759160929487
0.9054342269897461,0.10038933575692145,0.005938529968261719,0.0004628341219282854,relu,0.001,True,"(64, 32, 16)",0.0005,"{'clf__activation': 'relu', 'clf__alpha': 0.001, 'clf__early_stopping': True, 'clf__hidden_layer_sizes': (64, 32, 16), 'clf__learning_rate_init': 0.0005}",0.7479380108485861,0.747397561588738,0.756077380328327,0.7243146638307929,0.8312671157252303,0.7613989464643349,0.036503040220067645,737,0.8620973950695914,0.900501277123504,0.9181590835561194,0.8682262170621923,0.9071991737800693,0.8912366293182952,0.022108953442589997
0.8675920009613037,0.16956956305210338,0.005874156951904297,0.00017495590057960725,relu,0.001,True,"(64, 32, 16)",0.001,"{'clf__activation': 'relu', 'clf__alpha': 0.001, 'clf__early_stopping': True, 'clf__hidden_layer_sizes': (64, 32, 16), 'clf__learning_rate_init': 0.001}",0.7997641153778938,0.7438047856468908,0.7482552535184113,0.763947789299902,0.8368330227157427,0.778520993311768,0.035171498015773656,379,0.9637386969374238,0.9782364381202865,0.9405689428856642,0.9026745816397246,0.9529934255125052,0.9476424170191209,0.025674336997353466
0.5217244625091553,0.1298661594045485,0.006044816970825195,0.00028174876484825793,relu,0.001,True,"(64, 32, 16)",0.005,"{'clf__activation': 'relu', 'clf__alpha': 0.001, 'clf__early_stopping': True, 'clf__hidden_layer_sizes': (64, 32, 16), 'clf__learning_rate_init': 0.005}",0.7998603703531648,0.770190432524816,0.7920455621862272,0.7856080481850463,0.8371466956594954,0.79697022178175,0.022329399390190564,43,0.9501082752256551,0.9292335274922285,0.8936721329250147,0.9745014869637637,0.9714752905953964,0.9437981426404116,0.029910809113785398
0.5430418968200683,0.10526222863866086,0.005795097351074219,0.00022511141349637154,relu,0.001,True,"(64, 32, 16)",0.01,"{'clf__activation': 'relu', 'clf__alpha': 0.001, 'clf__early_stopping': True, 'clf__hidden_layer_sizes': (64, 32, 16), 'clf__learning_rate_init': 0.01}",0.8143508373048116,0.7798532785526741,0.7321167376289365,0.7865334728302467,0.8233248734712573,0.7872358399575854,0.032033583611846925,232,0.9698704877729984,0.9441314481480175,0.9865798768238655,0.9445947122795173,0.9723346537746963,0.9635022357598191,0.016636499725804943
2.380787897109985,0.6018369430352492,0.007055091857910156,0.00014213534304970127,relu,0.001,True,"(128, 64, 32)",0.0001,"{'clf__activation': 'relu', 'clf__alpha': 0.001, 'clf__early_stopping': True, 'clf__hidden_layer_sizes': (128, 64, 32), 'clf__learning_rate_init': 0.0001}",0.7468704363572639,0.6914309971637559,0.6975074510121239,0.7463774484904735,0.7783822457712786,0.7321137157589791,0.03290795920678753,919,0.8820756309980524,0.8066292094598897,0.7857716671689122,0.8856304385790634,0.916734824238411,0.8553683540888658,0.05022771964883364
1.3642268180847168,0.26062420992727303,0.006836128234863281,0.00033337651065082276,relu,0.001,True,"(128, 64, 32)",0.0005,"{'clf__activation': 'relu', 'clf__alpha': 0.001, 'clf__early_stopping': True, 'clf__hidden_layer_sizes': (128, 64, 32), 'clf__learning_rate_init': 0.0005}",0.7693367327244718,0.7428045299395278,0.7760849665353705,0.7857099257506945,0.8046803192192967,0.7757232948338723,0.02031160319862967,434,0.8965840392779225,0.9743818682544827,0.9787757211810156,0.9661550794767254,0.9398412136698142,0.9511475843719921,0.03044137077096401
0.9916416645050049,0.1695859284071476,0.006849336624145508,0.00022827845753381978,relu,0.001,True,"(128, 64, 32)",0.001,"{'clf__activation': 'relu', 'clf__alpha': 0.001, 'clf__early_stopping': True, 'clf__hidden_layer_sizes': (128, 64, 32), 'clf__learning_rate_init': 0.001}",0.798077157842662,0.7642735997352528,0.7873852706609833,0.7846601873684141,0.7865387477316343,0.7841869926677892,0.01100421331943007,292,0.9832469564330946,0.9633330992040506,0.9625369666855768,0.9578757603110588,0.9185207379380909,0.9571027041143744,0.021170907830710784
0.6106601238250733,0.057914939708548774,0.007007122039794922,0.0002692856107706407,relu,0.001,True,"(128, 64, 32)",0.005,"{'clf__activation': 'relu', 'clf__alpha': 0.001, 'clf__early_stopping': True, 'clf__hidden_layer_sizes': (128, 64, 32), 'clf__learning_rate_init': 0.005}",0.7801426939550697,0.777920045583089,0.7636935082634972,0.7850524579225729,0.8237604993953656,0.786113841023919,0.020118954360285546,258,0.8586711454866577,0.9274333273343751,0.9045593872804392,0.9342468529811723,0.947140115233648,0.9144101656632586,0.03110698541336302
0.6868750572204589,0.10815156242347138,0.007034778594970703,0.0002738115470291493,relu,0.001,True,"(128, 64, 32)",0.01,"{'clf__activation': 'relu', 'clf__alpha': 0.001, 'clf__early_stopping': True, 'clf__hidden_layer_sizes': (128, 64, 32), 'clf__learning_rate_init': 0.01}",0.7899837811118035,0.765707179032691,0.7749869942450481,0.7523921975495109,0.8238408144161815,0.781382193271047,0.024510186930408313,338,0.9215991910734764,0.9208982893412998,0.9048620913669639,0.9060145943615177,0.9564219868275097,0.9219592305941535,0.01863051468072299
12.408445453643798,0.3340028488903957,0.005704736709594727,0.0005734678787316457,relu,0.001,False,"(32,)",0.0001,"{'clf__activation': 'relu', 'clf__alpha': 0.001, 'clf__early_stopping': False, 'clf__hidden_layer_sizes': (32,), 'clf__learning_rate_init': 0.0001}",0.8108466507688478,0.7779687609787886,0.7983854504304708,0.7728693668962038,0.8233777646483094,0.796689598744524,0.019149044081764613,48,1.0,0.9985757940845588,1.0,0.9985757940845588,0.9985736545607096,0.9991450485459655,0.0006980653762450924
4.430427169799804,0.16501411627860585,0.0054493904113769535,0.00014560498832617624,relu,0.001,False,"(32,)",0.0005,"{'clf__activation': 'relu', 'clf__alpha': 0.001, 'clf__early_stopping': False, 'clf__hidden_layer_sizes': (32,), 'clf__learning_rate_init': 0.0005}",0.7984476106124567,0.7659033933329707,0.7627197274006935,0.7794711437733793,0.8390028364012958,0.7891089423041592,0.02794418265308223,189,1.0,1.0,1.0,1.0,1.0,1.0,0.0
2.8096237182617188,0.17318508335169594,0.005243921279907226,0.00016605032300094904,relu,0.001,False,"(32,)",0.001,"{'clf__activation': 'relu', 'clf__alpha': 0.001, 'clf__early_stopping': False, 'clf__hidden_layer_sizes': (32,), 'clf__learning_rate_init': 0.001}",0.8015539150375761,0.7756782916711099,0.781838296538833,0.7732346778282733,0.8329305131442661,0.7930471388440117,0.022284063346794402,95,1.0,1.0,1.0,1.0,1.0,1.0,0.0
1.1709232330322266,0.05203225522620718,0.005294179916381836,0.00010706471339140254,relu,0.001,False,"(32,)",0.005,"{'clf__activation': 'relu', 'clf__alpha': 0.001, 'clf__early_stopping': False, 'clf__hidden_layer_sizes': (32,), 'clf__learning_rate_init': 0.005}",0.8092354076408812,0.7583238203957381,0.7634697537937346,0.7771093480127094,0.8316518169112508,0.7879580293508628,0.02813336014486537,213,1.0,1.0,1.0,1.0,1.0,1.0,0.0
0.8909548282623291,0.037248536101656245,0.005406856536865234,0.00011180402790553753,relu,0.001,False,"(32,)",0.01,"{'clf__activation': 'relu', 'clf__alpha': 0.001, 'clf__early_stopping': False, 'clf__hidden_layer_sizes': (32,), 'clf__learning_rate_init': 0.01}",0.8025296552822228,0.764470059532121,0.7640062433592071,0.7710285756784776,0.8177798707448303,0.7839628809193717,0.022062853992644942,298,1.0,1.0,1.0,1.0,1.0,1.0,0.0
13.858632612228394,0.5413441985798099,0.005910825729370117,4.261745272796124e-05,relu,0.001,False,"(64,)",0.0001,"{'clf__activation': 'relu', 'clf__alpha': 0.001, 'clf__early_stopping': False, 'clf__hidden_layer_sizes': (64,), 'clf__learning_rate_init': 0.0001}",0.7963996309213242,0.7687888259316831,0.7949324178418818,0.762290138377802,0.8497247144772173,0.7944271455099816,0.030828810521089718,76,1.0,1.0,1.0,1.0,1.0,1.0,0.0
5.00969877243042,0.16813341342558077,0.0060902595520019535,0.00011679168145234181,relu,0.001,False,"(64,)",0.0005,"{'clf__activation': 'relu', 'clf__alpha': 0.001, 'clf__early_stopping': False, 'clf__hidden_layer_sizes': (64,), 'clf__learning_rate_init': 0.0005}",0.7785826525697509,0.775079166641271,0.8013327512262285,0.7689805489055724,0.8331538459183705,0.7914257930522387,0.023559820260502812,130,1.0,1.0,1.0,1.0,1.0,1.0,0.0
3.18499174118042,0.14877755525852018,0.005707216262817383,0.00020151103327044247,relu,0.001,False,"(64,)",0.001,"{'clf__activation': 'relu', 'clf__alpha': 0.001, 'clf__early_stopping': False, 'clf__hidden_layer_sizes': (64,), 'clf__learning_rate_init': 0.001}",0.7948271785550679,0.7748795757406325,0.7803312236699259,0.7517197717522597,0.8285262371518579,0.7860567973739487,0.025366579222814354,259,1.0,1.0,1.0,1.0,1.0,1.0,0.0
1.3368867874145507,0.09663063124423067,0.0057392120361328125,0.0002065810794980331,relu,0.001,False,"(64,)",0.005,"{'clf__activation': 'relu', 'clf__alpha': 0.001, 'clf__early_stopping': False, 'clf__hidden_layer_sizes': (64,), 'clf__learning_rate_init': 0.005}",0.7904493842120617,0.7709613528300074,0.775196952650277,0.7562587983911514,0.8339635880681919,0.7853660152303379,0.02662967867129827,274,1.0,1.0,1.0,1.0,1.0,1.0,0.0
1.0599955081939698,0.08098469937214813,0.005764007568359375,0.0003702575286319825,relu,0.001,False,"(64,)",0.01,"{'clf__activation': 'relu', 'clf__alpha': 0.001, 'clf__early_stopping': False, 'clf__hidden_layer_sizes': (64,), 'clf__learning_rate_init': 0.01}",0.7824611728025984,0.7584597438296201,0.7612174198896758,0.7723506719329273,0.8351462638023879,0.7819270544514418,0.02794237019294081,332,1.0,1.0,1.0,1.0,1.0,1.0,0.0
18.989656114578246,1.2712382788028653,0.007837009429931641,0.00048288730447728734,relu,0.001,False,"(128,)",0.0001,"{'clf__activation': 'relu', 'clf__alpha': 0.001, 'clf__early_stopping': False, 'clf__hidden_layer_sizes': (128,), 'clf__learning_rate_init': 0.0001}",0.8101715394682126,0.7695610067603195,0.7589268664082476,0.7664596821885824,0.8382670945198563,0.7886772378690436,0.030546009749740085,201,1.0,1.0,1.0,1.0,1.0,1.0,0.0
6.89428563117981,0.20709836117541885,0.006842803955078125,0.00024984198586549704,relu,0.001,False,"(128,)",0.0005,"{'clf__activation': 'relu', 'clf__alpha': 0.001, 'clf__early_stopping': False, 'clf__hidden_layer_sizes': (128,), 'clf__learning_rate_init': 0.0005}",0.805414107390529,0.7807706596366389,0.7562333718912666,0.76156730893573,0.8412583421145066,0.7890487579937341,0.03128664844541398,192,1.0,1.0,1.0,1.0,1.0,1.0,0.0
4.528840112686157,0.10867606453789586,0.007584190368652344,0.0002689434111408215,relu,0.001,False,"(128,)",0.001,"{'clf__activation': 'relu', 'clf__alpha': 0.001, 'clf__early_stopping': False, 'clf__hidden_layer_sizes': (128,), 'clf__learning_rate_init': 0.001}",0.8159020090040021,0.7682583647007152,0.7628449830601352,0.7763461538461539,0.8428402171415932,0.79323834555052,0.031006739182879637,92,1.0,1.0,1.0,1.0,1.0,1.0,0.0
2.074424314498901,0.04111720841599893,0.007101869583129883,0.0002885547903856109,relu,0.001,False,"(128,)",0.005,"{'clf__activation': 'relu', 'clf__alpha': 0.001, 'clf__early_stopping': False, 'clf__hidden_layer_sizes': (128,), 'clf__learning_rate_init': 0.005}",0.8237498533340039,0.8072133458646616,0.7579192064767573,0.7680224888829962,0.8289997005091345,0.7971809190135106,0.029019610039803728,42,1.0,1.0,1.0,1.0,1.0,1.0,0.0
1.6104321002960205,0.10666216524316714,0.0069162845611572266,0.0003205951078492342,relu,0.001,False,"(128,)",0.01,"{'clf__activation': 'relu', 'clf__alpha': 0.001, 'clf__early_stopping': False, 'clf__hidden_layer_sizes': (128,), 'clf__learning_rate_init': 0.01}",0.8183539233480628,0.8110526315789474,0.7484023915444734,0.7819011146397659,0.8263890967288178,0.7972198315680133,0.028658847709951852,40,1.0,1.0,1.0,1.0,1.0,1.0,0.0
25.077415323257448,1.2886257333543376,0.008735036849975586,0.0006447434503599909,relu,0.001,False,"(256,)",0.0001,"{'clf__activation': 'relu', 'clf__alpha': 0.001, 'clf__early_stopping': False, 'clf__hidden_layer_sizes': (256,), 'clf__learning_rate_init': 0.0001}",0.7879808638125664,0.7700368787749754,0.7601926592167322,0.7883487568463089,0.8269274680029282,0.7866973253307021,0.02281625246074421,242,1.0,1.0,1.0,1.0,1.0,1.0,0.0
9.994408702850341,0.3020131111749566,0.008252620697021484,0.00021072399219161742,relu,0.001,False,"(256,)",0.0005,"{'clf__activation': 'relu', 'clf__alpha': 0.001, 'clf__early_stopping': False, 'clf__hidden_layer_sizes': (256,), 'clf__learning_rate_init': 0.0005}",0.7928854161861425,0.7870058975940117,0.7585057538260906,0.777351207283057,0.8326687754314057,0.7896834100641414,0.024451147318365618,173,1.0,1.0,1.0,1.0,1.0,1.0,0.0
6.474139165878296,0.08689655646541719,0.00845489501953125,0.0002501439102433148,relu,0.001,False,"(256,)",0.001,"{'clf__activation': 'relu', 'clf__alpha': 0.001, 'clf__early_stopping': False, 'clf__hidden_layer_sizes': (256,), 'clf__learning_rate_init': 0.001}",0.795400634501346,0.7829448487054979,0.7667181703273253,0.7833370500159287,0.8328515201356019,0.7922504447371399,0.022254486192947308,110,1.0,1.0,1.0,1.0,1.0,1.0,0.0
3.279647874832153,0.1677255520669841,0.008739185333251954,0.00030299886983143026,relu,0.001,False,"(256,)",0.005,"{'clf__activation': 'relu', 'clf__alpha': 0.001, 'clf__early_stopping': False, 'clf__hidden_layer_sizes': (256,), 'clf__learning_rate_init': 0.005}",0.7762372499713484,0.7841061724653056,0.7528508988136318,0.7703712470903855,0.8336890273688115,0.7834509191418965,0.027143223696180482,307,1.0,1.0,1.0,1.0,1.0,1.0,0.0
2.790483522415161,0.1225465116861265,0.008600950241088867,0.000582125646251768,relu,0.001,False,"(256,)",0.01,"{'clf__activation': 'relu', 'clf__alpha': 0.001, 'clf__early_stopping': False, 'clf__hidden_layer_sizes': (256,), 'clf__learning_rate_init': 0.01}",0.7954409582930709,0.7721107011469965,0.7589237235330589,0.7885565054840667,0.8353922914433642,0.7900848359801115,0.025991821070590667,163,1.0,1.0,1.0,1.0,1.0,1.0,0.0
12.008956241607667,0.5086596251878734,0.005977725982666016,0.00013965058465745814,relu,0.001,False,"(32, 16)",0.0001,"{'clf__activation': 'relu', 'clf__alpha': 0.001, 'clf__early_stopping': False, 'clf__hidden_layer_sizes': (32, 16), 'clf__learning_rate_init': 0.0001}",0.7888280893752849,0.7484450480906606,0.7700353506558295,0.7837499895101667,0.8525093042063241,0.7887135563676531,0.034828079716002956,199,0.9989708544348852,0.998972207018184,1.0,0.9989691435742604,1.0,0.9993824410054659,0.0005042357423873494
3.9470391273498535,0.15116505686375403,0.005632781982421875,0.0001770972563620735,relu,0.001,False,"(32, 16)",0.0005,"{'clf__activation': 'relu', 'clf__alpha': 0.001, 'clf__early_stopping': False, 'clf__hidden_layer_sizes': (32, 16), 'clf__learning_rate_init': 0.0005}",0.805034587042295,0.7532309246697958,0.7644649793082867,0.7885561431050153,0.8471536265061724,0.791688052126313,0.03311922443394864,123,1.0,1.0,1.0,1.0,1.0,1.0,0.0
2.571109676361084,0.11147256453679236,0.0055999279022216795,6.764358212128535e-05,relu,0.001,False,"(32, 16)",0.001,"{'clf__activation': 'relu', 'clf__alpha': 0.001, 'clf__early_stopping': False, 'clf__hidden_layer_sizes': (32, 16), 'clf__learning_rate_init': 0.001}",0.8029717622570558,0.7619118232088157,0.7614895749681448,0.7850762450634898,0.8276787199822527,0.7878256250959518,0.02526003324646459,220,1.0,1.0,1.0,1.0,1.0,1.0,0.0
1.074700403213501,0.0739656971660186,0.005551338195800781,0.00024445990643480215,relu,0.001,False,"(32, 16)",0.005,"{'clf__activation': 'relu', 'clf__alpha': 0.001, 'clf__early_stopping': False, 'clf__hidden_layer_sizes': (32, 16), 'clf__learning_rate_init': 0.005}",0.7891061890546205,0.730763430101673,0.7919934092523861,0.7495248985815024,0.8146830099430771,0.7752141873866518,0.030555285412757767,441,1.0,1.0,1.0,1.0,1.0,1.0,0.0
0.8496209144592285,0.07356401100886951,0.005511093139648438,0.0002454644221311687,relu,0.001,False,"(32, 16)",0.01,"{'clf__activation': 'relu', 'clf__alpha': 0.001, 'clf__early_stopping': False, 'clf__hidden_layer_sizes': (32, 16), 'clf__learning_rate_init': 0.01}",0.789112858972014,0.7548895135729372,0.7610022407583383,0.7508600585139251,0.8599510957847503,0.7831631535203929,0.04065902554040854,317,1.0,1.0,1.0,1.0,1.0,1.0,0.0
12.160664653778076,0.44972496459698097,0.006169509887695312,0.00021922208612626658,relu,0.001,False,"(64, 32)",0.0001,"{'clf__activation': 'relu', 'clf__alpha': 0.001, 'clf__early_stopping': False, 'clf__hidden_layer_sizes': (64, 32), 'clf__learning_rate_init': 0.0001}",0.8043866317526973,0.7829843382337468,0.7726498444471294,0.7387016799174839,0.8501954750365024,0.789783593877512,0.03691070652540858,168,1.0,1.0,1.0,1.0,1.0,1.0,0.0
3.823839616775513,0.1711744846319885,0.005954122543334961,0.0002200770397613592,relu,0.001,False,"(64, 32)",0.0005,"{'clf__activation': 'relu', 'clf__alpha': 0.001, 'clf__early_stopping': False, 'clf__hidden_layer_sizes': (64, 32), 'clf__learning_rate_init': 0.0005}",0.7882517764372816,0.7695816126875183,0.7579150172896859,0.7617321665573883,0.8407243460764587,0.7836409838096665,0.030394924574566357,304,1.0,1.0,1.0,1.0,1.0,1.0,0.0
2.5736623764038087,0.07225083184847489,0.005908489227294922,0.0002731556156552784,relu,0.001,False,"(64, 32)",0.001,"{'clf__activation': 'relu', 'clf__alpha': 0.001, 'clf__early_stopping': False, 'clf__hidden_layer_sizes': (64, 32), 'clf__learning_rate_init': 0.001}",0.7833856619570905,0.7878395198351218,0.7598971080732898,0.7730229730476594,0.8392317360680528,0.7886753997962428,0.027047409105331502,202,1.0,1.0,1.0,1.0,1.0,1.0,0.0
1.146981430053711,0.04261642994286574,0.006043434143066406,0.0001458346248087054,relu,0.001,False,"(64, 32)",0.005,"{'clf__activation': 'relu', 'clf__alpha': 0.001, 'clf__early_stopping': False, 'clf__hidden_layer_sizes': (64, 32), 'clf__learning_rate_init': 0.005}",0.7848702808368099,0.8012302562418662,0.769720516355433,0.7818304490746071,0.8593955412747358,0.7994094087566904,0.031633804628040475,26,1.0,1.0,1.0,1.0,1.0,1.0,0.0
0.9358693122863769,0.051754774743161674,0.005882787704467774,0.00029831122406309457,relu,0.001,False,"(64, 32)",0.01,"{'clf__activation': 'relu', 'clf__alpha': 0.001, 'clf__early_stopping': False, 'clf__hidden_layer_sizes': (64, 32), 'clf__learning_rate_init': 0.01}",0.804013361453282,0.7848707468150584,0.7818625900217727,0.7701371156010732,0.8319905536489617,0.7945748735080296,0.021642524866236922,73,1.0,1.0,1.0,1.0,1.0,1.0,0.0
14.32139549255371,0.6714325614491193,0.007518768310546875,0.00029205974265895555,relu,0.001,False,"(128, 64)",0.0001,"{'clf__activation': 'relu', 'clf__alpha': 0.001, 'clf__early_stopping': False, 'clf__hidden_layer_sizes': (128, 64), 'clf__learning_rate_init': 0.0001}",0.8132697044334976,0.7831088007213252,0.7932263809892595,0.7947352789850375,0.8230489489170789,0.8014778228092396,0.014528118361280727,12,1.0,1.0,1.0,1.0,1.0,1.0,0.0
5.13241720199585,0.2405573476470865,0.00752863883972168,0.00033360400005817513,relu,0.001,False,"(128, 64)",0.0005,"{'clf__activation': 'relu', 'clf__alpha': 0.001, 'clf__early_stopping': False, 'clf__hidden_layer_sizes': (128, 64), 'clf__learning_rate_init': 0.0005}",0.8168361155203261,0.7698569023569024,0.8014984625965934,0.7841057647745383,0.8281724795809302,0.8000939449658582,0.021168739699593157,20,1.0,1.0,1.0,1.0,1.0,1.0,0.0
3.317160892486572,0.1265931945403365,0.007563734054565429,0.0002752430553398599,relu,0.001,False,"(128, 64)",0.001,"{'clf__activation': 'relu', 'clf__alpha': 0.001, 'clf__early_stopping': False, 'clf__hidden_layer_sizes': (128, 64), 'clf__learning_rate_init': 0.001}",0.8176724892358316,0.7666141001855288,0.7800094685461983,0.7869960208713316,0.8248362152255324,0.7952256588128845,0.02235408652157722,67,1.0,1.0,1.0,1.0,1.0,1.0,0.0
1.5607916355133056,0.31398902564212533,0.007132911682128906,0.00040721649307663466,relu,0.001,False,"(128, 64)",0.005,"{'clf__activation': 'relu', 'clf__alpha': 0.001, 'clf__early_stopping': False, 'clf__hidden_layer_sizes': (128, 64), 'clf__learning_rate_init': 0.005}",0.8173280423280422,0.7625378787878788,0.7648532857016052,0.7747886313537319,0.8274723933366411,0.7893960463015799,0.027448458743896856,181,1.0,1.0,1.0,1.0,0.9949175368664686,0.9989835073732938,0.002032985253412578
1.2577471256256103,0.25745593874502415,0.007344675064086914,0.0002925618209107129,relu,0.001,False,"(128, 64)",0.01,"{'clf__activation': 'relu', 'clf__alpha': 0.001, 'clf__early_stopping': False, 'clf__hidden_layer_sizes': (128, 64), 'clf__learning_rate_init': 0.01}",0.8275656578160137,0.7802070043323273,0.6998041242228386,0.7771904908922507,0.8050541502040052,0.7779642854934871,0.04314810832942936,392,1.0,0.986881541985493,0.9533834654962111,0.9875987203368422,0.9740795421424153,0.9803886539921922,0.015797674774866252
20.994174098968507,0.5664874001178966,0.009479999542236328,0.0002633362293298625,relu,0.001,False,"(256, 128)",0.0001,"{'clf__activation': 'relu', 'clf__alpha': 0.001, 'clf__early_stopping': False, 'clf__hidden_layer_sizes': (256, 128), 'clf__learning_rate_init': 0.0001}",0.8344534593132723,0.7672970883232845,0.7805842567635021,0.7492537411674879,0.826773449357663,0.7916723989850418,0.033402838379077864,125,1.0,1.0,1.0,1.0,1.0,1.0,0.0
8.030282068252564,0.5775104126271767,0.010220623016357422,0.0004330714402924404,relu,0.001,False,"(256, 128)",0.0005,"{'clf__activation': 'relu', 'clf__alpha': 0.001, 'clf__early_stopping': False, 'clf__hidden_layer_sizes': (256, 128), 'clf__learning_rate_init': 0.0005}",0.8389922393115016,0.7757591738609908,0.7486786074728837,0.7629759101749007,0.8278993873757083,0.7908610636391971,0.035981817529502996,150,1.0,1.0,1.0,1.0,1.0,1.0,0.0
5.534974861145019,0.16680029508301977,0.01013479232788086,0.000819730432750075,relu,0.001,False,"(256, 128)",0.001,"{'clf__activation': 'relu', 'clf__alpha': 0.001, 'clf__early_stopping': False, 'clf__hidden_layer_sizes': (256, 128), 'clf__learning_rate_init': 0.001}",0.823705331650105,0.7694384673565469,0.7620874811686502,0.7740842998121265,0.8425151787920505,0.7943661517558959,0.03241534150384833,77,1.0,1.0,1.0,1.0,1.0,1.0,0.0
2.5577369213104246,0.47615769504201017,0.010558700561523438,0.00015632781707073791,relu,0.001,False,"(256, 128)",0.005,"{'clf__activation': 'relu', 'clf__alpha': 0.001, 'clf__early_stopping': False, 'clf__hidden_layer_sizes': (256, 128), 'clf__learning_rate_init': 0.005}",0.7732896656106953,0.7623956408132051,0.7648652056994619,0.7832019159710614,0.8472678885773539,0.7862040633343554,0.03139035883442921,253,0.993334060052794,0.9860552393156279,0.990875542897822,1.0,1.0,0.9940529684532488,0.005390935025454906
3.538490104675293,0.29928731674634446,0.009943389892578125,0.00022392212024456372,relu,0.001,False,"(256, 128)",0.01,"{'clf__activation': 'relu', 'clf__alpha': 0.001, 'clf__early_stopping': False, 'clf__hidden_layer_sizes': (256, 128), 'clf__learning_rate_init': 0.01}",0.8115765734875569,0.7963479174241506,0.7766057310918684,0.7809338881183541,0.8477748329654783,0.8026477886174817,0.025712035870183697,9,1.0,1.0,1.0,1.0,1.0,1.0,0.0
11.842647171020507,0.6608686935120882,0.006108713150024414,0.0002782326390157178,relu,0.001,False,"(64, 32, 16)",0.0001,"{'clf__activation': 'relu', 'clf__alpha': 0.001, 'clf__early_stopping': False, 'clf__hidden_layer_sizes': (64, 32, 16), 'clf__learning_rate_init': 0.0001}",0.7716732010436154,0.7816066654034821,0.7900403693661248,0.7374692185833491,0.8470958461046654,0.7855770601002473,0.03557506966174495,268,1.0,1.0,1.0,1.0,1.0,1.0,0.0
4.0024114608764645,0.1306091329025659,0.006172704696655274,0.0002091823472207094,relu,0.001,False,"(64, 32, 16)",0.0005,"{'clf__activation': 'relu', 'clf__alpha': 0.001, 'clf__early_stopping': False, 'clf__hidden_layer_sizes': (64, 32, 16), 'clf__learning_rate_init': 0.0005}",0.778584171308941,0.7597010233010184,0.7709713321313102,0.7672403457649588,0.8385932176978217,0.7830180180408102,0.028446446671948997,319,1.0,1.0,1.0,1.0,1.0,1.0,0.0
2.6051321983337403,0.11416793722061326,0.006194925308227539,0.00022137750387799004,relu,0.001,False,"(64, 32, 16)",0.001,"{'clf__activation': 'relu', 'clf__alpha': 0.001, 'clf__early_stopping': False, 'clf__hidden_layer_sizes': (64, 32, 16), 'clf__learning_rate_init': 0.001}",0.7944964962690193,0.7667346279998218,0.7530345377543975,0.7643166522552775,0.864438971721779,0.788604257200059,0.04029639136346891,203,1.0,1.0,1.0,1.0,1.0,1.0,0.0
1.1222754001617432,0.07199771209495276,0.005961084365844726,0.0005289813727146888,relu,0.001,False,"(64, 32, 16)",0.005,"{'clf__activation': 'relu', 'clf__alpha': 0.001, 'clf__early_stopping': False, 'clf__hidden_layer_sizes': (64, 32, 16), 'clf__learning_rate_init': 0.005}",0.793648061126213,0.7930033174719051,0.7585873588408637,0.7592914438502675,0.8672001290631315,0.7943460620704761,0.039541159216627875,78,1.0,1.0,1.0,1.0,1.0,1.0,0.0
0.9025884628295898,0.20140948765806183,0.006152200698852539,0.0001388026527956729,relu,0.001,False,"(64, 32, 16)",0.01,"{'clf__activation': 'relu', 'clf__alpha': 0.001, 'clf__early_stopping': False, 'clf__hidden_layer_sizes': (64, 32, 16), 'clf__learning_rate_init': 0.01}",0.8079251414777731,0.7856898080064666,0.7443811975591152,0.7795305785594354,0.8038776360256232,0.7842808723256827,0.022625733350960766,291,1.0,1.0,0.9674416051235002,0.9760866179788279,0.9897575713869569,0.986657158897857,0.013012680101598643
12.367049312591552,0.35126475206044916,0.007139825820922851,0.00013580123023918252,relu,0.001,False,"(128, 64, 32)",0.0001,"{'clf__activation': 'relu', 'clf__alpha': 0.001, 'clf__early_stopping': False, 'clf__hidden_layer_sizes': (128, 64, 32), 'clf__learning_rate_init': 0.0001}",0.7914252232219527,0.7538067069632935,0.7795741546101465,0.7951753019620702,0.8443209485221834,0.7928604670559292,0.02952057524515555,98,1.0,1.0,1.0,1.0,1.0,1.0,0.0
4.203923511505127,0.23264583721961962,0.007325410842895508,0.00016378388105532324,relu,0.001,False,"(128, 64, 32)",0.0005,"{'clf__activation': 'relu', 'clf__alpha': 0.001, 'clf__early_stopping': False, 'clf__hidden_layer_sizes': (128, 64, 32), 'clf__learning_rate_init': 0.0005}",0.8182247812750958,0.7592102029017275,0.7814529407545975,0.7842058071751657,0.8293529108762592,0.7944893285965693,0.02568717973546532,75,1.0,1.0,1.0,1.0,1.0,1.0,0.0
2.9521317005157472,0.150646896861908,0.007307672500610351,0.00042960637351027704,relu,0.001,False,"(128, 64, 32)",0.001,"{'clf__activation': 'relu', 'clf__alpha': 0.001, 'clf__early_stopping': False, 'clf__hidden_layer_sizes': (128, 64, 32), 'clf__learning_rate_init': 0.001}",0.7930822895677443,0.7744283335216112,0.7853218651952829,0.7866788051914326,0.8447305555336869,0.7968483698019517,0.024681270025692512,44,1.0,1.0,1.0,1.0,1.0,1.0,0.0
1.7560389518737793,0.15687147446470898,0.007698345184326172,0.000321133077902658,relu,0.001,False,"(128, 64, 32)",0.005,"{'clf__activation': 'relu', 'clf__alpha': 0.001, 'clf__early_stopping': False, 'clf__hidden_layer_sizes': (128, 64, 32), 'clf__learning_rate_init': 0.005}",0.8170058608420869,0.7827754339593869,0.7459658463789745,0.7619013373293437,0.8587481690411185,0.7932793295101821,0.040453907449395296,89,1.0,1.0,0.9698444269924212,1.0,0.996368249022322,0.9932425352029487,0.011783306379470379
1.3931966781616212,0.27789187296855,0.007528448104858398,0.00031279890996193397,relu,0.001,False,"(128, 64, 32)",0.01,"{'clf__activation': 'relu', 'clf__alpha': 0.001, 'clf__early_stopping': False, 'clf__hidden_layer_sizes': (128, 64, 32), 'clf__learning_rate_init': 0.01}",0.7615566513156875,0.734465122762995,0.7674261937784823,0.7937073074039398,0.8188026002334037,0.7751915750989016,0.028808367081695038,442,0.9767245733117702,0.9777814162374541,1.0,1.0,0.993421360013934,0.9895854699126316,0.010357386458901621
0.9571449279785156,0.37414649323536575,0.005267715454101563,0.0001889551458677968,relu,0.01,True,"(32,)",0.0001,"{'clf__activation': 'relu', 'clf__alpha': 0.01, 'clf__early_stopping': True, 'clf__hidden_layer_sizes': (32,), 'clf__learning_rate_init': 0.0001}",0.6077057044797994,0.6532866519041635,0.741493896324368,0.6999626709657644,0.6774088982905808,0.6759715643929353,0.04482331533779744,966,0.6496027606495218,0.7516401240932394,0.8046132594599085,0.8455490248116316,0.7023955435002459,0.7507601425029093,0.06993970992653721
0.5535126209259034,0.16931405997345797,0.0052836894989013675,0.00025133089220539194,relu,0.01,True,"(32,)",0.0005,"{'clf__activation': 'relu', 'clf__alpha': 0.01, 'clf__early_stopping': True, 'clf__hidden_layer_sizes': (32,), 'clf__learning_rate_init': 0.0005}",0.800754818083304,0.7236456204346113,0.796244152018887,0.740966281882901,0.7823831174304908,0.7687987979700389,0.03089474650757395,573,0.8454111504488778,0.8293285125116152,0.9276700984589121,0.8800824821623721,0.8362916913202687,0.863756786980409,0.03640780039933431
0.40505499839782716,0.08796725761437504,0.005298089981079101,0.00019914123012526946,relu,0.01,True,"(32,)",0.001,"{'clf__activation': 'relu', 'clf__alpha': 0.01, 'clf__early_stopping': True, 'clf__hidden_layer_sizes': (32,), 'clf__learning_rate_init': 0.001}",0.8131657877147193,0.7513350778290454,0.7840282923664241,0.7462871793984386,0.7968089855961845,0.7783250645809624,0.025857082602606843,382,0.875819812981254,0.8697295074740975,0.9297709758177957,0.9059771191733379,0.8354724645694105,0.8833539760031792,0.032253289354763834
0.24033775329589843,0.026063039792485882,0.005300998687744141,0.00016870711601815356,relu,0.01,True,"(32,)",0.005,"{'clf__activation': 'relu', 'clf__alpha': 0.01, 'clf__early_stopping': True, 'clf__hidden_layer_sizes': (32,), 'clf__learning_rate_init': 0.005}",0.8041657040174561,0.7717541052492508,0.7724013377253198,0.752505937194715,0.8157799633683337,0.783321409511015,0.023197785074206216,311,0.8426677060783787,0.9396070497909756,0.9078080627346968,0.9141802514165762,0.8756400926958197,0.8959806325432893,0.03355706841627918
0.24327826499938965,0.027043707008787315,0.0054443359375,0.00044673739138051025,relu,0.01,True,"(32,)",0.01,"{'clf__activation': 'relu', 'clf__alpha': 0.01, 'clf__early_stopping': True, 'clf__hidden_layer_sizes': (32,), 'clf__learning_rate_init': 0.01}",0.8031820299176573,0.7651271622869422,0.774111803661862,0.7724504603377843,0.8480492148292051,0.7925841342066902,0.03062406794722511,102,0.9533000363586416,0.8964017284059671,0.9697307267061746,0.9281985337782981,0.9069223544507642,0.9309106759399691,0.027502518227707995
1.0023521900177002,0.21546397688897986,0.005694103240966797,0.00018306910630612493,relu,0.01,True,"(64,)",0.0001,"{'clf__activation': 'relu', 'clf__alpha': 0.01, 'clf__early_stopping': True, 'clf__hidden_layer_sizes': (64,), 'clf__learning_rate_init': 0.0001}",0.5637050240806063,0.6902941733476422,0.7026156442326782,0.6506037357804496,0.6987681070127878,0.6611973368908328,0.052135669716591594,971,0.644866749822432,0.7984663867854455,0.7400489117263506,0.7536792885829031,0.7542766589036953,0.7382675991641653,0.050684506365864586
0.5369324684143066,0.157083343786805,0.005682849884033203,0.00023798691773664816,relu,0.01,True,"(64,)",0.0005,"{'clf__activation': 'relu', 'clf__alpha': 0.01, 'clf__early_stopping': True, 'clf__hidden_layer_sizes': (64,), 'clf__learning_rate_init': 0.0005}",0.6572717262754374,0.7482583204301702,0.7483961559908622,0.7378593890386344,0.7363970346473567,0.7256365252764921,0.03455048222283572,932,0.7475047384252332,0.9090272110746911,0.8300959824489236,0.8587808163040137,0.8180597495440172,0.8326936995593757,0.052887432092434856
0.3842440128326416,0.05257974769119601,0.005631637573242187,0.00023091424162613233,relu,0.01,True,"(64,)",0.001,"{'clf__activation': 'relu', 'clf__alpha': 0.01, 'clf__early_stopping': True, 'clf__hidden_layer_sizes': (64,), 'clf__learning_rate_init': 0.001}",0.7425077035207983,0.7551852502036829,0.7703080891398917,0.7005951251524296,0.7698475437605872,0.7476887423554779,0.025704073230741253,864,0.8574970133447156,0.8872016219075042,0.8509196651637256,0.7978823313112304,0.8496118188814937,0.8486224901217339,0.028802520974604368
0.31647467613220215,0.04458433370994239,0.005639028549194336,8.145802348861511e-05,relu,0.01,True,"(64,)",0.005,"{'clf__activation': 'relu', 'clf__alpha': 0.01, 'clf__early_stopping': True, 'clf__hidden_layer_sizes': (64,), 'clf__learning_rate_init': 0.005}",0.7686029153494908,0.7850534301954988,0.7736242066580639,0.7318453687548558,0.8138541427273821,0.7745960127370582,0.02651428873072902,453,0.9553274714186608,0.9330180628050281,0.869141644875976,0.8836590207900932,0.9250735045206234,0.9132439408820764,0.03200705555337621
0.3256678104400635,0.08721005131396452,0.005545616149902344,0.00023066358656007952,relu,0.01,True,"(64,)",0.01,"{'clf__activation': 'relu', 'clf__alpha': 0.01, 'clf__early_stopping': True, 'clf__hidden_layer_sizes': (64,), 'clf__learning_rate_init': 0.01}",0.7724277086683876,0.7850789081089002,0.766342293200648,0.7136745759947816,0.8138891747914304,0.7702825321528295,0.032695748926484934,540,0.966435283591033,0.9211380707719219,0.8982370704899748,0.8864130536049346,0.9645495971103222,0.9273546151136373,0.03308611074637876
1.5866874694824218,0.30628482044999356,0.007083415985107422,0.00024359598541513424,relu,0.01,True,"(128,)",0.0001,"{'clf__activation': 'relu', 'clf__alpha': 0.01, 'clf__early_stopping': True, 'clf__hidden_layer_sizes': (128,), 'clf__learning_rate_init': 0.0001}",0.7205681156730157,0.7128989960638089,0.7089193284177042,0.6994527378786929,0.7726498799771597,0.7228978116020762,0.025790469468079915,935,0.7753363903104353,0.8448404848105628,0.7913721447202536,0.834421009579527,0.804052465827513,0.8100044990496583,0.026054485146621988
0.8746621131896972,0.23257297897295431,0.006805849075317383,0.00019237069550771184,relu,0.01,True,"(128,)",0.0005,"{'clf__activation': 'relu', 'clf__alpha': 0.01, 'clf__early_stopping': True, 'clf__hidden_layer_sizes': (128,), 'clf__learning_rate_init': 0.0005}",0.7968449123386212,0.7561092924998054,0.7647695026441728,0.7264601595587512,0.8188804562212258,0.7726128646525153,0.032223719752680006,488,0.8475247195350096,0.9001632497078077,0.9405315293431632,0.8926940715276868,0.8592363344014222,0.8880299809030179,0.032848539752040266
0.6545142650604248,0.1347189262592875,0.006654787063598633,0.00031444951829670743,relu,0.01,True,"(128,)",0.001,"{'clf__activation': 'relu', 'clf__alpha': 0.01, 'clf__early_stopping': True, 'clf__hidden_layer_sizes': (128,), 'clf__learning_rate_init': 0.001}",0.8068847325957942,0.7483810606221543,0.7635600605988395,0.7296367250331104,0.8210723234492412,0.773906980459828,0.034729205475985465,464,0.9356231165922997,0.8841875811712443,0.9399942714196895,0.8907383921529246,0.8374071966848713,0.897590111604206,0.03766478293503053
0.6274577140808105,0.20724980190798697,0.0069617748260498045,0.0005327599034611168,relu,0.01,True,"(128,)",0.005,"{'clf__activation': 'relu', 'clf__alpha': 0.01, 'clf__early_stopping': True, 'clf__hidden_layer_sizes': (128,), 'clf__learning_rate_init': 0.005}",0.8082359651416522,0.7778655134819519,0.7397074905770558,0.7665049423214197,0.8173470619532264,0.7819321946950611,0.028226104273748442,331,0.9490067983715756,0.9074822708597365,0.9801008253720864,0.9666981239457516,0.9437461331708539,0.9494068303440008,0.024621057537078873
0.5868774890899658,0.06703322036715496,0.007188272476196289,0.00018586237756182565,relu,0.01,True,"(128,)",0.01,"{'clf__activation': 'relu', 'clf__alpha': 0.01, 'clf__early_stopping': True, 'clf__hidden_layer_sizes': (128,), 'clf__learning_rate_init': 0.01}",0.804600377261273,0.7636284353588751,0.7509602764916565,0.7732220945826623,0.8183809198467317,0.7821584207082397,0.025346610589959944,324,0.9492194098766823,0.9153140446088536,0.9662254356172817,0.9161340984359401,0.9684358805122124,0.9430657738101939,0.02329529179065155
2.3558912754058836,0.39347362987143153,0.007872343063354492,0.0003405814534678479,relu,0.01,True,"(256,)",0.0001,"{'clf__activation': 'relu', 'clf__alpha': 0.01, 'clf__early_stopping': True, 'clf__hidden_layer_sizes': (256,), 'clf__learning_rate_init': 0.0001}",0.7722804718217562,0.7649303281797756,0.7384489899061633,0.704233611491676,0.7497651852373692,0.745931717327348,0.023935842554162964,876,0.852248991112061,0.8761256422454371,0.8494077584549143,0.8333621539339922,0.8087009844041184,0.8439691060301046,0.022309307897516055
1.3507459163665771,0.46667798645440567,0.008233022689819337,0.0004151328908610016,relu,0.01,True,"(256,)",0.0005,"{'clf__activation': 'relu', 'clf__alpha': 0.01, 'clf__early_stopping': True, 'clf__hidden_layer_sizes': (256,), 'clf__learning_rate_init': 0.0005}",0.7870052291717067,0.7839846716665472,0.7866812940782868,0.7186196623634559,0.8230742077516271,0.7798730130063247,0.03385983794386069,355,0.8312701819883906,0.909796357172141,0.9585570224610138,0.8166127888984048,0.9333586671967409,0.8899190035433383,0.056225930996118785
1.4805671215057372,0.29623251798963235,0.00804123878479004,0.00016855438814438446,relu,0.01,True,"(256,)",0.001,"{'clf__activation': 'relu', 'clf__alpha': 0.01, 'clf__early_stopping': True, 'clf__hidden_layer_sizes': (256,), 'clf__learning_rate_init': 0.001}",0.8060958374509193,0.7708166830212514,0.7902472279641839,0.7969878712991976,0.8318315439871038,0.7991958327445312,0.020015136639713573,27,0.9549000262912875,0.9476577072539325,0.9809888922378677,0.9541035667643256,0.9484022992711638,0.9572104983637153,0.012241270437632299
1.1787373065948485,0.22832034952878305,0.008199977874755859,0.00022627811835421134,relu,0.01,True,"(256,)",0.005,"{'clf__activation': 'relu', 'clf__alpha': 0.01, 'clf__early_stopping': True, 'clf__hidden_layer_sizes': (256,), 'clf__learning_rate_init': 0.005}",0.7856161695447409,0.7769529212860304,0.7874864279263796,0.7949256130902135,0.8344479909931417,0.7958858245681012,0.020111853173722348,58,0.9785594352121497,0.9602521925181045,0.949065797767352,0.9834167891133813,0.9768560885852948,0.9696300606392565,0.012906249727335287
1.056192445755005,0.1993745147252182,0.008304738998413086,0.0003863081338751658,relu,0.01,True,"(256,)",0.01,"{'clf__activation': 'relu', 'clf__alpha': 0.01, 'clf__early_stopping': True, 'clf__hidden_layer_sizes': (256,), 'clf__learning_rate_init': 0.01}",0.8005169677301769,0.7530043297549199,0.7576121241019009,0.7860421550689919,0.8425023268182422,0.7879355806948465,0.032493416117118,217,0.9779107743054725,0.8806356317135855,0.9471637449021991,0.9639792942995141,0.9801012031146522,0.9499581296670847,0.036605916422136606
1.1060011863708497,0.22102681900202117,0.005360794067382812,0.00014719797021629292,relu,0.01,True,"(32, 16)",0.0001,"{'clf__activation': 'relu', 'clf__alpha': 0.01, 'clf__early_stopping': True, 'clf__hidden_layer_sizes': (32, 16), 'clf__learning_rate_init': 0.0001}",0.634416762489763,0.6498501064868969,0.6408429223829886,0.6098587644729943,0.5542840722495894,0.6178505256164464,0.03444307166590178,991,0.6639671520594482,0.7723974422020402,0.7188621751891834,0.7079370593363312,0.6274652845039589,0.6981258226581925,0.0494009242432355
0.7022541522979736,0.059756428989021906,0.005549430847167969,0.00028101138845407675,relu,0.01,True,"(32, 16)",0.0005,"{'clf__activation': 'relu', 'clf__alpha': 0.01, 'clf__early_stopping': True, 'clf__hidden_layer_sizes': (32, 16), 'clf__learning_rate_init': 0.0005}",0.7559843306830335,0.7084257445581017,0.7481537744524227,0.741688126010717,0.7988540086670928,0.7506211968742734,0.02905688029475874,851,0.850378519167402,0.8533377961004934,0.8826778804017925,0.8887668859638268,0.8741814793048138,0.8698685121876657,0.015446388141353948
0.5218810081481934,0.10465699985233022,0.005300283432006836,8.533826611124644e-05,relu,0.01,True,"(32, 16)",0.001,"{'clf__activation': 'relu', 'clf__alpha': 0.01, 'clf__early_stopping': True, 'clf__hidden_layer_sizes': (32, 16), 'clf__learning_rate_init': 0.001}",0.7974327594251325,0.7458783079210564,0.7725686857674042,0.7211958977139243,0.7716556519638712,0.7617462605582778,0.026019112108280052,726,0.9169418693354864,0.9067304822080837,0.9342398112243397,0.876286235301689,0.8357027719200424,0.8939802339979283,0.03469864337793886
0.2865322113037109,0.03994986264074186,0.005258321762084961,0.00033249188638998075,relu,0.01,True,"(32, 16)",0.005,"{'clf__activation': 'relu', 'clf__alpha': 0.01, 'clf__early_stopping': True, 'clf__hidden_layer_sizes': (32, 16), 'clf__learning_rate_init': 0.005}",0.7977500068487909,0.7552948046376835,0.7646406392076626,0.7417600551957154,0.8089339339339339,0.7736758879647573,0.025537475722271427,469,0.91211535186744,0.9247364172945427,0.9512829373141347,0.8522858676477238,0.8684545617215558,0.9017750271690794,0.036454385870734164
0.29555540084838866,0.010199210784694886,0.0053119659423828125,0.00010143706107255792,relu,0.01,True,"(32, 16)",0.01,"{'clf__activation': 'relu', 'clf__alpha': 0.01, 'clf__early_stopping': True, 'clf__hidden_layer_sizes': (32, 16), 'clf__learning_rate_init': 0.01}",0.7873809828151282,0.7816666666666666,0.7535270954632076,0.7690409176221765,0.8079863999848045,0.7799204125103967,0.01822843799967511,354,0.9259821072894092,0.9541951726988138,0.9374746789618528,0.9393227702256727,0.9513147778963489,0.9416579014144195,0.010189417489255828
1.5864715099334716,0.48166483421560385,0.006137180328369141,0.0005295323208943789,relu,0.01,True,"(64, 32)",0.0001,"{'clf__activation': 'relu', 'clf__alpha': 0.01, 'clf__early_stopping': True, 'clf__hidden_layer_sizes': (64, 32), 'clf__learning_rate_init': 0.0001}",0.7523125398125398,0.7173179673179673,0.7034633986951372,0.6761504465099326,0.6622842133711699,0.7023057131413493,0.03166452002302351,953,0.8462757896600762,0.8623034593574471,0.7624692306835746,0.8249977205830241,0.7285097676074745,0.8049111935783193,0.05108202942741613
1.0860546112060547,0.21025380609639863,0.005841398239135742,0.00014464205786565365,relu,0.01,True,"(64, 32)",0.0005,"{'clf__activation': 'relu', 'clf__alpha': 0.01, 'clf__early_stopping': True, 'clf__hidden_layer_sizes': (64, 32), 'clf__learning_rate_init': 0.0005}",0.7845402915866405,0.7769614318910094,0.7723141268491036,0.7439897225729382,0.8037520463237511,0.7763115238446886,0.019399975737791193,426,0.9306568524055578,0.9561542403961565,0.9637868873806622,0.9069999645359021,0.9258803521919515,0.9366956593820461,0.02072603850843857
0.8118206977844238,0.15624571904972184,0.005784320831298828,0.00023525540088739042,relu,0.01,True,"(64, 32)",0.001,"{'clf__activation': 'relu', 'clf__alpha': 0.01, 'clf__early_stopping': True, 'clf__hidden_layer_sizes': (64, 32), 'clf__learning_rate_init': 0.001}",0.8015879674017258,0.7971092445230376,0.7883846872082166,0.7385068527880929,0.823069327742225,0.7897316159326595,0.028043523597005106,171,0.9494594800383993,0.9636610064139165,0.9595916033651882,0.9796998611844373,0.9319561968387138,0.956873629568131,0.01581354345416428
0.47460408210754396,0.13344808961896393,0.005668067932128906,0.00015377629445700397,relu,0.01,True,"(64, 32)",0.005,"{'clf__activation': 'relu', 'clf__alpha': 0.01, 'clf__early_stopping': True, 'clf__hidden_layer_sizes': (64, 32), 'clf__learning_rate_init': 0.005}",0.813702632412517,0.7708149115462826,0.7705297656325101,0.7523170514192529,0.8133492987924756,0.7841427319606077,0.02491035468233219,295,0.9837723906116561,0.9393548066914773,0.9875560339533597,0.9529091775523153,0.8952355583434118,0.9517655934304441,0.03363441980379209
0.4165024280548096,0.056539869536992006,0.005524158477783203,0.0002757280510777768,relu,0.01,True,"(64, 32)",0.01,"{'clf__activation': 'relu', 'clf__alpha': 0.01, 'clf__early_stopping': True, 'clf__hidden_layer_sizes': (64, 32), 'clf__learning_rate_init': 0.01}",0.8183976214333024,0.7771278156109267,0.7733352819710156,0.750534866399686,0.8385449735449736,0.7915881117919809,0.032097761891616956,127,0.9603142174909705,0.9654353944809799,0.9418376397578351,0.9335341525967089,0.9770347038393796,0.9556312216331747,0.015841115282322373
2.142873001098633,0.5201275912998383,0.007419681549072266,0.0006130388007701821,relu,0.01,True,"(128, 64)",0.0001,"{'clf__activation': 'relu', 'clf__alpha': 0.01, 'clf__early_stopping': True, 'clf__hidden_layer_sizes': (128, 64), 'clf__learning_rate_init': 0.0001}",0.8154803930253502,0.6806133590701822,0.7008195592930266,0.7283310473904533,0.7708206495440538,0.7392130016646131,0.048666517951468105,891,0.8973523313435348,0.8270457485287093,0.8234765380868314,0.8440592206446647,0.8483400671799038,0.8480547811567287,0.026426364981621618
1.0333797454833984,0.16131371845852618,0.0070952892303466795,0.00015841980074897405,relu,0.01,True,"(128, 64)",0.0005,"{'clf__activation': 'relu', 'clf__alpha': 0.01, 'clf__early_stopping': True, 'clf__hidden_layer_sizes': (128, 64), 'clf__learning_rate_init': 0.0005}",0.8339865791454669,0.7302052114552114,0.7669507653755245,0.7485664189210093,0.8209883152123751,0.7801394580219174,0.040576764235295305,350,0.9341503106253017,0.8726333527132533,0.9433002499903292,0.9060774181300817,0.9072886722644234,0.9126900007446779,0.024799064130540102
0.9597960472106933,0.3226765132142349,0.00702056884765625,0.00034907390389763023,relu,0.01,True,"(128, 64)",0.001,"{'clf__activation': 'relu', 'clf__alpha': 0.01, 'clf__early_stopping': True, 'clf__hidden_layer_sizes': (128, 64), 'clf__learning_rate_init': 0.001}",0.8217864528954755,0.7529691801561148,0.7806356154947705,0.7162757996816317,0.8240880028670727,0.7791510102190131,0.041177903440697425,369,0.9383175973809181,0.9585605381059926,0.9788258255530506,0.8070558848411447,0.9611035537423267,0.9287726799246865,0.06219968318052946
0.7617120742797852,0.22334097632524333,0.007512855529785156,0.0006112942716951129,relu,0.01,True,"(128, 64)",0.005,"{'clf__activation': 'relu', 'clf__alpha': 0.01, 'clf__early_stopping': True, 'clf__hidden_layer_sizes': (128, 64), 'clf__learning_rate_init': 0.005}",0.8263736263736264,0.7991795847922688,0.7710119971742362,0.7782098770659687,0.7977172488460882,0.7944984668504377,0.019314407225526898,74,0.9771260847769875,0.899247820328569,0.9816227242767639,0.9601546598238087,0.9455551046377346,0.9527412787687727,0.029654362484774148
0.637437391281128,0.08960650244201113,0.007232570648193359,0.0003647972115537958,relu,0.01,True,"(128, 64)",0.01,"{'clf__activation': 'relu', 'clf__alpha': 0.01, 'clf__early_stopping': True, 'clf__hidden_layer_sizes': (128, 64), 'clf__learning_rate_init': 0.01}",0.830809291303742,0.7687601621578526,0.7748523053880036,0.7563158250272815,0.8348903523441691,0.7931255872442098,0.033005764706800014,94,0.8749590247693145,0.9439045770177956,0.9666640252592265,0.9741387649094821,0.9161361779913355,0.9351605139894309,0.03626121500955212
3.180234909057617,1.0908109770303713,0.009200000762939453,0.00040831233690027355,relu,0.01,True,"(256, 128)",0.0001,"{'clf__activation': 'relu', 'clf__alpha': 0.01, 'clf__early_stopping': True, 'clf__hidden_layer_sizes': (256, 128), 'clf__learning_rate_init': 0.0001}",0.7465201806515035,0.7125893098878218,0.705540686396056,0.7432889424565147,0.7820135191446954,0.7379905277073183,0.02733885886842294,900,0.8192049908960666,0.8167839921466195,0.859917220289992,0.9235573168130721,0.9122738552874615,0.8663474750866422,0.04494997046109776
1.703535270690918,0.5436960494336737,0.009375953674316406,0.000424484889474849,relu,0.01,True,"(256, 128)",0.0005,"{'clf__activation': 'relu', 'clf__alpha': 0.01, 'clf__early_stopping': True, 'clf__hidden_layer_sizes': (256, 128), 'clf__learning_rate_init': 0.0005}",0.8034205461261354,0.7220552589527438,0.7245827788041121,0.7413918229380789,0.7941850800892476,0.7571270973820636,0.0347940881854633,799,0.9109028044092411,0.8808956780567355,0.8721838494904711,0.9287083166869811,0.9697653067982283,0.9124911910883313,0.03512492190935572
1.5384303092956544,0.3701917342151672,0.009410285949707031,0.0003009520467914245,relu,0.01,True,"(256, 128)",0.001,"{'clf__activation': 'relu', 'clf__alpha': 0.01, 'clf__early_stopping': True, 'clf__hidden_layer_sizes': (256, 128), 'clf__learning_rate_init': 0.001}",0.8038734251123576,0.7809413899155351,0.7149030233692135,0.7747222222222222,0.8266278114408956,0.7802135744120448,0.03744388515079464,347,0.9139625382721119,0.96778697601543,0.8680108826581141,0.9802059165403684,0.9518904170126866,0.9363713460997423,0.04080333457188152
1.168382215499878,0.3180004128926154,0.009732484817504883,0.0002653191964564587,relu,0.01,True,"(256, 128)",0.005,"{'clf__activation': 'relu', 'clf__alpha': 0.01, 'clf__early_stopping': True, 'clf__hidden_layer_sizes': (256, 128), 'clf__learning_rate_init': 0.005}",0.8282523207133949,0.7431758565264339,0.7870984187160658,0.7473474386095746,0.8481211628746839,0.7907990394880307,0.04209103912353121,153,0.8990215293859392,0.8618044591173586,0.9323765429707608,0.8677782857670637,0.9791748688165799,0.9080311372115404,0.04357178026768318
1.3909741401672364,0.23748342393426572,0.012366819381713866,0.00515605241441914,relu,0.01,True,"(256, 128)",0.01,"{'clf__activation': 'relu', 'clf__alpha': 0.01, 'clf__early_stopping': True, 'clf__hidden_layer_sizes': (256, 128), 'clf__learning_rate_init': 0.01}",0.8234336005161651,0.7552789866559068,0.7813596904598309,0.7435218946642235,0.8416972748440328,0.7890582894280318,0.03801683250340926,191,0.8885020039161688,0.9687613283340444,0.9187934260014311,0.9630318608550033,0.955248755120331,0.9388674748453957,0.030612267050908748
1.2579626560211181,0.7396443121672234,0.006197547912597657,0.0003975018371335454,relu,0.01,True,"(64, 32, 16)",0.0001,"{'clf__activation': 'relu', 'clf__alpha': 0.01, 'clf__early_stopping': True, 'clf__hidden_layer_sizes': (64, 32, 16), 'clf__learning_rate_init': 0.0001}",0.7268308547821885,0.7074480648649446,0.7108557420019985,0.26325757575757575,0.2687156904144296,0.5354215855642274,0.22009681683744384,999,0.7988455998700361,0.8207111073692341,0.8117512603149161,0.27143934855443874,0.2710265947280987,0.5947547821673448,0.26424594727365097
1.0019120693206787,0.23726976611120057,0.0058074951171875,0.00011890138917309625,relu,0.01,True,"(64, 32, 16)",0.0005,"{'clf__activation': 'relu', 'clf__alpha': 0.01, 'clf__early_stopping': True, 'clf__hidden_layer_sizes': (64, 32, 16), 'clf__learning_rate_init': 0.0005}",0.742131416329252,0.7465279818220995,0.7383450838935344,0.7208270654823955,0.8345693836330188,0.75648018623206,0.04000720754335707,817,0.8608108932749846,0.9625178968207553,0.9148912811890442,0.8673698336277316,0.9052965479508773,0.9021772905726786,0.036701776444022206
0.6988045692443847,0.14367706177089443,0.0059144020080566405,0.00027398585107220715,relu,0.01,True,"(64, 32, 16)",0.001,"{'clf__activation': 'relu', 'clf__alpha': 0.01, 'clf__early_stopping': True, 'clf__hidden_layer_sizes': (64, 32, 16), 'clf__learning_rate_init': 0.001}",0.8020162846008088,0.7570926332718785,0.7487949437459274,0.755635487333393,0.8279124668761626,0.778290363165634,0.031169983775978523,383,0.930572012382235,0.9579760322580287,0.9090842629533409,0.8827648967417556,0.8937836819682368,0.9148361772607194,0.026883164644535038
0.5171422004699707,0.11335699736920161,0.005923700332641601,0.0002506532247417819,relu,0.01,True,"(64, 32, 16)",0.005,"{'clf__activation': 'relu', 'clf__alpha': 0.01, 'clf__early_stopping': True, 'clf__hidden_layer_sizes': (64, 32, 16), 'clf__learning_rate_init': 0.005}",0.7983967958771486,0.7562104316412518,0.7706190812601974,0.7854507455275361,0.8157244174265451,0.7852802943465359,0.020779433981634395,277,0.9535858031450613,0.9317040804448968,0.9642955219931256,0.9821985166846007,0.931450649355309,0.9526469143245986,0.01948205694703337
0.48215856552124026,0.1175029417223666,0.005782222747802735,0.0003774314336462451,relu,0.01,True,"(64, 32, 16)",0.01,"{'clf__activation': 'relu', 'clf__alpha': 0.01, 'clf__early_stopping': True, 'clf__hidden_layer_sizes': (64, 32, 16), 'clf__learning_rate_init': 0.01}",0.7948618085405535,0.7599735236928932,0.7304060133711332,0.7722289163078636,0.8123143076631449,0.7739569139151177,0.02829666549426446,462,0.9706626220258159,0.951702539633963,0.9003827903645979,0.9805352263121226,0.950867089323976,0.950830053532095,0.027645676073078655
2.4757778644561768,0.6853157141421817,0.006916666030883789,0.0002305134394902818,relu,0.01,True,"(128, 64, 32)",0.0001,"{'clf__activation': 'relu', 'clf__alpha': 0.01, 'clf__early_stopping': True, 'clf__hidden_layer_sizes': (128, 64, 32), 'clf__learning_rate_init': 0.0001}",0.7556675506136981,0.6911431279976321,0.6975074510121239,0.746546767186302,0.7875195729887831,0.7356768939597078,0.036457116046186296,909,0.893329699120687,0.8049169518633701,0.7857716671689122,0.9034094516639095,0.9166375089618488,0.8608130557557455,0.05430237388408651
1.2551763534545899,0.1955759425285309,0.006808948516845703,0.00023386076762246037,relu,0.01,True,"(128, 64, 32)",0.0005,"{'clf__activation': 'relu', 'clf__alpha': 0.01, 'clf__early_stopping': True, 'clf__hidden_layer_sizes': (128, 64, 32), 'clf__learning_rate_init': 0.0005}",0.769450800522229,0.7672150166069738,0.7621292746659821,0.7668692738340225,0.8013422767647579,0.7734013284787931,0.014172513198943519,476,0.8975944434085442,0.9787738693329227,0.9764527187461802,0.940903683571117,0.9406480152767592,0.9468745460671046,0.02964923110813411
1.0006335258483887,0.11185454613801322,0.006880712509155273,0.0002111758510569129,relu,0.01,True,"(128, 64, 32)",0.001,"{'clf__activation': 'relu', 'clf__alpha': 0.01, 'clf__early_stopping': True, 'clf__hidden_layer_sizes': (128, 64, 32), 'clf__learning_rate_init': 0.001}",0.8014619630567708,0.7548168100399337,0.7882522018469482,0.7571383156024024,0.8167020901928023,0.7836742761477715,0.024352027686019444,302,0.9768365801405985,0.9607138806980736,0.9522732849479212,0.9315740505403861,0.9705201440968814,0.9583835880847721,0.015807126741309546
0.7175345897674561,0.21163362207348863,0.006787681579589843,0.0002373630810936635,relu,0.01,True,"(128, 64, 32)",0.005,"{'clf__activation': 'relu', 'clf__alpha': 0.01, 'clf__early_stopping': True, 'clf__hidden_layer_sizes': (128, 64, 32), 'clf__learning_rate_init': 0.005}",0.7910533325322439,0.7724199019024677,0.761190197029846,0.7725220036052073,0.8316517261110052,0.785767432236154,0.024863417312776123,264,0.8644445424268212,0.96973940220477,0.9093162799134227,0.9423787547916563,0.9814889176142508,0.9334735793901843,0.042540728297058336
0.7001840114593506,0.05612593668402951,0.006892156600952148,0.00021286431602364605,relu,0.01,True,"(128, 64, 32)",0.01,"{'clf__activation': 'relu', 'clf__alpha': 0.01, 'clf__early_stopping': True, 'clf__hidden_layer_sizes': (128, 64, 32), 'clf__learning_rate_init': 0.01}",0.8004255785173907,0.7825789386849296,0.7764461640236882,0.7853416797078768,0.8303627064089116,0.7950310134685594,0.019348198066636346,69,0.9413685805919675,0.9609466033168874,0.9414111227197073,0.9026450642008352,0.9475132426767442,0.9387769227012284,0.019426708029758114
12.386590957641602,0.30375114395743485,0.005702018737792969,0.0002546818018264913,relu,0.01,False,"(32,)",0.0001,"{'clf__activation': 'relu', 'clf__alpha': 0.01, 'clf__early_stopping': False, 'clf__hidden_layer_sizes': (32,), 'clf__learning_rate_init': 0.0001}",0.81572002690668,0.7810083813278648,0.7983854504304708,0.7796099142386093,0.8233777646483094,0.7996203075103868,0.01773111525777369,24,1.0,0.9985757940845588,1.0,1.0,0.9985736545607096,0.9994298897290538,0.0006982399582621885
4.434643125534057,0.23224603133813806,0.005316305160522461,5.83870306509497e-05,relu,0.01,False,"(32,)",0.0005,"{'clf__activation': 'relu', 'clf__alpha': 0.01, 'clf__early_stopping': False, 'clf__hidden_layer_sizes': (32,), 'clf__learning_rate_init': 0.0005}",0.7941412585617438,0.7764028163166321,0.7680981279134305,0.7794711437733793,0.8363207547169811,0.7908868202564334,0.024225037905631387,147,1.0,1.0,1.0,1.0,1.0,1.0,0.0
2.873243522644043,0.08055811482168967,0.005448436737060547,9.960186613872573e-05,relu,0.01,False,"(32,)",0.001,"{'clf__activation': 'relu', 'clf__alpha': 0.01, 'clf__early_stopping': False, 'clf__hidden_layer_sizes': (32,), 'clf__learning_rate_init': 0.001}",0.8103102134276462,0.7726075420250178,0.785937902029856,0.7708342149099019,0.8378744766286023,0.7955128698042049,0.02545127567332904,65,1.0,1.0,1.0,1.0,1.0,1.0,0.0
1.2101258277893066,0.03454022628271694,0.005397224426269531,0.0001322261443665928,relu,0.01,False,"(32,)",0.005,"{'clf__activation': 'relu', 'clf__alpha': 0.01, 'clf__early_stopping': False, 'clf__hidden_layer_sizes': (32,), 'clf__learning_rate_init': 0.005}",0.8011689291101056,0.765850785268261,0.7574628880892584,0.7527854445786135,0.8313603322949117,0.7817256758682299,0.030066164453376266,335,1.0,1.0,1.0,1.0,1.0,1.0,0.0
0.9196565628051758,0.027345275091067937,0.005385637283325195,0.0001589761784297081,relu,0.01,False,"(32,)",0.01,"{'clf__activation': 'relu', 'clf__alpha': 0.01, 'clf__early_stopping': False, 'clf__hidden_layer_sizes': (32,), 'clf__learning_rate_init': 0.01}",0.798274838369178,0.7740570432538723,0.7619378320379406,0.7717304905714406,0.829373526287021,0.7870747461038905,0.024295678981362864,236,1.0,1.0,1.0,1.0,1.0,1.0,0.0
13.745934772491456,0.8367854940266074,0.005751419067382813,0.0007435991560667013,relu,0.01,False,"(64,)",0.0001,"{'clf__activation': 'relu', 'clf__alpha': 0.01, 'clf__early_stopping': False, 'clf__hidden_layer_sizes': (64,), 'clf__learning_rate_init': 0.0001}",0.7963996309213242,0.7657459841182646,0.7927617399084599,0.7630868556615289,0.8497247144772173,0.7935437850173589,0.031194251284378808,85,1.0,1.0,1.0,1.0,0.9985736545607096,0.999714730912142,0.0005705381757161732
4.998083829879761,0.22957771696166135,0.006054210662841797,0.0003537964431324657,relu,0.01,False,"(64,)",0.0005,"{'clf__activation': 'relu', 'clf__alpha': 0.01, 'clf__early_stopping': False, 'clf__hidden_layer_sizes': (64,), 'clf__learning_rate_init': 0.0005}",0.7774690181675388,0.775079166641271,0.8028560721760281,0.7689805489055724,0.8372805854221665,0.7923330782625154,0.025278410459830692,106,1.0,1.0,1.0,1.0,1.0,1.0,0.0
3.187810468673706,0.19941890178298435,0.005673551559448242,0.00019674116236399758,relu,0.01,False,"(64,)",0.001,"{'clf__activation': 'relu', 'clf__alpha': 0.01, 'clf__early_stopping': False, 'clf__hidden_layer_sizes': (64,), 'clf__learning_rate_init': 0.001}",0.7963100404785802,0.7748795757406325,0.785174468350569,0.7515170034089964,0.8317936280384512,0.7879349432034458,0.026450163211968622,218,1.0,1.0,1.0,1.0,1.0,1.0,0.0
1.4325439929962158,0.08645835835827878,0.0057547569274902345,9.56302121865607e-05,relu,0.01,False,"(64,)",0.005,"{'clf__activation': 'relu', 'clf__alpha': 0.01, 'clf__early_stopping': False, 'clf__hidden_layer_sizes': (64,), 'clf__learning_rate_init': 0.005}",0.7935398556306301,0.771924449512916,0.7623831903385652,0.7553946706887883,0.8436880688348398,0.785386047001148,0.031860442620109876,273,1.0,1.0,1.0,1.0,1.0,1.0,0.0
1.177312469482422,0.08966792241434489,0.005726528167724609,0.00021826042594542792,relu,0.01,False,"(64,)",0.01,"{'clf__activation': 'relu', 'clf__alpha': 0.01, 'clf__early_stopping': False, 'clf__hidden_layer_sizes': (64,), 'clf__learning_rate_init': 0.01}",0.7797758820127241,0.7505392393015307,0.7607271125944584,0.7652956649857131,0.8447163255984604,0.7802108448985774,0.033596514188449465,348,1.0,1.0,1.0,1.0,1.0,1.0,0.0
19.312583875656127,0.9138722819863946,0.00746917724609375,0.00015769812987421705,relu,0.01,False,"(128,)",0.0001,"{'clf__activation': 'relu', 'clf__alpha': 0.01, 'clf__early_stopping': False, 'clf__hidden_layer_sizes': (128,), 'clf__learning_rate_init': 0.0001}",0.8101715394682126,0.7703378330468975,0.7628852982827155,0.7726772119936453,0.8382670945198563,0.7908677954622654,0.028826116338857902,149,1.0,1.0,1.0,1.0,1.0,1.0,0.0
7.004645586013794,0.3284805588672242,0.0071164131164550785,0.0003653199313911798,relu,0.01,False,"(128,)",0.0005,"{'clf__activation': 'relu', 'clf__alpha': 0.01, 'clf__early_stopping': False, 'clf__hidden_layer_sizes': (128,), 'clf__learning_rate_init': 0.0005}",0.805414107390529,0.7807706596366389,0.7562333718912666,0.767275641025641,0.8439722911497106,0.7907332142187572,0.031271959616611014,154,1.0,1.0,1.0,1.0,1.0,1.0,0.0
4.432317447662354,0.21429318984989904,0.007234382629394531,0.0001546592048360913,relu,0.01,False,"(128,)",0.001,"{'clf__activation': 'relu', 'clf__alpha': 0.01, 'clf__early_stopping': False, 'clf__hidden_layer_sizes': (128,), 'clf__learning_rate_init': 0.001}",0.8103183884497358,0.7652719613333344,0.7529167945372163,0.7763461538461539,0.8437444155520053,0.7897195427436892,0.0330876816031161,172,1.0,1.0,1.0,1.0,1.0,1.0,0.0
2.1802236557006838,0.1732307617287479,0.006985759735107422,0.00018530143514232364,relu,0.01,False,"(128,)",0.005,"{'clf__activation': 'relu', 'clf__alpha': 0.01, 'clf__early_stopping': False, 'clf__hidden_layer_sizes': (128,), 'clf__learning_rate_init': 0.005}",0.8237498533340039,0.7909383287341826,0.7515016700572772,0.7664978320095162,0.8289997005091345,0.7923374769288228,0.030555078194467532,105,1.0,1.0,1.0,1.0,1.0,1.0,0.0
2.0764389991760255,0.22095970771734305,0.007091617584228516,0.00037190628567268015,relu,0.01,False,"(128,)",0.01,"{'clf__activation': 'relu', 'clf__alpha': 0.01, 'clf__early_stopping': False, 'clf__hidden_layer_sizes': (128,), 'clf__learning_rate_init': 0.01}",0.8184310047735626,0.8127776380505254,0.7429378899095943,0.7752353625455425,0.8245335910603351,0.794783097267912,0.031106778576602996,72,1.0,1.0,1.0,1.0,1.0,1.0,0.0
25.051157999038697,0.34722020527440617,0.008576011657714844,0.00038089376718984663,relu,0.01,False,"(256,)",0.0001,"{'clf__activation': 'relu', 'clf__alpha': 0.01, 'clf__early_stopping': False, 'clf__hidden_layer_sizes': (256,), 'clf__learning_rate_init': 0.0001}",0.7915653854593946,0.7733955067003012,0.7601926592167322,0.7883487568463089,0.8279812848060386,0.788296718605755,0.022792261651166667,209,1.0,1.0,1.0,1.0,1.0,1.0,0.0
9.730810022354126,0.1592673705074553,0.00834207534790039,0.00023925151287514486,relu,0.01,False,"(256,)",0.0005,"{'clf__activation': 'relu', 'clf__alpha': 0.01, 'clf__early_stopping': False, 'clf__hidden_layer_sizes': (256,), 'clf__learning_rate_init': 0.0005}",0.7937038762305785,0.7838382602777676,0.7601888808256734,0.777351207283057,0.8326687754314057,0.7895502000096963,0.02416606428782901,179,1.0,1.0,1.0,1.0,1.0,1.0,0.0
6.575242710113526,0.09469394213907847,0.008373212814331055,0.0003429255373185695,relu,0.01,False,"(256,)",0.001,"{'clf__activation': 'relu', 'clf__alpha': 0.01, 'clf__early_stopping': False, 'clf__hidden_layer_sizes': (256,), 'clf__learning_rate_init': 0.001}",0.795400634501346,0.7821805817161855,0.7667181703273253,0.7799706811034451,0.8328515201356019,0.7914243175567808,0.022623219758335637,131,1.0,1.0,1.0,1.0,1.0,1.0,0.0
3.8087283611297607,0.4505622138088239,0.008833074569702148,0.0004026508680278425,relu,0.01,False,"(256,)",0.005,"{'clf__activation': 'relu', 'clf__alpha': 0.01, 'clf__early_stopping': False, 'clf__hidden_layer_sizes': (256,), 'clf__learning_rate_init': 0.005}",0.7872750886704062,0.7865286412319037,0.7642839829167718,0.7791465030457402,0.833086918282079,0.7900642268293802,0.02304365121169167,164,1.0,1.0,1.0,1.0,1.0,1.0,0.0
5.578485536575317,0.42708666473230655,0.00815753936767578,0.00013241746419601435,relu,0.01,False,"(256,)",0.01,"{'clf__activation': 'relu', 'clf__alpha': 0.01, 'clf__early_stopping': False, 'clf__hidden_layer_sizes': (256,), 'clf__learning_rate_init': 0.01}",0.7832944292023064,0.792351598173516,0.7568099812456729,0.7974078583030444,0.8317142905538206,0.7923156314956721,0.024167001028398045,108,1.0,1.0,1.0,1.0,1.0,1.0,0.0
11.937979412078857,0.6175698745991873,0.005889272689819336,0.0002291518645060842,relu,0.01,False,"(32, 16)",0.0001,"{'clf__activation': 'relu', 'clf__alpha': 0.01, 'clf__early_stopping': False, 'clf__hidden_layer_sizes': (32, 16), 'clf__learning_rate_init': 0.0001}",0.7897395958143621,0.7452572954680026,0.7712318573066237,0.7764445983785606,0.8471786519776787,0.7859703997890456,0.03384133379504673,261,0.9989708544348852,0.998972207018184,1.0,0.9989691435742604,1.0,0.9993824410054659,0.0005042357423873494
4.082760190963745,0.21757227740242974,0.005592775344848633,0.00017996199492453105,relu,0.01,False,"(32, 16)",0.0005,"{'clf__activation': 'relu', 'clf__alpha': 0.01, 'clf__early_stopping': False, 'clf__hidden_layer_sizes': (32, 16), 'clf__learning_rate_init': 0.0005}",0.8028864263722288,0.747234402052097,0.7652196707653136,0.7821232279924348,0.8475394898124379,0.7890006433989024,0.034574163551768046,193,1.0,1.0,1.0,1.0,1.0,1.0,0.0
2.6484474182128905,0.05780375574551948,0.005607414245605469,0.00016045753880396618,relu,0.01,False,"(32, 16)",0.001,"{'clf__activation': 'relu', 'clf__alpha': 0.01, 'clf__early_stopping': False, 'clf__hidden_layer_sizes': (32, 16), 'clf__learning_rate_init': 0.001}",0.7903188682170736,0.7545938795938796,0.7731936759837956,0.7853033161694377,0.8353479853479855,0.7877515450624344,0.026793164920121928,222,1.0,1.0,1.0,1.0,1.0,1.0,0.0
1.031968927383423,0.06978868091417223,0.005628824234008789,0.00019886550707724456,relu,0.01,False,"(32, 16)",0.005,"{'clf__activation': 'relu', 'clf__alpha': 0.01, 'clf__early_stopping': False, 'clf__hidden_layer_sizes': (32, 16), 'clf__learning_rate_init': 0.005}",0.7864078281868447,0.7481961089103947,0.7742975184357384,0.7750291223454329,0.8134141427601833,0.7794689441277189,0.021094409239699068,365,1.0,1.0,1.0,1.0,1.0,1.0,0.0
0.8375375747680665,0.05869443820738666,0.00547027587890625,0.00028624280816916226,relu,0.01,False,"(32, 16)",0.01,"{'clf__activation': 'relu', 'clf__alpha': 0.01, 'clf__early_stopping': False, 'clf__hidden_layer_sizes': (32, 16), 'clf__learning_rate_init': 0.01}",0.7849243739151996,0.7423822228382014,0.747583754976743,0.7524828598094557,0.8582691691469629,0.7771284761373126,0.043202285021075704,411,0.9987804294801282,1.0,1.0,1.0,1.0,0.9997560858960256,0.00048782820794870404
12.644420194625855,0.5236004019856392,0.0062163352966308595,0.0001677478558963365,relu,0.01,False,"(64, 32)",0.0001,"{'clf__activation': 'relu', 'clf__alpha': 0.01, 'clf__early_stopping': False, 'clf__hidden_layer_sizes': (64, 32), 'clf__learning_rate_init': 0.0001}",0.802818479082586,0.7742115328383495,0.7691730151297841,0.7408511770812543,0.8501954750365024,0.7874499358336953,0.03702415501533145,227,1.0,1.0,1.0,1.0,1.0,1.0,0.0
3.8713425636291503,0.2646079904861297,0.0060503482818603516,0.00019387491675828994,relu,0.01,False,"(64, 32)",0.0005,"{'clf__activation': 'relu', 'clf__alpha': 0.01, 'clf__early_stopping': False, 'clf__hidden_layer_sizes': (64, 32), 'clf__learning_rate_init': 0.0005}",0.8043910383695679,0.7739539148992931,0.7537964774951077,0.7614537435463249,0.8407243460764587,0.7868639040773505,0.03198107699374365,240,1.0,1.0,1.0,1.0,1.0,1.0,0.0
2.660011911392212,0.14328356269159934,0.005972146987915039,8.712886197386553e-05,relu,0.01,False,"(64, 32)",0.001,"{'clf__activation': 'relu', 'clf__alpha': 0.01, 'clf__early_stopping': False, 'clf__hidden_layer_sizes': (64, 32), 'clf__learning_rate_init': 0.001}",0.7801785481133306,0.7877619206073379,0.7598971080732898,0.7604604597830236,0.8479821457480514,0.7872560364650067,0.03226304697716256,231,1.0,1.0,1.0,1.0,1.0,1.0,0.0
1.0972862243652344,0.059470752841186705,0.005913925170898437,9.907850023624167e-05,relu,0.01,False,"(64, 32)",0.005,"{'clf__activation': 'relu', 'clf__alpha': 0.01, 'clf__early_stopping': False, 'clf__hidden_layer_sizes': (64, 32), 'clf__learning_rate_init': 0.005}",0.7982220955905166,0.8018546106781401,0.7684003874194352,0.7847503785619235,0.8604736397477478,0.8027402223995527,0.031167945086092858,8,1.0,1.0,1.0,1.0,1.0,1.0,0.0
0.8936586380004883,0.17346395669170084,0.005819845199584961,6.660467843689508e-05,relu,0.01,False,"(64, 32)",0.01,"{'clf__activation': 'relu', 'clf__alpha': 0.01, 'clf__early_stopping': False, 'clf__hidden_layer_sizes': (64, 32), 'clf__learning_rate_init': 0.01}",0.8081788462400481,0.7793414999872925,0.779629912571089,0.7294377891459377,0.8378515318966826,0.7868879159682101,0.035946454455787355,239,1.0,1.0,1.0,0.985544038201511,1.0,0.9971088076403023,0.005782384719395584
14.228782749176025,0.39258533435081155,0.007124853134155273,0.0004346540686274975,relu,0.01,False,"(128, 64)",0.0001,"{'clf__activation': 'relu', 'clf__alpha': 0.01, 'clf__early_stopping': False, 'clf__hidden_layer_sizes': (128, 64), 'clf__learning_rate_init': 0.0001}",0.8186177248677249,0.7861147848197463,0.7932263809892595,0.7920711974110033,0.8230489489170789,0.8026158074009626,0.015134123755524514,10,1.0,1.0,1.0,1.0,1.0,1.0,0.0
5.1185215473175045,0.36028467135016984,0.007528066635131836,0.0002688558269137125,relu,0.01,False,"(128, 64)",0.0005,"{'clf__activation': 'relu', 'clf__alpha': 0.01, 'clf__early_stopping': False, 'clf__hidden_layer_sizes': (128, 64), 'clf__learning_rate_init': 0.0005}",0.8184246111848299,0.7749095001399149,0.7852862209831613,0.7838488594338161,0.828573867381609,0.7982086118246663,0.021197993557194206,36,1.0,1.0,1.0,1.0,1.0,1.0,0.0
3.253670597076416,0.12008889719166257,0.007570457458496094,0.0003275633335495266,relu,0.01,False,"(128, 64)",0.001,"{'clf__activation': 'relu', 'clf__alpha': 0.01, 'clf__early_stopping': False, 'clf__hidden_layer_sizes': (128, 64), 'clf__learning_rate_init': 0.001}",0.8171899529042386,0.7655409315853233,0.783928257815244,0.7869960208713316,0.8302365225247854,0.7967783371401845,0.02354857950437649,46,1.0,1.0,1.0,1.0,1.0,1.0,0.0
1.6891971588134767,0.2575766494692755,0.007349061965942383,0.00027799358497679675,relu,0.01,False,"(128, 64)",0.005,"{'clf__activation': 'relu', 'clf__alpha': 0.01, 'clf__early_stopping': False, 'clf__hidden_layer_sizes': (128, 64), 'clf__learning_rate_init': 0.005}",0.7921709778203798,0.7670038807359528,0.7600593686409491,0.7936165808225839,0.8244435147803086,0.7874588645600349,0.022790895430973436,226,0.9713879928114356,1.0,1.0,1.0,1.0,0.9942775985622871,0.01144480287542575
1.6262750625610352,0.5975190737746321,0.00782918930053711,0.0005453082930521321,relu,0.01,False,"(128, 64)",0.01,"{'clf__activation': 'relu', 'clf__alpha': 0.01, 'clf__early_stopping': False, 'clf__hidden_layer_sizes': (128, 64), 'clf__learning_rate_init': 0.01}",0.8050821328100392,0.7834848484848485,0.7265297230455581,0.7450757872367891,0.791966927301768,0.7704278837758005,0.02968201143445446,537,1.0,1.0,0.95328872247282,0.9687394749013664,0.9743835814017301,0.9792823557551833,0.018271622063688747
21.068007230758667,0.9379779751498695,0.009440422058105469,0.00041667885148621294,relu,0.01,False,"(256, 128)",0.0001,"{'clf__activation': 'relu', 'clf__alpha': 0.01, 'clf__early_stopping': False, 'clf__hidden_layer_sizes': (256, 128), 'clf__learning_rate_init': 0.0001}",0.8344331679788831,0.7699318125464915,0.7752624501205867,0.7492537411674879,0.826773449357663,0.7911309242342224,0.033467546008471884,139,1.0,1.0,1.0,1.0,1.0,1.0,0.0
8.158337783813476,0.6614054519043217,0.010246372222900391,0.0003940230286453109,relu,0.01,False,"(256, 128)",0.0005,"{'clf__activation': 'relu', 'clf__alpha': 0.01, 'clf__early_stopping': False, 'clf__hidden_layer_sizes': (256, 128), 'clf__learning_rate_init': 0.0005}",0.8331298414317282,0.7772444636093321,0.7486786074728837,0.7627516645077286,0.8278993873757083,0.7899407928794762,0.03437779002221483,167,1.0,1.0,1.0,1.0,1.0,1.0,0.0
5.5199977397918705,0.16827222490553922,0.010119867324829102,5.672246073592831e-05,relu,0.01,False,"(256, 128)",0.001,"{'clf__activation': 'relu', 'clf__alpha': 0.01, 'clf__early_stopping': False, 'clf__hidden_layer_sizes': (256, 128), 'clf__learning_rate_init': 0.001}",0.8227598007086223,0.7667700001958985,0.7567810328209349,0.7797435012917613,0.8381907771007296,0.7928490224235893,0.03194776778832834,99,1.0,1.0,1.0,1.0,1.0,1.0,0.0
3.3918263912200928,0.8116343665909203,0.010627985000610352,0.0004422885061565371,relu,0.01,False,"(256, 128)",0.005,"{'clf__activation': 'relu', 'clf__alpha': 0.01, 'clf__early_stopping': False, 'clf__hidden_layer_sizes': (256, 128), 'clf__learning_rate_init': 0.005}",0.8173978727010762,0.7762976507779087,0.7934830562750423,0.7936791969723751,0.8386517275988101,0.8039019008650425,0.021747378389896314,6,0.9903704419960182,1.0,1.0,1.0,0.9936212676356382,0.9967983419263312,0.004053727712236386
7.147315502166748,4.142074154220549,0.012298488616943359,0.005377290714629245,relu,0.01,False,"(256, 128)",0.01,"{'clf__activation': 'relu', 'clf__alpha': 0.01, 'clf__early_stopping': False, 'clf__hidden_layer_sizes': (256, 128), 'clf__learning_rate_init': 0.01}",0.7645154902305932,0.7885803580358036,0.7894169226717211,0.738544044483465,0.8328259373925009,0.7827765505628168,0.031217625673560033,321,0.8489298925554645,1.0,0.9135444549163063,0.963231639752167,0.9809302567588505,0.9413272487965576,0.05440560153644966
11.995324420928956,0.4928965460683017,0.0062027454376220705,0.0005910766243001547,relu,0.01,False,"(64, 32, 16)",0.0001,"{'clf__activation': 'relu', 'clf__alpha': 0.01, 'clf__early_stopping': False, 'clf__hidden_layer_sizes': (64, 32, 16), 'clf__learning_rate_init': 0.0001}",0.769031749786818,0.7789293139293139,0.7809656875382682,0.7400560664987648,0.8465953073965387,0.7831156250299407,0.03494080316185393,318,1.0,1.0,1.0,1.0,1.0,1.0,0.0
4.008708524703979,0.35230021635653114,0.006225776672363281,0.0002817909278926537,relu,0.01,False,"(64, 32, 16)",0.0005,"{'clf__activation': 'relu', 'clf__alpha': 0.01, 'clf__early_stopping': False, 'clf__hidden_layer_sizes': (64, 32, 16), 'clf__learning_rate_init': 0.0005}",0.778584171308941,0.7793035371742911,0.7735561848322765,0.7666690232567568,0.8326351770597882,0.7861496187264108,0.02367741598193874,256,1.0,1.0,1.0,1.0,1.0,1.0,0.0
2.5838285446166993,0.16530967322466905,0.006176424026489258,0.00023635560152881552,relu,0.01,False,"(64, 32, 16)",0.001,"{'clf__activation': 'relu', 'clf__alpha': 0.01, 'clf__early_stopping': False, 'clf__hidden_layer_sizes': (64, 32, 16), 'clf__learning_rate_init': 0.001}",0.7873727799603811,0.7722547416429297,0.754397577259436,0.7640607638422932,0.8598168614913898,0.787580544839286,0.03770225003596799,224,1.0,1.0,1.0,1.0,1.0,1.0,0.0
1.253207015991211,0.0955675106812743,0.006460809707641601,0.0001799303552587799,relu,0.01,False,"(64, 32, 16)",0.005,"{'clf__activation': 'relu', 'clf__alpha': 0.01, 'clf__early_stopping': False, 'clf__hidden_layer_sizes': (64, 32, 16), 'clf__learning_rate_init': 0.005}",0.7783187079296598,0.7991938615457351,0.7663441957103928,0.7607595399665854,0.8749375335626226,0.7959107677429992,0.041654003373630004,57,1.0,1.0,1.0,1.0,1.0,1.0,0.0
1.0579727649688722,0.23979480944100368,0.006223058700561524,0.0002877389112216747,relu,0.01,False,"(64, 32, 16)",0.01,"{'clf__activation': 'relu', 'clf__alpha': 0.01, 'clf__early_stopping': False, 'clf__hidden_layer_sizes': (64, 32, 16), 'clf__learning_rate_init': 0.01}",0.7875518122540746,0.7868526083365754,0.757312297582099,0.7924461270049505,0.8307232514681138,0.7909772193291627,0.023426384895056603,145,0.962299097967841,1.0,1.0,1.0,0.9848803308640368,0.9894358857663755,0.014778090953259953
12.749642181396485,0.6554074475260127,0.007332324981689453,0.0003951789782597043,relu,0.01,False,"(128, 64, 32)",0.0001,"{'clf__activation': 'relu', 'clf__alpha': 0.01, 'clf__early_stopping': False, 'clf__hidden_layer_sizes': (128, 64, 32), 'clf__learning_rate_init': 0.0001}",0.7912815310924629,0.7538067069632935,0.7740006377380027,0.7992456856061623,0.8385089098532496,0.7913686942506342,0.028272979302834605,134,1.0,1.0,1.0,1.0,1.0,1.0,0.0
4.239170503616333,0.2931498225553273,0.007290077209472656,0.00015933793155525102,relu,0.01,False,"(128, 64, 32)",0.0005,"{'clf__activation': 'relu', 'clf__alpha': 0.01, 'clf__early_stopping': False, 'clf__hidden_layer_sizes': (128, 64, 32), 'clf__learning_rate_init': 0.0005}",0.820561489316024,0.76673289939477,0.7777156096330854,0.7638320545609549,0.8352059985621629,0.7928096102933994,0.02937734831795861,100,1.0,1.0,1.0,1.0,1.0,1.0,0.0
3.0741610527038574,0.12236855034714136,0.007323932647705078,0.0004990657610392857,relu,0.01,False,"(128, 64, 32)",0.001,"{'clf__activation': 'relu', 'clf__alpha': 0.01, 'clf__early_stopping': False, 'clf__hidden_layer_sizes': (128, 64, 32), 'clf__learning_rate_init': 0.001}",0.8032587093946738,0.768311590370414,0.7909100972283916,0.7978353156853506,0.8415372670358524,0.8003705959429366,0.023777066801411256,17,1.0,1.0,1.0,1.0,1.0,1.0,0.0
1.5427645206451417,0.35968307033930647,0.007462739944458008,0.00018084221319185692,relu,0.01,False,"(128, 64, 32)",0.005,"{'clf__activation': 'relu', 'clf__alpha': 0.01, 'clf__early_stopping': False, 'clf__hidden_layer_sizes': (128, 64, 32), 'clf__learning_rate_init': 0.005}",0.7844512195121951,0.7582908173105358,0.7448063016388952,0.7899172672304844,0.8229742089920047,0.780087962936823,0.027110125462420028,351,0.9663182751893963,0.9936563977470669,1.0,1.0,0.9957335096762885,0.9911416365225504,0.01265345642858037
2.1405314445495605,1.6234759982038462,0.007611227035522461,0.0003827646865908377,relu,0.01,False,"(128, 64, 32)",0.01,"{'clf__activation': 'relu', 'clf__alpha': 0.01, 'clf__early_stopping': False, 'clf__hidden_layer_sizes': (128, 64, 32), 'clf__learning_rate_init': 0.01}",0.7850424312914621,0.7627606594242735,0.7764739824995455,0.7816027493016277,0.835769096675137,0.7883297838384091,0.024903366164195754,207,0.9746581708746597,0.9501387140000761,0.9714197869510144,0.9634682853513644,1.0,0.971936991435423,0.01638345903404567
0.9599354267120361,0.3633799749606241,0.005408334732055664,0.00016662108203228257,relu,0.1,True,"(32,)",0.0001,"{'clf__activation': 'relu', 'clf__alpha': 0.1, 'clf__early_stopping': True, 'clf__hidden_layer_sizes': (32,), 'clf__learning_rate_init': 0.0001}",0.6077057044797994,0.6532866519041635,0.741493896324368,0.7045077515143687,0.6774088982905808,0.6768805805026561,0.04534370346312727,965,0.6503728721051664,0.7516401240932394,0.8046132594599085,0.8455490248116316,0.7017517314503235,0.7507854023840539,0.06980729188905864
0.5508559226989747,0.1998617286878603,0.005321979522705078,0.00032868105492728244,relu,0.1,True,"(32,)",0.0005,"{'clf__activation': 'relu', 'clf__alpha': 0.1, 'clf__early_stopping': True, 'clf__hidden_layer_sizes': (32,), 'clf__learning_rate_init': 0.0005}",0.800754818083304,0.6947282051808166,0.796244152018887,0.7475989562203225,0.7823831174304908,0.7643418497867642,0.03948552262885087,667,0.8456759806424091,0.8132254165932501,0.9269650460306427,0.8799753559907026,0.8361694051023587,0.8604022408718727,0.03960671580642227
0.4050255298614502,0.09036101740912392,0.005144453048706055,5.450763911663846e-05,relu,0.1,True,"(32,)",0.001,"{'clf__activation': 'relu', 'clf__alpha': 0.1, 'clf__early_stopping': True, 'clf__hidden_layer_sizes': (32,), 'clf__learning_rate_init': 0.001}",0.8131657877147193,0.7487027457869738,0.793962871019694,0.7437013065550802,0.7968089855961845,0.7792683393345304,0.027827719522300946,367,0.8726864788988183,0.8681477327904914,0.9329467807728677,0.9012884623133515,0.8347119921921378,0.8819562893935332,0.033113116316737266
0.2357712745666504,0.027949318913459288,0.005163955688476563,0.00014155675429859853,relu,0.1,True,"(32,)",0.005,"{'clf__activation': 'relu', 'clf__alpha': 0.1, 'clf__early_stopping': True, 'clf__hidden_layer_sizes': (32,), 'clf__learning_rate_init': 0.005}",0.8249723416923149,0.7873132653073607,0.7733394950523074,0.7710464326030364,0.8146914852146241,0.7942726039739286,0.021842559774210697,79,0.8886535810313255,0.8956403798514986,0.925258903060325,0.9453312568246792,0.8735030632773939,0.9056774368090444,0.026006167547126834
0.27731971740722655,0.04299668447371477,0.005460500717163086,0.0002049508566457088,relu,0.1,True,"(32,)",0.01,"{'clf__activation': 'relu', 'clf__alpha': 0.1, 'clf__early_stopping': True, 'clf__hidden_layer_sizes': (32,), 'clf__learning_rate_init': 0.01}",0.8069515694359175,0.7650737615583741,0.7804041447660428,0.7775588869804991,0.8289222788297026,0.7917821283141071,0.02304169560896931,120,0.9651141396454372,0.8978319503085882,0.9563314029282081,0.9669771549803954,0.9365101305090465,0.9445529556743351,0.025736659455140014
0.9703728675842285,0.1949602007661574,0.005474472045898437,0.00021897194054055092,relu,0.1,True,"(64,)",0.0001,"{'clf__activation': 'relu', 'clf__alpha': 0.1, 'clf__early_stopping': True, 'clf__hidden_layer_sizes': (64,), 'clf__learning_rate_init': 0.0001}",0.5637050240806063,0.6902941733476422,0.6983974066361479,0.6506037357804496,0.6987681070127878,0.6603536893715268,0.05148873776719763,975,0.644866749822432,0.7985560847720822,0.7400489117263506,0.7536792885829031,0.7542766589036953,0.7382855387614926,0.05070582172578427
0.5773440837860108,0.14400402993287656,0.0057261943817138675,0.0003937965841866467,relu,0.1,True,"(64,)",0.0005,"{'clf__activation': 'relu', 'clf__alpha': 0.1, 'clf__early_stopping': True, 'clf__hidden_layer_sizes': (64,), 'clf__learning_rate_init': 0.0005}",0.6600366388606081,0.7440687217574158,0.7663898246196008,0.7378593890386344,0.7558095357030601,0.7328328219958639,0.03769561750819515,912,0.7579834574146614,0.9075062872295073,0.8803538532411772,0.8587808163040137,0.8430816551792644,0.8495412138737247,0.050634548271598245
0.38028340339660643,0.06077186905482544,0.0056231021881103516,0.00011521119921702491,relu,0.1,True,"(64,)",0.001,"{'clf__activation': 'relu', 'clf__alpha': 0.1, 'clf__early_stopping': True, 'clf__hidden_layer_sizes': (64,), 'clf__learning_rate_init': 0.001}",0.7425077035207983,0.7551852502036829,0.7548494442670985,0.7005951251524296,0.7666005741789341,0.7439476194645886,0.022977391527125118,884,0.8588827784305362,0.8883968804759629,0.8370185174231548,0.7978823313112304,0.8478609317886919,0.8460082878859152,0.029539469349264345
0.3413555145263672,0.08224045401083886,0.005559682846069336,0.00019550218814476608,relu,0.1,True,"(64,)",0.005,"{'clf__activation': 'relu', 'clf__alpha': 0.1, 'clf__early_stopping': True, 'clf__hidden_layer_sizes': (64,), 'clf__learning_rate_init': 0.005}",0.7884801691554737,0.7888391638391639,0.767825563679792,0.7310301143110965,0.8228974571440325,0.7798144936259118,0.030120858077850532,358,0.9591114223467165,0.934453238542697,0.8697582457969248,0.8818323125265578,0.9504924550267791,0.919129534847935,0.03645711716656507
0.34417362213134767,0.0532775865008429,0.005654668807983399,0.00021580833262844202,relu,0.1,True,"(64,)",0.01,"{'clf__activation': 'relu', 'clf__alpha': 0.1, 'clf__early_stopping': True, 'clf__hidden_layer_sizes': (64,), 'clf__learning_rate_init': 0.01}",0.7694766795607132,0.7941603660345362,0.7614792681732018,0.7563140698625739,0.8279758385546632,0.7818812444371377,0.02645480188939983,333,0.9657189503007935,0.9217689126227655,0.8920464567528509,0.9348899997443952,0.9677784547411916,0.9364405548323994,0.028382338389928968
1.6665417671203613,0.23989892249373881,0.007130289077758789,0.00032298386716840354,relu,0.1,True,"(128,)",0.0001,"{'clf__activation': 'relu', 'clf__alpha': 0.1, 'clf__early_stopping': True, 'clf__hidden_layer_sizes': (128,), 'clf__learning_rate_init': 0.0001}",0.7709258412680822,0.7128989960638089,0.7089193284177042,0.7081199400057541,0.7726498799771597,0.7347027971465019,0.03032797822440097,911,0.8268252497612616,0.8448404848105628,0.7913721447202536,0.8439418189181694,0.804052465827513,0.8222064328075522,0.021384015658745446
0.8768977642059326,0.2264933584483969,0.006753110885620117,0.00023514012752519947,relu,0.1,True,"(128,)",0.0005,"{'clf__activation': 'relu', 'clf__alpha': 0.1, 'clf__early_stopping': True, 'clf__hidden_layer_sizes': (128,), 'clf__learning_rate_init': 0.0005}",0.7968449123386212,0.7587197899365822,0.7621685905989624,0.7329875426696812,0.8188804562212258,0.7739202583530145,0.030303802734975988,463,0.8475247195350096,0.9001632497078077,0.9398092602052666,0.8963874075068882,0.8592363344014222,0.8886241942712789,0.032760162960837225
0.6592901229858399,0.10989269262883536,0.0065594673156738285,0.00029151117438172384,relu,0.1,True,"(128,)",0.001,"{'clf__activation': 'relu', 'clf__alpha': 0.1, 'clf__early_stopping': True, 'clf__hidden_layer_sizes': (128,), 'clf__learning_rate_init': 0.001}",0.8068847325957942,0.7509889235241348,0.7651058372973581,0.7296367250331104,0.8210723234492412,0.7747377083799278,0.034267197554176586,452,0.9345619936675917,0.8845693946116109,0.9312485628969758,0.8902265174382611,0.8357767849585422,0.8952766507145963,0.03610456990837423
0.6398730278015137,0.2351236918702657,0.006751441955566406,0.00025086577367184926,relu,0.1,True,"(128,)",0.005,"{'clf__activation': 'relu', 'clf__alpha': 0.1, 'clf__early_stopping': True, 'clf__hidden_layer_sizes': (128,), 'clf__learning_rate_init': 0.005}",0.8121511383353489,0.7716541639486845,0.7471202791307839,0.7790501729679994,0.8173470619532264,0.7854645632672086,0.026194742485903397,271,0.9468180463486936,0.9081723270210329,0.9811856499690843,0.9677730766019159,0.9402569906667233,0.9488412181214901,0.025045232781608546
0.5889528274536133,0.11251669975956866,0.006907939910888672,0.0003407311308637767,relu,0.1,True,"(128,)",0.01,"{'clf__activation': 'relu', 'clf__alpha': 0.1, 'clf__early_stopping': True, 'clf__hidden_layer_sizes': (128,), 'clf__learning_rate_init': 0.01}",0.8043425083352488,0.7663577892216077,0.7474738962924605,0.779803191463261,0.8085035984456554,0.7812961967516466,0.02298133276041127,339,0.9811192410694645,0.9115720215934096,0.9662254356172817,0.9156247239884964,0.978854103451897,0.9506791051441098,0.03072554122557788
2.342582654953003,0.4088895408473449,0.007903575897216797,0.00044353297337270493,relu,0.1,True,"(256,)",0.0001,"{'clf__activation': 'relu', 'clf__alpha': 0.1, 'clf__early_stopping': True, 'clf__hidden_layer_sizes': (256,), 'clf__learning_rate_init': 0.0001}",0.7722804718217562,0.7649303281797756,0.7384489899061633,0.704233611491676,0.7497651852373692,0.745931717327348,0.023935842554162964,876,0.852248991112061,0.8761256422454371,0.8494077584549143,0.8333621539339922,0.8087009844041184,0.8439691060301046,0.022309307897516055
1.4043617725372315,0.4646708560622666,0.008214521408081054,0.00019038259639608584,relu,0.1,True,"(256,)",0.0005,"{'clf__activation': 'relu', 'clf__alpha': 0.1, 'clf__early_stopping': True, 'clf__hidden_layer_sizes': (256,), 'clf__learning_rate_init': 0.0005}",0.7870052291717067,0.776696020874103,0.7855836130611303,0.7156196561266052,0.8230742077516271,0.7775957453970345,0.034820913538666426,400,0.8312701819883906,0.9341389310814467,0.9563594451437369,0.8166127888984048,0.9333586671967409,0.894348002861744,0.058261726459817934
1.435413122177124,0.3085947292175632,0.008021879196166991,0.0001973200558215904,relu,0.1,True,"(256,)",0.001,"{'clf__activation': 'relu', 'clf__alpha': 0.1, 'clf__early_stopping': True, 'clf__hidden_layer_sizes': (256,), 'clf__learning_rate_init': 0.001}",0.8033309443237624,0.7693392425463337,0.7959850371065325,0.7791600750716927,0.8291050808917768,0.7953840759880197,0.020698655014608804,66,0.951381996494301,0.9367642965710399,0.9796214613610308,0.9442738113413665,0.9465091174063694,0.9517101366348216,0.014730087535521776
1.1784485816955566,0.23531202517540353,0.008286142349243164,0.000605543833677686,relu,0.1,True,"(256,)",0.005,"{'clf__activation': 'relu', 'clf__alpha': 0.1, 'clf__early_stopping': True, 'clf__hidden_layer_sizes': (256,), 'clf__learning_rate_init': 0.005}",0.7904449731989898,0.7515784240616454,0.7917086945312751,0.8071377842257557,0.8399179185309007,0.7961575589097134,0.028549114577265,55,0.9623096058328694,0.9670208953741533,0.9476530472961647,0.9831865721125007,0.9836681817848545,0.9687676604801085,0.013568456772128555
1.1740787982940675,0.26774721094044607,0.008026742935180664,0.00029708197155938474,relu,0.1,True,"(256,)",0.01,"{'clf__activation': 'relu', 'clf__alpha': 0.1, 'clf__early_stopping': True, 'clf__hidden_layer_sizes': (256,), 'clf__learning_rate_init': 0.01}",0.8057338630451454,0.756197091731307,0.7449273604464843,0.7932317968638969,0.8313546676532249,0.7862889559480117,0.031854443011816724,251,0.9799805432417011,0.8799401325064173,0.982545388755915,0.9669423202267269,0.9836681817848545,0.958615313303123,0.03978917163844364
1.0823033332824707,0.2068230899367093,0.005335950851440429,0.00015150404987288287,relu,0.1,True,"(32, 16)",0.0001,"{'clf__activation': 'relu', 'clf__alpha': 0.1, 'clf__early_stopping': True, 'clf__hidden_layer_sizes': (32, 16), 'clf__learning_rate_init': 0.0001}",0.6267629484139305,0.6498501064868969,0.6408429223829886,0.6096066669640564,0.5542840722495894,0.6162693432994923,0.03384733158344942,993,0.6614586498949984,0.773531496195957,0.7188621751891834,0.707087431895271,0.6274652845039589,0.6976810075358737,0.050065409748284585
0.7249802589416504,0.058052779712006675,0.005373811721801758,0.00027113115958978543,relu,0.1,True,"(32, 16)",0.0005,"{'clf__activation': 'relu', 'clf__alpha': 0.1, 'clf__early_stopping': True, 'clf__hidden_layer_sizes': (32, 16), 'clf__learning_rate_init': 0.0005}",0.7562418415009393,0.7425180889781129,0.7329453251312057,0.741688126010717,0.7993737953244995,0.7545534353890948,0.023617754158634756,829,0.850852532287319,0.9032314125855286,0.871642552099339,0.8876532042670989,0.874378278350241,0.8775515959179053,0.017431707990373864
0.49388942718505857,0.07866630900163335,0.005161666870117187,0.000340994270149347,relu,0.1,True,"(32, 16)",0.001,"{'clf__activation': 'relu', 'clf__alpha': 0.1, 'clf__early_stopping': True, 'clf__hidden_layer_sizes': (32, 16), 'clf__learning_rate_init': 0.001}",0.8065872716608011,0.752197261333474,0.7737647528946284,0.719621126898758,0.7641829860211511,0.7632706797617624,0.028337921829960998,694,0.9164263404600907,0.9163069417238854,0.9086566234494786,0.8784433337266064,0.8323311113690963,0.8904328701458315,0.03223909620313376
0.30744481086730957,0.04747160019546715,0.005098819732666016,0.00013966339769897252,relu,0.1,True,"(32, 16)",0.005,"{'clf__activation': 'relu', 'clf__alpha': 0.1, 'clf__early_stopping': True, 'clf__hidden_layer_sizes': (32, 16), 'clf__learning_rate_init': 0.005}",0.810353366952649,0.7616545676849247,0.7647094003729075,0.7559843921684234,0.8258283918640305,0.783706023808587,0.028635649345385435,300,0.9647547801108761,0.9531924716655145,0.9433432766032467,0.8629420380770576,0.8909047541884727,0.9230274641290335,0.03925800742010413
0.2966782569885254,0.05256341081528104,0.005164384841918945,0.00020676288208067392,relu,0.1,True,"(32, 16)",0.01,"{'clf__activation': 'relu', 'clf__alpha': 0.1, 'clf__early_stopping': True, 'clf__hidden_layer_sizes': (32, 16), 'clf__learning_rate_init': 0.01}",0.7996856249634745,0.7611885691833403,0.7633563485552821,0.7595632814479594,0.8108056964027498,0.7789199041105611,0.02181385914214908,373,0.918251671374632,0.9543487897136956,0.9595370936784775,0.9177290888140943,0.9506381085676141,0.9401009504297028,0.018273956756252985
1.5602639198303223,0.5045335961274386,0.0060309886932373045,0.00036971009948801877,relu,0.1,True,"(64, 32)",0.0001,"{'clf__activation': 'relu', 'clf__alpha': 0.1, 'clf__early_stopping': True, 'clf__hidden_layer_sizes': (64, 32), 'clf__learning_rate_init': 0.0001}",0.7523125398125398,0.7268600451476916,0.7034633986951372,0.6761504465099326,0.6622842133711699,0.7042141287072943,0.03277970816341989,951,0.8462757896600762,0.8634940743394793,0.7624692306835746,0.8234847953729851,0.729244227038792,0.8049936234189815,0.0510190914798954
1.013894510269165,0.3293939331417988,0.005742788314819336,0.00018352024466061954,relu,0.1,True,"(64, 32)",0.0005,"{'clf__activation': 'relu', 'clf__alpha': 0.1, 'clf__early_stopping': True, 'clf__hidden_layer_sizes': (64, 32), 'clf__learning_rate_init': 0.0005}",0.762876588238396,0.7724338624338625,0.7881650212104425,0.7439897225729382,0.8141378763770263,0.7763206141665331,0.02371316310720118,425,0.869411673865228,0.9416201206164191,0.963554950746137,0.9062720458178231,0.9335158786165545,0.9228749339324323,0.032414353506775705
0.8511233806610108,0.15340631560323154,0.0056993961334228516,0.00010506314457033684,relu,0.1,True,"(64, 32)",0.001,"{'clf__activation': 'relu', 'clf__alpha': 0.1, 'clf__early_stopping': True, 'clf__hidden_layer_sizes': (64, 32), 'clf__learning_rate_init': 0.001}",0.793865591209418,0.7940791287565481,0.7890613587420068,0.7308416703760374,0.8153425894265438,0.7846380677021109,0.028392486143788382,286,0.9752301273079184,0.9638434676490025,0.9611072199435265,0.9772364619422708,0.9341550140568913,0.9623144581799219,0.015402793855281396
0.4543149471282959,0.11258405462717061,0.005536842346191406,0.00027258200854533843,relu,0.1,True,"(64, 32)",0.005,"{'clf__activation': 'relu', 'clf__alpha': 0.1, 'clf__early_stopping': True, 'clf__hidden_layer_sizes': (64, 32), 'clf__learning_rate_init': 0.005}",0.810151753008896,0.7812289210350521,0.7804224302471966,0.7553445202532424,0.8017427970055546,0.7857780843099883,0.019102499917207014,263,0.9689301553030069,0.9611936086270609,0.9870562160063663,0.968934713589973,0.8955338570610294,0.9563297101174874,0.03156443806921906
0.4586769104003906,0.11937775679194684,0.005687570571899414,0.0001660833199929357,relu,0.1,True,"(64, 32)",0.01,"{'clf__activation': 'relu', 'clf__alpha': 0.1, 'clf__early_stopping': True, 'clf__hidden_layer_sizes': (64, 32), 'clf__learning_rate_init': 0.01}",0.8122840456937492,0.7883551273156431,0.7433139454413433,0.7596541021781941,0.8432748538011696,0.7893764148860198,0.035877600976259014,182,0.9230605775901658,0.9620195791429078,0.9771978922480659,0.9474023156695519,0.9865636774921004,0.9592488084285582,0.022476104173862636
1.8215206146240235,0.1370718338595352,0.007330179214477539,8.523069052439763e-05,relu,0.1,True,"(128, 64)",0.0001,"{'clf__activation': 'relu', 'clf__alpha': 0.1, 'clf__early_stopping': True, 'clf__hidden_layer_sizes': (128, 64), 'clf__learning_rate_init': 0.0001}",0.7195384545094126,0.6806133590701822,0.7008195592930266,0.7283310473904533,0.7708206495440538,0.7200246139614256,0.030237564568443787,940,0.801385739301323,0.8270457485287093,0.8234765380868314,0.8428990475936873,0.8500019838624002,0.8289618114745902,0.01691824271373658
1.0198910236358643,0.10709183573155921,0.0074809551239013675,0.0004974439328247398,relu,0.1,True,"(128, 64)",0.0005,"{'clf__activation': 'relu', 'clf__alpha': 0.1, 'clf__early_stopping': True, 'clf__hidden_layer_sizes': (128, 64), 'clf__learning_rate_init': 0.0005}",0.8231517769312433,0.7452139116343953,0.7645381414840273,0.7496766911386694,0.8209883152123751,0.7807137672801422,0.03437503335407563,342,0.9246401971754084,0.9205837903648724,0.9270521496021238,0.8988986538094058,0.9084289419941322,0.9159207465891885,0.010654198304047994
0.9481782913208008,0.33628237097744057,0.007202529907226562,0.0005697421614745859,relu,0.1,True,"(128, 64)",0.001,"{'clf__activation': 'relu', 'clf__alpha': 0.1, 'clf__early_stopping': True, 'clf__hidden_layer_sizes': (128, 64), 'clf__learning_rate_init': 0.001}",0.8287972085385878,0.7634972042594247,0.781858813932172,0.7186370836133711,0.8074007160279166,0.7800382052742945,0.03787654806274732,353,0.9380193952733265,0.9721091352737734,0.9788258255530506,0.8329217621884561,0.8891650549100542,0.9222082346397322,0.05478972563343959
0.8052867412567138,0.15185431443511158,0.007112932205200195,0.0003524347726179476,relu,0.1,True,"(128, 64)",0.005,"{'clf__activation': 'relu', 'clf__alpha': 0.1, 'clf__early_stopping': True, 'clf__hidden_layer_sizes': (128, 64), 'clf__learning_rate_init': 0.005}",0.8203526291921226,0.7596483178524093,0.7757240759969286,0.7655016150398316,0.8286193098989307,0.7899691895960446,0.02876778034720661,166,0.9780604852024235,0.9472190887463927,0.9778549068690252,0.9623009971978298,0.9855302524945648,0.9701931461020472,0.01375440119215199
0.7554137706756592,0.18457383934929164,0.007221651077270508,0.0002124029038273892,relu,0.1,True,"(128, 64)",0.01,"{'clf__activation': 'relu', 'clf__alpha': 0.1, 'clf__early_stopping': True, 'clf__hidden_layer_sizes': (128, 64), 'clf__learning_rate_init': 0.01}",0.8164584744582084,0.757838563639904,0.7844714965969128,0.7911569845329436,0.8415574384711719,0.7982965915398281,0.028566813362020372,35,0.8915116947477857,0.9475963550052685,0.9832153688249036,0.9678575671842956,0.9789788212052135,0.9538319613934932,0.03351168521662412
3.059190368652344,0.9602922444151024,0.00939631462097168,0.0006129444078739029,relu,0.1,True,"(256, 128)",0.0001,"{'clf__activation': 'relu', 'clf__alpha': 0.1, 'clf__early_stopping': True, 'clf__hidden_layer_sizes': (256, 128), 'clf__learning_rate_init': 0.0001}",0.7465201806515035,0.7125893098878218,0.705540686396056,0.7432889424565147,0.7824300378932045,0.7380738314570202,0.02747317824362618,899,0.8192049908960666,0.8167145258250542,0.8596627974576088,0.9249171535449279,0.8930409798116036,0.8627080895070522,0.04196963944398381
1.8526623725891114,0.5339304859556412,0.009653139114379882,0.000504519479053969,relu,0.1,True,"(256, 128)",0.0005,"{'clf__activation': 'relu', 'clf__alpha': 0.1, 'clf__early_stopping': True, 'clf__hidden_layer_sizes': (256, 128), 'clf__learning_rate_init': 0.0005}",0.8055692188420862,0.7154784141980866,0.7216394429664296,0.7646334006214743,0.790256011724945,0.7595152976706043,0.03596102781956983,771,0.9104651518924988,0.8820905248391603,0.8721838494904711,0.9537636759555217,0.9683641404263534,0.917373468520801,0.038102515507789654
1.7755457878112793,0.4840310864877591,0.00952444076538086,0.000348996969500012,relu,0.1,True,"(256, 128)",0.001,"{'clf__activation': 'relu', 'clf__alpha': 0.1, 'clf__early_stopping': True, 'clf__hidden_layer_sizes': (256, 128), 'clf__learning_rate_init': 0.001}",0.8038734251123576,0.7839759511365876,0.7816497881372526,0.7803703703703704,0.8095930523075694,0.7918925174128275,0.01230606746244678,117,0.9145695139153577,0.9692809087282325,0.9799847237741219,0.9802059165403684,0.9195580539523925,0.9527198233820945,0.029422028218500023
1.1328675746917725,0.09435825167154731,0.009804296493530273,0.0008771403958907421,relu,0.1,True,"(256, 128)",0.005,"{'clf__activation': 'relu', 'clf__alpha': 0.1, 'clf__early_stopping': True, 'clf__hidden_layer_sizes': (256, 128), 'clf__learning_rate_init': 0.005}",0.8163427499291985,0.7774292485261005,0.7809259590716544,0.7820080682113566,0.8432931278311083,0.7999998307138837,0.02583930285989021,22,0.8984498045332828,0.9350288610550659,0.9328162081375326,0.9162631107366597,0.9604106647122391,0.928593729834956,0.02065070450014314
1.327824640274048,0.18412208753944698,0.00960683822631836,0.00046204888287322343,relu,0.1,True,"(256, 128)",0.01,"{'clf__activation': 'relu', 'clf__alpha': 0.1, 'clf__early_stopping': True, 'clf__hidden_layer_sizes': (256, 128), 'clf__learning_rate_init': 0.01}",0.8159817503171933,0.7642943331178625,0.8007350006096126,0.7503671986947388,0.8302052556545074,0.7923167076787829,0.0303692566477704,107,0.9316701219978977,0.9270316535964198,0.9174954227249859,0.9286938244482603,0.9623965318886265,0.9334575109312381,0.015227831785719943
1.2751326084136962,0.7871520338656661,0.006154012680053711,0.0002142804749909889,relu,0.1,True,"(64, 32, 16)",0.0001,"{'clf__activation': 'relu', 'clf__alpha': 0.1, 'clf__early_stopping': True, 'clf__hidden_layer_sizes': (64, 32, 16), 'clf__learning_rate_init': 0.0001}",0.7268308547821885,0.7074480648649446,0.7145824285415561,0.26325757575757575,0.2687156904144296,0.5361669228721389,0.22069514298356377,996,0.800304694772017,0.8198704695117952,0.8188489243693151,0.27143934855443874,0.2710265947280987,0.5962980063871329,0.2655059039191513
0.8532374382019043,0.05309133192568345,0.005530309677124023,0.000712254544272913,relu,0.1,True,"(64, 32, 16)",0.0005,"{'clf__activation': 'relu', 'clf__alpha': 0.1, 'clf__early_stopping': True, 'clf__hidden_layer_sizes': (64, 32, 16), 'clf__learning_rate_init': 0.0005}",0.7574531460921344,0.7521710988622753,0.7411315227394644,0.7426769901277347,0.8281709205785812,0.764320735680038,0.032489428716016816,670,0.8771202080557553,0.9011638596686681,0.8985657233807386,0.8689174302916489,0.8885370873344971,0.8868608617462617,0.012338851926804442
0.8419401168823242,0.11708111014131982,0.005869722366333008,0.0002705972771210714,relu,0.1,True,"(64, 32, 16)",0.001,"{'clf__activation': 'relu', 'clf__alpha': 0.1, 'clf__early_stopping': True, 'clf__hidden_layer_sizes': (64, 32, 16), 'clf__learning_rate_init': 0.001}",0.8025163358550205,0.763946601588111,0.756623928510721,0.7588423249135746,0.8340247919586956,0.7831907965652245,0.030418932087825323,316,0.9611568729579616,0.9754800630452524,0.9439209899965137,0.9466620771770433,0.8967732900382883,0.9447986586430119,0.026531560120630796
0.5437099456787109,0.06790567701793959,0.005840301513671875,0.00015544657325153075,relu,0.1,True,"(64, 32, 16)",0.005,"{'clf__activation': 'relu', 'clf__alpha': 0.1, 'clf__early_stopping': True, 'clf__hidden_layer_sizes': (64, 32, 16), 'clf__learning_rate_init': 0.005}",0.7838888328203057,0.7440483804517923,0.7908993628243337,0.7800089061881514,0.8267176155454781,0.7851126195660123,0.026375289064809307,278,0.9721947294792277,0.932886488674937,0.9700203216506091,0.9633974788854359,0.971332969338364,0.9619663976057147,0.01486543795863419
0.4924757480621338,0.1286115149392091,0.005907440185546875,0.00012082385546756889,relu,0.1,True,"(64, 32, 16)",0.01,"{'clf__activation': 'relu', 'clf__alpha': 0.1, 'clf__early_stopping': True, 'clf__hidden_layer_sizes': (64, 32, 16), 'clf__learning_rate_init': 0.01}",0.8003546146506917,0.731733842016234,0.729202014397398,0.7560997049903121,0.8377586190468906,0.7710297590203053,0.04202219352903689,524,0.9281438157085135,0.9784211316105389,0.9005481267005644,0.9017297767443029,0.9737671908186631,0.9365220083165167,0.033815835935536984
2.379144620895386,0.6405671710467259,0.00688328742980957,0.00017600508435853415,relu,0.1,True,"(128, 64, 32)",0.0001,"{'clf__activation': 'relu', 'clf__alpha': 0.1, 'clf__early_stopping': True, 'clf__hidden_layer_sizes': (128, 64, 32), 'clf__learning_rate_init': 0.0001}",0.7556675506136981,0.6911431279976321,0.6975074510121239,0.7463774484904735,0.7844417094535575,0.735027457513497,0.035581425767043914,910,0.8926384464653708,0.8073032977927549,0.7857716671689122,0.883582097080656,0.916734824238411,0.8572060665492209,0.05116244964722205
1.3553443908691407,0.22418387037465434,0.006796932220458985,0.00016784753311547144,relu,0.1,True,"(128, 64, 32)",0.0005,"{'clf__activation': 'relu', 'clf__alpha': 0.1, 'clf__early_stopping': True, 'clf__hidden_layer_sizes': (128, 64, 32), 'clf__learning_rate_init': 0.0005}",0.7722033732948448,0.7583411686352863,0.7789622852395993,0.7774571844480962,0.798912044619136,0.7771752112473925,0.01307825218529987,410,0.8980664968552596,0.976949979515042,0.9778619457792277,0.9537858153140135,0.955232221432749,0.9523792917792584,0.029027854068840404
0.9464277267456055,0.1781980111212432,0.00677943229675293,0.00015183538911392794,relu,0.1,True,"(128, 64, 32)",0.001,"{'clf__activation': 'relu', 'clf__alpha': 0.1, 'clf__early_stopping': True, 'clf__hidden_layer_sizes': (128, 64, 32), 'clf__learning_rate_init': 0.001}",0.8002244522582785,0.7745275221003377,0.7849145011356298,0.7506974672009631,0.7741423618561722,0.7769012609102763,0.016174475189344086,417,0.9832469564330946,0.9410828166632133,0.950538795966029,0.9183832736404889,0.9074915404727545,0.940148676635116,0.02648210803049144
0.7055458068847656,0.08524860863845646,0.007023429870605469,0.0002466545741117247,relu,0.1,True,"(128, 64, 32)",0.005,"{'clf__activation': 'relu', 'clf__alpha': 0.1, 'clf__early_stopping': True, 'clf__hidden_layer_sizes': (128, 64, 32), 'clf__learning_rate_init': 0.005}",0.8149937569807199,0.7632287246581801,0.7729183397148903,0.7818593878017861,0.8113247641805437,0.788864994667224,0.02072556941714782,197,0.9511772483778813,0.9798890916725433,0.9337091041077202,0.9397832374152387,0.9501157299636764,0.950934882307412,0.015875532181444073
0.6587309837341309,0.11268027510630747,0.006766080856323242,0.0002190087164823879,relu,0.1,True,"(128, 64, 32)",0.01,"{'clf__activation': 'relu', 'clf__alpha': 0.1, 'clf__early_stopping': True, 'clf__hidden_layer_sizes': (128, 64, 32), 'clf__learning_rate_init': 0.01}",0.7987240993405167,0.7872941415020622,0.7547374141397595,0.7916253665633565,0.8351883411222624,0.7935138725335914,0.025728478501460143,86,0.9239646976685237,0.9162746926510553,0.9057741817009374,0.9006088596927042,0.9774340969911586,0.9248113057408759,0.027535138109953113
12.44516658782959,0.3292264010596279,0.005846881866455078,0.00017380839348698547,relu,0.1,False,"(32,)",0.0001,"{'clf__activation': 'relu', 'clf__alpha': 0.1, 'clf__early_stopping': False, 'clf__hidden_layer_sizes': (32,), 'clf__learning_rate_init': 0.0001}",0.8119981977143311,0.7787816422891487,0.7983854504304708,0.7758528379173047,0.8287769457936288,0.7987590148289769,0.020001400188657793,33,1.0,0.9985757940845588,1.0,0.9985757940845588,0.9985736545607096,0.9991450485459655,0.0006980653762450924
4.671107578277588,0.1436730609490885,0.00545969009399414,0.00011793182637635171,relu,0.1,False,"(32,)",0.0005,"{'clf__activation': 'relu', 'clf__alpha': 0.1, 'clf__early_stopping': False, 'clf__hidden_layer_sizes': (32,), 'clf__learning_rate_init': 0.0005}",0.7975658997547832,0.7682556332556333,0.7800526124818579,0.7781131353337416,0.8384817144837606,0.7924937990619554,0.02485835821095521,103,1.0,1.0,1.0,1.0,1.0,1.0,0.0
3.353174591064453,0.16329766677378688,0.005352973937988281,0.00010084638066183847,relu,0.1,False,"(32,)",0.001,"{'clf__activation': 'relu', 'clf__alpha': 0.1, 'clf__early_stopping': False, 'clf__hidden_layer_sizes': (32,), 'clf__learning_rate_init': 0.001}",0.7974614352655547,0.7762473746084314,0.793696738885796,0.784453062625563,0.847602583972876,0.7998922390716442,0.024972055682734546,23,1.0,1.0,1.0,1.0,1.0,1.0,0.0
1.6423150539398192,0.2832475702533002,0.005289888381958008,0.00010255132240703396,relu,0.1,False,"(32,)",0.005,"{'clf__activation': 'relu', 'clf__alpha': 0.1, 'clf__early_stopping': False, 'clf__hidden_layer_sizes': (32,), 'clf__learning_rate_init': 0.005}",0.7821781204391142,0.7675367681645708,0.7561365182155707,0.760969387755102,0.8305868141649184,0.7794815217478552,0.027016246928796925,364,0.9963295073489821,1.0,1.0,0.9567260632282371,1.0,0.9906111141154439,0.017002060047309694
0.9550229549407959,0.23310309879916322,0.005162477493286133,0.00011093388722547499,relu,0.1,False,"(32,)",0.01,"{'clf__activation': 'relu', 'clf__alpha': 0.1, 'clf__early_stopping': False, 'clf__hidden_layer_sizes': (32,), 'clf__learning_rate_init': 0.01}",0.8259061688863014,0.7470926809162104,0.7515799404396554,0.7765489844960044,0.8155581547165706,0.7833371858909484,0.03230658014403929,310,0.9710017276717587,0.9822541474547449,0.897842553636184,0.996340624759974,0.9861074401764289,0.9667092987398181,0.03537513030868481
13.473055839538574,0.5862268352889678,0.0060808658599853516,0.00014809690107132426,relu,0.1,False,"(64,)",0.0001,"{'clf__activation': 'relu', 'clf__alpha': 0.1, 'clf__early_stopping': False, 'clf__hidden_layer_sizes': (64,), 'clf__learning_rate_init': 0.0001}",0.79620766077276,0.7819745212210966,0.7863884906482159,0.7736716938431002,0.8478522293413648,0.7972189191653074,0.02633976618666697,41,1.0,1.0,1.0,1.0,0.9985736545607096,0.999714730912142,0.0005705381757161732
6.894451332092285,0.6837737616646942,0.005946445465087891,0.0002819788297691721,relu,0.1,False,"(64,)",0.0005,"{'clf__activation': 'relu', 'clf__alpha': 0.1, 'clf__early_stopping': False, 'clf__hidden_layer_sizes': (64,), 'clf__learning_rate_init': 0.0005}",0.7953200877255301,0.7875275867405683,0.7986725709488627,0.7698458836272697,0.8359378246170699,0.7974607907318602,0.021669262992483083,38,1.0,1.0,1.0,1.0,1.0,1.0,0.0
5.223133707046509,0.1328907145778081,0.006072425842285156,0.00013513817444936777,relu,0.1,False,"(64,)",0.001,"{'clf__activation': 'relu', 'clf__alpha': 0.1, 'clf__early_stopping': False, 'clf__hidden_layer_sizes': (64,), 'clf__learning_rate_init': 0.001}",0.8151615715645704,0.7772090180576618,0.7819695553407884,0.7587092731829574,0.8455371221036914,0.7957173080499339,0.030858533353621306,61,1.0,1.0,1.0,1.0,1.0,1.0,0.0
1.905689287185669,0.19592636320925946,0.005739641189575195,0.00014930550394415233,relu,0.1,False,"(64,)",0.005,"{'clf__activation': 'relu', 'clf__alpha': 0.1, 'clf__early_stopping': False, 'clf__hidden_layer_sizes': (64,), 'clf__learning_rate_init': 0.005}",0.7832805990613301,0.7759972382293264,0.7700379871898362,0.7259582209293817,0.841046047757869,0.7792640186335488,0.03679796630342105,368,0.9651341874522941,0.9414615768470955,1.0,0.9431736722059303,0.983092927958588,0.9665724728927815,0.02267357335266638
1.027991771697998,0.18254037900097236,0.005675125122070313,0.00012009722940122607,relu,0.1,False,"(64,)",0.01,"{'clf__activation': 'relu', 'clf__alpha': 0.1, 'clf__early_stopping': False, 'clf__hidden_layer_sizes': (64,), 'clf__learning_rate_init': 0.01}",0.7544189618907888,0.7764723898019092,0.7263020490853639,0.7529681195258447,0.7936068906052951,0.7607536821818404,0.022865125247899673,748,0.8770724363511377,0.9635516378814406,0.9294810451989297,0.9467426520733456,0.885009360978619,0.9203714264966946,0.03396538111629478
21.10759906768799,0.9450689849051355,0.007109546661376953,0.00018767541243518236,relu,0.1,False,"(128,)",0.0001,"{'clf__activation': 'relu', 'clf__alpha': 0.1, 'clf__early_stopping': False, 'clf__hidden_layer_sizes': (128,), 'clf__learning_rate_init': 0.0001}",0.8168252634089916,0.7739882573323928,0.7674055111555111,0.7753443633837068,0.8455133128520226,0.795815341626525,0.030377314508127886,60,1.0,1.0,1.0,1.0,1.0,1.0,0.0
13.675267839431763,1.5546532405849403,0.006925392150878906,0.0002929383562633985,relu,0.1,False,"(128,)",0.0005,"{'clf__activation': 'relu', 'clf__alpha': 0.1, 'clf__early_stopping': False, 'clf__hidden_layer_sizes': (128,), 'clf__learning_rate_init': 0.0005}",0.8041348031457534,0.7721110935396649,0.7632694951924262,0.7888083603251966,0.8533724860660774,0.7963392476538237,0.0317832887310635,53,1.0,1.0,1.0,1.0,1.0,1.0,0.0
11.230034923553466,0.501206063791043,0.006784296035766602,0.000228392783855741,relu,0.1,False,"(128,)",0.001,"{'clf__activation': 'relu', 'clf__alpha': 0.1, 'clf__early_stopping': False, 'clf__hidden_layer_sizes': (128,), 'clf__learning_rate_init': 0.001}",0.8242506369909575,0.789634548754331,0.7652604541079138,0.7785617787784971,0.8483280122288656,0.801207086172113,0.030627702600041176,13,1.0,1.0,1.0,1.0,1.0,1.0,0.0
3.196337938308716,0.4487082989897469,0.007177877426147461,0.0002986485367936604,relu,0.1,False,"(128,)",0.005,"{'clf__activation': 'relu', 'clf__alpha': 0.1, 'clf__early_stopping': False, 'clf__hidden_layer_sizes': (128,), 'clf__learning_rate_init': 0.005}",0.7585470085470085,0.6916395323136687,0.7550047559695618,0.7548396950358185,0.7892457615965351,0.7498553506925185,0.03183580047746827,852,0.9020972114024551,0.8615644965906328,0.9704683217640108,0.9145663260983612,0.9260145240922277,0.9149421759895375,0.03527055654075096
1.8770505428314208,0.20703581016827133,0.0070248603820800785,0.00017215938649249468,relu,0.1,False,"(128,)",0.01,"{'clf__activation': 'relu', 'clf__alpha': 0.1, 'clf__early_stopping': False, 'clf__hidden_layer_sizes': (128,), 'clf__learning_rate_init': 0.01}",0.7826335309916894,0.7716765395532519,0.7708646020604247,0.7705769971268625,0.8093302141395756,0.7810163767743609,0.014856381192540697,340,0.9500305375896487,0.964651643902656,0.9217290864638054,0.9794704601263299,0.9401725325339213,0.9512108521232723,0.019857857267579913
44.54022326469421,2.4407005045449175,0.008858537673950196,0.0003697825461657819,relu,0.1,False,"(256,)",0.0001,"{'clf__activation': 'relu', 'clf__alpha': 0.1, 'clf__early_stopping': False, 'clf__hidden_layer_sizes': (256,), 'clf__learning_rate_init': 0.0001}",0.8131234137454535,0.792579347716334,0.7607973217992071,0.7702215665751607,0.8371950242218809,0.7947833348116072,0.027922381676459124,71,1.0,1.0,1.0,1.0,1.0,1.0,0.0
24.945134782791136,1.918174158981839,0.009291887283325195,0.00023710484956560406,relu,0.1,False,"(256,)",0.0005,"{'clf__activation': 'relu', 'clf__alpha': 0.1, 'clf__early_stopping': False, 'clf__hidden_layer_sizes': (256,), 'clf__learning_rate_init': 0.0005}",0.8201338479895712,0.8115979965979966,0.7573448756196246,0.7964841609853993,0.8355896081738085,0.80423009787328,0.02664153782991424,5,1.0,1.0,1.0,1.0,1.0,1.0,0.0
17.129102897644042,1.8677737545100819,0.00860590934753418,0.00037917254307267797,relu,0.1,False,"(256,)",0.001,"{'clf__activation': 'relu', 'clf__alpha': 0.1, 'clf__early_stopping': False, 'clf__hidden_layer_sizes': (256,), 'clf__learning_rate_init': 0.001}",0.7859141384710245,0.8140008170664761,0.7480591168091169,0.7931729027072536,0.8336150234741784,0.7949523997056099,0.0287801231308899,70,0.9812091370160132,1.0,1.0,1.0,1.0,0.9962418274032027,0.007516345193594719
4.526226329803467,0.3189675025763766,0.009071922302246094,0.00046625693749587424,relu,0.1,False,"(256,)",0.005,"{'clf__activation': 'relu', 'clf__alpha': 0.1, 'clf__early_stopping': False, 'clf__hidden_layer_sizes': (256,), 'clf__learning_rate_init': 0.005}",0.7500466487535453,0.7741768035885683,0.7659388574706991,0.7672947297064041,0.829130819230566,0.7773175717499565,0.027085467621902483,409,0.95228889701708,0.9656384358679003,0.973349917035062,0.978450197272254,0.9752300177897993,0.9689914929964191,0.009355232149252999
2.9209388732910155,0.3249656344277424,0.0089813232421875,0.0003398227639460989,relu,0.1,False,"(256,)",0.01,"{'clf__activation': 'relu', 'clf__alpha': 0.1, 'clf__early_stopping': False, 'clf__hidden_layer_sizes': (256,), 'clf__learning_rate_init': 0.01}",0.7827552219930571,0.7314346472241209,0.7156442079841661,0.7712429535677199,0.811339406861795,0.7624832875261719,0.034734769064078366,713,0.9869421597664808,0.8992311251389836,0.981674807686057,0.9529491908950913,0.9219075290122436,0.9485409624997713,0.033860702786010465
12.135307359695435,0.6136083900179772,0.005724287033081055,0.00012255221478870936,relu,0.1,False,"(32, 16)",0.0001,"{'clf__activation': 'relu', 'clf__alpha': 0.1, 'clf__early_stopping': False, 'clf__hidden_layer_sizes': (32, 16), 'clf__learning_rate_init': 0.0001}",0.791721699918581,0.757487041556809,0.7828978864272982,0.7827111289757385,0.839430886799308,0.7908497287355469,0.026845583437474816,151,1.0,0.998972207018184,1.0,0.9989691435742604,1.0,0.9995882701184889,0.0005042649913117255
4.563477516174316,0.14650923093766074,0.005788230895996093,0.00017201635956134726,relu,0.1,False,"(32, 16)",0.0005,"{'clf__activation': 'relu', 'clf__alpha': 0.1, 'clf__early_stopping': False, 'clf__hidden_layer_sizes': (32, 16), 'clf__learning_rate_init': 0.0005}",0.8013028180864892,0.7621167201231476,0.7510853370480286,0.7834170647783872,0.8415781696032557,0.7879000219278616,0.031941117896183716,219,1.0,1.0,1.0,1.0,1.0,1.0,0.0
3.218662214279175,0.3655883344074376,0.00568699836730957,0.00012549218022030897,relu,0.1,False,"(32, 16)",0.001,"{'clf__activation': 'relu', 'clf__alpha': 0.1, 'clf__early_stopping': False, 'clf__hidden_layer_sizes': (32, 16), 'clf__learning_rate_init': 0.001}",0.8036200674358569,0.752911711605636,0.7747316372227535,0.7847001929192086,0.8253479853479854,0.788262318906288,0.024725050536717568,210,1.0,1.0,1.0,1.0,1.0,1.0,0.0
1.8413952827453612,0.4093934303632624,0.005536603927612305,0.00022472285552330374,relu,0.1,False,"(32, 16)",0.005,"{'clf__activation': 'relu', 'clf__alpha': 0.1, 'clf__early_stopping': False, 'clf__hidden_layer_sizes': (32, 16), 'clf__learning_rate_init': 0.005}",0.7213517030671003,0.7546364468785611,0.7566950883182467,0.7619915614795567,0.7841385389596469,0.7557626677406223,0.0201506399698655,826,0.9298370888931292,0.9062950880139027,0.9683792957590952,0.9297183506425406,0.9443325239216522,0.9357124694460639,0.020382633626328483
1.0292242050170899,0.2589854036860049,0.0055659770965576175,9.348217060901641e-05,relu,0.1,False,"(32, 16)",0.01,"{'clf__activation': 'relu', 'clf__alpha': 0.1, 'clf__early_stopping': False, 'clf__hidden_layer_sizes': (32, 16), 'clf__learning_rate_init': 0.01}",0.7831341560196472,0.7320320326616597,0.760151526317823,0.742678426843014,0.7994465329991646,0.7634885349682616,0.024950494236258787,690,0.9123510049078553,0.9490175091172371,0.9686433134484198,0.9774653693835137,0.9699256680663269,0.9554805729846706,0.02352522313679455
12.700816011428833,0.6096482220526922,0.006588172912597656,0.0004132400612340915,relu,0.1,False,"(64, 32)",0.0001,"{'clf__activation': 'relu', 'clf__alpha': 0.1, 'clf__early_stopping': False, 'clf__hidden_layer_sizes': (64, 32), 'clf__learning_rate_init': 0.0001}",0.7953273468676312,0.7859324879036025,0.7728467193185096,0.7531490117798765,0.8501954750365024,0.7914902081812245,0.03258695218333042,128,1.0,1.0,1.0,1.0,1.0,1.0,0.0
5.9165691375732425,0.36022022045897,0.006145286560058594,0.00034511869303136304,relu,0.1,False,"(64, 32)",0.0005,"{'clf__activation': 'relu', 'clf__alpha': 0.1, 'clf__early_stopping': False, 'clf__hidden_layer_sizes': (64, 32), 'clf__learning_rate_init': 0.0005}",0.7915507302057789,0.7587670395309278,0.754292977233428,0.7617532597226183,0.8440537816481213,0.7820835576681748,0.033642929151550684,325,1.0,1.0,1.0,1.0,1.0,1.0,0.0
7.151147317886353,0.3436939700614494,0.006143808364868164,0.0001289047040516998,relu,0.1,False,"(64, 32)",0.001,"{'clf__activation': 'relu', 'clf__alpha': 0.1, 'clf__early_stopping': False, 'clf__hidden_layer_sizes': (64, 32), 'clf__learning_rate_init': 0.001}",0.788029032605134,0.7707833874261437,0.7687782805429865,0.768230615150433,0.8629676733222427,0.7917577978093879,0.03634903709617117,121,1.0,1.0,1.0,1.0,1.0,1.0,0.0
2.018341064453125,0.5887455672034582,0.006054878234863281,0.00022243030028272858,relu,0.1,False,"(64, 32)",0.005,"{'clf__activation': 'relu', 'clf__alpha': 0.1, 'clf__early_stopping': False, 'clf__hidden_layer_sizes': (64, 32), 'clf__learning_rate_init': 0.005}",0.814521605501539,0.7850192990639443,0.7320889894419306,0.7901787144929009,0.785452775545934,0.7814522768092498,0.026963653285196874,337,0.9519394136590917,0.9980731026886706,0.9810948192848931,0.9603170701804018,0.911657975726357,0.9606164763078828,0.02930760048296507
0.8601739406585693,0.2958670823897046,0.006076955795288086,0.0001804233349546963,relu,0.1,False,"(64, 32)",0.01,"{'clf__activation': 'relu', 'clf__alpha': 0.1, 'clf__early_stopping': False, 'clf__hidden_layer_sizes': (64, 32), 'clf__learning_rate_init': 0.01}",0.816436676383435,0.7614195592261513,0.7502417799644868,0.7706304148737716,0.8240656302472352,0.7845588121390159,0.029946855857779724,287,0.9907603349433353,0.9593750009924212,0.97345695260304,0.9866067167765606,0.9973478392367948,0.9815093689104305,0.013543944193673782
17.945852613449098,0.3726378573473895,0.007538700103759765,0.00013143604335422594,relu,0.1,False,"(128, 64)",0.0001,"{'clf__activation': 'relu', 'clf__alpha': 0.1, 'clf__early_stopping': False, 'clf__hidden_layer_sizes': (128, 64), 'clf__learning_rate_init': 0.0001}",0.8120801248447952,0.7887624135177951,0.8033431001748286,0.7893325676612735,0.829920854339459,0.8046878121076302,0.015378964921684526,4,1.0,1.0,1.0,1.0,1.0,1.0,0.0
16.929381561279296,0.8574554639704794,0.0075627326965332035,0.0003507535375049991,relu,0.1,False,"(128, 64)",0.0005,"{'clf__activation': 'relu', 'clf__alpha': 0.1, 'clf__early_stopping': False, 'clf__hidden_layer_sizes': (128, 64), 'clf__learning_rate_init': 0.0005}",0.8115390991607057,0.7991459806373757,0.7709322874526886,0.7818807768807768,0.8305046371334843,0.7988005562530063,0.021120880084997355,32,1.0,1.0,1.0,1.0,1.0,1.0,0.0
12.311235666275024,1.5107731416505623,0.007608604431152344,0.00031214331468112433,relu,0.1,False,"(128, 64)",0.001,"{'clf__activation': 'relu', 'clf__alpha': 0.1, 'clf__early_stopping': False, 'clf__hidden_layer_sizes': (128, 64), 'clf__learning_rate_init': 0.001}",0.8265701525800497,0.7918513527004094,0.8020813251076409,0.781478613038019,0.8366048094950912,0.8077172505842419,0.02079365021063585,3,1.0,0.9307093990665953,0.9619819181288725,1.0,1.0,0.9785382634390934,0.028083914420263267
2.739760637283325,1.3066593669568116,0.00748443603515625,0.000512918351221117,relu,0.1,False,"(128, 64)",0.005,"{'clf__activation': 'relu', 'clf__alpha': 0.1, 'clf__early_stopping': False, 'clf__hidden_layer_sizes': (128, 64), 'clf__learning_rate_init': 0.005}",0.8275042514393427,0.7964842798482792,0.7516988149620615,0.7961208884573371,0.7969772654256925,0.7937571000265427,0.02421224500853706,83,0.9407949903677582,0.9739531446963446,0.9642796217279295,0.9641728592263352,0.9928879000506814,0.9672177032138098,0.016854603700348574
1.1661355018615722,0.07379855297882328,0.0075877666473388675,0.0002631266593779464,relu,0.1,False,"(128, 64)",0.01,"{'clf__activation': 'relu', 'clf__alpha': 0.1, 'clf__early_stopping': False, 'clf__hidden_layer_sizes': (128, 64), 'clf__learning_rate_init': 0.01}",0.7996183070929521,0.7696789186075007,0.7068272978357502,0.7426340326340326,0.8091040251692846,0.765572516267904,0.03754502736813867,639,0.9955282680147992,0.9895870169948586,0.9351716081715018,0.9617024648807129,0.9777394449373293,0.9719457605998404,0.021717176406641826
67.227051115036,1.2976248913338528,0.009597110748291015,0.00038008897161295437,relu,0.1,False,"(256, 128)",0.0001,"{'clf__activation': 'relu', 'clf__alpha': 0.1, 'clf__early_stopping': False, 'clf__hidden_layer_sizes': (256, 128), 'clf__learning_rate_init': 0.0001}",0.8352836410900927,0.7909482915113177,0.7594224924012158,0.7830859472900175,0.8372282120395328,0.8011937168664354,0.030457521333878655,14,1.0,1.0,1.0,1.0,1.0,1.0,0.0
31.408852291107177,0.7671685969593611,0.009193134307861329,0.00020890204880862702,relu,0.1,False,"(256, 128)",0.0005,"{'clf__activation': 'relu', 'clf__alpha': 0.1, 'clf__early_stopping': False, 'clf__hidden_layer_sizes': (256, 128), 'clf__learning_rate_init': 0.0005}",0.8362328664731871,0.785281454924312,0.7511019101380547,0.7836117727543872,0.8476524243709773,0.8007760857321837,0.0359354848847843,15,1.0,1.0,1.0,1.0,1.0,1.0,0.0
18.22618646621704,0.8044536210672757,0.009970712661743163,0.0007142339465127458,relu,0.1,False,"(256, 128)",0.001,"{'clf__activation': 'relu', 'clf__alpha': 0.1, 'clf__early_stopping': False, 'clf__hidden_layer_sizes': (256, 128), 'clf__learning_rate_init': 0.001}",0.7888524159998718,0.7518323170914881,0.6969709347592986,0.7675719708699323,0.8384126984126984,0.7687280674266578,0.046253272810547606,574,0.9697238351073356,0.9653365761519452,0.915842549977342,0.9620286627202905,1.0,0.9625863247913827,0.026994749487719984
2.6932037830352784,0.8290063408556044,0.01066889762878418,0.00026982202958796047,relu,0.1,False,"(256, 128)",0.005,"{'clf__activation': 'relu', 'clf__alpha': 0.1, 'clf__early_stopping': False, 'clf__hidden_layer_sizes': (256, 128), 'clf__learning_rate_init': 0.005}",0.8179686333084392,0.7780722414958433,0.7709643051705043,0.7902540744958085,0.8100333646956308,0.7934585238332452,0.018046976860787767,87,0.99203676316169,0.9874228680371367,0.9966465418656133,0.9874010497741841,0.9857487525919633,0.9898511950861175,0.003992078766527757
2.990597105026245,0.7585163786092034,0.010249042510986328,0.00023579395455323337,relu,0.1,False,"(256, 128)",0.01,"{'clf__activation': 'relu', 'clf__alpha': 0.1, 'clf__early_stopping': False, 'clf__hidden_layer_sizes': (256, 128), 'clf__learning_rate_init': 0.01}",0.7900106555572418,0.7633774132574893,0.7587884794902688,0.7292224676792443,0.8143480196878254,0.7711494071344139,0.028958354551775197,523,0.9708797702723508,0.9443365326221802,0.9722940546389925,0.9537635184169506,0.982446660096707,0.9647441072094363,0.01374824262879715
12.811735534667969,0.7110340932981912,0.006156349182128906,0.0002450081751866473,relu,0.1,False,"(64, 32, 16)",0.0001,"{'clf__activation': 'relu', 'clf__alpha': 0.1, 'clf__early_stopping': False, 'clf__hidden_layer_sizes': (64, 32, 16), 'clf__learning_rate_init': 0.0001}",0.769031749786818,0.7691524162112396,0.783779146021568,0.7455598221624331,0.8445516980106451,0.7824149664385407,0.03339503490787169,323,1.0,1.0,1.0,1.0,1.0,1.0,0.0
7.017521762847901,0.17174139997353874,0.006277036666870117,0.0002151672079894986,relu,0.1,False,"(64, 32, 16)",0.0005,"{'clf__activation': 'relu', 'clf__alpha': 0.1, 'clf__early_stopping': False, 'clf__hidden_layer_sizes': (64, 32, 16), 'clf__learning_rate_init': 0.0005}",0.7878312719767994,0.7872808457014743,0.7738252097037696,0.7710337982960482,0.8496139537686245,0.7939170158893433,0.028672447562357428,82,1.0,1.0,1.0,1.0,1.0,1.0,0.0
7.595713996887207,0.4510302592180555,0.006475591659545898,0.0003543115907053721,relu,0.1,False,"(64, 32, 16)",0.001,"{'clf__activation': 'relu', 'clf__alpha': 0.1, 'clf__early_stopping': False, 'clf__hidden_layer_sizes': (64, 32, 16), 'clf__learning_rate_init': 0.001}",0.7907898111851375,0.7940020746654038,0.7322026853414616,0.772525294473958,0.8705240747783374,0.7920087880888598,0.04500330163282059,115,1.0,1.0,1.0,1.0,1.0,1.0,0.0
2.5399444103240967,0.4780035707117177,0.006340122222900391,0.0001612167039544161,relu,0.1,False,"(64, 32, 16)",0.005,"{'clf__activation': 'relu', 'clf__alpha': 0.1, 'clf__early_stopping': False, 'clf__hidden_layer_sizes': (64, 32, 16), 'clf__learning_rate_init': 0.005}",0.8351331603604258,0.7949087950234739,0.7883648992076908,0.7834571971140343,0.8422306217732312,0.8088189346957713,0.024754218195321104,1,0.8834115780495562,0.9542224489472857,0.9565882679335189,0.9783412623654935,0.9440991912741182,0.9433325497139944,0.03197193931194672
0.8675345420837403,0.4871373412282742,0.006493330001831055,0.00032165714894251033,relu,0.1,False,"(64, 32, 16)",0.01,"{'clf__activation': 'relu', 'clf__alpha': 0.1, 'clf__early_stopping': False, 'clf__hidden_layer_sizes': (64, 32, 16), 'clf__learning_rate_init': 0.01}",0.7854714429688596,0.7706915894768007,0.7777806637184944,0.7928190508240223,0.8089423490995884,0.7871410192175532,0.013179723109870681,233,0.991414140625014,0.98021665172787,0.9473406571426374,0.9855707438272092,0.9908039987000706,0.9790692384045603,0.01637308895117434
15.193611145019531,0.5996711696701352,0.007834529876708985,0.0006375917043704722,relu,0.1,False,"(128, 64, 32)",0.0001,"{'clf__activation': 'relu', 'clf__alpha': 0.1, 'clf__early_stopping': False, 'clf__hidden_layer_sizes': (128, 64, 32), 'clf__learning_rate_init': 0.0001}",0.7912815310924629,0.7679432624113475,0.7680484271224093,0.7789871390406296,0.8402848815127345,0.7893090482359166,0.0268978768320272,184,1.0,1.0,1.0,1.0,1.0,1.0,0.0
17.96824154853821,0.44368896718445033,0.0070134162902832035,0.0001250944455983267,relu,0.1,False,"(128, 64, 32)",0.0005,"{'clf__activation': 'relu', 'clf__alpha': 0.1, 'clf__early_stopping': False, 'clf__hidden_layer_sizes': (128, 64, 32), 'clf__learning_rate_init': 0.0005}",0.8217433400892625,0.7925335036480547,0.7587654492036435,0.7880583360715812,0.8389895952714026,0.8000180448567888,0.027898386455531946,21,1.0,1.0,1.0,1.0,1.0,1.0,0.0
13.540607023239136,0.6610183421799813,0.0077362537384033205,0.0005509369468651429,relu,0.1,False,"(128, 64, 32)",0.001,"{'clf__activation': 'relu', 'clf__alpha': 0.1, 'clf__early_stopping': False, 'clf__hidden_layer_sizes': (128, 64, 32), 'clf__learning_rate_init': 0.001}",0.8091130349740867,0.7672924784016609,0.7337275196246217,0.75092383107089,0.8319260203926839,0.7785965768927886,0.03655702275074029,378,0.9698793914582114,0.9205982519616382,0.9884335394889527,0.9660225016749859,1.0,0.9689867369167576,0.027169945220051853
2.038159704208374,1.050069910977697,0.007668685913085937,0.0004532175873921257,relu,0.1,False,"(128, 64, 32)",0.005,"{'clf__activation': 'relu', 'clf__alpha': 0.1, 'clf__early_stopping': False, 'clf__hidden_layer_sizes': (128, 64, 32), 'clf__learning_rate_init': 0.005}",0.8441884198087871,0.7905271127365465,0.7365952025189955,0.7918177674461006,0.8205515619646054,0.796736012895007,0.036051540748085135,47,0.9814832141902032,0.9267139372427957,0.9913463567919802,0.9978683578088371,0.9852600719066309,0.9765343875880894,0.025523473279509844
1.5920303344726563,0.30635483343247116,0.0076446056365966795,0.0003621033501359338,relu,0.1,False,"(128, 64, 32)",0.01,"{'clf__activation': 'relu', 'clf__alpha': 0.1, 'clf__early_stopping': False, 'clf__hidden_layer_sizes': (128, 64, 32), 'clf__learning_rate_init': 0.01}",0.7974373608984637,0.7842169724468995,0.7455802367567074,0.7422542843619568,0.8071016080645208,0.7753180925057096,0.026669081098646626,440,0.9915294098482432,0.9589728159322837,0.9870398987892082,0.9533371497479701,0.9689986185057372,0.9719755785646885,0.015063938513653913
0.9391128540039062,0.2914427911111478,0.00549464225769043,8.704719462294681e-05,tanh,1e-05,True,"(32,)",0.0001,"{'clf__activation': 'tanh', 'clf__alpha': 1e-05, 'clf__early_stopping': True, 'clf__hidden_layer_sizes': (32,), 'clf__learning_rate_init': 0.0001}",0.6430609823584963,0.47897127342565793,0.6680061950125925,0.7282410571884256,0.6921215745976511,0.6420802165165647,0.08626178013781904,986,0.6618141509360581,0.6246917646790626,0.7800246607494095,0.8009372042771241,0.7480640426934578,0.7231063646670224,0.06835552160672789
0.544833755493164,0.07906923444350561,0.005643177032470703,0.0002812307136143346,tanh,1e-05,True,"(32,)",0.0005,"{'clf__activation': 'tanh', 'clf__alpha': 1e-05, 'clf__early_stopping': True, 'clf__hidden_layer_sizes': (32,), 'clf__learning_rate_init': 0.0005}",0.7694161126100608,0.7443524123039893,0.7122614967475016,0.7703658946538694,0.7395306000973743,0.7471853032825592,0.021530632664774476,866,0.7914101999358569,0.8406495663922262,0.8504974801020645,0.8565249769845089,0.8137269005544968,0.8305618247938307,0.02445216783013175
0.46187992095947267,0.058837605215944784,0.005807352066040039,0.0003610469583100134,tanh,1e-05,True,"(32,)",0.001,"{'clf__activation': 'tanh', 'clf__alpha': 1e-05, 'clf__early_stopping': True, 'clf__hidden_layer_sizes': (32,), 'clf__learning_rate_init': 0.001}",0.7991272354602699,0.7516955899350687,0.7111658533681829,0.7619602982971648,0.8063284879039219,0.7660554929929216,0.03450073692687977,619,0.8889562959840139,0.8888206690164426,0.8507053215984227,0.8560499363577558,0.8685296405270285,0.8706123726967328,0.01600459049950495
0.2492609977722168,0.017881137641094454,0.005439472198486328,0.00013743183148031232,tanh,1e-05,True,"(32,)",0.005,"{'clf__activation': 'tanh', 'clf__alpha': 1e-05, 'clf__early_stopping': True, 'clf__hidden_layer_sizes': (32,), 'clf__learning_rate_init': 0.005}",0.7841768530165181,0.7312571182125749,0.7188143299812193,0.7283881283881284,0.8181075356306449,0.7561487930458171,0.03849303843288157,822,0.858393366012298,0.8949416035212457,0.8713866508257038,0.8435072837232389,0.8932257068025229,0.8722909221770019,0.019868448300459942
0.2459414005279541,0.02000127107826268,0.005937623977661133,0.00028425004124238694,tanh,1e-05,True,"(32,)",0.01,"{'clf__activation': 'tanh', 'clf__alpha': 1e-05, 'clf__early_stopping': True, 'clf__hidden_layer_sizes': (32,), 'clf__learning_rate_init': 0.01}",0.7454928843779807,0.736021098000321,0.7351801882832644,0.7447043334086524,0.8000459182107897,0.7522888844562017,0.024256107130390645,838,0.7995551387511384,0.8924280900479004,0.883150873630129,0.8709569463097033,0.8595640469568532,0.8611310191391448,0.03272605668702253
0.937401533126831,0.15583374221327836,0.00618276596069336,0.00019059167494016153,tanh,1e-05,True,"(64,)",0.0001,"{'clf__activation': 'tanh', 'clf__alpha': 1e-05, 'clf__early_stopping': True, 'clf__hidden_layer_sizes': (64,), 'clf__learning_rate_init': 0.0001}",0.6735757063347055,0.677622780581902,0.6461946504200026,0.6232156270853642,0.6098547090377474,0.6460926946919444,0.02678068134571844,980,0.7362312663826098,0.7520743464873053,0.7430628897447389,0.6854225746157601,0.659657851526267,0.7152897857513362,0.036193803977023695
0.8839646816253662,0.19090022554796268,0.0062389373779296875,0.000197646097316035,tanh,1e-05,True,"(64,)",0.0005,"{'clf__activation': 'tanh', 'clf__alpha': 1e-05, 'clf__early_stopping': True, 'clf__hidden_layer_sizes': (64,), 'clf__learning_rate_init': 0.0005}",0.7755178452952426,0.756117785544391,0.7314980514026925,0.7034034381119657,0.8176850605799297,0.7568444361868443,0.03885662183538798,811,0.8709404628881896,0.9166227531587852,0.8983245770815973,0.8310838099192386,0.9142866159980279,0.8862516438091678,0.03203760859945342
0.8643756866455078,0.11506769015266975,0.006257390975952149,0.00022238044081160125,tanh,1e-05,True,"(64,)",0.001,"{'clf__activation': 'tanh', 'clf__alpha': 1e-05, 'clf__early_stopping': True, 'clf__hidden_layer_sizes': (64,), 'clf__learning_rate_init': 0.001}",0.780531652371895,0.7597722699835376,0.7324555172095288,0.7666555069780876,0.8241640419381282,0.7727157976962354,0.030110335893146774,481,0.9418378472416566,0.9345840778116331,0.9341889471554017,0.9113872042161132,0.9225939072838436,0.9289183967417298,0.010715714844490094
0.40216827392578125,0.051551226024583834,0.00617671012878418,0.00015845077064241994,tanh,1e-05,True,"(64,)",0.005,"{'clf__activation': 'tanh', 'clf__alpha': 1e-05, 'clf__early_stopping': True, 'clf__hidden_layer_sizes': (64,), 'clf__learning_rate_init': 0.005}",0.7839313561807736,0.7663350541058915,0.7276366251198466,0.7741618540415892,0.7690480764920236,0.7642225931880249,0.019253597506710175,671,0.9345866989789666,0.8982611506140917,0.952300014117206,0.9259062440455808,0.8274867116317604,0.9077081638775211,0.04374193946047553
0.4375263214111328,0.06376279992412474,0.006017017364501953,0.00022048361359557666,tanh,1e-05,True,"(64,)",0.01,"{'clf__activation': 'tanh', 'clf__alpha': 1e-05, 'clf__early_stopping': True, 'clf__hidden_layer_sizes': (64,), 'clf__learning_rate_init': 0.01}",0.7816787389922291,0.7677790788571013,0.7433109641731567,0.740551872393616,0.8238249269180115,0.7714291162668229,0.03035698660693704,518,0.9656098415467987,0.9448401313882698,0.9230226690131226,0.9356140210690923,0.9576119735857842,0.9453397273206136,0.01519457540586137
1.5641961574554444,0.11898176354102503,0.007704019546508789,0.00038360267615375753,tanh,1e-05,True,"(128,)",0.0001,"{'clf__activation': 'tanh', 'clf__alpha': 1e-05, 'clf__early_stopping': True, 'clf__hidden_layer_sizes': (128,), 'clf__learning_rate_init': 0.0001}",0.6941748424495067,0.6997569992731283,0.6867245950403431,0.6706259084956031,0.7338100165962056,0.6970184723709574,0.02084099242173879,956,0.7621904335289713,0.7783548845617722,0.7898556486899048,0.7696656059981053,0.7666764637676018,0.773348607309271,0.009799306784471235
1.5468420505523681,0.3090044259144525,0.007619094848632812,0.0003566463161221995,tanh,1e-05,True,"(128,)",0.0005,"{'clf__activation': 'tanh', 'clf__alpha': 1e-05, 'clf__early_stopping': True, 'clf__hidden_layer_sizes': (128,), 'clf__learning_rate_init': 0.0005}",0.7887658473476629,0.7416278234756496,0.728466555678045,0.7422368797368798,0.8279777498066219,0.7658149712089719,0.037220430986555406,629,0.9125550681466127,0.9283469022456893,0.9455634817675718,0.8655776255551213,0.9281292180807204,0.9160344591591432,0.027305094189552334
1.2837793827056885,0.38650548614177194,0.0076618194580078125,0.0003504076717267904,tanh,1e-05,True,"(128,)",0.001,"{'clf__activation': 'tanh', 'clf__alpha': 1e-05, 'clf__early_stopping': True, 'clf__hidden_layer_sizes': (128,), 'clf__learning_rate_init': 0.001}",0.7833006465556315,0.7609003423152316,0.731885464081178,0.7569556034193415,0.8261694914645876,0.7718423095671941,0.03168793571036765,508,0.9690405348749488,0.9241383653928046,0.9753559445303859,0.905650058486334,0.949402263759612,0.9447174334088171,0.02646521145895303
0.7065967082977295,0.1504455863646724,0.0075776100158691405,0.0003051142108915023,tanh,1e-05,True,"(128,)",0.005,"{'clf__activation': 'tanh', 'clf__alpha': 1e-05, 'clf__early_stopping': True, 'clf__hidden_layer_sizes': (128,), 'clf__learning_rate_init': 0.005}",0.7843238951006922,0.7270775798582343,0.7394579571540976,0.7906470781470782,0.7695896334914261,0.7622192287503058,0.024916230587171066,720,0.9687491397875562,0.9731869641137182,0.9539840407288621,0.9191709393517297,0.8834377758339829,0.9397057719631698,0.033929760211719596
0.6106996059417724,0.10554745893590955,0.007821607589721679,0.00021487678104922177,tanh,1e-05,True,"(128,)",0.01,"{'clf__activation': 'tanh', 'clf__alpha': 1e-05, 'clf__early_stopping': True, 'clf__hidden_layer_sizes': (128,), 'clf__learning_rate_init': 0.01}",0.7984206071578345,0.7208512799954938,0.7575329447586396,0.7640269592901171,0.7434804107104311,0.7568624403825032,0.025513696414221732,808,0.9545647539851273,0.9016035836767531,0.9570785459371067,0.9290416848802462,0.8715212942843147,0.9227619725527095,0.03256305707955818
2.472503089904785,0.35685909307699454,0.010015106201171875,0.0005045971061387014,tanh,1e-05,True,"(256,)",0.0001,"{'clf__activation': 'tanh', 'clf__alpha': 1e-05, 'clf__early_stopping': True, 'clf__hidden_layer_sizes': (256,), 'clf__learning_rate_init': 0.0001}",0.7174904940395059,0.7411274314444273,0.7120363085351283,0.6808898511755316,0.7958515828081045,0.7294791336005396,0.03834027346755581,926,0.7666382405982205,0.8198577856238163,0.8197757260045433,0.8324884426776076,0.8398407249376519,0.815720183968368,0.025712173499910944
1.6631872177124023,0.35661904408997497,0.009793424606323242,0.00025102189021783194,tanh,1e-05,True,"(256,)",0.0005,"{'clf__activation': 'tanh', 'clf__alpha': 1e-05, 'clf__early_stopping': True, 'clf__hidden_layer_sizes': (256,), 'clf__learning_rate_init': 0.0005}",0.7788546368391959,0.779260645981772,0.7260089920007948,0.7606264508438421,0.7843917112299466,0.7658284873791104,0.021481853414069073,624,0.919861510896634,0.8745938458566032,0.9107707724728116,0.9308759263991823,0.8455431763216317,0.8963290463893726,0.031646329320172195
1.4320043563842773,0.3657161886886781,0.01014394760131836,0.0002792381523641082,tanh,1e-05,True,"(256,)",0.001,"{'clf__activation': 'tanh', 'clf__alpha': 1e-05, 'clf__early_stopping': True, 'clf__hidden_layer_sizes': (256,), 'clf__learning_rate_init': 0.001}",0.776338828616866,0.7649721125657583,0.713233043844914,0.7454379598441044,0.7898992548449071,0.75797623994331,0.026699692289975804,788,0.9552034271960657,0.933969620970149,0.9153717188063326,0.913620946001825,0.8680826038053929,0.9172496633559529,0.028824084313183215
0.9778254508972168,0.06900794824609487,0.010130786895751953,0.00045775804913564396,tanh,1e-05,True,"(256,)",0.005,"{'clf__activation': 'tanh', 'clf__alpha': 1e-05, 'clf__early_stopping': True, 'clf__hidden_layer_sizes': (256,), 'clf__learning_rate_init': 0.005}",0.7850389457101191,0.758444767303962,0.7381362867336055,0.7421885309315365,0.802694776116703,0.7653006613591853,0.024927883153676174,647,0.8760459320655173,0.924377541432633,0.9136661350961435,0.9156497021096464,0.908466835907175,0.907641229322223,0.016610139698396805
1.173321533203125,0.2505549679594313,0.009926652908325196,0.000497382862650158,tanh,1e-05,True,"(256,)",0.01,"{'clf__activation': 'tanh', 'clf__alpha': 1e-05, 'clf__early_stopping': True, 'clf__hidden_layer_sizes': (256,), 'clf__learning_rate_init': 0.01}",0.8086150531077061,0.7614657854711732,0.7631561697227389,0.7518449230577295,0.7941128383345364,0.7758389539387768,0.021685765067575632,432,0.9589576479836013,0.9277679634436227,0.9433662775310798,0.9557030255062937,0.9834977583779884,0.9538585345685172,0.01843199420480696
1.3050892353057861,0.1956326137565682,0.005742883682250977,0.00027834821712004393,tanh,1e-05,True,"(32, 16)",0.0001,"{'clf__activation': 'tanh', 'clf__alpha': 1e-05, 'clf__early_stopping': True, 'clf__hidden_layer_sizes': (32, 16), 'clf__learning_rate_init': 0.0001}",0.7058803409581831,0.652698553397664,0.6628292305489197,0.5904461904700656,0.6404983844294806,0.6504705399608627,0.037229863661377996,976,0.7820603419223986,0.7486401567516053,0.7450762204481504,0.7133723584610552,0.681809669586184,0.7341917494338788,0.03404690781777688
0.601875638961792,0.038537210838961646,0.005574464797973633,9.637880485622768e-05,tanh,1e-05,True,"(32, 16)",0.0005,"{'clf__activation': 'tanh', 'clf__alpha': 1e-05, 'clf__early_stopping': True, 'clf__hidden_layer_sizes': (32, 16), 'clf__learning_rate_init': 0.0005}",0.7570360281273595,0.7423716130428168,0.7141669900247468,0.7160944744843148,0.7612154928026089,0.7381769196963693,0.01984010273780742,895,0.8149935077829639,0.8542482327207277,0.8569866887648578,0.8473168036620977,0.8037056793158499,0.8354501824492994,0.02183663671396833
0.44217758178710936,0.11738977558111525,0.005708074569702149,0.0003282272686488101,tanh,1e-05,True,"(32, 16)",0.001,"{'clf__activation': 'tanh', 'clf__alpha': 1e-05, 'clf__early_stopping': True, 'clf__hidden_layer_sizes': (32, 16), 'clf__learning_rate_init': 0.001}",0.7869034425584727,0.7180898350967477,0.6935976580154393,0.7296458796458797,0.7300837889435392,0.7316641208520156,0.03063093284818687,920,0.9209232456337356,0.8160917943691542,0.8377444731198479,0.8650259052904092,0.7446069151974573,0.836878466722121,0.05797012695452187
0.25941104888916017,0.019770304637205312,0.005794954299926758,0.00035644078011970676,tanh,1e-05,True,"(32, 16)",0.005,"{'clf__activation': 'tanh', 'clf__alpha': 1e-05, 'clf__early_stopping': True, 'clf__hidden_layer_sizes': (32, 16), 'clf__learning_rate_init': 0.005}",0.7871582595302272,0.7280755011304211,0.7236265646519244,0.7200246434243479,0.7968123561993672,0.7511394649872576,0.033586916460267686,846,0.9102951406107059,0.8177146569107282,0.8254895599647982,0.8357286221221789,0.8462562585678088,0.847096847635244,0.03302773194923847
0.2846810340881348,0.04290153642131722,0.005955743789672852,0.0001910460080030873,tanh,1e-05,True,"(32, 16)",0.01,"{'clf__activation': 'tanh', 'clf__alpha': 1e-05, 'clf__early_stopping': True, 'clf__hidden_layer_sizes': (32, 16), 'clf__learning_rate_init': 0.01}",0.8018235152387871,0.7544672754946729,0.750952380952381,0.7433189835763365,0.7854918134115442,0.7672107937347443,0.022493501311810566,595,0.9142073715510591,0.9622359170745661,0.8497754111891062,0.8269014665856181,0.8655232077138894,0.8837286748228477,0.04859204210628621
1.3635993480682373,0.33361873847148876,0.006259489059448242,0.00021147797314552733,tanh,1e-05,True,"(64, 32)",0.0001,"{'clf__activation': 'tanh', 'clf__alpha': 1e-05, 'clf__early_stopping': True, 'clf__hidden_layer_sizes': (64, 32), 'clf__learning_rate_init': 0.0001}",0.709549478297824,0.7149968753279714,0.7367563827223863,0.6738219699491174,0.7624059739554718,0.7195061360505541,0.02947703716712439,941,0.7615109528622863,0.7929707256184511,0.844135099140837,0.7171414417637247,0.8156611539344854,0.7862838746639568,0.04392920752405032
0.9420090675354004,0.14138230882247685,0.0063015460968017575,0.00026194864292208516,tanh,1e-05,True,"(64, 32)",0.0005,"{'clf__activation': 'tanh', 'clf__alpha': 1e-05, 'clf__early_stopping': True, 'clf__hidden_layer_sizes': (64, 32), 'clf__learning_rate_init': 0.0005}",0.779378616335138,0.7564442161887298,0.7530364427137598,0.7590649314322914,0.8341953779755904,0.7764239169291018,0.03031095092323091,420,0.9197947507870536,0.9120329466682694,0.8844678606174832,0.8966491810328727,0.9214267377423175,0.9068742953695994,0.014226206183849226
0.7137036800384522,0.152904635009992,0.006479835510253907,0.00029693950451836336,tanh,1e-05,True,"(64, 32)",0.001,"{'clf__activation': 'tanh', 'clf__alpha': 1e-05, 'clf__early_stopping': True, 'clf__hidden_layer_sizes': (64, 32), 'clf__learning_rate_init': 0.001}",0.7761415921880173,0.736707082230315,0.7607794833822231,0.7564755505931977,0.8301867948040061,0.7720581006395518,0.03167124110054956,501,0.9552548380664708,0.9092519437256078,0.8893851918292802,0.9233570645413607,0.9057702320538616,0.9166038540433163,0.022143974085248846
0.5921638011932373,0.0793514335218235,0.006601142883300781,0.00013155222524579362,tanh,1e-05,True,"(64, 32)",0.005,"{'clf__activation': 'tanh', 'clf__alpha': 1e-05, 'clf__early_stopping': True, 'clf__hidden_layer_sizes': (64, 32), 'clf__learning_rate_init': 0.005}",0.7582674186245472,0.7552348956122052,0.751452012717525,0.7704626168368374,0.8385454340438344,0.7747924755669898,0.032507048582851555,449,0.9780068495390517,0.950129971220044,0.9725245080823833,0.9625113711336977,0.9752045610855977,0.9676754522121549,0.01021224980713231
0.5278307437896729,0.1357602026617491,0.0063899517059326175,0.0003400308890883215,tanh,1e-05,True,"(64, 32)",0.01,"{'clf__activation': 'tanh', 'clf__alpha': 1e-05, 'clf__early_stopping': True, 'clf__hidden_layer_sizes': (64, 32), 'clf__learning_rate_init': 0.01}",0.7442974933044446,0.7565143012576536,0.7426766738751345,0.7684599479725901,0.7733666804169324,0.757063019365351,0.012376801114186363,801,0.9797783878676013,0.9237444685240359,0.9722640528607688,0.9832114524907211,0.80431510383424,0.9326626931154735,0.06766974488528264
2.375387954711914,0.8585944523021243,0.00887312889099121,0.00041957615526438773,tanh,1e-05,True,"(128, 64)",0.0001,"{'clf__activation': 'tanh', 'clf__alpha': 1e-05, 'clf__early_stopping': True, 'clf__hidden_layer_sizes': (128, 64), 'clf__learning_rate_init': 0.0001}",0.76220953285855,0.6430238517770444,0.7231293424606676,0.7432830557830558,0.6952380908349773,0.7133767747428591,0.041599716613638496,946,0.8635393692018293,0.658964489822079,0.8574216475752143,0.872121260890753,0.773902352680777,0.8051898240341305,0.08120764038008907
1.3941521167755127,0.4412828370833473,0.008460235595703126,0.0003004736070509369,tanh,1e-05,True,"(128, 64)",0.0005,"{'clf__activation': 'tanh', 'clf__alpha': 1e-05, 'clf__early_stopping': True, 'clf__hidden_layer_sizes': (128, 64), 'clf__learning_rate_init': 0.0005}",0.7701832205353332,0.770524453024453,0.7435614913000381,0.7582001321734951,0.7558535762483132,0.7596645746563266,0.010045461298809726,763,0.8927207980890703,0.9556637239662358,0.9574294817790465,0.8826621966521393,0.8375072122235443,0.9051966825420072,0.04587047574518803
1.4809016704559326,0.13770797569055782,0.00841526985168457,0.0002940386246023314,tanh,1e-05,True,"(128, 64)",0.001,"{'clf__activation': 'tanh', 'clf__alpha': 1e-05, 'clf__early_stopping': True, 'clf__hidden_layer_sizes': (128, 64), 'clf__learning_rate_init': 0.001}",0.7898033699975586,0.7615300335778781,0.727149457685172,0.7807168891754608,0.7875549812444266,0.7693509463360992,0.023328118217829326,564,0.9626689810182196,0.9670474048078406,0.9740997116359081,0.9770002536826697,0.962289092324198,0.9686210886937673,0.005970325954783005
0.7819534301757812,0.14106778320710367,0.00812215805053711,0.00016612409850307324,tanh,1e-05,True,"(128, 64)",0.005,"{'clf__activation': 'tanh', 'clf__alpha': 1e-05, 'clf__early_stopping': True, 'clf__hidden_layer_sizes': (128, 64), 'clf__learning_rate_init': 0.005}",0.7905184028128952,0.7776083463177687,0.7133624968053788,0.7473524365929429,0.7748566541230784,0.7607396673304129,0.027547881833617706,749,0.9659273862887279,0.9747885623158874,0.9601586222015631,0.9503998508142802,0.8801453567925787,0.9462839556826074,0.03400628821903023
0.8448724269866943,0.1045286258058461,0.008493995666503907,0.00015357425886574757,tanh,1e-05,True,"(128, 64)",0.01,"{'clf__activation': 'tanh', 'clf__alpha': 1e-05, 'clf__early_stopping': True, 'clf__hidden_layer_sizes': (128, 64), 'clf__learning_rate_init': 0.01}",0.7699443102522814,0.7599586703579243,0.753490294035336,0.768046847483747,0.8098170064508596,0.7722514257160296,0.019683830989185195,496,0.9757266017522166,0.9609482135965661,0.9373726991308944,0.9825411245606848,0.9861259539969991,0.9685429186074721,0.017809999064361058
3.356654930114746,0.5900106569999182,0.011722612380981445,0.0006776590428293241,tanh,1e-05,True,"(256, 128)",0.0001,"{'clf__activation': 'tanh', 'clf__alpha': 1e-05, 'clf__early_stopping': True, 'clf__hidden_layer_sizes': (256, 128), 'clf__learning_rate_init': 0.0001}",0.7920770837144077,0.7613338902812588,0.6988201499623263,0.7035762483130904,0.7878255104878437,0.7487265765517853,0.04023963474152604,856,0.7958106968998511,0.8745066020130158,0.8826858327708977,0.8498530553618381,0.8806450318470808,0.8567002437785367,0.03261929187707002
1.712756586074829,0.2591748622617706,0.012316131591796875,0.0006013017641468856,tanh,1e-05,True,"(256, 128)",0.0005,"{'clf__activation': 'tanh', 'clf__alpha': 1e-05, 'clf__early_stopping': True, 'clf__hidden_layer_sizes': (256, 128), 'clf__learning_rate_init': 0.0005}",0.8144618553198328,0.7707159507159507,0.6765370920369749,0.7407199066884529,0.8059142331373088,0.7616698075797042,0.05002575298022493,729,0.8702731052813413,0.9453447270690669,0.8762707309790172,0.8659494806876232,0.9008605571399422,0.8917397202313981,0.0294004355940804
1.5197106838226317,0.20078330134680586,0.01281890869140625,0.00030438427056054954,tanh,1e-05,True,"(256, 128)",0.001,"{'clf__activation': 'tanh', 'clf__alpha': 1e-05, 'clf__early_stopping': True, 'clf__hidden_layer_sizes': (256, 128), 'clf__learning_rate_init': 0.001}",0.7985641880172162,0.7701164102251656,0.6878375662744796,0.7390220688607785,0.7967590498676853,0.758459856649065,0.04141593009654839,782,0.9394660068656724,0.9439378587398797,0.8946436938274424,0.8796298261538051,0.8845900347375831,0.9084534840648765,0.02761121218678596
1.5177525520324706,0.21360469629676504,0.011842775344848632,0.0011521632378908404,tanh,1e-05,True,"(256, 128)",0.005,"{'clf__activation': 'tanh', 'clf__alpha': 1e-05, 'clf__early_stopping': True, 'clf__hidden_layer_sizes': (256, 128), 'clf__learning_rate_init': 0.005}",0.7969227236748143,0.7416131222878684,0.7396552517720704,0.7618795744958382,0.8134350721420643,0.7707011488745311,0.02966998609694334,525,0.9632564279533542,0.9332568110415137,0.9250259347638019,0.9574584237043581,0.9753783641555202,0.9508751923237098,0.018844791515697092
1.4028001785278321,0.3080803223062325,0.012239742279052734,0.0003163346260963172,tanh,1e-05,True,"(256, 128)",0.01,"{'clf__activation': 'tanh', 'clf__alpha': 1e-05, 'clf__early_stopping': True, 'clf__hidden_layer_sizes': (256, 128), 'clf__learning_rate_init': 0.01}",0.7770294056793696,0.7405838716114971,0.7129654384302807,0.7510534728276664,0.8138606676342526,0.7590985712366132,0.03422334197246818,778,0.972457560290174,0.8827699012195511,0.9490859499613848,0.8420362508206627,0.9646915919077556,0.9222082508399057,0.051059124721138084
1.8888162612915038,0.5853160295368457,0.006411981582641601,0.0001121434829606692,tanh,1e-05,True,"(64, 32, 16)",0.0001,"{'clf__activation': 'tanh', 'clf__alpha': 1e-05, 'clf__early_stopping': True, 'clf__hidden_layer_sizes': (64, 32, 16), 'clf__learning_rate_init': 0.0001}",0.6709673094922156,0.7138168199812035,0.6914542856601467,0.7050839617371876,0.6061955858127995,0.6775035925367107,0.03847467715334198,961,0.7366075975586227,0.8498368207017867,0.8495307470714415,0.8495229823086531,0.6917213243958652,0.7954438944072738,0.06786546569040096
0.914721155166626,0.20307798097419888,0.006562280654907227,0.0001588789211418592,tanh,1e-05,True,"(64, 32, 16)",0.0005,"{'clf__activation': 'tanh', 'clf__alpha': 1e-05, 'clf__early_stopping': True, 'clf__hidden_layer_sizes': (64, 32, 16), 'clf__learning_rate_init': 0.0005}",0.7434835159427577,0.7343273020080424,0.7023864994253617,0.7140511677423648,0.8237060455416815,0.7435909061320417,0.04260202045167576,886,0.8429072321032878,0.9081496397109406,0.8821249598803809,0.8249681175183254,0.9365776319835926,0.8789455162393056,0.040979916912868904
0.6624875068664551,0.21448331001011042,0.0065233707427978516,0.00026463903816447944,tanh,1e-05,True,"(64, 32, 16)",0.001,"{'clf__activation': 'tanh', 'clf__alpha': 1e-05, 'clf__early_stopping': True, 'clf__hidden_layer_sizes': (64, 32, 16), 'clf__learning_rate_init': 0.001}",0.7446575096222984,0.7467245998273485,0.6895326809095554,0.6999298546383611,0.8006361368489465,0.736296156369302,0.0395667241200488,905,0.8267391227606585,0.9219774789767405,0.8616900648623903,0.8006271280454713,0.9631644493615433,0.8748396488013608,0.060028852775548855
0.5740746021270752,0.2192495452615775,0.006565284729003906,0.000276101166439423,tanh,1e-05,True,"(64, 32, 16)",0.005,"{'clf__activation': 'tanh', 'clf__alpha': 1e-05, 'clf__early_stopping': True, 'clf__hidden_layer_sizes': (64, 32, 16), 'clf__learning_rate_init': 0.005}",0.7589678106293549,0.7564602161674988,0.732513901664885,0.726690107586334,0.8061590842127089,0.7561582240521563,0.028055284215149648,820,0.8430916644526594,0.9297546719361713,0.9884519195844819,0.8928387261453543,0.9759212379580091,0.9260116440153352,0.05362822266190219
0.4868602752685547,0.17049490313649907,0.00622401237487793,0.00028387396402445604,tanh,1e-05,True,"(64, 32, 16)",0.01,"{'clf__activation': 'tanh', 'clf__alpha': 1e-05, 'clf__early_stopping': True, 'clf__hidden_layer_sizes': (64, 32, 16), 'clf__learning_rate_init': 0.01}",0.7586833554627201,0.7482145090681676,0.7364323579756944,0.7567915629863056,0.7851846138360166,0.7570612798657809,0.01610865333869635,803,0.8579077502031855,0.942027035978888,0.90845665529323,0.913761865406273,0.9744558516332836,0.919321831702972,0.03866766386784888
2.0005444526672362,0.4635832801098814,0.008373069763183593,0.0003700814684302346,tanh,1e-05,True,"(128, 64, 32)",0.0001,"{'clf__activation': 'tanh', 'clf__alpha': 1e-05, 'clf__early_stopping': True, 'clf__hidden_layer_sizes': (128, 64, 32), 'clf__learning_rate_init': 0.0001}",0.7333902978667196,0.7572188861757206,0.6946150868055329,0.6901939964368332,0.7886634407182352,0.7328163416006084,0.03739174310611383,913,0.8206438468518777,0.8638891663212745,0.7610718628916744,0.8159899780028337,0.8809785600045752,0.8285146828144472,0.04188356417904027
1.2009662628173827,0.23402288979002664,0.008485794067382812,0.00030720616476291883,tanh,1e-05,True,"(128, 64, 32)",0.0005,"{'clf__activation': 'tanh', 'clf__alpha': 1e-05, 'clf__early_stopping': True, 'clf__hidden_layer_sizes': (128, 64, 32), 'clf__learning_rate_init': 0.0005}",0.7236685026031273,0.7582489187560639,0.7314988162973426,0.7765691179540476,0.8183498281629122,0.7616670367546987,0.03406084121035005,733,0.7766535198425922,0.9522163734538465,0.9185849309179103,0.9047092858046151,0.9405298091264193,0.8985387838290766,0.06315135868410043
0.9749465942382812,0.2568833522065137,0.00839080810546875,0.0003167812168995882,tanh,1e-05,True,"(128, 64, 32)",0.001,"{'clf__activation': 'tanh', 'clf__alpha': 1e-05, 'clf__early_stopping': True, 'clf__hidden_layer_sizes': (128, 64, 32), 'clf__learning_rate_init': 0.001}",0.766720708957333,0.7535091139771901,0.7260034486061883,0.7820913758092245,0.8291817661644096,0.7715012827028691,0.034222253498673146,514,0.789682568605518,0.9222470199898336,0.8829874580039009,0.9721267901564559,0.9581792011927095,0.9050446075896836,0.06544332683184598
0.8683384895324707,0.2762707936594827,0.008372926712036132,0.0002521659256125229,tanh,1e-05,True,"(128, 64, 32)",0.005,"{'clf__activation': 'tanh', 'clf__alpha': 1e-05, 'clf__early_stopping': True, 'clf__hidden_layer_sizes': (128, 64, 32), 'clf__learning_rate_init': 0.005}",0.7376329868308743,0.7656308137872267,0.7320120583968766,0.7617549900890439,0.8269870802479498,0.7648035858703943,0.033735118027007883,661,0.7907583564433315,0.9872770721009154,0.8976385238318227,0.9782097511825096,0.9272601074979435,0.9162287622113044,0.07085141579028276
0.7456049919128418,0.10986689984509822,0.008437108993530274,0.0002463644325050624,tanh,1e-05,True,"(128, 64, 32)",0.01,"{'clf__activation': 'tanh', 'clf__alpha': 1e-05, 'clf__early_stopping': True, 'clf__hidden_layer_sizes': (128, 64, 32), 'clf__learning_rate_init': 0.01}",0.7680282982989224,0.7632686729072206,0.7304554088618069,0.7460681881519089,0.8148631373463588,0.7645367411132435,0.02845758170641683,665,0.8921675249361325,0.9722290281229842,0.9359764921253215,0.8700155202860411,0.9152820425710723,0.9171341216083103,0.0353197038132522
13.073675870895386,0.428069687266204,0.006225156784057617,0.00023211899009151373,tanh,1e-05,False,"(32,)",0.0001,"{'clf__activation': 'tanh', 'clf__alpha': 1e-05, 'clf__early_stopping': False, 'clf__hidden_layer_sizes': (32,), 'clf__learning_rate_init': 0.0001}",0.7948466267780909,0.7556566244717748,0.7187993374418956,0.8163478678184561,0.8042199076050353,0.7779740728230505,0.0359048544658239,388,1.0,0.9975489023865322,0.9990795325574398,0.9964491830558417,0.9966291764306716,0.997941358886097,0.0013882273697607677
5.190875911712647,0.22591739057392685,0.0055735111236572266,6.657422056105719e-05,tanh,1e-05,False,"(32,)",0.0005,"{'clf__activation': 'tanh', 'clf__alpha': 1e-05, 'clf__early_stopping': False, 'clf__hidden_layer_sizes': (32,), 'clf__learning_rate_init': 0.0005}",0.7719120351056104,0.7613061294456644,0.7145417448815508,0.7785983985182107,0.8167725796786376,0.7686261775259347,0.03288472913120881,575,1.0,1.0,1.0,1.0,1.0,1.0,0.0
3.4007841110229493,0.20724534924027424,0.005510282516479492,0.00024174479544925758,tanh,1e-05,False,"(32,)",0.001,"{'clf__activation': 'tanh', 'clf__alpha': 1e-05, 'clf__early_stopping': False, 'clf__hidden_layer_sizes': (32,), 'clf__learning_rate_init': 0.001}",0.7915191681130367,0.7627435506975535,0.7166222947333044,0.7803688909379576,0.8096243952126305,0.7721756599388965,0.03168232689275121,498,1.0,1.0,1.0,1.0,1.0,1.0,0.0
1.383681631088257,0.02377279203825864,0.005533361434936523,0.00020127463074595182,tanh,1e-05,False,"(32,)",0.005,"{'clf__activation': 'tanh', 'clf__alpha': 1e-05, 'clf__early_stopping': False, 'clf__hidden_layer_sizes': (32,), 'clf__learning_rate_init': 0.005}",0.7452912579590432,0.7456804478897502,0.7250062108552675,0.7746181411590427,0.8287682993838061,0.7638728714493819,0.03609358759818943,680,1.0,1.0,1.0,1.0,1.0,1.0,0.0
1.1230915546417237,0.07577017579711426,0.0054895877838134766,0.0001909490217498874,tanh,1e-05,False,"(32,)",0.01,"{'clf__activation': 'tanh', 'clf__alpha': 1e-05, 'clf__early_stopping': False, 'clf__hidden_layer_sizes': (32,), 'clf__learning_rate_init': 0.01}",0.7599102321649052,0.7478749619801321,0.7245828481345744,0.7687029135379206,0.8191879797494943,0.7640517871134054,0.031299431331317705,678,1.0,1.0,1.0,1.0,1.0,1.0,0.0
16.91447558403015,0.3499291093349377,0.0063478946685791016,0.00011625823852820042,tanh,1e-05,False,"(64,)",0.0001,"{'clf__activation': 'tanh', 'clf__alpha': 1e-05, 'clf__early_stopping': False, 'clf__hidden_layer_sizes': (64,), 'clf__learning_rate_init': 0.0001}",0.7567884019601693,0.7448104670805582,0.7294505857119287,0.7612567379808759,0.8194553490332632,0.762352308353359,0.030604424947049028,715,1.0,1.0,1.0,1.0,1.0,1.0,0.0
5.980871963500976,0.2726893310826402,0.006284141540527343,0.00025128244199728396,tanh,1e-05,False,"(64,)",0.0005,"{'clf__activation': 'tanh', 'clf__alpha': 1e-05, 'clf__early_stopping': False, 'clf__hidden_layer_sizes': (64,), 'clf__learning_rate_init': 0.0005}",0.7616196505759613,0.7498890217969165,0.729321269793139,0.7608864692458519,0.8261274758411673,0.7655687774506073,0.032448766117351376,640,1.0,1.0,1.0,1.0,1.0,1.0,0.0
3.7530439853668214,0.15390666266533282,0.006072235107421875,7.166695925971875e-05,tanh,1e-05,False,"(64,)",0.001,"{'clf__activation': 'tanh', 'clf__alpha': 1e-05, 'clf__early_stopping': False, 'clf__hidden_layer_sizes': (64,), 'clf__learning_rate_init': 0.001}",0.7633731302170765,0.7339652524165343,0.72897849217725,0.7645683013330072,0.8204898470291543,0.7622750046346044,0.032574630549049514,718,1.0,1.0,1.0,1.0,1.0,1.0,0.0
1.66610746383667,0.08546452118825318,0.006157732009887696,0.00033512974425735305,tanh,1e-05,False,"(64,)",0.005,"{'clf__activation': 'tanh', 'clf__alpha': 1e-05, 'clf__early_stopping': False, 'clf__hidden_layer_sizes': (64,), 'clf__learning_rate_init': 0.005}",0.7801660663800138,0.7399812087994296,0.7411284847032511,0.75658654693239,0.8211059940318146,0.7677936601693798,0.030349447435670508,584,1.0,1.0,1.0,1.0,1.0,1.0,0.0
1.2907196521759032,0.08931547914461481,0.006085729598999024,0.0003216567106753203,tanh,1e-05,False,"(64,)",0.01,"{'clf__activation': 'tanh', 'clf__alpha': 1e-05, 'clf__early_stopping': False, 'clf__hidden_layer_sizes': (64,), 'clf__learning_rate_init': 0.01}",0.7694030658008603,0.7393292900510081,0.7087226750560865,0.756594612643663,0.8273272020435094,0.7602753691190255,0.03921537863377076,755,1.0,1.0,1.0,1.0,1.0,1.0,0.0
22.56157660484314,0.7940498788192197,0.007916975021362304,0.00024113996898211741,tanh,1e-05,False,"(128,)",0.0001,"{'clf__activation': 'tanh', 'clf__alpha': 1e-05, 'clf__early_stopping': False, 'clf__hidden_layer_sizes': (128,), 'clf__learning_rate_init': 0.0001}",0.7834464771348653,0.7603849566024556,0.7563359636144447,0.7640283870159168,0.8159434583737806,0.7760278485482927,0.022021577761777694,428,1.0,1.0,1.0,1.0,1.0,1.0,0.0
8.529497814178466,0.6124846853521801,0.007860565185546875,0.0003924706886063767,tanh,1e-05,False,"(128,)",0.0005,"{'clf__activation': 'tanh', 'clf__alpha': 1e-05, 'clf__early_stopping': False, 'clf__hidden_layer_sizes': (128,), 'clf__learning_rate_init': 0.0005}",0.7806253785331152,0.7492014737463661,0.7377068354181031,0.7348810717590238,0.8313828468969785,0.7667595212707173,0.03615802910559875,602,1.0,1.0,1.0,1.0,1.0,1.0,0.0
5.608564758300782,0.3571316018447532,0.007957172393798829,0.00027366022256460943,tanh,1e-05,False,"(128,)",0.001,"{'clf__activation': 'tanh', 'clf__alpha': 1e-05, 'clf__early_stopping': False, 'clf__hidden_layer_sizes': (128,), 'clf__learning_rate_init': 0.001}",0.7822160205700911,0.7421426555179047,0.7485200796604305,0.7572608198675115,0.8329714500340011,0.7726222051299876,0.03310577052137973,486,1.0,1.0,1.0,1.0,1.0,1.0,0.0
2.3617345333099364,0.12731419981443953,0.00771026611328125,0.0002467346128742121,tanh,1e-05,False,"(128,)",0.005,"{'clf__activation': 'tanh', 'clf__alpha': 1e-05, 'clf__early_stopping': False, 'clf__hidden_layer_sizes': (128,), 'clf__learning_rate_init': 0.005}",0.7805521783478895,0.7253964373055861,0.7449564421825032,0.7622374235110138,0.8187428850219549,0.7663770732737895,0.03193275592482399,612,1.0,1.0,1.0,1.0,1.0,1.0,0.0
2.0669631004333495,0.17969393779398532,0.007851982116699218,0.0003789303899954746,tanh,1e-05,False,"(128,)",0.01,"{'clf__activation': 'tanh', 'clf__alpha': 1e-05, 'clf__early_stopping': False, 'clf__hidden_layer_sizes': (128,), 'clf__learning_rate_init': 0.01}",0.7601362923999174,0.7531664100219099,0.7326074173340849,0.7799130716976395,0.8060170365628112,0.7663680456032725,0.024933544341499313,614,1.0,1.0,1.0,1.0,1.0,1.0,0.0
33.3716582775116,1.3399527791125165,0.009901285171508789,0.0008558519674206552,tanh,1e-05,False,"(256,)",0.0001,"{'clf__activation': 'tanh', 'clf__alpha': 1e-05, 'clf__early_stopping': False, 'clf__hidden_layer_sizes': (256,), 'clf__learning_rate_init': 0.0001}",0.7827062486922916,0.7226134937437405,0.7452298335913297,0.7764902109891185,0.8210629498334945,0.769620547369995,0.03367289306788848,551,1.0,1.0,1.0,1.0,1.0,1.0,0.0
12.144549131393433,0.4911213681327264,0.009527111053466797,0.00030463504568987635,tanh,1e-05,False,"(256,)",0.0005,"{'clf__activation': 'tanh', 'clf__alpha': 1e-05, 'clf__early_stopping': False, 'clf__hidden_layer_sizes': (256,), 'clf__learning_rate_init': 0.0005}",0.7684807023711864,0.7278027020955682,0.7455219653086952,0.7655567971345715,0.8316540828384207,0.7678032499496883,0.03515375890712536,581,1.0,1.0,1.0,1.0,1.0,1.0,0.0
8.190900182723999,0.3655720145191956,0.009897184371948243,0.00034338743209898144,tanh,1e-05,False,"(256,)",0.001,"{'clf__activation': 'tanh', 'clf__alpha': 1e-05, 'clf__early_stopping': False, 'clf__hidden_layer_sizes': (256,), 'clf__learning_rate_init': 0.001}",0.7644500323065598,0.7377573650572402,0.7383016094134881,0.7623045811750011,0.8259554738427979,0.7657538123590174,0.03217222899233869,636,1.0,1.0,1.0,1.0,1.0,1.0,0.0
4.12262601852417,0.2972945639432603,0.010108137130737304,0.000513818370648791,tanh,1e-05,False,"(256,)",0.005,"{'clf__activation': 'tanh', 'clf__alpha': 1e-05, 'clf__early_stopping': False, 'clf__hidden_layer_sizes': (256,), 'clf__learning_rate_init': 0.005}",0.7602640415140415,0.7387378453836526,0.748319831368282,0.7578904310539383,0.8067799051544564,0.762398410894874,0.023463261535476437,714,1.0,1.0,1.0,1.0,1.0,1.0,0.0
3.13290958404541,0.06710624959572992,0.00990281105041504,0.0004644954586848839,tanh,1e-05,False,"(256,)",0.01,"{'clf__activation': 'tanh', 'clf__alpha': 1e-05, 'clf__early_stopping': False, 'clf__hidden_layer_sizes': (256,), 'clf__learning_rate_init': 0.01}",0.7865637774885972,0.7445051600937128,0.748256729793118,0.7543329909036701,0.7933615357008781,0.7654040387959953,0.020409397900049652,645,1.0,1.0,1.0,1.0,1.0,1.0,0.0
13.346888303756714,0.44117146962010706,0.006287240982055664,0.00035602536702669684,tanh,1e-05,False,"(32, 16)",0.0001,"{'clf__activation': 'tanh', 'clf__alpha': 1e-05, 'clf__early_stopping': False, 'clf__hidden_layer_sizes': (32, 16), 'clf__learning_rate_init': 0.0001}",0.7751735955288811,0.7609111784051896,0.7182241420541423,0.7547294962570619,0.8050114358536771,0.7628099696197904,0.02825108307823235,701,1.0,1.0,1.0,1.0,0.998972207018184,0.9997944414036368,0.0004111171927263957
4.42905707359314,0.32953223976577684,0.005938959121704101,0.000147970983368713,tanh,1e-05,False,"(32, 16)",0.0005,"{'clf__activation': 'tanh', 'clf__alpha': 1e-05, 'clf__early_stopping': False, 'clf__hidden_layer_sizes': (32, 16), 'clf__learning_rate_init': 0.0005}",0.776593994241053,0.7635905161209429,0.7323793943059999,0.7566003695439967,0.8041255103548441,0.7666579569133674,0.023614091173711726,605,1.0,1.0,1.0,1.0,1.0,1.0,0.0
2.907932996749878,0.11301644865806318,0.0057009696960449215,0.00023397299793373545,tanh,1e-05,False,"(32, 16)",0.001,"{'clf__activation': 'tanh', 'clf__alpha': 1e-05, 'clf__early_stopping': False, 'clf__hidden_layer_sizes': (32, 16), 'clf__learning_rate_init': 0.001}",0.7657869612656847,0.7661761346881778,0.7347190111034374,0.7729026801155606,0.7968418688230009,0.7672853311991722,0.01984532266854179,592,1.0,1.0,1.0,1.0,1.0,1.0,0.0
1.1295025825500489,0.04649737745505204,0.00566396713256836,0.00027739755676942654,tanh,1e-05,False,"(32, 16)",0.005,"{'clf__activation': 'tanh', 'clf__alpha': 1e-05, 'clf__early_stopping': False, 'clf__hidden_layer_sizes': (32, 16), 'clf__learning_rate_init': 0.005}",0.7539406711773333,0.7547114690342737,0.7427533525664367,0.7327995439469319,0.8121497655732326,0.7592709604596416,0.027636701101380588,773,1.0,1.0,1.0,1.0,1.0,1.0,0.0
0.8889058589935303,0.06543112313860584,0.005926609039306641,0.00018321204312552936,tanh,1e-05,False,"(32, 16)",0.01,"{'clf__activation': 'tanh', 'clf__alpha': 1e-05, 'clf__early_stopping': False, 'clf__hidden_layer_sizes': (32, 16), 'clf__learning_rate_init': 0.01}",0.7633188441618823,0.724407479886932,0.7041105786582654,0.7411163183222007,0.7951267826603728,0.7456160007379307,0.03148795564150018,881,1.0,1.0,1.0,1.0,1.0,1.0,0.0
14.311057472229004,0.7487593846022476,0.006976127624511719,0.00034206414656100313,tanh,1e-05,False,"(64, 32)",0.0001,"{'clf__activation': 'tanh', 'clf__alpha': 1e-05, 'clf__early_stopping': False, 'clf__hidden_layer_sizes': (64, 32), 'clf__learning_rate_init': 0.0001}",0.7520382842389315,0.7692101688007594,0.7288816454060824,0.7809865762569387,0.8216820076172079,0.7705597364639839,0.030997207601862965,531,1.0,1.0,1.0,1.0,1.0,1.0,0.0
4.41623821258545,0.16239151384126665,0.006540107727050781,4.37211571713086e-05,tanh,1e-05,False,"(64, 32)",0.0005,"{'clf__activation': 'tanh', 'clf__alpha': 1e-05, 'clf__early_stopping': False, 'clf__hidden_layer_sizes': (64, 32), 'clf__learning_rate_init': 0.0005}",0.7703977562468128,0.7663327108812324,0.7324780147244379,0.7797816590081168,0.8183962422389377,0.7734772766199075,0.02756420305714005,473,1.0,1.0,1.0,1.0,1.0,1.0,0.0
2.912040138244629,0.24076697286764406,0.006379365921020508,0.00017314836405686127,tanh,1e-05,False,"(64, 32)",0.001,"{'clf__activation': 'tanh', 'clf__alpha': 1e-05, 'clf__early_stopping': False, 'clf__hidden_layer_sizes': (64, 32), 'clf__learning_rate_init': 0.001}",0.7669296874784081,0.7556454681284628,0.7285074669438756,0.7823728219108198,0.8188228248975913,0.7704556538718315,0.029909284693579504,534,1.0,1.0,1.0,1.0,1.0,1.0,0.0
1.3077120304107666,0.05629954497812098,0.006579685211181641,0.00022139079396842583,tanh,1e-05,False,"(64, 32)",0.005,"{'clf__activation': 'tanh', 'clf__alpha': 1e-05, 'clf__early_stopping': False, 'clf__hidden_layer_sizes': (64, 32), 'clf__learning_rate_init': 0.005}",0.7779783923419525,0.7392548135122392,0.719633702958972,0.7548192103982221,0.8393303866434708,0.7662033011709715,0.04125716759359335,617,1.0,1.0,1.0,1.0,1.0,1.0,0.0
1.1492314338684082,0.04716734644367047,0.00667719841003418,0.0003719873083006135,tanh,1e-05,False,"(64, 32)",0.01,"{'clf__activation': 'tanh', 'clf__alpha': 1e-05, 'clf__early_stopping': False, 'clf__hidden_layer_sizes': (64, 32), 'clf__learning_rate_init': 0.01}",0.7552526159774021,0.7519630744579269,0.7411096589494648,0.7697200809141108,0.8315104928833927,0.7699111846364595,0.032128017284435886,548,1.0,1.0,1.0,1.0,1.0,1.0,0.0
17.808372592926027,0.4653793341636904,0.008189582824707031,0.0003166790628259987,tanh,1e-05,False,"(128, 64)",0.0001,"{'clf__activation': 'tanh', 'clf__alpha': 1e-05, 'clf__early_stopping': False, 'clf__hidden_layer_sizes': (128, 64), 'clf__learning_rate_init': 0.0001}",0.7686143032468752,0.7597469684612903,0.7365004909368917,0.7701024745519862,0.8117880781819155,0.7693504630757918,0.02438608786495613,567,1.0,1.0,1.0,1.0,1.0,1.0,0.0
6.297225856781006,0.32070553375031097,0.008892583847045898,0.00026415428925889717,tanh,1e-05,False,"(128, 64)",0.0005,"{'clf__activation': 'tanh', 'clf__alpha': 1e-05, 'clf__early_stopping': False, 'clf__hidden_layer_sizes': (128, 64), 'clf__learning_rate_init': 0.0005}",0.7725097125826861,0.7601962739196781,0.7323167998724116,0.7766312153876813,0.8062720044075847,0.7695852012340084,0.024005025746046932,555,1.0,1.0,1.0,1.0,1.0,1.0,0.0
4.163450717926025,0.2613775299080489,0.008583974838256837,0.00043605391719260853,tanh,1e-05,False,"(128, 64)",0.001,"{'clf__activation': 'tanh', 'clf__alpha': 1e-05, 'clf__early_stopping': False, 'clf__hidden_layer_sizes': (128, 64), 'clf__learning_rate_init': 0.001}",0.769813512151294,0.7562530581852993,0.7428193114314559,0.7628087468132909,0.7972559899007663,0.7657901236964213,0.01807645337694055,632,1.0,1.0,1.0,1.0,1.0,1.0,0.0
1.818124532699585,0.09914926105864984,0.00828866958618164,0.0002538332513979976,tanh,1e-05,False,"(128, 64)",0.005,"{'clf__activation': 'tanh', 'clf__alpha': 1e-05, 'clf__early_stopping': False, 'clf__hidden_layer_sizes': (128, 64), 'clf__learning_rate_init': 0.005}",0.7521550462295913,0.7545325258437128,0.7781434067805555,0.7893852369551084,0.8421173923296246,0.7832667216277185,0.03262108637164268,313,1.0,1.0,1.0,1.0,1.0,1.0,0.0
1.567262840270996,0.10627359961305939,0.0081085205078125,0.0005875842710058006,tanh,1e-05,False,"(128, 64)",0.01,"{'clf__activation': 'tanh', 'clf__alpha': 1e-05, 'clf__early_stopping': False, 'clf__hidden_layer_sizes': (128, 64), 'clf__learning_rate_init': 0.01}",0.7910343884064955,0.7507351978310155,0.7706498627256265,0.7538358886219636,0.8183433936955065,0.7769197462561215,0.02519106265802355,416,1.0,1.0,1.0,1.0,1.0,1.0,0.0
24.393808364868164,0.792384001063584,0.011378955841064454,0.00026567030089895985,tanh,1e-05,False,"(256, 128)",0.0001,"{'clf__activation': 'tanh', 'clf__alpha': 1e-05, 'clf__early_stopping': False, 'clf__hidden_layer_sizes': (256, 128), 'clf__learning_rate_init': 0.0001}",0.7718033509700177,0.7453733766233767,0.7237036323963548,0.7590199290758317,0.824817797190734,0.7649436172512629,0.03391399156921092,657,1.0,1.0,1.0,1.0,1.0,1.0,0.0
9.47820873260498,0.36612217607517805,0.012638711929321289,0.00046396161399816463,tanh,1e-05,False,"(256, 128)",0.0005,"{'clf__activation': 'tanh', 'clf__alpha': 1e-05, 'clf__early_stopping': False, 'clf__hidden_layer_sizes': (256, 128), 'clf__learning_rate_init': 0.0005}",0.7676607944900627,0.7372512280346382,0.7203096405799964,0.7581818790024297,0.8222017712334613,0.7611210626681177,0.03469178874042819,742,1.0,1.0,1.0,1.0,1.0,1.0,0.0
6.659966325759887,0.22754787492192735,0.012134885787963868,0.000359057987511814,tanh,1e-05,False,"(256, 128)",0.001,"{'clf__activation': 'tanh', 'clf__alpha': 1e-05, 'clf__early_stopping': False, 'clf__hidden_layer_sizes': (256, 128), 'clf__learning_rate_init': 0.001}",0.7689209726443769,0.7461274606191693,0.7239860506369941,0.7556995050010207,0.823696000582793,0.7636859978968707,0.03339693846901631,686,1.0,1.0,1.0,1.0,1.0,1.0,0.0
3.946783351898193,0.4753421956404775,0.012566328048706055,0.0006237065573249819,tanh,1e-05,False,"(256, 128)",0.005,"{'clf__activation': 'tanh', 'clf__alpha': 1e-05, 'clf__early_stopping': False, 'clf__hidden_layer_sizes': (256, 128), 'clf__learning_rate_init': 0.005}",0.7791368208695413,0.767797251292397,0.7393503733546656,0.7801926130723749,0.8139931616051019,0.7760940440388161,0.024005557591899155,427,1.0,1.0,1.0,1.0,1.0,1.0,0.0
3.42979154586792,0.6508959504482624,0.012670278549194336,0.0002669624263131349,tanh,1e-05,False,"(256, 128)",0.01,"{'clf__activation': 'tanh', 'clf__alpha': 1e-05, 'clf__early_stopping': False, 'clf__hidden_layer_sizes': (256, 128), 'clf__learning_rate_init': 0.01}",0.7976402988116118,0.7466602555497042,0.764607855397329,0.7656170517986156,0.8210286059643401,0.7791108135043201,0.02663043094230288,370,1.0,1.0,1.0,0.9992900897711965,1.0,0.9998580179542393,0.00028396409152140476
13.964486837387085,0.30517611282427476,0.006676578521728515,0.0002650025070007293,tanh,1e-05,False,"(64, 32, 16)",0.0001,"{'clf__activation': 'tanh', 'clf__alpha': 1e-05, 'clf__early_stopping': False, 'clf__hidden_layer_sizes': (64, 32, 16), 'clf__learning_rate_init': 0.0001}",0.7605404645132251,0.7503120665742025,0.713794341169422,0.7594297398960379,0.8307462334953651,0.7629645691296505,0.03792234819645277,697,1.0,1.0,1.0,1.0,1.0,1.0,0.0
4.751380443572998,0.11688688119311216,0.006766748428344726,0.00015558666725270986,tanh,1e-05,False,"(64, 32, 16)",0.0005,"{'clf__activation': 'tanh', 'clf__alpha': 1e-05, 'clf__early_stopping': False, 'clf__hidden_layer_sizes': (64, 32, 16), 'clf__learning_rate_init': 0.0005}",0.7604712969382201,0.7606688219675967,0.7178765123070505,0.7712290685504971,0.8034268779386946,0.7627345155404118,0.027384869876837675,706,1.0,1.0,1.0,1.0,1.0,1.0,0.0
3.0493399143218993,0.18292229024731066,0.006593132019042968,0.0003510797439700483,tanh,1e-05,False,"(64, 32, 16)",0.001,"{'clf__activation': 'tanh', 'clf__alpha': 1e-05, 'clf__early_stopping': False, 'clf__hidden_layer_sizes': (64, 32, 16), 'clf__learning_rate_init': 0.001}",0.7663821958861419,0.746147161416655,0.704214566047065,0.7775972456144151,0.7928820129249665,0.7574446363778488,0.03066883960461242,794,1.0,1.0,1.0,1.0,1.0,1.0,0.0
1.3482692241668701,0.012950415559296755,0.0066889762878417965,0.00026461328716168947,tanh,1e-05,False,"(64, 32, 16)",0.005,"{'clf__activation': 'tanh', 'clf__alpha': 1e-05, 'clf__early_stopping': False, 'clf__hidden_layer_sizes': (64, 32, 16), 'clf__learning_rate_init': 0.005}",0.7625919659370363,0.7654081477610889,0.7101612898498477,0.7834713069969205,0.8041148547614955,0.7651495130612778,0.03125475521576067,652,1.0,1.0,1.0,1.0,1.0,1.0,0.0
1.0743311405181886,0.1794772590134779,0.006991004943847657,0.00033693455313312453,tanh,1e-05,False,"(64, 32, 16)",0.01,"{'clf__activation': 'tanh', 'clf__alpha': 1e-05, 'clf__early_stopping': False, 'clf__hidden_layer_sizes': (64, 32, 16), 'clf__learning_rate_init': 0.01}",0.7562477076717141,0.7280717765603117,0.7237309065823538,0.757213271587821,0.7647209484136707,0.7459969221631744,0.01672459596950732,875,1.0,0.9863889907466394,0.9923739454347162,1.0,1.0,0.9957525872362712,0.005535588590210037
15.35618085861206,0.7045943855713983,0.00826420783996582,0.00012648995221678524,tanh,1e-05,False,"(128, 64, 32)",0.0001,"{'clf__activation': 'tanh', 'clf__alpha': 1e-05, 'clf__early_stopping': False, 'clf__hidden_layer_sizes': (128, 64, 32), 'clf__learning_rate_init': 0.0001}",0.7534129067661609,0.7601509032543515,0.7678894498434441,0.7693112348770436,0.8382199202969756,0.7777968830075952,0.030747571579447453,395,1.0,1.0,1.0,1.0,1.0,1.0,0.0
5.28654408454895,0.17703664531220945,0.008401632308959961,0.00026331554925339333,tanh,1e-05,False,"(128, 64, 32)",0.0005,"{'clf__activation': 'tanh', 'clf__alpha': 1e-05, 'clf__early_stopping': False, 'clf__hidden_layer_sizes': (128, 64, 32), 'clf__learning_rate_init': 0.0005}",0.7461315331982532,0.7533941464975947,0.7615723152873342,0.7759482989329995,0.8415327243815616,0.7757158036595486,0.03436697486802632,435,1.0,1.0,1.0,1.0,1.0,1.0,0.0
3.7088226795196535,0.17527236694157267,0.008527374267578125,0.0002414064394369653,tanh,1e-05,False,"(128, 64, 32)",0.001,"{'clf__activation': 'tanh', 'clf__alpha': 1e-05, 'clf__early_stopping': False, 'clf__hidden_layer_sizes': (128, 64, 32), 'clf__learning_rate_init': 0.001}",0.7510622849424887,0.7652987191380048,0.7799215982689371,0.7974389030974709,0.8411856170623242,0.7869814245018452,0.03116927588100164,237,1.0,1.0,1.0,1.0,1.0,1.0,0.0
1.7884809494018554,0.21768272540437236,0.0087615966796875,0.0002657046182295566,tanh,1e-05,False,"(128, 64, 32)",0.005,"{'clf__activation': 'tanh', 'clf__alpha': 1e-05, 'clf__early_stopping': False, 'clf__hidden_layer_sizes': (128, 64, 32), 'clf__learning_rate_init': 0.005}",0.7654881382322253,0.7585536453933025,0.7514703791566931,0.7720586495072,0.8231544299075817,0.7741450484394006,0.02544974303508431,460,1.0,0.9865108860706284,1.0,1.0,1.0,0.9973021772141257,0.00539564557174863
1.6533639907836915,0.5632322045860455,0.008876657485961914,0.0005048626900695545,tanh,1e-05,False,"(128, 64, 32)",0.01,"{'clf__activation': 'tanh', 'clf__alpha': 1e-05, 'clf__early_stopping': False, 'clf__hidden_layer_sizes': (128, 64, 32), 'clf__learning_rate_init': 0.01}",0.757785547675081,0.7514947263308993,0.7429704003076241,0.7311731289289137,0.8303449302480401,0.7627537466981116,0.03495349152211282,705,0.9888785578357739,1.0,1.0,0.9899536047892352,0.996368556659065,0.9950401438568148,0.004791723040328303
0.8757039070129394,0.2802225361361344,0.0054398059844970705,0.00018037920914401416,tanh,0.0001,True,"(32,)",0.0001,"{'clf__activation': 'tanh', 'clf__alpha': 0.0001, 'clf__early_stopping': True, 'clf__hidden_layer_sizes': (32,), 'clf__learning_rate_init': 0.0001}",0.6430609823584963,0.47897127342565793,0.6680061950125925,0.7282410571884256,0.6921215745976511,0.6420802165165647,0.08626178013781904,986,0.6618141509360581,0.6246917646790626,0.7800246607494095,0.8009372042771241,0.7480640426934578,0.7231063646670224,0.06835552160672789
0.502151346206665,0.07864395807560949,0.005328130722045898,0.0003315101899187817,tanh,0.0001,True,"(32,)",0.0005,"{'clf__activation': 'tanh', 'clf__alpha': 0.0001, 'clf__early_stopping': True, 'clf__hidden_layer_sizes': (32,), 'clf__learning_rate_init': 0.0005}",0.7694161126100608,0.7443524123039893,0.7122614967475016,0.7703658946538694,0.7395306000973743,0.7471853032825592,0.021530632664774476,866,0.7914101999358569,0.8406495663922262,0.8504974801020645,0.8565249769845089,0.8137269005544968,0.8305618247938307,0.02445216783013175
0.41937875747680664,0.04783984933912386,0.005347347259521485,0.00040297230351791835,tanh,0.0001,True,"(32,)",0.001,"{'clf__activation': 'tanh', 'clf__alpha': 0.0001, 'clf__early_stopping': True, 'clf__hidden_layer_sizes': (32,), 'clf__learning_rate_init': 0.001}",0.7991272354602699,0.7516955899350687,0.7111658533681829,0.7619602982971648,0.8063284879039219,0.7660554929929216,0.03450073692687977,619,0.8889562959840139,0.8888206690164426,0.8507053215984227,0.8560499363577558,0.8685296405270285,0.8706123726967328,0.01600459049950495
0.23854928016662597,0.021341278832526456,0.005261564254760742,0.00023530387539054097,tanh,0.0001,True,"(32,)",0.005,"{'clf__activation': 'tanh', 'clf__alpha': 0.0001, 'clf__early_stopping': True, 'clf__hidden_layer_sizes': (32,), 'clf__learning_rate_init': 0.005}",0.7841768530165181,0.7312571182125749,0.7188143299812193,0.7283881283881284,0.8181075356306449,0.7561487930458171,0.03849303843288157,822,0.858393366012298,0.8949416035212457,0.8713866508257038,0.8435072837232389,0.8932257068025229,0.8722909221770019,0.019868448300459942
0.22833538055419922,0.016545031260853285,0.005288219451904297,0.00013627724013938616,tanh,0.0001,True,"(32,)",0.01,"{'clf__activation': 'tanh', 'clf__alpha': 0.0001, 'clf__early_stopping': True, 'clf__hidden_layer_sizes': (32,), 'clf__learning_rate_init': 0.01}",0.7454928843779807,0.736021098000321,0.7351801882832644,0.7447043334086524,0.8000459182107897,0.7522888844562017,0.024256107130390645,838,0.7995551387511384,0.8924280900479004,0.883150873630129,0.8709569463097033,0.8595640469568532,0.8611310191391448,0.03272605668702253
0.8567568778991699,0.1355534672201112,0.005457115173339844,0.00035982396726142205,tanh,0.0001,True,"(64,)",0.0001,"{'clf__activation': 'tanh', 'clf__alpha': 0.0001, 'clf__early_stopping': True, 'clf__hidden_layer_sizes': (64,), 'clf__learning_rate_init': 0.0001}",0.6735757063347055,0.677622780581902,0.6461946504200026,0.6232156270853642,0.6098547090377474,0.6460926946919444,0.02678068134571844,980,0.7362312663826098,0.7520743464873053,0.7430628897447389,0.6854225746157601,0.659657851526267,0.7152897857513362,0.036193803977023695
0.8159131050109864,0.18993299848398845,0.005837011337280274,0.00020783785420969386,tanh,0.0001,True,"(64,)",0.0005,"{'clf__activation': 'tanh', 'clf__alpha': 0.0001, 'clf__early_stopping': True, 'clf__hidden_layer_sizes': (64,), 'clf__learning_rate_init': 0.0005}",0.7755178452952426,0.756117785544391,0.7314980514026925,0.7034034381119657,0.8176850605799297,0.7568444361868443,0.03885662183538798,811,0.8709404628881896,0.9166227531587852,0.8983245770815973,0.8310838099192386,0.9142866159980279,0.8862516438091678,0.03203760859945342
0.7993123054504394,0.08453917778834363,0.0060923099517822266,0.00018095709430691038,tanh,0.0001,True,"(64,)",0.001,"{'clf__activation': 'tanh', 'clf__alpha': 0.0001, 'clf__early_stopping': True, 'clf__hidden_layer_sizes': (64,), 'clf__learning_rate_init': 0.001}",0.780531652371895,0.7597722699835376,0.7324555172095288,0.7666555069780876,0.8241640419381282,0.7727157976962354,0.030110335893146774,481,0.9418378472416566,0.9345840778116331,0.9341889471554017,0.9113872042161132,0.9225939072838436,0.9289183967417298,0.010715714844490094
0.3765279769897461,0.048603907964239225,0.00594024658203125,0.00025587711937847206,tanh,0.0001,True,"(64,)",0.005,"{'clf__activation': 'tanh', 'clf__alpha': 0.0001, 'clf__early_stopping': True, 'clf__hidden_layer_sizes': (64,), 'clf__learning_rate_init': 0.005}",0.7839313561807736,0.7663350541058915,0.7276366251198466,0.7741618540415892,0.7690480764920236,0.7642225931880249,0.019253597506710175,671,0.9345866989789666,0.8982611506140917,0.952300014117206,0.9259062440455808,0.8274867116317604,0.9077081638775211,0.04374193946047553
0.4060309886932373,0.03290188696935006,0.005952787399291992,0.00024655471044914516,tanh,0.0001,True,"(64,)",0.01,"{'clf__activation': 'tanh', 'clf__alpha': 0.0001, 'clf__early_stopping': True, 'clf__hidden_layer_sizes': (64,), 'clf__learning_rate_init': 0.01}",0.7816787389922291,0.7677790788571013,0.7433109641731567,0.740551872393616,0.8238249269180115,0.7714291162668229,0.03035698660693704,518,0.9656098415467987,0.9449415364666112,0.9230226690131226,0.9356140210690923,0.9576119735857842,0.9453600083362819,0.01519396269631231
1.5250885486602783,0.11206566873242314,0.0075852394104003905,0.0004126850099098913,tanh,0.0001,True,"(128,)",0.0001,"{'clf__activation': 'tanh', 'clf__alpha': 0.0001, 'clf__early_stopping': True, 'clf__hidden_layer_sizes': (128,), 'clf__learning_rate_init': 0.0001}",0.6941748424495067,0.6997569992731283,0.6867245950403431,0.6706259084956031,0.7338100165962056,0.6970184723709574,0.02084099242173879,956,0.7621904335289713,0.7783548845617722,0.7898556486899048,0.7696656059981053,0.7666764637676018,0.773348607309271,0.009799306784471235
1.412716770172119,0.2628080492904647,0.00747065544128418,0.00020000885575612175,tanh,0.0001,True,"(128,)",0.0005,"{'clf__activation': 'tanh', 'clf__alpha': 0.0001, 'clf__early_stopping': True, 'clf__hidden_layer_sizes': (128,), 'clf__learning_rate_init': 0.0005}",0.7887658473476629,0.7416278234756496,0.728466555678045,0.7422368797368798,0.8279777498066219,0.7658149712089719,0.037220430986555406,629,0.9125550681466127,0.9283469022456893,0.9455634817675718,0.8655776255551213,0.9281292180807204,0.9160344591591432,0.027305094189552334
1.2440691947937013,0.3891466448072292,0.007472848892211914,0.00030096693006169336,tanh,0.0001,True,"(128,)",0.001,"{'clf__activation': 'tanh', 'clf__alpha': 0.0001, 'clf__early_stopping': True, 'clf__hidden_layer_sizes': (128,), 'clf__learning_rate_init': 0.001}",0.7833006465556315,0.7609003423152316,0.731885464081178,0.7569556034193415,0.8261694914645876,0.7718423095671941,0.03168793571036765,508,0.9690405348749488,0.9241383653928046,0.9753559445303859,0.905650058486334,0.949402263759612,0.9447174334088171,0.02646521145895303
0.6899765014648438,0.14008444004452136,0.007556533813476563,0.00016303791136967812,tanh,0.0001,True,"(128,)",0.005,"{'clf__activation': 'tanh', 'clf__alpha': 0.0001, 'clf__early_stopping': True, 'clf__hidden_layer_sizes': (128,), 'clf__learning_rate_init': 0.005}",0.7843238951006922,0.7270775798582343,0.7394579571540976,0.7906470781470782,0.7695896334914261,0.7622192287503058,0.024916230587171066,720,0.9687491397875562,0.9731869641137182,0.9539840407288621,0.9191709393517297,0.8834377758339829,0.9397057719631698,0.033929760211719596
0.5582318782806397,0.0467443264829185,0.00730443000793457,0.0003345425071226365,tanh,0.0001,True,"(128,)",0.01,"{'clf__activation': 'tanh', 'clf__alpha': 0.0001, 'clf__early_stopping': True, 'clf__hidden_layer_sizes': (128,), 'clf__learning_rate_init': 0.01}",0.7984206071578345,0.7208512799954938,0.7575329447586396,0.7640269592901171,0.7434804107104311,0.7568624403825032,0.025513696414221732,808,0.9545647539851273,0.9016035836767531,0.9570785459371067,0.9290416848802462,0.8715212942843147,0.9227619725527095,0.03256305707955818
2.3002434253692625,0.3620983883505019,0.009525156021118164,0.0002961292970229338,tanh,0.0001,True,"(256,)",0.0001,"{'clf__activation': 'tanh', 'clf__alpha': 0.0001, 'clf__early_stopping': True, 'clf__hidden_layer_sizes': (256,), 'clf__learning_rate_init': 0.0001}",0.7174904940395059,0.7411274314444273,0.7120363085351283,0.6808898511755316,0.7958515828081045,0.7294791336005396,0.03834027346755581,926,0.7666382405982205,0.8198577856238163,0.8197757260045433,0.8324884426776076,0.8398407249376519,0.815720183968368,0.025712173499910944
1.5586015701293945,0.3421651630489823,0.009651279449462891,0.00030590657561180154,tanh,0.0001,True,"(256,)",0.0005,"{'clf__activation': 'tanh', 'clf__alpha': 0.0001, 'clf__early_stopping': True, 'clf__hidden_layer_sizes': (256,), 'clf__learning_rate_init': 0.0005}",0.7788546368391959,0.779260645981772,0.7260089920007948,0.7606264508438421,0.7843917112299466,0.7658284873791104,0.021481853414069073,624,0.919861510896634,0.8745938458566032,0.9107707724728116,0.9308759263991823,0.8455431763216317,0.8963290463893726,0.031646329320172195
1.3655721187591552,0.30612009929108674,0.009760379791259766,0.00042133183973373415,tanh,0.0001,True,"(256,)",0.001,"{'clf__activation': 'tanh', 'clf__alpha': 0.0001, 'clf__early_stopping': True, 'clf__hidden_layer_sizes': (256,), 'clf__learning_rate_init': 0.001}",0.776338828616866,0.7649721125657583,0.713233043844914,0.7454379598441044,0.7898992548449071,0.75797623994331,0.026699692289975804,788,0.9552034271960657,0.933969620970149,0.9153717188063326,0.913620946001825,0.8680826038053929,0.9172496633559529,0.028824084313183215
0.9200154304504394,0.04938726192006737,0.010082054138183593,0.00043853182629588337,tanh,0.0001,True,"(256,)",0.005,"{'clf__activation': 'tanh', 'clf__alpha': 0.0001, 'clf__early_stopping': True, 'clf__hidden_layer_sizes': (256,), 'clf__learning_rate_init': 0.005}",0.7850389457101191,0.758444767303962,0.7381362867336055,0.7421885309315365,0.802694776116703,0.7653006613591853,0.024927883153676174,647,0.8760459320655173,0.924377541432633,0.9136661350961435,0.9156497021096464,0.908466835907175,0.907641229322223,0.016610139698396805
1.1499228954315186,0.19802804549846018,0.009330415725708007,0.00034440098435188524,tanh,0.0001,True,"(256,)",0.01,"{'clf__activation': 'tanh', 'clf__alpha': 0.0001, 'clf__early_stopping': True, 'clf__hidden_layer_sizes': (256,), 'clf__learning_rate_init': 0.01}",0.8086150531077061,0.7614657854711732,0.7631561697227389,0.7518449230577295,0.7941128383345364,0.7758389539387768,0.021685765067575632,432,0.9589576479836013,0.9277679634436227,0.9433662775310798,0.9557030255062937,0.9834977583779884,0.9538585345685172,0.01843199420480696
1.2218489170074462,0.18659682362423183,0.005454206466674804,0.00022029239884787278,tanh,0.0001,True,"(32, 16)",0.0001,"{'clf__activation': 'tanh', 'clf__alpha': 0.0001, 'clf__early_stopping': True, 'clf__hidden_layer_sizes': (32, 16), 'clf__learning_rate_init': 0.0001}",0.7058803409581831,0.652698553397664,0.6628292305489197,0.5904461904700656,0.6404983844294806,0.6504705399608627,0.037229863661377996,976,0.7820603419223986,0.7486401567516053,0.7450762204481504,0.7133723584610552,0.681809669586184,0.7341917494338788,0.03404690781777688
0.5953598976135254,0.0628621817166065,0.005448770523071289,0.00032669113513044475,tanh,0.0001,True,"(32, 16)",0.0005,"{'clf__activation': 'tanh', 'clf__alpha': 0.0001, 'clf__early_stopping': True, 'clf__hidden_layer_sizes': (32, 16), 'clf__learning_rate_init': 0.0005}",0.7570360281273595,0.7423716130428168,0.7141669900247468,0.7160944744843148,0.7612154928026089,0.7381769196963693,0.01984010273780742,895,0.8149935077829639,0.8542482327207277,0.8569866887648578,0.8473168036620977,0.8037056793158499,0.8354501824492994,0.02183663671396833
0.42580742835998536,0.10721765844441586,0.005612659454345703,0.0002692672200079591,tanh,0.0001,True,"(32, 16)",0.001,"{'clf__activation': 'tanh', 'clf__alpha': 0.0001, 'clf__early_stopping': True, 'clf__hidden_layer_sizes': (32, 16), 'clf__learning_rate_init': 0.001}",0.7869034425584727,0.7180898350967477,0.6935976580154393,0.7296458796458797,0.7300837889435392,0.7316641208520156,0.03063093284818687,920,0.9209232456337356,0.8160917943691542,0.8377444731198479,0.8650259052904092,0.7446069151974573,0.836878466722121,0.05797012695452187
0.24954695701599122,0.03187764324359975,0.005463123321533203,0.00011433009901473123,tanh,0.0001,True,"(32, 16)",0.005,"{'clf__activation': 'tanh', 'clf__alpha': 0.0001, 'clf__early_stopping': True, 'clf__hidden_layer_sizes': (32, 16), 'clf__learning_rate_init': 0.005}",0.7871582595302272,0.7280755011304211,0.7236265646519244,0.7200246434243479,0.7968123561993672,0.7511394649872576,0.033586916460267686,846,0.9102951406107059,0.8177146569107282,0.8254895599647982,0.8357286221221789,0.8462562585678088,0.847096847635244,0.03302773194923847
0.26595277786254884,0.043288526941777455,0.005743885040283203,0.00020026675854219506,tanh,0.0001,True,"(32, 16)",0.01,"{'clf__activation': 'tanh', 'clf__alpha': 0.0001, 'clf__early_stopping': True, 'clf__hidden_layer_sizes': (32, 16), 'clf__learning_rate_init': 0.01}",0.8018235152387871,0.7544672754946729,0.750952380952381,0.7433189835763365,0.7854918134115442,0.7672107937347443,0.022493501311810566,595,0.9142073715510591,0.9622359170745661,0.8497754111891062,0.8269014665856181,0.8655232077138894,0.8837286748228477,0.04859204210628621
1.3862003803253173,0.36685943230831336,0.006271076202392578,0.000279692061529784,tanh,0.0001,True,"(64, 32)",0.0001,"{'clf__activation': 'tanh', 'clf__alpha': 0.0001, 'clf__early_stopping': True, 'clf__hidden_layer_sizes': (64, 32), 'clf__learning_rate_init': 0.0001}",0.709549478297824,0.7149968753279714,0.7367563827223863,0.6738219699491174,0.7624059739554718,0.7195061360505541,0.02947703716712439,941,0.7615109528622863,0.7929707256184511,0.844135099140837,0.7171414417637247,0.8156611539344854,0.7862838746639568,0.04392920752405032
0.872112226486206,0.12405966145592671,0.00618896484375,0.0003104647738844991,tanh,0.0001,True,"(64, 32)",0.0005,"{'clf__activation': 'tanh', 'clf__alpha': 0.0001, 'clf__early_stopping': True, 'clf__hidden_layer_sizes': (64, 32), 'clf__learning_rate_init': 0.0005}",0.779378616335138,0.7564442161887298,0.7530364427137598,0.7590649314322914,0.8341953779755904,0.7764239169291018,0.03031095092323091,420,0.9197947507870536,0.9120329466682694,0.8844678606174832,0.8966491810328727,0.9214267377423175,0.9068742953695994,0.014226206183849226
0.6340320587158204,0.14116846459891944,0.006133127212524414,0.00021306978472766325,tanh,0.0001,True,"(64, 32)",0.001,"{'clf__activation': 'tanh', 'clf__alpha': 0.0001, 'clf__early_stopping': True, 'clf__hidden_layer_sizes': (64, 32), 'clf__learning_rate_init': 0.001}",0.7761415921880173,0.736707082230315,0.7607794833822231,0.7564755505931977,0.8301867948040061,0.7720581006395518,0.03167124110054956,501,0.9552548380664708,0.9092519437256078,0.8893851918292802,0.9233570645413607,0.9057702320538616,0.9166038540433163,0.022143974085248846
0.5357930660247803,0.07621742735377915,0.006125831604003906,0.0003072611369854077,tanh,0.0001,True,"(64, 32)",0.005,"{'clf__activation': 'tanh', 'clf__alpha': 0.0001, 'clf__early_stopping': True, 'clf__hidden_layer_sizes': (64, 32), 'clf__learning_rate_init': 0.005}",0.7582674186245472,0.7552348956122052,0.751452012717525,0.7704626168368374,0.8385454340438344,0.7747924755669898,0.032507048582851555,449,0.9780068495390517,0.950129971220044,0.9725245080823833,0.9625113711336977,0.9752045610855977,0.9676754522121549,0.01021224980713231
0.502195167541504,0.13479439466837734,0.006305170059204101,0.00015471998398232592,tanh,0.0001,True,"(64, 32)",0.01,"{'clf__activation': 'tanh', 'clf__alpha': 0.0001, 'clf__early_stopping': True, 'clf__hidden_layer_sizes': (64, 32), 'clf__learning_rate_init': 0.01}",0.7442974933044446,0.7565143012576536,0.7426766738751345,0.7684599479725901,0.7733666804169324,0.757063019365351,0.012376801114186363,801,0.9797783878676013,0.9237444685240359,0.9722640528607688,0.9832114524907211,0.80431510383424,0.9326626931154735,0.06766974488528264
2.2761202812194825,0.8236940134825427,0.007828474044799805,0.0002992663966801276,tanh,0.0001,True,"(128, 64)",0.0001,"{'clf__activation': 'tanh', 'clf__alpha': 0.0001, 'clf__early_stopping': True, 'clf__hidden_layer_sizes': (128, 64), 'clf__learning_rate_init': 0.0001}",0.76220953285855,0.6430238517770444,0.7231293424606676,0.7432830557830558,0.6952380908349773,0.7133767747428591,0.041599716613638496,946,0.8635393692018293,0.658964489822079,0.8574216475752143,0.872121260890753,0.773902352680777,0.8051898240341305,0.08120764038008907
1.334023380279541,0.43068723509449935,0.008012342453002929,0.00026309363918407546,tanh,0.0001,True,"(128, 64)",0.0005,"{'clf__activation': 'tanh', 'clf__alpha': 0.0001, 'clf__early_stopping': True, 'clf__hidden_layer_sizes': (128, 64), 'clf__learning_rate_init': 0.0005}",0.7701832205353332,0.770524453024453,0.7435614913000381,0.7582001321734951,0.7558535762483132,0.7596645746563266,0.010045461298809726,763,0.8927207980890703,0.9556637239662358,0.9574294817790465,0.8826621966521393,0.8375072122235443,0.9051966825420072,0.04587047574518803
1.339081335067749,0.14861843466086694,0.00856785774230957,0.0004532334906122475,tanh,0.0001,True,"(128, 64)",0.001,"{'clf__activation': 'tanh', 'clf__alpha': 0.0001, 'clf__early_stopping': True, 'clf__hidden_layer_sizes': (128, 64), 'clf__learning_rate_init': 0.001}",0.7898033699975586,0.7615300335778781,0.727149457685172,0.7807168891754608,0.7875549812444266,0.7693509463360992,0.023328118217829326,564,0.9626689810182196,0.9670474048078406,0.9740997116359081,0.9770002536826697,0.962289092324198,0.9686210886937673,0.005970325954783005
0.7415604591369629,0.11068211736810625,0.008208703994750977,0.0003591399144564207,tanh,0.0001,True,"(128, 64)",0.005,"{'clf__activation': 'tanh', 'clf__alpha': 0.0001, 'clf__early_stopping': True, 'clf__hidden_layer_sizes': (128, 64), 'clf__learning_rate_init': 0.005}",0.7905184028128952,0.7776083463177687,0.7133624968053788,0.7473524365929429,0.7748566541230784,0.7607396673304129,0.027547881833617706,749,0.9659273862887279,0.9747885623158874,0.9601586222015631,0.9503998508142802,0.8801453567925787,0.9462839556826074,0.03400628821903023
0.8244073390960693,0.12546779288203488,0.008545398712158203,0.00032646233886678296,tanh,0.0001,True,"(128, 64)",0.01,"{'clf__activation': 'tanh', 'clf__alpha': 0.0001, 'clf__early_stopping': True, 'clf__hidden_layer_sizes': (128, 64), 'clf__learning_rate_init': 0.01}",0.7699443102522814,0.7599586703579243,0.753490294035336,0.768046847483747,0.8098170064508596,0.7722514257160296,0.019683830989185195,496,0.9757266017522166,0.9609482135965661,0.938674173589956,0.9825411245606848,0.9861259539969991,0.9688032134992846,0.017356272139561306
3.2358652114868165,0.5740846601003489,0.011104440689086914,0.00040618193246477307,tanh,0.0001,True,"(256, 128)",0.0001,"{'clf__activation': 'tanh', 'clf__alpha': 0.0001, 'clf__early_stopping': True, 'clf__hidden_layer_sizes': (256, 128), 'clf__learning_rate_init': 0.0001}",0.7920770837144077,0.7613338902812588,0.6988201499623263,0.7035762483130904,0.7878255104878437,0.7487265765517853,0.04023963474152604,856,0.7958106968998511,0.8745066020130158,0.8826858327708977,0.8498530553618381,0.8806450318470808,0.8567002437785367,0.03261929187707002
1.5999427795410157,0.2477399377412579,0.011652803421020508,0.0006880656034721505,tanh,0.0001,True,"(256, 128)",0.0005,"{'clf__activation': 'tanh', 'clf__alpha': 0.0001, 'clf__early_stopping': True, 'clf__hidden_layer_sizes': (256, 128), 'clf__learning_rate_init': 0.0005}",0.8144618553198328,0.7707159507159507,0.6765370920369749,0.7407199066884529,0.8059142331373088,0.7616698075797042,0.05002575298022493,729,0.8702731052813413,0.9453447270690669,0.8762707309790172,0.8659494806876232,0.9008605571399422,0.8917397202313981,0.0294004355940804
1.456977653503418,0.19903099747759276,0.01157827377319336,0.0009098719401513771,tanh,0.0001,True,"(256, 128)",0.001,"{'clf__activation': 'tanh', 'clf__alpha': 0.0001, 'clf__early_stopping': True, 'clf__hidden_layer_sizes': (256, 128), 'clf__learning_rate_init': 0.001}",0.7985641880172162,0.7701164102251656,0.6878375662744796,0.7390220688607785,0.7967590498676853,0.758459856649065,0.04141593009654839,782,0.9394660068656724,0.9439378587398797,0.8946436938274424,0.8796298261538051,0.8845900347375831,0.9084534840648765,0.02761121218678596
1.4578278541564942,0.1824899760327792,0.011821842193603516,0.00022764825193230862,tanh,0.0001,True,"(256, 128)",0.005,"{'clf__activation': 'tanh', 'clf__alpha': 0.0001, 'clf__early_stopping': True, 'clf__hidden_layer_sizes': (256, 128), 'clf__learning_rate_init': 0.005}",0.7969227236748143,0.7416131222878684,0.7396552517720704,0.7618795744958382,0.8134350721420643,0.7707011488745311,0.02966998609694334,525,0.9632564279533542,0.9332568110415137,0.9250259347638019,0.9574584237043581,0.9753783641555202,0.9508751923237098,0.018844791515697092
1.3479797840118408,0.263622769949192,0.01147475242614746,0.0002388626064681151,tanh,0.0001,True,"(256, 128)",0.01,"{'clf__activation': 'tanh', 'clf__alpha': 0.0001, 'clf__early_stopping': True, 'clf__hidden_layer_sizes': (256, 128), 'clf__learning_rate_init': 0.01}",0.7770294056793696,0.7405838716114971,0.7129654384302807,0.7510534728276664,0.8138606676342526,0.7590985712366132,0.03422334197246818,778,0.972457560290174,0.8827699012195511,0.9490859499613848,0.8420362508206627,0.9636307332830765,0.92199607911497,0.050884052090427886
1.849264144897461,0.5766594741404854,0.006230545043945312,0.00011981964263138745,tanh,0.0001,True,"(64, 32, 16)",0.0001,"{'clf__activation': 'tanh', 'clf__alpha': 0.0001, 'clf__early_stopping': True, 'clf__hidden_layer_sizes': (64, 32, 16), 'clf__learning_rate_init': 0.0001}",0.6709673094922156,0.7138168199812035,0.6914542856601467,0.7050839617371876,0.6061955858127995,0.6775035925367107,0.03847467715334198,961,0.7366075975586227,0.8498368207017867,0.8495307470714415,0.8495229823086531,0.6917213243958652,0.7954438944072738,0.06786546569040096
0.8757495403289794,0.1829958794786558,0.006368875503540039,0.0004045785839345929,tanh,0.0001,True,"(64, 32, 16)",0.0005,"{'clf__activation': 'tanh', 'clf__alpha': 0.0001, 'clf__early_stopping': True, 'clf__hidden_layer_sizes': (64, 32, 16), 'clf__learning_rate_init': 0.0005}",0.7434835159427577,0.7343273020080424,0.7023864994253617,0.7140511677423648,0.8237060455416815,0.7435909061320417,0.04260202045167576,886,0.8429072321032878,0.9081496397109406,0.8821249598803809,0.8249681175183254,0.9365776319835926,0.8789455162393056,0.040979916912868904
0.63172926902771,0.2098599105601496,0.008853530883789063,0.005233144822480813,tanh,0.0001,True,"(64, 32, 16)",0.001,"{'clf__activation': 'tanh', 'clf__alpha': 0.0001, 'clf__early_stopping': True, 'clf__hidden_layer_sizes': (64, 32, 16), 'clf__learning_rate_init': 0.001}",0.7446575096222984,0.7467245998273485,0.6895326809095554,0.6999298546383611,0.8006361368489465,0.736296156369302,0.0395667241200488,905,0.8267391227606585,0.9219774789767405,0.8616900648623903,0.8006271280454713,0.9631644493615433,0.8748396488013608,0.060028852775548855
0.553121280670166,0.19054086757361058,0.006186151504516601,0.0002691309896139614,tanh,0.0001,True,"(64, 32, 16)",0.005,"{'clf__activation': 'tanh', 'clf__alpha': 0.0001, 'clf__early_stopping': True, 'clf__hidden_layer_sizes': (64, 32, 16), 'clf__learning_rate_init': 0.005}",0.7589678106293549,0.7564602161674988,0.732513901664885,0.726690107586334,0.8061590842127089,0.7561582240521563,0.028055284215149648,820,0.8430916644526594,0.9297546719361713,0.9884519195844819,0.8928387261453543,0.9759212379580091,0.9260116440153352,0.05362822266190219
0.39288830757141113,0.06459976772192355,0.005521392822265625,0.000933891857078363,tanh,0.0001,True,"(64, 32, 16)",0.01,"{'clf__activation': 'tanh', 'clf__alpha': 0.0001, 'clf__early_stopping': True, 'clf__hidden_layer_sizes': (64, 32, 16), 'clf__learning_rate_init': 0.01}",0.7586833554627201,0.7482145090681676,0.7364323579756944,0.7567915629863056,0.8059793948878456,0.7612202360761466,0.023719270822870214,739,0.8579077502031855,0.942027035978888,0.90845665529323,0.913761865406273,0.9577312496620065,0.9159769113087165,0.034221402417320676
1.9379148006439209,0.48520711237092606,0.00805668830871582,0.0002800510705873791,tanh,0.0001,True,"(128, 64, 32)",0.0001,"{'clf__activation': 'tanh', 'clf__alpha': 0.0001, 'clf__early_stopping': True, 'clf__hidden_layer_sizes': (128, 64, 32), 'clf__learning_rate_init': 0.0001}",0.7333902978667196,0.7572188861757206,0.6946150868055329,0.6901939964368332,0.7886634407182352,0.7328163416006084,0.03739174310611383,913,0.8206438468518777,0.8638891663212745,0.7610718628916744,0.8159899780028337,0.8809785600045752,0.8285146828144472,0.04188356417904027
1.2404199123382569,0.3065002737806985,0.011001873016357421,0.005501430750425678,tanh,0.0001,True,"(128, 64, 32)",0.0005,"{'clf__activation': 'tanh', 'clf__alpha': 0.0001, 'clf__early_stopping': True, 'clf__hidden_layer_sizes': (128, 64, 32), 'clf__learning_rate_init': 0.0005}",0.7236685026031273,0.7582489187560639,0.7314988162973426,0.7765691179540476,0.8183498281629122,0.7616670367546987,0.03406084121035005,733,0.7766535198425922,0.9522163734538465,0.9185849309179103,0.9047092858046151,0.9405298091264193,0.8985387838290766,0.06315135868410043
0.9099148273468017,0.2592144282300559,0.008190488815307618,0.00032036923270308026,tanh,0.0001,True,"(128, 64, 32)",0.001,"{'clf__activation': 'tanh', 'clf__alpha': 0.0001, 'clf__early_stopping': True, 'clf__hidden_layer_sizes': (128, 64, 32), 'clf__learning_rate_init': 0.001}",0.766720708957333,0.7535091139771901,0.7260034486061883,0.7820913758092245,0.8291817661644096,0.7715012827028691,0.034222253498673146,514,0.789682568605518,0.9222470199898336,0.8829874580039009,0.9721267901564559,0.9581792011927095,0.9050446075896836,0.06544332683184598
0.8902122497558593,0.27406017520375736,0.008132266998291015,0.00022087925852579268,tanh,0.0001,True,"(128, 64, 32)",0.005,"{'clf__activation': 'tanh', 'clf__alpha': 0.0001, 'clf__early_stopping': True, 'clf__hidden_layer_sizes': (128, 64, 32), 'clf__learning_rate_init': 0.005}",0.7376329868308743,0.7656308137872267,0.7320120583968766,0.7617549900890439,0.8269870802479498,0.7648035858703943,0.033735118027007883,661,0.7907583564433315,0.9872770721009154,0.8976385238318227,0.9782097511825096,0.9272601074979435,0.9162287622113044,0.07085141579028276
0.6434467315673829,0.04302906401310831,0.007761383056640625,0.0012067442385847221,tanh,0.0001,True,"(128, 64, 32)",0.01,"{'clf__activation': 'tanh', 'clf__alpha': 0.0001, 'clf__early_stopping': True, 'clf__hidden_layer_sizes': (128, 64, 32), 'clf__learning_rate_init': 0.01}",0.7680282982989224,0.7632686729072206,0.7304554088618069,0.7460681881519089,0.8148631373463588,0.7645367411132435,0.02845758170641683,665,0.8921675249361325,0.9722290281229842,0.9367035236006777,0.8700155202860411,0.9152820425710723,0.9172795279033815,0.035398384821809646
13.020635604858398,0.3417721250362992,0.0059277057647705075,0.0004881720308997973,tanh,0.0001,False,"(32,)",0.0001,"{'clf__activation': 'tanh', 'clf__alpha': 0.0001, 'clf__early_stopping': False, 'clf__hidden_layer_sizes': (32,), 'clf__learning_rate_init': 0.0001}",0.7948466267780909,0.7556566244717748,0.7187993374418956,0.8163478678184561,0.8042199076050353,0.7779740728230505,0.0359048544658239,388,1.0,0.9975489023865322,0.9990795325574398,0.9964491830558417,0.9966291764306716,0.997941358886097,0.0013882273697607677
5.17582893371582,0.2561835806169373,0.0056266307830810545,0.00010023570753694791,tanh,0.0001,False,"(32,)",0.0005,"{'clf__activation': 'tanh', 'clf__alpha': 0.0001, 'clf__early_stopping': False, 'clf__hidden_layer_sizes': (32,), 'clf__learning_rate_init': 0.0005}",0.7719120351056104,0.7613061294456644,0.7145417448815508,0.7785983985182107,0.8167725796786376,0.7686261775259347,0.03288472913120881,575,1.0,1.0,1.0,1.0,1.0,1.0,0.0
3.0049486637115477,0.4975742754468152,0.005003499984741211,0.0007621524655927177,tanh,0.0001,False,"(32,)",0.001,"{'clf__activation': 'tanh', 'clf__alpha': 0.0001, 'clf__early_stopping': False, 'clf__hidden_layer_sizes': (32,), 'clf__learning_rate_init': 0.001}",0.7915191681130367,0.7627435506975535,0.7166222947333044,0.7803688909379576,0.8096243952126305,0.7721756599388965,0.03168232689275121,498,1.0,1.0,1.0,1.0,1.0,1.0,0.0
1.4016098976135254,0.11110026902108093,0.005508565902709961,3.949253893782765e-05,tanh,0.0001,False,"(32,)",0.005,"{'clf__activation': 'tanh', 'clf__alpha': 0.0001, 'clf__early_stopping': False, 'clf__hidden_layer_sizes': (32,), 'clf__learning_rate_init': 0.005}",0.7452912579590432,0.7456804478897502,0.7250062108552675,0.7746181411590427,0.8287682993838061,0.7638728714493819,0.03609358759818943,680,1.0,1.0,1.0,1.0,1.0,1.0,0.0
1.1168691635131835,0.04553993807695947,0.00543060302734375,8.576080338195207e-05,tanh,0.0001,False,"(32,)",0.01,"{'clf__activation': 'tanh', 'clf__alpha': 0.0001, 'clf__early_stopping': False, 'clf__hidden_layer_sizes': (32,), 'clf__learning_rate_init': 0.01}",0.7599102321649052,0.7478749619801321,0.7245828481345744,0.7687029135379206,0.8156151064982659,0.7633372124631597,0.0300482781245339,692,1.0,1.0,1.0,1.0,1.0,1.0,0.0
16.425522089004517,0.7015296890118378,0.0061301708221435545,8.086522770155411e-05,tanh,0.0001,False,"(64,)",0.0001,"{'clf__activation': 'tanh', 'clf__alpha': 0.0001, 'clf__early_stopping': False, 'clf__hidden_layer_sizes': (64,), 'clf__learning_rate_init': 0.0001}",0.7567884019601693,0.7448104670805582,0.7294505857119287,0.7612567379808759,0.8194553490332632,0.762352308353359,0.030604424947049028,715,1.0,1.0,1.0,1.0,1.0,1.0,0.0
5.850486183166504,0.4366453962898646,0.006345939636230469,0.00030962551317248585,tanh,0.0001,False,"(64,)",0.0005,"{'clf__activation': 'tanh', 'clf__alpha': 0.0001, 'clf__early_stopping': False, 'clf__hidden_layer_sizes': (64,), 'clf__learning_rate_init': 0.0005}",0.7616196505759613,0.7498890217969165,0.729321269793139,0.7608864692458519,0.8261274758411673,0.7655687774506073,0.032448766117351376,640,1.0,1.0,1.0,1.0,1.0,1.0,0.0
3.8125123977661133,0.26014416243394556,0.0060938835144042965,0.00035543815998740876,tanh,0.0001,False,"(64,)",0.001,"{'clf__activation': 'tanh', 'clf__alpha': 0.0001, 'clf__early_stopping': False, 'clf__hidden_layer_sizes': (64,), 'clf__learning_rate_init': 0.001}",0.7633731302170765,0.7339652524165343,0.72897849217725,0.7645683013330072,0.8204898470291543,0.7622750046346044,0.032574630549049514,718,1.0,1.0,1.0,1.0,1.0,1.0,0.0
1.7411168098449707,0.144464481298682,0.005894136428833008,0.0001615417323799081,tanh,0.0001,False,"(64,)",0.005,"{'clf__activation': 'tanh', 'clf__alpha': 0.0001, 'clf__early_stopping': False, 'clf__hidden_layer_sizes': (64,), 'clf__learning_rate_init': 0.005}",0.7801660663800138,0.7399812087994296,0.7411284847032511,0.75658654693239,0.8211059940318146,0.7677936601693798,0.030349447435670508,584,1.0,1.0,1.0,1.0,1.0,1.0,0.0
1.1458430290222168,0.17743410845756769,0.00549468994140625,0.0007733046921913801,tanh,0.0001,False,"(64,)",0.01,"{'clf__activation': 'tanh', 'clf__alpha': 0.0001, 'clf__early_stopping': False, 'clf__hidden_layer_sizes': (64,), 'clf__learning_rate_init': 0.01}",0.7694030658008603,0.7393292900510081,0.7087226750560865,0.7599742507575179,0.8273272020435094,0.7609512967417965,0.03917521645180946,745,1.0,1.0,1.0,1.0,1.0,1.0,0.0
22.345064210891724,1.458370250200625,0.00782151222229004,0.00038242457216040637,tanh,0.0001,False,"(128,)",0.0001,"{'clf__activation': 'tanh', 'clf__alpha': 0.0001, 'clf__early_stopping': False, 'clf__hidden_layer_sizes': (128,), 'clf__learning_rate_init': 0.0001}",0.7834464771348653,0.7603849566024556,0.7563359636144447,0.7640283870159168,0.8159434583737806,0.7760278485482927,0.022021577761777694,428,1.0,1.0,1.0,1.0,1.0,1.0,0.0
8.040711688995362,0.20834197297112017,0.007472562789916992,0.0003271051606646305,tanh,0.0001,False,"(128,)",0.0005,"{'clf__activation': 'tanh', 'clf__alpha': 0.0001, 'clf__early_stopping': False, 'clf__hidden_layer_sizes': (128,), 'clf__learning_rate_init': 0.0005}",0.7806253785331152,0.7492014737463661,0.7377068354181031,0.7348810717590238,0.8313828468969785,0.7667595212707173,0.03615802910559875,602,1.0,1.0,1.0,1.0,1.0,1.0,0.0
5.696810483932495,0.19356110092394843,0.008037710189819336,0.0003756097356408753,tanh,0.0001,False,"(128,)",0.001,"{'clf__activation': 'tanh', 'clf__alpha': 0.0001, 'clf__early_stopping': False, 'clf__hidden_layer_sizes': (128,), 'clf__learning_rate_init': 0.001}",0.7822160205700911,0.7421426555179047,0.7485200796604305,0.7572608198675115,0.8329714500340011,0.7726222051299876,0.03310577052137973,486,1.0,1.0,1.0,1.0,1.0,1.0,0.0
2.238425540924072,0.09683756903294699,0.0075013160705566405,0.0003345753464675694,tanh,0.0001,False,"(128,)",0.005,"{'clf__activation': 'tanh', 'clf__alpha': 0.0001, 'clf__early_stopping': False, 'clf__hidden_layer_sizes': (128,), 'clf__learning_rate_init': 0.005}",0.7805521783478895,0.7253964373055861,0.7449564421825032,0.7622374235110138,0.8187428850219549,0.7663770732737895,0.03193275592482399,612,1.0,1.0,1.0,1.0,1.0,1.0,0.0
2.008026647567749,0.1172192542128397,0.007488775253295899,0.0005154434866327278,tanh,0.0001,False,"(128,)",0.01,"{'clf__activation': 'tanh', 'clf__alpha': 0.0001, 'clf__early_stopping': False, 'clf__hidden_layer_sizes': (128,), 'clf__learning_rate_init': 0.01}",0.7661641272387062,0.7531664100219099,0.7326074173340849,0.7799130716976395,0.8060170365628112,0.7675736125710303,0.024748123336086312,589,1.0,1.0,1.0,1.0,1.0,1.0,0.0
31.89549264907837,0.7601372114788255,0.009994745254516602,0.0003268139751030707,tanh,0.0001,False,"(256,)",0.0001,"{'clf__activation': 'tanh', 'clf__alpha': 0.0001, 'clf__early_stopping': False, 'clf__hidden_layer_sizes': (256,), 'clf__learning_rate_init': 0.0001}",0.7827062486922916,0.7226134937437405,0.7452298335913297,0.7764902109891185,0.8210629498334945,0.769620547369995,0.03367289306788848,551,1.0,1.0,1.0,1.0,1.0,1.0,0.0
11.90273904800415,0.6293376785604036,0.009896516799926758,0.00048373121489705533,tanh,0.0001,False,"(256,)",0.0005,"{'clf__activation': 'tanh', 'clf__alpha': 0.0001, 'clf__early_stopping': False, 'clf__hidden_layer_sizes': (256,), 'clf__learning_rate_init': 0.0005}",0.7684807023711864,0.7278027020955682,0.7455219653086952,0.7655567971345715,0.8316540828384207,0.7678032499496883,0.03515375890712536,581,1.0,1.0,1.0,1.0,1.0,1.0,0.0
7.996655035018921,0.19588135200391069,0.009838724136352539,0.00037951605720241716,tanh,0.0001,False,"(256,)",0.001,"{'clf__activation': 'tanh', 'clf__alpha': 0.0001, 'clf__early_stopping': False, 'clf__hidden_layer_sizes': (256,), 'clf__learning_rate_init': 0.001}",0.7644500323065598,0.7377573650572402,0.7383016094134881,0.7623045811750011,0.8259554738427979,0.7657538123590174,0.03217222899233869,636,1.0,1.0,1.0,1.0,1.0,1.0,0.0
4.025375127792358,0.16623757360552643,0.010016679763793945,0.0005058558630890432,tanh,0.0001,False,"(256,)",0.005,"{'clf__activation': 'tanh', 'clf__alpha': 0.0001, 'clf__early_stopping': False, 'clf__hidden_layer_sizes': (256,), 'clf__learning_rate_init': 0.005}",0.7602640415140415,0.7387378453836526,0.748319831368282,0.7578904310539383,0.811657858334729,0.7633740015309286,0.02531655763855563,691,1.0,1.0,1.0,1.0,1.0,1.0,0.0
3.1125427722930907,0.12759361565008817,0.009970760345458985,0.00025418250085657137,tanh,0.0001,False,"(256,)",0.01,"{'clf__activation': 'tanh', 'clf__alpha': 0.0001, 'clf__early_stopping': False, 'clf__hidden_layer_sizes': (256,), 'clf__learning_rate_init': 0.01}",0.7865637774885972,0.7445051600937128,0.748256729793118,0.7543329909036701,0.7930020697338753,0.7653321456025945,0.020311186319455207,646,1.0,1.0,1.0,1.0,1.0,1.0,0.0
12.911071252822875,0.4001855259942269,0.006093454360961914,0.00039640710493135206,tanh,0.0001,False,"(32, 16)",0.0001,"{'clf__activation': 'tanh', 'clf__alpha': 0.0001, 'clf__early_stopping': False, 'clf__hidden_layer_sizes': (32, 16), 'clf__learning_rate_init': 0.0001}",0.7751735955288811,0.7609111784051896,0.7182241420541423,0.7547294962570619,0.8050114358536771,0.7628099696197904,0.02825108307823235,701,1.0,1.0,1.0,1.0,0.998972207018184,0.9997944414036368,0.0004111171927263957
4.370062208175659,0.15778758754303238,0.00562591552734375,0.00018437575745414362,tanh,0.0001,False,"(32, 16)",0.0005,"{'clf__activation': 'tanh', 'clf__alpha': 0.0001, 'clf__early_stopping': False, 'clf__hidden_layer_sizes': (32, 16), 'clf__learning_rate_init': 0.0005}",0.776593994241053,0.7635905161209429,0.7323793943059999,0.7566003695439967,0.8041255103548441,0.7666579569133674,0.023614091173711726,605,1.0,1.0,1.0,1.0,1.0,1.0,0.0
2.801730489730835,0.23397348605052762,0.005930089950561523,0.0003200877390271321,tanh,0.0001,False,"(32, 16)",0.001,"{'clf__activation': 'tanh', 'clf__alpha': 0.0001, 'clf__early_stopping': False, 'clf__hidden_layer_sizes': (32, 16), 'clf__learning_rate_init': 0.001}",0.7657869612656847,0.7661761346881778,0.7347190111034374,0.7729026801155606,0.7968418688230009,0.7672853311991722,0.01984532266854179,592,1.0,1.0,1.0,1.0,1.0,1.0,0.0
1.088130569458008,0.04721048834240646,0.005796098709106445,0.00012579137758991497,tanh,0.0001,False,"(32, 16)",0.005,"{'clf__activation': 'tanh', 'clf__alpha': 0.0001, 'clf__early_stopping': False, 'clf__hidden_layer_sizes': (32, 16), 'clf__learning_rate_init': 0.005}",0.7539406711773333,0.7547114690342737,0.7427533525664367,0.7327995439469319,0.8121497655732326,0.7592709604596416,0.027636701101380588,773,1.0,1.0,1.0,1.0,1.0,1.0,0.0
0.8215965747833252,0.15704556257679506,0.00589599609375,0.00020749680573484098,tanh,0.0001,False,"(32, 16)",0.01,"{'clf__activation': 'tanh', 'clf__alpha': 0.0001, 'clf__early_stopping': False, 'clf__hidden_layer_sizes': (32, 16), 'clf__learning_rate_init': 0.01}",0.7518374967813081,0.7388519243313763,0.7041105786582654,0.7376730330831353,0.7951267826603728,0.7455199631028916,0.02939905423738207,882,1.0,0.9898931614845974,1.0,1.0,1.0,0.9979786322969195,0.004042735406161047
13.808017492294312,0.43456995762412315,0.006594133377075195,0.00031905798890968074,tanh,0.0001,False,"(64, 32)",0.0001,"{'clf__activation': 'tanh', 'clf__alpha': 0.0001, 'clf__early_stopping': False, 'clf__hidden_layer_sizes': (64, 32), 'clf__learning_rate_init': 0.0001}",0.7520382842389315,0.7692101688007594,0.7288816454060824,0.7809865762569387,0.8216820076172079,0.7705597364639839,0.030997207601862965,531,1.0,1.0,1.0,1.0,1.0,1.0,0.0
4.451173973083496,0.2699678639372309,0.006201457977294922,0.000516697615870638,tanh,0.0001,False,"(64, 32)",0.0005,"{'clf__activation': 'tanh', 'clf__alpha': 0.0001, 'clf__early_stopping': False, 'clf__hidden_layer_sizes': (64, 32), 'clf__learning_rate_init': 0.0005}",0.7703977562468128,0.7663327108812324,0.7324780147244379,0.7797816590081168,0.8183962422389377,0.7734772766199075,0.02756420305714005,473,1.0,1.0,1.0,1.0,1.0,1.0,0.0
2.9204009532928468,0.11377120543746227,0.006544256210327148,0.00017308450583274998,tanh,0.0001,False,"(64, 32)",0.001,"{'clf__activation': 'tanh', 'clf__alpha': 0.0001, 'clf__early_stopping': False, 'clf__hidden_layer_sizes': (64, 32), 'clf__learning_rate_init': 0.001}",0.7669296874784081,0.7556454681284628,0.7285074669438756,0.7823728219108198,0.8188228248975913,0.7704556538718315,0.029909284693579504,534,1.0,1.0,1.0,1.0,1.0,1.0,0.0
1.301377773284912,0.06855382844396828,0.006528615951538086,0.00020942479533841323,tanh,0.0001,False,"(64, 32)",0.005,"{'clf__activation': 'tanh', 'clf__alpha': 0.0001, 'clf__early_stopping': False, 'clf__hidden_layer_sizes': (64, 32), 'clf__learning_rate_init': 0.005}",0.7779783923419525,0.7392548135122392,0.719633702958972,0.7548192103982221,0.8393303866434708,0.7662033011709715,0.04125716759359335,617,1.0,1.0,1.0,1.0,1.0,1.0,0.0
1.0962992668151856,0.09930955726268455,0.006637430191040039,0.00016394800154380387,tanh,0.0001,False,"(64, 32)",0.01,"{'clf__activation': 'tanh', 'clf__alpha': 0.0001, 'clf__early_stopping': False, 'clf__hidden_layer_sizes': (64, 32), 'clf__learning_rate_init': 0.01}",0.7650705271973144,0.7519630744579269,0.7347284289171685,0.7697200809141108,0.8315104928833927,0.7705985208739827,0.032788845862712315,528,1.0,1.0,1.0,1.0,1.0,1.0,0.0
17.343386220932008,0.39722739670181567,0.008112907409667969,0.00039872432028495024,tanh,0.0001,False,"(128, 64)",0.0001,"{'clf__activation': 'tanh', 'clf__alpha': 0.0001, 'clf__early_stopping': False, 'clf__hidden_layer_sizes': (128, 64), 'clf__learning_rate_init': 0.0001}",0.7686143032468752,0.7597469684612903,0.7365004909368917,0.7701024745519862,0.8117880781819155,0.7693504630757918,0.02438608786495613,567,1.0,1.0,1.0,1.0,1.0,1.0,0.0
6.324115657806397,0.12969901166456008,0.008885955810546875,0.00027621138026808314,tanh,0.0001,False,"(128, 64)",0.0005,"{'clf__activation': 'tanh', 'clf__alpha': 0.0001, 'clf__early_stopping': False, 'clf__hidden_layer_sizes': (128, 64), 'clf__learning_rate_init': 0.0005}",0.7725097125826861,0.7601962739196781,0.7323167998724116,0.7766312153876813,0.8062720044075847,0.7695852012340084,0.024005025746046932,555,1.0,1.0,1.0,1.0,1.0,1.0,0.0
4.112968063354492,0.13475111105252455,0.008672332763671875,0.00044637779524565635,tanh,0.0001,False,"(128, 64)",0.001,"{'clf__activation': 'tanh', 'clf__alpha': 0.0001, 'clf__early_stopping': False, 'clf__hidden_layer_sizes': (128, 64), 'clf__learning_rate_init': 0.001}",0.769813512151294,0.7562530581852993,0.7428193114314559,0.7628087468132909,0.7972559899007663,0.7657901236964213,0.01807645337694055,632,1.0,1.0,1.0,1.0,1.0,1.0,0.0
1.8378645420074462,0.13476900939366032,0.00830545425415039,0.00023221262660613978,tanh,0.0001,False,"(128, 64)",0.005,"{'clf__activation': 'tanh', 'clf__alpha': 0.0001, 'clf__early_stopping': False, 'clf__hidden_layer_sizes': (128, 64), 'clf__learning_rate_init': 0.005}",0.7521550462295913,0.7545325258437128,0.7781434067805555,0.7893852369551084,0.8421173923296246,0.7832667216277185,0.03262108637164268,313,1.0,1.0,1.0,1.0,1.0,1.0,0.0
1.5646608352661133,0.14716125993054655,0.008362245559692384,0.0005206600935598956,tanh,0.0001,False,"(128, 64)",0.01,"{'clf__activation': 'tanh', 'clf__alpha': 0.0001, 'clf__early_stopping': False, 'clf__hidden_layer_sizes': (128, 64), 'clf__learning_rate_init': 0.01}",0.7852732822741182,0.7507351978310155,0.7706498627256265,0.75355587808418,0.8183433936955065,0.7757115229220893,0.024694993276899214,438,1.0,1.0,1.0,1.0,1.0,1.0,0.0
24.422328758239747,0.43799524503393533,0.011661481857299805,0.000513394901503915,tanh,0.0001,False,"(256, 128)",0.0001,"{'clf__activation': 'tanh', 'clf__alpha': 0.0001, 'clf__early_stopping': False, 'clf__hidden_layer_sizes': (256, 128), 'clf__learning_rate_init': 0.0001}",0.7718033509700177,0.7453733766233767,0.7237036323963548,0.7590199290758317,0.824817797190734,0.7649436172512629,0.03391399156921092,657,1.0,1.0,1.0,1.0,1.0,1.0,0.0
9.187848758697509,0.5565927606393446,0.011890268325805664,0.0006098170212147538,tanh,0.0001,False,"(256, 128)",0.0005,"{'clf__activation': 'tanh', 'clf__alpha': 0.0001, 'clf__early_stopping': False, 'clf__hidden_layer_sizes': (256, 128), 'clf__learning_rate_init': 0.0005}",0.7676607944900627,0.7372512280346382,0.7203096405799964,0.7581818790024297,0.8222017712334613,0.7611210626681177,0.03469178874042819,742,1.0,1.0,1.0,1.0,1.0,1.0,0.0
6.664927053451538,0.3678214191800434,0.012208986282348632,0.00020464267607258954,tanh,0.0001,False,"(256, 128)",0.001,"{'clf__activation': 'tanh', 'clf__alpha': 0.0001, 'clf__early_stopping': False, 'clf__hidden_layer_sizes': (256, 128), 'clf__learning_rate_init': 0.001}",0.7689209726443769,0.7461274606191693,0.7239860506369941,0.7556995050010207,0.823696000582793,0.7636859978968707,0.03339693846901631,686,1.0,1.0,1.0,1.0,1.0,1.0,0.0
3.5956887722015383,0.23463198734475188,0.01285853385925293,0.00032971593450478693,tanh,0.0001,False,"(256, 128)",0.005,"{'clf__activation': 'tanh', 'clf__alpha': 0.0001, 'clf__early_stopping': False, 'clf__hidden_layer_sizes': (256, 128), 'clf__learning_rate_init': 0.005}",0.7791368208695413,0.7627341381903425,0.7393503733546656,0.7801926130723749,0.8139931616051019,0.7750814214184052,0.024437091758374777,445,1.0,1.0,1.0,1.0,1.0,1.0,0.0
3.243648338317871,0.4644354849552474,0.012809371948242188,0.0005380688174769181,tanh,0.0001,False,"(256, 128)",0.01,"{'clf__activation': 'tanh', 'clf__alpha': 0.0001, 'clf__early_stopping': False, 'clf__hidden_layer_sizes': (256, 128), 'clf__learning_rate_init': 0.01}",0.7976402988116118,0.7644097992718357,0.7666846396906813,0.7849343467062962,0.8227135167724697,0.7872765202505789,0.02152016207550002,230,1.0,1.0,1.0,0.9992900897711965,1.0,0.9998580179542393,0.00028396409152140476
13.207403421401978,0.6871643680264147,0.00659027099609375,0.0003678296803415688,tanh,0.0001,False,"(64, 32, 16)",0.0001,"{'clf__activation': 'tanh', 'clf__alpha': 0.0001, 'clf__early_stopping': False, 'clf__hidden_layer_sizes': (64, 32, 16), 'clf__learning_rate_init': 0.0001}",0.7605404645132251,0.7503120665742025,0.713794341169422,0.7594297398960379,0.8307462334953651,0.7629645691296505,0.03792234819645277,697,1.0,1.0,1.0,1.0,1.0,1.0,0.0
4.573166084289551,0.19998457723623542,0.006672716140747071,0.00030694962347864186,tanh,0.0001,False,"(64, 32, 16)",0.0005,"{'clf__activation': 'tanh', 'clf__alpha': 0.0001, 'clf__early_stopping': False, 'clf__hidden_layer_sizes': (64, 32, 16), 'clf__learning_rate_init': 0.0005}",0.7604712969382201,0.7606688219675967,0.7178765123070505,0.7712290685504971,0.8034268779386946,0.7627345155404118,0.027384869876837675,706,1.0,1.0,1.0,1.0,1.0,1.0,0.0
3.0464738845825194,0.06620859352305862,0.00662083625793457,0.0002487931584877853,tanh,0.0001,False,"(64, 32, 16)",0.001,"{'clf__activation': 'tanh', 'clf__alpha': 0.0001, 'clf__early_stopping': False, 'clf__hidden_layer_sizes': (64, 32, 16), 'clf__learning_rate_init': 0.001}",0.7663821958861419,0.746147161416655,0.704214566047065,0.7775972456144151,0.7928820129249665,0.7574446363778488,0.03066883960461242,794,1.0,1.0,1.0,1.0,1.0,1.0,0.0
1.3464158058166504,0.03903482024992997,0.00681920051574707,8.941827066811244e-05,tanh,0.0001,False,"(64, 32, 16)",0.005,"{'clf__activation': 'tanh', 'clf__alpha': 0.0001, 'clf__early_stopping': False, 'clf__hidden_layer_sizes': (64, 32, 16), 'clf__learning_rate_init': 0.005}",0.7625919659370363,0.7654081477610889,0.7101612898498477,0.7834713069969205,0.8041148547614955,0.7651495130612778,0.03125475521576067,652,1.0,1.0,1.0,1.0,1.0,1.0,0.0
0.9172900199890137,0.200289167056136,0.006742954254150391,0.00025866330409919945,tanh,0.0001,False,"(64, 32, 16)",0.01,"{'clf__activation': 'tanh', 'clf__alpha': 0.0001, 'clf__early_stopping': False, 'clf__hidden_layer_sizes': (64, 32, 16), 'clf__learning_rate_init': 0.01}",0.7479204230574094,0.752753762866475,0.7556397620087898,0.762876476950872,0.7776369318322631,0.7593654713431619,0.010341742194333479,772,0.980059674012452,0.9754992787614136,0.9951501349527665,1.0,0.9836189219742799,0.9868656019401824,0.009243384531577229
15.373242616653442,0.770927147306026,0.008378076553344726,0.00019627444580709762,tanh,0.0001,False,"(128, 64, 32)",0.0001,"{'clf__activation': 'tanh', 'clf__alpha': 0.0001, 'clf__early_stopping': False, 'clf__hidden_layer_sizes': (128, 64, 32), 'clf__learning_rate_init': 0.0001}",0.7534129067661609,0.7601509032543515,0.7678894498434441,0.7693112348770436,0.8382199202969756,0.7777968830075952,0.030747571579447453,395,1.0,1.0,1.0,1.0,1.0,1.0,0.0
5.393662357330323,0.11875454466037763,0.00820612907409668,0.0005330758778344956,tanh,0.0001,False,"(128, 64, 32)",0.0005,"{'clf__activation': 'tanh', 'clf__alpha': 0.0001, 'clf__early_stopping': False, 'clf__hidden_layer_sizes': (128, 64, 32), 'clf__learning_rate_init': 0.0005}",0.7461315331982532,0.7533941464975947,0.7615723152873342,0.7759482989329995,0.8415327243815616,0.7757158036595486,0.03436697486802632,435,1.0,1.0,1.0,1.0,1.0,1.0,0.0
3.6113336086273193,0.11906833124479353,0.008750581741333007,0.0003537533881790366,tanh,0.0001,False,"(128, 64, 32)",0.001,"{'clf__activation': 'tanh', 'clf__alpha': 0.0001, 'clf__early_stopping': False, 'clf__hidden_layer_sizes': (128, 64, 32), 'clf__learning_rate_init': 0.001}",0.7510622849424887,0.7618821971716541,0.7799215982689371,0.7974389030974709,0.8411856170623242,0.786298120108575,0.03167054079405068,250,1.0,1.0,1.0,1.0,1.0,1.0,0.0
1.706182098388672,0.22122456063571372,0.008401155471801758,0.00022595375410235392,tanh,0.0001,False,"(128, 64, 32)",0.005,"{'clf__activation': 'tanh', 'clf__alpha': 0.0001, 'clf__early_stopping': False, 'clf__hidden_layer_sizes': (128, 64, 32), 'clf__learning_rate_init': 0.005}",0.7654881382322253,0.7554066419194757,0.7506306394878853,0.7720586495072,0.8231544299075817,0.7733476998108736,0.02600804148643674,477,1.0,0.9847636173878014,1.0,1.0,1.0,0.9969527234775603,0.0060945530448794465
1.7375948429107666,0.6769435999467212,0.008767032623291015,0.00035304266454210805,tanh,0.0001,False,"(128, 64, 32)",0.01,"{'clf__activation': 'tanh', 'clf__alpha': 0.0001, 'clf__early_stopping': False, 'clf__hidden_layer_sizes': (128, 64, 32), 'clf__learning_rate_init': 0.01}",0.7425937976049959,0.7742098609457331,0.754448397943343,0.7471788603193834,0.7818058979567505,0.7600473629540413,0.015333518236017554,758,0.9864175585547273,0.9915617563711405,1.0,0.9864352468900737,0.9885288886795652,0.9905886900991014,0.005067777081907731
0.881223201751709,0.2814329778202068,0.005433368682861328,0.00020975640043937094,tanh,0.001,True,"(32,)",0.0001,"{'clf__activation': 'tanh', 'clf__alpha': 0.001, 'clf__early_stopping': True, 'clf__hidden_layer_sizes': (32,), 'clf__learning_rate_init': 0.0001}",0.6430609823584963,0.47897127342565793,0.6680061950125925,0.7282410571884256,0.6921215745976511,0.6420802165165647,0.08626178013781904,986,0.6618141509360581,0.6246917646790626,0.7800246607494095,0.8009372042771241,0.7480640426934578,0.7231063646670224,0.06835552160672789
0.4876992702484131,0.0642074020609354,0.0052376270294189455,0.0001111942334636407,tanh,0.001,True,"(32,)",0.0005,"{'clf__activation': 'tanh', 'clf__alpha': 0.001, 'clf__early_stopping': True, 'clf__hidden_layer_sizes': (32,), 'clf__learning_rate_init': 0.0005}",0.7694161126100608,0.7443524123039893,0.7122614967475016,0.7703658946538694,0.7395306000973743,0.7471853032825592,0.021530632664774476,866,0.7914101999358569,0.8406495663922262,0.8504974801020645,0.8565249769845089,0.8137269005544968,0.8305618247938307,0.02445216783013175
0.4293633460998535,0.06419684101207476,0.005299186706542969,0.0002796703632421307,tanh,0.001,True,"(32,)",0.001,"{'clf__activation': 'tanh', 'clf__alpha': 0.001, 'clf__early_stopping': True, 'clf__hidden_layer_sizes': (32,), 'clf__learning_rate_init': 0.001}",0.7991272354602699,0.7484550617578141,0.7111658533681829,0.7619602982971648,0.8063284879039219,0.7654073873574707,0.034793598266767777,643,0.8889562959840139,0.8978706558542231,0.8507053215984227,0.8560499363577558,0.8685296405270285,0.8724223700642888,0.018307518011784023
0.2368307590484619,0.023367115072081966,0.005356121063232422,0.00022946419737002654,tanh,0.001,True,"(32,)",0.005,"{'clf__activation': 'tanh', 'clf__alpha': 0.001, 'clf__early_stopping': True, 'clf__hidden_layer_sizes': (32,), 'clf__learning_rate_init': 0.005}",0.7841768530165181,0.7312571182125749,0.7188143299812193,0.7283881283881284,0.8181075356306449,0.7561487930458171,0.03849303843288157,822,0.858393366012298,0.8949416035212457,0.8713866508257038,0.8435072837232389,0.8932257068025229,0.8722909221770019,0.019868448300459942
0.22116012573242189,0.01579816114660274,0.005293369293212891,0.00020044750481752958,tanh,0.001,True,"(32,)",0.01,"{'clf__activation': 'tanh', 'clf__alpha': 0.001, 'clf__early_stopping': True, 'clf__hidden_layer_sizes': (32,), 'clf__learning_rate_init': 0.01}",0.7454928843779807,0.736021098000321,0.7351801882832644,0.7447043334086524,0.8000459182107897,0.7522888844562017,0.024256107130390645,838,0.7995551387511384,0.8924280900479004,0.883150873630129,0.8709569463097033,0.8595640469568532,0.8611310191391448,0.03272605668702253
0.8670219421386719,0.1410734704497429,0.005952072143554687,0.00018698227833278367,tanh,0.001,True,"(64,)",0.0001,"{'clf__activation': 'tanh', 'clf__alpha': 0.001, 'clf__early_stopping': True, 'clf__hidden_layer_sizes': (64,), 'clf__learning_rate_init': 0.0001}",0.6735757063347055,0.677622780581902,0.6461946504200026,0.6232156270853642,0.6098547090377474,0.6460926946919444,0.02678068134571844,980,0.7362312663826098,0.7520743464873053,0.7430628897447389,0.6854225746157601,0.659657851526267,0.7152897857513362,0.036193803977023695
0.8238022804260254,0.20025676849367785,0.0059300422668457035,0.00028979491813401766,tanh,0.001,True,"(64,)",0.0005,"{'clf__activation': 'tanh', 'clf__alpha': 0.001, 'clf__early_stopping': True, 'clf__hidden_layer_sizes': (64,), 'clf__learning_rate_init': 0.0005}",0.7755178452952426,0.756117785544391,0.7314980514026925,0.7034034381119657,0.8176850605799297,0.7568444361868443,0.03885662183538798,811,0.8709404628881896,0.9166227531587852,0.8983245770815973,0.8310838099192386,0.9142866159980279,0.8862516438091678,0.03203760859945342
0.7804943561553955,0.06824758152117201,0.00595560073852539,0.00023290952721396858,tanh,0.001,True,"(64,)",0.001,"{'clf__activation': 'tanh', 'clf__alpha': 0.001, 'clf__early_stopping': True, 'clf__hidden_layer_sizes': (64,), 'clf__learning_rate_init': 0.001}",0.780531652371895,0.7597722699835376,0.7324555172095288,0.7666555069780876,0.8241640419381282,0.7727157976962354,0.030110335893146774,481,0.9418378472416566,0.9345840778116331,0.9341889471554017,0.9113872042161132,0.9225939072838436,0.9289183967417298,0.010715714844490094
0.3671886444091797,0.05808380273246137,0.005753517150878906,0.00036879628997561536,tanh,0.001,True,"(64,)",0.005,"{'clf__activation': 'tanh', 'clf__alpha': 0.001, 'clf__early_stopping': True, 'clf__hidden_layer_sizes': (64,), 'clf__learning_rate_init': 0.005}",0.7839313561807736,0.7663350541058915,0.7276366251198466,0.7741618540415892,0.7690480764920236,0.7642225931880249,0.019253597506710175,671,0.9345866989789666,0.8982611506140917,0.952300014117206,0.9259062440455808,0.8274867116317604,0.9077081638775211,0.04374193946047553
0.4083035945892334,0.05436243433873347,0.00604400634765625,0.00019646533466530537,tanh,0.001,True,"(64,)",0.01,"{'clf__activation': 'tanh', 'clf__alpha': 0.001, 'clf__early_stopping': True, 'clf__hidden_layer_sizes': (64,), 'clf__learning_rate_init': 0.01}",0.7816787389922291,0.7677790788571013,0.7374717787453636,0.740551872393616,0.8238249269180115,0.7702612791812642,0.03150677468850312,541,0.9647113424660473,0.9449415364666112,0.9230226690131226,0.9356140210690923,0.9576119735857842,0.9451803085201316,0.014956867583241483
1.4606889247894288,0.1004529991219807,0.007730531692504883,0.0002308266881153001,tanh,0.001,True,"(128,)",0.0001,"{'clf__activation': 'tanh', 'clf__alpha': 0.001, 'clf__early_stopping': True, 'clf__hidden_layer_sizes': (128,), 'clf__learning_rate_init': 0.0001}",0.6941748424495067,0.6997569992731283,0.6867245950403431,0.6706259084956031,0.7338100165962056,0.6970184723709574,0.02084099242173879,956,0.7621904335289713,0.7783548845617722,0.7898556486899048,0.7696656059981053,0.7666764637676018,0.773348607309271,0.009799306784471235
1.4455206871032715,0.32598934323993795,0.0076695442199707035,0.0004247217128996401,tanh,0.001,True,"(128,)",0.0005,"{'clf__activation': 'tanh', 'clf__alpha': 0.001, 'clf__early_stopping': True, 'clf__hidden_layer_sizes': (128,), 'clf__learning_rate_init': 0.0005}",0.7887658473476629,0.7416278234756496,0.728466555678045,0.7422368797368798,0.8279777498066219,0.7658149712089719,0.037220430986555406,629,0.9125550681466127,0.9283469022456893,0.9455634817675718,0.8655776255551213,0.9281292180807204,0.9160344591591432,0.027305094189552334
1.2803448677062987,0.4053098573557183,0.00733790397644043,0.00042149520468958416,tanh,0.001,True,"(128,)",0.001,"{'clf__activation': 'tanh', 'clf__alpha': 0.001, 'clf__early_stopping': True, 'clf__hidden_layer_sizes': (128,), 'clf__learning_rate_init': 0.001}",0.7833006465556315,0.7609003423152316,0.731885464081178,0.7569556034193415,0.8261694914645876,0.7718423095671941,0.03168793571036765,508,0.9690405348749488,0.9241383653928046,0.9753559445303859,0.905650058486334,0.949402263759612,0.9447174334088171,0.02646521145895303
0.6599818229675293,0.1481879546649861,0.007263088226318359,0.00013234671805798485,tanh,0.001,True,"(128,)",0.005,"{'clf__activation': 'tanh', 'clf__alpha': 0.001, 'clf__early_stopping': True, 'clf__hidden_layer_sizes': (128,), 'clf__learning_rate_init': 0.005}",0.7843238951006922,0.7270775798582343,0.7394579571540976,0.7906470781470782,0.7695896334914261,0.7622192287503058,0.024916230587171066,720,0.9687491397875562,0.9731869641137182,0.9539840407288621,0.9192780510213714,0.8834377758339829,0.9397271942970982,0.0339168196564422
0.575639295578003,0.07764577672613823,0.007253694534301758,0.00013854654411751905,tanh,0.001,True,"(128,)",0.01,"{'clf__activation': 'tanh', 'clf__alpha': 0.001, 'clf__early_stopping': True, 'clf__hidden_layer_sizes': (128,), 'clf__learning_rate_init': 0.01}",0.7984206071578345,0.7208512799954938,0.7575329447586396,0.7640269592901171,0.7434804107104311,0.7568624403825032,0.025513696414221732,808,0.9545647539851273,0.9016035836767531,0.9570785459371067,0.9290416848802462,0.8715212942843147,0.9227619725527095,0.03256305707955818
2.3370007991790773,0.291650505202056,0.009418106079101563,0.0005459665230505834,tanh,0.001,True,"(256,)",0.0001,"{'clf__activation': 'tanh', 'clf__alpha': 0.001, 'clf__early_stopping': True, 'clf__hidden_layer_sizes': (256,), 'clf__learning_rate_init': 0.0001}",0.7174904940395059,0.7411274314444273,0.7120363085351283,0.6808898511755316,0.7958515828081045,0.7294791336005396,0.03834027346755581,926,0.7666382405982205,0.8198577856238163,0.8197757260045433,0.8324884426776076,0.8398407249376519,0.815720183968368,0.025712173499910944
1.6548804759979248,0.3798020753593909,0.00958704948425293,0.0004881760224935568,tanh,0.001,True,"(256,)",0.0005,"{'clf__activation': 'tanh', 'clf__alpha': 0.001, 'clf__early_stopping': True, 'clf__hidden_layer_sizes': (256,), 'clf__learning_rate_init': 0.0005}",0.7788546368391959,0.779260645981772,0.7260089920007948,0.7606264508438421,0.7843917112299466,0.7658284873791104,0.021481853414069073,624,0.919861510896634,0.8745938458566032,0.9107707724728116,0.9308759263991823,0.8455431763216317,0.8963290463893726,0.031646329320172195
1.3927290439605713,0.34745862745672285,0.009727859497070312,0.00031685872576635743,tanh,0.001,True,"(256,)",0.001,"{'clf__activation': 'tanh', 'clf__alpha': 0.001, 'clf__early_stopping': True, 'clf__hidden_layer_sizes': (256,), 'clf__learning_rate_init': 0.001}",0.776338828616866,0.7649721125657583,0.713233043844914,0.7454379598441044,0.7898992548449071,0.75797623994331,0.026699692289975804,788,0.9552034271960657,0.933969620970149,0.9153717188063326,0.913620946001825,0.8680826038053929,0.9172496633559529,0.028824084313183215
0.92038893699646,0.0816190392877666,0.01004776954650879,0.00034637237828601765,tanh,0.001,True,"(256,)",0.005,"{'clf__activation': 'tanh', 'clf__alpha': 0.001, 'clf__early_stopping': True, 'clf__hidden_layer_sizes': (256,), 'clf__learning_rate_init': 0.005}",0.7850389457101191,0.758444767303962,0.7381362867336055,0.7421885309315365,0.802694776116703,0.7653006613591853,0.024927883153676174,647,0.8760459320655173,0.924377541432633,0.9136661350961435,0.9156497021096464,0.908466835907175,0.907641229322223,0.016610139698396805
1.1829874038696289,0.22404262452303245,0.00919952392578125,0.0004753721046716674,tanh,0.001,True,"(256,)",0.01,"{'clf__activation': 'tanh', 'clf__alpha': 0.001, 'clf__early_stopping': True, 'clf__hidden_layer_sizes': (256,), 'clf__learning_rate_init': 0.01}",0.8086150531077061,0.7678848446299582,0.7631561697227389,0.7518449230577295,0.7941128383345364,0.7771227657705339,0.02097522849378352,412,0.9589576479836013,0.9277679634436227,0.9433662775310798,0.9557030255062937,0.9834977583779884,0.9538585345685172,0.01843199420480696
1.2478388786315917,0.20546606832303851,0.005654716491699218,0.00030149235914316686,tanh,0.001,True,"(32, 16)",0.0001,"{'clf__activation': 'tanh', 'clf__alpha': 0.001, 'clf__early_stopping': True, 'clf__hidden_layer_sizes': (32, 16), 'clf__learning_rate_init': 0.0001}",0.7058803409581831,0.652698553397664,0.6628292305489197,0.5904461904700656,0.6404983844294806,0.6504705399608627,0.037229863661377996,976,0.7820603419223986,0.7486401567516053,0.7450762204481504,0.7133723584610552,0.681809669586184,0.7341917494338788,0.03404690781777688
0.5812978267669677,0.03259393304197845,0.00550694465637207,0.0002605399746561722,tanh,0.001,True,"(32, 16)",0.0005,"{'clf__activation': 'tanh', 'clf__alpha': 0.001, 'clf__early_stopping': True, 'clf__hidden_layer_sizes': (32, 16), 'clf__learning_rate_init': 0.0005}",0.7570360281273595,0.7423716130428168,0.7141669900247468,0.7160944744843148,0.7612154928026089,0.7381769196963693,0.01984010273780742,895,0.8149935077829639,0.8542482327207277,0.8569866887648578,0.8473168036620977,0.8037056793158499,0.8354501824492994,0.02183663671396833
0.42509961128234863,0.10083181787445528,0.005572271347045898,0.00019437460652788223,tanh,0.001,True,"(32, 16)",0.001,"{'clf__activation': 'tanh', 'clf__alpha': 0.001, 'clf__early_stopping': True, 'clf__hidden_layer_sizes': (32, 16), 'clf__learning_rate_init': 0.001}",0.7869034425584727,0.7180898350967477,0.6935976580154393,0.7296458796458797,0.7300837889435392,0.7316641208520156,0.03063093284818687,920,0.9209232456337356,0.8160917943691542,0.8377444731198479,0.8650259052904092,0.7446069151974573,0.836878466722121,0.05797012695452187
0.2548349857330322,0.028155559108661066,0.00538325309753418,0.00016590322178360888,tanh,0.001,True,"(32, 16)",0.005,"{'clf__activation': 'tanh', 'clf__alpha': 0.001, 'clf__early_stopping': True, 'clf__hidden_layer_sizes': (32, 16), 'clf__learning_rate_init': 0.005}",0.7871582595302272,0.7280755011304211,0.7236265646519244,0.7200246434243479,0.7968123561993672,0.7511394649872576,0.033586916460267686,846,0.9102951406107059,0.8177146569107282,0.8254895599647982,0.8357286221221789,0.8462562585678088,0.847096847635244,0.03302773194923847
0.2732597827911377,0.051202150306279184,0.005422353744506836,0.00016144934431312096,tanh,0.001,True,"(32, 16)",0.01,"{'clf__activation': 'tanh', 'clf__alpha': 0.001, 'clf__early_stopping': True, 'clf__hidden_layer_sizes': (32, 16), 'clf__learning_rate_init': 0.01}",0.8018235152387871,0.7544672754946729,0.750952380952381,0.7433189835763365,0.7854918134115442,0.7672107937347443,0.022493501311810566,595,0.9142073715510591,0.9610417468091329,0.8497754111891062,0.8269014665856181,0.8655232077138894,0.8834898407697611,0.048206994483699986
1.3251858234405518,0.3464892521684479,0.006192302703857422,0.0004338417031671926,tanh,0.001,True,"(64, 32)",0.0001,"{'clf__activation': 'tanh', 'clf__alpha': 0.001, 'clf__early_stopping': True, 'clf__hidden_layer_sizes': (64, 32), 'clf__learning_rate_init': 0.0001}",0.709549478297824,0.7149968753279714,0.7367563827223863,0.6738219699491174,0.7624059739554718,0.7195061360505541,0.02947703716712439,941,0.7615109528622863,0.7929707256184511,0.844135099140837,0.7171414417637247,0.8156611539344854,0.7862838746639568,0.04392920752405032
0.886456298828125,0.10296355664654182,0.006121110916137695,0.00012660950556941846,tanh,0.001,True,"(64, 32)",0.0005,"{'clf__activation': 'tanh', 'clf__alpha': 0.001, 'clf__early_stopping': True, 'clf__hidden_layer_sizes': (64, 32), 'clf__learning_rate_init': 0.0005}",0.779378616335138,0.7564442161887298,0.7530364427137598,0.7590649314322914,0.8341953779755904,0.7764239169291018,0.03031095092323091,420,0.9197947507870536,0.9120329466682694,0.8844678606174832,0.8966491810328727,0.9214267377423175,0.9068742953695994,0.014226206183849226
0.6458903789520264,0.11872136020654593,0.006186771392822266,0.0001076217768827146,tanh,0.001,True,"(64, 32)",0.001,"{'clf__activation': 'tanh', 'clf__alpha': 0.001, 'clf__early_stopping': True, 'clf__hidden_layer_sizes': (64, 32), 'clf__learning_rate_init': 0.001}",0.7761415921880173,0.736707082230315,0.7607794833822231,0.7564755505931977,0.8301867948040061,0.7720581006395518,0.03167124110054956,501,0.9552548380664708,0.9092519437256078,0.8893851918292802,0.9233570645413607,0.9057702320538616,0.9166038540433163,0.022143974085248846
0.5517430782318116,0.08259256020452067,0.006139421463012695,0.0002996796390648654,tanh,0.001,True,"(64, 32)",0.005,"{'clf__activation': 'tanh', 'clf__alpha': 0.001, 'clf__early_stopping': True, 'clf__hidden_layer_sizes': (64, 32), 'clf__learning_rate_init': 0.005}",0.7582674186245472,0.7552348956122052,0.751452012717525,0.7704626168368374,0.8385454340438344,0.7747924755669898,0.032507048582851555,449,0.9780068495390517,0.950129971220044,0.9725245080823833,0.9625113711336977,0.9752045610855977,0.9676754522121549,0.01021224980713231
0.5509313106536865,0.1649685120222145,0.006457805633544922,0.00011735164938198725,tanh,0.001,True,"(64, 32)",0.01,"{'clf__activation': 'tanh', 'clf__alpha': 0.001, 'clf__early_stopping': True, 'clf__hidden_layer_sizes': (64, 32), 'clf__learning_rate_init': 0.01}",0.7442974933044446,0.7565143012576536,0.7426766738751345,0.7691991073944695,0.7733666804169324,0.7572108512497269,0.01251568143364509,798,0.9797783878676013,0.9237444685240359,0.97245536627753,0.9821757101604611,0.80431510383424,0.9324938073327736,0.06753870028122352
2.2748053550720213,0.8754509986676784,0.008191156387329101,0.0004124557736821317,tanh,0.001,True,"(128, 64)",0.0001,"{'clf__activation': 'tanh', 'clf__alpha': 0.001, 'clf__early_stopping': True, 'clf__hidden_layer_sizes': (128, 64), 'clf__learning_rate_init': 0.0001}",0.76220953285855,0.6430238517770444,0.7231293424606676,0.7432830557830558,0.6952380908349773,0.7133767747428591,0.041599716613638496,946,0.8635393692018293,0.658964489822079,0.8574216475752143,0.872121260890753,0.773902352680777,0.8051898240341305,0.08120764038008907
1.3462745189666747,0.4363772603458562,0.008066940307617187,0.00018606888568618708,tanh,0.001,True,"(128, 64)",0.0005,"{'clf__activation': 'tanh', 'clf__alpha': 0.001, 'clf__early_stopping': True, 'clf__hidden_layer_sizes': (128, 64), 'clf__learning_rate_init': 0.0005}",0.7701832205353332,0.770524453024453,0.7435614913000381,0.7582001321734951,0.7558535762483132,0.7596645746563266,0.010045461298809726,763,0.8927207980890703,0.9556637239662358,0.9574294817790465,0.8826621966521393,0.8375072122235443,0.9051966825420072,0.04587047574518803
1.3842527389526367,0.12885455654126193,0.008386945724487305,0.00031505975929840065,tanh,0.001,True,"(128, 64)",0.001,"{'clf__activation': 'tanh', 'clf__alpha': 0.001, 'clf__early_stopping': True, 'clf__hidden_layer_sizes': (128, 64), 'clf__learning_rate_init': 0.001}",0.7898033699975586,0.7615300335778781,0.727149457685172,0.7807168891754608,0.7875549812444266,0.7693509463360992,0.023328118217829326,564,0.9626689810182196,0.9670474048078406,0.9740997116359081,0.9770002536826697,0.962289092324198,0.9686210886937673,0.005970325954783005
0.7572786331176757,0.11062210524190108,0.008356618881225585,0.0003610475250954205,tanh,0.001,True,"(128, 64)",0.005,"{'clf__activation': 'tanh', 'clf__alpha': 0.001, 'clf__early_stopping': True, 'clf__hidden_layer_sizes': (128, 64), 'clf__learning_rate_init': 0.005}",0.7905184028128952,0.7776083463177687,0.7133624968053788,0.7473524365929429,0.7748566541230784,0.7607396673304129,0.027547881833617706,749,0.9659273862887279,0.9747885623158874,0.9601586222015631,0.9503998508142802,0.8801453567925787,0.9462839556826074,0.03400628821903023
0.8658852100372314,0.12966112672485977,0.008559226989746094,0.0004399119602310065,tanh,0.001,True,"(128, 64)",0.01,"{'clf__activation': 'tanh', 'clf__alpha': 0.001, 'clf__early_stopping': True, 'clf__hidden_layer_sizes': (128, 64), 'clf__learning_rate_init': 0.01}",0.7652890630813605,0.7599586703579243,0.7473625639041129,0.768046847483747,0.8098170064508596,0.7700948302556008,0.021093309764948016,545,0.977719990334341,0.9598849172072748,0.938674173589956,0.9825411245606848,0.9850437412450029,0.968772789387452,0.017431490340149784
3.1978594303131103,0.565540459809428,0.011480712890625,0.0003572625392316649,tanh,0.001,True,"(256, 128)",0.0001,"{'clf__activation': 'tanh', 'clf__alpha': 0.001, 'clf__early_stopping': True, 'clf__hidden_layer_sizes': (256, 128), 'clf__learning_rate_init': 0.0001}",0.7920770837144077,0.7613338902812588,0.6988201499623263,0.7035762483130904,0.7878255104878437,0.7487265765517853,0.04023963474152604,856,0.7958106968998511,0.8745066020130158,0.8826858327708977,0.8498530553618381,0.8806450318470808,0.8567002437785367,0.03261929187707002
1.600008487701416,0.2311956446220222,0.01228952407836914,0.0007211057641461824,tanh,0.001,True,"(256, 128)",0.0005,"{'clf__activation': 'tanh', 'clf__alpha': 0.001, 'clf__early_stopping': True, 'clf__hidden_layer_sizes': (256, 128), 'clf__learning_rate_init': 0.0005}",0.8144618553198328,0.7707159507159507,0.6765370920369749,0.7407199066884529,0.8059142331373088,0.7616698075797042,0.05002575298022493,729,0.8702731052813413,0.9453447270690669,0.8762707309790172,0.8659494806876232,0.9008605571399422,0.8917397202313981,0.0294004355940804
1.4654568672180175,0.20082602020456708,0.012092113494873047,0.00025492737525136867,tanh,0.001,True,"(256, 128)",0.001,"{'clf__activation': 'tanh', 'clf__alpha': 0.001, 'clf__early_stopping': True, 'clf__hidden_layer_sizes': (256, 128), 'clf__learning_rate_init': 0.001}",0.7985641880172162,0.7701164102251656,0.6878375662744796,0.7390220688607785,0.7967590498676853,0.758459856649065,0.04141593009654839,782,0.9394660068656724,0.9439378587398797,0.8946436938274424,0.8796298261538051,0.8845900347375831,0.9084534840648765,0.02761121218678596
1.4641263008117675,0.23767040245951424,0.012127304077148437,0.00046736256030496153,tanh,0.001,True,"(256, 128)",0.005,"{'clf__activation': 'tanh', 'clf__alpha': 0.001, 'clf__early_stopping': True, 'clf__hidden_layer_sizes': (256, 128), 'clf__learning_rate_init': 0.005}",0.7969227236748143,0.7416131222878684,0.7396552517720704,0.7618795744958382,0.8134350721420643,0.7707011488745311,0.02966998609694334,525,0.9632564279533542,0.9332568110415137,0.9250259347638019,0.9574584237043581,0.9753783641555202,0.9508751923237098,0.018844791515697092
1.31997652053833,0.2154565234406006,0.011639976501464843,0.0003641110118441694,tanh,0.001,True,"(256, 128)",0.01,"{'clf__activation': 'tanh', 'clf__alpha': 0.001, 'clf__early_stopping': True, 'clf__hidden_layer_sizes': (256, 128), 'clf__learning_rate_init': 0.01}",0.7833273767683661,0.7405838716114971,0.7129654384302807,0.7510534728276664,0.796562486535467,0.7568985292346555,0.030007208121076254,806,0.972457560290174,0.8827699012195511,0.9490859499613848,0.8420362508206627,0.9675908127462007,0.9227880950075947,0.051552366865239264
1.8057803630828857,0.5424073265985704,0.006207656860351562,0.00020504665363888763,tanh,0.001,True,"(64, 32, 16)",0.0001,"{'clf__activation': 'tanh', 'clf__alpha': 0.001, 'clf__early_stopping': True, 'clf__hidden_layer_sizes': (64, 32, 16), 'clf__learning_rate_init': 0.0001}",0.6709673094922156,0.7138168199812035,0.6914542856601467,0.7050839617371876,0.6061955858127995,0.6775035925367107,0.03847467715334198,961,0.7366075975586227,0.8498368207017867,0.8495307470714415,0.8495229823086531,0.6917213243958652,0.7954438944072738,0.06786546569040096
0.8655929565429688,0.18765059703252385,0.006339025497436523,0.00031202270025781806,tanh,0.001,True,"(64, 32, 16)",0.0005,"{'clf__activation': 'tanh', 'clf__alpha': 0.001, 'clf__early_stopping': True, 'clf__hidden_layer_sizes': (64, 32, 16), 'clf__learning_rate_init': 0.0005}",0.7434835159427577,0.7343273020080424,0.7023864994253617,0.7140511677423648,0.8237060455416815,0.7435909061320417,0.04260202045167576,886,0.8429072321032878,0.9081496397109406,0.8821249598803809,0.8249681175183254,0.9365776319835926,0.8789455162393056,0.040979916912868904
0.6311211109161377,0.22246419230599704,0.0062446117401123045,0.00018723285319161104,tanh,0.001,True,"(64, 32, 16)",0.001,"{'clf__activation': 'tanh', 'clf__alpha': 0.001, 'clf__early_stopping': True, 'clf__hidden_layer_sizes': (64, 32, 16), 'clf__learning_rate_init': 0.001}",0.7446575096222984,0.7467245998273485,0.6895326809095554,0.6999298546383611,0.8006361368489465,0.736296156369302,0.0395667241200488,905,0.8267391227606585,0.9219774789767405,0.8616900648623903,0.8006271280454713,0.9631644493615433,0.8748396488013608,0.060028852775548855
0.5556224346160888,0.1920752429333572,0.006179189682006836,0.00014586569475993677,tanh,0.001,True,"(64, 32, 16)",0.005,"{'clf__activation': 'tanh', 'clf__alpha': 0.001, 'clf__early_stopping': True, 'clf__hidden_layer_sizes': (64, 32, 16), 'clf__learning_rate_init': 0.005}",0.7589678106293549,0.7564602161674988,0.732513901664885,0.726690107586334,0.8031587171184691,0.7555581506333084,0.026991312502749727,827,0.8430916644526594,0.9297546719361713,0.9884519195844819,0.8928387261453543,0.9759212379580091,0.9260116440153352,0.05362822266190219
0.4114556789398193,0.042029887679533674,0.006601667404174805,0.0004542369790430826,tanh,0.001,True,"(64, 32, 16)",0.01,"{'clf__activation': 'tanh', 'clf__alpha': 0.001, 'clf__early_stopping': True, 'clf__hidden_layer_sizes': (64, 32, 16), 'clf__learning_rate_init': 0.01}",0.7586833554627201,0.7482145090681676,0.7364323579756944,0.7567915629863056,0.8059793948878456,0.7612202360761466,0.023719270822870214,739,0.8579077502031855,0.942027035978888,0.90845665529323,0.913761865406273,0.9577312496620065,0.9159769113087165,0.034221402417320676
1.9306184291839599,0.4619894141314409,0.008104038238525391,0.00017875577616638985,tanh,0.001,True,"(128, 64, 32)",0.0001,"{'clf__activation': 'tanh', 'clf__alpha': 0.001, 'clf__early_stopping': True, 'clf__hidden_layer_sizes': (128, 64, 32), 'clf__learning_rate_init': 0.0001}",0.7333902978667196,0.7572188861757206,0.6946150868055329,0.6901939964368332,0.7886634407182352,0.7328163416006084,0.03739174310611383,913,0.8206438468518777,0.8638891663212745,0.7610718628916744,0.8159899780028337,0.8809785600045752,0.8285146828144472,0.04188356417904027
1.1552632331848145,0.265314937114701,0.008194255828857421,0.0001649319969411392,tanh,0.001,True,"(128, 64, 32)",0.0005,"{'clf__activation': 'tanh', 'clf__alpha': 0.001, 'clf__early_stopping': True, 'clf__hidden_layer_sizes': (128, 64, 32), 'clf__learning_rate_init': 0.0005}",0.7236685026031273,0.7582489187560639,0.7314988162973426,0.7765691179540476,0.8183498281629122,0.7616670367546987,0.03406084121035005,733,0.7766535198425922,0.9522163734538465,0.9185849309179103,0.9047092858046151,0.9405298091264193,0.8985387838290766,0.06315135868410043
0.9463749885559082,0.26707821762145423,0.008323144912719727,0.00026476614112482634,tanh,0.001,True,"(128, 64, 32)",0.001,"{'clf__activation': 'tanh', 'clf__alpha': 0.001, 'clf__early_stopping': True, 'clf__hidden_layer_sizes': (128, 64, 32), 'clf__learning_rate_init': 0.001}",0.766720708957333,0.7535091139771901,0.7260034486061883,0.7820913758092245,0.8291817661644096,0.7715012827028691,0.034222253498673146,514,0.789682568605518,0.9222470199898336,0.8829874580039009,0.9721267901564559,0.9581792011927095,0.9050446075896836,0.06544332683184598
0.7948603153228759,0.2372046753402347,0.008202886581420899,0.000250198169954665,tanh,0.001,True,"(128, 64, 32)",0.005,"{'clf__activation': 'tanh', 'clf__alpha': 0.001, 'clf__early_stopping': True, 'clf__hidden_layer_sizes': (128, 64, 32), 'clf__learning_rate_init': 0.005}",0.7376329868308743,0.7656308137872267,0.7320120583968766,0.7617549900890439,0.8269870802479498,0.7648035858703943,0.033735118027007883,661,0.7907583564433315,0.9872770721009154,0.8976385238318227,0.9782097511825096,0.9272601074979435,0.9162287622113044,0.07085141579028276
0.6709176063537597,0.05382662297551418,0.008245611190795898,0.00017087734839477657,tanh,0.001,True,"(128, 64, 32)",0.01,"{'clf__activation': 'tanh', 'clf__alpha': 0.001, 'clf__early_stopping': True, 'clf__hidden_layer_sizes': (128, 64, 32), 'clf__learning_rate_init': 0.01}",0.7681804997563707,0.7470798607784909,0.7330200459917442,0.7460681881519089,0.8148631373463588,0.7618423464049746,0.028805751201908234,724,0.8921675249361325,0.9561281441635301,0.9367035236006777,0.8700155202860411,0.9163090993987449,0.9142647624770254,0.03068062379371984
13.023294734954835,0.19500032492307237,0.005883407592773437,0.00029837021273408046,tanh,0.001,False,"(32,)",0.0001,"{'clf__activation': 'tanh', 'clf__alpha': 0.001, 'clf__early_stopping': False, 'clf__hidden_layer_sizes': (32,), 'clf__learning_rate_init': 0.0001}",0.7948466267780909,0.7556566244717748,0.7187993374418956,0.8163478678184561,0.8042199076050353,0.7779740728230505,0.0359048544658239,388,1.0,0.9975489023865322,0.9990795325574398,0.9964491830558417,0.9966291764306716,0.997941358886097,0.0013882273697607677
5.178736972808838,0.13238408451274344,0.005402898788452149,0.0001925345748045328,tanh,0.001,False,"(32,)",0.0005,"{'clf__activation': 'tanh', 'clf__alpha': 0.001, 'clf__early_stopping': False, 'clf__hidden_layer_sizes': (32,), 'clf__learning_rate_init': 0.0005}",0.7719120351056104,0.7613061294456644,0.7145417448815508,0.7785983985182107,0.8167725796786376,0.7686261775259347,0.03288472913120881,575,1.0,1.0,1.0,1.0,1.0,1.0,0.0
3.2623101234436036,0.0661052198055111,0.005376577377319336,0.00019648051814465998,tanh,0.001,False,"(32,)",0.001,"{'clf__activation': 'tanh', 'clf__alpha': 0.001, 'clf__early_stopping': False, 'clf__hidden_layer_sizes': (32,), 'clf__learning_rate_init': 0.001}",0.7915191681130367,0.7627435506975535,0.7166222947333044,0.7803688909379576,0.8096243952126305,0.7721756599388965,0.03168232689275121,498,1.0,1.0,1.0,1.0,1.0,1.0,0.0
1.361220693588257,0.13518330104275786,0.005353021621704102,0.0002882048674687625,tanh,0.001,False,"(32,)",0.005,"{'clf__activation': 'tanh', 'clf__alpha': 0.001, 'clf__early_stopping': False, 'clf__hidden_layer_sizes': (32,), 'clf__learning_rate_init': 0.005}",0.7452912579590432,0.7456804478897502,0.7250062108552675,0.7746181411590427,0.8287682993838061,0.7638728714493819,0.03609358759818943,680,1.0,1.0,1.0,1.0,1.0,1.0,0.0
1.1309214115142823,0.05453305071752795,0.0054858684539794925,0.00020330502353990313,tanh,0.001,False,"(32,)",0.01,"{'clf__activation': 'tanh', 'clf__alpha': 0.001, 'clf__early_stopping': False, 'clf__hidden_layer_sizes': (32,), 'clf__learning_rate_init': 0.01}",0.7599102321649052,0.7478749619801321,0.7245828481345744,0.7728299392217223,0.8135526698634776,0.7637501302729623,0.02954175910850553,685,1.0,1.0,1.0,1.0,1.0,1.0,0.0
15.90801420211792,0.60177950140148,0.006260728836059571,0.00015508937797868456,tanh,0.001,False,"(64,)",0.0001,"{'clf__activation': 'tanh', 'clf__alpha': 0.001, 'clf__early_stopping': False, 'clf__hidden_layer_sizes': (64,), 'clf__learning_rate_init': 0.0001}",0.7567884019601693,0.7448104670805582,0.726186685079607,0.7612567379808759,0.8194553490332632,0.7616995282268947,0.03132555658319766,728,1.0,1.0,1.0,1.0,1.0,1.0,0.0
5.746138334274292,0.3175596605741469,0.0065822601318359375,0.0003496363387872427,tanh,0.001,False,"(64,)",0.0005,"{'clf__activation': 'tanh', 'clf__alpha': 0.001, 'clf__early_stopping': False, 'clf__hidden_layer_sizes': (64,), 'clf__learning_rate_init': 0.0005}",0.7616196505759613,0.7498890217969165,0.729321269793139,0.7608864692458519,0.8261274758411673,0.7655687774506073,0.032448766117351376,640,1.0,1.0,1.0,1.0,1.0,1.0,0.0
3.7013378143310547,0.213644088577985,0.006026124954223633,0.0002319861830048615,tanh,0.001,False,"(64,)",0.001,"{'clf__activation': 'tanh', 'clf__alpha': 0.001, 'clf__early_stopping': False, 'clf__hidden_layer_sizes': (64,), 'clf__learning_rate_init': 0.001}",0.7633731302170765,0.7339652524165343,0.7355506543894216,0.7619753399733632,0.8204898470291543,0.76307084480511,0.03131367021770886,696,1.0,1.0,1.0,1.0,1.0,1.0,0.0
1.722712469100952,0.05108928379440434,0.005945825576782226,0.00016016090627260423,tanh,0.001,False,"(64,)",0.005,"{'clf__activation': 'tanh', 'clf__alpha': 0.001, 'clf__early_stopping': False, 'clf__hidden_layer_sizes': (64,), 'clf__learning_rate_init': 0.005}",0.7801660663800138,0.7399812087994296,0.7365427525459323,0.7558468970054336,0.8217380322390337,0.7668549913939685,0.0314691691872253,600,1.0,1.0,1.0,1.0,1.0,1.0,0.0
1.2345553874969482,0.03239562325189195,0.005881881713867188,9.559432695155998e-05,tanh,0.001,False,"(64,)",0.01,"{'clf__activation': 'tanh', 'clf__alpha': 0.001, 'clf__early_stopping': False, 'clf__hidden_layer_sizes': (64,), 'clf__learning_rate_init': 0.01}",0.7694030658008603,0.735989893526461,0.7087226750560865,0.7558540723981901,0.831384821479161,0.7602709056521517,0.0410045885643521,756,1.0,1.0,1.0,1.0,1.0,1.0,0.0
23.331823587417603,0.747723223661165,0.00808720588684082,0.0005484278764591071,tanh,0.001,False,"(128,)",0.0001,"{'clf__activation': 'tanh', 'clf__alpha': 0.001, 'clf__early_stopping': False, 'clf__hidden_layer_sizes': (128,), 'clf__learning_rate_init': 0.0001}",0.7834464771348653,0.7603849566024556,0.7563359636144447,0.7640283870159168,0.8159434583737806,0.7760278485482927,0.022021577761777694,428,1.0,1.0,1.0,1.0,1.0,1.0,0.0
8.326121187210083,0.5528531655498845,0.00746760368347168,0.0003199927869375425,tanh,0.001,False,"(128,)",0.0005,"{'clf__activation': 'tanh', 'clf__alpha': 0.001, 'clf__early_stopping': False, 'clf__hidden_layer_sizes': (128,), 'clf__learning_rate_init': 0.0005}",0.7806253785331152,0.7492014737463661,0.7377068354181031,0.7348810717590238,0.8313828468969785,0.7667595212707173,0.03615802910559875,602,1.0,1.0,1.0,1.0,1.0,1.0,0.0
5.753696870803833,0.40503182795479903,0.007690286636352539,0.00036434891678390873,tanh,0.001,False,"(128,)",0.001,"{'clf__activation': 'tanh', 'clf__alpha': 0.001, 'clf__early_stopping': False, 'clf__hidden_layer_sizes': (128,), 'clf__learning_rate_init': 0.001}",0.7822160205700911,0.7421426555179047,0.7548044996541069,0.7534698952619687,0.8329714500340011,0.7731209042076145,0.0326989715361034,479,1.0,1.0,1.0,1.0,1.0,1.0,0.0
2.3052531242370606,0.06114982324514254,0.007449102401733398,0.00046931555816221755,tanh,0.001,False,"(128,)",0.005,"{'clf__activation': 'tanh', 'clf__alpha': 0.001, 'clf__early_stopping': False, 'clf__hidden_layer_sizes': (128,), 'clf__learning_rate_init': 0.005}",0.7805521783478895,0.7250340146449201,0.7449564421825032,0.7622374235110138,0.8187428850219549,0.7663045887416562,0.03202597135815444,615,1.0,1.0,1.0,1.0,1.0,1.0,0.0
1.9719160079956055,0.10093732935623795,0.007760858535766602,0.000217026637673711,tanh,0.001,False,"(128,)",0.01,"{'clf__activation': 'tanh', 'clf__alpha': 0.001, 'clf__early_stopping': False, 'clf__hidden_layer_sizes': (128,), 'clf__learning_rate_init': 0.01}",0.7661641272387062,0.7537777556929041,0.7409863945578231,0.7799130716976395,0.8060170365628112,0.7693716771499768,0.022419573573930315,562,1.0,1.0,1.0,1.0,1.0,1.0,0.0
31.15653085708618,1.0222022267045634,0.009794092178344727,0.0006816746104191444,tanh,0.001,False,"(256,)",0.0001,"{'clf__activation': 'tanh', 'clf__alpha': 0.001, 'clf__early_stopping': False, 'clf__hidden_layer_sizes': (256,), 'clf__learning_rate_init': 0.0001}",0.7827062486922916,0.7226134937437405,0.7452298335913297,0.7764902109891185,0.8210629498334945,0.769620547369995,0.03367289306788848,551,1.0,1.0,1.0,1.0,1.0,1.0,0.0
12.019396448135376,0.1784191330880922,0.009578275680541991,0.0003384648930116308,tanh,0.001,False,"(256,)",0.0005,"{'clf__activation': 'tanh', 'clf__alpha': 0.001, 'clf__early_stopping': False, 'clf__hidden_layer_sizes': (256,), 'clf__learning_rate_init': 0.0005}",0.7684807023711864,0.7278027020955682,0.7455219653086952,0.7655567971345715,0.8316540828384207,0.7678032499496883,0.03515375890712536,581,1.0,1.0,1.0,1.0,1.0,1.0,0.0
7.761439990997315,0.20509967351568328,0.009720897674560547,0.00031848419635539663,tanh,0.001,False,"(256,)",0.001,"{'clf__activation': 'tanh', 'clf__alpha': 0.001, 'clf__early_stopping': False, 'clf__hidden_layer_sizes': (256,), 'clf__learning_rate_init': 0.001}",0.7644500323065598,0.7377573650572402,0.7414537981086482,0.7623045811750011,0.8259554738427979,0.7663842500980494,0.031654830844498376,611,1.0,1.0,1.0,1.0,1.0,1.0,0.0
4.160620594024659,0.21831711609620988,0.010364246368408204,0.0005300736714648216,tanh,0.001,False,"(256,)",0.005,"{'clf__activation': 'tanh', 'clf__alpha': 0.001, 'clf__early_stopping': False, 'clf__hidden_layer_sizes': (256,), 'clf__learning_rate_init': 0.005}",0.7602640415140415,0.7387378453836526,0.7443884232702072,0.764162333994762,0.811657858334729,0.7638421004994784,0.02572127887806215,683,1.0,1.0,1.0,1.0,1.0,1.0,0.0
3.166763114929199,0.06615869396688659,0.009539079666137696,0.00027996061023338346,tanh,0.001,False,"(256,)",0.01,"{'clf__activation': 'tanh', 'clf__alpha': 0.001, 'clf__early_stopping': False, 'clf__hidden_layer_sizes': (256,), 'clf__learning_rate_init': 0.01}",0.7866452991452991,0.7492485606511813,0.7512970751632213,0.7543329909036701,0.7933615357008781,0.7669770923128499,0.01898954599792803,599,1.0,1.0,1.0,1.0,1.0,1.0,0.0
12.983158826828003,0.38574502365101415,0.006050586700439453,0.0003329925984710921,tanh,0.001,False,"(32, 16)",0.0001,"{'clf__activation': 'tanh', 'clf__alpha': 0.001, 'clf__early_stopping': False, 'clf__hidden_layer_sizes': (32, 16), 'clf__learning_rate_init': 0.0001}",0.7751735955288811,0.7609111784051896,0.7182241420541423,0.7547294962570619,0.8050114358536771,0.7628099696197904,0.02825108307823235,701,1.0,1.0,1.0,1.0,0.998972207018184,0.9997944414036368,0.0004111171927263957
4.403796291351318,0.12917609060049348,0.005933284759521484,5.047383823827641e-05,tanh,0.001,False,"(32, 16)",0.0005,"{'clf__activation': 'tanh', 'clf__alpha': 0.001, 'clf__early_stopping': False, 'clf__hidden_layer_sizes': (32, 16), 'clf__learning_rate_init': 0.0005}",0.776593994241053,0.7635905161209429,0.7323793943059999,0.7566003695439967,0.8041255103548441,0.7666579569133674,0.023614091173711726,605,1.0,1.0,1.0,1.0,1.0,1.0,0.0
2.6546529293060304,0.1637349099885062,0.00570974349975586,8.415744921753368e-05,tanh,0.001,False,"(32, 16)",0.001,"{'clf__activation': 'tanh', 'clf__alpha': 0.001, 'clf__early_stopping': False, 'clf__hidden_layer_sizes': (32, 16), 'clf__learning_rate_init': 0.001}",0.7657869612656847,0.7661761346881778,0.7347190111034374,0.7729026801155606,0.7968418688230009,0.7672853311991722,0.01984532266854179,592,1.0,1.0,1.0,1.0,1.0,1.0,0.0
1.1242015838623047,0.035814793896376276,0.0059207439422607425,0.00013215226768895972,tanh,0.001,False,"(32, 16)",0.005,"{'clf__activation': 'tanh', 'clf__alpha': 0.001, 'clf__early_stopping': False, 'clf__hidden_layer_sizes': (32, 16), 'clf__learning_rate_init': 0.005}",0.7539406711773333,0.7547114690342737,0.7427533525664367,0.7327995439469319,0.8032476684331491,0.7574905410316248,0.024252297153395507,793,1.0,1.0,1.0,1.0,1.0,1.0,0.0
0.8292280197143554,0.1475092397709288,0.005917263031005859,0.00026288077940643024,tanh,0.001,False,"(32, 16)",0.01,"{'clf__activation': 'tanh', 'clf__alpha': 0.001, 'clf__early_stopping': False, 'clf__hidden_layer_sizes': (32, 16), 'clf__learning_rate_init': 0.01}",0.7713134595947361,0.7222732428058888,0.7259130222713851,0.735070914027768,0.7883251431760194,0.7485791563751595,0.026400073276011442,861,1.0,0.9985736545607096,1.0,1.0,1.0,0.999714730912142,0.0005705381757161732
13.885882759094239,0.8284425554484895,0.0067020893096923825,0.0003706769213424874,tanh,0.001,False,"(64, 32)",0.0001,"{'clf__activation': 'tanh', 'clf__alpha': 0.001, 'clf__early_stopping': False, 'clf__hidden_layer_sizes': (64, 32), 'clf__learning_rate_init': 0.0001}",0.7520382842389315,0.7692101688007594,0.7288816454060824,0.7809865762569387,0.8216820076172079,0.7705597364639839,0.030997207601862965,531,1.0,1.0,1.0,1.0,1.0,1.0,0.0
4.310785245895386,0.08568669813391831,0.006472730636596679,0.00022132182883039678,tanh,0.001,False,"(64, 32)",0.0005,"{'clf__activation': 'tanh', 'clf__alpha': 0.001, 'clf__early_stopping': False, 'clf__hidden_layer_sizes': (64, 32), 'clf__learning_rate_init': 0.0005}",0.7703977562468128,0.7663327108812324,0.7324780147244379,0.7797816590081168,0.8183962422389377,0.7734772766199075,0.02756420305714005,473,1.0,1.0,1.0,1.0,1.0,1.0,0.0
2.9150352001190187,0.11435426758342439,0.006444168090820312,0.000262131199638416,tanh,0.001,False,"(64, 32)",0.001,"{'clf__activation': 'tanh', 'clf__alpha': 0.001, 'clf__early_stopping': False, 'clf__hidden_layer_sizes': (64, 32), 'clf__learning_rate_init': 0.001}",0.7669296874784081,0.7556454681284628,0.7285074669438756,0.7823728219108198,0.8188228248975913,0.7704556538718315,0.029909284693579504,534,1.0,1.0,1.0,1.0,1.0,1.0,0.0
1.2468989849090577,0.08721624110291853,0.0065479278564453125,0.00030610234446517545,tanh,0.001,False,"(64, 32)",0.005,"{'clf__activation': 'tanh', 'clf__alpha': 0.001, 'clf__early_stopping': False, 'clf__hidden_layer_sizes': (64, 32), 'clf__learning_rate_init': 0.005}",0.7779783923419525,0.7434141480187182,0.7234282107402535,0.7548192103982221,0.8357559832837196,0.7670791889565731,0.03860322227372276,598,1.0,1.0,1.0,1.0,1.0,1.0,0.0
1.0755627155303955,0.07295347946163519,0.006571340560913086,0.0003732436695477578,tanh,0.001,False,"(64, 32)",0.01,"{'clf__activation': 'tanh', 'clf__alpha': 0.001, 'clf__early_stopping': False, 'clf__hidden_layer_sizes': (64, 32), 'clf__learning_rate_init': 0.01}",0.7653260972871271,0.7647297472736715,0.7430697376072151,0.7710853963642628,0.8315104928833927,0.7751442942831337,0.02975654537939869,443,1.0,1.0,1.0,1.0,1.0,1.0,0.0
17.675854015350343,0.6856981738080801,0.008617830276489259,0.0006032671795643294,tanh,0.001,False,"(128, 64)",0.0001,"{'clf__activation': 'tanh', 'clf__alpha': 0.001, 'clf__early_stopping': False, 'clf__hidden_layer_sizes': (128, 64), 'clf__learning_rate_init': 0.0001}",0.7686143032468752,0.7597469684612903,0.7365004909368917,0.7701024745519862,0.8117880781819155,0.7693504630757918,0.02438608786495613,567,1.0,1.0,1.0,1.0,1.0,1.0,0.0
6.127618837356567,0.23371833057924196,0.008882522583007812,0.0005088720497871735,tanh,0.001,False,"(128, 64)",0.0005,"{'clf__activation': 'tanh', 'clf__alpha': 0.001, 'clf__early_stopping': False, 'clf__hidden_layer_sizes': (128, 64), 'clf__learning_rate_init': 0.0005}",0.7725097125826861,0.7601962739196781,0.7323167998724116,0.7766312153876813,0.8062720044075847,0.7695852012340084,0.024005025746046932,555,1.0,1.0,1.0,1.0,1.0,1.0,0.0
4.143811750411987,0.23828611029953592,0.008808088302612305,0.00025187075832002495,tanh,0.001,False,"(128, 64)",0.001,"{'clf__activation': 'tanh', 'clf__alpha': 0.001, 'clf__early_stopping': False, 'clf__hidden_layer_sizes': (128, 64), 'clf__learning_rate_init': 0.001}",0.769813512151294,0.7562530581852993,0.7428193114314559,0.7628087468132909,0.7972559899007663,0.7657901236964213,0.01807645337694055,632,1.0,1.0,1.0,1.0,1.0,1.0,0.0
1.8267457008361816,0.1070849749753963,0.008405208587646484,0.00045391909617179866,tanh,0.001,False,"(128, 64)",0.005,"{'clf__activation': 'tanh', 'clf__alpha': 0.001, 'clf__early_stopping': False, 'clf__hidden_layer_sizes': (128, 64), 'clf__learning_rate_init': 0.005}",0.7521550462295913,0.7545325258437128,0.7781434067805555,0.7893852369551084,0.8421173923296246,0.7832667216277185,0.03262108637164268,313,1.0,1.0,1.0,1.0,1.0,1.0,0.0
1.5519646167755128,0.1268494638822034,0.008288812637329102,0.00018030507465733705,tanh,0.001,False,"(128, 64)",0.01,"{'clf__activation': 'tanh', 'clf__alpha': 0.001, 'clf__early_stopping': False, 'clf__hidden_layer_sizes': (128, 64), 'clf__learning_rate_init': 0.01}",0.7814829777146111,0.7507351978310155,0.7673434009536602,0.7541999155195187,0.8190302161733909,0.7745583416384393,0.024737668739933924,454,1.0,1.0,1.0,1.0,1.0,1.0,0.0
24.624576091766357,0.9131770957502492,0.011557769775390626,0.00018156124421013972,tanh,0.001,False,"(256, 128)",0.0001,"{'clf__activation': 'tanh', 'clf__alpha': 0.001, 'clf__early_stopping': False, 'clf__hidden_layer_sizes': (256, 128), 'clf__learning_rate_init': 0.0001}",0.7718033509700177,0.7453733766233767,0.7237036323963548,0.7590199290758317,0.824817797190734,0.7649436172512629,0.03391399156921092,657,1.0,1.0,1.0,1.0,1.0,1.0,0.0
9.116966724395752,0.6254587118404589,0.011850118637084961,0.0005370353593884998,tanh,0.001,False,"(256, 128)",0.0005,"{'clf__activation': 'tanh', 'clf__alpha': 0.001, 'clf__early_stopping': False, 'clf__hidden_layer_sizes': (256, 128), 'clf__learning_rate_init': 0.0005}",0.7676607944900627,0.7372512280346382,0.7203096405799964,0.7581818790024297,0.8222017712334613,0.7611210626681177,0.03469178874042819,742,1.0,1.0,1.0,1.0,1.0,1.0,0.0
6.507216501235962,0.3465538843823431,0.01230325698852539,0.00041846242826103116,tanh,0.001,False,"(256, 128)",0.001,"{'clf__activation': 'tanh', 'clf__alpha': 0.001, 'clf__early_stopping': False, 'clf__hidden_layer_sizes': (256, 128), 'clf__learning_rate_init': 0.001}",0.7689209726443769,0.7461274606191693,0.7239860506369941,0.7556995050010207,0.8242917395346964,0.7638051456872514,0.033611194598356715,684,1.0,1.0,1.0,1.0,1.0,1.0,0.0
3.314302587509155,0.3019437081605493,0.012629127502441407,0.000412381434003681,tanh,0.001,False,"(256, 128)",0.005,"{'clf__activation': 'tanh', 'clf__alpha': 0.001, 'clf__early_stopping': False, 'clf__hidden_layer_sizes': (256, 128), 'clf__learning_rate_init': 0.005}",0.7791368208695413,0.7880761480625277,0.7393503733546656,0.7801926130723749,0.8139931616051019,0.7801498233928422,0.02397424156299933,349,1.0,0.9924051638839159,1.0,1.0,1.0,0.9984810327767832,0.0030379344464336543
3.435831356048584,0.27444189578209005,0.012219810485839843,0.0005727270760872043,tanh,0.001,False,"(256, 128)",0.01,"{'clf__activation': 'tanh', 'clf__alpha': 0.001, 'clf__early_stopping': False, 'clf__hidden_layer_sizes': (256, 128), 'clf__learning_rate_init': 0.01}",0.7976402988116118,0.775625895083339,0.7681499258948452,0.7885915580090338,0.8268372749078283,0.7913689905413317,0.02045489013635716,133,1.0,1.0,1.0,1.0,1.0,1.0,0.0
13.58161735534668,0.7651365079854467,0.0068934917449951175,0.0005517897826415051,tanh,0.001,False,"(64, 32, 16)",0.0001,"{'clf__activation': 'tanh', 'clf__alpha': 0.001, 'clf__early_stopping': False, 'clf__hidden_layer_sizes': (64, 32, 16), 'clf__learning_rate_init': 0.0001}",0.7605404645132251,0.7503120665742025,0.713794341169422,0.7594297398960379,0.8307462334953651,0.7629645691296505,0.03792234819645277,697,1.0,1.0,1.0,1.0,1.0,1.0,0.0
4.524248313903809,0.11550010839841461,0.0065418720245361325,0.0003585465267006969,tanh,0.001,False,"(64, 32, 16)",0.0005,"{'clf__activation': 'tanh', 'clf__alpha': 0.001, 'clf__early_stopping': False, 'clf__hidden_layer_sizes': (64, 32, 16), 'clf__learning_rate_init': 0.0005}",0.7604712969382201,0.7606688219675967,0.7178765123070505,0.7712290685504971,0.8034268779386946,0.7627345155404118,0.027384869876837675,706,1.0,1.0,1.0,1.0,1.0,1.0,0.0
2.8963825702667236,0.15671074209514246,0.006641292572021484,0.0002217564822500841,tanh,0.001,False,"(64, 32, 16)",0.001,"{'clf__activation': 'tanh', 'clf__alpha': 0.001, 'clf__early_stopping': False, 'clf__hidden_layer_sizes': (64, 32, 16), 'clf__learning_rate_init': 0.001}",0.7663821958861419,0.746147161416655,0.704214566047065,0.7775972456144151,0.7928820129249665,0.7574446363778488,0.03066883960461242,794,1.0,1.0,1.0,1.0,1.0,1.0,0.0
1.3309630870819091,0.02568034197780561,0.006756782531738281,0.00027575963260544143,tanh,0.001,False,"(64, 32, 16)",0.005,"{'clf__activation': 'tanh', 'clf__alpha': 0.001, 'clf__early_stopping': False, 'clf__hidden_layer_sizes': (64, 32, 16), 'clf__learning_rate_init': 0.005}",0.7625919659370363,0.7684414126715883,0.7101612898498477,0.774953156921556,0.8041148547614955,0.7640525360283048,0.03049417923468896,677,1.0,1.0,1.0,1.0,1.0,1.0,0.0
1.0388501167297364,0.37476117249171326,0.006667184829711914,0.00017069234459269307,tanh,0.001,False,"(64, 32, 16)",0.01,"{'clf__activation': 'tanh', 'clf__alpha': 0.001, 'clf__early_stopping': False, 'clf__hidden_layer_sizes': (64, 32, 16), 'clf__learning_rate_init': 0.01}",0.7171993039640099,0.7432088644034627,0.7274409425352821,0.7545419812656632,0.7990165778327218,0.7482815340002279,0.028423247971051682,862,0.9884797323288423,0.994900839057229,1.0,0.9978721439475954,1.0,0.9962505430667333,0.004311696752858425
15.410736703872681,0.5946223918923536,0.0087158203125,0.000447396218776826,tanh,0.001,False,"(128, 64, 32)",0.0001,"{'clf__activation': 'tanh', 'clf__alpha': 0.001, 'clf__early_stopping': False, 'clf__hidden_layer_sizes': (128, 64, 32), 'clf__learning_rate_init': 0.0001}",0.7534129067661609,0.7601509032543515,0.7678894498434441,0.7693112348770436,0.8382199202969756,0.7777968830075952,0.030747571579447453,395,1.0,1.0,1.0,1.0,1.0,1.0,0.0
5.46799054145813,0.1641805944444534,0.008627748489379883,0.00024561902847681117,tanh,0.001,False,"(128, 64, 32)",0.0005,"{'clf__activation': 'tanh', 'clf__alpha': 0.001, 'clf__early_stopping': False, 'clf__hidden_layer_sizes': (128, 64, 32), 'clf__learning_rate_init': 0.0005}",0.7461315331982532,0.7533941464975947,0.7615723152873342,0.7759482989329995,0.8415327243815616,0.7757158036595486,0.03436697486802632,435,1.0,1.0,1.0,1.0,1.0,1.0,0.0
3.5644534111022947,0.10927609084710453,0.008470821380615234,9.308313237617022e-05,tanh,0.001,False,"(128, 64, 32)",0.001,"{'clf__activation': 'tanh', 'clf__alpha': 0.001, 'clf__early_stopping': False, 'clf__hidden_layer_sizes': (128, 64, 32), 'clf__learning_rate_init': 0.001}",0.7510622849424887,0.7618821971716541,0.7799215982689371,0.7974389030974709,0.8418909085508925,0.7864391784062887,0.03191531635019719,247,1.0,1.0,1.0,1.0,1.0,1.0,0.0
1.7499540328979493,0.2507214085076888,0.008465576171875,0.00017862471423548074,tanh,0.001,False,"(128, 64, 32)",0.005,"{'clf__activation': 'tanh', 'clf__alpha': 0.001, 'clf__early_stopping': False, 'clf__hidden_layer_sizes': (128, 64, 32), 'clf__learning_rate_init': 0.005}",0.7654881382322253,0.7304725332346318,0.7625594469907433,0.7669616323039931,0.8231544299075817,0.769727236133835,0.02990783325821208,550,1.0,0.9837378172933159,1.0,1.0,1.0,0.9967475634586631,0.006504873082673645
1.4412877559661865,0.35967409340046586,0.008687496185302734,9.716614566193757e-05,tanh,0.001,False,"(128, 64, 32)",0.01,"{'clf__activation': 'tanh', 'clf__alpha': 0.001, 'clf__early_stopping': False, 'clf__hidden_layer_sizes': (128, 64, 32), 'clf__learning_rate_init': 0.01}",0.731684574141183,0.7334015942263366,0.7064025960715942,0.7757900740941538,0.807242232192669,0.7509042141451874,0.03591492330492485,850,0.9796320520648518,0.9746500656227859,0.9957241346176944,0.9978685512079614,0.9815145553527173,0.9858778717732022,0.009217784010008062
0.8553015232086182,0.2906934676171672,0.005287599563598633,0.0001791429925172378,tanh,0.01,True,"(32,)",0.0001,"{'clf__activation': 'tanh', 'clf__alpha': 0.01, 'clf__early_stopping': True, 'clf__hidden_layer_sizes': (32,), 'clf__learning_rate_init': 0.0001}",0.6430609823584963,0.47897127342565793,0.6680061950125925,0.7282410571884256,0.6921215745976511,0.6420802165165647,0.08626178013781904,986,0.6618141509360581,0.6246917646790626,0.7800246607494095,0.8009372042771241,0.7480640426934578,0.7231063646670224,0.06835552160672789
0.4914569854736328,0.07393334881395873,0.005241489410400391,0.0001738682326873711,tanh,0.01,True,"(32,)",0.0005,"{'clf__activation': 'tanh', 'clf__alpha': 0.01, 'clf__early_stopping': True, 'clf__hidden_layer_sizes': (32,), 'clf__learning_rate_init': 0.0005}",0.7694161126100608,0.7443524123039893,0.7122614967475016,0.7703658946538694,0.7395306000973743,0.7471853032825592,0.021530632664774476,866,0.7914101999358569,0.8406495663922262,0.8504974801020645,0.8565249769845089,0.8137269005544968,0.8305618247938307,0.02445216783013175
0.4242681980133057,0.07065235211845763,0.005249834060668946,0.00022693805041480814,tanh,0.01,True,"(32,)",0.001,"{'clf__activation': 'tanh', 'clf__alpha': 0.01, 'clf__early_stopping': True, 'clf__hidden_layer_sizes': (32,), 'clf__learning_rate_init': 0.001}",0.7991272354602699,0.7484550617578141,0.7111658533681829,0.7619602982971648,0.8063284879039219,0.7654073873574707,0.034793598266767777,643,0.8889562959840139,0.8978706558542231,0.8507053215984227,0.8560499363577558,0.8685296405270285,0.8724223700642888,0.018307518011784023
0.23475170135498047,0.024077055828550447,0.005229949951171875,0.00019474697381803392,tanh,0.01,True,"(32,)",0.005,"{'clf__activation': 'tanh', 'clf__alpha': 0.01, 'clf__early_stopping': True, 'clf__hidden_layer_sizes': (32,), 'clf__learning_rate_init': 0.005}",0.7841768530165181,0.749329513845643,0.7188143299812193,0.7283881283881284,0.8181075356306449,0.7597632721724308,0.036797159768109614,761,0.858393366012298,0.9155005483182741,0.8713866508257038,0.8435072837232389,0.8932257068025229,0.8764027111364076,0.025468649642322365
0.2258002758026123,0.01938606622530595,0.005337429046630859,0.00013208177544173972,tanh,0.01,True,"(32,)",0.01,"{'clf__activation': 'tanh', 'clf__alpha': 0.01, 'clf__early_stopping': True, 'clf__hidden_layer_sizes': (32,), 'clf__learning_rate_init': 0.01}",0.7454928843779807,0.736021098000321,0.7386525612646297,0.7447043334086524,0.8207566185827055,0.7571254991268578,0.03201614476188783,800,0.7995551387511384,0.891077226458332,0.8855600799171611,0.8709569463097033,0.8769529732054722,0.8648204729283613,0.033358555477664496
0.8463959217071533,0.16928466355147026,0.005830240249633789,0.0002570275425836063,tanh,0.01,True,"(64,)",0.0001,"{'clf__activation': 'tanh', 'clf__alpha': 0.01, 'clf__early_stopping': True, 'clf__hidden_layer_sizes': (64,), 'clf__learning_rate_init': 0.0001}",0.6735757063347055,0.677622780581902,0.6461946504200026,0.6232156270853642,0.6098547090377474,0.6460926946919444,0.02678068134571844,980,0.7362312663826098,0.7520743464873053,0.7430628897447389,0.6854225746157601,0.659657851526267,0.7152897857513362,0.036193803977023695
0.7967357635498047,0.16786574551895533,0.005835247039794922,0.00025726071313552,tanh,0.01,True,"(64,)",0.0005,"{'clf__activation': 'tanh', 'clf__alpha': 0.01, 'clf__early_stopping': True, 'clf__hidden_layer_sizes': (64,), 'clf__learning_rate_init': 0.0005}",0.7755178452952426,0.756117785544391,0.7314980514026925,0.7034034381119657,0.8176850605799297,0.7568444361868443,0.03885662183538798,811,0.8709404628881896,0.9166227531587852,0.8983245770815973,0.8310838099192386,0.9142866159980279,0.8862516438091678,0.03203760859945342
0.7652328014373779,0.0964808448556355,0.005999231338500976,0.0003756162127822263,tanh,0.01,True,"(64,)",0.001,"{'clf__activation': 'tanh', 'clf__alpha': 0.01, 'clf__early_stopping': True, 'clf__hidden_layer_sizes': (64,), 'clf__learning_rate_init': 0.001}",0.785843199286446,0.7597722699835376,0.7324555172095288,0.7666555069780876,0.8241640419381282,0.7737781070791456,0.030459022374544953,468,0.9384842295954142,0.9345840778116331,0.9341889471554017,0.9113872042161132,0.9225939072838436,0.9282476732124814,0.009964700997453524
0.3819077491760254,0.0679093790038851,0.00582728385925293,0.00018066482114874224,tanh,0.01,True,"(64,)",0.005,"{'clf__activation': 'tanh', 'clf__alpha': 0.01, 'clf__early_stopping': True, 'clf__hidden_layer_sizes': (64,), 'clf__learning_rate_init': 0.005}",0.766388875603807,0.7663350541058915,0.7276366251198466,0.7741618540415892,0.7690480764920236,0.7607140970726316,0.0167822215489721,752,0.9546952763288118,0.8982611506140917,0.952300014117206,0.9259062440455808,0.8265860501301766,0.9115497470471732,0.04716703628234782
0.3991061210632324,0.0605663752882812,0.0059224128723144535,0.00018476252979182095,tanh,0.01,True,"(64,)",0.01,"{'clf__activation': 'tanh', 'clf__alpha': 0.01, 'clf__early_stopping': True, 'clf__hidden_layer_sizes': (64,), 'clf__learning_rate_init': 0.01}",0.785080850522027,0.769928017391785,0.7433109641731567,0.742624866965731,0.826563384794849,0.7735016167695097,0.031071690251486667,472,0.9656361110295986,0.9449415364666112,0.9230226690131226,0.9303167720001684,0.9576119735857842,0.944305812419057,0.01600690572192701
1.4410108566284179,0.12085715645562424,0.007222509384155274,0.0004199747053897744,tanh,0.01,True,"(128,)",0.0001,"{'clf__activation': 'tanh', 'clf__alpha': 0.01, 'clf__early_stopping': True, 'clf__hidden_layer_sizes': (128,), 'clf__learning_rate_init': 0.0001}",0.6941748424495067,0.6997569992731283,0.6867245950403431,0.6706259084956031,0.7338100165962056,0.6970184723709574,0.02084099242173879,956,0.7624194531144024,0.7783548845617722,0.7898556486899048,0.7696656059981053,0.7666764637676018,0.7733944112263572,0.009747442193628686
1.4793898105621337,0.3180143241443937,0.007893610000610351,0.00011589628902679817,tanh,0.01,True,"(128,)",0.0005,"{'clf__activation': 'tanh', 'clf__alpha': 0.01, 'clf__early_stopping': True, 'clf__hidden_layer_sizes': (128,), 'clf__learning_rate_init': 0.0005}",0.7887658473476629,0.7416278234756496,0.728466555678045,0.7422368797368798,0.8320603815139123,0.7666314975504299,0.03859459076420592,608,0.9125550681466127,0.9283469022456893,0.9455634817675718,0.8655776255551213,0.9281292180807204,0.9160344591591432,0.027305094189552334
1.1934441089630128,0.3433874242712402,0.007429885864257813,0.0002590586285529367,tanh,0.01,True,"(128,)",0.001,"{'clf__activation': 'tanh', 'clf__alpha': 0.01, 'clf__early_stopping': True, 'clf__hidden_layer_sizes': (128,), 'clf__learning_rate_init': 0.001}",0.7833006465556315,0.7609003423152316,0.731885464081178,0.7569556034193415,0.8261694914645876,0.7718423095671941,0.03168793571036765,508,0.9690405348749488,0.9241383653928046,0.9753559445303859,0.905650058486334,0.9481005637388615,0.944457093404667,0.026424216690986425
0.6675461292266845,0.1389070257638799,0.007074499130249023,0.00027883884475426394,tanh,0.01,True,"(128,)",0.005,"{'clf__activation': 'tanh', 'clf__alpha': 0.01, 'clf__early_stopping': True, 'clf__hidden_layer_sizes': (128,), 'clf__learning_rate_init': 0.005}",0.7843238951006922,0.7270775798582343,0.7394579571540976,0.7906470781470782,0.7695896334914261,0.7622192287503058,0.024916230587171066,720,0.9687491397875562,0.9722583620448646,0.9539840407288621,0.9192780510213714,0.8834377758339829,0.9395414738833274,0.03373514931500907
0.5622262954711914,0.0730941833204094,0.00750584602355957,0.00023544794497663054,tanh,0.01,True,"(128,)",0.01,"{'clf__activation': 'tanh', 'clf__alpha': 0.01, 'clf__early_stopping': True, 'clf__hidden_layer_sizes': (128,), 'clf__learning_rate_init': 0.01}",0.7949840812226102,0.7208512799954938,0.7575329447586396,0.7640269592901171,0.7437441556054636,0.7562278841744648,0.02437998838245299,819,0.9552450594236372,0.9014926063544509,0.9563756103829966,0.9290416848802462,0.8715212942843147,0.922735251065129,0.03256517110490237
2.3762319087982178,0.36496130111454334,0.009514188766479493,0.0003111097573006907,tanh,0.01,True,"(256,)",0.0001,"{'clf__activation': 'tanh', 'clf__alpha': 0.01, 'clf__early_stopping': True, 'clf__hidden_layer_sizes': (256,), 'clf__learning_rate_init': 0.0001}",0.7174904940395059,0.7411274314444273,0.7120363085351283,0.6808898511755316,0.7958515828081045,0.7294791336005396,0.03834027346755581,926,0.7666382405982205,0.8198577856238163,0.8197757260045433,0.8324884426776076,0.8398407249376519,0.815720183968368,0.025712173499910944
1.614695167541504,0.35739658468302055,0.009559535980224609,0.0002702784604623198,tanh,0.01,True,"(256,)",0.0005,"{'clf__activation': 'tanh', 'clf__alpha': 0.01, 'clf__early_stopping': True, 'clf__hidden_layer_sizes': (256,), 'clf__learning_rate_init': 0.0005}",0.7788546368391959,0.779260645981772,0.7260089920007948,0.7606264508438421,0.7843917112299466,0.7658284873791104,0.021481853414069073,624,0.919861510896634,0.8745938458566032,0.9107707724728116,0.9308759263991823,0.8455431763216317,0.8963290463893726,0.031646329320172195
1.3812141418457031,0.2934687382798554,0.009585189819335937,0.0004122363106254385,tanh,0.01,True,"(256,)",0.001,"{'clf__activation': 'tanh', 'clf__alpha': 0.01, 'clf__early_stopping': True, 'clf__hidden_layer_sizes': (256,), 'clf__learning_rate_init': 0.001}",0.776338828616866,0.7649721125657583,0.713233043844914,0.7454379598441044,0.7898992548449071,0.75797623994331,0.026699692289975804,788,0.9552034271960657,0.933969620970149,0.9153717188063326,0.913620946001825,0.8695035755064058,0.9175338576961556,0.028340869818835192
0.9576842308044433,0.047373422337114245,0.009789800643920899,0.0002776895734356454,tanh,0.01,True,"(256,)",0.005,"{'clf__activation': 'tanh', 'clf__alpha': 0.01, 'clf__early_stopping': True, 'clf__hidden_layer_sizes': (256,), 'clf__learning_rate_init': 0.005}",0.7850389457101191,0.758444767303962,0.7350155630866385,0.7421885309315365,0.802694776116703,0.7646765166297919,0.025629408647019108,664,0.8760459320655173,0.924377541432633,0.9136661350961435,0.9140716980587147,0.908466835907175,0.9073256285120367,0.016469371429586696
1.2242449283599854,0.3361206973216854,0.009415245056152344,0.0005963455899117042,tanh,0.01,True,"(256,)",0.01,"{'clf__activation': 'tanh', 'clf__alpha': 0.01, 'clf__early_stopping': True, 'clf__hidden_layer_sizes': (256,), 'clf__learning_rate_init': 0.01}",0.8086150531077061,0.7678848446299582,0.7665050113766712,0.7582894030236288,0.7866420429942627,0.7775872710264453,0.018078016609405858,401,0.9574736240430933,0.9280329178834203,0.9433662775310798,0.9566222312176424,0.9844131961223588,0.953981649359519,0.01860789285434421
1.2504570007324218,0.19527491925233248,0.00569462776184082,0.0003525196836264064,tanh,0.01,True,"(32, 16)",0.0001,"{'clf__activation': 'tanh', 'clf__alpha': 0.01, 'clf__early_stopping': True, 'clf__hidden_layer_sizes': (32, 16), 'clf__learning_rate_init': 0.0001}",0.7058803409581831,0.652698553397664,0.6628292305489197,0.5904461904700656,0.6404983844294806,0.6504705399608627,0.037229863661377996,976,0.7820603419223986,0.7486401567516053,0.7450762204481504,0.7133723584610552,0.681809669586184,0.7341917494338788,0.03404690781777688
0.5784117698669433,0.053773107658911634,0.005335426330566407,0.000195419398219391,tanh,0.01,True,"(32, 16)",0.0005,"{'clf__activation': 'tanh', 'clf__alpha': 0.01, 'clf__early_stopping': True, 'clf__hidden_layer_sizes': (32, 16), 'clf__learning_rate_init': 0.0005}",0.7570360281273595,0.7423716130428168,0.7141669900247468,0.7160944744843148,0.7612154928026089,0.7381769196963693,0.01984010273780742,895,0.8149935077829639,0.8542482327207277,0.8569866887648578,0.8473168036620977,0.8037056793158499,0.8354501824492994,0.02183663671396833
0.41637210845947265,0.10146743675533079,0.005627679824829102,0.0002599974620817256,tanh,0.01,True,"(32, 16)",0.001,"{'clf__activation': 'tanh', 'clf__alpha': 0.01, 'clf__early_stopping': True, 'clf__hidden_layer_sizes': (32, 16), 'clf__learning_rate_init': 0.001}",0.7869034425584727,0.7115854946574623,0.6935976580154393,0.7296458796458797,0.7300837889435392,0.7303632527641586,0.03131037828878973,925,0.9209232456337356,0.8160917943691542,0.8377444731198479,0.8650259052904092,0.7446069151974573,0.836878466722121,0.05797012695452187
0.24471402168273926,0.03145650485415537,0.007982444763183594,0.005452105362362618,tanh,0.01,True,"(32, 16)",0.005,"{'clf__activation': 'tanh', 'clf__alpha': 0.01, 'clf__early_stopping': True, 'clf__hidden_layer_sizes': (32, 16), 'clf__learning_rate_init': 0.005}",0.7887727496310871,0.7280755011304211,0.7236265646519244,0.7200246434243479,0.7968123561993672,0.7514623630074295,0.033937572169036145,844,0.911789759514809,0.8177146569107282,0.8254895599647982,0.8357286221221789,0.8462562585678088,0.8473957714160647,0.03360017030869004
0.2682789325714111,0.05253810675245782,0.005324268341064453,0.00017660419757726322,tanh,0.01,True,"(32, 16)",0.01,"{'clf__activation': 'tanh', 'clf__alpha': 0.01, 'clf__early_stopping': True, 'clf__hidden_layer_sizes': (32, 16), 'clf__learning_rate_init': 0.01}",0.7661044416418769,0.7260228742753926,0.750952380952381,0.7433189835763365,0.7854918134115442,0.7543780987715063,0.0202169665554282,831,0.9580216678123916,0.930984146271421,0.8491970085959779,0.8269014665856181,0.8651696279411325,0.8860547834413082,0.04998335777485555
1.2708968639373779,0.2928686530232398,0.006138324737548828,0.00032921197929043703,tanh,0.01,True,"(64, 32)",0.0001,"{'clf__activation': 'tanh', 'clf__alpha': 0.01, 'clf__early_stopping': True, 'clf__hidden_layer_sizes': (64, 32), 'clf__learning_rate_init': 0.0001}",0.709549478297824,0.7149968753279714,0.7367563827223863,0.6738219699491174,0.7624059739554718,0.7195061360505541,0.02947703716712439,941,0.7615109528622863,0.7929707256184511,0.8432347062993948,0.7171414417637247,0.8156611539344854,0.7861037960956685,0.04369289937162614
0.8471504211425781,0.11774432526657552,0.006129074096679688,0.00024160663583255678,tanh,0.01,True,"(64, 32)",0.0005,"{'clf__activation': 'tanh', 'clf__alpha': 0.01, 'clf__early_stopping': True, 'clf__hidden_layer_sizes': (64, 32), 'clf__learning_rate_init': 0.0005}",0.779378616335138,0.7564442161887298,0.7530364427137598,0.7590649314322914,0.8341953779755904,0.7764239169291018,0.03031095092323091,420,0.9197947507870536,0.9120329466682694,0.8844678606174832,0.8966491810328727,0.9214267377423175,0.9068742953695994,0.014226206183849226
0.6861153602600097,0.10314853010095548,0.006111907958984375,0.00034253352235305497,tanh,0.01,True,"(64, 32)",0.001,"{'clf__activation': 'tanh', 'clf__alpha': 0.01, 'clf__early_stopping': True, 'clf__hidden_layer_sizes': (64, 32), 'clf__learning_rate_init': 0.001}",0.7761415921880173,0.7393211294614126,0.7607794833822231,0.7564755505931977,0.8301867948040061,0.7725809100857713,0.031099793230851342,489,0.9552548380664708,0.9092519437256078,0.8893851918292802,0.9233570645413607,0.9057702320538616,0.9166038540433163,0.022143974085248846
0.5215142726898193,0.08606429692001635,0.006068754196166992,0.00016305790879561386,tanh,0.01,True,"(64, 32)",0.005,"{'clf__activation': 'tanh', 'clf__alpha': 0.01, 'clf__early_stopping': True, 'clf__hidden_layer_sizes': (64, 32), 'clf__learning_rate_init': 0.005}",0.7574916069448617,0.7552348956122052,0.7482815138233418,0.7576974417649475,0.8385454340438344,0.7714501784378381,0.033720839924553055,517,0.9780068495390517,0.950129971220044,0.9725245080823833,0.9416163181433125,0.9752045610855977,0.9634964416140779,0.014741372512457523
0.5076790809631347,0.13382282698804693,0.006095027923583985,0.0002605295107528161,tanh,0.01,True,"(64, 32)",0.01,"{'clf__activation': 'tanh', 'clf__alpha': 0.01, 'clf__early_stopping': True, 'clf__hidden_layer_sizes': (64, 32), 'clf__learning_rate_init': 0.01}",0.7493044473848003,0.7565143012576536,0.7375787315054112,0.7443502134301134,0.7733666804169324,0.7522228747989822,0.012250908582331462,841,0.9797783878676013,0.9237444685240359,0.9737116656115135,0.9764038679664855,0.8034307655678599,0.9314138311074991,0.06721729652145095
2.2747854709625246,0.8001810313046823,0.008027458190917968,0.00035839442433496506,tanh,0.01,True,"(128, 64)",0.0001,"{'clf__activation': 'tanh', 'clf__alpha': 0.01, 'clf__early_stopping': True, 'clf__hidden_layer_sizes': (128, 64), 'clf__learning_rate_init': 0.0001}",0.76220953285855,0.6430238517770444,0.7231293424606676,0.7432830557830558,0.6952380908349773,0.7133767747428591,0.041599716613638496,946,0.8635393692018293,0.658964489822079,0.8574216475752143,0.872121260890753,0.773902352680777,0.8051898240341305,0.08120764038008907
1.3151063919067383,0.40642283699996024,0.008404541015625,0.0003102118876308921,tanh,0.01,True,"(128, 64)",0.0005,"{'clf__activation': 'tanh', 'clf__alpha': 0.01, 'clf__early_stopping': True, 'clf__hidden_layer_sizes': (128, 64), 'clf__learning_rate_init': 0.0005}",0.7701832205353332,0.770524453024453,0.7435614913000381,0.7582001321734951,0.7558535762483132,0.7596645746563266,0.010045461298809726,763,0.8927207980890703,0.9556637239662358,0.9574294817790465,0.8826621966521393,0.8375072122235443,0.9051966825420072,0.04587047574518803
1.369393539428711,0.1486940241316273,0.008675098419189453,0.0004647261157502346,tanh,0.01,True,"(128, 64)",0.001,"{'clf__activation': 'tanh', 'clf__alpha': 0.01, 'clf__early_stopping': True, 'clf__hidden_layer_sizes': (128, 64), 'clf__learning_rate_init': 0.001}",0.7898033699975586,0.7615300335778781,0.7312476374976375,0.7807168891754608,0.7875549812444266,0.7701705822985924,0.021856545849950296,544,0.9626689810182196,0.9670474048078406,0.9740997116359081,0.9770002536826697,0.962289092324198,0.9686210886937673,0.005970325954783005
0.7770720481872558,0.14993647629825912,0.008142471313476562,0.00042723835039785275,tanh,0.01,True,"(128, 64)",0.005,"{'clf__activation': 'tanh', 'clf__alpha': 0.01, 'clf__early_stopping': True, 'clf__hidden_layer_sizes': (128, 64), 'clf__learning_rate_init': 0.005}",0.7931881120397711,0.7776083463177687,0.7133624968053788,0.7473524365929429,0.7748566541230784,0.7612736091757879,0.028139409998236414,738,0.9649001685144515,0.9747885623158874,0.9601586222015631,0.9503998508142802,0.8808359920831444,0.9462166391858654,0.03362123205662953
0.7077763557434082,0.1635585992213047,0.008235740661621093,0.00035594229521937666,tanh,0.01,True,"(128, 64)",0.01,"{'clf__activation': 'tanh', 'clf__alpha': 0.01, 'clf__early_stopping': True, 'clf__hidden_layer_sizes': (128, 64), 'clf__learning_rate_init': 0.01}",0.7595718987407786,0.7658041593221143,0.7441689490246988,0.7135713310972414,0.8083850250979657,0.7583002726565597,0.030876464485785248,787,0.977719990334341,0.9609482135965661,0.942549760053587,0.8663833235723291,0.9454125838565197,0.9386027742826686,0.0382284619459779
3.1780540466308596,0.5945127933758597,0.011786842346191406,0.0005581218040099353,tanh,0.01,True,"(256, 128)",0.0001,"{'clf__activation': 'tanh', 'clf__alpha': 0.01, 'clf__early_stopping': True, 'clf__hidden_layer_sizes': (256, 128), 'clf__learning_rate_init': 0.0001}",0.7920770837144077,0.7613338902812588,0.6988201499623263,0.7035762483130904,0.7878255104878437,0.7487265765517853,0.04023963474152604,856,0.7958106968998511,0.8745066020130158,0.8826858327708977,0.8498530553618381,0.8806450318470808,0.8567002437785367,0.03261929187707002
1.6334498882293702,0.3126949341127091,0.011791849136352539,0.0008533729973469835,tanh,0.01,True,"(256, 128)",0.0005,"{'clf__activation': 'tanh', 'clf__alpha': 0.01, 'clf__early_stopping': True, 'clf__hidden_layer_sizes': (256, 128), 'clf__learning_rate_init': 0.0005}",0.8144618553198328,0.7707159507159507,0.6765370920369749,0.7407199066884529,0.8059142331373088,0.7616698075797042,0.05002575298022493,729,0.8702731052813413,0.9453447270690669,0.8762707309790172,0.8659494806876232,0.9008605571399422,0.8917397202313981,0.0294004355940804
1.344027853012085,0.23774362393680218,0.01167001724243164,0.0007684197086966855,tanh,0.01,True,"(256, 128)",0.001,"{'clf__activation': 'tanh', 'clf__alpha': 0.01, 'clf__early_stopping': True, 'clf__hidden_layer_sizes': (256, 128), 'clf__learning_rate_init': 0.001}",0.7985641880172162,0.7701164102251656,0.659048374932033,0.7390220688607785,0.7967590498676853,0.7527020183805757,0.0515863695574791,837,0.9394660068656724,0.9439378587398797,0.8523443858153065,0.8796298261538051,0.8845900347375831,0.8999936224624493,0.03580941077548038
1.452277660369873,0.2701024010493864,0.011403942108154297,0.0004873355913342848,tanh,0.01,True,"(256, 128)",0.005,"{'clf__activation': 'tanh', 'clf__alpha': 0.01, 'clf__early_stopping': True, 'clf__hidden_layer_sizes': (256, 128), 'clf__learning_rate_init': 0.005}",0.7996816965288374,0.7416131222878684,0.735127935623856,0.7618795744958382,0.8085220401069567,0.7693648738086714,0.02983538425059582,563,0.9632564279533542,0.9332568110415137,0.9250259347638019,0.9567470781542015,0.9753783641555202,0.9507329232136783,0.018797179265236986
1.3703943729400634,0.22351801587366102,0.011934614181518555,0.0004903711496706653,tanh,0.01,True,"(256, 128)",0.01,"{'clf__activation': 'tanh', 'clf__alpha': 0.01, 'clf__early_stopping': True, 'clf__hidden_layer_sizes': (256, 128), 'clf__learning_rate_init': 0.01}",0.7832022451855425,0.7403963773229828,0.7129654384302807,0.7510534728276664,0.8165102414637361,0.7608255550460418,0.0357908821317202,747,0.9710317572711398,0.8858751042324065,0.9475989504308515,0.8439917658690422,0.9644845151780153,0.922596418596291,0.04950326782124183
1.8247026920318603,0.543290742231332,0.006165456771850586,0.00017684767171379661,tanh,0.01,True,"(64, 32, 16)",0.0001,"{'clf__activation': 'tanh', 'clf__alpha': 0.01, 'clf__early_stopping': True, 'clf__hidden_layer_sizes': (64, 32, 16), 'clf__learning_rate_init': 0.0001}",0.6709673094922156,0.7138168199812035,0.6914542856601467,0.7050839617371876,0.6061955858127995,0.6775035925367107,0.03847467715334198,961,0.7366075975586227,0.8498368207017867,0.8495307470714415,0.8495229823086531,0.6917213243958652,0.7954438944072738,0.06786546569040096
0.8748600006103515,0.15962914622660462,0.006621694564819336,0.00039646804952424747,tanh,0.01,True,"(64, 32, 16)",0.0005,"{'clf__activation': 'tanh', 'clf__alpha': 0.01, 'clf__early_stopping': True, 'clf__hidden_layer_sizes': (64, 32, 16), 'clf__learning_rate_init': 0.0005}",0.7434835159427577,0.7343273020080424,0.7023864994253617,0.7140511677423648,0.8237060455416815,0.7435909061320417,0.04260202045167576,886,0.8429072321032878,0.9081496397109406,0.8821249598803809,0.8249681175183254,0.9365776319835926,0.8789455162393056,0.040979916912868904
0.626891040802002,0.2185907500164829,0.006051445007324218,0.00018266987397167367,tanh,0.01,True,"(64, 32, 16)",0.001,"{'clf__activation': 'tanh', 'clf__alpha': 0.01, 'clf__early_stopping': True, 'clf__hidden_layer_sizes': (64, 32, 16), 'clf__learning_rate_init': 0.001}",0.7446575096222984,0.7467245998273485,0.6895326809095554,0.6999298546383611,0.8006361368489465,0.736296156369302,0.0395667241200488,905,0.8267391227606585,0.9219774789767405,0.8616900648623903,0.8006271280454713,0.9631644493615433,0.8748396488013608,0.060028852775548855
0.5512414932250976,0.19504904868379386,0.006242275238037109,0.000297888725448646,tanh,0.01,True,"(64, 32, 16)",0.005,"{'clf__activation': 'tanh', 'clf__alpha': 0.01, 'clf__early_stopping': True, 'clf__hidden_layer_sizes': (64, 32, 16), 'clf__learning_rate_init': 0.005}",0.7589678106293549,0.759534161761474,0.7284926317974263,0.726690107586334,0.8077726760728663,0.756291477569491,0.02938369782685282,818,0.8430916644526594,0.9297546719361713,0.9884519195844819,0.8928387261453543,0.9759212379580091,0.9260116440153352,0.05362822266190219
0.4442553997039795,0.0668836770023238,0.006209325790405273,0.00018961610515004295,tanh,0.01,True,"(64, 32, 16)",0.01,"{'clf__activation': 'tanh', 'clf__alpha': 0.01, 'clf__early_stopping': True, 'clf__hidden_layer_sizes': (64, 32, 16), 'clf__learning_rate_init': 0.01}",0.7515410865410865,0.7447651368239603,0.7105866486183039,0.7287823990355636,0.807953674232744,0.7487257890503317,0.03281428922702978,860,0.8247237630747338,0.9408990742330128,0.9642905587100616,0.9584719984127045,0.9489506565277543,0.9274672101916535,0.051991201663953344
1.8834314823150635,0.4758792747125882,0.00796666145324707,0.00026215215528366823,tanh,0.01,True,"(128, 64, 32)",0.0001,"{'clf__activation': 'tanh', 'clf__alpha': 0.01, 'clf__early_stopping': True, 'clf__hidden_layer_sizes': (128, 64, 32), 'clf__learning_rate_init': 0.0001}",0.7333902978667196,0.7572188861757206,0.6946150868055329,0.6901939964368332,0.7886634407182352,0.7328163416006084,0.03739174310611383,913,0.8206438468518777,0.8638891663212745,0.7610718628916744,0.8159899780028337,0.8809785600045752,0.8285146828144472,0.04188356417904027
1.1468859672546388,0.24800159685939815,0.008234548568725585,0.0004205265638668484,tanh,0.01,True,"(128, 64, 32)",0.0005,"{'clf__activation': 'tanh', 'clf__alpha': 0.01, 'clf__early_stopping': True, 'clf__hidden_layer_sizes': (128, 64, 32), 'clf__learning_rate_init': 0.0005}",0.7236685026031273,0.7582489187560639,0.7314988162973426,0.7765691179540476,0.8183498281629122,0.7616670367546987,0.03406084121035005,733,0.7766535198425922,0.9522163734538465,0.9185849309179103,0.9047092858046151,0.9405298091264193,0.8985387838290766,0.06315135868410043
0.8064477920532227,0.16903518234640993,0.008009004592895507,0.00020795876024378118,tanh,0.01,True,"(128, 64, 32)",0.001,"{'clf__activation': 'tanh', 'clf__alpha': 0.01, 'clf__early_stopping': True, 'clf__hidden_layer_sizes': (128, 64, 32), 'clf__learning_rate_init': 0.001}",0.766720708957333,0.7535091139771901,0.7260034486061883,0.7450926065119539,0.8291817661644096,0.7641015288434149,0.03512064775282494,675,0.789682568605518,0.9222470199898336,0.8829874580039009,0.8651347928076136,0.9581792011927095,0.8836462081199151,0.05695166675836184
0.8197890281677246,0.25177367350537644,0.008087062835693359,0.00033749935142676703,tanh,0.01,True,"(128, 64, 32)",0.005,"{'clf__activation': 'tanh', 'clf__alpha': 0.01, 'clf__early_stopping': True, 'clf__hidden_layer_sizes': (128, 64, 32), 'clf__learning_rate_init': 0.005}",0.7376329868308743,0.7656308137872267,0.7320120583968766,0.7575741325967145,0.8277555602110607,0.7641211103645507,0.034138240248094434,674,0.7907583564433315,0.9872770721009154,0.8976385238318227,0.9782097511825096,0.9282014422557943,0.9164170291628746,0.07088172241675149
0.6556281566619873,0.0668932013738128,0.007992696762084962,0.00033339472042608417,tanh,0.01,True,"(128, 64, 32)",0.01,"{'clf__activation': 'tanh', 'clf__alpha': 0.01, 'clf__early_stopping': True, 'clf__hidden_layer_sizes': (128, 64, 32), 'clf__learning_rate_init': 0.01}",0.7708669790193596,0.7439239090861809,0.7542857802563179,0.7460681881519089,0.8095825179386824,0.7649454748904899,0.024246307332885592,656,0.8921675249361325,0.9537219982802745,0.8922302177303225,0.8706132985135109,0.9151106456277791,0.9047687370176039,0.028234644864772528
12.918335771560669,0.5567884501066913,0.00596323013305664,0.0004510597639571655,tanh,0.01,False,"(32,)",0.0001,"{'clf__activation': 'tanh', 'clf__alpha': 0.01, 'clf__early_stopping': False, 'clf__hidden_layer_sizes': (32,), 'clf__learning_rate_init': 0.0001}",0.7948466267780909,0.7556566244717748,0.7187993374418956,0.8163478678184561,0.8042199076050353,0.7779740728230505,0.0359048544658239,388,1.0,0.9975489023865322,0.9990795325574398,0.9964491830558417,0.9966291764306716,0.997941358886097,0.0013882273697607677
5.514351844787598,0.735879631827531,0.0056568622589111325,0.0005230265615843758,tanh,0.01,False,"(32,)",0.0005,"{'clf__activation': 'tanh', 'clf__alpha': 0.01, 'clf__early_stopping': False, 'clf__hidden_layer_sizes': (32,), 'clf__learning_rate_init': 0.0005}",0.7719120351056104,0.7613061294456644,0.7153097539996194,0.7785983985182107,0.8107503607503608,0.7675753355638931,0.030904341576117364,588,1.0,1.0,1.0,1.0,1.0,1.0,0.0
3.3410196781158445,0.1242667994956649,0.005387020111083984,0.00011742868012039316,tanh,0.01,False,"(32,)",0.001,"{'clf__activation': 'tanh', 'clf__alpha': 0.01, 'clf__early_stopping': False, 'clf__hidden_layer_sizes': (32,), 'clf__learning_rate_init': 0.001}",0.7915191681130367,0.7627435506975535,0.7140182711269466,0.7803688909379576,0.8113524578743507,0.772000467749969,0.03300671124426683,506,1.0,1.0,1.0,1.0,1.0,1.0,0.0
1.3797783374786377,0.12341982785967309,0.005494832992553711,0.00027025290186298063,tanh,0.01,False,"(32,)",0.005,"{'clf__activation': 'tanh', 'clf__alpha': 0.01, 'clf__early_stopping': False, 'clf__hidden_layer_sizes': (32,), 'clf__learning_rate_init': 0.005}",0.7521970367659303,0.7468434343434344,0.7189533272856053,0.7680111392254559,0.8287682993838061,0.7629546474008464,0.036519634284982054,700,1.0,1.0,1.0,1.0,1.0,1.0,0.0
1.1931608200073243,0.08424405122412043,0.00542755126953125,6.153535029808822e-05,tanh,0.01,False,"(32,)",0.01,"{'clf__activation': 'tanh', 'clf__alpha': 0.01, 'clf__early_stopping': False, 'clf__hidden_layer_sizes': (32,), 'clf__learning_rate_init': 0.01}",0.7751060620481007,0.7530086192876891,0.7355447839001206,0.7732293460684219,0.8222902496999464,0.7718358122008557,0.029085352540986854,512,1.0,1.0,1.0,1.0,1.0,1.0,0.0
16.326797008514404,0.6258309200167635,0.006262874603271485,0.0003526137952845527,tanh,0.01,False,"(64,)",0.0001,"{'clf__activation': 'tanh', 'clf__alpha': 0.01, 'clf__early_stopping': False, 'clf__hidden_layer_sizes': (64,), 'clf__learning_rate_init': 0.0001}",0.7567884019601693,0.7448104670805582,0.726186685079607,0.7586500292308452,0.8251086711092466,0.7623088508920852,0.033462468679600184,717,1.0,1.0,1.0,1.0,1.0,1.0,0.0
5.592665767669677,0.26994769317326184,0.006282997131347656,0.0002685324195006896,tanh,0.01,False,"(64,)",0.0005,"{'clf__activation': 'tanh', 'clf__alpha': 0.01, 'clf__early_stopping': False, 'clf__hidden_layer_sizes': (64,), 'clf__learning_rate_init': 0.0005}",0.7649052790462667,0.7498890217969165,0.729321269793139,0.7616839965629039,0.8261274758411673,0.7663854086080787,0.032370634284603524,610,1.0,1.0,1.0,1.0,1.0,1.0,0.0
3.6633729457855226,0.26858192626052835,0.0059261322021484375,0.0003760782653771011,tanh,0.01,False,"(64,)",0.001,"{'clf__activation': 'tanh', 'clf__alpha': 0.01, 'clf__early_stopping': False, 'clf__hidden_layer_sizes': (64,), 'clf__learning_rate_init': 0.001}",0.7635035138129198,0.7389408733681179,0.7355506543894216,0.7579026146267526,0.8204898470291543,0.7632775006452732,0.030539294330210198,693,1.0,1.0,1.0,1.0,1.0,1.0,0.0
1.6850142002105712,0.07122073704798315,0.005943679809570312,0.0001041860929232412,tanh,0.01,False,"(64,)",0.005,"{'clf__activation': 'tanh', 'clf__alpha': 0.01, 'clf__early_stopping': False, 'clf__hidden_layer_sizes': (64,), 'clf__learning_rate_init': 0.005}",0.7720069832337387,0.7426058195283064,0.7327265637173686,0.7558468970054336,0.8217380322390337,0.7649848591447762,0.03128946874935731,655,1.0,1.0,1.0,1.0,1.0,1.0,0.0
1.5585916996002198,0.07661878853985647,0.0060767650604248045,8.504299479348868e-05,tanh,0.01,False,"(64,)",0.01,"{'clf__activation': 'tanh', 'clf__alpha': 0.01, 'clf__early_stopping': False, 'clf__hidden_layer_sizes': (64,), 'clf__learning_rate_init': 0.01}",0.762884636446955,0.752237388768719,0.7113212416563419,0.7629269301878718,0.8365652832840967,0.7651870960687969,0.04043384837238076,650,1.0,1.0,1.0,1.0,1.0,1.0,0.0
22.549185705184936,0.9569963759285369,0.007702541351318359,0.00032287588698650917,tanh,0.01,False,"(128,)",0.0001,"{'clf__activation': 'tanh', 'clf__alpha': 0.01, 'clf__early_stopping': False, 'clf__hidden_layer_sizes': (128,), 'clf__learning_rate_init': 0.0001}",0.7834464771348653,0.7555991892169712,0.7534904638279606,0.7640283870159168,0.8159434583737806,0.7745015951138989,0.023263256948632613,456,1.0,1.0,1.0,1.0,1.0,1.0,0.0
8.41571011543274,0.23933507509818558,0.007837772369384766,0.0003713148739660577,tanh,0.01,False,"(128,)",0.0005,"{'clf__activation': 'tanh', 'clf__alpha': 0.01, 'clf__early_stopping': False, 'clf__hidden_layer_sizes': (128,), 'clf__learning_rate_init': 0.0005}",0.783907883715241,0.7434468436919784,0.7377068354181031,0.7348810717590238,0.8313828468969785,0.7662650962962649,0.03707504094039611,616,1.0,1.0,1.0,1.0,1.0,1.0,0.0
5.7947368144989015,0.25349798624110054,0.007783842086791992,0.00013681632244503543,tanh,0.01,False,"(128,)",0.001,"{'clf__activation': 'tanh', 'clf__alpha': 0.01, 'clf__early_stopping': False, 'clf__hidden_layer_sizes': (128,), 'clf__learning_rate_init': 0.001}",0.7771336947782735,0.7421426555179047,0.7548044996541069,0.7458926836575344,0.8329714500340011,0.7705889967283641,0.033474336762469296,530,1.0,1.0,1.0,1.0,1.0,1.0,0.0
2.697131299972534,0.1443359205081667,0.007597541809082032,0.00018206305863944694,tanh,0.01,False,"(128,)",0.005,"{'clf__activation': 'tanh', 'clf__alpha': 0.01, 'clf__early_stopping': False, 'clf__hidden_layer_sizes': (128,), 'clf__learning_rate_init': 0.005}",0.7772096076858575,0.7258574543229701,0.7466088252545666,0.7546150051699441,0.821467610376061,0.7651517005618798,0.03260605092414146,651,1.0,1.0,1.0,1.0,1.0,1.0,0.0
3.0823128700256346,0.1232705926012831,0.007788562774658203,0.00022247453775479833,tanh,0.01,False,"(128,)",0.01,"{'clf__activation': 'tanh', 'clf__alpha': 0.01, 'clf__early_stopping': False, 'clf__hidden_layer_sizes': (128,), 'clf__learning_rate_init': 0.01}",0.7714303914735163,0.7594356623768389,0.7710010918029786,0.7737212949637742,0.8150088082551756,0.7781194497744567,0.019103229923447953,386,1.0,1.0,1.0,1.0,1.0,1.0,0.0
31.232845783233643,1.0068107468414835,0.009751844406127929,0.00020371175425629536,tanh,0.01,False,"(256,)",0.0001,"{'clf__activation': 'tanh', 'clf__alpha': 0.01, 'clf__early_stopping': False, 'clf__hidden_layer_sizes': (256,), 'clf__learning_rate_init': 0.0001}",0.7827062486922916,0.7226134937437405,0.7452298335913297,0.7764902109891185,0.8210629498334945,0.769620547369995,0.03367289306788848,551,1.0,1.0,1.0,1.0,1.0,1.0,0.0
11.975611209869385,0.49305721038347444,0.009685707092285157,0.0003890532870972802,tanh,0.01,False,"(256,)",0.0005,"{'clf__activation': 'tanh', 'clf__alpha': 0.01, 'clf__early_stopping': False, 'clf__hidden_layer_sizes': (256,), 'clf__learning_rate_init': 0.0005}",0.7684807023711864,0.7278027020955682,0.748853595022701,0.7624702201222385,0.8316540828384207,0.7678522604900231,0.034828006689516466,580,1.0,1.0,1.0,1.0,1.0,1.0,0.0
8.217329692840575,0.2990912715086226,0.009736585617065429,7.080404016171698e-05,tanh,0.01,False,"(256,)",0.001,"{'clf__activation': 'tanh', 'clf__alpha': 0.01, 'clf__early_stopping': False, 'clf__hidden_layer_sizes': (256,), 'clf__learning_rate_init': 0.001}",0.7644500323065598,0.7409424573461334,0.7414537981086482,0.7623045811750011,0.8282340493612499,0.7674769836595184,0.031964431756345286,590,1.0,1.0,1.0,1.0,1.0,1.0,0.0
4.729397296905518,0.26868873034640584,0.010032987594604493,0.00020928727814410275,tanh,0.01,False,"(256,)",0.005,"{'clf__activation': 'tanh', 'clf__alpha': 0.01, 'clf__early_stopping': False, 'clf__hidden_layer_sizes': (256,), 'clf__learning_rate_init': 0.005}",0.7650132581608486,0.7278952536577101,0.7447784533179149,0.7736443993079064,0.8128555093069929,0.7648373747502746,0.028811166247436862,660,1.0,1.0,1.0,1.0,1.0,1.0,0.0
7.055923748016357,0.44026619578120335,0.00943450927734375,0.0003328422897402715,tanh,0.01,False,"(256,)",0.01,"{'clf__activation': 'tanh', 'clf__alpha': 0.01, 'clf__early_stopping': False, 'clf__hidden_layer_sizes': (256,), 'clf__learning_rate_init': 0.01}",0.7784831240188382,0.7736009109565807,0.7619176084578928,0.766442682753984,0.7973983880730466,0.7755685428520686,0.012316962558923302,439,1.0,1.0,1.0,1.0,1.0,1.0,0.0
13.348105001449586,0.5797541630868573,0.006151676177978516,0.00042503344907811986,tanh,0.01,False,"(32, 16)",0.0001,"{'clf__activation': 'tanh', 'clf__alpha': 0.01, 'clf__early_stopping': False, 'clf__hidden_layer_sizes': (32, 16), 'clf__learning_rate_init': 0.0001}",0.7751735955288811,0.7609111784051896,0.7182241420541423,0.7547294962570619,0.8050114358536771,0.7628099696197904,0.02825108307823235,701,1.0,1.0,1.0,1.0,0.998972207018184,0.9997944414036368,0.0004111171927263957
4.528409099578857,0.15012166600384882,0.0060394287109375,0.0002782649985333151,tanh,0.01,False,"(32, 16)",0.0005,"{'clf__activation': 'tanh', 'clf__alpha': 0.01, 'clf__early_stopping': False, 'clf__hidden_layer_sizes': (32, 16), 'clf__learning_rate_init': 0.0005}",0.778028453721857,0.7635905161209429,0.7355914965312599,0.7566003695439967,0.8041255103548441,0.7675872692545801,0.022823132426574355,587,1.0,1.0,1.0,1.0,1.0,1.0,0.0
2.798228216171265,0.09853428363311205,0.005638027191162109,0.00022509383794859633,tanh,0.01,False,"(32, 16)",0.001,"{'clf__activation': 'tanh', 'clf__alpha': 0.01, 'clf__early_stopping': False, 'clf__hidden_layer_sizes': (32, 16), 'clf__learning_rate_init': 0.001}",0.7639000351967997,0.7714795388754513,0.7339124144238192,0.7679281696112907,0.7968418688230009,0.7668124053860723,0.020078282020927457,601,1.0,1.0,1.0,1.0,1.0,1.0,0.0
1.1542189598083497,0.030997151959497315,0.005836343765258789,0.00013993042941722825,tanh,0.01,False,"(32, 16)",0.005,"{'clf__activation': 'tanh', 'clf__alpha': 0.01, 'clf__early_stopping': False, 'clf__hidden_layer_sizes': (32, 16), 'clf__learning_rate_init': 0.005}",0.7486933101859139,0.7548580908654302,0.7460097121188671,0.7327995439469319,0.802272547028411,0.7569266408291108,0.023789131879472895,805,1.0,1.0,1.0,1.0,1.0,1.0,0.0
0.9221510887145996,0.03840037257863749,0.0056934356689453125,0.00017018831880725172,tanh,0.01,False,"(32, 16)",0.01,"{'clf__activation': 'tanh', 'clf__alpha': 0.01, 'clf__early_stopping': False, 'clf__hidden_layer_sizes': (32, 16), 'clf__learning_rate_init': 0.01}",0.7503170575452561,0.7513334312301212,0.7197466947466948,0.7338570408816222,0.7994904062240509,0.750948926125549,0.026916664639002257,849,1.0,1.0,1.0,1.0,1.0,1.0,0.0
13.402757263183593,0.5955750325000926,0.006751537322998047,0.000200370582464551,tanh,0.01,False,"(64, 32)",0.0001,"{'clf__activation': 'tanh', 'clf__alpha': 0.01, 'clf__early_stopping': False, 'clf__hidden_layer_sizes': (64, 32), 'clf__learning_rate_init': 0.0001}",0.7525432494950153,0.7692101688007594,0.7257167817309327,0.7809865762569387,0.8216820076172079,0.7700277567801708,0.03180596267614886,546,1.0,1.0,1.0,1.0,1.0,1.0,0.0
4.539522933959961,0.13442516860992013,0.006402349472045899,4.6191863058116814e-05,tanh,0.01,False,"(64, 32)",0.0005,"{'clf__activation': 'tanh', 'clf__alpha': 0.01, 'clf__early_stopping': False, 'clf__hidden_layer_sizes': (64, 32), 'clf__learning_rate_init': 0.0005}",0.7744590631604689,0.7663327108812324,0.7324780147244379,0.7797816590081168,0.8183962422389377,0.7742895380026388,0.02752129381838646,458,1.0,1.0,1.0,1.0,1.0,1.0,0.0
2.813287591934204,0.11681615720830345,0.006474733352661133,0.00021455838866864225,tanh,0.01,False,"(64, 32)",0.001,"{'clf__activation': 'tanh', 'clf__alpha': 0.01, 'clf__early_stopping': False, 'clf__hidden_layer_sizes': (64, 32), 'clf__learning_rate_init': 0.001}",0.7716968137408615,0.7556454681284628,0.7317326860303646,0.7823728219108198,0.8188228248975913,0.77205412294162,0.028944695293936278,504,1.0,1.0,1.0,1.0,1.0,1.0,0.0
1.3105563163757323,0.04722939284724577,0.006461811065673828,0.00014145544481242284,tanh,0.01,False,"(64, 32)",0.005,"{'clf__activation': 'tanh', 'clf__alpha': 0.01, 'clf__early_stopping': False, 'clf__hidden_layer_sizes': (64, 32), 'clf__learning_rate_init': 0.005}",0.7833265844128531,0.7434141480187182,0.7363217749724531,0.7504418808160733,0.8499454660085501,0.7726899708457295,0.04184792961252005,484,1.0,1.0,1.0,1.0,1.0,1.0,0.0
1.2278851509094237,0.07743057723386075,0.006756114959716797,0.0002635354520006778,tanh,0.01,False,"(64, 32)",0.01,"{'clf__activation': 'tanh', 'clf__alpha': 0.01, 'clf__early_stopping': False, 'clf__hidden_layer_sizes': (64, 32), 'clf__learning_rate_init': 0.01}",0.7558665068007879,0.7591116980316237,0.7371438878543666,0.7732383650681814,0.8315104928833927,0.7713741901276705,0.0321944734562656,520,1.0,1.0,1.0,1.0,1.0,1.0,0.0
17.76152687072754,0.6477930238589544,0.008312702178955078,0.00037581687014288776,tanh,0.01,False,"(128, 64)",0.0001,"{'clf__activation': 'tanh', 'clf__alpha': 0.01, 'clf__early_stopping': False, 'clf__hidden_layer_sizes': (128, 64), 'clf__learning_rate_init': 0.0001}",0.7686143032468752,0.7597469684612903,0.7391533517978162,0.7701024745519862,0.8117880781819155,0.7698810352479767,0.023684356578320853,549,1.0,1.0,1.0,1.0,1.0,1.0,0.0
6.165591478347778,0.30735099270014754,0.008728647232055664,0.00021699929159814805,tanh,0.01,False,"(128, 64)",0.0005,"{'clf__activation': 'tanh', 'clf__alpha': 0.01, 'clf__early_stopping': False, 'clf__hidden_layer_sizes': (128, 64), 'clf__learning_rate_init': 0.0005}",0.7725097125826861,0.7601962739196781,0.7323167998724116,0.773976308349885,0.8126723596570449,0.7703342908763412,0.025917630404823217,539,1.0,1.0,1.0,1.0,1.0,1.0,0.0
4.181535816192627,0.308120912746523,0.008812475204467773,0.0004130440257434672,tanh,0.01,False,"(128, 64)",0.001,"{'clf__activation': 'tanh', 'clf__alpha': 0.01, 'clf__early_stopping': False, 'clf__hidden_layer_sizes': (128, 64), 'clf__learning_rate_init': 0.001}",0.7760225571274646,0.760535926318154,0.7428193114314559,0.7628087468132909,0.8088248103338647,0.770202270404846,0.02201592682283308,543,1.0,1.0,1.0,1.0,1.0,1.0,0.0
1.888874340057373,0.17052629917178652,0.008251762390136719,0.00016639537189471534,tanh,0.01,False,"(128, 64)",0.005,"{'clf__activation': 'tanh', 'clf__alpha': 0.01, 'clf__early_stopping': False, 'clf__hidden_layer_sizes': (128, 64), 'clf__learning_rate_init': 0.005}",0.7553128099682652,0.7631026543260585,0.771609119010154,0.7893852369551084,0.8380238618253866,0.7834867364169946,0.029527780430978957,306,1.0,1.0,1.0,1.0,1.0,1.0,0.0
3.400763177871704,0.1793835119505941,0.008480548858642578,0.00041999388128685427,tanh,0.01,False,"(128, 64)",0.01,"{'clf__activation': 'tanh', 'clf__alpha': 0.01, 'clf__early_stopping': False, 'clf__hidden_layer_sizes': (128, 64), 'clf__learning_rate_init': 0.01}",0.8022160184828648,0.8003359632344342,0.7780317506230362,0.7659651669085632,0.8358668428867082,0.7964831484271213,0.023960745594380977,52,1.0,1.0,1.0,1.0,1.0,1.0,0.0
24.46270270347595,1.3145646068204089,0.011595773696899413,0.00036557408553810255,tanh,0.01,False,"(256, 128)",0.0001,"{'clf__activation': 'tanh', 'clf__alpha': 0.01, 'clf__early_stopping': False, 'clf__hidden_layer_sizes': (256, 128), 'clf__learning_rate_init': 0.0001}",0.7718033509700177,0.7453733766233767,0.7237036323963548,0.7650067462717653,0.8191679531308358,0.7650110118784701,0.031846652861591974,654,1.0,1.0,1.0,1.0,1.0,1.0,0.0
9.28255467414856,0.5462343966072593,0.012210226058959961,0.0005502213740816602,tanh,0.01,False,"(256, 128)",0.0005,"{'clf__activation': 'tanh', 'clf__alpha': 0.01, 'clf__early_stopping': False, 'clf__hidden_layer_sizes': (256, 128), 'clf__learning_rate_init': 0.0005}",0.7676607944900627,0.7372512280346382,0.7233376354476959,0.7581818790024297,0.8222017712334613,0.7617266616416575,0.03399347725412877,727,1.0,1.0,1.0,1.0,1.0,1.0,0.0
6.932530260086059,0.3485995311629082,0.012323236465454102,0.0006108639213185671,tanh,0.01,False,"(256, 128)",0.001,"{'clf__activation': 'tanh', 'clf__alpha': 0.01, 'clf__early_stopping': False, 'clf__hidden_layer_sizes': (256, 128), 'clf__learning_rate_init': 0.001}",0.7730798445290216,0.7461274606191693,0.723783546185622,0.7582919383743195,0.8276332073965303,0.7657831994209325,0.034885820753460514,635,1.0,1.0,1.0,1.0,1.0,1.0,0.0
4.371941089630127,1.3858102778891204,0.013216543197631835,0.0005734764785124271,tanh,0.01,False,"(256, 128)",0.005,"{'clf__activation': 'tanh', 'clf__alpha': 0.01, 'clf__early_stopping': False, 'clf__hidden_layer_sizes': (256, 128), 'clf__learning_rate_init': 0.005}",0.7803227187324295,0.7786079371844464,0.7536348421624757,0.7715254071889143,0.8329278091575345,0.7834037428851601,0.02650436911699272,308,1.0,0.9971587326607818,1.0,1.0,1.0,0.9994317465321563,0.001136506935687276
7.837273406982422,4.5966613111507275,0.01218557357788086,0.0004028154251439956,tanh,0.01,False,"(256, 128)",0.01,"{'clf__activation': 'tanh', 'clf__alpha': 0.01, 'clf__early_stopping': False, 'clf__hidden_layer_sizes': (256, 128), 'clf__learning_rate_init': 0.01}",0.6010733930772104,0.7682260321815513,0.46144528675016483,0.7752756886183514,0.7576786735277301,0.6727398148310015,0.12379603098472128,970,0.6574183737959187,1.0,0.4502432668695874,0.9968759961704865,0.9918614581213898,0.8192798189914765,0.226438385606295
13.589470863342285,0.8259019010943958,0.006741476058959961,0.00025573014633976135,tanh,0.01,False,"(64, 32, 16)",0.0001,"{'clf__activation': 'tanh', 'clf__alpha': 0.01, 'clf__early_stopping': False, 'clf__hidden_layer_sizes': (64, 32, 16), 'clf__learning_rate_init': 0.0001}",0.7605404645132251,0.7503120665742025,0.713794341169422,0.7534940258154544,0.8307462334953651,0.761777426313534,0.03810688152103501,725,1.0,1.0,1.0,1.0,1.0,1.0,0.0
4.765367317199707,0.1696520299643205,0.006704568862915039,0.00026355437213335407,tanh,0.01,False,"(64, 32, 16)",0.0005,"{'clf__activation': 'tanh', 'clf__alpha': 0.01, 'clf__early_stopping': False, 'clf__hidden_layer_sizes': (64, 32, 16), 'clf__learning_rate_init': 0.0005}",0.7604712969382201,0.7606688219675967,0.7178765123070505,0.7710243517696934,0.8034268779386946,0.762693572184251,0.027372289136759275,710,1.0,1.0,1.0,1.0,1.0,1.0,0.0
2.8962567806243897,0.15988870662260196,0.006612157821655274,9.982499069171447e-05,tanh,0.01,False,"(64, 32, 16)",0.001,"{'clf__activation': 'tanh', 'clf__alpha': 0.01, 'clf__early_stopping': False, 'clf__hidden_layer_sizes': (64, 32, 16), 'clf__learning_rate_init': 0.001}",0.7663821958861419,0.7503451919408296,0.704214566047065,0.7775972456144151,0.7883537918213924,0.7573785982619687,0.02941157667589389,797,1.0,1.0,1.0,1.0,1.0,1.0,0.0
1.3587629795074463,0.10785252190739929,0.007009172439575195,0.00047215091588141434,tanh,0.01,False,"(64, 32, 16)",0.005,"{'clf__activation': 'tanh', 'clf__alpha': 0.01, 'clf__early_stopping': False, 'clf__hidden_layer_sizes': (64, 32, 16), 'clf__learning_rate_init': 0.005}",0.7690652688602932,0.768186858708814,0.7128719034783726,0.7471945996772659,0.8056647814832731,0.7605966824416038,0.030389905009523436,753,1.0,1.0,1.0,0.9964401876610157,1.0,0.9992880375322031,0.0014239249355937123
0.820546293258667,0.10887824107634736,0.006740713119506836,0.00014025373702396124,tanh,0.01,False,"(64, 32, 16)",0.01,"{'clf__activation': 'tanh', 'clf__alpha': 0.01, 'clf__early_stopping': False, 'clf__hidden_layer_sizes': (64, 32, 16), 'clf__learning_rate_init': 0.01}",0.7282819738307782,0.7539343198338525,0.6951054533410896,0.7601758078255785,0.7565153054564342,0.7388025720575466,0.024574975457122637,893,1.0,0.9887435736005957,0.9769620122596545,0.9802913719364243,0.9936891171740387,0.9879372149941428,0.008463561497539985
15.711897945404052,0.4892078285771054,0.008569622039794922,0.00012947578594884817,tanh,0.01,False,"(128, 64, 32)",0.0001,"{'clf__activation': 'tanh', 'clf__alpha': 0.01, 'clf__early_stopping': False, 'clf__hidden_layer_sizes': (128, 64, 32), 'clf__learning_rate_init': 0.0001}",0.7533436040869674,0.7601509032543515,0.7678894498434441,0.7693112348770436,0.8382199202969756,0.7777830224717565,0.030758574031385592,398,1.0,1.0,1.0,1.0,1.0,1.0,0.0
5.491138935089111,0.1730769247166853,0.008605527877807616,0.000408528086247843,tanh,0.01,False,"(128, 64, 32)",0.0005,"{'clf__activation': 'tanh', 'clf__alpha': 0.01, 'clf__early_stopping': False, 'clf__hidden_layer_sizes': (128, 64, 32), 'clf__learning_rate_init': 0.0005}",0.7461315331982532,0.7533941464975947,0.7647494894181067,0.7759482989329995,0.8415327243815616,0.7763512384857032,0.03412813415794482,424,1.0,1.0,1.0,1.0,1.0,1.0,0.0
3.64346923828125,0.0840549417404046,0.008629226684570312,0.0005459060079371352,tanh,0.01,False,"(128, 64, 32)",0.001,"{'clf__activation': 'tanh', 'clf__alpha': 0.01, 'clf__early_stopping': False, 'clf__hidden_layer_sizes': (128, 64, 32), 'clf__learning_rate_init': 0.001}",0.7510622849424887,0.7609889878667906,0.7799215982689371,0.7974389030974709,0.8425381821457867,0.7863899912642948,0.032279391900913924,248,1.0,1.0,1.0,1.0,1.0,1.0,0.0
1.9273727416992188,0.045881142561925416,0.00849013328552246,0.00032385308942207037,tanh,0.01,False,"(128, 64, 32)",0.005,"{'clf__activation': 'tanh', 'clf__alpha': 0.01, 'clf__early_stopping': False, 'clf__hidden_layer_sizes': (128, 64, 32), 'clf__learning_rate_init': 0.005}",0.7695959118564792,0.7500864049744023,0.7757245626415241,0.7792387411713274,0.8231544299075817,0.779560010110263,0.024013595991425878,362,1.0,1.0,1.0,1.0,1.0,1.0,0.0
1.9507915019989013,1.7326027524615406,0.008774948120117188,0.0003764864574184842,tanh,0.01,False,"(128, 64, 32)",0.01,"{'clf__activation': 'tanh', 'clf__alpha': 0.01, 'clf__early_stopping': False, 'clf__hidden_layer_sizes': (128, 64, 32), 'clf__learning_rate_init': 0.01}",0.7679540034769745,0.7584790673025967,0.7430027852514121,0.726155133872966,0.7526306537490245,0.7496443287305948,0.014269318882939445,853,0.9854071825592344,1.0,0.9710654097159329,0.9880834112113919,0.9577612905018205,0.9804634587976759,0.014614323750650903
0.8595341205596924,0.2799108148473405,0.005258989334106445,0.00010809808982274201,tanh,0.1,True,"(32,)",0.0001,"{'clf__activation': 'tanh', 'clf__alpha': 0.1, 'clf__early_stopping': True, 'clf__hidden_layer_sizes': (32,), 'clf__learning_rate_init': 0.0001}",0.6430609823584963,0.47897127342565793,0.6680061950125925,0.7282410571884256,0.6921215745976511,0.6420802165165647,0.08626178013781904,986,0.6618141509360581,0.6246917646790626,0.7800246607494095,0.8009372042771241,0.7498595582206611,0.723465467772463,0.06849027605183786
0.4860397815704346,0.07348189467560251,0.005220746994018555,0.00019397988781922398,tanh,0.1,True,"(32,)",0.0005,"{'clf__activation': 'tanh', 'clf__alpha': 0.1, 'clf__early_stopping': True, 'clf__hidden_layer_sizes': (32,), 'clf__learning_rate_init': 0.0005}",0.7694161126100608,0.7443524123039893,0.7122614967475016,0.7703658946538694,0.7409081737231914,0.7474608180077226,0.021439538463130067,865,0.7914101999358569,0.8406495663922262,0.8504974801020645,0.8565249769845089,0.8148899205871294,0.8307944288003573,0.02429595004178803
0.4112066745758057,0.05506009801136664,0.0049932003021240234,0.00019098831265241918,tanh,0.1,True,"(32,)",0.001,"{'clf__activation': 'tanh', 'clf__alpha': 0.1, 'clf__early_stopping': True, 'clf__hidden_layer_sizes': (32,), 'clf__learning_rate_init': 0.001}",0.7991272354602699,0.7484550617578141,0.7137181021754433,0.7619602982971648,0.8063284879039219,0.7659178371189228,0.034003846253237865,622,0.8902591923034637,0.8964863792853248,0.8507053215984227,0.8569561249981362,0.8685296405270285,0.8725873317424752,0.01801710842155869
0.25991230010986327,0.05137615639227844,0.005202198028564453,0.0001470152138692722,tanh,0.1,True,"(32,)",0.005,"{'clf__activation': 'tanh', 'clf__alpha': 0.1, 'clf__early_stopping': True, 'clf__hidden_layer_sizes': (32,), 'clf__learning_rate_init': 0.005}",0.7907485773602564,0.749329513845643,0.7188143299812193,0.7320336826915774,0.8101163462874861,0.7602084900332364,0.03478258020296565,757,0.8580675791730682,0.9139862905965779,0.8727968822710086,0.8435072837232389,0.944078554524738,0.8864873180577263,0.03718961400764432
0.24337482452392578,0.04025938362528501,0.005519390106201172,0.00016831243981069383,tanh,0.1,True,"(32,)",0.01,"{'clf__activation': 'tanh', 'clf__alpha': 0.1, 'clf__early_stopping': True, 'clf__hidden_layer_sizes': (32,), 'clf__learning_rate_init': 0.01}",0.7454928843779807,0.7365079577669145,0.7309330303881545,0.7501613328238714,0.8207566185827055,0.7567703647879254,0.03269016527874795,815,0.7978815316573293,0.8948953132525609,0.9637753767452958,0.8861967403207298,0.8757617523268527,0.8837021428605538,0.05286106312551067
0.8198181629180908,0.17449931112182435,0.005762910842895508,0.00024353052627160756,tanh,0.1,True,"(64,)",0.0001,"{'clf__activation': 'tanh', 'clf__alpha': 0.1, 'clf__early_stopping': True, 'clf__hidden_layer_sizes': (64,), 'clf__learning_rate_init': 0.0001}",0.6735757063347055,0.677622780581902,0.6461946504200026,0.6232156270853642,0.6098547090377474,0.6460926946919444,0.02678068134571844,980,0.7362312663826098,0.7520743464873053,0.7430628897447389,0.6854225746157601,0.659657851526267,0.7152897857513362,0.036193803977023695
0.8457341194152832,0.20304262370370252,0.005670070648193359,0.0002501907360701694,tanh,0.1,True,"(64,)",0.0005,"{'clf__activation': 'tanh', 'clf__alpha': 0.1, 'clf__early_stopping': True, 'clf__hidden_layer_sizes': (64,), 'clf__learning_rate_init': 0.0005}",0.7755178452952426,0.756117785544391,0.7323577318077851,0.7034034381119657,0.8176850605799297,0.7570163722678627,0.03874583064520137,804,0.8709404628881896,0.9156317417451543,0.9085995652997368,0.8310838099192386,0.9143962265644767,0.8881303612833591,0.032909000436688485
0.7055563449859619,0.08371370978115333,0.00592656135559082,0.00022056888146355065,tanh,0.1,True,"(64,)",0.001,"{'clf__activation': 'tanh', 'clf__alpha': 0.1, 'clf__early_stopping': True, 'clf__hidden_layer_sizes': (64,), 'clf__learning_rate_init': 0.001}",0.7885135697635697,0.7475355147996657,0.7326414168802065,0.7710444647944649,0.8281694213366926,0.7735808775149199,0.03335784213612557,471,0.9374802130305608,0.93290609027116,0.9339479197621582,0.9106589801579368,0.9185168135883862,0.9267020033620404,0.010310574452183863
0.34901156425476076,0.04812242482528402,0.005919408798217773,0.00037807983170294715,tanh,0.1,True,"(64,)",0.005,"{'clf__activation': 'tanh', 'clf__alpha': 0.1, 'clf__early_stopping': True, 'clf__hidden_layer_sizes': (64,), 'clf__learning_rate_init': 0.005}",0.7877621118870084,0.7604831436339315,0.7276366251198466,0.7511389366944615,0.7690480764920236,0.7592137787654544,0.019877885852339235,775,0.9364243785637547,0.898005291340108,0.952300014117206,0.9070195003295018,0.8283573834532714,0.9044213135607684,0.042778975012446964
0.39141201972961426,0.02874181128083466,0.005889034271240235,7.585257774157274e-05,tanh,0.1,True,"(64,)",0.01,"{'clf__activation': 'tanh', 'clf__alpha': 0.1, 'clf__early_stopping': True, 'clf__hidden_layer_sizes': (64,), 'clf__learning_rate_init': 0.01}",0.7855655849227745,0.7741061017521249,0.7341927936533303,0.7451795039950307,0.8211743245518539,0.7720436617750229,0.030839225930485388,505,0.9559105802212275,0.944940490029239,0.9219154868471199,0.9316403357491139,0.9579055230655862,0.9424624831824573,0.013890840479986647
1.452327060699463,0.11302579812363014,0.007502269744873047,0.00024253976010968565,tanh,0.1,True,"(128,)",0.0001,"{'clf__activation': 'tanh', 'clf__alpha': 0.1, 'clf__early_stopping': True, 'clf__hidden_layer_sizes': (128,), 'clf__learning_rate_init': 0.0001}",0.6941748424495067,0.6997569992731283,0.6867245950403431,0.6706259084956031,0.7392573120731526,0.6981079314663468,0.0227872862487905,955,0.7624194531144024,0.7839097938428485,0.7890791422456572,0.7696656059981053,0.7666764637676018,0.7743500917937232,0.010310207990460682
1.386364459991455,0.28430565680755077,0.0075718402862548825,0.00015542986817499522,tanh,0.1,True,"(128,)",0.0005,"{'clf__activation': 'tanh', 'clf__alpha': 0.1, 'clf__early_stopping': True, 'clf__hidden_layer_sizes': (128,), 'clf__learning_rate_init': 0.0005}",0.7851316654133556,0.7416278234756496,0.728466555678045,0.7422368797368798,0.8320603815139123,0.7659046611635685,0.03820313467668975,623,0.9125550681466127,0.9268914857057664,0.9455634817675718,0.8649902687698142,0.927393990065978,0.9154788588911487,0.02733111494285466
1.0177794456481934,0.18090183398854093,0.0076828479766845705,0.00043605592471186445,tanh,0.1,True,"(128,)",0.001,"{'clf__activation': 'tanh', 'clf__alpha': 0.1, 'clf__early_stopping': True, 'clf__hidden_layer_sizes': (128,), 'clf__learning_rate_init': 0.001}",0.7811831100094317,0.7609003423152316,0.7190973440973442,0.7605568316417565,0.8261694914645876,0.7695814239056704,0.03476278259203654,558,0.9517308551287194,0.9236956423128335,0.9227635435376396,0.905650058486334,0.9478068022023778,0.9303293803335808,0.017168579976093397
0.6626543998718262,0.13490194003639894,0.007194995880126953,0.0005402792263385619,tanh,0.1,True,"(128,)",0.005,"{'clf__activation': 'tanh', 'clf__alpha': 0.1, 'clf__early_stopping': True, 'clf__hidden_layer_sizes': (128,), 'clf__learning_rate_init': 0.005}",0.7775418015102481,0.7433110927829237,0.7354781871981707,0.7711726998491705,0.7701306964796413,0.7595268955640309,0.01681603295345655,769,0.9692837047529248,0.9158423761567527,0.969232290939595,0.9587109935670542,0.8834377758339829,0.9393014282500619,0.03418362022316972
0.8076095581054688,0.45322270042346935,0.007508134841918946,0.00025670468070879664,tanh,0.1,True,"(128,)",0.01,"{'clf__activation': 'tanh', 'clf__alpha': 0.1, 'clf__early_stopping': True, 'clf__hidden_layer_sizes': (128,), 'clf__learning_rate_init': 0.01}",0.8025162730852188,0.7172310158284914,0.7444355114105374,0.7653335674652686,0.7290714460148774,0.7517175627608788,0.03007025556788125,843,0.9603424776699426,0.8999424541086468,0.9798448440362811,0.9602866378581153,0.8700682489911749,0.9340969325328322,0.04179426138599056
2.4129162311553953,0.3689921798494804,0.009734106063842774,0.0003976480951948083,tanh,0.1,True,"(256,)",0.0001,"{'clf__activation': 'tanh', 'clf__alpha': 0.1, 'clf__early_stopping': True, 'clf__hidden_layer_sizes': (256,), 'clf__learning_rate_init': 0.0001}",0.7174904940395059,0.7411274314444273,0.7120363085351283,0.6808898511755316,0.7958515828081045,0.7294791336005396,0.03834027346755581,926,0.7666382405982205,0.8198577856238163,0.8197757260045433,0.8324884426776076,0.8398407249376519,0.815720183968368,0.025712173499910944
1.3998642921447755,0.34339340253376455,0.009756326675415039,0.0006718189334332583,tanh,0.1,True,"(256,)",0.0005,"{'clf__activation': 'tanh', 'clf__alpha': 0.1, 'clf__early_stopping': True, 'clf__hidden_layer_sizes': (256,), 'clf__learning_rate_init': 0.0005}",0.7837449957015175,0.779260645981772,0.7217221397687371,0.708594842107966,0.7843917112299466,0.7555428669579879,0.03328094814828266,828,0.9185928565540799,0.8745938458566032,0.9094297550171079,0.8543416695904608,0.8455431763216317,0.8805002606679766,0.029083042735314216
1.4272802352905274,0.4110241766784353,0.009411430358886719,0.0003213005625484148,tanh,0.1,True,"(256,)",0.001,"{'clf__activation': 'tanh', 'clf__alpha': 0.1, 'clf__early_stopping': True, 'clf__hidden_layer_sizes': (256,), 'clf__learning_rate_init': 0.001}",0.778986673618359,0.7433696167764542,0.713233043844914,0.7454379598441044,0.7872058940633109,0.7536466376294285,0.02673798506802956,835,0.9528111344193351,0.9524862023199425,0.9143635811668598,0.913620946001825,0.8695035755064058,0.9205570878828737,0.030830901972926976
1.381180191040039,0.4565379216644814,0.009492444992065429,0.0005406953741132237,tanh,0.1,True,"(256,)",0.005,"{'clf__activation': 'tanh', 'clf__alpha': 0.1, 'clf__early_stopping': True, 'clf__hidden_layer_sizes': (256,), 'clf__learning_rate_init': 0.005}",0.7890622474886791,0.7591717537295664,0.734846813049395,0.7421885309315365,0.7963661689154966,0.7643271028229347,0.024593131612366186,668,0.979382787858819,0.9567047294849294,0.9136661350961435,0.9147433200435424,0.9800738870887236,0.9489141719144316,0.029563587102022882
1.157306432723999,0.22987931579785506,0.011794614791870116,0.005360078899242472,tanh,0.1,True,"(256,)",0.01,"{'clf__activation': 'tanh', 'clf__alpha': 0.1, 'clf__early_stopping': True, 'clf__hidden_layer_sizes': (256,), 'clf__learning_rate_init': 0.01}",0.7748772903094454,0.7736215905793352,0.7754667644474591,0.7487038985825394,0.7785360794521041,0.7702411246741766,0.010889327573949281,542,0.9679781389794917,0.9281312190570734,0.9440757198970003,0.9593721581326862,0.977643850187761,0.9554402172508025,0.017553313866174834
1.1784397125244142,0.19428642848074787,0.005222892761230469,0.0001844429673771435,tanh,0.1,True,"(32, 16)",0.0001,"{'clf__activation': 'tanh', 'clf__alpha': 0.1, 'clf__early_stopping': True, 'clf__hidden_layer_sizes': (32, 16), 'clf__learning_rate_init': 0.0001}",0.7028976472475202,0.652698553397664,0.6430859142716214,0.5904461904700656,0.6404983844294806,0.6459253379632705,0.03579712399238885,985,0.7778169636203358,0.7486401567516053,0.7064522624601463,0.7140370152773975,0.681809669586184,0.7257512135391337,0.033690584119410484
0.5536550998687744,0.037293585055960074,0.005171680450439453,0.00023988461847506592,tanh,0.1,True,"(32, 16)",0.0005,"{'clf__activation': 'tanh', 'clf__alpha': 0.1, 'clf__early_stopping': True, 'clf__hidden_layer_sizes': (32, 16), 'clf__learning_rate_init': 0.0005}",0.7570360281273595,0.7387661884155846,0.7141669900247468,0.7160944744843148,0.7612154928026089,0.737455834770923,0.019739809275866636,904,0.815189689425116,0.8531602759922406,0.8569866887648578,0.8473168036620977,0.8044938484230284,0.8354294612534682,0.02138721704045253
0.39711794853210447,0.1042818204367967,0.0052588462829589845,0.00012353832088038517,tanh,0.1,True,"(32, 16)",0.001,"{'clf__activation': 'tanh', 'clf__alpha': 0.1, 'clf__early_stopping': True, 'clf__hidden_layer_sizes': (32, 16), 'clf__learning_rate_init': 0.001}",0.7869034425584727,0.7115854946574623,0.6936246841353548,0.7296458796458797,0.7300837889435392,0.7303686579881419,0.03130403253422667,924,0.9211967494042359,0.8160917943691542,0.8377444731198479,0.8650259052904092,0.7446069151974573,0.8369331674762209,0.05804948073310092
0.24281086921691894,0.03273318641611353,0.005036258697509765,0.00029466980056652156,tanh,0.1,True,"(32, 16)",0.005,"{'clf__activation': 'tanh', 'clf__alpha': 0.1, 'clf__early_stopping': True, 'clf__hidden_layer_sizes': (32, 16), 'clf__learning_rate_init': 0.005}",0.759052925966433,0.7280755011304211,0.7236265646519244,0.7169937134661801,0.7968123561993672,0.7449122122828651,0.02969707371345169,883,0.9185637501039117,0.8177146569107282,0.8254895599647982,0.8365730164861962,0.847077806396592,0.8490837579724453,0.03613507570738805
0.29413881301879885,0.051451012486782806,0.00544590950012207,0.0001662885345868299,tanh,0.1,True,"(32, 16)",0.01,"{'clf__activation': 'tanh', 'clf__alpha': 0.1, 'clf__early_stopping': True, 'clf__hidden_layer_sizes': (32, 16), 'clf__learning_rate_init': 0.01}",0.7741336925160455,0.7285834266517358,0.7649230466834621,0.7423491929885055,0.8056102783697607,0.7631199274419019,0.026661498377409148,695,0.9789706096178405,0.9316845452696332,0.8768599026721943,0.9253540153769231,0.8787662393432422,0.9183270624559666,0.0379210345131415
1.2614224910736085,0.2574539908256883,0.00628056526184082,0.0004694094214860004,tanh,0.1,True,"(64, 32)",0.0001,"{'clf__activation': 'tanh', 'clf__alpha': 0.1, 'clf__early_stopping': True, 'clf__hidden_layer_sizes': (64, 32), 'clf__learning_rate_init': 0.0001}",0.7125432856134277,0.7149968753279714,0.7367563827223863,0.6738219699491174,0.7624059739554718,0.7201048975136748,0.029298574289259745,939,0.7754643986542599,0.7929707256184511,0.8432347062993948,0.7171414417637247,0.8156611539344854,0.788894485254063,0.042461267967916064
0.8459955215454101,0.11797297225034066,0.006313133239746094,0.00015531826965272885,tanh,0.1,True,"(64, 32)",0.0005,"{'clf__activation': 'tanh', 'clf__alpha': 0.1, 'clf__early_stopping': True, 'clf__hidden_layer_sizes': (64, 32), 'clf__learning_rate_init': 0.0005}",0.779378616335138,0.7564442161887298,0.7530364427137598,0.7625769576053129,0.8398125475043956,0.7782497560694672,0.03208763302682647,385,0.918732659000662,0.9120329466682694,0.8831819457595644,0.8890637593428918,0.9214267377423175,0.904887609702741,0.015734128982230512
0.6258611679077148,0.10451543459602913,0.006047868728637695,0.0001133875850061212,tanh,0.1,True,"(64, 32)",0.001,"{'clf__activation': 'tanh', 'clf__alpha': 0.1, 'clf__early_stopping': True, 'clf__hidden_layer_sizes': (64, 32), 'clf__learning_rate_init': 0.001}",0.7799756434293101,0.7350863403610021,0.7638873869132373,0.7564755505931977,0.8301867948040061,0.7731223432201506,0.03197641941987747,478,0.9552548380664708,0.9092519437256078,0.8893851918292802,0.9233570645413607,0.9034980213882704,0.916149411910198,0.02238365849163523
0.4914670944213867,0.05701545279701185,0.005865287780761719,0.00027956932086722994,tanh,0.1,True,"(64, 32)",0.005,"{'clf__activation': 'tanh', 'clf__alpha': 0.1, 'clf__early_stopping': True, 'clf__hidden_layer_sizes': (64, 32), 'clf__learning_rate_init': 0.005}",0.783462545037161,0.7546753246753246,0.7478501751623878,0.7755060851941511,0.8319740532112934,0.7786936366560636,0.02966447096135177,375,0.9511326999706253,0.9508597255688861,0.9725245080823833,0.9626215173309471,0.9764510196083885,0.9627178941122461,0.01057932499205728
0.4649809837341309,0.10306658268691378,0.005984735488891601,8.881537215066628e-05,tanh,0.1,True,"(64, 32)",0.01,"{'clf__activation': 'tanh', 'clf__alpha': 0.1, 'clf__early_stopping': True, 'clf__hidden_layer_sizes': (64, 32), 'clf__learning_rate_init': 0.01}",0.7536398918744346,0.7548606247993772,0.7394854520217892,0.7619199528566536,0.7733666804169324,0.7566545203938374,0.011082454844806713,816,0.9751984903841631,0.9213480045518839,0.9746120742810449,0.9771109737350943,0.8026575958339617,0.9301854277572297,0.06714664184855205
2.310935640335083,0.8352322425422966,0.00837879180908203,0.00013497367458083313,tanh,0.1,True,"(128, 64)",0.0001,"{'clf__activation': 'tanh', 'clf__alpha': 0.1, 'clf__early_stopping': True, 'clf__hidden_layer_sizes': (128, 64), 'clf__learning_rate_init': 0.0001}",0.76220953285855,0.6430238517770444,0.7231293424606676,0.7474442627966118,0.6952380908349773,0.7142090161455702,0.04222659607297414,945,0.8635393692018293,0.658964489822079,0.8574216475752143,0.872121260890753,0.773902352680777,0.8051898240341305,0.08120764038008907
1.3591528415679932,0.43434301974567835,0.008193540573120116,0.0003523958678602886,tanh,0.1,True,"(128, 64)",0.0005,"{'clf__activation': 'tanh', 'clf__alpha': 0.1, 'clf__early_stopping': True, 'clf__hidden_layer_sizes': (128, 64), 'clf__learning_rate_init': 0.0005}",0.7701832205353332,0.778263192230811,0.7435614913000381,0.7582001321734951,0.7558535762483132,0.7612123224975982,0.012004586324734686,741,0.8915259501266901,0.9556637239662358,0.9513970236953577,0.8811249887701786,0.8375072122235443,0.9034437797564012,0.044753167954306464
1.2167754173278809,0.2844525479812154,0.008142423629760743,0.00030935673435211227,tanh,0.1,True,"(128, 64)",0.001,"{'clf__activation': 'tanh', 'clf__alpha': 0.1, 'clf__early_stopping': True, 'clf__hidden_layer_sizes': (128, 64), 'clf__learning_rate_init': 0.001}",0.7844086730879184,0.7599787732140673,0.7312476374976375,0.7911047120704519,0.7811612371728662,0.7695802066085882,0.02181229653343448,559,0.9614973901541449,0.9670474048078406,0.9740997116359081,0.9495100348914507,0.8813342311662673,0.9466977545311224,0.03365799709318586
0.7233753204345703,0.09478851866599448,0.007997941970825196,0.00047757090857921476,tanh,0.1,True,"(128, 64)",0.005,"{'clf__activation': 'tanh', 'clf__alpha': 0.1, 'clf__early_stopping': True, 'clf__hidden_layer_sizes': (128, 64), 'clf__learning_rate_init': 0.005}",0.79663638790184,0.7735499919854999,0.7108170135972777,0.7607006177901701,0.776331371955453,0.7636070766460481,0.028799107341633,689,0.9645972152718197,0.9652904523336553,0.9594604778819681,0.9489231535505548,0.8808359920831444,0.9438214582242285,0.03203224926550931
0.763800048828125,0.1537434520518539,0.00807948112487793,0.0002545851137408356,tanh,0.1,True,"(128, 64)",0.01,"{'clf__activation': 'tanh', 'clf__alpha': 0.1, 'clf__early_stopping': True, 'clf__hidden_layer_sizes': (128, 64), 'clf__learning_rate_init': 0.01}",0.7683152164265872,0.7718910943803711,0.7626293825330148,0.7162404569070806,0.8025421399207806,0.7643236580335668,0.027744245490094015,669,0.9783842996919486,0.9766582162122053,0.9386283716576342,0.860806884886335,0.9572182540213703,0.9423392052938986,0.04326596581362145
3.1891414642333986,0.6157463560639795,0.011282873153686524,0.00046821957323078486,tanh,0.1,True,"(256, 128)",0.0001,"{'clf__activation': 'tanh', 'clf__alpha': 0.1, 'clf__early_stopping': True, 'clf__hidden_layer_sizes': (256, 128), 'clf__learning_rate_init': 0.0001}",0.7920770837144077,0.7613338902812588,0.6992563998374645,0.7035762483130904,0.7878255104878437,0.748813826526813,0.04013165814437153,855,0.7958106968998511,0.8745066020130158,0.8915385404240419,0.8558793025953644,0.8810798367797817,0.8597629957424111,0.0340189549433782
1.6355737686157226,0.2717442427305978,0.01196303367614746,0.0006656241199634224,tanh,0.1,True,"(256, 128)",0.0005,"{'clf__activation': 'tanh', 'clf__alpha': 0.1, 'clf__early_stopping': True, 'clf__hidden_layer_sizes': (256, 128), 'clf__learning_rate_init': 0.0005}",0.8144618553198328,0.7665069363549719,0.6765370920369749,0.7407199066884529,0.8059142331373088,0.7608280047075082,0.04990170689457685,746,0.8702731052813413,0.9453447270690669,0.875517548656551,0.8669647613956907,0.9008605571399422,0.8917921399085185,0.02930681039688493
1.3635449409484863,0.21272867245667001,0.01206378936767578,0.0006706409654216182,tanh,0.1,True,"(256, 128)",0.001,"{'clf__activation': 'tanh', 'clf__alpha': 0.1, 'clf__early_stopping': True, 'clf__hidden_layer_sizes': (256, 128), 'clf__learning_rate_init': 0.001}",0.8026523727318342,0.7701164102251656,0.659048374932033,0.7427217796483851,0.7967590498676853,0.7542595974810207,0.052149402296971605,832,0.9394660068656724,0.9427427216560595,0.8523443858153065,0.8796298261538051,0.883848777629065,0.8996063436239817,0.03558256498819819
1.5158232688903808,0.23803012990412703,0.011984777450561524,0.0007466031327453942,tanh,0.1,True,"(256, 128)",0.005,"{'clf__activation': 'tanh', 'clf__alpha': 0.1, 'clf__early_stopping': True, 'clf__hidden_layer_sizes': (256, 128), 'clf__learning_rate_init': 0.005}",0.7884691263742383,0.7743581762826464,0.7466204149007585,0.7597312276359331,0.7997126635455557,0.7737783217478265,0.019097742346344555,467,0.9657034230115401,0.9744113186680565,0.9783914978688333,0.9623353187117933,0.874949705729108,0.9511582527978663,0.0385398135303712
1.962405014038086,0.7094928244919133,0.011538028717041016,0.000436418888725648,tanh,0.1,True,"(256, 128)",0.01,"{'clf__activation': 'tanh', 'clf__alpha': 0.1, 'clf__early_stopping': True, 'clf__hidden_layer_sizes': (256, 128), 'clf__learning_rate_init': 0.01}",0.808756727557463,0.7604686337713862,0.7410425427764057,0.7669390287366185,0.8061254943282841,0.7766664854340315,0.02654684895550139,419,0.9672561684004394,0.9840933529181906,0.9421961792480399,0.9804794105529493,0.9669974276110432,0.9682045077461325,0.01470998423554726
1.8659470081329346,0.5505380215195242,0.006381320953369141,0.00012879621446115492,tanh,0.1,True,"(64, 32, 16)",0.0001,"{'clf__activation': 'tanh', 'clf__alpha': 0.1, 'clf__early_stopping': True, 'clf__hidden_layer_sizes': (64, 32, 16), 'clf__learning_rate_init': 0.0001}",0.6709673094922156,0.7138168199812035,0.6914542856601467,0.7090407368580699,0.6070838850881956,0.6784726074159663,0.03874229482618991,960,0.7366075975586227,0.8498368207017867,0.8495307470714415,0.840329334185584,0.6917213243958652,0.7936051647826601,0.06648587442391052
0.8833049774169922,0.1906847777382072,0.006484031677246094,0.0003547161781369118,tanh,0.1,True,"(64, 32, 16)",0.0005,"{'clf__activation': 'tanh', 'clf__alpha': 0.1, 'clf__early_stopping': True, 'clf__hidden_layer_sizes': (64, 32, 16), 'clf__learning_rate_init': 0.0005}",0.7405696903360455,0.7343273020080424,0.6980785659032052,0.7217418546365915,0.8237060455416815,0.7436846916851132,0.04257249782332381,885,0.8351279248991331,0.9068273963140538,0.8813874063268424,0.8247959080912015,0.9356654785824238,0.876760822842731,0.04202097842547075
0.7045526504516602,0.20725096519423153,0.006427907943725586,0.00038757034407681034,tanh,0.1,True,"(64, 32, 16)",0.001,"{'clf__activation': 'tanh', 'clf__alpha': 0.1, 'clf__early_stopping': True, 'clf__hidden_layer_sizes': (64, 32, 16), 'clf__learning_rate_init': 0.001}",0.7446575096222984,0.7465969681799719,0.6895326809095554,0.7460351548957218,0.8036893369648872,0.746102330114487,0.03610740991746028,874,0.8267391227606585,0.9089481636593811,0.862887471029894,0.9310997497789182,0.9624481268157337,0.8984245268089172,0.048330358934185566
0.46616015434265134,0.09843263820875245,0.006261110305786133,0.0002745382225714851,tanh,0.1,True,"(64, 32, 16)",0.005,"{'clf__activation': 'tanh', 'clf__alpha': 0.1, 'clf__early_stopping': True, 'clf__hidden_layer_sizes': (64, 32, 16), 'clf__learning_rate_init': 0.005}",0.7589678106293549,0.7621750431440081,0.743224775284576,0.726690107586334,0.7885476891271593,0.7559210851542865,0.020632673832279545,825,0.8442715089134621,0.9288949188022833,0.924514215096439,0.8918103274300745,0.9744644311625359,0.9127910802809589,0.04320993257240817
0.5648949623107911,0.1541015408903343,0.006247282028198242,0.00018228431195262617,tanh,0.1,True,"(64, 32, 16)",0.01,"{'clf__activation': 'tanh', 'clf__alpha': 0.1, 'clf__early_stopping': True, 'clf__hidden_layer_sizes': (64, 32, 16), 'clf__learning_rate_init': 0.01}",0.7578696191951226,0.7452632461435279,0.7382645696604793,0.7086299628211657,0.7886732801250407,0.7477401355890672,0.026090824841908628,863,0.9566759502203561,0.9696302684238486,0.9012190392441323,0.9724528788130036,0.973801299467546,0.9547558872337772,0.027448275677848064
1.9115578651428222,0.41620396425372186,0.008204841613769531,0.00028836888683035357,tanh,0.1,True,"(128, 64, 32)",0.0001,"{'clf__activation': 'tanh', 'clf__alpha': 0.1, 'clf__early_stopping': True, 'clf__hidden_layer_sizes': (128, 64, 32), 'clf__learning_rate_init': 0.0001}",0.7333902978667196,0.7572188861757206,0.6946150868055329,0.6901939964368332,0.7886634407182352,0.7328163416006084,0.03739174310611383,913,0.8206438468518777,0.8638891663212745,0.7609884773005976,0.815777007701175,0.8795875444046175,0.8281772085159085,0.04157693756642551
1.0847697734832764,0.23702977114329685,0.008195018768310547,0.00019153211388833524,tanh,0.1,True,"(128, 64, 32)",0.0005,"{'clf__activation': 'tanh', 'clf__alpha': 0.1, 'clf__early_stopping': True, 'clf__hidden_layer_sizes': (128, 64, 32), 'clf__learning_rate_init': 0.0005}",0.7236685026031273,0.7582489187560639,0.7314988162973426,0.7765691179540476,0.7759504831776916,0.7531871677576547,0.02205557357512932,836,0.7766535198425922,0.9524197430171875,0.9185849309179103,0.9047092858046151,0.8655553447486114,0.8835845648661833,0.060280780315863695
0.8325786113739013,0.156612469867771,0.00831756591796875,0.00046754296975492273,tanh,0.1,True,"(128, 64, 32)",0.001,"{'clf__activation': 'tanh', 'clf__alpha': 0.1, 'clf__early_stopping': True, 'clf__hidden_layer_sizes': (128, 64, 32), 'clf__learning_rate_init': 0.001}",0.766720708957333,0.7535091139771901,0.7260034486061883,0.7450926065119539,0.8291817661644096,0.7641015288434149,0.03512064775282494,675,0.789682568605518,0.9222470199898336,0.883350413847247,0.8651347928076136,0.9581792011927095,0.8837187992885844,0.05695101215593106
0.9226297378540039,0.26714686195465603,0.007860136032104493,0.00045041714383816045,tanh,0.1,True,"(128, 64, 32)",0.005,"{'clf__activation': 'tanh', 'clf__alpha': 0.1, 'clf__early_stopping': True, 'clf__hidden_layer_sizes': (128, 64, 32), 'clf__learning_rate_init': 0.005}",0.7733430323012592,0.7625157787948487,0.7351659102715902,0.7448299013810504,0.8299866615840379,0.7691682568665572,0.033193606879961673,571,0.9871875192256424,0.9548723270852425,0.8987047583278278,0.9794036064530014,0.9293271933258758,0.9498990808835179,0.03264885621420145
0.7489080905914307,0.15335980406844965,0.007973527908325196,0.00034025612801840267,tanh,0.1,True,"(128, 64, 32)",0.01,"{'clf__activation': 'tanh', 'clf__alpha': 0.1, 'clf__early_stopping': True, 'clf__hidden_layer_sizes': (128, 64, 32), 'clf__learning_rate_init': 0.01}",0.7510425633668102,0.7815551174347786,0.7594657901598468,0.7530600866330746,0.8112421909019454,0.7712731496992912,0.022731692167881963,522,0.982792621564979,0.9581902699292092,0.893447950630593,0.8662035056127433,0.9143677137215461,0.9230004122918141,0.04239621316452735
13.033357238769531,0.5144013097247884,0.00598597526550293,0.00030692359974306854,tanh,0.1,False,"(32,)",0.0001,"{'clf__activation': 'tanh', 'clf__alpha': 0.1, 'clf__early_stopping': False, 'clf__hidden_layer_sizes': (32,), 'clf__learning_rate_init': 0.0001}",0.7984180553495195,0.7556566244717748,0.7191190351895849,0.817814031809975,0.7984855263452617,0.777898654633223,0.03574312240263281,394,0.9989708544348852,0.9975489023865322,0.9962246514767523,0.9964491830558417,0.9966291764306716,0.9971645535569366,0.0010091824835963584
5.638824319839477,0.26884424731493073,0.005366468429565429,0.00013631711059765796,tanh,0.1,False,"(32,)",0.0005,"{'clf__activation': 'tanh', 'clf__alpha': 0.1, 'clf__early_stopping': False, 'clf__hidden_layer_sizes': (32,), 'clf__learning_rate_init': 0.0005}",0.7819517321795698,0.7536158158277975,0.7194310650878516,0.7794870779013643,0.8042199076050353,0.7677411197203238,0.02899653977371807,586,1.0,1.0,1.0,1.0,1.0,1.0,0.0
4.204516839981079,0.42013329398507326,0.005487823486328125,0.00015873189212549125,tanh,0.1,False,"(32,)",0.001,"{'clf__activation': 'tanh', 'clf__alpha': 0.1, 'clf__early_stopping': False, 'clf__hidden_layer_sizes': (32,), 'clf__learning_rate_init': 0.001}",0.7785848733618295,0.7612127112972115,0.7245081222634002,0.7828663839572882,0.8095048668182083,0.7713353915395875,0.028063105384213194,521,1.0,1.0,1.0,1.0,1.0,1.0,0.0
1.7679916381835938,0.2746658999087155,0.005584335327148438,0.00018469427894352022,tanh,0.1,False,"(32,)",0.005,"{'clf__activation': 'tanh', 'clf__alpha': 0.1, 'clf__early_stopping': False, 'clf__hidden_layer_sizes': (32,), 'clf__learning_rate_init': 0.005}",0.7367951417319765,0.7830746467167229,0.7437518409075793,0.7687368222183328,0.8387863338618928,0.7742289570873009,0.03634889216783475,459,0.9992893709207822,0.9695726154683189,1.0,1.0,1.0,0.9937723972778201,0.012103020654369828
0.9340322971343994,0.1105902964026121,0.005451011657714844,8.796132223748708e-05,tanh,0.1,False,"(32,)",0.01,"{'clf__activation': 'tanh', 'clf__alpha': 0.1, 'clf__early_stopping': False, 'clf__hidden_layer_sizes': (32,), 'clf__learning_rate_init': 0.01}",0.7497843439872426,0.7588159847576814,0.7147349505840073,0.7364324321130553,0.797346262448272,0.7514227947780517,0.02733868155694845,845,0.9021266702330675,0.992992734878499,0.9680321012542403,0.972302622375443,0.9200057952643671,0.9510919848011234,0.034224215869658146
16.808903789520265,0.953120123689668,0.006194257736206054,0.00038452266700502217,tanh,0.1,False,"(64,)",0.0001,"{'clf__activation': 'tanh', 'clf__alpha': 0.1, 'clf__early_stopping': False, 'clf__hidden_layer_sizes': (64,), 'clf__learning_rate_init': 0.0001}",0.7609002764341521,0.7514271836972749,0.7370934301968785,0.7624256380592623,0.8251086711092466,0.7673910398993629,0.03023540982622908,591,1.0,1.0,1.0,1.0,1.0,1.0,0.0
7.506711721420288,0.9124808299318897,0.006183052062988281,0.0001868591281921085,tanh,0.1,False,"(64,)",0.0005,"{'clf__activation': 'tanh', 'clf__alpha': 0.1, 'clf__early_stopping': False, 'clf__hidden_layer_sizes': (64,), 'clf__learning_rate_init': 0.0005}",0.7612808553842249,0.7689214058392141,0.7339019206800678,0.7685121022904279,0.8170757677824322,0.7699384103952733,0.026827526774882468,547,1.0,1.0,1.0,1.0,1.0,1.0,0.0
6.216878271102905,0.8105979281184488,0.006334924697875976,0.00038136855214251225,tanh,0.1,False,"(64,)",0.001,"{'clf__activation': 'tanh', 'clf__alpha': 0.1, 'clf__early_stopping': False, 'clf__hidden_layer_sizes': (64,), 'clf__learning_rate_init': 0.001}",0.759486464447448,0.7619348215947177,0.754786352145507,0.7685504081564014,0.8146449233899167,0.7718805939467982,0.021838607769751307,507,1.0,1.0,1.0,1.0,1.0,1.0,0.0
1.9135118007659913,0.15103985796675262,0.005865764617919922,0.00018752735399490795,tanh,0.1,False,"(64,)",0.005,"{'clf__activation': 'tanh', 'clf__alpha': 0.1, 'clf__early_stopping': False, 'clf__hidden_layer_sizes': (64,), 'clf__learning_rate_init': 0.005}",0.750819327289765,0.7724256219118639,0.7248066934496284,0.7579475055231828,0.7825455505879003,0.7577089397524681,0.019816757842075504,792,0.9955387087213565,0.9826512616889134,0.9451021935849252,0.986308156539356,0.9894745698541237,0.9798149780777349,0.017864639359032097
1.1199085235595703,0.1299345427630216,0.005953931808471679,0.00029207490778978363,tanh,0.1,False,"(64,)",0.01,"{'clf__activation': 'tanh', 'clf__alpha': 0.1, 'clf__early_stopping': False, 'clf__hidden_layer_sizes': (64,), 'clf__learning_rate_init': 0.01}",0.7666571290647822,0.7477177541152134,0.7427465152297368,0.7145747860224942,0.8241912040821889,0.759177477702883,0.03653335927574789,777,0.9990825960013635,0.8975348436152846,0.9895334763493828,0.9506337981550588,1.0,0.9673569428242178,0.03929039067267829
26.11482834815979,1.6100277423864215,0.007898378372192382,0.00029478516632416423,tanh,0.1,False,"(128,)",0.0001,"{'clf__activation': 'tanh', 'clf__alpha': 0.1, 'clf__early_stopping': False, 'clf__hidden_layer_sizes': (128,), 'clf__learning_rate_init': 0.0001}",0.787014419015412,0.7447241785661387,0.7751463070008568,0.7651069402007857,0.8220582046076319,0.7788100098781651,0.025693420987628137,374,1.0,1.0,1.0,1.0,1.0,1.0,0.0
16.84533863067627,1.4908219375675413,0.007679080963134766,0.0002156100083896826,tanh,0.1,False,"(128,)",0.0005,"{'clf__activation': 'tanh', 'clf__alpha': 0.1, 'clf__early_stopping': False, 'clf__hidden_layer_sizes': (128,), 'clf__learning_rate_init': 0.0005}",0.7945156111612491,0.7586260135566548,0.7534747846691756,0.7835570638511814,0.8314415294899077,0.7843230005456338,0.02805914932112576,290,1.0,1.0,1.0,1.0,1.0,1.0,0.0
12.625639152526855,0.9328868333606064,0.007320213317871094,0.00019763829739506605,tanh,0.1,False,"(128,)",0.001,"{'clf__activation': 'tanh', 'clf__alpha': 0.1, 'clf__early_stopping': False, 'clf__hidden_layer_sizes': (128,), 'clf__learning_rate_init': 0.001}",0.804031939519759,0.7725304432376655,0.7441586715862571,0.7788981198540023,0.8357902113063205,0.7870818771008008,0.03092224480491239,235,1.0,1.0,1.0,1.0,1.0,1.0,0.0
3.081445550918579,0.45303200013693395,0.007939004898071289,0.00038290096843455047,tanh,0.1,False,"(128,)",0.005,"{'clf__activation': 'tanh', 'clf__alpha': 0.1, 'clf__early_stopping': False, 'clf__hidden_layer_sizes': (128,), 'clf__learning_rate_init': 0.005}",0.7547219933760219,0.7300063341119066,0.7803874114016641,0.7606203153269578,0.7872673561518098,0.7626006820736719,0.020264252551539807,711,0.9471943362249333,0.9433805126930417,0.9805507911259317,1.0,0.9419547363840858,0.9626160752855986,0.02346887167477856
1.6109874725341797,0.20350970869343857,0.007597541809082032,0.0001935148656836729,tanh,0.1,False,"(128,)",0.01,"{'clf__activation': 'tanh', 'clf__alpha': 0.1, 'clf__early_stopping': False, 'clf__hidden_layer_sizes': (128,), 'clf__learning_rate_init': 0.01}",0.7805813548387807,0.7239788211762872,0.7267123287671232,0.7036951039389073,0.7986881177148428,0.7467311452871883,0.03637550217598993,873,0.9895642383383576,0.9851812070970664,0.9899162355686505,0.9850879217710207,0.9801001701032523,0.9859699545756696,0.0035873802042269078
46.925839471817014,0.8931298892092951,0.006279754638671875,0.0013773202927071433,tanh,0.1,False,"(256,)",0.0001,"{'clf__activation': 'tanh', 'clf__alpha': 0.1, 'clf__early_stopping': False, 'clf__hidden_layer_sizes': (256,), 'clf__learning_rate_init': 0.0001}",0.7830188601953201,0.7505131398282083,0.7320795957827321,0.7719366405951772,0.8350984797531831,0.7745293432309241,0.035003352378291205,455,1.0,1.0,1.0,1.0,1.0,1.0,0.0
27.723593187332153,1.531608670601069,0.010489082336425782,0.00041765743416353985,tanh,0.1,False,"(256,)",0.0005,"{'clf__activation': 'tanh', 'clf__alpha': 0.1, 'clf__early_stopping': False, 'clf__hidden_layer_sizes': (256,), 'clf__learning_rate_init': 0.0005}",0.7876541338372752,0.7609004397664192,0.7377829544461576,0.7950120540335154,0.8464651299224157,0.7855629424011566,0.036589346871257936,269,1.0,1.0,1.0,1.0,1.0,1.0,0.0
18.36980094909668,2.0446009182253055,0.009701919555664063,0.00044092911570903345,tanh,0.1,False,"(256,)",0.001,"{'clf__activation': 'tanh', 'clf__alpha': 0.1, 'clf__early_stopping': False, 'clf__hidden_layer_sizes': (256,), 'clf__learning_rate_init': 0.001}",0.7858211193162649,0.7678254302250523,0.7308599874065126,0.7920851952240888,0.8331713468852844,0.7819526158114405,0.03331974473987309,330,1.0,1.0,1.0,1.0,1.0,1.0,0.0
5.038804626464843,0.1731508890983566,0.009877872467041016,0.00037916537709732775,tanh,0.1,False,"(256,)",0.005,"{'clf__activation': 'tanh', 'clf__alpha': 0.1, 'clf__early_stopping': False, 'clf__hidden_layer_sizes': (256,), 'clf__learning_rate_init': 0.005}",0.7674987445841945,0.7593695603939623,0.7502968088541891,0.7676815196852833,0.7686545823532125,0.7627002431741683,0.007046013301629624,709,1.0,0.998972207018184,0.9990771574058865,0.9978658838557553,0.9490903424947523,0.9890011181549155,0.019966865886638766
2.5545537948608397,0.2752855738923248,0.010255384445190429,0.0004529419265222609,tanh,0.1,False,"(256,)",0.01,"{'clf__activation': 'tanh', 'clf__alpha': 0.1, 'clf__early_stopping': False, 'clf__hidden_layer_sizes': (256,), 'clf__learning_rate_init': 0.01}",0.744186137516446,0.7924201398278041,0.7352476535637953,0.7802431620436701,0.7770306232804357,0.7658255432464303,0.022108664977638436,628,0.9854146920640208,0.990857116083907,0.9919865314790788,0.9921471754621584,0.9798023044347829,0.9880415639047895,0.004798583161255943
13.18663215637207,0.5138403809873918,0.005790901184082031,0.00013514429871017491,tanh,0.1,False,"(32, 16)",0.0001,"{'clf__activation': 'tanh', 'clf__alpha': 0.1, 'clf__early_stopping': False, 'clf__hidden_layer_sizes': (32, 16), 'clf__learning_rate_init': 0.0001}",0.7751735955288811,0.7519469013791427,0.7176440809968847,0.7632144585330555,0.8050114358536771,0.7625980944583282,0.028606733125151634,712,1.0,1.0,1.0,1.0,0.998972207018184,0.9997944414036368,0.0004111171927263957
4.882262325286865,0.3185838768805067,0.005833101272583008,0.00029058455638428525,tanh,0.1,False,"(32, 16)",0.0005,"{'clf__activation': 'tanh', 'clf__alpha': 0.1, 'clf__early_stopping': False, 'clf__hidden_layer_sizes': (32, 16), 'clf__learning_rate_init': 0.0005}",0.7748397435897435,0.7786078625414672,0.7459114661980983,0.7486705144525726,0.8037744599414461,0.7703608093446656,0.02132034735838462,538,1.0,1.0,1.0,1.0,1.0,1.0,0.0
3.5624248504638674,0.3582727260989903,0.005879974365234375,0.00020925984426630243,tanh,0.1,False,"(32, 16)",0.001,"{'clf__activation': 'tanh', 'clf__alpha': 0.1, 'clf__early_stopping': False, 'clf__hidden_layer_sizes': (32, 16), 'clf__learning_rate_init': 0.001}",0.7689817712408074,0.7869098326142805,0.7472611962995321,0.7765448403934548,0.7999117375669297,0.7759218756230009,0.017698792886265725,431,1.0,1.0,1.0,1.0,1.0,1.0,0.0
1.7704170227050782,0.2032576770935303,0.005940914154052734,0.00017248308026467877,tanh,0.1,False,"(32, 16)",0.005,"{'clf__activation': 'tanh', 'clf__alpha': 0.1, 'clf__early_stopping': False, 'clf__hidden_layer_sizes': (32, 16), 'clf__learning_rate_init': 0.005}",0.7560964651165846,0.7740577797145217,0.7275261713692698,0.7081848388614443,0.8025125390021287,0.7536755588127899,0.03334529176839121,834,0.9938002158815019,0.9926642164836279,0.9860441016240253,0.9505588555579456,0.9422733599419542,0.9730681498978111,0.022077985093268658
0.9821232795715332,0.2336016577113869,0.005726528167724609,5.507652890662883e-05,tanh,0.1,False,"(32, 16)",0.01,"{'clf__activation': 'tanh', 'clf__alpha': 0.1, 'clf__early_stopping': False, 'clf__hidden_layer_sizes': (32, 16), 'clf__learning_rate_init': 0.01}",0.749313268102474,0.7647429673577787,0.7155486267527709,0.7520460358056267,0.8100748750429645,0.758345154612323,0.030560407890796656,785,0.95312866500425,0.9879693055110716,0.974515791398755,0.9911454796780768,0.9799887430058294,0.9773495969195964,0.013451793042534264
14.146474647521973,0.9633141453528774,0.007012844085693359,0.0008154270376320144,tanh,0.1,False,"(64, 32)",0.0001,"{'clf__activation': 'tanh', 'clf__alpha': 0.1, 'clf__early_stopping': False, 'clf__hidden_layer_sizes': (64, 32), 'clf__learning_rate_init': 0.0001}",0.7668102616858484,0.7684717120292419,0.7329132016632016,0.7797498972819074,0.8225996416492333,0.7741089428618865,0.02886280113548559,461,1.0,1.0,1.0,1.0,1.0,1.0,0.0
7.8384605884552006,0.34585393790908847,0.00677957534790039,0.00014736795671584365,tanh,0.1,False,"(64, 32)",0.0005,"{'clf__activation': 'tanh', 'clf__alpha': 0.1, 'clf__early_stopping': False, 'clf__hidden_layer_sizes': (64, 32), 'clf__learning_rate_init': 0.0005}",0.7809054103790947,0.7533888975572546,0.7493663098511912,0.780675108148597,0.8287308719265387,0.7786133195725353,0.02832995852450031,376,1.0,1.0,1.0,1.0,1.0,1.0,0.0
8.414110040664672,0.7173209804576084,0.0067498207092285155,0.000351767667927897,tanh,0.1,False,"(64, 32)",0.001,"{'clf__activation': 'tanh', 'clf__alpha': 0.1, 'clf__early_stopping': False, 'clf__hidden_layer_sizes': (64, 32), 'clf__learning_rate_init': 0.001}",0.7809659831585842,0.7819386158219156,0.77131299744265,0.7822222646688971,0.8313169991190197,0.7895513720422133,0.021271505295090323,178,1.0,1.0,1.0,1.0,1.0,1.0,0.0
2.1198794841766357,0.2512588413207079,0.006627702713012695,0.00031828273453088493,tanh,0.1,False,"(64, 32)",0.005,"{'clf__activation': 'tanh', 'clf__alpha': 0.1, 'clf__early_stopping': False, 'clf__hidden_layer_sizes': (64, 32), 'clf__learning_rate_init': 0.005}",0.7879737183160942,0.7761667556188104,0.7732493936766871,0.7616907899006945,0.8303926748301871,0.7858946664684947,0.02376871060503785,262,0.9962337514858524,0.9962269916598905,0.9927664668561027,0.9966572963237281,0.9974769684548757,0.9958722949560898,0.0016182603589141153
1.1136955738067627,0.26042757847076575,0.006490087509155274,0.00025862007841672276,tanh,0.1,False,"(64, 32)",0.01,"{'clf__activation': 'tanh', 'clf__alpha': 0.1, 'clf__early_stopping': False, 'clf__hidden_layer_sizes': (64, 32), 'clf__learning_rate_init': 0.01}",0.7408308853436978,0.7886445628368505,0.7392362739365449,0.7525912818398387,0.7785120629116143,0.7599630133737093,0.020083211868755405,759,0.9512115678774016,1.0,0.9881526224676143,0.9958800156331422,0.993353586235628,0.9857195584427572,0.01767577718312563
21.556492471694945,0.9671834162875633,0.008683395385742188,0.0005188848839590212,tanh,0.1,False,"(128, 64)",0.0001,"{'clf__activation': 'tanh', 'clf__alpha': 0.1, 'clf__early_stopping': False, 'clf__hidden_layer_sizes': (128, 64), 'clf__learning_rate_init': 0.0001}",0.7851818308059259,0.769839733588698,0.7395641545742966,0.7727555479924111,0.8181594719797055,0.7771001477882075,0.025423302900096405,413,1.0,1.0,1.0,1.0,1.0,1.0,0.0
22.25838432312012,1.7487128173364943,0.00841660499572754,0.0003210558219177047,tanh,0.1,False,"(128, 64)",0.0005,"{'clf__activation': 'tanh', 'clf__alpha': 0.1, 'clf__early_stopping': False, 'clf__hidden_layer_sizes': (128, 64), 'clf__learning_rate_init': 0.0005}",0.7987884235166844,0.7696144094295503,0.7651491383894885,0.785335532761162,0.8362464703214854,0.7910267948836741,0.02555619590921911,143,1.0,1.0,1.0,1.0,1.0,1.0,0.0
14.943272256851197,1.26262421977725,0.008350086212158204,0.0003604604883963188,tanh,0.1,False,"(128, 64)",0.001,"{'clf__activation': 'tanh', 'clf__alpha': 0.1, 'clf__early_stopping': False, 'clf__hidden_layer_sizes': (128, 64), 'clf__learning_rate_init': 0.001}",0.7799997683737521,0.7893951618105753,0.7586607299522286,0.8014623731779973,0.8289247538739752,0.7916885574377057,0.023301444765765948,122,1.0,1.0,1.0,1.0,1.0,1.0,0.0
3.130165863037109,0.34248984869272153,0.00851593017578125,0.00023449504661592855,tanh,0.1,False,"(128, 64)",0.005,"{'clf__activation': 'tanh', 'clf__alpha': 0.1, 'clf__early_stopping': False, 'clf__hidden_layer_sizes': (128, 64), 'clf__learning_rate_init': 0.005}",0.793231031136143,0.7708165457964007,0.7543353483543994,0.7637511178104766,0.8181382114851351,0.7800544509165109,0.022963470483825302,352,0.9978623917486074,0.9960282174842188,0.9990795325574398,0.9971573820133083,0.9938097926496507,0.9967874632906449,0.0017882320439872531
1.568850326538086,0.38940161138808643,0.008705902099609374,0.00047015571687478977,tanh,0.1,False,"(128, 64)",0.01,"{'clf__activation': 'tanh', 'clf__alpha': 0.1, 'clf__early_stopping': False, 'clf__hidden_layer_sizes': (128, 64), 'clf__learning_rate_init': 0.01}",0.7928762466988957,0.792035211784328,0.7353619132968768,0.762020420576851,0.8418625146886016,0.7848312614091106,0.03559981292668532,283,0.9992893709207822,0.985800070402503,0.9976581328347683,0.9957209636821287,0.9912330733440047,0.9939403222368373,0.004882581651465084
41.21155829429627,0.513709987399394,0.004471349716186524,5.995673140750804e-05,tanh,0.1,False,"(256, 128)",0.0001,"{'clf__activation': 'tanh', 'clf__alpha': 0.1, 'clf__early_stopping': False, 'clf__hidden_layer_sizes': (256, 128), 'clf__learning_rate_init': 0.0001}",0.7818298818298819,0.756025429354394,0.740090533821184,0.7688740776976072,0.8379723093473416,0.7769584464100817,0.03349392050140315,414,1.0,1.0,1.0,1.0,1.0,1.0,0.0
27.902262926101685,1.2610438601689913,0.005113458633422852,0.0004102597175311755,tanh,0.1,False,"(256, 128)",0.0005,"{'clf__activation': 'tanh', 'clf__alpha': 0.1, 'clf__early_stopping': False, 'clf__hidden_layer_sizes': (256, 128), 'clf__learning_rate_init': 0.0005}",0.6992859923125577,0.7561719733407051,0.7426566269167458,0.7719480080352883,0.7994223779854621,0.7538969957181518,0.0332032606326508,833,0.9279137495435609,1.0,1.0,1.0,0.9495982028892014,0.9755023904865524,0.030776953382359987
15.043413257598877,2.6713379455373083,0.011768054962158204,0.0006950364645421927,tanh,0.1,False,"(256, 128)",0.001,"{'clf__activation': 'tanh', 'clf__alpha': 0.1, 'clf__early_stopping': False, 'clf__hidden_layer_sizes': (256, 128), 'clf__learning_rate_init': 0.001}",0.7045105574008954,0.7922435393585957,0.7289548174195926,0.7434783855062492,0.8288328345392544,0.7596040268449175,0.04492808990880922,768,0.9210379558090112,0.9942116200967971,0.9992907146491985,0.9315230658172569,0.9847529918911957,0.9661632696526918,0.03306343303042744
4.387226200103759,1.6017969680140218,0.012587022781372071,0.00035249344422531826,tanh,0.1,False,"(256, 128)",0.005,"{'clf__activation': 'tanh', 'clf__alpha': 0.1, 'clf__early_stopping': False, 'clf__hidden_layer_sizes': (256, 128), 'clf__learning_rate_init': 0.005}",0.7535785398927121,0.7562782948296967,0.7958974358974359,0.7183813735048956,0.7718297101449276,0.7591930708539336,0.02534761757448941,776,0.9820779209361414,0.9970568843419185,0.9992907146491985,0.9739682661058064,0.9777959969889146,0.9860379566043959,0.01026003483237399
2.677014446258545,0.447329906683972,0.012252092361450195,0.0005069103975186199,tanh,0.1,False,"(256, 128)",0.01,"{'clf__activation': 'tanh', 'clf__alpha': 0.1, 'clf__early_stopping': False, 'clf__hidden_layer_sizes': (256, 128), 'clf__learning_rate_init': 0.01}",0.7446419330177373,0.7775232162024615,0.7615258631711579,0.7092515027477644,0.8094776717418227,0.7604840373761887,0.03336926759571136,754,0.9879696719776374,0.9957275842070716,0.9814282469191693,0.9724273649467907,0.9978643692099081,0.9870834474521153,0.009365007373904062
13.75338134765625,0.30451360184630494,0.005331850051879883,0.0010887385978372826,tanh,0.1,False,"(64, 32, 16)",0.0001,"{'clf__activation': 'tanh', 'clf__alpha': 0.1, 'clf__early_stopping': False, 'clf__hidden_layer_sizes': (64, 32, 16), 'clf__learning_rate_init': 0.0001}",0.7688789913788443,0.757888471458652,0.7221042552230227,0.7641209760257379,0.8333188976097292,0.7692623183391971,0.03600853509354648,570,1.0,1.0,1.0,1.0,1.0,1.0,0.0
9.181814765930175,0.5607539525327494,0.006959152221679687,0.00011535639958405977,tanh,0.1,False,"(64, 32, 16)",0.0005,"{'clf__activation': 'tanh', 'clf__alpha': 0.1, 'clf__early_stopping': False, 'clf__hidden_layer_sizes': (64, 32, 16), 'clf__learning_rate_init': 0.0005}",0.7850875975875976,0.7730506392088283,0.7346381513770557,0.7749722092944779,0.8191834673527159,0.777386412964135,0.027049374049318762,407,1.0,1.0,1.0,1.0,1.0,1.0,0.0
8.896527242660522,0.5644834733119493,0.007531452178955078,0.0018916177809674012,tanh,0.1,False,"(64, 32, 16)",0.001,"{'clf__activation': 'tanh', 'clf__alpha': 0.1, 'clf__early_stopping': False, 'clf__hidden_layer_sizes': (64, 32, 16), 'clf__learning_rate_init': 0.001}",0.8088276137395893,0.7723253244959956,0.747350751761537,0.7577849363399295,0.8372378439307492,0.7847052940535602,0.033510852687321915,285,1.0,1.0,1.0,0.9340458541075431,1.0,0.9868091708215087,0.02638165835698274
1.7078744411468505,0.644353001238354,0.006831550598144531,0.0002744139472678645,tanh,0.1,False,"(64, 32, 16)",0.005,"{'clf__activation': 'tanh', 'clf__alpha': 0.1, 'clf__early_stopping': False, 'clf__hidden_layer_sizes': (64, 32, 16), 'clf__learning_rate_init': 0.005}",0.7714368330169791,0.7654832056237335,0.7228022486922163,0.7323823078986303,0.8055002346826754,0.759520965982847,0.02958513241803312,770,0.9955209698288658,0.9815066943789581,0.9760683026300945,0.9878157913942645,0.9853080561516856,0.9852439628767737,0.0064868358781746925
0.9034668922424316,0.4258408919233082,0.006841802597045898,0.00011204553101741987,tanh,0.1,False,"(64, 32, 16)",0.01,"{'clf__activation': 'tanh', 'clf__alpha': 0.1, 'clf__early_stopping': False, 'clf__hidden_layer_sizes': (64, 32, 16), 'clf__learning_rate_init': 0.01}",0.7620403905137751,0.7737833219412167,0.7695603166586975,0.7545396654450988,0.782068606436534,0.7683984601990644,0.009483783914917398,579,0.979818337375695,0.9928012247424043,0.9820428402832264,0.9971576433121019,0.9936130519640707,0.9890866195354995,0.006854840443432201
11.453568458557129,0.6023714645036066,0.004106473922729492,0.00011840025070734339,tanh,0.1,False,"(128, 64, 32)",0.0001,"{'clf__activation': 'tanh', 'clf__alpha': 0.1, 'clf__early_stopping': False, 'clf__hidden_layer_sizes': (128, 64, 32), 'clf__learning_rate_init': 0.0001}",0.748008718050327,0.7535381123558463,0.7612184521720725,0.7734871116051008,0.8480190584063823,0.7768542905179457,0.036594952488822385,418,1.0,1.0,1.0,1.0,1.0,1.0,0.0
13.017359924316406,0.618919030202661,0.003650331497192383,8.769741880362085e-05,tanh,0.1,False,"(128, 64, 32)",0.0005,"{'clf__activation': 'tanh', 'clf__alpha': 0.1, 'clf__early_stopping': False, 'clf__hidden_layer_sizes': (128, 64, 32), 'clf__learning_rate_init': 0.0005}",0.7751861604469836,0.7905535303101225,0.7378617063753699,0.7776462993542255,0.8425126726268737,0.784752073822715,0.03379541081403314,284,1.0,1.0,1.0,1.0,1.0,1.0,0.0
6.701664972305298,0.4681877224881818,0.004788923263549805,8.489715680057861e-05,tanh,0.1,False,"(128, 64, 32)",0.001,"{'clf__activation': 'tanh', 'clf__alpha': 0.1, 'clf__early_stopping': False, 'clf__hidden_layer_sizes': (128, 64, 32), 'clf__learning_rate_init': 0.001}",0.769973223662436,0.751097125693221,0.7391749723145072,0.7792115835877126,0.8049910625386087,0.7688895935592971,0.022849789597709683,572,0.9847537686816726,0.995928611576741,0.9942689719565987,1.0,0.979511620400382,0.9908925945230788,0.007575196123560413
2.4375864982604982,0.48107314433724785,0.007797622680664062,0.0014229534488579654,tanh,0.1,False,"(128, 64, 32)",0.005,"{'clf__activation': 'tanh', 'clf__alpha': 0.1, 'clf__early_stopping': False, 'clf__hidden_layer_sizes': (128, 64, 32), 'clf__learning_rate_init': 0.005}",0.8033983896226832,0.7953693242679476,0.7398540071659954,0.7323811244928079,0.8136054855632743,0.7769216662225416,0.03389662749095212,415,0.9989708544348852,0.9987817732085446,0.9808364992090575,0.963712738156045,0.9985757940845588,0.9881755318186182,0.014067597345907004
1.2294288158416748,0.22014558116522673,0.008426713943481445,0.00033873128298914367,tanh,0.1,False,"(128, 64, 32)",0.01,"{'clf__activation': 'tanh', 'clf__alpha': 0.1, 'clf__early_stopping': False, 'clf__hidden_layer_sizes': (128, 64, 32), 'clf__learning_rate_init': 0.01}",0.8047619047619048,0.7465526409074796,0.7336660580506081,0.7471948181494443,0.8107279994072447,0.7685806842553363,0.0323947464188541,578,0.9867899660194792,0.9865937070305227,0.9757227702087232,0.9700844926669714,0.9863203210326332,0.981102251391666,0.006929130661377016
