mean_fit_time,std_fit_time,mean_score_time,std_score_time,param_clf__C,param_clf__class_weight,param_clf__gamma,param_clf__kernel,params,split0_test_score,split1_test_score,split2_test_score,split3_test_score,split4_test_score,mean_test_score,std_test_score,rank_test_score,split0_train_score,split1_train_score,split2_train_score,split3_train_score,split4_train_score,mean_train_score,std_train_score
0.41268582344055177,0.015851332587578527,0.1348896026611328,0.006880535429708962,0.001,,scale,rbf,"{'clf__C': 0.001, 'clf__class_weight': None, 'clf__gamma': 'scale', 'clf__kernel': 'rbf'}",0.13903743315508021,0.14,0.13903743315508021,0.13941018766756033,0.13941018766756033,0.1393790483290562,0.0003523981125472012,415,0.13946488294314383,0.1392235609103079,0.13946488294314383,0.1393716577540107,0.1393716577540107,0.1393793284609234,8.834064542422246e-05
0.37253532409667967,0.010119149010973716,0.0619239330291748,0.001249233439852494,0.001,,scale,poly,"{'clf__C': 0.001, 'clf__class_weight': None, 'clf__gamma': 'scale', 'clf__kernel': 'poly'}",0.15228494623655914,0.15325067024128688,0.16397124887690925,0.15260545905707196,0.15266172506738546,0.1549548098958425,0.004518984912894104,404,0.1651824679824574,0.16795893135822695,0.1664834200833614,0.17101813281058564,0.16638906261473016,0.1674064029698723,0.0020091115298797083
0.3597768783569336,0.03830479958541991,0.07439198493957519,0.002647883062116403,0.001,,scale,sigmoid,"{'clf__C': 0.001, 'clf__class_weight': None, 'clf__gamma': 'scale', 'clf__kernel': 'sigmoid'}",0.13903743315508021,0.14,0.13903743315508021,0.13941018766756033,0.13941018766756033,0.1393790483290562,0.0003523981125472012,415,0.13946488294314383,0.1392235609103079,0.13946488294314383,0.1393716577540107,0.1393716577540107,0.1393793284609234,8.834064542422246e-05
0.3791093349456787,0.03584301272450651,0.1406698226928711,0.003957537470217228,0.001,,auto,rbf,"{'clf__C': 0.001, 'clf__class_weight': None, 'clf__gamma': 'auto', 'clf__kernel': 'rbf'}",0.13903743315508021,0.14,0.13903743315508021,0.13941018766756033,0.13941018766756033,0.1393790483290562,0.0003523981125472012,415,0.13946488294314383,0.1392235609103079,0.13946488294314383,0.1393716577540107,0.1393716577540107,0.1393793284609234,8.834064542422246e-05
0.37301363945007326,0.013389931369028654,0.062443113327026366,0.0027705040828174673,0.001,,auto,poly,"{'clf__C': 0.001, 'clf__class_weight': None, 'clf__gamma': 'auto', 'clf__kernel': 'poly'}",0.15228494623655914,0.15325067024128688,0.16397124887690925,0.15260545905707196,0.15266172506738546,0.1549548098958425,0.004518984912894104,404,0.1651824679824574,0.16795893135822695,0.1664834200833614,0.17101813281058564,0.16638906261473016,0.1674064029698723,0.0020091115298797083
0.3912248134613037,0.043516053249225056,0.07684416770935058,0.001931293098643719,0.001,,auto,sigmoid,"{'clf__C': 0.001, 'clf__class_weight': None, 'clf__gamma': 'auto', 'clf__kernel': 'sigmoid'}",0.13903743315508021,0.14,0.13903743315508021,0.13941018766756033,0.13941018766756033,0.1393790483290562,0.0003523981125472012,415,0.13946488294314383,0.1392235609103079,0.13946488294314383,0.1393716577540107,0.1393716577540107,0.1393793284609234,8.834064542422246e-05
0.33953542709350587,0.03857022237380041,0.1377835750579834,0.005117102567866181,0.001,,0.0001,rbf,"{'clf__C': 0.001, 'clf__class_weight': None, 'clf__gamma': 0.0001, 'clf__kernel': 'rbf'}",0.13903743315508021,0.14,0.13903743315508021,0.13941018766756033,0.13941018766756033,0.1393790483290562,0.0003523981125472012,415,0.13946488294314383,0.1392235609103079,0.13946488294314383,0.1393716577540107,0.1393716577540107,0.1393793284609234,8.834064542422246e-05
0.3112147808074951,0.013580607065351413,0.06093673706054688,0.003394401740269665,0.001,,0.0001,poly,"{'clf__C': 0.001, 'clf__class_weight': None, 'clf__gamma': 0.0001, 'clf__kernel': 'poly'}",0.13903743315508021,0.14,0.13903743315508021,0.13941018766756033,0.13941018766756033,0.1393790483290562,0.0003523981125472012,415,0.13946488294314383,0.1392235609103079,0.13946488294314383,0.1393716577540107,0.1393716577540107,0.1393793284609234,8.834064542422246e-05
0.35346484184265137,0.014495761254631112,0.06669530868530274,0.0007777637900491866,0.001,,0.0001,sigmoid,"{'clf__C': 0.001, 'clf__class_weight': None, 'clf__gamma': 0.0001, 'clf__kernel': 'sigmoid'}",0.13903743315508021,0.14,0.13903743315508021,0.13941018766756033,0.13941018766756033,0.1393790483290562,0.0003523981125472012,415,0.13946488294314383,0.1392235609103079,0.13946488294314383,0.1393716577540107,0.1393716577540107,0.1393793284609234,8.834064542422246e-05
0.34183435440063475,0.00818143796444208,0.12733588218688965,0.005820986632510988,0.001,,0.001,rbf,"{'clf__C': 0.001, 'clf__class_weight': None, 'clf__gamma': 0.001, 'clf__kernel': 'rbf'}",0.13903743315508021,0.14,0.13903743315508021,0.13941018766756033,0.13941018766756033,0.1393790483290562,0.0003523981125472012,415,0.13946488294314383,0.1392235609103079,0.13946488294314383,0.1393716577540107,0.1393716577540107,0.1393793284609234,8.834064542422246e-05
0.3009087562561035,0.007282141815522754,0.058782339096069336,0.0013190024050730431,0.001,,0.001,poly,"{'clf__C': 0.001, 'clf__class_weight': None, 'clf__gamma': 0.001, 'clf__kernel': 'poly'}",0.13903743315508021,0.14,0.13903743315508021,0.13941018766756033,0.13941018766756033,0.1393790483290562,0.0003523981125472012,415,0.13946488294314383,0.1392235609103079,0.13946488294314383,0.1393716577540107,0.1393716577540107,0.1393793284609234,8.834064542422246e-05
0.3455663681030273,0.010109041538118382,0.06830840110778809,0.0022782394358855664,0.001,,0.001,sigmoid,"{'clf__C': 0.001, 'clf__class_weight': None, 'clf__gamma': 0.001, 'clf__kernel': 'sigmoid'}",0.13903743315508021,0.14,0.13903743315508021,0.13941018766756033,0.13941018766756033,0.1393790483290562,0.0003523981125472012,415,0.13946488294314383,0.1392235609103079,0.13946488294314383,0.1393716577540107,0.1393716577540107,0.1393793284609234,8.834064542422246e-05
0.3803896903991699,0.01141861351867904,0.13813481330871583,0.007995605927444128,0.001,,0.01,rbf,"{'clf__C': 0.001, 'clf__class_weight': None, 'clf__gamma': 0.01, 'clf__kernel': 'rbf'}",0.13903743315508021,0.14,0.13903743315508021,0.13941018766756033,0.13941018766756033,0.1393790483290562,0.0003523981125472012,415,0.13946488294314383,0.1392235609103079,0.13946488294314383,0.1393716577540107,0.1393716577540107,0.1393793284609234,8.834064542422246e-05
0.32412257194519045,0.009077327675427913,0.06144347190856934,0.0035352741787607438,0.001,,0.01,poly,"{'clf__C': 0.001, 'clf__class_weight': None, 'clf__gamma': 0.01, 'clf__kernel': 'poly'}",0.23016312955337345,0.24189486353303472,0.2577581594435527,0.20207489487182412,0.23687663184727153,0.2337535358498113,0.01826846578406565,379,0.2817260281758701,0.280211511565447,0.277738349084349,0.27438207126425984,0.27905094536417985,0.2786217810908212,0.002494127761122773
0.37708544731140137,0.004102354132055505,0.08440275192260742,0.012623186504411962,0.001,,0.01,sigmoid,"{'clf__C': 0.001, 'clf__class_weight': None, 'clf__gamma': 0.01, 'clf__kernel': 'sigmoid'}",0.13903743315508021,0.14,0.13903743315508021,0.13941018766756033,0.13941018766756033,0.1393790483290562,0.0003523981125472012,415,0.13946488294314383,0.1392235609103079,0.13946488294314383,0.1393716577540107,0.1393716577540107,0.1393793284609234,8.834064542422246e-05
0.3741306304931641,0.009267560065145996,0.137953519821167,0.010970756898282327,0.001,,0.1,rbf,"{'clf__C': 0.001, 'clf__class_weight': None, 'clf__gamma': 0.1, 'clf__kernel': 'rbf'}",0.13903743315508021,0.14,0.13903743315508021,0.13941018766756033,0.13941018766756033,0.1393790483290562,0.0003523981125472012,415,0.13946488294314383,0.1392235609103079,0.13946488294314383,0.1393716577540107,0.1393716577540107,0.1393793284609234,8.834064542422246e-05
0.2979855537414551,0.007888018784562892,0.042902565002441405,0.0010861919208636785,0.001,,0.1,poly,"{'clf__C': 0.001, 'clf__class_weight': None, 'clf__gamma': 0.1, 'clf__kernel': 'poly'}",0.7238522347218,0.7141204926219741,0.725347699371615,0.7245888424458884,0.7511121901590826,0.727804291864072,0.012349066377012259,173,0.9964371626175835,0.9937061950272243,0.9951316178126023,0.994631841646828,0.9953391085231333,0.9950491851254742,0.0008938825679232245
0.40029020309448243,0.015451435197828054,0.07584872245788574,0.0036470327483952704,0.001,,0.1,sigmoid,"{'clf__C': 0.001, 'clf__class_weight': None, 'clf__gamma': 0.1, 'clf__kernel': 'sigmoid'}",0.13903743315508021,0.14,0.13903743315508021,0.13941018766756033,0.13941018766756033,0.1393790483290562,0.0003523981125472012,415,0.13946488294314383,0.1392235609103079,0.13946488294314383,0.1393716577540107,0.1393716577540107,0.1393793284609234,8.834064542422246e-05
0.44034562110900877,0.10351416043158143,0.12675070762634277,0.027503642919892202,0.001,,0.5,rbf,"{'clf__C': 0.001, 'clf__class_weight': None, 'clf__gamma': 0.5, 'clf__kernel': 'rbf'}",0.13903743315508021,0.14,0.13903743315508021,0.13941018766756033,0.13941018766756033,0.1393790483290562,0.0003523981125472012,415,0.13946488294314383,0.1392235609103079,0.13946488294314383,0.1393716577540107,0.1393716577540107,0.1393793284609234,8.834064542422246e-05
0.320967960357666,0.06671239256621822,0.04305849075317383,0.0017081665419549467,0.001,,0.5,poly,"{'clf__C': 0.001, 'clf__class_weight': None, 'clf__gamma': 0.5, 'clf__kernel': 'poly'}",0.7359899213796826,0.7194706469128138,0.7336672599928205,0.7157452277479676,0.7571516578027341,0.7324049427672037,0.0146402700470368,75,1.0,1.0,1.0,1.0,1.0,1.0,0.0
0.35801849365234373,0.015978704253069964,0.06941108703613282,0.0012579841181920386,0.001,,0.5,sigmoid,"{'clf__C': 0.001, 'clf__class_weight': None, 'clf__gamma': 0.5, 'clf__kernel': 'sigmoid'}",0.13903743315508021,0.14,0.13903743315508021,0.13941018766756033,0.13941018766756033,0.1393790483290562,0.0003523981125472012,415,0.13946488294314383,0.1392235609103079,0.13946488294314383,0.1393716577540107,0.1393716577540107,0.1393793284609234,8.834064542422246e-05
0.47643580436706545,0.02299511985182946,0.1440126419067383,0.005038127141463394,0.001,,1,rbf,"{'clf__C': 0.001, 'clf__class_weight': None, 'clf__gamma': 1, 'clf__kernel': 'rbf'}",0.13903743315508021,0.14,0.13903743315508021,0.13941018766756033,0.13941018766756033,0.1393790483290562,0.0003523981125472012,415,0.13946488294314383,0.1392235609103079,0.13946488294314383,0.1393716577540107,0.1393716577540107,0.1393793284609234,8.834064542422246e-05
0.3174747943878174,0.058953166937839384,0.0448030948638916,0.001977675490802255,0.001,,1,poly,"{'clf__C': 0.001, 'clf__class_weight': None, 'clf__gamma': 1, 'clf__kernel': 'poly'}",0.7359899213796826,0.7194706469128138,0.7336672599928205,0.7157452277479676,0.7571516578027341,0.7324049427672037,0.0146402700470368,75,1.0,1.0,1.0,1.0,1.0,1.0,0.0
0.3644741058349609,0.038112677442211244,0.06649193763732911,0.0024793189038920405,0.001,,1,sigmoid,"{'clf__C': 0.001, 'clf__class_weight': None, 'clf__gamma': 1, 'clf__kernel': 'sigmoid'}",0.13903743315508021,0.14,0.13903743315508021,0.13941018766756033,0.13941018766756033,0.1393790483290562,0.0003523981125472012,415,0.13946488294314383,0.1392235609103079,0.13946488294314383,0.1393716577540107,0.1393716577540107,0.1393793284609234,8.834064542422246e-05
0.49129514694213866,0.010488111341541154,0.14138188362121581,0.004425779928143998,0.001,balanced,scale,rbf,"{'clf__C': 0.001, 'clf__class_weight': 'balanced', 'clf__gamma': 'scale', 'clf__kernel': 'rbf'}",0.11095100864553314,0.2827560669932779,0.0794392523364486,0.0796875,0.11014492753623188,0.1325957511022983,0.07634860996644371,486,0.10998552821997105,0.29284309218614696,0.07857701329163409,0.078515625,0.1101878612716763,0.13402182399388568,0.080653656686266
0.4132242202758789,0.00921607471533059,0.06529793739318848,0.003371677045099261,0.001,balanced,scale,poly,"{'clf__C': 0.001, 'clf__class_weight': 'balanced', 'clf__gamma': 'scale', 'clf__kernel': 'poly'}",0.10325459721474187,0.09111635220125786,0.10399820305480682,0.09275781689574793,0.16455196896982446,0.11113578766727579,0.02722085343281215,489,0.10733541021194076,0.11028658190687066,0.1053077224964346,0.11263648599680322,0.1693825671729918,0.12098975355700821,0.0243251580152968
0.49663600921630857,0.010325722196829179,0.074531888961792,0.0015842410546717364,0.001,balanced,scale,sigmoid,"{'clf__C': 0.001, 'clf__class_weight': 'balanced', 'clf__gamma': 'scale', 'clf__kernel': 'sigmoid'}",0.11095100864553314,0.10982658959537572,0.0794392523364486,0.0796875,0.11014492753623188,0.09800985562271788,0.01506615170286016,495,0.10998552821997105,0.11026753434562545,0.07857701329163409,0.078515625,0.1101878612716763,0.09750671242578138,0.015481381505989966
0.5024440288543701,0.01326187725832383,0.1437497615814209,0.0071823055976001655,0.001,balanced,auto,rbf,"{'clf__C': 0.001, 'clf__class_weight': 'balanced', 'clf__gamma': 'auto', 'clf__kernel': 'rbf'}",0.11095100864553314,0.10982658959537572,0.0794392523364486,0.0796875,0.11014492753623188,0.09800985562271788,0.01506615170286016,495,0.10998552821997105,0.11026753434562545,0.07857701329163409,0.078515625,0.1101878612716763,0.09750671242578138,0.015481381505989966
0.41403803825378416,0.010907350926494419,0.06484036445617676,0.003575198405820579,0.001,balanced,auto,poly,"{'clf__C': 0.001, 'clf__class_weight': 'balanced', 'clf__gamma': 'auto', 'clf__kernel': 'poly'}",0.10325459721474187,0.09111635220125786,0.10399820305480682,0.09275781689574793,0.16455196896982446,0.11113578766727579,0.02722085343281215,489,0.10733541021194076,0.11028658190687066,0.1053077224964346,0.11263648599680322,0.1693825671729918,0.12098975355700821,0.0243251580152968
0.48522205352783204,0.014092047238894132,0.0735198974609375,0.002231845859258209,0.001,balanced,auto,sigmoid,"{'clf__C': 0.001, 'clf__class_weight': 'balanced', 'clf__gamma': 'auto', 'clf__kernel': 'sigmoid'}",0.11095100864553314,0.10982658959537572,0.0794392523364486,0.0796875,0.11014492753623188,0.09800985562271788,0.01506615170286016,495,0.10998552821997105,0.11026753434562545,0.07857701329163409,0.078515625,0.1101878612716763,0.09750671242578138,0.015481381505989966
0.4600475788116455,0.0067623245418104785,0.14063758850097657,0.0070509126417897545,0.001,balanced,0.0001,rbf,"{'clf__C': 0.001, 'clf__class_weight': 'balanced', 'clf__gamma': 0.0001, 'clf__kernel': 'rbf'}",0.11095100864553314,0.10982658959537572,0.0794392523364486,0.0796875,0.11014492753623188,0.09800985562271788,0.01506615170286016,495,0.10998552821997105,0.11026753434562545,0.07857701329163409,0.078515625,0.1101878612716763,0.09750671242578138,0.015481381505989966
0.4195867538452148,0.010673976947375707,0.06472558975219726,0.0029747985300766157,0.001,balanced,0.0001,poly,"{'clf__C': 0.001, 'clf__class_weight': 'balanced', 'clf__gamma': 0.0001, 'clf__kernel': 'poly'}",0.11095100864553314,0.078125,0.0794392523364486,0.0796875,0.11014492753623188,0.09166953770364274,0.015425425507576909,507,0.10998552821997105,0.07890625,0.07857701329163409,0.078515625,0.1101878612716763,0.0912344555566563,0.015393495131980512
0.46899027824401857,0.013545190335660212,0.071995210647583,0.0034834669131007167,0.001,balanced,0.0001,sigmoid,"{'clf__C': 0.001, 'clf__class_weight': 'balanced', 'clf__gamma': 0.0001, 'clf__kernel': 'sigmoid'}",0.11095100864553314,0.10982658959537572,0.0794392523364486,0.0796875,0.11014492753623188,0.09800985562271788,0.01506615170286016,495,0.10998552821997105,0.11026753434562545,0.07857701329163409,0.078515625,0.1101878612716763,0.09750671242578138,0.015481381505989966
0.462323522567749,0.0235668475047214,0.14330224990844725,0.008189545077001417,0.001,balanced,0.001,rbf,"{'clf__C': 0.001, 'clf__class_weight': 'balanced', 'clf__gamma': 0.001, 'clf__kernel': 'rbf'}",0.11095100864553314,0.10982658959537572,0.0794392523364486,0.0796875,0.11014492753623188,0.09800985562271788,0.01506615170286016,495,0.10998552821997105,0.11026753434562545,0.07857701329163409,0.078515625,0.1101878612716763,0.09750671242578138,0.015481381505989966
0.43669352531433103,0.014503973498153236,0.06581945419311523,0.0029012401672704477,0.001,balanced,0.001,poly,"{'clf__C': 0.001, 'clf__class_weight': 'balanced', 'clf__gamma': 0.001, 'clf__kernel': 'poly'}",0.11095100864553314,0.078125,0.0794392523364486,0.0796875,0.11014492753623188,0.09166953770364274,0.015425425507576909,507,0.11651435428782424,0.08217307191114853,0.08506950506012799,0.08176172666743027,0.116716749472287,0.09644708147976361,0.016507035583616714
0.47809805870056155,0.021322677258198575,0.07177920341491699,0.00262449656803726,0.001,balanced,0.001,sigmoid,"{'clf__C': 0.001, 'clf__class_weight': 'balanced', 'clf__gamma': 0.001, 'clf__kernel': 'sigmoid'}",0.11095100864553314,0.078125,0.0794392523364486,0.0796875,0.11014492753623188,0.09166953770364274,0.015425425507576909,507,0.10998552821997105,0.07890625,0.07857701329163409,0.078515625,0.1101878612716763,0.0912344555566563,0.015393495131980512
0.4956371307373047,0.007664290873678399,0.1434802532196045,0.007109551741629908,0.001,balanced,0.01,rbf,"{'clf__C': 0.001, 'clf__class_weight': 'balanced', 'clf__gamma': 0.01, 'clf__kernel': 'rbf'}",0.11095100864553314,0.10982658959537572,0.0794392523364486,0.0796875,0.11014492753623188,0.09800985562271788,0.01506615170286016,495,0.10998552821997105,0.11026753434562545,0.07857701329163409,0.078515625,0.1101878612716763,0.09750671242578138,0.015481381505989966
0.39939537048339846,0.01891975355542018,0.06097521781921387,0.002709481130492746,0.001,balanced,0.01,poly,"{'clf__C': 0.001, 'clf__class_weight': 'balanced', 'clf__gamma': 0.01, 'clf__kernel': 'poly'}",0.4186165171655295,0.42352022248449933,0.46391507296292933,0.348541842772612,0.41225582726626275,0.41336989653036654,0.037119506219794714,311,0.49780790434368144,0.4744243525392804,0.5038731630301398,0.4384526998338107,0.4613490488435983,0.4751814337181021,0.023983662938993597
0.4999988555908203,0.005220079523268286,0.07729854583740234,0.001542299736633582,0.001,balanced,0.01,sigmoid,"{'clf__C': 0.001, 'clf__class_weight': 'balanced', 'clf__gamma': 0.01, 'clf__kernel': 'sigmoid'}",0.11095100864553314,0.10982658959537572,0.0794392523364486,0.0796875,0.11014492753623188,0.09800985562271788,0.01506615170286016,495,0.10998552821997105,0.11026753434562545,0.07857701329163409,0.078515625,0.1101878612716763,0.09750671242578138,0.015481381505989966
0.5018088817596436,0.02047571028085096,0.1394329071044922,0.004763000429141759,0.001,balanced,0.1,rbf,"{'clf__C': 0.001, 'clf__class_weight': 'balanced', 'clf__gamma': 0.1, 'clf__kernel': 'rbf'}",0.11095100864553314,0.10982658959537572,0.0794392523364486,0.0796875,0.11014492753623188,0.09800985562271788,0.01506615170286016,495,0.10998552821997105,0.11026753434562545,0.07857701329163409,0.078515625,0.1101878612716763,0.09750671242578138,0.015481381505989966
0.30036420822143556,0.02050217898829529,0.043903255462646486,0.0011669981777981866,0.001,balanced,0.1,poly,"{'clf__C': 0.001, 'clf__class_weight': 'balanced', 'clf__gamma': 0.1, 'clf__kernel': 'poly'}",0.7262278488897194,0.7116422146069823,0.7350509102690581,0.7386218034807881,0.7608548580255148,0.7344795270544126,0.01614172264017008,66,0.9957265801577391,0.994621678354565,0.997156517561064,0.9964440154059832,0.9964440154059832,0.996078561377067,0.0008573799331840649
0.5173506259918212,0.012134564445095584,0.07779965400695801,0.0027858060662871898,0.001,balanced,0.1,sigmoid,"{'clf__C': 0.001, 'clf__class_weight': 'balanced', 'clf__gamma': 0.1, 'clf__kernel': 'sigmoid'}",0.078125,0.078125,0.0794392523364486,0.0796875,0.11014492753623188,0.0851043359745361,0.012537055249556275,510,0.07890625,0.07890625,0.07857701329163409,0.078515625,0.1101878612716763,0.08501859991266209,0.012585675040925903
0.48800201416015626,0.004112755826162483,0.14333438873291016,0.003975863080994738,0.001,balanced,0.5,rbf,"{'clf__C': 0.001, 'clf__class_weight': 'balanced', 'clf__gamma': 0.5, 'clf__kernel': 'rbf'}",0.11095100864553314,0.10982658959537572,0.0794392523364486,0.0796875,0.11014492753623188,0.09800985562271788,0.01506615170286016,495,0.10998552821997105,0.11026753434562545,0.07857701329163409,0.078515625,0.1101878612716763,0.09750671242578138,0.015481381505989966
0.3075979709625244,0.014226534949708085,0.0443361759185791,0.0010119574916808316,0.001,balanced,0.5,poly,"{'clf__C': 0.001, 'clf__class_weight': 'balanced', 'clf__gamma': 0.5, 'clf__kernel': 'poly'}",0.7359899213796826,0.7194706469128138,0.7336672599928205,0.7157452277479676,0.7571516578027341,0.7324049427672037,0.0146402700470368,75,1.0,1.0,1.0,1.0,1.0,1.0,0.0
0.48221378326416015,0.018140389082541127,0.07459168434143067,0.0017436666614642296,0.001,balanced,0.5,sigmoid,"{'clf__C': 0.001, 'clf__class_weight': 'balanced', 'clf__gamma': 0.5, 'clf__kernel': 'sigmoid'}",0.078125,0.078125,0.0794392523364486,0.0796875,0.11014492753623188,0.0851043359745361,0.012537055249556275,510,0.07890625,0.07890625,0.07857701329163409,0.078515625,0.1101878612716763,0.08501859991266209,0.012585675040925903
0.5077978610992432,0.011281200897034879,0.14661316871643065,0.007678957298101597,0.001,balanced,1,rbf,"{'clf__C': 0.001, 'clf__class_weight': 'balanced', 'clf__gamma': 1, 'clf__kernel': 'rbf'}",0.11095100864553314,0.10982658959537572,0.0794392523364486,0.0796875,0.11014492753623188,0.09800985562271788,0.01506615170286016,495,0.10998552821997105,0.11026753434562545,0.07857701329163409,0.078515625,0.1101878612716763,0.09750671242578138,0.015481381505989966
0.2933955669403076,0.00932673644516043,0.04326553344726562,0.0007203052994833232,0.001,balanced,1,poly,"{'clf__C': 0.001, 'clf__class_weight': 'balanced', 'clf__gamma': 1, 'clf__kernel': 'poly'}",0.7359899213796826,0.7194706469128138,0.7336672599928205,0.7157452277479676,0.7571516578027341,0.7324049427672037,0.0146402700470368,75,1.0,1.0,1.0,1.0,1.0,1.0,0.0
0.46093134880065917,0.016494431310749985,0.0690117359161377,0.0018070004257854167,0.001,balanced,1,sigmoid,"{'clf__C': 0.001, 'clf__class_weight': 'balanced', 'clf__gamma': 1, 'clf__kernel': 'sigmoid'}",0.078125,0.078125,0.0794392523364486,0.0796875,0.11014492753623188,0.0851043359745361,0.012537055249556275,510,0.07890625,0.07890625,0.07857701329163409,0.078515625,0.1101878612716763,0.08501859991266209,0.012585675040925903
0.38427734375,0.014943607822174871,0.135966157913208,0.002937060516024436,0.01,,scale,rbf,"{'clf__C': 0.01, 'clf__class_weight': None, 'clf__gamma': 'scale', 'clf__kernel': 'rbf'}",0.13903743315508021,0.14,0.13903743315508021,0.13941018766756033,0.13941018766756033,0.1393790483290562,0.0003523981125472012,415,0.13946488294314383,0.1392235609103079,0.13946488294314383,0.1393716577540107,0.1393716577540107,0.1393793284609234,8.834064542422246e-05
0.3464791297912598,0.018136643892336803,0.061261653900146484,0.00116029607866093,0.01,,scale,poly,"{'clf__C': 0.01, 'clf__class_weight': None, 'clf__gamma': 'scale', 'clf__kernel': 'poly'}",0.1829648088524285,0.17261124971838154,0.21950744291169821,0.15298223788789828,0.1898391463608855,0.18358097714625837,0.02184890409939853,384,0.21098996174564033,0.20531835194077855,0.1970654928638122,0.21327041415893683,0.21253269844735773,0.2078353838313051,0.006064349628306118
0.37321743965148924,0.012817438557445408,0.0723332405090332,0.002671199977518018,0.01,,scale,sigmoid,"{'clf__C': 0.01, 'clf__class_weight': None, 'clf__gamma': 'scale', 'clf__kernel': 'sigmoid'}",0.13903743315508021,0.14,0.13903743315508021,0.13941018766756033,0.13941018766756033,0.1393790483290562,0.0003523981125472012,415,0.13946488294314383,0.1392235609103079,0.13946488294314383,0.1393716577540107,0.1393716577540107,0.1393793284609234,8.834064542422246e-05
0.37247552871704104,0.011621181194404116,0.14418601989746094,0.0016518507396683407,0.01,,auto,rbf,"{'clf__C': 0.01, 'clf__class_weight': None, 'clf__gamma': 'auto', 'clf__kernel': 'rbf'}",0.13903743315508021,0.14,0.13903743315508021,0.13941018766756033,0.13941018766756033,0.1393790483290562,0.0003523981125472012,415,0.13946488294314383,0.1392235609103079,0.13946488294314383,0.1393716577540107,0.1393716577540107,0.1393793284609234,8.834064542422246e-05
0.33429546356201173,0.004970669249572023,0.06084003448486328,0.0017435929397180015,0.01,,auto,poly,"{'clf__C': 0.01, 'clf__class_weight': None, 'clf__gamma': 'auto', 'clf__kernel': 'poly'}",0.1829648088524285,0.17261124971838154,0.21950744291169821,0.15298223788789828,0.18312920142188432,0.18223898815845815,0.021628258362119273,386,0.21098996174564033,0.2036749067183737,0.1970654928638122,0.21066362984765666,0.20987826756357128,0.2064544517478108,0.0054016472571423975
0.37305402755737305,0.013978076811359392,0.07422389984130859,0.0035499356303712146,0.01,,auto,sigmoid,"{'clf__C': 0.01, 'clf__class_weight': None, 'clf__gamma': 'auto', 'clf__kernel': 'sigmoid'}",0.13903743315508021,0.14,0.13903743315508021,0.13941018766756033,0.13941018766756033,0.1393790483290562,0.0003523981125472012,415,0.13946488294314383,0.1392235609103079,0.13946488294314383,0.1393716577540107,0.1393716577540107,0.1393793284609234,8.834064542422246e-05
0.3422682285308838,0.007564718191988997,0.13366961479187012,0.005662228997920328,0.01,,0.0001,rbf,"{'clf__C': 0.01, 'clf__class_weight': None, 'clf__gamma': 0.0001, 'clf__kernel': 'rbf'}",0.13903743315508021,0.14,0.13903743315508021,0.13941018766756033,0.13941018766756033,0.1393790483290562,0.0003523981125472012,415,0.13946488294314383,0.1392235609103079,0.13946488294314383,0.1393716577540107,0.1393716577540107,0.1393793284609234,8.834064542422246e-05
0.291763973236084,0.005974786952100835,0.05876250267028808,0.002431876198441518,0.01,,0.0001,poly,"{'clf__C': 0.01, 'clf__class_weight': None, 'clf__gamma': 0.0001, 'clf__kernel': 'poly'}",0.13903743315508021,0.14,0.13903743315508021,0.13941018766756033,0.13941018766756033,0.1393790483290562,0.0003523981125472012,415,0.13946488294314383,0.1392235609103079,0.13946488294314383,0.1393716577540107,0.1393716577540107,0.1393793284609234,8.834064542422246e-05
0.35622310638427734,0.005393669988681347,0.07869820594787598,0.015862413993958553,0.01,,0.0001,sigmoid,"{'clf__C': 0.01, 'clf__class_weight': None, 'clf__gamma': 0.0001, 'clf__kernel': 'sigmoid'}",0.13903743315508021,0.14,0.13903743315508021,0.13941018766756033,0.13941018766756033,0.1393790483290562,0.0003523981125472012,415,0.13946488294314383,0.1392235609103079,0.13946488294314383,0.1393716577540107,0.1393716577540107,0.1393793284609234,8.834064542422246e-05
0.36749610900878904,0.008539030887603898,0.1330562114715576,0.010698952717487584,0.01,,0.001,rbf,"{'clf__C': 0.01, 'clf__class_weight': None, 'clf__gamma': 0.001, 'clf__kernel': 'rbf'}",0.13903743315508021,0.14,0.13903743315508021,0.13941018766756033,0.13941018766756033,0.1393790483290562,0.0003523981125472012,415,0.13946488294314383,0.1392235609103079,0.13946488294314383,0.1393716577540107,0.1393716577540107,0.1393793284609234,8.834064542422246e-05
0.3295112133026123,0.006598589621207852,0.060899877548217775,0.0011200527328521176,0.01,,0.001,poly,"{'clf__C': 0.01, 'clf__class_weight': None, 'clf__gamma': 0.001, 'clf__kernel': 'poly'}",0.13903743315508021,0.14037433155080214,0.16397124887690925,0.15260545905707196,0.13941018766756033,0.14707973206148478,0.009841949787257864,409,0.1574688628811261,0.1603242570633875,0.1647550756866256,0.16340532511605677,0.15736934436531208,0.1606645730225016,0.0030143272631356233
0.3669774532318115,0.006818910674025859,0.06924352645874024,0.003188484125087057,0.01,,0.001,sigmoid,"{'clf__C': 0.01, 'clf__class_weight': None, 'clf__gamma': 0.001, 'clf__kernel': 'sigmoid'}",0.13903743315508021,0.14,0.13903743315508021,0.13941018766756033,0.13941018766756033,0.1393790483290562,0.0003523981125472012,415,0.13946488294314383,0.1392235609103079,0.13946488294314383,0.1393716577540107,0.1393716577540107,0.1393793284609234,8.834064542422246e-05
0.4034698963165283,0.011487628933200735,0.14053950309753419,0.005038618901495275,0.01,,0.01,rbf,"{'clf__C': 0.01, 'clf__class_weight': None, 'clf__gamma': 0.01, 'clf__kernel': 'rbf'}",0.13903743315508021,0.14,0.13903743315508021,0.13941018766756033,0.13941018766756033,0.1393790483290562,0.0003523981125472012,415,0.13946488294314383,0.1392235609103079,0.13946488294314383,0.1393716577540107,0.1393716577540107,0.1393793284609234,8.834064542422246e-05
0.3084871292114258,0.011809702405816446,0.06065058708190918,0.00954237503770301,0.01,,0.01,poly,"{'clf__C': 0.01, 'clf__class_weight': None, 'clf__gamma': 0.01, 'clf__kernel': 'poly'}",0.4932665124478028,0.5717906838706592,0.5438322822865546,0.5349316009595635,0.526420102453937,0.5340482364037034,0.025465025678145563,275,0.6576338680109304,0.6490739125146621,0.6630145642040877,0.6488029536757496,0.6720209936109743,0.6581092584032808,0.008787140382652343
0.38393359184265136,0.006928952864273918,0.07590937614440918,0.0011226610346627068,0.01,,0.01,sigmoid,"{'clf__C': 0.01, 'clf__class_weight': None, 'clf__gamma': 0.01, 'clf__kernel': 'sigmoid'}",0.15599912421544299,0.17100425189983567,0.19071123750874036,0.17040784557907845,0.20405364865878353,0.17843522157237618,0.0169117764523613,387,0.15868696045474096,0.18412358361510467,0.1636806980534556,0.17667205608388736,0.1926039238820098,0.17515344441783967,0.01257026503609582
0.48673315048217775,0.017443116648386,0.1400618553161621,0.0044936167834307835,0.01,,0.1,rbf,"{'clf__C': 0.01, 'clf__class_weight': None, 'clf__gamma': 0.1, 'clf__kernel': 'rbf'}",0.13903743315508021,0.14,0.13903743315508021,0.13941018766756033,0.13941018766756033,0.1393790483290562,0.0003523981125472012,415,0.13946488294314383,0.1392235609103079,0.13946488294314383,0.1393716577540107,0.1393716577540107,0.1393793284609234,8.834064542422246e-05
0.2968924522399902,0.012660834051769923,0.04454059600830078,0.0015111347246731111,0.01,,0.1,poly,"{'clf__C': 0.01, 'clf__class_weight': None, 'clf__gamma': 0.1, 'clf__kernel': 'poly'}",0.7359899213796826,0.7194706469128138,0.7336672599928205,0.7157452277479676,0.7571516578027341,0.7324049427672037,0.0146402700470368,75,1.0,1.0,1.0,1.0,1.0,1.0,0.0
0.390643310546875,0.012048372596631406,0.07558813095092773,0.0026422798016622366,0.01,,0.1,sigmoid,"{'clf__C': 0.01, 'clf__class_weight': None, 'clf__gamma': 0.1, 'clf__kernel': 'sigmoid'}",0.3428165205339119,0.2933365376459611,0.3378197997775306,0.31337262025670704,0.3419158023184869,0.3258522561065195,0.019504149014680346,371,0.3275625557936124,0.3475476123127613,0.3192374002943856,0.32494730225306184,0.31987384128305973,0.32783374238737617,0.010337300123560723
0.48430609703063965,0.013343496935599452,0.14262690544128417,0.006919692036707974,0.01,,0.5,rbf,"{'clf__C': 0.01, 'clf__class_weight': None, 'clf__gamma': 0.5, 'clf__kernel': 'rbf'}",0.13903743315508021,0.14,0.13903743315508021,0.13941018766756033,0.13941018766756033,0.1393790483290562,0.0003523981125472012,415,0.13946488294314383,0.1392235609103079,0.13946488294314383,0.1393716577540107,0.1393716577540107,0.1393793284609234,8.834064542422246e-05
0.29745144844055177,0.008227907633858647,0.044843626022338864,0.0013846568589262662,0.01,,0.5,poly,"{'clf__C': 0.01, 'clf__class_weight': None, 'clf__gamma': 0.5, 'clf__kernel': 'poly'}",0.7359899213796826,0.7194706469128138,0.7336672599928205,0.7157452277479676,0.7571516578027341,0.7324049427672037,0.0146402700470368,75,1.0,1.0,1.0,1.0,1.0,1.0,0.0
0.3589059829711914,0.010382522452945929,0.06993350982666016,0.0023944902642195906,0.01,,0.5,sigmoid,"{'clf__C': 0.01, 'clf__class_weight': None, 'clf__gamma': 0.5, 'clf__kernel': 'sigmoid'}",0.3438271708380496,0.2857472806598473,0.35817460317460315,0.32285705330540726,0.34578416648787813,0.33127805489315715,0.025437360570933956,370,0.3226962930352761,0.34468716204155775,0.3215701912221215,0.3197718277698694,0.31828027457800856,0.3254011497293667,0.009760521424295879
0.4971416473388672,0.015793466124215127,0.1369169235229492,0.0044257189273097484,0.01,,1,rbf,"{'clf__C': 0.01, 'clf__class_weight': None, 'clf__gamma': 1, 'clf__kernel': 'rbf'}",0.13903743315508021,0.14,0.13903743315508021,0.13941018766756033,0.13941018766756033,0.1393790483290562,0.0003523981125472012,415,0.13946488294314383,0.1392235609103079,0.13946488294314383,0.1393716577540107,0.1393716577540107,0.1393793284609234,8.834064542422246e-05
0.3031301021575928,0.00684725527427695,0.04409747123718262,0.0007129413576937435,0.01,,1,poly,"{'clf__C': 0.01, 'clf__class_weight': None, 'clf__gamma': 1, 'clf__kernel': 'poly'}",0.7359899213796826,0.7194706469128138,0.7336672599928205,0.7157452277479676,0.7571516578027341,0.7324049427672037,0.0146402700470368,75,1.0,1.0,1.0,1.0,1.0,1.0,0.0
0.32656354904174806,0.006718957738617184,0.06585693359375,0.0018010337862331444,0.01,,1,sigmoid,"{'clf__C': 0.01, 'clf__class_weight': None, 'clf__gamma': 1, 'clf__kernel': 'sigmoid'}",0.3438271708380496,0.2916936353829558,0.36046784875026705,0.32285705330540726,0.3513605442176871,0.33404125049887334,0.024545851135424224,369,0.32090049696125894,0.35301098014981175,0.3228305449053096,0.3197999243758427,0.3200365619641549,0.3273157016712756,0.012891792753582095
0.4785016059875488,0.019087500887686074,0.14729595184326172,0.008174474160031527,0.01,balanced,scale,rbf,"{'clf__C': 0.01, 'clf__class_weight': 'balanced', 'clf__gamma': 'scale', 'clf__kernel': 'rbf'}",0.06310679611650485,0.06310679611650485,0.06310679611650485,0.24664273367903206,0.26348039215686275,0.13988870283708188,0.09418886597561674,413,0.06285482562854826,0.06285482562854826,0.06285482562854826,0.25551956815114707,0.2485287683220302,0.1385225626717644,0.0927000365268916
0.40580072402954104,0.012508512150380242,0.05957207679748535,0.0008266784261127643,0.01,balanced,scale,poly,"{'clf__C': 0.01, 'clf__class_weight': 'balanced', 'clf__gamma': 'scale', 'clf__kernel': 'poly'}",0.15436651955639297,0.19994038902749928,0.1840573041813648,0.09967240960931813,0.14110013780431785,0.1558273520357786,0.03497225374563744,403,0.17918657290121914,0.25243278423591403,0.1739770444663054,0.18164933004658648,0.17914948242121292,0.1932790428142476,0.029682401077452156
0.48327956199645994,0.007840415903376408,0.07531170845031739,0.0025429851780951807,0.01,balanced,scale,sigmoid,"{'clf__C': 0.01, 'clf__class_weight': 'balanced', 'clf__gamma': 'scale', 'clf__kernel': 'sigmoid'}",0.28709667076718515,0.3070146760186079,0.19903359454443045,0.28935185185185186,0.26840742449879507,0.2701808435361741,0.03761776186927792,376,0.30688700724763385,0.3053582531062758,0.2276883015767887,0.27246578265217086,0.27859779774671695,0.2781994284659172,0.028792312391379627
0.4829686641693115,0.0136558792833475,0.14676566123962403,0.004543458880823227,0.01,balanced,auto,rbf,"{'clf__C': 0.01, 'clf__class_weight': 'balanced', 'clf__gamma': 'auto', 'clf__kernel': 'rbf'}",0.06310679611650485,0.06310679611650485,0.06310679611650485,0.24664273367903206,0.26348039215686275,0.13988870283708188,0.09418886597561674,413,0.06285482562854826,0.06285482562854826,0.06285482562854826,0.25551956815114707,0.25131619022755947,0.13908004705287028,0.09336591139370529
0.4161946773529053,0.019618716054119023,0.062048482894897464,0.0011610599546679568,0.01,balanced,auto,poly,"{'clf__C': 0.01, 'clf__class_weight': 'balanced', 'clf__gamma': 'auto', 'clf__kernel': 'poly'}",0.14934861413912653,0.19994038902749928,0.1840573041813648,0.09967240960931813,0.14110013780431785,0.1548237709523253,0.03507163183683252,406,0.17918657290121914,0.24555038779581567,0.17418579227789754,0.18166489659126242,0.1779096322285831,0.19169945635895558,0.027033590726599572
0.49286561012268065,0.021070809037482548,0.07528214454650879,0.0026051651468045,0.01,balanced,auto,sigmoid,"{'clf__C': 0.01, 'clf__class_weight': 'balanced', 'clf__gamma': 'auto', 'clf__kernel': 'sigmoid'}",0.28709667076718515,0.31103303683410494,0.19903359454443045,0.2892843376590004,0.2662204441708981,0.2705336167951238,0.03846292748407556,375,0.3103662421576687,0.30448129134775526,0.22357455049785058,0.2724421848429071,0.27745968172339025,0.2776647901139144,0.0307947443606417
0.45566296577453613,0.011352628938778371,0.14112768173217774,0.0064365292378908145,0.01,balanced,0.0001,rbf,"{'clf__C': 0.01, 'clf__class_weight': 'balanced', 'clf__gamma': 0.0001, 'clf__kernel': 'rbf'}",0.06310679611650485,0.06310679611650485,0.06310679611650485,0.11014492753623188,0.11014492753623188,0.08192204868439566,0.023043884086461696,515,0.06285482562854826,0.06285482562854826,0.06285482562854826,0.1101878612716763,0.1101878612716763,0.08178803988579947,0.023188357060526542
0.4163416862487793,0.0077058581289887376,0.06275401115417481,0.001759532858681764,0.01,balanced,0.0001,poly,"{'clf__C': 0.01, 'clf__class_weight': 'balanced', 'clf__gamma': 0.0001, 'clf__kernel': 'poly'}",0.06310679611650485,0.06310679611650485,0.06310679611650485,0.11014492753623188,0.11014492753623188,0.08192204868439566,0.023043884086461696,515,0.06285482562854826,0.06285482562854826,0.06285482562854826,0.1101878612716763,0.1101878612716763,0.08178803988579947,0.023188357060526542
0.46739587783813474,0.009339209697415125,0.07121996879577637,0.0027966244258188972,0.01,balanced,0.0001,sigmoid,"{'clf__C': 0.01, 'clf__class_weight': 'balanced', 'clf__gamma': 0.0001, 'clf__kernel': 'sigmoid'}",0.06310679611650485,0.06310679611650485,0.06310679611650485,0.11014492753623188,0.11014492753623188,0.08192204868439566,0.023043884086461696,515,0.06285482562854826,0.06285482562854826,0.06285482562854826,0.1101878612716763,0.1101878612716763,0.08178803988579947,0.023188357060526542
0.4633936882019043,0.010624084872842714,0.13780860900878905,0.011509998976169392,0.01,balanced,0.001,rbf,"{'clf__C': 0.01, 'clf__class_weight': 'balanced', 'clf__gamma': 0.001, 'clf__kernel': 'rbf'}",0.06310679611650485,0.06310679611650485,0.06310679611650485,0.11014492753623188,0.11014492753623188,0.08192204868439566,0.023043884086461696,515,0.06285482562854826,0.06285482562854826,0.06285482562854826,0.1101878612716763,0.1101878612716763,0.08178803988579947,0.023188357060526542
0.4145249366760254,0.006131673394236385,0.062332534790039064,0.001666110010412823,0.01,balanced,0.001,poly,"{'clf__C': 0.01, 'clf__class_weight': 'balanced', 'clf__gamma': 0.001, 'clf__kernel': 'poly'}",0.09111635220125786,0.09111635220125786,0.10399820305480682,0.18819483080046462,0.10999767444657843,0.11688468254087311,0.03640506331768613,488,0.10087490836130725,0.10732476534595962,0.1053077224964346,0.20599732262382864,0.10726219448911059,0.12535338266332813,0.04039007645440934
0.4724450588226318,0.008318597015232842,0.07153277397155762,0.0025357031060007852,0.01,balanced,0.001,sigmoid,"{'clf__C': 0.01, 'clf__class_weight': 'balanced', 'clf__gamma': 0.001, 'clf__kernel': 'sigmoid'}",0.16802816901408452,0.18000646778235913,0.14564007421150277,0.11046511627906977,0.11014492753623188,0.14285695096464962,0.02877752603671114,412,0.15901990023255402,0.16347599373429633,0.15434171927314944,0.1101878612716763,0.11026753434562545,0.1394586017714603,0.024041137109608215
0.4894375801086426,0.002611734357280333,0.15091557502746583,0.004981859399375397,0.01,balanced,0.01,rbf,"{'clf__C': 0.01, 'clf__class_weight': 'balanced', 'clf__gamma': 0.01, 'clf__kernel': 'rbf'}",0.06310679611650485,0.06310679611650485,0.06310679611650485,0.11014492753623188,0.11014492753623188,0.08192204868439566,0.023043884086461696,515,0.06285482562854826,0.06285482562854826,0.06285482562854826,0.1101878612716763,0.1101878612716763,0.08178803988579947,0.023188357060526542
0.34159140586853026,0.009108124410702073,0.05729975700378418,0.0020873065841645853,0.01,balanced,0.01,poly,"{'clf__C': 0.01, 'clf__class_weight': 'balanced', 'clf__gamma': 0.01, 'clf__kernel': 'poly'}",0.5879819982242206,0.6350970020568877,0.5830917874396135,0.5820318459191457,0.601253375009277,0.5978912017298288,0.019820746359896963,239,0.7316662836801886,0.7344123191567199,0.7225583642754175,0.7344852120825109,0.7266176607955016,0.7299479679980677,0.00467261839174281
0.5416498184204102,0.07137585546434405,0.07731838226318359,0.004287630956085513,0.01,balanced,0.01,sigmoid,"{'clf__C': 0.01, 'clf__class_weight': 'balanced', 'clf__gamma': 0.01, 'clf__kernel': 'sigmoid'}",0.5275305260755448,0.5700167307326646,0.5232013921038312,0.5239402263008316,0.5408927836477425,0.537116331772123,0.017639845876577385,271,0.5499621950229368,0.5361610852364451,0.5458094371401945,0.5484320840611681,0.5539098541333516,0.5468549311188192,0.005955935468583921
0.45980448722839357,0.09178732060041822,0.13304781913757324,0.012090040436904653,0.01,balanced,0.1,rbf,"{'clf__C': 0.01, 'clf__class_weight': 'balanced', 'clf__gamma': 0.1, 'clf__kernel': 'rbf'}",0.06310679611650485,0.06310679611650485,0.06310679611650485,0.11014492753623188,0.11014492753623188,0.08192204868439566,0.023043884086461696,515,0.06285482562854826,0.06285482562854826,0.06285482562854826,0.1101878612716763,0.1101878612716763,0.08178803988579947,0.023188357060526542
0.29453377723693847,0.007222086503723396,0.04318704605102539,0.0007679218177617908,0.01,balanced,0.1,poly,"{'clf__C': 0.01, 'clf__class_weight': 'balanced', 'clf__gamma': 0.1, 'clf__kernel': 'poly'}",0.7359899213796826,0.7194706469128138,0.7336672599928205,0.7157452277479676,0.7571516578027341,0.7324049427672037,0.0146402700470368,75,1.0,1.0,1.0,1.0,1.0,1.0,0.0
0.4590026378631592,0.01860789005593616,0.07777185440063476,0.003459328243632456,0.01,balanced,0.1,sigmoid,"{'clf__C': 0.01, 'clf__class_weight': 'balanced', 'clf__gamma': 0.1, 'clf__kernel': 'sigmoid'}",0.45508225004912833,0.41455397050475407,0.4440141195054533,0.45813833239395124,0.47291334353331815,0.44894040319732104,0.01951266807458045,307,0.4491985776416369,0.44059421572404606,0.4407340643309157,0.42762705623616554,0.45577078778604274,0.4427849403437614,0.009471365208687759
0.4889892578125,0.01389987234013324,0.13931264877319335,0.004343792538860686,0.01,balanced,0.5,rbf,"{'clf__C': 0.01, 'clf__class_weight': 'balanced', 'clf__gamma': 0.5, 'clf__kernel': 'rbf'}",0.06310679611650485,0.06310679611650485,0.06310679611650485,0.11014492753623188,0.11014492753623188,0.08192204868439566,0.023043884086461696,515,0.06285482562854826,0.06285482562854826,0.06285482562854826,0.1101878612716763,0.1101878612716763,0.08178803988579947,0.023188357060526542
0.2925217628479004,0.01130056199677756,0.043971920013427736,0.0016112268983452735,0.01,balanced,0.5,poly,"{'clf__C': 0.01, 'clf__class_weight': 'balanced', 'clf__gamma': 0.5, 'clf__kernel': 'poly'}",0.7359899213796826,0.7194706469128138,0.7336672599928205,0.7157452277479676,0.7571516578027341,0.7324049427672037,0.0146402700470368,75,1.0,1.0,1.0,1.0,1.0,1.0,0.0
0.4158381462097168,0.014220406751010054,0.07201914787292481,0.0010790622543244833,0.01,balanced,0.5,sigmoid,"{'clf__C': 0.01, 'clf__class_weight': 'balanced', 'clf__gamma': 0.5, 'clf__kernel': 'sigmoid'}",0.4229938439017825,0.42225860771471785,0.43583791648918085,0.44522168947153196,0.4653750445937844,0.4383374204341995,0.01599141869640596,309,0.433628711307098,0.428215594942524,0.4306232999879829,0.4125202107304451,0.4463129636310751,0.430260156119825,0.01084488413343213
0.5061154842376709,0.013407304995382377,0.1443113327026367,0.0035746810924159817,0.01,balanced,1,rbf,"{'clf__C': 0.01, 'clf__class_weight': 'balanced', 'clf__gamma': 1, 'clf__kernel': 'rbf'}",0.06310679611650485,0.06310679611650485,0.06310679611650485,0.11014492753623188,0.11014492753623188,0.08192204868439566,0.023043884086461696,515,0.06285482562854826,0.06285482562854826,0.06285482562854826,0.1101878612716763,0.1101878612716763,0.08178803988579947,0.023188357060526542
0.3013167858123779,0.00822989258952255,0.04276528358459473,0.001074885054939477,0.01,balanced,1,poly,"{'clf__C': 0.01, 'clf__class_weight': 'balanced', 'clf__gamma': 1, 'clf__kernel': 'poly'}",0.7359899213796826,0.7194706469128138,0.7336672599928205,0.7157452277479676,0.7571516578027341,0.7324049427672037,0.0146402700470368,75,1.0,1.0,1.0,1.0,1.0,1.0,0.0
0.3889864444732666,0.008164731291464082,0.06857976913452149,0.003051880806441177,0.01,balanced,1,sigmoid,"{'clf__C': 0.01, 'clf__class_weight': 'balanced', 'clf__gamma': 1, 'clf__kernel': 'sigmoid'}",0.42316768352364836,0.41852186835253175,0.4439584007370524,0.4430915309337183,0.47441304451066757,0.44063050561152367,0.019759217913660667,308,0.4329543009811554,0.42758279886736816,0.4315376777777437,0.41326991946914465,0.44514731182116574,0.4300984017833155,0.010258883408760949
0.34211244583129885,0.008860735309772673,0.13573884963989258,0.0031393212024182176,0.1,,scale,rbf,"{'clf__C': 0.1, 'clf__class_weight': None, 'clf__gamma': 'scale', 'clf__kernel': 'rbf'}",0.5567280771508683,0.5508180110816162,0.5561683809970177,0.5493490655685778,0.5086409218070747,0.5443408913210309,0.0180823372261589,266,0.5568834384863302,0.5602180105457306,0.5632965944499783,0.5603890645755494,0.5682929940425288,0.5618160204200235,0.0038226558787790394
0.3386846542358398,0.005643131558978989,0.061530685424804686,0.002651409069139877,0.1,,scale,poly,"{'clf__C': 0.1, 'clf__class_weight': None, 'clf__gamma': 'scale', 'clf__kernel': 'poly'}",0.27362592909234457,0.3035839703003428,0.30747548670654234,0.2842834728314265,0.30573708003953204,0.29494118779403766,0.013537243218617328,373,0.3675585559440848,0.36486969527201424,0.37428734213546994,0.3620687535146012,0.3730972233673924,0.36837631404671256,0.004689939472784047
0.31829266548156737,0.008169809390382215,0.06897492408752441,0.0038311045020011053,0.1,,scale,sigmoid,"{'clf__C': 0.1, 'clf__class_weight': None, 'clf__gamma': 'scale', 'clf__kernel': 'sigmoid'}",0.5544163646046962,0.5629170966632266,0.6019269988697232,0.5764465041915132,0.525748037273461,0.564291000320524,0.025096536427882083,255,0.5751768908586261,0.5748287646882082,0.5660223202569348,0.5679807489579786,0.5748667712469279,0.5717750992017351,0.0039483428112368855
0.3268388271331787,0.003923046126950769,0.1256727695465088,0.009944455765257453,0.1,,auto,rbf,"{'clf__C': 0.1, 'clf__class_weight': None, 'clf__gamma': 'auto', 'clf__kernel': 'rbf'}",0.5567280771508683,0.5508180110816162,0.5561683809970177,0.5493490655685778,0.5088192911454501,0.544376565188706,0.018011909895482497,265,0.5570250220606932,0.5602180105457306,0.5632965944499783,0.5603890645755494,0.5682929940425288,0.561844337134896,0.003786364520291778
0.3423788070678711,0.012175287776223094,0.061548376083374025,0.0019014647543141026,0.1,,auto,poly,"{'clf__C': 0.1, 'clf__class_weight': None, 'clf__gamma': 'auto', 'clf__kernel': 'poly'}",0.27362592909234457,0.3035839703003428,0.30747548670654234,0.2842834728314265,0.29177317350691967,0.29214840648751517,0.012415890284766173,374,0.3634344663968337,0.36034535288714054,0.3668594409466868,0.3608017328256869,0.3730972233673924,0.36490764328474806,0.00470578326224678
0.31222047805786135,0.009007047314854466,0.06929874420166016,0.003579471764838572,0.1,,auto,sigmoid,"{'clf__C': 0.1, 'clf__class_weight': None, 'clf__gamma': 'auto', 'clf__kernel': 'sigmoid'}",0.5544163646046962,0.5629170966632266,0.6019269988697232,0.573503944157288,0.525748037273461,0.563702488313679,0.024837757673553354,256,0.575176547442239,0.5748287646882082,0.566631066309745,0.5673764140101573,0.5748667712469279,0.5717759127394555,0.00390544905408826
0.344256067276001,0.007730591317876066,0.13093600273132325,0.0013117299907926595,0.1,,0.0001,rbf,"{'clf__C': 0.1, 'clf__class_weight': None, 'clf__gamma': 0.0001, 'clf__kernel': 'rbf'}",0.13903743315508021,0.14,0.13903743315508021,0.13941018766756033,0.13941018766756033,0.1393790483290562,0.0003523981125472012,415,0.13946488294314383,0.1392235609103079,0.13946488294314383,0.1393716577540107,0.1393716577540107,0.1393793284609234,8.834064542422246e-05
0.2967228412628174,0.01503615928957815,0.05964593887329102,0.002421641285828294,0.1,,0.0001,poly,"{'clf__C': 0.1, 'clf__class_weight': None, 'clf__gamma': 0.0001, 'clf__kernel': 'poly'}",0.13903743315508021,0.14,0.13903743315508021,0.13941018766756033,0.13941018766756033,0.1393790483290562,0.0003523981125472012,415,0.13946488294314383,0.1392235609103079,0.13946488294314383,0.1393716577540107,0.1393716577540107,0.1393793284609234,8.834064542422246e-05
0.3602879047393799,0.01114196087323044,0.07021913528442383,0.001339361398217476,0.1,,0.0001,sigmoid,"{'clf__C': 0.1, 'clf__class_weight': None, 'clf__gamma': 0.0001, 'clf__kernel': 'sigmoid'}",0.13903743315508021,0.14,0.13903743315508021,0.13941018766756033,0.13941018766756033,0.1393790483290562,0.0003523981125472012,415,0.13946488294314383,0.1392235609103079,0.13946488294314383,0.1393716577540107,0.1393716577540107,0.1393793284609234,8.834064542422246e-05
0.35036411285400393,0.008753734812786103,0.13660769462585448,0.004648734567969519,0.1,,0.001,rbf,"{'clf__C': 0.1, 'clf__class_weight': None, 'clf__gamma': 0.001, 'clf__kernel': 'rbf'}",0.5362072359485814,0.530384748283581,0.5478985104601808,0.5337179284547705,0.4924512848876787,0.5281319416069585,0.018789972186452408,284,0.5370860410021816,0.5491035666072107,0.5322417141824343,0.5307635850543392,0.5497267912158248,0.5397843396123981,0.00813936560464881
0.3484994411468506,0.008594972919442289,0.06183018684387207,0.0024417713039506703,0.1,,0.001,poly,"{'clf__C': 0.1, 'clf__class_weight': None, 'clf__gamma': 0.001, 'clf__kernel': 'poly'}",0.1712598983670302,0.15325067024128688,0.18280666251556663,0.15260545905707196,0.17142429093648606,0.16626939622348832,0.011671757645267646,388,0.18328661507650262,0.18795049931712224,0.18048340040824543,0.19030553870250128,0.17856286644726735,0.18411778399032777,0.00442119236970051
0.34594001770019533,0.006998696992094314,0.07264795303344726,0.0035059393043170074,0.1,,0.001,sigmoid,"{'clf__C': 0.1, 'clf__class_weight': None, 'clf__gamma': 0.001, 'clf__kernel': 'sigmoid'}",0.440179985704654,0.49357881132242776,0.47492101863576486,0.4498205126677273,0.45291210737324405,0.46228248714076353,0.019343307783940833,304,0.46513049235883064,0.46338046333658844,0.46442511906593953,0.46141602768532125,0.47844292803970223,0.46655900609727646,0.006072480335488368
0.4149172306060791,0.01913087654549518,0.13273682594299316,0.005555668181968227,0.1,,0.01,rbf,"{'clf__C': 0.1, 'clf__class_weight': None, 'clf__gamma': 0.01, 'clf__kernel': 'rbf'}",0.3284591230572979,0.3217751061999824,0.3207214824209117,0.29930429522081065,0.32453645174884116,0.3189592917295688,0.010185327918723234,372,0.3407838722020833,0.3382811657105338,0.3216533940386165,0.3426223890099912,0.34291367281058005,0.33725089875436093,0.007971767963495708
0.2529395580291748,0.006823951265266362,0.0479982852935791,0.0013336617177064393,0.1,,0.01,poly,"{'clf__C': 0.1, 'clf__class_weight': None, 'clf__gamma': 0.01, 'clf__kernel': 'poly'}",0.7346481241993164,0.7074909069486163,0.706985451838393,0.6845100349554221,0.7169762017354231,0.7101221439354342,0.01625573245366928,184,0.8995515506961994,0.9016766644561727,0.8894702414033839,0.8989300628388839,0.8939369949924256,0.8967131028774131,0.004422091323298087
0.30794920921325686,0.015939244116174565,0.06329865455627441,0.002169092485739173,0.1,,0.01,sigmoid,"{'clf__C': 0.1, 'clf__class_weight': None, 'clf__gamma': 0.01, 'clf__kernel': 'sigmoid'}",0.5353009450008256,0.5909242117367409,0.558341012424939,0.5568519391438247,0.5359823064542178,0.5554800829521096,0.020266790910153844,262,0.5517868082272764,0.5608918788682025,0.5302949128203747,0.5426556110550287,0.5366985996951787,0.5444655621332122,0.010842817495602657
0.48323616981506345,0.00642352089762715,0.13962287902832032,0.004832669311637094,0.1,,0.1,rbf,"{'clf__C': 0.1, 'clf__class_weight': None, 'clf__gamma': 0.1, 'clf__kernel': 'rbf'}",0.13903743315508021,0.14,0.13903743315508021,0.13941018766756033,0.13941018766756033,0.1393790483290562,0.0003523981125472012,415,0.13946488294314383,0.1392235609103079,0.13946488294314383,0.1393716577540107,0.1393716577540107,0.1393793284609234,8.834064542422246e-05
0.30028448104858396,0.005168249204845462,0.0448056697845459,0.002189035026783325,0.1,,0.1,poly,"{'clf__C': 0.1, 'clf__class_weight': None, 'clf__gamma': 0.1, 'clf__kernel': 'poly'}",0.7359899213796826,0.7194706469128138,0.7336672599928205,0.7157452277479676,0.7571516578027341,0.7324049427672037,0.0146402700470368,75,1.0,1.0,1.0,1.0,1.0,1.0,0.0
0.29523048400878904,0.02805694652267643,0.05929985046386719,0.0013981520431212485,0.1,,0.1,sigmoid,"{'clf__C': 0.1, 'clf__class_weight': None, 'clf__gamma': 0.1, 'clf__kernel': 'sigmoid'}",0.39783343603437066,0.3252296161923227,0.3353035697143978,0.3418371849274919,0.378071380374012,0.355655037448519,0.027612791540382535,338,0.3428222543497686,0.36340359733731775,0.32427968804723073,0.32550469996963105,0.32864773927113045,0.33693159579501575,0.014796849128346863
0.4865418434143066,0.01342536456680273,0.14282622337341308,0.0034131723283135776,0.1,,0.5,rbf,"{'clf__C': 0.1, 'clf__class_weight': None, 'clf__gamma': 0.5, 'clf__kernel': 'rbf'}",0.13903743315508021,0.14,0.13903743315508021,0.13941018766756033,0.13941018766756033,0.1393790483290562,0.0003523981125472012,415,0.13946488294314383,0.1392235609103079,0.13946488294314383,0.1393716577540107,0.1393716577540107,0.1393793284609234,8.834064542422246e-05
0.30017776489257814,0.012519270299071118,0.044665193557739256,0.0013535337048016253,0.1,,0.5,poly,"{'clf__C': 0.1, 'clf__class_weight': None, 'clf__gamma': 0.5, 'clf__kernel': 'poly'}",0.7359899213796826,0.7194706469128138,0.7336672599928205,0.7157452277479676,0.7571516578027341,0.7324049427672037,0.0146402700470368,75,1.0,1.0,1.0,1.0,1.0,1.0,0.0
0.29072961807250974,0.014844134633537644,0.05546360015869141,0.0007472236274038373,0.1,,0.5,sigmoid,"{'clf__C': 0.1, 'clf__class_weight': None, 'clf__gamma': 0.5, 'clf__kernel': 'sigmoid'}",0.37665343861339523,0.3128041804439627,0.3148017062285307,0.36192110527074844,0.36229587448180417,0.34569526100768827,0.026583837412890086,360,0.3287625760542891,0.3256974543340352,0.3148622820227235,0.3233360107997803,0.3157770254314219,0.32168706972845,0.005484000946927235
0.5123002052307128,0.012214136472048486,0.1485661506652832,0.003032119804898589,0.1,,1,rbf,"{'clf__C': 0.1, 'clf__class_weight': None, 'clf__gamma': 1, 'clf__kernel': 'rbf'}",0.13903743315508021,0.14,0.13903743315508021,0.13941018766756033,0.13941018766756033,0.1393790483290562,0.0003523981125472012,415,0.13946488294314383,0.1392235609103079,0.13946488294314383,0.1393716577540107,0.1393716577540107,0.1393793284609234,8.834064542422246e-05
0.29430384635925294,0.011290562845012491,0.043671798706054685,0.0015239842871467325,0.1,,1,poly,"{'clf__C': 0.1, 'clf__class_weight': None, 'clf__gamma': 1, 'clf__kernel': 'poly'}",0.7359899213796826,0.7194706469128138,0.7336672599928205,0.7157452277479676,0.7571516578027341,0.7324049427672037,0.0146402700470368,75,1.0,1.0,1.0,1.0,1.0,1.0,0.0
0.26238241195678713,0.0060945795954101155,0.052501487731933597,0.0017696941833083187,0.1,,1,sigmoid,"{'clf__C': 0.1, 'clf__class_weight': None, 'clf__gamma': 1, 'clf__kernel': 'sigmoid'}",0.352605871123578,0.28651958797962385,0.34171262159127186,0.35042728684880114,0.35086053371367126,0.33642518025138923,0.025237980710690885,367,0.32918963835754445,0.3193365459783161,0.3200603542895003,0.3152880092756588,0.3164192170956493,0.3200587529993338,0.004896955589778528
0.4000659465789795,0.021810790602927368,0.13009629249572754,0.004362285596360372,0.1,balanced,scale,rbf,"{'clf__C': 0.1, 'clf__class_weight': 'balanced', 'clf__gamma': 'scale', 'clf__kernel': 'rbf'}",0.6582178797904604,0.6805155206815489,0.6607667450058754,0.6991400177054856,0.6468801172218228,0.6691040560810386,0.018516498392761517,211,0.7094998610310017,0.7072714681723604,0.7120615908233636,0.701390559515118,0.6985486996749187,0.7057544358433525,0.005041346074266509
0.37682037353515624,0.004808899982529144,0.06019015312194824,0.0020689225090222067,0.1,balanced,scale,poly,"{'clf__C': 0.1, 'clf__class_weight': 'balanced', 'clf__gamma': 'scale', 'clf__kernel': 'poly'}",0.4353781884350383,0.48875767643894935,0.473232122629713,0.42455122662846184,0.46918171763471755,0.458220186353376,0.02422150869529955,305,0.5397372494241834,0.5549323197738524,0.5368638582857951,0.529667581030433,0.5689846556698802,0.5460371328368289,0.014124538067928837
0.35763773918151853,0.008314838979709398,0.06895499229431153,0.0016867840761316188,0.1,balanced,scale,sigmoid,"{'clf__C': 0.1, 'clf__class_weight': 'balanced', 'clf__gamma': 'scale', 'clf__kernel': 'sigmoid'}",0.6136128417603958,0.6487678396071855,0.595402975001596,0.6378710449744157,0.6514140736721119,0.629413755003141,0.021617226379317317,222,0.6552015581181643,0.6411891575206987,0.6406036081746709,0.6479837537817497,0.629837911019858,0.6429631977230283,0.00843767125238493
0.38774933815002444,0.00973882425496635,0.133469820022583,0.004140952894098032,0.1,balanced,auto,rbf,"{'clf__C': 0.1, 'clf__class_weight': 'balanced', 'clf__gamma': 'auto', 'clf__kernel': 'rbf'}",0.6582178797904604,0.6805155206815489,0.6607667450058754,0.69966570104632,0.6468801172218228,0.6692091927492055,0.018687447376939354,210,0.7102790113987024,0.7071392585736126,0.71212191375261,0.702099394274984,0.6995696505393914,0.7062418457078602,0.004761456691343447
0.39486241340637207,0.014623665148030185,0.06104264259338379,0.0006531257999082363,0.1,balanced,auto,poly,"{'clf__C': 0.1, 'clf__class_weight': 'balanced', 'clf__gamma': 'auto', 'clf__kernel': 'poly'}",0.4353781884350383,0.49261929048044056,0.467975695875633,0.41385170906101293,0.46918171763471755,0.4558013202973685,0.02778376353187257,306,0.5363152754402117,0.5542008490891893,0.5343267978241251,0.5236937953486249,0.566733631288602,0.5430540697981506,0.015371201470355887
0.3608542919158936,0.004505100479015824,0.06701130867004394,0.0007409780545308411,0.1,balanced,auto,sigmoid,"{'clf__C': 0.1, 'clf__class_weight': 'balanced', 'clf__gamma': 'auto', 'clf__kernel': 'sigmoid'}",0.6136128417603958,0.6487678396071855,0.6003968705655595,0.6430276761376889,0.6514140736721119,0.6314438603485883,0.020566843531544296,221,0.6552015581181643,0.6418623660495554,0.6419646465511608,0.6479982952165667,0.6323943167858287,0.6438842365442552,0.007547162227758126
0.4500260829925537,0.014488548134293799,0.13857440948486327,0.007137193539821018,0.1,balanced,0.0001,rbf,"{'clf__C': 0.1, 'clf__class_weight': 'balanced', 'clf__gamma': 0.0001, 'clf__kernel': 'rbf'}",0.3135453303898825,0.4058816626456955,0.43843642108005987,0.28965909893041175,0.27631673420441705,0.3447678494500933,0.06512461091352134,362,0.31614068258145,0.41131617793047487,0.3969290577843209,0.2905915047345863,0.2926068424383323,0.3415168530938329,0.05209988186938036
0.40917186737060546,0.015712273870405552,0.06143431663513184,0.0019543900330183457,0.1,balanced,0.0001,poly,"{'clf__C': 0.1, 'clf__class_weight': 'balanced', 'clf__gamma': 0.0001, 'clf__kernel': 'poly'}",0.06310679611650485,0.14,0.06310679611650485,0.06188925081433225,0.07836990595611286,0.08129454980069097,0.029976783755514564,523,0.06285482562854826,0.1392235609103079,0.06285482562854826,0.06315789473684211,0.07884465261514442,0.0813871519038782,0.02956590793669202
0.46788554191589354,0.009763930435418074,0.07069945335388184,0.0025505668937610463,0.1,balanced,0.0001,sigmoid,"{'clf__C': 0.1, 'clf__class_weight': 'balanced', 'clf__gamma': 0.0001, 'clf__kernel': 'sigmoid'}",0.27593404176778746,0.19488086265870486,0.2108926443505579,0.10518867924528302,0.12431664891728789,0.18224257538792424,0.06172739990855599,385,0.28408770553241386,0.1834826112448312,0.18358129955009378,0.13529510713009105,0.1272381457891012,0.1827369738493062,0.055864282520365134
0.3940251350402832,0.012407197177922175,0.13448195457458495,0.0036225558939574523,0.1,balanced,0.001,rbf,"{'clf__C': 0.1, 'clf__class_weight': 'balanced', 'clf__gamma': 0.001, 'clf__kernel': 'rbf'}",0.6448338838778035,0.6670573345987387,0.6679813767863169,0.6614235378977853,0.6424042936014721,0.6567400853524233,0.010972871561609221,213,0.6833384914155256,0.6744963526596599,0.6802186720496899,0.6857878513687954,0.6761955005744882,0.6800073736136317,0.0042298142734352485
0.42574057579040525,0.007380219758324558,0.06373739242553711,0.0010583310761727832,0.1,balanced,0.001,poly,"{'clf__C': 0.1, 'clf__class_weight': 'balanced', 'clf__gamma': 0.001, 'clf__kernel': 'poly'}",0.11484634195347379,0.18456251625682785,0.1620573661067827,0.09275781689574793,0.12182562660269666,0.1352099335631058,0.03332404476746858,484,0.141637319934789,0.24308190119549147,0.12935820883146593,0.15172564978396144,0.14146856209047712,0.16145432836723697,0.04142466269975934
0.4344533920288086,0.016475253904429433,0.07080564498901368,0.002844013228838422,0.1,balanced,0.001,sigmoid,"{'clf__C': 0.1, 'clf__class_weight': 'balanced', 'clf__gamma': 0.001, 'clf__kernel': 'sigmoid'}",0.6133937303463767,0.6607981871994081,0.6561542847194045,0.6150134716955051,0.5794971165144597,0.6249713580950308,0.030189548554742377,227,0.6242242238248006,0.6213898572021316,0.6398696276016757,0.6407695619664784,0.6309211126821592,0.631434876655449,0.00789229062899654
0.46851363182067873,0.015902280531611728,0.13325181007385253,0.005435382030993507,0.1,balanced,0.01,rbf,"{'clf__C': 0.1, 'clf__class_weight': 'balanced', 'clf__gamma': 0.01, 'clf__kernel': 'rbf'}",0.5696256119491853,0.49341554803739684,0.517026638671642,0.5344020882584712,0.5771794010787721,0.5383298575990935,0.03154444794568039,270,0.6510898877676075,0.6614757957814932,0.6600330194425079,0.6467513452498209,0.6482840571376136,0.6535268210758086,0.0060802813485439245
0.27332773208618166,0.007485848718142418,0.04693546295166016,0.0008732749890520392,0.1,balanced,0.01,poly,"{'clf__C': 0.1, 'clf__class_weight': 'balanced', 'clf__gamma': 0.01, 'clf__kernel': 'poly'}",0.7293272714650655,0.7330447421860427,0.7043388624106359,0.6998065286189794,0.7471345669169653,0.7227303943195378,0.01794001262409191,177,0.9182210101301842,0.9171163680630529,0.9156334030963835,0.9207368350461073,0.9132307394502516,0.9169876711571959,0.0025116725747185314
0.31971001625061035,0.007267646780953461,0.06345362663269043,0.0025850059632674485,0.1,balanced,0.01,sigmoid,"{'clf__C': 0.1, 'clf__class_weight': 'balanced', 'clf__gamma': 0.01, 'clf__kernel': 'sigmoid'}",0.5598210821399157,0.5641715869030792,0.5291765330274695,0.5586758405748804,0.5675635382257385,0.5558817161742167,0.013723552495065374,261,0.5659968144393182,0.5566406211583014,0.5553002591723043,0.5560951238751264,0.5507247016598098,0.556951504060972,0.004982917877468362
0.5010466575622559,0.01645723253213979,0.14238123893737792,0.004240430062520879,0.1,balanced,0.1,rbf,"{'clf__C': 0.1, 'clf__class_weight': 'balanced', 'clf__gamma': 0.1, 'clf__kernel': 'rbf'}",0.06310679611650485,0.06310679611650485,0.06310679611650485,0.06188925081433225,0.07836990595611286,0.06591590902399194,0.006244827650203465,526,0.06285482562854826,0.06285482562854826,0.06285482562854826,0.06315789473684211,0.07884465261514442,0.06611340484752626,0.006366705982121438
0.2918846130371094,0.002108230876710338,0.04270715713500976,0.0011874757846554158,0.1,balanced,0.1,poly,"{'clf__C': 0.1, 'clf__class_weight': 'balanced', 'clf__gamma': 0.1, 'clf__kernel': 'poly'}",0.7359899213796826,0.7194706469128138,0.7336672599928205,0.7157452277479676,0.7571516578027341,0.7324049427672037,0.0146402700470368,75,1.0,1.0,1.0,1.0,1.0,1.0,0.0
0.31726346015930174,0.010604075144755096,0.06400928497314454,0.002945909463058868,0.1,balanced,0.1,sigmoid,"{'clf__C': 0.1, 'clf__class_weight': 'balanced', 'clf__gamma': 0.1, 'clf__kernel': 'sigmoid'}",0.37534286635185193,0.31822256450844316,0.32515360124066645,0.37120805517363237,0.34645282439685743,0.34727598233429025,0.023214962892270874,355,0.3273614079366424,0.3490050394766643,0.3034443041270354,0.3319387301295401,0.31907317224097315,0.32616453078217106,0.014986385792911052
0.48431549072265623,0.005944094298541173,0.14976739883422852,0.012206825949387901,0.1,balanced,0.5,rbf,"{'clf__C': 0.1, 'clf__class_weight': 'balanced', 'clf__gamma': 0.5, 'clf__kernel': 'rbf'}",0.06310679611650485,0.06310679611650485,0.06310679611650485,0.06188925081433225,0.07836990595611286,0.06591590902399194,0.006244827650203465,526,0.06285482562854826,0.06285482562854826,0.06285482562854826,0.06315789473684211,0.07884465261514442,0.06611340484752626,0.006366705982121438
0.29531116485595704,0.009816641825853024,0.043123388290405275,0.0006813903151168458,0.1,balanced,0.5,poly,"{'clf__C': 0.1, 'clf__class_weight': 'balanced', 'clf__gamma': 0.5, 'clf__kernel': 'poly'}",0.7359899213796826,0.7194706469128138,0.7336672599928205,0.7157452277479676,0.7571516578027341,0.7324049427672037,0.0146402700470368,75,1.0,1.0,1.0,1.0,1.0,1.0,0.0
0.2920926570892334,0.02089266502597986,0.06109962463378906,0.002206490612305453,0.1,balanced,0.5,sigmoid,"{'clf__C': 0.1, 'clf__class_weight': 'balanced', 'clf__gamma': 0.5, 'clf__kernel': 'sigmoid'}",0.37009946689598416,0.3115489388772245,0.3691009093416678,0.3227208709170041,0.34569882771612787,0.3438338027496016,0.023748088060039682,363,0.32710122226882826,0.30934195655665486,0.32045830532349484,0.2882931569398243,0.27825624667729926,0.30469017755322036,0.018655523648885237
0.5031695365905762,0.005335226994659864,0.1496962070465088,0.014112001020936757,0.1,balanced,1,rbf,"{'clf__C': 0.1, 'clf__class_weight': 'balanced', 'clf__gamma': 1, 'clf__kernel': 'rbf'}",0.06310679611650485,0.06310679611650485,0.06310679611650485,0.06188925081433225,0.07836990595611286,0.06591590902399194,0.006244827650203465,526,0.06285482562854826,0.06285482562854826,0.06285482562854826,0.06315789473684211,0.07884465261514442,0.06611340484752626,0.006366705982121438
0.29120473861694335,0.012264653828326096,0.043043088912963864,0.0012437474263964467,0.1,balanced,1,poly,"{'clf__C': 0.1, 'clf__class_weight': 'balanced', 'clf__gamma': 1, 'clf__kernel': 'poly'}",0.7359899213796826,0.7194706469128138,0.7336672599928205,0.7157452277479676,0.7571516578027341,0.7324049427672037,0.0146402700470368,75,1.0,1.0,1.0,1.0,1.0,1.0,0.0
0.2859323978424072,0.014026065889287443,0.05657119750976562,0.0016923405097565352,0.1,balanced,1,sigmoid,"{'clf__C': 0.1, 'clf__class_weight': 'balanced', 'clf__gamma': 1, 'clf__kernel': 'sigmoid'}",0.3540802963036531,0.3107519551202744,0.3435139107153251,0.313022481412828,0.36052152495180984,0.3363780337007781,0.020733435498758297,368,0.32055763919766767,0.3055922622259744,0.2829139463312898,0.27543628148509,0.27814430527776407,0.29252888690355716,0.01759422155554315
0.2834122657775879,0.027436559128920263,0.1005361557006836,0.0037077800908362204,0.5,,scale,rbf,"{'clf__C': 0.5, 'clf__class_weight': None, 'clf__gamma': 'scale', 'clf__kernel': 'rbf'}",0.7551626200280319,0.715400524157694,0.7228762783110609,0.7299624942806283,0.7483666409537193,0.7343537115462269,0.015097088710805999,69,0.8331459415168182,0.8405064453064672,0.8523929074418206,0.8433973644522468,0.82537411116256,0.8389633539759827,0.009175012741264596
0.3099817276000977,0.032564471219601446,0.05546550750732422,0.004895542971115902,0.5,,scale,poly,"{'clf__C': 0.5, 'clf__class_weight': None, 'clf__gamma': 'scale', 'clf__kernel': 'poly'}",0.5193371519267889,0.5872803006994662,0.5478512176820529,0.55075886110911,0.5653513412724621,0.554115774537976,0.02229883354107399,263,0.680502622960793,0.6745924230867023,0.6797175533194545,0.6671721323954812,0.6869726398840705,0.6777914743293003,0.006608453072884659
0.2368344783782959,0.007452504842456992,0.052081966400146486,0.0008046233428935241,0.5,,scale,sigmoid,"{'clf__C': 0.5, 'clf__class_weight': None, 'clf__gamma': 'scale', 'clf__kernel': 'sigmoid'}",0.6318050589735688,0.6660875890750553,0.6024827121838102,0.6655505084543436,0.6564149238456941,0.6444681585064944,0.02440377942941659,215,0.6722335264888456,0.6710079442755483,0.6535872395548098,0.6552551446502317,0.659107134770108,0.6622381979479087,0.007876810450850294
0.2779990196228027,0.016163179834356077,0.1056680679321289,0.006045898097670597,0.5,,auto,rbf,"{'clf__C': 0.5, 'clf__class_weight': None, 'clf__gamma': 'auto', 'clf__kernel': 'rbf'}",0.7551626200280319,0.715400524157694,0.7228762783110609,0.7292453891138102,0.7483666409537193,0.7342102905128632,0.015141464650062851,70,0.8323967542511191,0.8405064453064672,0.8509756824329916,0.8423773274679113,0.8246258902524672,0.8381764199421913,0.008987982564723601
0.3031660556793213,0.03809685042506507,0.0533806324005127,0.0007904432589790957,0.5,,auto,poly,"{'clf__C': 0.5, 'clf__class_weight': None, 'clf__gamma': 'auto', 'clf__kernel': 'poly'}",0.5097731445056386,0.5872803006994662,0.5478512176820529,0.5469680372991799,0.5653513412724621,0.5514448082917599,0.02548355199080321,264,0.674535900616138,0.6717776970508581,0.6787924304890582,0.6650790252085872,0.6841523731637209,0.6748674853056725,0.0064356045274281985
0.21054553985595703,0.028700406253548468,0.05091257095336914,0.001204623713737049,0.5,,auto,sigmoid,"{'clf__C': 0.5, 'clf__class_weight': None, 'clf__gamma': 'auto', 'clf__kernel': 'sigmoid'}",0.6397075549249462,0.6716827903447621,0.6051112336826623,0.6655505084543436,0.6561570302647487,0.6476418235342926,0.02384534133915059,214,0.673411652021623,0.673693793434785,0.6557642963786096,0.6575369909522966,0.6593995697999091,0.6639612605174446,0.007915839555105268
0.3221301555633545,0.004311116264020467,0.13368382453918456,0.004232706763170278,0.5,,0.0001,rbf,"{'clf__C': 0.5, 'clf__class_weight': None, 'clf__gamma': 0.0001, 'clf__kernel': 'rbf'}",0.4267471570223864,0.4871674491392801,0.49487089265414397,0.465406859833922,0.4558082781901715,0.4660001273679808,0.024193379409089333,303,0.4760178726775486,0.4730816793429516,0.48247741902385166,0.4778631840787924,0.48474846787486686,0.4788377245996022,0.0042477667698125506
0.31507258415222167,0.012510540871818611,0.06132607460021973,0.0008285195314989858,0.5,,0.0001,poly,"{'clf__C': 0.5, 'clf__class_weight': None, 'clf__gamma': 0.0001, 'clf__kernel': 'poly'}",0.13903743315508021,0.14,0.13903743315508021,0.13941018766756033,0.13941018766756033,0.1393790483290562,0.0003523981125472012,415,0.13946488294314383,0.1392235609103079,0.13946488294314383,0.1393716577540107,0.1393716577540107,0.1393793284609234,8.834064542422246e-05
0.3623154640197754,0.010640952959001802,0.07145581245422364,0.001547918699530186,0.5,,0.0001,sigmoid,"{'clf__C': 0.5, 'clf__class_weight': None, 'clf__gamma': 0.0001, 'clf__kernel': 'sigmoid'}",0.13941018766756033,0.16666666666666666,0.1477134696825449,0.13918918918918918,0.14747718733225978,0.1480913401076442,0.01000173410091396,407,0.14714797085486742,0.14384598198289344,0.15031942522416636,0.1519669918169128,0.1518431960490343,0.14902471318557486,0.0031182862955287305
0.25736703872680666,0.004956509243826975,0.1024078369140625,0.004555760485148814,0.5,,0.001,rbf,"{'clf__C': 0.5, 'clf__class_weight': None, 'clf__gamma': 0.001, 'clf__kernel': 'rbf'}",0.7556618993969384,0.7359900344077895,0.7311779974010243,0.7188313475765078,0.7212584813086447,0.7325839520181809,0.01314207119573392,74,0.7755066221467415,0.7906977733864919,0.7795041449036664,0.7872821811650391,0.7552508880126436,0.7776483219229166,0.012432018581303937
0.33321714401245117,0.0036772590408071866,0.062247085571289065,0.001129138725371933,0.5,,0.001,poly,"{'clf__C': 0.5, 'clf__class_weight': None, 'clf__gamma': 0.001, 'clf__kernel': 'poly'}",0.21116578296328584,0.20238095238095238,0.24577112490997216,0.1600710359586556,0.20904423666980743,0.2056866265765347,0.027348752425650248,382,0.2390778969166021,0.23920600444419327,0.23536422397452422,0.23895391839325203,0.23734609245935193,0.2379896272375847,0.0014765257288924874
0.27419543266296387,0.007121649683490353,0.059267616271972655,0.0007733741386221062,0.5,,0.001,sigmoid,"{'clf__C': 0.5, 'clf__class_weight': None, 'clf__gamma': 0.001, 'clf__kernel': 'sigmoid'}",0.6390675181595898,0.6868368678161267,0.6211155081012468,0.6668758343200574,0.6031979866610047,0.6434187430116052,0.03023059834269864,216,0.6700905542709403,0.6452956674300471,0.6792417488656521,0.6710400790123047,0.6588953246179008,0.664912674839369,0.011753411106077213
0.37980070114135744,0.012873002927357685,0.12045888900756836,0.006751519941101071,0.5,,0.01,rbf,"{'clf__C': 0.5, 'clf__class_weight': None, 'clf__gamma': 0.01, 'clf__kernel': 'rbf'}",0.6559312760589088,0.5961992145366043,0.6011295512377713,0.6556486813839755,0.6340136866396118,0.6285844819713744,0.02573858220045997,223,0.8001098536882568,0.8005358117570786,0.8162487726203522,0.8064524351709477,0.7884101462682134,0.8023514039009697,0.00908443615610532
0.2894237995147705,0.013292094528006308,0.044183206558227536,0.001108334378461648,0.5,,0.01,poly,"{'clf__C': 0.5, 'clf__class_weight': None, 'clf__gamma': 0.01, 'clf__kernel': 'poly'}",0.7084768860884463,0.7272528835188681,0.7339123350917987,0.7423247250833457,0.75219302238772,0.7328319704340357,0.01476770974570378,72,0.9845390115983549,0.9775336636885588,0.9800977509463356,0.981264858434608,0.9815444284254584,0.980995942618663,0.0022680658659420976
0.2170856475830078,0.007166274331819908,0.047992801666259764,0.0008820112430533705,0.5,,0.01,sigmoid,"{'clf__C': 0.5, 'clf__class_weight': None, 'clf__gamma': 0.01, 'clf__kernel': 'sigmoid'}",0.5062053155177109,0.5447183184107449,0.4827752279742578,0.48917711566150124,0.4975937667099534,0.5040939488548337,0.021790132681645532,286,0.4867655267704983,0.500903945581906,0.4609307095182503,0.493843301831545,0.48764587089438516,0.4860178709193169,0.013530762197127143
0.4874769687652588,0.02648459344636533,0.1281057357788086,0.025858995675733867,0.5,,0.1,rbf,"{'clf__C': 0.5, 'clf__class_weight': None, 'clf__gamma': 0.1, 'clf__kernel': 'rbf'}",0.13903743315508021,0.14,0.13903743315508021,0.13941018766756033,0.13941018766756033,0.1393790483290562,0.0003523981125472012,415,0.14455366875484288,0.15176836251674924,0.15206880823613736,0.14448434130611112,0.14696878114126086,0.1479687923910203,0.0033481742602107997
0.29761652946472167,0.012260348021141869,0.044745016098022464,0.0017411030349090322,0.5,,0.1,poly,"{'clf__C': 0.5, 'clf__class_weight': None, 'clf__gamma': 0.1, 'clf__kernel': 'poly'}",0.7359899213796826,0.7194706469128138,0.7336672599928205,0.7157452277479676,0.7571516578027341,0.7324049427672037,0.0146402700470368,75,1.0,1.0,1.0,1.0,1.0,1.0,0.0
0.24935479164123536,0.01582258477237839,0.05464458465576172,0.0017013369118795902,0.5,,0.1,sigmoid,"{'clf__C': 0.5, 'clf__class_weight': None, 'clf__gamma': 0.1, 'clf__kernel': 'sigmoid'}",0.3637324241097826,0.36712788078566433,0.31987149022471656,0.3872014041021305,0.36504714757190004,0.3605960693588388,0.022084603511732574,323,0.33473204203339973,0.35754276707049937,0.3010686652243172,0.32978477113231813,0.3235892182195642,0.3293434927360197,0.01820443797084566
0.5667163848876953,0.07696165975518503,0.13358707427978517,0.008533209269512837,0.5,,0.5,rbf,"{'clf__C': 0.5, 'clf__class_weight': None, 'clf__gamma': 0.5, 'clf__kernel': 'rbf'}",0.13903743315508021,0.14,0.13903743315508021,0.13941018766756033,0.13941018766756033,0.1393790483290562,0.0003523981125472012,415,0.13946488294314383,0.1392235609103079,0.13946488294314383,0.1393716577540107,0.1393716577540107,0.1393793284609234,8.834064542422246e-05
0.2966790199279785,0.008118306511416006,0.04453110694885254,0.0008191567623621345,0.5,,0.5,poly,"{'clf__C': 0.5, 'clf__class_weight': None, 'clf__gamma': 0.5, 'clf__kernel': 'poly'}",0.7359899213796826,0.7194706469128138,0.7336672599928205,0.7157452277479676,0.7571516578027341,0.7324049427672037,0.0146402700470368,75,1.0,1.0,1.0,1.0,1.0,1.0,0.0
0.27663412094116213,0.057726344785580544,0.0580653190612793,0.015254393609536527,0.5,,0.5,sigmoid,"{'clf__C': 0.5, 'clf__class_weight': None, 'clf__gamma': 0.5, 'clf__kernel': 'sigmoid'}",0.3670967642905385,0.30225508488620223,0.32462826589921556,0.36207199900678866,0.3757695607412492,0.34636433496479885,0.028140057850995298,359,0.3507322054526683,0.30941382225860303,0.29682212880199715,0.3174632196586771,0.3376284719201138,0.3224119696184119,0.0194003072860526
0.5686079025268554,0.0799112127991326,0.14087796211242676,0.011337677728372086,0.5,,1,rbf,"{'clf__C': 0.5, 'clf__class_weight': None, 'clf__gamma': 1, 'clf__kernel': 'rbf'}",0.13903743315508021,0.14,0.13903743315508021,0.13941018766756033,0.13941018766756033,0.1393790483290562,0.0003523981125472012,415,0.13946488294314383,0.1392235609103079,0.13946488294314383,0.1393716577540107,0.1393716577540107,0.1393793284609234,8.834064542422246e-05
0.32657556533813475,0.07520157735520173,0.043097925186157224,0.002027123896160679,0.5,,1,poly,"{'clf__C': 0.5, 'clf__class_weight': None, 'clf__gamma': 1, 'clf__kernel': 'poly'}",0.7359899213796826,0.7194706469128138,0.7336672599928205,0.7157452277479676,0.7571516578027341,0.7324049427672037,0.0146402700470368,75,1.0,1.0,1.0,1.0,1.0,1.0,0.0
0.21057391166687012,0.03402506576594549,0.043924474716186525,0.007128042793108746,0.5,,1,sigmoid,"{'clf__C': 0.5, 'clf__class_weight': None, 'clf__gamma': 1, 'clf__kernel': 'sigmoid'}",0.37161060040029137,0.2807252652671499,0.33079575433670494,0.3700937266402162,0.38368727071754255,0.34738252347238097,0.03778662227638125,354,0.3563415805096991,0.300752872163772,0.30836583613404983,0.32376578615562074,0.3364348248528499,0.3251321799631983,0.01989524782548472
0.2821355819702148,0.030221441614667627,0.10734586715698242,0.007003226528440391,0.5,balanced,scale,rbf,"{'clf__C': 0.5, 'clf__class_weight': 'balanced', 'clf__gamma': 'scale', 'clf__kernel': 'rbf'}",0.7923518425541449,0.7534279632127348,0.7721478535295326,0.7944377353590443,0.7717232341896754,0.7768177257690263,0.015143421448741355,44,0.8531685641759239,0.8697115688811018,0.8626705823257061,0.8608633971326867,0.8597940427445468,0.8612416310519931,0.005314032934837105
0.33309507369995117,0.005383542479163197,0.0538426399230957,0.002245595077696534,0.5,balanced,scale,poly,"{'clf__C': 0.5, 'clf__class_weight': 'balanced', 'clf__gamma': 'scale', 'clf__kernel': 'poly'}",0.5994547532502391,0.6543501423278152,0.5845593083216846,0.5968045947076979,0.6158537552332219,0.6102045107681316,0.024222065124464898,234,0.7492193747141933,0.7504471203855991,0.7398405650133459,0.7501608915899943,0.7427711432622903,0.7464878189930846,0.00435036987934325
0.24049820899963378,0.009460195288259306,0.0532832145690918,0.0011366492974992503,0.5,balanced,scale,sigmoid,"{'clf__C': 0.5, 'clf__class_weight': 'balanced', 'clf__gamma': 'scale', 'clf__kernel': 'sigmoid'}",0.5987821045164751,0.6075192043152392,0.5806046222646062,0.6073158763014249,0.6162057761098049,0.60208551670151,0.012071492917275797,237,0.6173374928015897,0.6223827921125372,0.6080676405500487,0.6223834825834134,0.5996653920125893,0.6139673600120357,0.008858457992011572
0.29666895866394044,0.010092989621575536,0.10800762176513672,0.004615706459396305,0.5,balanced,auto,rbf,"{'clf__C': 0.5, 'clf__class_weight': 'balanced', 'clf__gamma': 'auto', 'clf__kernel': 'rbf'}",0.7960910378112984,0.7534279632127348,0.7721478535295326,0.7944377353590443,0.7717232341896754,0.777565564820457,0.01596227754690327,35,0.8521976532046293,0.8684096369519689,0.8619083506028318,0.8608633971326867,0.8597940427445468,0.8606346161273326,0.005177153581977908
0.34801249504089354,0.015208431506205544,0.054961442947387695,0.001492042821781186,0.5,balanced,auto,poly,"{'clf__C': 0.5, 'clf__class_weight': 'balanced', 'clf__gamma': 'auto', 'clf__kernel': 'poly'}",0.5994547532502391,0.642778267895389,0.5845593083216846,0.5968045947076979,0.6158537552332219,0.6078901358816464,0.02009464309946984,235,0.7458453161122283,0.7468662812673823,0.7355335293182902,0.7492303954762379,0.7422185193856293,0.7439388083119536,0.004771034972956006
0.25488572120666503,0.01772817036594874,0.052349853515625,0.0014279433276826535,0.5,balanced,auto,sigmoid,"{'clf__C': 0.5, 'clf__class_weight': 'balanced', 'clf__gamma': 'auto', 'clf__kernel': 'sigmoid'}",0.5919272658067977,0.6147027050384583,0.5841976944726532,0.6100199303808029,0.6119019077070943,0.6025499006811613,0.012170422155923863,236,0.6237956963085819,0.6227084624048624,0.6071998924045059,0.6230048805161814,0.6013889579420649,0.6156195779152394,0.009434463829144934
0.3850391387939453,0.002770010144169719,0.13306546211242676,0.0059270476334643135,0.5,balanced,0.0001,rbf,"{'clf__C': 0.5, 'clf__class_weight': 'balanced', 'clf__gamma': 0.0001, 'clf__kernel': 'rbf'}",0.626968341653363,0.6586071237863215,0.6390029325513197,0.5959832030413489,0.5827344562701583,0.6206592114605023,0.027797603223608604,228,0.6351451951963577,0.6372867779370541,0.6503014459090416,0.6493043173700325,0.6311653601234133,0.6406406193071797,0.007741055605650182
0.40362958908081054,0.00712903790941008,0.062209463119506835,0.0018284800901588263,0.5,balanced,0.0001,poly,"{'clf__C': 0.5, 'clf__class_weight': 'balanced', 'clf__gamma': 0.0001, 'clf__kernel': 'poly'}",0.078125,0.078125,0.0794392523364486,0.0796875,0.07836990595611286,0.07874933165851229,0.00067523244621339,524,0.07890625,0.07890625,0.07857701329163409,0.078515625,0.07884465261514442,0.0787499581813557,0.0001689042780428904
0.43994507789611814,0.007041127936530337,0.07209243774414062,0.001085164006378425,0.5,balanced,0.0001,sigmoid,"{'clf__C': 0.5, 'clf__class_weight': 'balanced', 'clf__gamma': 0.0001, 'clf__kernel': 'sigmoid'}",0.5579355952491581,0.5384965037806301,0.5187054157393141,0.4983096468561585,0.5002097158359776,0.5227313754922476,0.022837384674353076,285,0.5515300082381176,0.5290793541975638,0.5081450802539449,0.5452361854585321,0.5462959183742927,0.5360573093044902,0.015850991662798526
0.2877671718597412,0.012487712800646018,0.1150960922241211,0.004651673643699711,0.5,balanced,0.001,rbf,"{'clf__C': 0.5, 'clf__class_weight': 'balanced', 'clf__gamma': 0.001, 'clf__kernel': 'rbf'}",0.7781871123200297,0.7708133971291866,0.7353792498743805,0.7653786399119253,0.7619695431108438,0.7623455884692731,0.014554599890033118,51,0.8064016768908793,0.8166247526650802,0.8182246377610616,0.8047625243379963,0.8010890532406048,0.8094205289791244,0.0067769776967389166
0.4099395275115967,0.011795553169455845,0.06367592811584473,0.0026490179934553068,0.5,balanced,0.001,poly,"{'clf__C': 0.5, 'clf__class_weight': 'balanced', 'clf__gamma': 0.001, 'clf__kernel': 'poly'}",0.38542244968771683,0.28843804153875424,0.2988389866490541,0.14841953932952748,0.17425406222486542,0.25907461588598363,0.08700145210941358,377,0.4113716113713509,0.32854324351145775,0.3122819271267423,0.2349337712429875,0.23483634698030892,0.3043933800465695,0.06595847960939488
0.30964460372924807,0.006210988257268289,0.06289401054382324,0.0016883268194927265,0.5,balanced,0.001,sigmoid,"{'clf__C': 0.5, 'clf__class_weight': 'balanced', 'clf__gamma': 0.001, 'clf__kernel': 'sigmoid'}",0.6943014910426171,0.6846992238637968,0.6389729433596663,0.7025757604671576,0.7123148312273683,0.6865728499921213,0.025486216746949404,204,0.7186447442453243,0.705240906332159,0.7133763765389809,0.7162515810622947,0.7064869241051484,0.7120001064567816,0.005295324975267682
0.39911775588989257,0.017734229572675977,0.12238998413085937,0.006037239441231073,0.5,balanced,0.01,rbf,"{'clf__C': 0.5, 'clf__class_weight': 'balanced', 'clf__gamma': 0.01, 'clf__kernel': 'rbf'}",0.6648898130053428,0.6348998317389187,0.6410882593850415,0.6867207782519172,0.7013272543059776,0.6657851873374396,0.025558492237461913,212,0.8988361902746749,0.8945006723982898,0.8816523630252228,0.8860204140279513,0.8973485216804045,0.8916716322813085,0.0066915387863538565
0.2851240634918213,0.01314084170996716,0.04432811737060547,0.0010267670385891762,0.5,balanced,0.01,poly,"{'clf__C': 0.5, 'clf__class_weight': 'balanced', 'clf__gamma': 0.01, 'clf__kernel': 'poly'}",0.7084461351608173,0.7193491629058677,0.7368158368332359,0.7300939084481897,0.74881435863964,0.7287038803975501,0.013928778350933415,168,0.9871964638303354,0.9892154103427128,0.9875959137991571,0.9876011167669299,0.9903409872008004,0.9883899783879873,0.0011970874259881587
0.236328125,0.008777130549667386,0.05074777603149414,0.0009890912910892214,0.5,balanced,0.01,sigmoid,"{'clf__C': 0.5, 'clf__class_weight': 'balanced', 'clf__gamma': 0.01, 'clf__kernel': 'sigmoid'}",0.516048501994523,0.4671017068850103,0.4896491734941367,0.4989798717325463,0.47834750304685547,0.4900253514306144,0.01684870874029655,288,0.48012725625336594,0.4639329589533326,0.47940211509903025,0.4834151731063776,0.46647352641585715,0.47467020596559273,0.007888204373964269
0.48344106674194337,0.004734321856884961,0.14658913612365723,0.002600789721335397,0.5,balanced,0.1,rbf,"{'clf__C': 0.5, 'clf__class_weight': 'balanced', 'clf__gamma': 0.1, 'clf__kernel': 'rbf'}",0.11792786421499293,0.06393442622950819,0.0915032679738562,0.12367816091954023,0.1572192513368984,0.11085259413495921,0.03143288854886279,491,0.6482926829268293,0.648635477582846,0.6484907497565725,0.6484907497565725,0.6484907497565725,0.6484800819558786,0.000109185715992664
0.29458203315734866,0.010283547756850715,0.045191478729248044,0.0015918836515009735,0.5,balanced,0.1,poly,"{'clf__C': 0.5, 'clf__class_weight': 'balanced', 'clf__gamma': 0.1, 'clf__kernel': 'poly'}",0.7359899213796826,0.7194706469128138,0.7336672599928205,0.7157452277479676,0.7571516578027341,0.7324049427672037,0.0146402700470368,75,1.0,1.0,1.0,1.0,1.0,1.0,0.0
0.2712427616119385,0.00951796791439801,0.0584871768951416,0.002681679512316666,0.5,balanced,0.1,sigmoid,"{'clf__C': 0.5, 'clf__class_weight': 'balanced', 'clf__gamma': 0.1, 'clf__kernel': 'sigmoid'}",0.41114238671225756,0.32392999385273147,0.3085303486841039,0.37480096225442466,0.3691232151977787,0.3575053813402593,0.036978101618618184,328,0.35583515803310994,0.3408698834749572,0.29941960779934557,0.33959211474176915,0.3069786739632178,0.32853908760247996,0.02159670779098384
0.4969374656677246,0.018381269136457865,0.14313526153564454,0.008927152234461772,0.5,balanced,0.5,rbf,"{'clf__C': 0.5, 'clf__class_weight': 'balanced', 'clf__gamma': 0.5, 'clf__kernel': 'rbf'}",0.078125,0.078125,0.10982658959537572,0.0796875,0.07836990595611286,0.08482679911029772,0.01251336574608956,513,0.623020706455542,0.6231707317073171,0.6484907497565725,0.6227106227106227,0.623020706455542,0.6280827034171192,0.010205123214016731
0.29801554679870607,0.0150802543534373,0.04381618499755859,0.00151796651004552,0.5,balanced,0.5,poly,"{'clf__C': 0.5, 'clf__class_weight': 'balanced', 'clf__gamma': 0.5, 'clf__kernel': 'poly'}",0.7359899213796826,0.7194706469128138,0.7336672599928205,0.7157452277479676,0.7571516578027341,0.7324049427672037,0.0146402700470368,75,1.0,1.0,1.0,1.0,1.0,1.0,0.0
0.24282279014587402,0.009287967586430575,0.05378212928771973,0.0022305781049660983,0.5,balanced,0.5,sigmoid,"{'clf__C': 0.5, 'clf__class_weight': 'balanced', 'clf__gamma': 0.5, 'clf__kernel': 'sigmoid'}",0.41416040100250623,0.36724810119578377,0.3867480654781875,0.3580434562141879,0.38388840342870784,0.38201768546387466,0.01924543857930975,314,0.34693498218009,0.31920248444874155,0.32223476018525565,0.32072294225502634,0.33301094071951554,0.3284212219577258,0.010453188765025738
0.4971181869506836,0.00879059563807855,0.14171123504638672,0.007183950411868217,0.5,balanced,1,rbf,"{'clf__C': 0.5, 'clf__class_weight': 'balanced', 'clf__gamma': 1, 'clf__kernel': 'rbf'}",0.078125,0.078125,0.10982658959537572,0.0796875,0.07836990595611286,0.08482679911029772,0.01251336574608956,513,0.623020706455542,0.6231707317073171,0.6484907497565725,0.6227106227106227,0.623020706455542,0.6280827034171192,0.010205123214016731
0.30324883460998536,0.009953104102529368,0.04460573196411133,0.001412448191300352,0.5,balanced,1,poly,"{'clf__C': 0.5, 'clf__class_weight': 'balanced', 'clf__gamma': 1, 'clf__kernel': 'poly'}",0.7359899213796826,0.7194706469128138,0.7336672599928205,0.7157452277479676,0.7571516578027341,0.7324049427672037,0.0146402700470368,75,1.0,1.0,1.0,1.0,1.0,1.0,0.0
0.23897042274475097,0.02542060471949386,0.05087461471557617,0.003326010927499723,0.5,balanced,1,sigmoid,"{'clf__C': 0.5, 'clf__class_weight': 'balanced', 'clf__gamma': 1, 'clf__kernel': 'sigmoid'}",0.3992639589199319,0.3105165811502526,0.3088461538461538,0.3269790583038253,0.3956170477708272,0.34824455999819814,0.04068166176961983,353,0.3575929149419651,0.2997413473522471,0.2824073318422555,0.3001599186008346,0.3382163689239718,0.3156235763322548,0.027808446437211042
0.25546960830688475,0.003723762531269537,0.09772253036499023,0.004182271923701373,1.0,,scale,rbf,"{'clf__C': 1, 'clf__class_weight': None, 'clf__gamma': 'scale', 'clf__kernel': 'rbf'}",0.7993648418069292,0.7796174463937621,0.7688074505181641,0.769669819091227,0.8135670677210054,0.7862053251062177,0.017557602250863613,20,0.8922021867358199,0.9027411297266851,0.9098930145984468,0.9005424417897789,0.9068557590414494,0.902446906378436,0.006058883440571908
0.2810098648071289,0.006339538353632725,0.04993138313293457,0.0010886668166873613,1.0,,scale,poly,"{'clf__C': 1, 'clf__class_weight': None, 'clf__gamma': 'scale', 'clf__kernel': 'poly'}",0.601846397207222,0.6472573644842552,0.618646109578342,0.6409922387669367,0.6271055586749018,0.6271695337423315,0.01617715805929923,224,0.760772828092144,0.7667205213012109,0.7601323348023359,0.765556867570065,0.7597882598212695,0.7625941623174051,0.0029344642703312347
0.20053586959838868,0.005756364350194872,0.044829797744750974,0.001065488222266295,1.0,,scale,sigmoid,"{'clf__C': 1, 'clf__class_weight': None, 'clf__gamma': 'scale', 'clf__kernel': 'sigmoid'}",0.6000238329964105,0.6296929726507191,0.5838517768121952,0.6204143379839975,0.636191673919139,0.6140349188724923,0.01941198610435417,232,0.6414862060226181,0.6537146166626877,0.6310620046589233,0.6281835134275946,0.6393468833556362,0.638758644825492,0.008972607003361286
0.25578904151916504,0.006120576379141592,0.09316878318786621,0.004136588243299003,1.0,,auto,rbf,"{'clf__C': 1, 'clf__class_weight': None, 'clf__gamma': 'auto', 'clf__kernel': 'rbf'}",0.7993648418069292,0.7796174463937621,0.7688074505181641,0.769669819091227,0.8193836785478718,0.787368647271591,0.01942533690764122,19,0.8922021867358199,0.9027411297266851,0.9098930145984468,0.9005424417897789,0.9058391729130701,0.9022435891527602,0.0059230590694123245
0.2757683753967285,0.005879434786193245,0.050054168701171874,0.000590527246194576,1.0,,auto,poly,"{'clf__C': 1, 'clf__class_weight': None, 'clf__gamma': 'auto', 'clf__kernel': 'poly'}",0.6034570852837846,0.6384122992262597,0.6150410699569281,0.6409922387669367,0.6273533500991638,0.6250512086666146,0.01417352516798783,226,0.7578418109632428,0.7596944895718254,0.7583967767360527,0.763070010047592,0.7564316997555396,0.7590869574148504,0.00224993048290893
0.20155882835388184,0.0068831434239967244,0.0455535888671875,0.0016684882641927292,1.0,,auto,sigmoid,"{'clf__C': 1, 'clf__class_weight': None, 'clf__gamma': 'auto', 'clf__kernel': 'sigmoid'}",0.5931967255698708,0.6263081401410419,0.5906006571983224,0.6204143379839975,0.6353623191858486,0.6131764360158163,0.018032730846369433,233,0.6463370637783286,0.6588721820024793,0.6294519988881361,0.6302087224778475,0.6382372781645411,0.6406214490622665,0.010996574625047953
0.2965749740600586,0.007363096091319754,0.1286932945251465,0.0069363125935910834,1.0,,0.0001,rbf,"{'clf__C': 1, 'clf__class_weight': None, 'clf__gamma': 0.0001, 'clf__kernel': 'rbf'}",0.5799709257630083,0.5623087289167101,0.6365631260000253,0.5911714651468749,0.5338097843097538,0.5807648060272745,0.033964046162054874,247,0.5959439199580655,0.5902556416018264,0.6009951147012008,0.6098935987235117,0.6037302009101445,0.6001636951789499,0.006694150777223936
0.3114945888519287,0.011949983225691026,0.06135139465332031,0.0009342115501390425,1.0,,0.0001,poly,"{'clf__C': 1, 'clf__class_weight': None, 'clf__gamma': 0.0001, 'clf__kernel': 'poly'}",0.13903743315508021,0.14,0.13903743315508021,0.13941018766756033,0.13941018766756033,0.1393790483290562,0.0003523981125472012,415,0.13946488294314383,0.1392235609103079,0.13946488294314383,0.1393716577540107,0.1393716577540107,0.1393793284609234,8.834064542422246e-05
0.33974032402038573,0.012600509680601961,0.06946477890014649,0.0012892418527014648,1.0,,0.0001,sigmoid,"{'clf__C': 1, 'clf__class_weight': None, 'clf__gamma': 0.0001, 'clf__kernel': 'sigmoid'}",0.4454718241126008,0.4932067577467129,0.5074795884946953,0.46357544614743146,0.45903418339663593,0.4737535599796153,0.02296076015549063,294,0.4831186617991771,0.4721654397964686,0.4823576426988622,0.47175324818152303,0.4867230667622115,0.47922361184764845,0.006113256309448353
0.23667211532592775,0.008844060374187416,0.0973578929901123,0.003343485263257336,1.0,,0.001,rbf,"{'clf__C': 1, 'clf__class_weight': None, 'clf__gamma': 0.001, 'clf__kernel': 'rbf'}",0.7917409308627369,0.7830062276832117,0.7584998718297741,0.7725226160318757,0.795754043708742,0.7803047380232682,0.013511322745109815,25,0.8372929225003751,0.8386310420537442,0.8459979441304215,0.8385091162573796,0.8271186180403166,0.8375099285964474,0.006038677103315998
0.33262152671813966,0.007216865601641051,0.06158137321472168,0.000721702986763029,1.0,,0.001,poly,"{'clf__C': 1, 'clf__class_weight': None, 'clf__gamma': 0.001, 'clf__kernel': 'poly'}",0.23016312955337345,0.24189486353303472,0.2577581594435527,0.20207489487182412,0.23687663184727153,0.2337535358498113,0.01826846578406565,379,0.2817260281758701,0.280211511565447,0.277738349084349,0.27438207126425984,0.27905094536417985,0.2786217810908212,0.002494127761122773
0.23775649070739746,0.0027010467490392594,0.054920291900634764,0.0013516827790445158,1.0,,0.001,sigmoid,"{'clf__C': 1, 'clf__class_weight': None, 'clf__gamma': 0.001, 'clf__kernel': 'sigmoid'}",0.7108753047611018,0.7540270398208744,0.655296620349978,0.7047909585607856,0.6944196683819326,0.7038819183749345,0.03166806710595923,190,0.7351601404596239,0.7525149395277968,0.7483959795172757,0.7438211142343774,0.7124607597089035,0.7384705866895953,0.014225720145160959
0.42862987518310547,0.012593952021065504,0.12108221054077148,0.004428735983475882,1.0,,0.01,rbf,"{'clf__C': 1, 'clf__class_weight': None, 'clf__gamma': 0.01, 'clf__kernel': 'rbf'}",0.7092151326933935,0.6704837649479654,0.6508021623763649,0.7111460735420991,0.733795377600046,0.6950885022319738,0.03007424971617518,202,0.9672019683977693,0.9671005131271349,0.9630109552060772,0.9659829009411487,0.9656107041048716,0.9657814083554003,0.0015167846312936389
0.3001767635345459,0.011955682278899557,0.04423022270202637,0.0011656646904287414,1.0,,0.01,poly,"{'clf__C': 1, 'clf__class_weight': None, 'clf__gamma': 0.01, 'clf__kernel': 'poly'}",0.7238522347218,0.7141204926219741,0.725347699371615,0.7245888424458884,0.7511121901590826,0.727804291864072,0.012349066377012259,173,0.9964371626175835,0.9937061950272243,0.9951316178126023,0.994631841646828,0.9953391085231333,0.9950491851254742,0.0008938825679232245
0.1994267463684082,0.0032591003255655372,0.046464157104492185,0.0018354936180284313,1.0,,0.01,sigmoid,"{'clf__C': 1, 'clf__class_weight': None, 'clf__gamma': 0.01, 'clf__kernel': 'sigmoid'}",0.4858100646656332,0.5147634926022803,0.5093044050254705,0.4848732604100337,0.5087088132799131,0.5006920071966661,0.012713412138800128,287,0.4842201182302251,0.4963773051605822,0.4593996828485488,0.49286461029794876,0.47723278335724534,0.48201889997891,0.013139060007337642
0.5026893615722656,0.019529026095687643,0.1373310089111328,0.006305994256673346,1.0,,0.1,rbf,"{'clf__C': 1, 'clf__class_weight': None, 'clf__gamma': 0.1, 'clf__kernel': 'rbf'}",0.15901571546732834,0.14,0.13903743315508021,0.14940033085194374,0.14958886780518657,0.14740846945590777,0.007326792984397549,408,1.0,1.0,1.0,1.0,1.0,1.0,0.0
0.294537878036499,0.0035372163592320154,0.04473977088928223,0.0011885475596586752,1.0,,0.1,poly,"{'clf__C': 1, 'clf__class_weight': None, 'clf__gamma': 0.1, 'clf__kernel': 'poly'}",0.7359899213796826,0.7194706469128138,0.7336672599928205,0.7157452277479676,0.7571516578027341,0.7324049427672037,0.0146402700470368,75,1.0,1.0,1.0,1.0,1.0,1.0,0.0
0.24966835975646973,0.023466916286229624,0.05549144744873047,0.0022629216309236052,1.0,,0.1,sigmoid,"{'clf__C': 1, 'clf__class_weight': None, 'clf__gamma': 0.1, 'clf__kernel': 'sigmoid'}",0.36762520265782295,0.35144022644022643,0.3187897628687103,0.37831962624478876,0.3850984843055568,0.36025466050342103,0.023642823197366335,325,0.33491711846481337,0.3585387615410806,0.2996730384533612,0.3286497397689126,0.3350946629429482,0.3313746642342232,0.018850431535413843
0.5031807899475098,0.013450242306858186,0.14273014068603515,0.0071458860909226615,1.0,,0.5,rbf,"{'clf__C': 1, 'clf__class_weight': None, 'clf__gamma': 0.5, 'clf__kernel': 'rbf'}",0.13903743315508021,0.14,0.13903743315508021,0.13941018766756033,0.13941018766756033,0.1393790483290562,0.0003523981125472012,415,1.0,1.0,1.0,1.0,1.0,1.0,0.0
0.28124313354492186,0.04855092110543905,0.04072318077087402,0.008032845889649254,1.0,,0.5,poly,"{'clf__C': 1, 'clf__class_weight': None, 'clf__gamma': 0.5, 'clf__kernel': 'poly'}",0.7359899213796826,0.7194706469128138,0.7336672599928205,0.7157452277479676,0.7571516578027341,0.7324049427672037,0.0146402700470368,75,1.0,1.0,1.0,1.0,1.0,1.0,0.0
0.266176176071167,0.03502846404164363,0.05065875053405762,0.0022797714259758556,1.0,,0.5,sigmoid,"{'clf__C': 1, 'clf__class_weight': None, 'clf__gamma': 0.5, 'clf__kernel': 'sigmoid'}",0.37564193315567396,0.3051270977707695,0.3265424686537622,0.35993631961117883,0.36082399148183864,0.34561436213464464,0.025849804675772997,361,0.3726696873482016,0.2981908520904069,0.29396054381960474,0.3097710786096788,0.33891622927364906,0.3227016782283082,0.029508464590915596
0.5000172615051269,0.007467310873981261,0.14168357849121094,0.003647559248107121,1.0,,1,rbf,"{'clf__C': 1, 'clf__class_weight': None, 'clf__gamma': 1, 'clf__kernel': 'rbf'}",0.13903743315508021,0.14,0.13903743315508021,0.13941018766756033,0.13941018766756033,0.1393790483290562,0.0003523981125472012,415,1.0,1.0,1.0,1.0,1.0,1.0,0.0
0.29795470237731936,0.007524212780426926,0.04358506202697754,0.0016101514533004813,1.0,,1,poly,"{'clf__C': 1, 'clf__class_weight': None, 'clf__gamma': 1, 'clf__kernel': 'poly'}",0.7359899213796826,0.7194706469128138,0.7336672599928205,0.7157452277479676,0.7571516578027341,0.7324049427672037,0.0146402700470368,75,1.0,1.0,1.0,1.0,1.0,1.0,0.0
0.22775530815124512,0.04752608757667454,0.04952230453491211,0.012983593293784498,1.0,,1,sigmoid,"{'clf__C': 1, 'clf__class_weight': None, 'clf__gamma': 1, 'clf__kernel': 'sigmoid'}",0.3821509554801634,0.3100036944330899,0.3247658536167908,0.37138376856118793,0.39861788631176964,0.3573844316806003,0.03411294713757128,329,0.37444580683745,0.30274864438473076,0.3090288796898917,0.32578714525629837,0.34367749812742815,0.33113759485915983,0.025908321077067947
0.2760528564453125,0.009510918779467161,0.1005220890045166,0.002003587688643462,1.0,balanced,scale,rbf,"{'clf__C': 1, 'clf__class_weight': 'balanced', 'clf__gamma': 'scale', 'clf__kernel': 'rbf'}",0.8257090944472048,0.7754270842613665,0.7844840073114256,0.7815156954072284,0.8183561482857257,0.7970984059425902,0.02069808305182436,8,0.9095564533129209,0.9116300366242579,0.9143486133158761,0.9137248911458378,0.9139349138645824,0.9126389816526951,0.0018056262727804324
0.3014376640319824,0.013375110960354389,0.051233530044555664,0.0020233603495596335,1.0,balanced,scale,poly,"{'clf__C': 1, 'clf__class_weight': 'balanced', 'clf__gamma': 'scale', 'clf__kernel': 'poly'}",0.675088897566195,0.6896151348163733,0.6786366402921485,0.655603448136834,0.7112617259501898,0.6820411693523482,0.018276125874579885,207,0.8017037461463781,0.8110549838029149,0.8040583912144496,0.8136860425655543,0.8129499019766686,0.8086906131411931,0.004877702236209793
0.20769524574279785,0.003246979578706014,0.05082688331604004,0.008406482757828284,1.0,balanced,scale,sigmoid,"{'clf__C': 1, 'clf__class_weight': 'balanced', 'clf__gamma': 'scale', 'clf__kernel': 'sigmoid'}",0.576277761066827,0.577861853075207,0.5473909388368177,0.5964443469695572,0.6006868588616955,0.5797323517620209,0.018866807381293864,248,0.6027071167096949,0.5867831389463362,0.5951594185806612,0.5969615473251106,0.5901317520737491,0.5943485947271104,0.005520284946781079
0.2860851287841797,0.03344959947771542,0.09993300437927247,0.005668501593535211,1.0,balanced,auto,rbf,"{'clf__C': 1, 'clf__class_weight': 'balanced', 'clf__gamma': 'auto', 'clf__kernel': 'rbf'}",0.8257090944472048,0.7754270842613665,0.7844840073114256,0.7815156954072284,0.8215368939053149,0.7977345550665081,0.021379325835670746,7,0.9095564533129209,0.9116300366242579,0.9133346352801474,0.9137248911458378,0.9131847342780299,0.9122861501282389,0.0015400311644517498
0.3090785503387451,0.008810875947083211,0.05202946662902832,0.0009346867371021903,1.0,balanced,auto,poly,"{'clf__C': 1, 'clf__class_weight': 'balanced', 'clf__gamma': 'auto', 'clf__kernel': 'poly'}",0.6709906800780654,0.6896151348163733,0.6751056003179322,0.655603448136834,0.7112617259501898,0.6805153178598788,0.018808154087809847,208,0.8017037461463781,0.8110549838029149,0.8040583912144496,0.8107969131621,0.8106627858176058,0.8076553640286896,0.003970675011300095
0.20879573822021485,0.03821645948953707,0.04306716918945312,0.006786507366849699,1.0,balanced,auto,sigmoid,"{'clf__C': 1, 'clf__class_weight': 'balanced', 'clf__gamma': 'auto', 'clf__kernel': 'sigmoid'}",0.5874380777284102,0.577861853075207,0.5473909388368177,0.5957145948876237,0.5970265750105351,0.5810864079077187,0.018189001516695624,246,0.6128627780690905,0.5878294813335193,0.5943459341601324,0.5970620295162726,0.5901701932932835,0.5964540832744596,0.008808293684019823
0.3484484195709229,0.006846272072849545,0.12934155464172364,0.005946903509901733,1.0,balanced,0.0001,rbf,"{'clf__C': 1, 'clf__class_weight': 'balanced', 'clf__gamma': 0.0001, 'clf__kernel': 'rbf'}",0.6856254177355094,0.7078082410260073,0.7019059551829256,0.7071636138326746,0.6789696030396961,0.6962945661633626,0.011799776847223078,201,0.7221144559305901,0.7078970893146266,0.7216306353226117,0.7184703713697149,0.7187580165108778,0.7177741136896842,0.005152082683681752
0.408296537399292,0.011984807379886945,0.06242074966430664,0.001298384385540922,1.0,balanced,0.0001,poly,"{'clf__C': 1, 'clf__class_weight': 'balanced', 'clf__gamma': 0.0001, 'clf__kernel': 'poly'}",0.078125,0.078125,0.0794392523364486,0.0796875,0.07836990595611286,0.07874933165851229,0.00067523244621339,524,0.08539916071090378,0.08217307191114853,0.08506950506012799,0.08176172666743027,0.08533737045761268,0.08394816696144465,0.0016262934509595234
0.39850125312805174,0.01776854139183772,0.06395511627197266,0.011612467689131321,1.0,balanced,0.0001,sigmoid,"{'clf__C': 1, 'clf__class_weight': 'balanced', 'clf__gamma': 0.0001, 'clf__kernel': 'sigmoid'}",0.6260533474710049,0.6581357563846764,0.6458462999701768,0.5877257194266432,0.5779163326822258,0.6191354911869456,0.03152122306252116,229,0.6376289187040118,0.6418164751882478,0.6553937076206231,0.6590982413033832,0.6360498642538087,0.6459974414140149,0.009448679470209777
0.2624378681182861,0.007504069310638995,0.10294122695922851,0.004584644589593505,1.0,balanced,0.001,rbf,"{'clf__C': 1, 'clf__class_weight': 'balanced', 'clf__gamma': 0.001, 'clf__kernel': 'rbf'}",0.8204794899684271,0.7711081561429893,0.7737234783803412,0.7684534053564338,0.8060740495205204,0.7879677158737424,0.021226427603162276,18,0.838336100628009,0.8576504712461963,0.8549626488654868,0.8451126590778825,0.8490521024411423,0.8490227964517434,0.006916850725704467
0.4007221221923828,0.011721972889086746,0.060916566848754884,0.0005931584123612348,1.0,balanced,0.001,poly,"{'clf__C': 1, 'clf__class_weight': 'balanced', 'clf__gamma': 0.001, 'clf__kernel': 'poly'}",0.4186165171655295,0.42352022248449933,0.46391507296292933,0.348541842772612,0.41225582726626275,0.41336989653036654,0.037119506219794714,311,0.49780790434368144,0.4744243525392804,0.5038731630301398,0.4384526998338107,0.4613490488435983,0.4751814337181021,0.023983662938993597
0.26810507774353026,0.005387807591621517,0.056139469146728516,0.0011282497294394288,1.0,balanced,0.001,sigmoid,"{'clf__C': 1, 'clf__class_weight': 'balanced', 'clf__gamma': 0.001, 'clf__kernel': 'sigmoid'}",0.7187819394873459,0.6760155031094117,0.642576275188487,0.6938435102908788,0.6993150772493624,0.6861064610650971,0.025685485696259995,205,0.7142088390530206,0.7186516212204537,0.716141243694478,0.7206120167543806,0.7120691707363606,0.7163365782917387,0.0030468014351511994
0.40987281799316405,0.007977022970762693,0.11567792892456055,0.0034303321802193537,1.0,balanced,0.01,rbf,"{'clf__C': 1, 'clf__class_weight': 'balanced', 'clf__gamma': 0.01, 'clf__kernel': 'rbf'}",0.6990804696568454,0.7147000977018818,0.6723723289317349,0.7229540331275115,0.7568843621762706,0.7131982583188489,0.02782795285649957,181,0.9747792553840957,0.9688618926667897,0.9682987805960885,0.969326603632597,0.9746468518246165,0.9711826768208376,0.0029011649392408478
0.3040729522705078,0.02079112612397323,0.05156888961791992,0.015751639346007963,1.0,balanced,0.01,poly,"{'clf__C': 1, 'clf__class_weight': 'balanced', 'clf__gamma': 0.01, 'clf__kernel': 'poly'}",0.7262278488897194,0.7116422146069823,0.7350509102690581,0.7386218034807881,0.7608548580255148,0.7344795270544126,0.01614172264017008,66,0.9957265801577391,0.994621678354565,0.997156517561064,0.9964440154059832,0.9964440154059832,0.996078561377067,0.0008573799331840649
0.249711275100708,0.0586700469462784,0.049782085418701175,0.0029299509725027977,1.0,balanced,0.01,sigmoid,"{'clf__C': 1, 'clf__class_weight': 'balanced', 'clf__gamma': 0.01, 'clf__kernel': 'sigmoid'}",0.4918577037727221,0.4664615956426294,0.4868559946869302,0.47317204414898867,0.4769885187753404,0.4790671714053222,0.009189530442706068,293,0.47398382866694855,0.47830169011965695,0.4637934291227095,0.4846188858619491,0.4557194585327167,0.4712834584607962,0.01032201368034153
0.5177747249603272,0.054051835604267996,0.13656797409057617,0.006469275434500152,1.0,balanced,0.1,rbf,"{'clf__C': 1, 'clf__class_weight': 'balanced', 'clf__gamma': 0.1, 'clf__kernel': 'rbf'}",0.1552238041876895,0.10982658959537572,0.12484240565635914,0.15640756302521008,0.13001794124243105,0.1352636607414131,0.018047917604427477,483,1.0,1.0,1.0,1.0,1.0,1.0,0.0
0.2949014186859131,0.012187073882794403,0.044870853424072266,0.0015930801689089675,1.0,balanced,0.1,poly,"{'clf__C': 1, 'clf__class_weight': 'balanced', 'clf__gamma': 0.1, 'clf__kernel': 'poly'}",0.7359899213796826,0.7194706469128138,0.7336672599928205,0.7157452277479676,0.7571516578027341,0.7324049427672037,0.0146402700470368,75,1.0,1.0,1.0,1.0,1.0,1.0,0.0
0.2640406608581543,0.010182358122164056,0.05605621337890625,0.002075879888219116,1.0,balanced,0.1,sigmoid,"{'clf__C': 1, 'clf__class_weight': 'balanced', 'clf__gamma': 0.1, 'clf__kernel': 'sigmoid'}",0.4063995983158272,0.31429800393054985,0.29833331389883005,0.3737034207622443,0.3701217390646627,0.3525712151944228,0.040146418189284924,344,0.37099945694466063,0.3420206554460167,0.2937687633180902,0.3508825421909547,0.30916149167799784,0.333366581915544,0.028113373213054012
0.5014571666717529,0.0143581655504811,0.13976030349731444,0.0064587781989637,1.0,balanced,0.5,rbf,"{'clf__C': 1, 'clf__class_weight': 'balanced', 'clf__gamma': 0.5, 'clf__kernel': 'rbf'}",0.11095100864553314,0.10982658959537572,0.10982658959537572,0.11014492753623188,0.11014492753623188,0.11017880858174967,0.0004115106846055252,492,1.0,1.0,1.0,1.0,1.0,1.0,0.0
0.30221190452575686,0.013683911805028322,0.04457554817199707,0.001570222355330749,1.0,balanced,0.5,poly,"{'clf__C': 1, 'clf__class_weight': 'balanced', 'clf__gamma': 0.5, 'clf__kernel': 'poly'}",0.7359899213796826,0.7194706469128138,0.7336672599928205,0.7157452277479676,0.7571516578027341,0.7324049427672037,0.0146402700470368,75,1.0,1.0,1.0,1.0,1.0,1.0,0.0
0.24727840423583985,0.011112265855388789,0.054610586166381835,0.002846549932521966,1.0,balanced,0.5,sigmoid,"{'clf__C': 1, 'clf__class_weight': 'balanced', 'clf__gamma': 0.5, 'clf__kernel': 'sigmoid'}",0.3949474767588614,0.3455532654577108,0.34965264671005725,0.3554913093099157,0.3664148121490734,0.3624119020771237,0.01771718792219579,318,0.3544777260341729,0.3112831958089802,0.31618781342721014,0.33495447410170626,0.33310226719464564,0.33000109531334304,0.01532595966472217
0.504858922958374,0.02674090539921909,0.1353370189666748,0.01236755919114111,1.0,balanced,1,rbf,"{'clf__C': 1, 'clf__class_weight': 'balanced', 'clf__gamma': 1, 'clf__kernel': 'rbf'}",0.11095100864553314,0.10982658959537572,0.10982658959537572,0.11014492753623188,0.11014492753623188,0.11017880858174967,0.0004115106846055252,492,1.0,1.0,1.0,1.0,1.0,1.0,0.0
0.3023852825164795,0.004379024381767629,0.04462189674377441,0.0009707293934054354,1.0,balanced,1,poly,"{'clf__C': 1, 'clf__class_weight': 'balanced', 'clf__gamma': 1, 'clf__kernel': 'poly'}",0.7359899213796826,0.7194706469128138,0.7336672599928205,0.7157452277479676,0.7571516578027341,0.7324049427672037,0.0146402700470368,75,1.0,1.0,1.0,1.0,1.0,1.0,0.0
0.23480920791625975,0.01218275852841203,0.0504511833190918,0.0018911639642909192,1.0,balanced,1,sigmoid,"{'clf__C': 1, 'clf__class_weight': 'balanced', 'clf__gamma': 1, 'clf__kernel': 'sigmoid'}",0.40700669844262044,0.29761278614108155,0.3158587707367564,0.3163253654380137,0.350398007863277,0.3374403257243498,0.03874330835750527,366,0.3542571705365601,0.296859345789468,0.28393734306307267,0.3029039760417994,0.3324854465467503,0.31408865639553013,0.02562420469171083
0.28020081520080564,0.014149470672944316,0.09105229377746582,0.0038089270551680235,5.0,,scale,rbf,"{'clf__C': 5, 'clf__class_weight': None, 'clf__gamma': 'scale', 'clf__kernel': 'rbf'}",0.8326846239487421,0.7664724648818069,0.7856844374696815,0.7750414078674948,0.8203967084168687,0.7960559285169189,0.025917153086298127,11,0.9769866153760359,0.9761322115343684,0.9743651929791494,0.9730713319800611,0.974642915812084,0.9750396535363398,0.0013762943724547978
0.2450193405151367,0.007044266740149344,0.04476695060729981,0.001822821299373623,5.0,,scale,poly,"{'clf__C': 5, 'clf__class_weight': None, 'clf__gamma': 'scale', 'clf__kernel': 'poly'}",0.730315467729427,0.7074407961143759,0.698664274322169,0.6891695702671312,0.7144926779318184,0.7080165572729843,0.01401561388477076,186,0.9103670552215433,0.9127502855708552,0.9040600765046825,0.908239462706345,0.9022236407909678,0.9075281041588787,0.003898753653428982
0.1525574207305908,0.004790598239852719,0.03709335327148437,0.0013039307035703717,5.0,,scale,sigmoid,"{'clf__C': 5, 'clf__class_weight': None, 'clf__gamma': 'scale', 'clf__kernel': 'sigmoid'}",0.5581791328971779,0.629559636583029,0.5356292463956698,0.5925118851368298,0.6120669194038759,0.5855893640833166,0.03443748315492778,243,0.6188502475399421,0.6165028182675424,0.5992942717769262,0.6025087603720851,0.5960599558935367,0.6066432107700065,0.009266385216525775
0.26652207374572756,0.013159208210475642,0.0932037353515625,0.0037853111275565395,5.0,,auto,rbf,"{'clf__C': 5, 'clf__class_weight': None, 'clf__gamma': 'auto', 'clf__kernel': 'rbf'}",0.8326846239487421,0.7664724648818069,0.7856844374696815,0.7751648351648353,0.8203967084168687,0.796080613976387,0.025897176591103195,10,0.975762635148582,0.9751117619088238,0.9743651929791494,0.9730713319800611,0.9712136840819966,0.9739049212197226,0.001615985391940727
0.24959378242492675,0.005454023657552303,0.04573321342468262,0.0010495529554806118,5.0,,auto,poly,"{'clf__C': 5, 'clf__class_weight': None, 'clf__gamma': 'auto', 'clf__kernel': 'poly'}",0.730315467729427,0.7074407961143759,0.698664274322169,0.6883064904805922,0.7144926779318184,0.7078439413156765,0.014250024528070608,187,0.9094771276133399,0.9092723359420156,0.9012803459898285,0.9066236568663559,0.9005356083445327,0.9054378149512144,0.0038403644837043593
0.1539152145385742,0.005810502998584341,0.03555464744567871,0.0004338774553618659,5.0,,auto,sigmoid,"{'clf__C': 5, 'clf__class_weight': None, 'clf__gamma': 'auto', 'clf__kernel': 'sigmoid'}",0.5640402692780048,0.6113189721822664,0.5441511387163561,0.5827676627620538,0.6074741403049809,0.5819504366487324,0.025550730735792115,245,0.6158876488793037,0.5978892829108375,0.5953221162191878,0.6041073878326908,0.6008007539372383,0.6028014379558517,0.0071697514431536035
0.22311363220214844,0.004685049127193467,0.09918599128723145,0.0032607200512210707,5.0,,0.0001,rbf,"{'clf__C': 5, 'clf__class_weight': None, 'clf__gamma': 0.0001, 'clf__kernel': 'rbf'}",0.7676261664209862,0.7418135059195695,0.7299834228859653,0.7337405764153822,0.7374482198835648,0.7421223783050935,0.013341628153612959,63,0.7793458229614052,0.7993712752221472,0.8071048966632269,0.7919795205378075,0.763305677572501,0.7882214385914177,0.01545702898697552
0.31407012939453127,0.005441442869307923,0.05802068710327148,0.0011269165367385515,5.0,,0.0001,poly,"{'clf__C': 5, 'clf__class_weight': None, 'clf__gamma': 0.0001, 'clf__kernel': 'poly'}",0.13903743315508021,0.14,0.16397124887690925,0.15260545905707196,0.13941018766756033,0.14700486575132435,0.009893958391930835,411,0.1492389791970679,0.1457796144191527,0.15565186366689054,0.14588734685577753,0.1491453788566051,0.14914063659909876,0.0035856975871373905
0.26478962898254393,0.0130734254520921,0.05709519386291504,0.0024025214080526137,5.0,,0.0001,sigmoid,"{'clf__C': 5, 'clf__class_weight': None, 'clf__gamma': 0.0001, 'clf__kernel': 'sigmoid'}",0.6114914356547216,0.6773353049502646,0.6587474441342231,0.6473206534081091,0.6063620069203514,0.640251369013534,0.027360265024912574,217,0.6760351043310177,0.674155565220648,0.6803292615319491,0.6650354112133197,0.6637972141748241,0.6718705112943517,0.00641891706890001
0.19747719764709473,0.0033166941761943155,0.07816538810729981,0.0029326187784416684,5.0,,0.001,rbf,"{'clf__C': 5, 'clf__class_weight': None, 'clf__gamma': 0.001, 'clf__kernel': 'rbf'}",0.8343779817685374,0.7984289063312482,0.7715686821491986,0.7896391439821465,0.8389237053308638,0.8065876839123989,0.026069399985367475,1,0.9126365551589924,0.923147193786954,0.9289349067123888,0.9252364409012184,0.9237910715037003,0.9227492336126508,0.005439831170023007
0.30762362480163574,0.004415902427923604,0.05725927352905273,0.0016583037594943518,5.0,,0.001,poly,"{'clf__C': 5, 'clf__class_weight': None, 'clf__gamma': 0.001, 'clf__kernel': 'poly'}",0.3940100882723834,0.4583678876801862,0.45853400155888513,0.4195504109758715,0.43186628478426586,0.4324657346543185,0.024480513619209023,310,0.5204563365603252,0.517456955103238,0.5385240172721729,0.5187783070203601,0.5332215553624214,0.5256874342637035,0.008536768167419445
0.17521266937255858,0.0031117506493917244,0.04118247032165527,0.000947357133392343,5.0,,0.001,sigmoid,"{'clf__C': 5, 'clf__class_weight': None, 'clf__gamma': 0.001, 'clf__kernel': 'sigmoid'}",0.6946942446825274,0.694941901909848,0.6688502227975912,0.6897893727882157,0.7073650189903135,0.6911281522336992,0.012561815269950559,203,0.7574521799577459,0.7522878317349885,0.7536850855446723,0.7505859699699425,0.7372463139000881,0.7502514762214875,0.006885240506078138
0.46680617332458496,0.016124150326509035,0.12185420989990234,0.004433051199187232,5.0,,0.01,rbf,"{'clf__C': 5, 'clf__class_weight': None, 'clf__gamma': 0.01, 'clf__kernel': 'rbf'}",0.7042220700412791,0.6800559380378658,0.6596398428682043,0.7276552769527602,0.7539023476523475,0.7050950951104914,0.033421583509851215,189,1.0,1.0,1.0,1.0,1.0,1.0,0.0
0.34578213691711424,0.05153709142345357,0.04487390518188476,0.0010076750615181003,5.0,,0.01,poly,"{'clf__C': 5, 'clf__class_weight': None, 'clf__gamma': 0.01, 'clf__kernel': 'poly'}",0.7359899213796826,0.7194706469128138,0.7310320337824988,0.7157452277479676,0.7571516578027341,0.7318778975251393,0.014632772027999997,157,1.0,1.0,1.0,1.0,1.0,1.0,0.0
0.1889103412628174,0.01136409988556255,0.04240717887878418,0.0013254293109589994,5.0,,0.01,sigmoid,"{'clf__C': 5, 'clf__class_weight': None, 'clf__gamma': 0.01, 'clf__kernel': 'sigmoid'}",0.46771011862754985,0.476471345695077,0.47685185185185186,0.47640833708982333,0.5011607142857143,0.47972047351000324,0.011257785025165116,292,0.48217133587954497,0.4722613869601269,0.43940724939740505,0.4755537179145763,0.46960504338080644,0.46779974670649194,0.014805173947890445
0.5236479282379151,0.010925073473689427,0.1413930892944336,0.005573972223474128,5.0,,0.1,rbf,"{'clf__C': 5, 'clf__class_weight': None, 'clf__gamma': 0.1, 'clf__kernel': 'rbf'}",0.16846361185983827,0.14,0.14902557228294494,0.1859472049689441,0.15939249429815466,0.1605657766819764,0.01590029422394247,390,1.0,1.0,1.0,1.0,1.0,1.0,0.0
0.30131282806396487,0.006879430793465467,0.04547009468078613,0.001782077436207384,5.0,,0.1,poly,"{'clf__C': 5, 'clf__class_weight': None, 'clf__gamma': 0.1, 'clf__kernel': 'poly'}",0.7359899213796826,0.7194706469128138,0.7336672599928205,0.7157452277479676,0.7571516578027341,0.7324049427672037,0.0146402700470368,75,1.0,1.0,1.0,1.0,1.0,1.0,0.0
0.2509880542755127,0.013106001373404091,0.05680069923400879,0.0034280409000703193,5.0,,0.1,sigmoid,"{'clf__C': 5, 'clf__class_weight': None, 'clf__gamma': 0.1, 'clf__kernel': 'sigmoid'}",0.3619705426770644,0.34669390735846434,0.31214855658135215,0.3771209630641689,0.3368541945538986,0.3469576328469897,0.0221315826740842,356,0.3353615118194509,0.35979135135645446,0.30639816997917985,0.33478182974591736,0.309790798397948,0.3292247322597901,0.019501740074833275
0.5269436359405517,0.005938240599470165,0.13840346336364745,0.00473832442388861,5.0,,0.5,rbf,"{'clf__C': 5, 'clf__class_weight': None, 'clf__gamma': 0.5, 'clf__kernel': 'rbf'}",0.13903743315508021,0.14,0.13903743315508021,0.13941018766756033,0.13941018766756033,0.1393790483290562,0.0003523981125472012,415,1.0,1.0,1.0,1.0,1.0,1.0,0.0
0.30833802223205564,0.011662638331233386,0.04372692108154297,0.0015013106799914634,5.0,,0.5,poly,"{'clf__C': 5, 'clf__class_weight': None, 'clf__gamma': 0.5, 'clf__kernel': 'poly'}",0.7359899213796826,0.7194706469128138,0.7336672599928205,0.7157452277479676,0.7571516578027341,0.7324049427672037,0.0146402700470368,75,1.0,1.0,1.0,1.0,1.0,1.0,0.0
0.2483616828918457,0.014413913191446602,0.05114350318908691,0.0026941147424049583,5.0,,0.5,sigmoid,"{'clf__C': 5, 'clf__class_weight': None, 'clf__gamma': 0.5, 'clf__kernel': 'sigmoid'}",0.37545008183306056,0.34449735449735447,0.3259739635790345,0.330604043216487,0.37915740471212966,0.35113656956761324,0.022249200597430577,347,0.3755479733764162,0.3371342257669201,0.2971448211982192,0.30987738955231214,0.34751578377801284,0.3334440387343761,0.027775503410945302
0.5390979766845703,0.01591223948218265,0.14528584480285645,0.006282422150105097,5.0,,1,rbf,"{'clf__C': 5, 'clf__class_weight': None, 'clf__gamma': 1, 'clf__kernel': 'rbf'}",0.13903743315508021,0.14,0.13903743315508021,0.13941018766756033,0.13941018766756033,0.1393790483290562,0.0003523981125472012,415,1.0,1.0,1.0,1.0,1.0,1.0,0.0
0.28943233489990233,0.014901096382305344,0.042783927917480466,0.001345800391915289,5.0,,1,poly,"{'clf__C': 5, 'clf__class_weight': None, 'clf__gamma': 1, 'clf__kernel': 'poly'}",0.7359899213796826,0.7194706469128138,0.7336672599928205,0.7157452277479676,0.7571516578027341,0.7324049427672037,0.0146402700470368,75,1.0,1.0,1.0,1.0,1.0,1.0,0.0
0.22449827194213867,0.012552119362984025,0.048137664794921875,0.0012673449898236698,5.0,,1,sigmoid,"{'clf__C': 5, 'clf__class_weight': None, 'clf__gamma': 1, 'clf__kernel': 'sigmoid'}",0.36027628336987727,0.30755432689674517,0.32760227242417145,0.36358115249317746,0.375,0.3468028070367943,0.025168364485879873,358,0.35599481865352633,0.30490193794675996,0.305778071493813,0.32342389602598226,0.3437883352766484,0.326777411879346,0.020365574376473166
0.26334638595581056,0.002081064176231541,0.09145646095275879,0.003136021208132958,5.0,balanced,scale,rbf,"{'clf__C': 5, 'clf__class_weight': 'balanced', 'clf__gamma': 'scale', 'clf__kernel': 'rbf'}",0.8321436991580333,0.7618419510858494,0.7838772000357366,0.7720720607536556,0.8173051482831419,0.7934480118632834,0.02688491761607303,14,0.9742618973784174,0.9779571434091037,0.9733660359035572,0.9738333158337156,0.9745904011688571,0.9748017587387302,0.0016304451201092128
0.2551433563232422,0.005228560875007872,0.04531693458557129,0.001986892106390822,5.0,balanced,scale,poly,"{'clf__C': 5, 'clf__class_weight': 'balanced', 'clf__gamma': 'scale', 'clf__kernel': 'poly'}",0.7280080761812922,0.7406135531135531,0.6957010378568161,0.7031051484736445,0.744616974548054,0.722408958034672,0.019707376625312762,179,0.9264903899638296,0.9319992090641973,0.9279661221885365,0.9326587984709318,0.9271124192762205,0.929245387792743,0.002569474353597927
0.16807751655578612,0.0036869566620728158,0.03912386894226074,0.0016215575045810324,5.0,balanced,scale,sigmoid,"{'clf__C': 5, 'clf__class_weight': 'balanced', 'clf__gamma': 'scale', 'clf__kernel': 'sigmoid'}",0.518498630998631,0.5652462546434257,0.517818157406831,0.5489153492405122,0.5620150099122061,0.5424986804403213,0.020613798665372017,268,0.5698878149187951,0.560465072937816,0.5560543671067396,0.5635666795331615,0.5645238248265109,0.5628995518646047,0.004576076583926092
0.2628034591674805,0.0052343683682666755,0.0939293384552002,0.0042876990117772405,5.0,balanced,auto,rbf,"{'clf__C': 5, 'clf__class_weight': 'balanced', 'clf__gamma': 'auto', 'clf__kernel': 'rbf'}",0.8374640619479081,0.7618419510858494,0.7838772000357366,0.7720720607536556,0.8173051482831419,0.7945120844212583,0.02845483851267167,12,0.9742618973784174,0.9769337772846498,0.9733660359035572,0.9738333158337156,0.9745904011688571,0.9745970855138394,0.0012386566486013001
0.25769567489624023,0.0036600339274695712,0.04642329216003418,0.0010100527013692207,5.0,balanced,auto,poly,"{'clf__C': 5, 'clf__class_weight': 'balanced', 'clf__gamma': 'auto', 'clf__kernel': 'poly'}",0.7246214706354983,0.7406135531135531,0.6957010378568161,0.7063735504665766,0.744616974548054,0.7223853173240996,0.01897336550609383,180,0.9234136158659577,0.9290278102819155,0.9239854059707369,0.9307655215809438,0.9239874942928893,0.9262359695984888,0.0030462296038671053
0.16088414192199707,0.007378945389889945,0.03916664123535156,0.0009959187873318778,5.0,balanced,auto,sigmoid,"{'clf__C': 5, 'clf__class_weight': 'balanced', 'clf__gamma': 'auto', 'clf__kernel': 'sigmoid'}",0.540525660308019,0.5535333402980462,0.5139046809086972,0.546467792543374,0.5620150099122061,0.5432892967940685,0.016351079057238822,267,0.5777203055056833,0.5632893235771933,0.556379805826934,0.5693510081086974,0.567047128648267,0.5667575143333551,0.007024500803154474
0.25290536880493164,0.0056837643076969166,0.10402307510375977,0.0034260192958152874,5.0,balanced,0.0001,rbf,"{'clf__C': 5, 'clf__class_weight': 'balanced', 'clf__gamma': 0.0001, 'clf__kernel': 'rbf'}",0.7979654306639172,0.7490064026939665,0.7542008237251457,0.7635303686584592,0.7819866972114968,0.7693379445905971,0.018197559528355074,48,0.7952283185339115,0.8157570247374059,0.8092962521533476,0.8110162730331841,0.8013658097140468,0.8065327356343792,0.007311820704323359
0.4040881633758545,0.015305506688079134,0.06270828247070312,0.002095321335845403,5.0,balanced,0.0001,poly,"{'clf__C': 5, 'clf__class_weight': 'balanced', 'clf__gamma': 0.0001, 'clf__kernel': 'poly'}",0.078125,0.10982658959537572,0.13313896987366375,0.09275781689574793,0.07836990595611286,0.09844365646418005,0.020887642139882676,494,0.0996700430240458,0.12938154327753645,0.13544896820970442,0.10515276666526957,0.09658851802164842,0.11324836783964094,0.01600378871162409
0.3051914691925049,0.007530829418599664,0.06164426803588867,0.0020103233214485944,5.0,balanced,0.0001,sigmoid,"{'clf__C': 5, 'clf__class_weight': 'balanced', 'clf__gamma': 0.0001, 'clf__kernel': 'sigmoid'}",0.7451960128670869,0.7360884984843669,0.725052901405374,0.7519608067869762,0.7355394845668397,0.7387675408221288,0.009176889113620626,64,0.7629215223261718,0.7716319741714269,0.7807685902049042,0.7684129652218356,0.7608828226652432,0.7689235749179163,0.007050941327653483
0.20174546241760255,0.00349835906160925,0.08536062240600586,0.0022889149297766146,5.0,balanced,0.001,rbf,"{'clf__C': 5, 'clf__class_weight': 'balanced', 'clf__gamma': 0.001, 'clf__kernel': 'rbf'}",0.8443517757549229,0.7834926332737292,0.7675643232660776,0.7786952073726818,0.8423371647509579,0.8032882208836739,0.033117711331496665,3,0.9257418373237115,0.9303380566975699,0.9274646405258815,0.9167186478290636,0.9269408322887478,0.9254408029329948,0.004615099402322191
0.3627823829650879,0.00637259051021502,0.05914206504821777,0.001693670010406693,5.0,balanced,0.001,poly,"{'clf__C': 5, 'clf__class_weight': 'balanced', 'clf__gamma': 0.001, 'clf__kernel': 'poly'}",0.5029224930377467,0.5829478862502097,0.5322177030426893,0.5514458086757739,0.5367765306758113,0.5412620843364462,0.026127608417892162,269,0.6484252630085963,0.6351652294089526,0.6455264209440864,0.6362742972574149,0.6539700763648163,0.6438722573967733,0.007196852085653726
0.1901546001434326,0.0018748472274305325,0.04249410629272461,0.0007483382064547808,5.0,balanced,0.001,sigmoid,"{'clf__C': 5, 'clf__class_weight': 'balanced', 'clf__gamma': 0.001, 'clf__kernel': 'sigmoid'}",0.6365787268873954,0.6525781652037626,0.5757092084268449,0.6542850523793147,0.6646920250413473,0.636768635587733,0.031826942903788284,219,0.6811323581553886,0.6858996490879162,0.6809754031419765,0.6874825516886838,0.6787547044193558,0.6828489332986643,0.0032862361996001416
0.4649284839630127,0.007531527286486062,0.1202817440032959,0.007555847736149603,5.0,balanced,0.01,rbf,"{'clf__C': 5, 'clf__class_weight': 'balanced', 'clf__gamma': 0.01, 'clf__kernel': 'rbf'}",0.7016528350470623,0.6750787343904493,0.668409440126202,0.7275825843307399,0.7539023476523475,0.7053251883093601,0.03208189116794947,188,1.0,1.0,1.0,1.0,1.0,1.0,0.0
0.29946608543395997,0.013614889154332635,0.04477005004882813,0.0015909659056827779,5.0,balanced,0.01,poly,"{'clf__C': 5, 'clf__class_weight': 'balanced', 'clf__gamma': 0.01, 'clf__kernel': 'poly'}",0.7359899213796826,0.7194706469128138,0.7281096263782773,0.7126037216553178,0.7571516578027341,0.7306651148257651,0.015413961723218897,162,1.0,1.0,1.0,1.0,1.0,1.0,0.0
0.20085468292236328,0.012021723605496953,0.04319043159484863,0.003988540189946145,5.0,balanced,0.01,sigmoid,"{'clf__C': 5, 'clf__class_weight': 'balanced', 'clf__gamma': 0.01, 'clf__kernel': 'sigmoid'}",0.4963815606056985,0.461131771355912,0.46271673336668645,0.46232082633384625,0.4624523825333353,0.4690006548390957,0.013701247943109715,297,0.47834948273676337,0.46479746175372116,0.4473759266407348,0.4695011433822005,0.4472748885452781,0.4614597806117396,0.012333951306029042
0.518736743927002,0.014808160898699055,0.1393589496612549,0.0042209555469210494,5.0,balanced,0.1,rbf,"{'clf__C': 5, 'clf__class_weight': 'balanced', 'clf__gamma': 0.1, 'clf__kernel': 'rbf'}",0.16846361185983827,0.14,0.14902557228294494,0.1859472049689441,0.15939249429815466,0.1605657766819764,0.01590029422394247,390,1.0,1.0,1.0,1.0,1.0,1.0,0.0
0.3000272274017334,0.007378163133746011,0.045249319076538085,0.002006290711749587,5.0,balanced,0.1,poly,"{'clf__C': 5, 'clf__class_weight': 'balanced', 'clf__gamma': 0.1, 'clf__kernel': 'poly'}",0.7359899213796826,0.7194706469128138,0.7336672599928205,0.7157452277479676,0.7571516578027341,0.7324049427672037,0.0146402700470368,75,1.0,1.0,1.0,1.0,1.0,1.0,0.0
0.270964527130127,0.01599083642385109,0.05800471305847168,0.002730282316769113,5.0,balanced,0.1,sigmoid,"{'clf__C': 5, 'clf__class_weight': 'balanced', 'clf__gamma': 0.1, 'clf__kernel': 'sigmoid'}",0.39489110003269046,0.31984594634421,0.3176927001723893,0.3762586110849575,0.40140624259903035,0.36201892004665553,0.03627143138888881,320,0.3606930412937186,0.34346974762282945,0.30571827020452585,0.3444268478189574,0.320303576326315,0.3349222966532692,0.019463344188900715
0.5218810558319091,0.009825334684231189,0.13983688354492188,0.005604764853284854,5.0,balanced,0.5,rbf,"{'clf__C': 5, 'clf__class_weight': 'balanced', 'clf__gamma': 0.5, 'clf__kernel': 'rbf'}",0.13903743315508021,0.14,0.13903743315508021,0.13941018766756033,0.13941018766756033,0.1393790483290562,0.0003523981125472012,415,1.0,1.0,1.0,1.0,1.0,1.0,0.0
0.3036027908325195,0.012653466413145117,0.04453158378601074,0.0010165944888719846,5.0,balanced,0.5,poly,"{'clf__C': 5, 'clf__class_weight': 'balanced', 'clf__gamma': 0.5, 'clf__kernel': 'poly'}",0.7359899213796826,0.7194706469128138,0.7336672599928205,0.7157452277479676,0.7571516578027341,0.7324049427672037,0.0146402700470368,75,1.0,1.0,1.0,1.0,1.0,1.0,0.0
0.23600969314575196,0.0070166080215722975,0.05236616134643555,0.002475187679537257,5.0,balanced,0.5,sigmoid,"{'clf__C': 5, 'clf__class_weight': 'balanced', 'clf__gamma': 0.5, 'clf__kernel': 'sigmoid'}",0.39930310870129426,0.3672123406663438,0.3973954749137719,0.359452278227928,0.3723284723070865,0.3791383349632849,0.016223967814510905,315,0.35383361307272726,0.3222531257542368,0.3160291367233558,0.3511794922150902,0.3337638833556714,0.3354118502242163,0.0150966041713509
0.5356488704681397,0.006526575153153579,0.1410519599914551,0.00743795372504775,5.0,balanced,1,rbf,"{'clf__C': 5, 'clf__class_weight': 'balanced', 'clf__gamma': 1, 'clf__kernel': 'rbf'}",0.13903743315508021,0.14,0.13903743315508021,0.13941018766756033,0.13941018766756033,0.1393790483290562,0.0003523981125472012,415,1.0,1.0,1.0,1.0,1.0,1.0,0.0
0.3010268688201904,0.008476948829797855,0.04352350234985351,0.0018243216823651373,5.0,balanced,1,poly,"{'clf__C': 5, 'clf__class_weight': 'balanced', 'clf__gamma': 1, 'clf__kernel': 'poly'}",0.7359899213796826,0.7194706469128138,0.7336672599928205,0.7157452277479676,0.7571516578027341,0.7324049427672037,0.0146402700470368,75,1.0,1.0,1.0,1.0,1.0,1.0,0.0
0.23526878356933595,0.018849630605820632,0.05148239135742187,0.0018985111503449451,5.0,balanced,1,sigmoid,"{'clf__C': 5, 'clf__class_weight': 'balanced', 'clf__gamma': 1, 'clf__kernel': 'sigmoid'}",0.3918391491512307,0.3143777965731747,0.3257386365637821,0.31916129527594495,0.3528169837234446,0.3407867722575154,0.02878406786278295,364,0.34825899457388226,0.3020628427183445,0.2793023944823953,0.3075729495378811,0.328291097057545,0.31309765567400966,0.023501359825223504
0.3023223876953125,0.013572584644173468,0.08831343650817872,0.004922343897509079,10.0,,scale,rbf,"{'clf__C': 10, 'clf__class_weight': None, 'clf__gamma': 'scale', 'clf__kernel': 'rbf'}",0.8070841200337444,0.743554898090706,0.785127823675189,0.7555163733313075,0.8056879565682382,0.779394234339837,0.02586725309789724,26,0.995705743247675,0.9910257925056041,0.9908041337114576,0.9909339504793229,0.9930659412354396,0.9923071122358997,0.0018927658128066365
0.252565336227417,0.007268165186500012,0.04401774406433105,0.00042885977976121607,10.0,,scale,poly,"{'clf__C': 10, 'clf__class_weight': None, 'clf__gamma': 'scale', 'clf__kernel': 'poly'}",0.7509868421052632,0.7289748503828867,0.7044226881781948,0.7114377906044573,0.7487261494724181,0.728909664148644,0.018894324458324157,166,0.9448594735321706,0.9489202543013545,0.9423765378307336,0.9467602642191735,0.9443739100490929,0.945458087986505,0.0022231505104265575
0.14374499320983886,0.006487976832986804,0.03461861610412598,0.0007067846455319027,10.0,,scale,sigmoid,"{'clf__C': 10, 'clf__class_weight': None, 'clf__gamma': 'scale', 'clf__kernel': 'sigmoid'}",0.5443821419613096,0.6103077174284145,0.5247327902799702,0.5726108142889065,0.5994953627932351,0.5703057653503671,0.032268970624811856,250,0.612482170726641,0.6110011107224788,0.5988719676001385,0.5930201210032712,0.5933400957521768,0.6017430931609413,0.008437803586632445
0.30321307182312013,0.010956121972982038,0.0902174472808838,0.0038571194190835105,10.0,,auto,rbf,"{'clf__C': 10, 'clf__class_weight': None, 'clf__gamma': 'auto', 'clf__kernel': 'rbf'}",0.8070841200337444,0.7508526229578861,0.7825024894199651,0.7555163733313075,0.8056879565682382,0.7803287124622282,0.023866966408925716,24,0.995705743247675,0.9910257925056041,0.9908041337114576,0.9909339504793229,0.9930659412354396,0.9923071122358997,0.0018927658128066365
0.24282412528991698,0.0074475250530747425,0.04318747520446777,0.0013229924645318657,10.0,,auto,poly,"{'clf__C': 10, 'clf__class_weight': None, 'clf__gamma': 'auto', 'clf__kernel': 'poly'}",0.7509868421052632,0.7271405006172199,0.7044226881781948,0.7114377906044573,0.7487261494724181,0.7285427941955106,0.018907301268162827,170,0.9448594735321706,0.9482146488579694,0.9402308259987159,0.9443313109907352,0.9410068591232774,0.9437286237005736,0.002877813969021566
0.14429011344909667,0.005353019152799833,0.03476185798645019,0.0009650232881669542,10.0,,auto,sigmoid,"{'clf__C': 10, 'clf__class_weight': None, 'clf__gamma': 'auto', 'clf__kernel': 'sigmoid'}",0.5443821419613096,0.6119720862663774,0.5294603492681496,0.576927957322803,0.5994953627932351,0.5724475795223749,0.03146240216157227,249,0.6189528382704296,0.6084538675048455,0.602369086721281,0.5962157629970823,0.5957656369592218,0.604351438490572,0.008647146599389801
0.20321931838989257,0.006476016512351894,0.08812484741210938,0.003662930705061564,10.0,,0.0001,rbf,"{'clf__C': 10, 'clf__class_weight': None, 'clf__gamma': 0.0001, 'clf__kernel': 'rbf'}",0.8010324961680673,0.787186755806078,0.751504117734417,0.7654340074027264,0.8132841664644761,0.7836883087151529,0.022618649083697918,21,0.8304534927899839,0.8321799918143968,0.8463839795954377,0.825992877522421,0.8246375748450779,0.8319295833134636,0.007740658662925246
0.3209439754486084,0.003834484510736328,0.05904545783996582,0.0019393555353446608,10.0,,0.0001,poly,"{'clf__C': 10, 'clf__class_weight': None, 'clf__gamma': 0.0001, 'clf__kernel': 'poly'}",0.13903743315508021,0.14037433155080214,0.16397124887690925,0.15260545905707196,0.13941018766756033,0.14707973206148478,0.009841949787257864,409,0.1574688628811261,0.1603242570633875,0.1647550756866256,0.16340532511605677,0.15736934436531208,0.1606645730225016,0.0030143272631356233
0.23643178939819337,0.011659859803541681,0.05052194595336914,0.0012769788534493652,10.0,,0.0001,sigmoid,"{'clf__C': 10, 'clf__class_weight': None, 'clf__gamma': 0.0001, 'clf__kernel': 'sigmoid'}",0.7470495344789927,0.7529105511708287,0.7235457613658924,0.7182336258801005,0.7239155719759167,0.7331310089743461,0.01402632464739096,71,0.7691623407330639,0.7959705784682699,0.7973469089777037,0.7892484264923416,0.7559043773087324,0.7815265263960224,0.01629668983170215
0.19259562492370605,0.0067647368467205985,0.07869586944580079,0.0018028874559311552,10.0,,0.001,rbf,"{'clf__C': 10, 'clf__class_weight': None, 'clf__gamma': 0.001, 'clf__kernel': 'rbf'}",0.83708455954742,0.7716090288753418,0.776423539910382,0.7943282520644541,0.8420017830649615,0.8042894326925119,0.029804307103998156,2,0.9430512948371159,0.94749036676844,0.9465971534777535,0.9484890074020509,0.9444516493939074,0.9460158943758536,0.001993184979324066
0.29333887100219724,0.004859730917007115,0.05662326812744141,0.0016444719335109166,10.0,,0.001,poly,"{'clf__C': 10, 'clf__class_weight': None, 'clf__gamma': 0.001, 'clf__kernel': 'poly'}",0.4932665124478028,0.5717906838706592,0.5438322822865546,0.5349316009595635,0.526420102453937,0.5340482364037034,0.025465025678145563,275,0.6576338680109304,0.6490739125146621,0.6630145642040877,0.6488029536757496,0.6720209936109743,0.6581092584032808,0.008787140382652343
0.15348372459411622,0.0036452701767315456,0.035533571243286134,0.0007401945310977066,10.0,,0.001,sigmoid,"{'clf__C': 10, 'clf__class_weight': None, 'clf__gamma': 0.001, 'clf__kernel': 'sigmoid'}",0.67031941893256,0.6958457814412954,0.6354186029374167,0.6724898925087277,0.7025865350170183,0.6753320461674036,0.02362163295383912,209,0.7370349756410699,0.7352335895186217,0.7438236427080708,0.7358644413975639,0.7144512966103965,0.7332815891751445,0.009902364885939825
0.45809259414672854,0.010974858820430143,0.12014751434326172,0.004797612324186946,10.0,,0.01,rbf,"{'clf__C': 10, 'clf__class_weight': None, 'clf__gamma': 0.01, 'clf__kernel': 'rbf'}",0.6962848015460366,0.6750787343904493,0.6596398428682043,0.7275825843307399,0.7539023476523475,0.7024976621575555,0.03434788180475714,191,1.0,1.0,1.0,1.0,1.0,1.0,0.0
0.2973154067993164,0.01024396549945283,0.04438014030456543,0.0022773502878143856,10.0,,0.01,poly,"{'clf__C': 10, 'clf__class_weight': None, 'clf__gamma': 0.01, 'clf__kernel': 'poly'}",0.7359899213796826,0.7194706469128138,0.7336672599928205,0.7157452277479676,0.7571516578027341,0.7324049427672037,0.0146402700470368,75,1.0,1.0,1.0,1.0,1.0,1.0,0.0
0.17890405654907227,0.005291035912939512,0.04254026412963867,0.0016667697712426236,10.0,,0.01,sigmoid,"{'clf__C': 10, 'clf__class_weight': None, 'clf__gamma': 0.01, 'clf__kernel': 'sigmoid'}",0.47906918620671457,0.4755003201495457,0.4654626092381697,0.4420699423487893,0.4980530852042545,0.47203102862949475,0.01832773798663153,295,0.4776601494978866,0.4748144364422531,0.4575356276039932,0.47755249245221676,0.4689890013857799,0.47131034147642586,0.007572246091185088
0.5391766548156738,0.012554892771135778,0.13631391525268555,0.007326787034827328,10.0,,0.1,rbf,"{'clf__C': 10, 'clf__class_weight': None, 'clf__gamma': 0.1, 'clf__kernel': 'rbf'}",0.16846361185983827,0.14,0.14902557228294494,0.1859472049689441,0.15939249429815466,0.1605657766819764,0.01590029422394247,390,1.0,1.0,1.0,1.0,1.0,1.0,0.0
0.29518518447875974,0.003556273122227289,0.04310374259948731,0.0008782121276528909,10.0,,0.1,poly,"{'clf__C': 10, 'clf__class_weight': None, 'clf__gamma': 0.1, 'clf__kernel': 'poly'}",0.7359899213796826,0.7194706469128138,0.7336672599928205,0.7157452277479676,0.7571516578027341,0.7324049427672037,0.0146402700470368,75,1.0,1.0,1.0,1.0,1.0,1.0,0.0
0.25354585647583006,0.012894920299029243,0.05531144142150879,0.003237144533477112,10.0,,0.1,sigmoid,"{'clf__C': 10, 'clf__class_weight': None, 'clf__gamma': 0.1, 'clf__kernel': 'sigmoid'}",0.3600611287063727,0.35147181306107994,0.3260877436036477,0.37889863547758285,0.3347188370353018,0.350247631576797,0.018673655333268813,349,0.3354225825662166,0.36038338010034066,0.3067717427001231,0.3341854603460592,0.30952115134578795,0.3292568634117055,0.01962776699354639
0.546349287033081,0.018858291715320954,0.13739891052246095,0.0053360135850095535,10.0,,0.5,rbf,"{'clf__C': 10, 'clf__class_weight': None, 'clf__gamma': 0.5, 'clf__kernel': 'rbf'}",0.13903743315508021,0.14,0.13903743315508021,0.13941018766756033,0.13941018766756033,0.1393790483290562,0.0003523981125472012,415,1.0,1.0,1.0,1.0,1.0,1.0,0.0
0.2992385387420654,0.007782560415868571,0.04431052207946777,0.0020009397985613466,10.0,,0.5,poly,"{'clf__C': 10, 'clf__class_weight': None, 'clf__gamma': 0.5, 'clf__kernel': 'poly'}",0.7359899213796826,0.7194706469128138,0.7336672599928205,0.7157452277479676,0.7571516578027341,0.7324049427672037,0.0146402700470368,75,1.0,1.0,1.0,1.0,1.0,1.0,0.0
0.24372692108154298,0.015326402945570895,0.0503446102142334,0.0017378482138893116,10.0,,0.5,sigmoid,"{'clf__C': 10, 'clf__class_weight': None, 'clf__gamma': 0.5, 'clf__kernel': 'sigmoid'}",0.3785794000762154,0.3567739746624617,0.33882156823899723,0.3367279410184826,0.3749310032568427,0.3571667774505999,0.017484365335629942,330,0.37424826243891507,0.34007486011513316,0.29914313561862127,0.3084781986060444,0.34855427054487903,0.33409974546471866,0.02733117978049771
0.539376974105835,0.0026385097881653397,0.1359853744506836,0.0028542876157707443,10.0,,1,rbf,"{'clf__C': 10, 'clf__class_weight': None, 'clf__gamma': 1, 'clf__kernel': 'rbf'}",0.13903743315508021,0.14,0.13903743315508021,0.13941018766756033,0.13941018766756033,0.1393790483290562,0.0003523981125472012,415,1.0,1.0,1.0,1.0,1.0,1.0,0.0
0.2947977066040039,0.013367138869260019,0.04665021896362305,0.008425945937471768,10.0,,1,poly,"{'clf__C': 10, 'clf__class_weight': None, 'clf__gamma': 1, 'clf__kernel': 'poly'}",0.7359899213796826,0.7194706469128138,0.7336672599928205,0.7157452277479676,0.7571516578027341,0.7324049427672037,0.0146402700470368,75,1.0,1.0,1.0,1.0,1.0,1.0,0.0
0.22032527923583983,0.005943547837048399,0.05787439346313476,0.02059517344038422,10.0,,1,sigmoid,"{'clf__C': 10, 'clf__class_weight': None, 'clf__gamma': 1, 'clf__kernel': 'sigmoid'}",0.35738477209065445,0.29935426958775785,0.369722615718039,0.3649580320358309,0.3889090785375615,0.35606575359396875,0.030206617554089724,333,0.35590749056566,0.303633076657172,0.31571381438818275,0.3295977755797117,0.3507057770560485,0.331111586849355,0.0199660746000429
0.313065242767334,0.026784685950160984,0.09527788162231446,0.003068012314189162,10.0,balanced,scale,rbf,"{'clf__C': 10, 'clf__class_weight': 'balanced', 'clf__gamma': 'scale', 'clf__kernel': 'rbf'}",0.8058333333333334,0.7584896875215561,0.7758485117513412,0.7502116734638147,0.8176336171323864,0.7816033646404864,0.026222391783175703,23,0.9929753167761075,0.9901428378038748,0.9943948485462348,0.9901681480316282,0.990945690623701,0.9917253683563093,0.0016867561170646245
0.23721156120300294,0.02935694914984301,0.04376826286315918,0.0016683482559279803,10.0,balanced,scale,poly,"{'clf__C': 10, 'clf__class_weight': 'balanced', 'clf__gamma': 'scale', 'clf__kernel': 'poly'}",0.725061289838395,0.7238224761149457,0.713255244912792,0.7211054645837255,0.7604520629212383,0.7287393076742192,0.016379460632574835,167,0.9695995635297683,0.9635773869436954,0.9634497762544705,0.9638912468054284,0.9598064679060211,0.9640648882878768,0.003143658566716732
0.15988454818725586,0.004639398871174213,0.04173259735107422,0.007110406512459784,10.0,balanced,scale,sigmoid,"{'clf__C': 10, 'clf__class_weight': 'balanced', 'clf__gamma': 'scale', 'clf__kernel': 'sigmoid'}",0.49582903154003233,0.5317099567099567,0.5369180273023976,0.5414258260152971,0.5600881666919698,0.5331942016519307,0.020991764067121024,278,0.570131808735307,0.5612179961564556,0.558206897866676,0.5615196778485982,0.5586344814605684,0.5619421724135211,0.004305024305909454
0.29906787872314455,0.01055469416774086,0.09519977569580078,0.003666801459284054,10.0,balanced,auto,rbf,"{'clf__C': 10, 'clf__class_weight': 'balanced', 'clf__gamma': 'auto', 'clf__kernel': 'rbf'}",0.8058333333333334,0.7584896875215561,0.7758485117513412,0.7502116734638147,0.8206719175814957,0.7822110247303082,0.027071740374428742,22,0.992061138730062,0.9894296459192593,0.9943948485462348,0.9880442282182512,0.9898505828182186,0.9907560888464053,0.0022305742500318684
0.2606025218963623,0.04980122418386499,0.04218740463256836,0.0018307666589279998,10.0,balanced,auto,poly,"{'clf__C': 10, 'clf__class_weight': 'balanced', 'clf__gamma': 'auto', 'clf__kernel': 'poly'}",0.725061289838395,0.7200947158524427,0.7165421076054037,0.7242063492063492,0.7604520629212383,0.7292713050847658,0.015886219966304838,165,0.9685389139229523,0.9635773869436954,0.9627300539588104,0.9638912468054284,0.9590813841854139,0.9635637971632601,0.003021468138431683
0.15781354904174805,0.012227188231019502,0.038133859634399414,0.0013892647371869476,10.0,balanced,auto,sigmoid,"{'clf__C': 10, 'clf__class_weight': 'balanced', 'clf__gamma': 'auto', 'clf__kernel': 'sigmoid'}",0.49961218491766246,0.5380944864350661,0.5266463698059657,0.545065163167162,0.560891466796183,0.5340619342244078,0.020488690370348023,274,0.5727925537168387,0.5593449242508424,0.5567433865758393,0.5635833839330919,0.5564344689084709,0.5617797434770166,0.006072895585903754
0.22079567909240722,0.002452905799444948,0.09114389419555664,0.003800645360923256,10.0,balanced,0.0001,rbf,"{'clf__C': 10, 'clf__class_weight': 'balanced', 'clf__gamma': 0.0001, 'clf__kernel': 'rbf'}",0.8187394269881245,0.7787207017918721,0.7860582347115129,0.7679444417193964,0.8001558016257866,0.7903237213673385,0.017650941761709,16,0.8311336705163008,0.8488957404789951,0.8360096892360372,0.8447135470881327,0.8372351263674136,0.8395975547373759,0.006367429914578016
0.39629669189453126,0.005394564540483313,0.06301279067993164,0.0031516225621803238,10.0,balanced,0.0001,poly,"{'clf__C': 10, 'clf__class_weight': 'balanced', 'clf__gamma': 0.0001, 'clf__kernel': 'poly'}",0.09111635220125786,0.09136435331230283,0.1100352899133387,0.09275781689574793,0.10325459721474187,0.09770568190747783,0.007627880140234714,506,0.10087490836130725,0.1139971591491997,0.11037537645976347,0.1062422920026563,0.1055763799519885,0.10741322318498303,0.004463568044379732
0.2624814510345459,0.004668783203501519,0.054940223693847656,0.0012139577781956378,10.0,balanced,0.0001,sigmoid,"{'clf__C': 10, 'clf__class_weight': 'balanced', 'clf__gamma': 0.0001, 'clf__kernel': 'sigmoid'}",0.7875220035158146,0.7424205254896104,0.7414588199585626,0.7610398230088495,0.7693884874272746,0.7603659318800224,0.01731374804178859,52,0.785392517308799,0.808736750120419,0.8066432380411872,0.7996729669414964,0.7974596057978466,0.7995810156419496,0.00824044633226247
0.1939101219177246,0.005497938823613526,0.07834243774414062,0.0034046699081760265,10.0,balanced,0.001,rbf,"{'clf__C': 10, 'clf__class_weight': 'balanced', 'clf__gamma': 0.001, 'clf__kernel': 'rbf'}",0.8307158296923105,0.7812746452737406,0.7761661012757217,0.7728966862578857,0.8353762300027044,0.7992858985004726,0.027733277454927742,4,0.950729553745159,0.9534978847002202,0.9488406601267836,0.952448210205198,0.9500413469080613,0.9511115311370844,0.0016690985840770837
0.33435616493225095,0.009795353615283752,0.05670123100280762,0.0027788192048070893,10.0,balanced,0.001,poly,"{'clf__C': 10, 'clf__class_weight': 'balanced', 'clf__gamma': 0.001, 'clf__kernel': 'poly'}",0.5879819982242206,0.6350970020568877,0.5830917874396135,0.5820318459191457,0.601253375009277,0.5978912017298288,0.019820746359896963,239,0.7316662836801886,0.7344123191567199,0.7225583642754175,0.7344852120825109,0.7266176607955016,0.7299479679980677,0.00467261839174281
0.19591317176818848,0.0588747159988176,0.04175786972045899,0.005709236811411147,10.0,balanced,0.001,sigmoid,"{'clf__C': 10, 'clf__class_weight': 'balanced', 'clf__gamma': 0.001, 'clf__kernel': 'sigmoid'}",0.6189072423182592,0.6504527284501257,0.5583453238516034,0.6310706949418784,0.6714408078053051,0.6260433594734345,0.03825171344111134,225,0.6770456110751005,0.6771297999720721,0.682438372125483,0.6696977752015929,0.6633284472314251,0.6739280011211347,0.0066729719964915635
0.49956846237182617,0.07640446783625779,0.12248806953430176,0.002595120973252753,10.0,balanced,0.01,rbf,"{'clf__C': 10, 'clf__class_weight': 'balanced', 'clf__gamma': 0.01, 'clf__kernel': 'rbf'}",0.6962848015460366,0.6750787343904493,0.6596398428682043,0.7275825843307399,0.7539023476523475,0.7024976621575555,0.03434788180475714,191,1.0,1.0,1.0,1.0,1.0,1.0,0.0
0.26779975891113283,0.04527576915769882,0.04018902778625488,0.006809906827847141,10.0,balanced,0.01,poly,"{'clf__C': 10, 'clf__class_weight': 'balanced', 'clf__gamma': 0.01, 'clf__kernel': 'poly'}",0.7359899213796826,0.7194706469128138,0.7336672599928205,0.7157452277479676,0.7571516578027341,0.7324049427672037,0.0146402700470368,75,1.0,1.0,1.0,1.0,1.0,1.0,0.0
0.19941563606262208,0.011624344403555644,0.045098876953125,0.0021547259899821155,10.0,balanced,0.01,sigmoid,"{'clf__C': 10, 'clf__class_weight': 'balanced', 'clf__gamma': 0.01, 'clf__kernel': 'sigmoid'}",0.49164815234913584,0.4654936907285842,0.45919153821247377,0.4518338697859479,0.47500485735779857,0.4686344216867881,0.013794963088545694,298,0.47500291065141864,0.460759415229951,0.4500518670363092,0.46555628242712577,0.444243829834586,0.4591228610358781,0.01095364503577479
0.5238190650939941,0.006187202146868844,0.13825974464416504,0.0037256784224693968,10.0,balanced,0.1,rbf,"{'clf__C': 10, 'clf__class_weight': 'balanced', 'clf__gamma': 0.1, 'clf__kernel': 'rbf'}",0.16846361185983827,0.14,0.14902557228294494,0.1859472049689441,0.15939249429815466,0.1605657766819764,0.01590029422394247,390,1.0,1.0,1.0,1.0,1.0,1.0,0.0
0.2949819087982178,0.010096010212573033,0.044380903244018555,0.0016884636117296206,10.0,balanced,0.1,poly,"{'clf__C': 10, 'clf__class_weight': 'balanced', 'clf__gamma': 0.1, 'clf__kernel': 'poly'}",0.7359899213796826,0.7194706469128138,0.7336672599928205,0.7157452277479676,0.7571516578027341,0.7324049427672037,0.0146402700470368,75,1.0,1.0,1.0,1.0,1.0,1.0,0.0
0.2625863075256348,0.018490944317657847,0.05765485763549805,0.0015478534011705801,10.0,balanced,0.1,sigmoid,"{'clf__C': 10, 'clf__class_weight': 'balanced', 'clf__gamma': 0.1, 'clf__kernel': 'sigmoid'}",0.40334715111303765,0.31615568394536986,0.3031101299089735,0.3697615108905432,0.39936292475960344,0.3583474801235055,0.041638515126440415,327,0.3626681548088778,0.345239496230474,0.2952753623344317,0.39949585914898494,0.32087498187646735,0.3447107708798472,0.03559819529187962
0.4844027042388916,0.08454287551366885,0.12985525131225586,0.027045647291769063,10.0,balanced,0.5,rbf,"{'clf__C': 10, 'clf__class_weight': 'balanced', 'clf__gamma': 0.5, 'clf__kernel': 'rbf'}",0.13903743315508021,0.14,0.13903743315508021,0.13941018766756033,0.13941018766756033,0.1393790483290562,0.0003523981125472012,415,1.0,1.0,1.0,1.0,1.0,1.0,0.0
0.3171814441680908,0.03429290771619104,0.05211930274963379,0.01634234616981681,10.0,balanced,0.5,poly,"{'clf__C': 10, 'clf__class_weight': 'balanced', 'clf__gamma': 0.5, 'clf__kernel': 'poly'}",0.7359899213796826,0.7194706469128138,0.7336672599928205,0.7157452277479676,0.7571516578027341,0.7324049427672037,0.0146402700470368,75,1.0,1.0,1.0,1.0,1.0,1.0,0.0
0.25076799392700194,0.04150025978701006,0.05548214912414551,0.006349385797403842,10.0,balanced,0.5,sigmoid,"{'clf__C': 10, 'clf__class_weight': 'balanced', 'clf__gamma': 0.5, 'clf__kernel': 'sigmoid'}",0.40330124795517075,0.3643104408762583,0.3939031675706101,0.3691497708874487,0.35411153268296125,0.3769552319944898,0.018568767546854298,316,0.35568297000045385,0.32483066300321467,0.3144443169496538,0.35093148290566517,0.32941320693036935,0.3350605279578714,0.015740030844112757
0.5645945072174072,0.036624387158690666,0.15002002716064453,0.017453744333344134,10.0,balanced,1,rbf,"{'clf__C': 10, 'clf__class_weight': 'balanced', 'clf__gamma': 1, 'clf__kernel': 'rbf'}",0.13903743315508021,0.14,0.13903743315508021,0.13941018766756033,0.13941018766756033,0.1393790483290562,0.0003523981125472012,415,1.0,1.0,1.0,1.0,1.0,1.0,0.0
0.2928361415863037,0.00851930321770932,0.043808698654174805,0.0005532022545532976,10.0,balanced,1,poly,"{'clf__C': 10, 'clf__class_weight': 'balanced', 'clf__gamma': 1, 'clf__kernel': 'poly'}",0.7359899213796826,0.7194706469128138,0.7336672599928205,0.7157452277479676,0.7571516578027341,0.7324049427672037,0.0146402700470368,75,1.0,1.0,1.0,1.0,1.0,1.0,0.0
0.237244176864624,0.00930340068054995,0.05044941902160645,0.002259934130087822,10.0,balanced,1,sigmoid,"{'clf__C': 10, 'clf__class_weight': 'balanced', 'clf__gamma': 1, 'clf__kernel': 'sigmoid'}",0.39951410957900807,0.3169593608623266,0.3115739157885619,0.3170282774277711,0.3497267035616077,0.33896047344385505,0.03315945800901041,365,0.34715405412043054,0.2976948936125228,0.2778719457623736,0.3104393367803492,0.33081923326894647,0.3127958927089245,0.024325294080035965
0.31961731910705565,0.014871016640939452,0.09934215545654297,0.004639327821362757,50.0,,scale,rbf,"{'clf__C': 50, 'clf__class_weight': None, 'clf__gamma': 'scale', 'clf__kernel': 'rbf'}",0.8075943367928491,0.7458834813964972,0.7663813441448675,0.7575548445113662,0.8116118108884521,0.7778051635468064,0.026794988745046135,28,1.0,1.0,1.0,1.0,1.0,1.0,0.0
0.2859928131103516,0.006307933790784543,0.0425757884979248,0.0016335433220716542,50.0,,scale,poly,"{'clf__C': 50, 'clf__class_weight': None, 'clf__gamma': 'scale', 'clf__kernel': 'poly'}",0.722703240654351,0.7172742162255039,0.7247375807047143,0.7278569962259384,0.7479490542753583,0.7281042176171731,0.01050402196116475,171,0.9978642732308421,0.994621678354565,0.9960509046032877,0.9953443114909062,0.9967620362453999,0.9961286407850002,0.0011230103221768315
0.14008550643920897,0.008651785686900894,0.03398241996765137,0.0011941164637331396,50.0,,scale,sigmoid,"{'clf__C': 50, 'clf__class_weight': None, 'clf__gamma': 'scale', 'clf__kernel': 'sigmoid'}",0.534513135379472,0.583030303030303,0.5225621963994217,0.5737987012987013,0.6247257380701863,0.5677260148356169,0.036504610843970005,252,0.6095259806703226,0.6047495895912507,0.602750378266731,0.5917884831371191,0.5989367581953312,0.6015502379721509,0.005956690240391272
0.3038458824157715,0.0144936879383005,0.09312019348144532,0.003951065155890382,50.0,,auto,rbf,"{'clf__C': 50, 'clf__class_weight': None, 'clf__gamma': 'auto', 'clf__kernel': 'rbf'}",0.8075943367928491,0.7458834813964972,0.7623939326819658,0.7575548445113662,0.8116118108884521,0.7770076812542261,0.027179696857184223,37,1.0,1.0,1.0,1.0,1.0,1.0,0.0
0.2573107719421387,0.04178772149254541,0.03862972259521484,0.006931957710194488,50.0,,auto,poly,"{'clf__C': 50, 'clf__class_weight': None, 'clf__gamma': 'auto', 'clf__kernel': 'poly'}",0.722703240654351,0.7172742162255039,0.7247375807047143,0.7274831558045672,0.7479490542753583,0.7280294495328989,0.010506845719147303,172,0.9978642732308421,0.994621678354565,0.9960509046032877,0.9953443114909062,0.9960509046032877,0.9959864144565778,0.0010779120911083757
0.13624892234802247,0.007760264492798205,0.032454299926757815,0.000848507859392082,50.0,,auto,sigmoid,"{'clf__C': 50, 'clf__class_weight': None, 'clf__gamma': 'auto', 'clf__kernel': 'sigmoid'}",0.5357003379885649,0.5866791510611735,0.5237951655862104,0.5827492544908275,0.6205439390521309,0.5698935696357814,0.03551541706158359,251,0.6087412587310047,0.606009525218722,0.6002368556439575,0.5917979101509614,0.600434969191376,0.6014441037872043,0.0058243694165283745
0.17756829261779786,0.021297339248168484,0.06987524032592773,0.003980723752167562,50.0,,0.0001,rbf,"{'clf__C': 50, 'clf__class_weight': None, 'clf__gamma': 0.0001, 'clf__kernel': 'rbf'}",0.8162129014757933,0.7954362882103745,0.7682954872089681,0.7780139546700057,0.8378485367603278,0.799161433665094,0.02530313706851192,5,0.8851700934824724,0.9072183124859852,0.9032100642301646,0.8956401703591198,0.8947207282473365,0.8971918737610156,0.007612957831110398
0.3795557975769043,0.1398714657043175,0.054291725158691406,0.009884946589469163,50.0,,0.0001,poly,"{'clf__C': 50, 'clf__class_weight': None, 'clf__gamma': 0.0001, 'clf__kernel': 'poly'}",0.15266172506738546,0.15325067024128688,0.16397124887690925,0.15260545905707196,0.16455196896982446,0.15740821444249561,0.005603346218096549,402,0.17000339894417557,0.17273903815685396,0.1682012466948819,0.17396062694789632,0.17118442992810226,0.171217748134382,0.0020205317375002725
0.18808045387268066,0.004196004868756688,0.04082698822021484,0.0008759195460606845,50.0,,0.0001,sigmoid,"{'clf__C': 50, 'clf__class_weight': None, 'clf__gamma': 0.0001, 'clf__kernel': 'sigmoid'}",0.8138766766130504,0.7943232371711504,0.7726199976199977,0.7773481998341711,0.8227746212121212,0.7961885464900982,0.019665217279169086,9,0.8605208129076912,0.8597794291520147,0.8744536352838487,0.8614587919387383,0.8625112659506835,0.8637447870465953,0.005432215956240427
0.19623408317565919,0.009031982978055436,0.0760676383972168,0.0011320132554416087,50.0,,0.001,rbf,"{'clf__C': 50, 'clf__class_weight': None, 'clf__gamma': 0.001, 'clf__kernel': 'rbf'}",0.7766984720309528,0.7685013363879343,0.732935431145267,0.762344450386865,0.8028123151980135,0.7686584010298066,0.022570572939594014,49,0.9974482999433049,0.9926606329073965,0.9922332661802301,0.9907577584617997,0.9944913947039865,0.9935182704393435,0.0022977949080259666
0.27192392349243166,0.035109451523457284,0.04793429374694824,0.0014341908423391595,50.0,,0.001,poly,"{'clf__C': 50, 'clf__class_weight': None, 'clf__gamma': 0.001, 'clf__kernel': 'poly'}",0.675416449765747,0.7154938460362358,0.6630200054554474,0.656382742928117,0.7103030834267775,0.684123225522465,0.024331826923398414,206,0.8448894433315892,0.845591449619248,0.8398861035931847,0.8471905476748077,0.8484853634549627,0.8452085815347583,0.002940839952607459
0.12453207969665528,0.0023505862076059728,0.03008441925048828,0.0005164137925680818,50.0,,0.001,sigmoid,"{'clf__C': 50, 'clf__class_weight': None, 'clf__gamma': 0.001, 'clf__kernel': 'sigmoid'}",0.5983640975000423,0.659877901407089,0.6093344978542624,0.6391630802233617,0.685314283602255,0.638410772117402,0.03197032646054827,218,0.7267875500308284,0.7212933502281025,0.7292560259009566,0.7286069705506292,0.7118053991538402,0.7235498591728715,0.00650602075102587
0.4607814311981201,0.00791394609404916,0.12613215446472167,0.001565251724826369,50.0,,0.01,rbf,"{'clf__C': 50, 'clf__class_weight': None, 'clf__gamma': 0.01, 'clf__kernel': 'rbf'}",0.6962848015460366,0.6750787343904493,0.6596398428682043,0.7275825843307399,0.7539023476523475,0.7024976621575555,0.03434788180475714,191,1.0,1.0,1.0,1.0,1.0,1.0,0.0
0.26805849075317384,0.04578350104991259,0.04084281921386719,0.008195695636759264,50.0,,0.01,poly,"{'clf__C': 50, 'clf__class_weight': None, 'clf__gamma': 0.01, 'clf__kernel': 'poly'}",0.7359899213796826,0.7194706469128138,0.7336672599928205,0.7157452277479676,0.7571516578027341,0.7324049427672037,0.0146402700470368,75,1.0,1.0,1.0,1.0,1.0,1.0,0.0
0.18106517791748047,0.01915381916559673,0.045930004119873045,0.005303367153148541,50.0,,0.01,sigmoid,"{'clf__C': 50, 'clf__class_weight': None, 'clf__gamma': 0.01, 'clf__kernel': 'sigmoid'}",0.4837875504775731,0.4934611424681564,0.4718334581893233,0.4581199648268536,0.49859721424261466,0.4811598660409042,0.014697660840510092,291,0.4860221110020785,0.4786431724176873,0.4566729825848125,0.476838087922008,0.4691621347461247,0.47346769773454217,0.009963520364926481
0.5315789699554443,0.004954774462395562,0.13861660957336425,0.0056473233144115715,50.0,,0.1,rbf,"{'clf__C': 50, 'clf__class_weight': None, 'clf__gamma': 0.1, 'clf__kernel': 'rbf'}",0.16846361185983827,0.14,0.14902557228294494,0.1859472049689441,0.15939249429815466,0.1605657766819764,0.01590029422394247,390,1.0,1.0,1.0,1.0,1.0,1.0,0.0
0.2949495792388916,0.007659233722375383,0.043604707717895506,0.0018654493431668273,50.0,,0.1,poly,"{'clf__C': 50, 'clf__class_weight': None, 'clf__gamma': 0.1, 'clf__kernel': 'poly'}",0.7359899213796826,0.7194706469128138,0.7336672599928205,0.7157452277479676,0.7571516578027341,0.7324049427672037,0.0146402700470368,75,1.0,1.0,1.0,1.0,1.0,1.0,0.0
0.27732114791870116,0.05549622644602347,0.054746055603027345,0.001874891936449227,50.0,,0.1,sigmoid,"{'clf__C': 50, 'clf__class_weight': None, 'clf__gamma': 0.1, 'clf__kernel': 'sigmoid'}",0.36014451641069994,0.3473903297604856,0.323878902718132,0.37168165925720104,0.36288269611314433,0.35319562085193257,0.016595370193624736,342,0.3366672460395558,0.3587319514761853,0.3075619547343921,0.3345982506013353,0.314390263449321,0.33038993326015786,0.018096909265179553
0.5279371738433838,0.00560797059033417,0.14383258819580078,0.0037266883091524915,50.0,,0.5,rbf,"{'clf__C': 50, 'clf__class_weight': None, 'clf__gamma': 0.5, 'clf__kernel': 'rbf'}",0.13903743315508021,0.14,0.13903743315508021,0.13941018766756033,0.13941018766756033,0.1393790483290562,0.0003523981125472012,415,1.0,1.0,1.0,1.0,1.0,1.0,0.0
0.30428309440612794,0.008001231999446667,0.04329705238342285,0.0007044565178557883,50.0,,0.5,poly,"{'clf__C': 50, 'clf__class_weight': None, 'clf__gamma': 0.5, 'clf__kernel': 'poly'}",0.7359899213796826,0.7194706469128138,0.7336672599928205,0.7157452277479676,0.7571516578027341,0.7324049427672037,0.0146402700470368,75,1.0,1.0,1.0,1.0,1.0,1.0,0.0
0.21413774490356446,0.03205472382211061,0.04888467788696289,0.002130660883623172,50.0,,0.5,sigmoid,"{'clf__C': 50, 'clf__class_weight': None, 'clf__gamma': 0.5, 'clf__kernel': 'sigmoid'}",0.3761324639670556,0.3922297469971889,0.3242842683632158,0.3288282337834313,0.3572007354645891,0.3557350897150961,0.026318032083764053,337,0.3739518639782729,0.33723279938226897,0.29294760253969016,0.3263458564016458,0.34480147043024106,0.3350559185464238,0.0263119160162078
0.5311635494232178,0.004998349057819725,0.13716740608215333,0.00423497730291596,50.0,,1,rbf,"{'clf__C': 50, 'clf__class_weight': None, 'clf__gamma': 1, 'clf__kernel': 'rbf'}",0.13903743315508021,0.14,0.13903743315508021,0.13941018766756033,0.13941018766756033,0.1393790483290562,0.0003523981125472012,415,1.0,1.0,1.0,1.0,1.0,1.0,0.0
0.2945835590362549,0.00932130897095503,0.04431018829345703,0.0012535870649827098,50.0,,1,poly,"{'clf__C': 50, 'clf__class_weight': None, 'clf__gamma': 1, 'clf__kernel': 'poly'}",0.7359899213796826,0.7194706469128138,0.7336672599928205,0.7157452277479676,0.7571516578027341,0.7324049427672037,0.0146402700470368,75,1.0,1.0,1.0,1.0,1.0,1.0,0.0
0.22065320014953613,0.015397219031502513,0.047907543182373044,0.0017131622265057747,50.0,,1,sigmoid,"{'clf__C': 50, 'clf__class_weight': None, 'clf__gamma': 1, 'clf__kernel': 'sigmoid'}",0.36491922711434904,0.3338694953787017,0.3421019435409026,0.3608561247520005,0.383448196177582,0.35703899739270717,0.017516025025962154,331,0.35470142983969344,0.31939908038687176,0.3114167786323518,0.3276788499401028,0.3533778016312401,0.33331478808605197,0.017690938333516027
0.3168041229248047,0.023685658432885573,0.0947427749633789,0.0034240281581693973,50.0,balanced,scale,rbf,"{'clf__C': 50, 'clf__class_weight': 'balanced', 'clf__gamma': 'scale', 'clf__kernel': 'rbf'}",0.8045413896961351,0.7458834813964972,0.7663813441448675,0.7575548445113662,0.8116118108884521,0.7771945741274636,0.026135890870854123,36,1.0,1.0,1.0,1.0,1.0,1.0,0.0
0.2847632884979248,0.009756933721002524,0.04193439483642578,0.0010549788833452603,50.0,balanced,scale,poly,"{'clf__C': 50, 'clf__class_weight': 'balanced', 'clf__gamma': 'scale', 'clf__kernel': 'poly'}",0.7262278488897194,0.7128527026455744,0.7297936589988799,0.7324445795487515,0.7571019480390997,0.7316841476244049,0.014384792648828233,158,0.9971510534384928,0.9957265801577391,0.997156517561064,0.997156517561064,0.997156517561064,0.9968694372558848,0.0005714324677429837
0.1507263660430908,0.004818694350963995,0.03613367080688477,0.00023831792614140983,50.0,balanced,scale,sigmoid,"{'clf__C': 50, 'clf__class_weight': 'balanced', 'clf__gamma': 'scale', 'clf__kernel': 'sigmoid'}",0.4970206996069064,0.5458648806057077,0.5094676707517328,0.5405849231788211,0.5611314020979836,0.5308139152482303,0.02382770547300719,283,0.5603411312655693,0.548631774633124,0.5574375691902222,0.5628413275438504,0.5652990164211626,0.5589101638107857,0.005764251431607054
0.30202183723449705,0.07131736431015348,0.0934328556060791,0.004358229922081109,50.0,balanced,auto,rbf,"{'clf__C': 50, 'clf__class_weight': 'balanced', 'clf__gamma': 'auto', 'clf__kernel': 'rbf'}",0.8045413896961351,0.7458834813964972,0.7623939326819658,0.7575548445113662,0.8116118108884521,0.7763970918348833,0.026511797798613193,45,1.0,1.0,1.0,1.0,1.0,1.0,0.0
0.27692394256591796,0.0037328317674737814,0.041747522354125974,0.0006227517456545228,50.0,balanced,auto,poly,"{'clf__C': 50, 'clf__class_weight': 'balanced', 'clf__gamma': 'auto', 'clf__kernel': 'poly'}",0.7262278488897194,0.7128527026455744,0.7297936589988799,0.7324445795487515,0.7571019480390997,0.7316841476244049,0.014384792648828233,158,0.9964371626175835,0.9957265801577391,0.997156517561064,0.997156517561064,0.9964440154059832,0.996584158660687,0.0005351407812766887
0.17633461952209473,0.038697984628837244,0.036799049377441405,0.0011728757832375277,50.0,balanced,auto,sigmoid,"{'clf__C': 50, 'clf__class_weight': 'balanced', 'clf__gamma': 'auto', 'clf__kernel': 'sigmoid'}",0.49860086591462227,0.5449945374044046,0.5103242845740626,0.5483890980702609,0.5719678324732942,0.534855323687329,0.02675616788931689,273,0.5623882380438759,0.5478468720312317,0.5551778412786916,0.5642308143636018,0.5644834876052661,0.5588254506645334,0.0064460691229861
0.19776101112365724,0.06800609503911477,0.06865963935852051,0.015589681821820028,50.0,balanced,0.0001,rbf,"{'clf__C': 50, 'clf__class_weight': 'balanced', 'clf__gamma': 0.0001, 'clf__kernel': 'rbf'}",0.8133266268782056,0.7698863636363636,0.7794027093596059,0.7867271920250528,0.8457745486231243,0.7990234881044704,0.027478672880971302,6,0.896889108365553,0.8935991344375713,0.8990674396257167,0.8905923050462912,0.889844089045005,0.8939984153040275,0.00355163491689128
0.4010246753692627,0.010985753772254286,0.06068854331970215,0.0016538853971423014,50.0,balanced,0.0001,poly,"{'clf__C': 50, 'clf__class_weight': 'balanced', 'clf__gamma': 0.0001, 'clf__kernel': 'poly'}",0.19385739497721952,0.0960813344443783,0.17501231830500122,0.09275781689574793,0.10375532326751838,0.13229283757797305,0.04313659537772947,487,0.2428875300319238,0.12457517468152307,0.18471643111882352,0.1237928162274808,0.1240087676598991,0.15999614394393008,0.04762875547112161
0.20638461112976075,0.008659609370722595,0.04527997970581055,0.0008037541876673095,50.0,balanced,0.0001,sigmoid,"{'clf__C': 50, 'clf__class_weight': 'balanced', 'clf__gamma': 0.0001, 'clf__kernel': 'sigmoid'}",0.7871050131362656,0.7624487469922553,0.7560541999955188,0.7703417142841277,0.8195085438969231,0.7790916436610181,0.022724484589511214,27,0.8662334036238675,0.8736253499164671,0.8583320043105174,0.8647749815575684,0.8575015957400655,0.8640934670296971,0.005874483837911822
0.20529770851135254,0.014907964602130258,0.07826476097106934,0.003140796842144424,50.0,balanced,0.001,rbf,"{'clf__C': 50, 'clf__class_weight': 'balanced', 'clf__gamma': 0.001, 'clf__kernel': 'rbf'}",0.7825119282162626,0.7658101429601398,0.7374029211242316,0.7651575901355181,0.8013693192969203,0.7704503803466144,0.02118084849622947,47,0.993295306810736,0.9931945850737307,0.9943951148051312,0.9905603313764522,0.9910587066910281,0.9925008089514156,0.0014523125677436705
0.27768912315368655,0.009565969965726917,0.048821449279785156,0.0014143790230783323,50.0,balanced,0.001,poly,"{'clf__C': 50, 'clf__class_weight': 'balanced', 'clf__gamma': 0.001, 'clf__kernel': 'poly'}",0.7032241356123581,0.7243064677029261,0.6988519268341531,0.6872113681003728,0.7421598792696337,0.7111507555038887,0.019605230317398095,183,0.8721879486704578,0.8715473263123779,0.866073016760385,0.8689521598291384,0.8732738013654225,0.8704068505875563,0.0025919352949752236
0.14280171394348146,0.006717941321411082,0.03367180824279785,0.000550157231307541,50.0,balanced,0.001,sigmoid,"{'clf__C': 50, 'clf__class_weight': 'balanced', 'clf__gamma': 0.001, 'clf__kernel': 'sigmoid'}",0.5908876435012445,0.6231837711161019,0.5484941792939524,0.5971393557422969,0.6498782902705948,0.6019166479848381,0.0339146908555147,238,0.6704450261627394,0.6672084481715754,0.6811829912904757,0.6648701283942312,0.6603034562604505,0.6688020100558945,0.00701730358119038
0.46768670082092284,0.013458074132609302,0.12049236297607421,0.006016077110971338,50.0,balanced,0.01,rbf,"{'clf__C': 50, 'clf__class_weight': 'balanced', 'clf__gamma': 0.01, 'clf__kernel': 'rbf'}",0.6962848015460366,0.6750787343904493,0.6596398428682043,0.7275825843307399,0.7539023476523475,0.7024976621575555,0.03434788180475714,191,1.0,1.0,1.0,1.0,1.0,1.0,0.0
0.2961174488067627,0.008376955681990145,0.0454747200012207,0.0017539738388589866,50.0,balanced,0.01,poly,"{'clf__C': 50, 'clf__class_weight': 'balanced', 'clf__gamma': 0.01, 'clf__kernel': 'poly'}",0.7359899213796826,0.7194706469128138,0.7336672599928205,0.7157452277479676,0.7571516578027341,0.7324049427672037,0.0146402700470368,75,1.0,1.0,1.0,1.0,1.0,1.0,0.0
0.18842368125915526,0.004934915028968246,0.04430623054504394,0.0011566400643445549,50.0,balanced,0.01,sigmoid,"{'clf__C': 50, 'clf__class_weight': 'balanced', 'clf__gamma': 0.01, 'clf__kernel': 'sigmoid'}",0.5004663277599057,0.45544745064936987,0.46429149104556616,0.4428341093306139,0.4723705733324126,0.4670819904235737,0.019357645665752772,301,0.4749491471545028,0.46864208127913737,0.444769144496711,0.4715751140519059,0.4484792865959253,0.46168295471563636,0.012511514285835312
0.5068960666656495,0.08540505638141824,0.12352528572082519,0.024714216175705173,50.0,balanced,0.1,rbf,"{'clf__C': 50, 'clf__class_weight': 'balanced', 'clf__gamma': 0.1, 'clf__kernel': 'rbf'}",0.16846361185983827,0.14,0.14902557228294494,0.1859472049689441,0.15939249429815466,0.1605657766819764,0.01590029422394247,390,1.0,1.0,1.0,1.0,1.0,1.0,0.0
0.293850040435791,0.010831074349512287,0.04315891265869141,0.0016029651604317196,50.0,balanced,0.1,poly,"{'clf__C': 50, 'clf__class_weight': 'balanced', 'clf__gamma': 0.1, 'clf__kernel': 'poly'}",0.7359899213796826,0.7194706469128138,0.7336672599928205,0.7157452277479676,0.7571516578027341,0.7324049427672037,0.0146402700470368,75,1.0,1.0,1.0,1.0,1.0,1.0,0.0
0.2740936756134033,0.02838970632586793,0.05674333572387695,0.0019025274761784278,50.0,balanced,0.1,sigmoid,"{'clf__C': 50, 'clf__class_weight': 'balanced', 'clf__gamma': 0.1, 'clf__kernel': 'sigmoid'}",0.39401420217209693,0.3159858090819025,0.3086308130727007,0.3662854659017919,0.3809028699948558,0.35316383204466956,0.034571026629846666,343,0.36061418205679857,0.34727866127445184,0.302912272509365,0.39885018003574946,0.31907840055567827,0.34574673928640853,0.03343457759164201
0.5417464256286622,0.027217087284868505,0.14187893867492676,0.005497285186934891,50.0,balanced,0.5,rbf,"{'clf__C': 50, 'clf__class_weight': 'balanced', 'clf__gamma': 0.5, 'clf__kernel': 'rbf'}",0.13903743315508021,0.14,0.13903743315508021,0.13941018766756033,0.13941018766756033,0.1393790483290562,0.0003523981125472012,415,1.0,1.0,1.0,1.0,1.0,1.0,0.0
0.2889899730682373,0.011836988013698842,0.04224472045898438,0.000606535841833007,50.0,balanced,0.5,poly,"{'clf__C': 50, 'clf__class_weight': 'balanced', 'clf__gamma': 0.5, 'clf__kernel': 'poly'}",0.7359899213796826,0.7194706469128138,0.7336672599928205,0.7157452277479676,0.7571516578027341,0.7324049427672037,0.0146402700470368,75,1.0,1.0,1.0,1.0,1.0,1.0,0.0
0.22819890975952148,0.00673145116730323,0.051966285705566405,0.003217764921836898,50.0,balanced,0.5,sigmoid,"{'clf__C': 50, 'clf__class_weight': 'balanced', 'clf__gamma': 0.5, 'clf__kernel': 'sigmoid'}",0.39860961313152765,0.3580393077473757,0.38429233172420557,0.3730912353990915,0.35199008350268857,0.3732045143009778,0.017020030186925467,317,0.3539463367056453,0.3185179588705123,0.3160272414527194,0.351657156405625,0.33459789801475265,0.3349493182898509,0.015926058040836667
0.5785647869110108,0.04326576617188161,0.14091663360595702,0.00437614624292697,50.0,balanced,1,rbf,"{'clf__C': 50, 'clf__class_weight': 'balanced', 'clf__gamma': 1, 'clf__kernel': 'rbf'}",0.13903743315508021,0.14,0.13903743315508021,0.13941018766756033,0.13941018766756033,0.1393790483290562,0.0003523981125472012,415,1.0,1.0,1.0,1.0,1.0,1.0,0.0
0.2897986888885498,0.008291123521550429,0.04296102523803711,0.0005206190462538701,50.0,balanced,1,poly,"{'clf__C': 50, 'clf__class_weight': 'balanced', 'clf__gamma': 1, 'clf__kernel': 'poly'}",0.7359899213796826,0.7194706469128138,0.7336672599928205,0.7157452277479676,0.7571516578027341,0.7324049427672037,0.0146402700470368,75,1.0,1.0,1.0,1.0,1.0,1.0,0.0
0.22524991035461425,0.017111458311654604,0.049584817886352536,0.0028467457792293893,50.0,balanced,1,sigmoid,"{'clf__C': 50, 'clf__class_weight': 'balanced', 'clf__gamma': 1, 'clf__kernel': 'sigmoid'}",0.39248264523200577,0.32574017547769757,0.30858726985708634,0.31617390545961976,0.40135880182881967,0.3488685595710458,0.03970858561967805,350,0.34668081422033337,0.3038467663813138,0.2775817632350983,0.3069350329402708,0.3381284329347726,0.3146345619423578,0.025009971736223272
0.3098878860473633,0.010171347198254651,0.09303474426269531,0.005642567975977744,100.0,,scale,rbf,"{'clf__C': 100, 'clf__class_weight': None, 'clf__gamma': 'scale', 'clf__kernel': 'rbf'}",0.8075943367928491,0.7458834813964972,0.7663813441448675,0.7575548445113662,0.8116118108884521,0.7778051635468064,0.026794988745046135,28,1.0,1.0,1.0,1.0,1.0,1.0,0.0
0.2871772289276123,0.0043349156706335035,0.04257068634033203,0.0010827546989700518,100.0,,scale,poly,"{'clf__C': 100, 'clf__class_weight': None, 'clf__gamma': 'scale', 'clf__kernel': 'poly'}",0.7256030882591364,0.719948377581121,0.7307504165994733,0.7175437362886423,0.7545713870862487,0.7296834011629244,0.013261534346012821,164,1.0,1.0,1.0,1.0,1.0,1.0,0.0
0.1379220962524414,0.0056285275282082995,0.033331298828125,0.0010691243815768893,100.0,,scale,sigmoid,"{'clf__C': 100, 'clf__class_weight': None, 'clf__gamma': 'scale', 'clf__kernel': 'sigmoid'}",0.532129784466741,0.5722357246179626,0.5283670033670034,0.5745784368309151,0.6197077757859376,0.5654037450137119,0.03334263143679815,253,0.6073060199139502,0.5948750828068611,0.6028775717464256,0.5940632030947889,0.6011735599452473,0.6000590875014546,0.004990560412419972
0.3066817283630371,0.012554284789872378,0.09269900321960449,0.002326140787263493,100.0,,auto,rbf,"{'clf__C': 100, 'clf__class_weight': None, 'clf__gamma': 'auto', 'clf__kernel': 'rbf'}",0.8075943367928491,0.7458834813964972,0.7623939326819658,0.7575548445113662,0.8116118108884521,0.7770076812542261,0.027179696857184223,37,1.0,1.0,1.0,1.0,1.0,1.0,0.0
0.28360486030578613,0.007572174064758743,0.04214711189270019,0.001052613932298104,100.0,,auto,poly,"{'clf__C': 100, 'clf__class_weight': None, 'clf__gamma': 'auto', 'clf__kernel': 'poly'}",0.7256030882591364,0.719948377581121,0.7308528093574822,0.7175437362886423,0.7592104979753597,0.7306317018923484,0.015016735271824297,163,1.0,1.0,1.0,1.0,1.0,1.0,0.0
0.13461174964904785,0.006605656172229937,0.03334774971008301,0.0011779719336170167,100.0,,auto,sigmoid,"{'clf__C': 100, 'clf__class_weight': None, 'clf__gamma': 'auto', 'clf__kernel': 'sigmoid'}",0.532129784466741,0.5695840357707684,0.5294484782863089,0.5722153663330134,0.6222577343487448,0.5651270798411152,0.03375145643361351,254,0.6084073471285748,0.5922480508100357,0.6017070460830521,0.5955192696803224,0.5972259465687664,0.5990215320541503,0.005597776832735414
0.17086520195007324,0.003732713240884731,0.067787504196167,0.002481201690368789,100.0,,0.0001,rbf,"{'clf__C': 100, 'clf__class_weight': None, 'clf__gamma': 0.0001, 'clf__kernel': 'rbf'}",0.8067892201989049,0.7847243953078339,0.7694493267801539,0.7990545203588681,0.8016088600719655,0.7923252645435452,0.013577597612659689,15,0.9154284219054603,0.9314606797274282,0.9248055892426617,0.9204521708577389,0.9178323177460352,0.9219958358958648,0.005662626498030281
0.3195950031280518,0.0038391118972829824,0.05916447639465332,0.002044049634024192,100.0,,0.0001,poly,"{'clf__C': 100, 'clf__class_weight': None, 'clf__gamma': 0.0001, 'clf__kernel': 'poly'}",0.1712598983670302,0.15325067024128688,0.18280666251556663,0.15260545905707196,0.17142429093648606,0.16626939622348832,0.011671757645267646,388,0.18328661507650262,0.18795049931712224,0.18048340040824543,0.19030553870250128,0.17856286644726735,0.18411778399032777,0.00442119236970051
0.17846031188964845,0.0064778099621260535,0.03826661109924316,0.0012065161809227992,100.0,,0.0001,sigmoid,"{'clf__C': 100, 'clf__class_weight': None, 'clf__gamma': 0.0001, 'clf__kernel': 'sigmoid'}",0.7950233306420542,0.7866973328581187,0.7720566397497164,0.7647279512562709,0.8263663543186388,0.7889743217649597,0.021512943699019637,17,0.882041547707678,0.8886038486654608,0.8876405859632244,0.8784125121026645,0.8883524966143359,0.8850101982106727,0.004082807115890688
0.20525503158569336,0.013320547976256373,0.07454662322998047,0.005214142171816646,100.0,,0.001,rbf,"{'clf__C': 100, 'clf__class_weight': None, 'clf__gamma': 0.001, 'clf__kernel': 'rbf'}",0.7772698619704159,0.7583574062447302,0.707818901085155,0.7518880833292949,0.8042638989146613,0.7599196303088516,0.03177696327041478,53,1.0,1.0,1.0,1.0,0.9985736545607096,0.999714730912142,0.0005705381757161732
0.24021296501159667,0.00814808766285559,0.045887088775634764,0.0030568897176930293,100.0,,0.001,poly,"{'clf__C': 100, 'clf__class_weight': None, 'clf__gamma': 0.001, 'clf__kernel': 'poly'}",0.7346481241993164,0.7074909069486163,0.706985451838393,0.6845100349554221,0.7169762017354231,0.7101221439354342,0.01625573245366928,184,0.8995515506961994,0.9016766644561727,0.8894702414033839,0.8989300628388839,0.8939369949924256,0.8967131028774131,0.004422091323298087
0.12705779075622559,0.004729932167450003,0.02880129814147949,0.00033910607666409867,100.0,,0.001,sigmoid,"{'clf__C': 100, 'clf__class_weight': None, 'clf__gamma': 0.001, 'clf__kernel': 'sigmoid'}",0.6256286291528826,0.6444214660605918,0.6033189299162072,0.6210037822770742,0.6690798457518845,0.6326905306317281,0.022409545149976284,220,0.7177768943771086,0.7184131488445519,0.726701722302144,0.7280934623242421,0.7059154395524073,0.7193801334800909,0.007928823114415277
0.45881085395812987,0.0061251684713097354,0.12026424407958984,0.005007022894036919,100.0,,0.01,rbf,"{'clf__C': 100, 'clf__class_weight': None, 'clf__gamma': 0.01, 'clf__kernel': 'rbf'}",0.6962848015460366,0.6750787343904493,0.6596398428682043,0.7275825843307399,0.7539023476523475,0.7024976621575555,0.03434788180475714,191,1.0,1.0,1.0,1.0,1.0,1.0,0.0
0.3024928092956543,0.013588123337349486,0.04482431411743164,0.0011934185039126507,100.0,,0.01,poly,"{'clf__C': 100, 'clf__class_weight': None, 'clf__gamma': 0.01, 'clf__kernel': 'poly'}",0.7359899213796826,0.7194706469128138,0.7336672599928205,0.7157452277479676,0.7571516578027341,0.7324049427672037,0.0146402700470368,75,1.0,1.0,1.0,1.0,1.0,1.0,0.0
0.17544083595275878,0.007320385257213272,0.04387941360473633,0.0016929981093992338,100.0,,0.01,sigmoid,"{'clf__C': 100, 'clf__class_weight': None, 'clf__gamma': 0.01, 'clf__kernel': 'sigmoid'}",0.45451647559468533,0.466414831830131,0.46876597352674665,0.45474840254854676,0.5085557233355976,0.47060028136714144,0.019856833173024054,296,0.4893218212250927,0.4638032629789338,0.45984007760323553,0.47630707377087406,0.4687099427528203,0.4715964356661913,0.01042743248687597
0.5282870292663574,0.013904095541167992,0.1394279956817627,0.004606828488983384,100.0,,0.1,rbf,"{'clf__C': 100, 'clf__class_weight': None, 'clf__gamma': 0.1, 'clf__kernel': 'rbf'}",0.16846361185983827,0.14,0.14902557228294494,0.1859472049689441,0.15939249429815466,0.1605657766819764,0.01590029422394247,390,1.0,1.0,1.0,1.0,1.0,1.0,0.0
0.295654296875,0.009374374650119099,0.043822956085205075,0.0020140850247744235,100.0,,0.1,poly,"{'clf__C': 100, 'clf__class_weight': None, 'clf__gamma': 0.1, 'clf__kernel': 'poly'}",0.7359899213796826,0.7194706469128138,0.7336672599928205,0.7157452277479676,0.7571516578027341,0.7324049427672037,0.0146402700470368,75,1.0,1.0,1.0,1.0,1.0,1.0,0.0
0.25122733116149903,0.010903764095500156,0.05363907814025879,0.0017118890007650227,100.0,,0.1,sigmoid,"{'clf__C': 100, 'clf__class_weight': None, 'clf__gamma': 0.1, 'clf__kernel': 'sigmoid'}",0.36014451641069994,0.3486650651530322,0.32087644331038023,0.37168165925720104,0.3595739973697472,0.3521883363002121,0.01726665290942789,346,0.3366672460395558,0.35725871585606583,0.30772572904986806,0.3345982506013353,0.31750993121618293,0.3307519745526016,0.017076014197768514
0.5380150318145752,0.006403823563107839,0.13827571868896485,0.007070791343250957,100.0,,0.5,rbf,"{'clf__C': 100, 'clf__class_weight': None, 'clf__gamma': 0.5, 'clf__kernel': 'rbf'}",0.13903743315508021,0.14,0.13903743315508021,0.13941018766756033,0.13941018766756033,0.1393790483290562,0.0003523981125472012,415,1.0,1.0,1.0,1.0,1.0,1.0,0.0
0.30203800201416015,0.009036325920711708,0.04565591812133789,0.000859597552304044,100.0,,0.5,poly,"{'clf__C': 100, 'clf__class_weight': None, 'clf__gamma': 0.5, 'clf__kernel': 'poly'}",0.7359899213796826,0.7194706469128138,0.7336672599928205,0.7157452277479676,0.7571516578027341,0.7324049427672037,0.0146402700470368,75,1.0,1.0,1.0,1.0,1.0,1.0,0.0
0.2303386688232422,0.02057928151821135,0.050369787216186526,0.0012572253319130318,100.0,,0.5,sigmoid,"{'clf__C': 100, 'clf__class_weight': None, 'clf__gamma': 0.5, 'clf__kernel': 'sigmoid'}",0.3761324639670556,0.3922297469971889,0.3242842683632158,0.3288282337834313,0.35864613283968116,0.3560241691901146,0.026340471839760096,334,0.37497811980264595,0.33723279938226897,0.29294760253969016,0.3263458564016458,0.346032569046034,0.335507389434457,0.026709414629233253
0.5460036277770997,0.021942155824472672,0.14914360046386718,0.023284121690228962,100.0,,1,rbf,"{'clf__C': 100, 'clf__class_weight': None, 'clf__gamma': 1, 'clf__kernel': 'rbf'}",0.13903743315508021,0.14,0.13903743315508021,0.13941018766756033,0.13941018766756033,0.1393790483290562,0.0003523981125472012,415,1.0,1.0,1.0,1.0,1.0,1.0,0.0
0.29510068893432617,0.007866791157386283,0.043300199508666995,0.0017888017025305375,100.0,,1,poly,"{'clf__C': 100, 'clf__class_weight': None, 'clf__gamma': 1, 'clf__kernel': 'poly'}",0.7359899213796826,0.7194706469128138,0.7336672599928205,0.7157452277479676,0.7571516578027341,0.7324049427672037,0.0146402700470368,75,1.0,1.0,1.0,1.0,1.0,1.0,0.0
0.21990571022033692,0.01589025678975954,0.04775767326354981,0.0013278602624297144,100.0,,1,sigmoid,"{'clf__C': 100, 'clf__class_weight': None, 'clf__gamma': 1, 'clf__kernel': 'sigmoid'}",0.3573434695385915,0.3364238445659272,0.3421019435409026,0.3570451633264525,0.38895821439251826,0.3563745270728784,0.018247310240147304,332,0.354801195408619,0.32251011159134685,0.3114167786323518,0.3276669480109503,0.35267462317385295,0.3338139313634242,0.017107806077372296
0.304172420501709,0.006431318649132353,0.09045681953430176,0.002398021059486878,100.0,balanced,scale,rbf,"{'clf__C': 100, 'clf__class_weight': 'balanced', 'clf__gamma': 'scale', 'clf__kernel': 'rbf'}",0.8075943367928491,0.7458834813964972,0.7663813441448675,0.7575548445113662,0.8116118108884521,0.7778051635468064,0.026794988745046135,28,1.0,1.0,1.0,1.0,1.0,1.0,0.0
0.29967594146728516,0.013392311194264876,0.04309372901916504,0.00137935908284413,100.0,balanced,scale,poly,"{'clf__C': 100, 'clf__class_weight': 'balanced', 'clf__gamma': 'scale', 'clf__kernel': 'poly'}",0.7256030882591364,0.7284830336181845,0.7274948950566461,0.7215535206433265,0.7545713870862487,0.7315411849327085,0.011756950221198211,160,1.0,1.0,1.0,1.0,1.0,1.0,0.0
0.15316004753112794,0.006418353495783812,0.03642745018005371,0.0006347180899487409,100.0,balanced,scale,sigmoid,"{'clf__C': 100, 'clf__class_weight': 'balanced', 'clf__gamma': 'scale', 'clf__kernel': 'sigmoid'}",0.5007490424173642,0.5542717086834734,0.516495947850599,0.5396515265265265,0.5511323705109284,0.5324601191977784,0.020671535510151707,281,0.5549682985320139,0.5456347523538376,0.558527514481306,0.5625463414707601,0.5599787902710057,0.5563311394217847,0.005882655662669279
0.3016627311706543,0.008989080755185293,0.09034314155578613,0.004388849605036977,100.0,balanced,auto,rbf,"{'clf__C': 100, 'clf__class_weight': 'balanced', 'clf__gamma': 'auto', 'clf__kernel': 'rbf'}",0.8075943367928491,0.7458834813964972,0.7623939326819658,0.7575548445113662,0.8116118108884521,0.7770076812542261,0.027179696857184223,37,1.0,1.0,1.0,1.0,1.0,1.0,0.0
0.2953617095947266,0.018077098189110876,0.042802286148071286,0.0009101879791553871,100.0,balanced,auto,poly,"{'clf__C': 100, 'clf__class_weight': 'balanced', 'clf__gamma': 'auto', 'clf__kernel': 'poly'}",0.7256030882591364,0.7284830336181845,0.7274948950566461,0.7215535206433265,0.7545713870862487,0.7315411849327085,0.011756950221198211,160,1.0,1.0,0.9992900897711965,1.0,1.0,0.9998580179542393,0.00028396409152140476
0.15244450569152831,0.0023749636801668923,0.036580467224121095,0.00045223286362020346,100.0,balanced,auto,sigmoid,"{'clf__C': 100, 'clf__class_weight': 'balanced', 'clf__gamma': 'auto', 'clf__kernel': 'sigmoid'}",0.4944238544474393,0.5542717086834734,0.5232056766698826,0.539405084151953,0.5511323705109284,0.5324877388927354,0.021931845666203726,280,0.561681643961193,0.5420912972084735,0.5568722825725889,0.5643516277223708,0.5586717452650376,0.5567337193459327,0.007754871453642079
0.17675585746765138,0.006185322846454564,0.06688728332519531,0.0037334969545004654,100.0,balanced,0.0001,rbf,"{'clf__C': 100, 'clf__class_weight': 'balanced', 'clf__gamma': 0.0001, 'clf__kernel': 'rbf'}",0.8059452820368131,0.7922161172161173,0.7775792728633879,0.7768704987603081,0.8157793335112689,0.7936781008775792,0.01538020393955373,13,0.9281327452325409,0.92839197498363,0.9239861889827685,0.9211032430740799,0.9202917389690062,0.9243811782484052,0.0033995627493748604
0.394896125793457,0.007578888242666504,0.0615809440612793,0.000952327962851798,100.0,balanced,0.0001,poly,"{'clf__C': 100, 'clf__class_weight': 'balanced', 'clf__gamma': 0.0001, 'clf__kernel': 'poly'}",0.11484634195347379,0.18456251625682785,0.1620573661067827,0.09275781689574793,0.12182562660269666,0.1352099335631058,0.03332404476746858,484,0.141637319934789,0.24308190119549147,0.12935820883146593,0.15172564978396144,0.14146856209047712,0.16145432836723697,0.04142466269975934
0.1944714069366455,0.010595618507353913,0.04038605690002441,0.0018417737281563526,100.0,balanced,0.0001,sigmoid,"{'clf__C': 100, 'clf__class_weight': 'balanced', 'clf__gamma': 0.0001, 'clf__kernel': 'sigmoid'}",0.7861464090115993,0.7492930122240468,0.7465850477355978,0.7577282899052478,0.8143867395046022,0.7708278996762188,0.025904039373801167,46,0.8793763662255109,0.8810614478111793,0.8807697565801779,0.8767584061548799,0.8756418262667562,0.8787215606077009,0.0021650722057341806
0.22742609977722167,0.04367035965910487,0.07640986442565918,0.0038264594160989833,100.0,balanced,0.001,rbf,"{'clf__C': 100, 'clf__class_weight': 'balanced', 'clf__gamma': 0.001, 'clf__kernel': 'rbf'}",0.7746627598407785,0.7685048821064917,0.7063177499750389,0.7529477104170919,0.8107624032540462,0.7626391011186894,0.03394361681509606,50,0.9992893709207822,1.0,0.9983695257642152,0.9985820449974862,1.0,0.9992481883364966,0.0006852638067261466
0.26761636734008787,0.017698940760217788,0.046667289733886716,0.0011503569834511536,100.0,balanced,0.001,poly,"{'clf__C': 100, 'clf__class_weight': 'balanced', 'clf__gamma': 0.001, 'clf__kernel': 'poly'}",0.7293272714650655,0.7330447421860427,0.7043388624106359,0.6998065286189794,0.7471345669169653,0.7227303943195378,0.01794001262409191,177,0.9182210101301842,0.9171163680630529,0.9156334030963835,0.9207368350461073,0.9132307394502516,0.9169876711571959,0.0025116725747185314
0.16197190284729004,0.033494587478697234,0.03268828392028809,0.0014847646183981898,100.0,balanced,0.001,sigmoid,"{'clf__C': 100, 'clf__class_weight': 'balanced', 'clf__gamma': 0.001, 'clf__kernel': 'sigmoid'}",0.5776367072977242,0.6107034406766788,0.5436532416974202,0.5835864000772722,0.642649369103577,0.5916458317705345,0.033253727572534315,241,0.6677190855145901,0.6625408174364139,0.67734667031285,0.6663412328634309,0.6595292710364848,0.666695415432754,0.006053707727814429
0.48114619255065916,0.03404783738787431,0.12255263328552246,0.005056885449894218,100.0,balanced,0.01,rbf,"{'clf__C': 100, 'clf__class_weight': 'balanced', 'clf__gamma': 0.01, 'clf__kernel': 'rbf'}",0.6962848015460366,0.6750787343904493,0.6596398428682043,0.7275825843307399,0.7539023476523475,0.7024976621575555,0.03434788180475714,191,1.0,1.0,1.0,1.0,1.0,1.0,0.0
0.27364683151245117,0.04720014661750086,0.040380239486694336,0.006379712169678839,100.0,balanced,0.01,poly,"{'clf__C': 100, 'clf__class_weight': 'balanced', 'clf__gamma': 0.01, 'clf__kernel': 'poly'}",0.7359899213796826,0.7194706469128138,0.7336672599928205,0.7157452277479676,0.7571516578027341,0.7324049427672037,0.0146402700470368,75,1.0,1.0,1.0,1.0,1.0,1.0,0.0
0.2293848991394043,0.08262133696456972,0.04485902786254883,0.0025670705873328237,100.0,balanced,0.01,sigmoid,"{'clf__C': 100, 'clf__class_weight': 'balanced', 'clf__gamma': 0.01, 'clf__kernel': 'sigmoid'}",0.48403981479659763,0.4581430730757665,0.4552213415772078,0.4619622281852157,0.4728815400414441,0.46644959953524634,0.010639494272222848,302,0.4702833514537802,0.4687216085506078,0.44549722372043177,0.4663303335967717,0.45271489208053595,0.4607094818804255,0.00982622400313161
0.5418355464935303,0.020361967345412377,0.13980708122253419,0.004325082907552411,100.0,balanced,0.1,rbf,"{'clf__C': 100, 'clf__class_weight': 'balanced', 'clf__gamma': 0.1, 'clf__kernel': 'rbf'}",0.16846361185983827,0.14,0.14902557228294494,0.1859472049689441,0.15939249429815466,0.1605657766819764,0.01590029422394247,390,1.0,1.0,1.0,1.0,1.0,1.0,0.0
0.2956698417663574,0.007671786147865871,0.04422292709350586,0.0004861873287563015,100.0,balanced,0.1,poly,"{'clf__C': 100, 'clf__class_weight': 'balanced', 'clf__gamma': 0.1, 'clf__kernel': 'poly'}",0.7359899213796826,0.7194706469128138,0.7336672599928205,0.7157452277479676,0.7571516578027341,0.7324049427672037,0.0146402700470368,75,1.0,1.0,1.0,1.0,1.0,1.0,0.0
0.2604114532470703,0.014215378529876373,0.05506267547607422,0.002035789587495609,100.0,balanced,0.1,sigmoid,"{'clf__C': 100, 'clf__class_weight': 'balanced', 'clf__gamma': 0.1, 'clf__kernel': 'sigmoid'}",0.394050777856748,0.3197197045389666,0.31493200340465705,0.36286813903776094,0.37971677813190163,0.35425748059400686,0.031765317275283485,339,0.36061418205679857,0.3450812921988088,0.2993072445482365,0.3986527276094944,0.31996021636731636,0.34472313255613096,0.034166825597066935
0.5283961772918702,0.010208571958173094,0.14525241851806642,0.004124165277065325,100.0,balanced,0.5,rbf,"{'clf__C': 100, 'clf__class_weight': 'balanced', 'clf__gamma': 0.5, 'clf__kernel': 'rbf'}",0.13903743315508021,0.14,0.13903743315508021,0.13941018766756033,0.13941018766756033,0.1393790483290562,0.0003523981125472012,415,1.0,1.0,1.0,1.0,1.0,1.0,0.0
0.27604336738586427,0.049342912834978436,0.044521236419677736,0.0012259013038229028,100.0,balanced,0.5,poly,"{'clf__C': 100, 'clf__class_weight': 'balanced', 'clf__gamma': 0.5, 'clf__kernel': 'poly'}",0.7359899213796826,0.7194706469128138,0.7336672599928205,0.7157452277479676,0.7571516578027341,0.7324049427672037,0.0146402700470368,75,1.0,1.0,1.0,1.0,1.0,1.0,0.0
0.23784818649291992,0.008146042418784614,0.053529882431030275,0.0028963638579298148,100.0,balanced,0.5,sigmoid,"{'clf__C': 100, 'clf__class_weight': 'balanced', 'clf__gamma': 0.5, 'clf__kernel': 'sigmoid'}",0.39860961313152765,0.31171093492198393,0.3877492797058015,0.3503375995449918,0.3568142353856639,0.36104433253799373,0.03062879848426068,321,0.35407799909958776,0.2997417061970802,0.31353072427438894,0.3529466078006876,0.3307785273050187,0.33021511293535266,0.021417156552064623
0.5326533317565918,0.011908029652597667,0.13961076736450195,0.0040597814025957815,100.0,balanced,1,rbf,"{'clf__C': 100, 'clf__class_weight': 'balanced', 'clf__gamma': 1, 'clf__kernel': 'rbf'}",0.13903743315508021,0.14,0.13903743315508021,0.13941018766756033,0.13941018766756033,0.1393790483290562,0.0003523981125472012,415,1.0,1.0,1.0,1.0,1.0,1.0,0.0
0.29134654998779297,0.013487487710049192,0.04418902397155762,0.0020886841896421812,100.0,balanced,1,poly,"{'clf__C': 100, 'clf__class_weight': 'balanced', 'clf__gamma': 1, 'clf__kernel': 'poly'}",0.7359899213796826,0.7194706469128138,0.7336672599928205,0.7157452277479676,0.7571516578027341,0.7324049427672037,0.0146402700470368,75,1.0,1.0,1.0,1.0,1.0,1.0,0.0
0.22375984191894532,0.01849026825668353,0.04906768798828125,0.00224447373652946,100.0,balanced,1,sigmoid,"{'clf__C': 100, 'clf__class_weight': 'balanced', 'clf__gamma': 1, 'clf__kernel': 'sigmoid'}",0.39248264523200577,0.32574017547769757,0.30858726985708634,0.3166522918075713,0.3979890737761494,0.3482902912301021,0.03875237740537195,351,0.3453553230480163,0.3038467663813138,0.2775375691384584,0.3045120390317946,0.3387020686946893,0.3139907532588545,0.02496383974597663
0.314486026763916,0.01383521730235262,0.09460687637329102,0.005409648225692205,500.0,,scale,rbf,"{'clf__C': 500, 'clf__class_weight': None, 'clf__gamma': 'scale', 'clf__kernel': 'rbf'}",0.8075943367928491,0.7458834813964972,0.7663813441448675,0.7575548445113662,0.8116118108884521,0.7778051635468064,0.026794988745046135,28,1.0,1.0,1.0,1.0,1.0,1.0,0.0
0.2949545860290527,0.008096810413352766,0.04304656982421875,0.000727519432955551,500.0,,scale,poly,"{'clf__C': 500, 'clf__class_weight': None, 'clf__gamma': 'scale', 'clf__kernel': 'poly'}",0.7359899213796826,0.7194706469128138,0.7336672599928205,0.7157452277479676,0.7571516578027341,0.7324049427672037,0.0146402700470368,75,1.0,1.0,1.0,1.0,1.0,1.0,0.0
0.14323315620422364,0.010028487944041152,0.0327763557434082,0.0010289464071523355,500.0,,scale,sigmoid,"{'clf__C': 500, 'clf__class_weight': None, 'clf__gamma': 'scale', 'clf__kernel': 'sigmoid'}",0.5190287297960565,0.5636213244872085,0.5213228728154101,0.5722153663330134,0.6159826857210867,0.5584341958305551,0.03594077545665806,258,0.6027341344384238,0.5916280133476096,0.59487191235389,0.5948645081216152,0.5992086935189349,0.5966614523560947,0.0038764126578105175
0.3072503566741943,0.011997287319287862,0.09265336990356446,0.0037267839537942727,500.0,,auto,rbf,"{'clf__C': 500, 'clf__class_weight': None, 'clf__gamma': 'auto', 'clf__kernel': 'rbf'}",0.8075943367928491,0.7458834813964972,0.7623939326819658,0.7575548445113662,0.8116118108884521,0.7770076812542261,0.027179696857184223,37,1.0,1.0,1.0,1.0,1.0,1.0,0.0
0.2836409568786621,0.0024333380005279364,0.04191498756408692,0.0007257877342955374,500.0,,auto,poly,"{'clf__C': 500, 'clf__class_weight': None, 'clf__gamma': 'auto', 'clf__kernel': 'poly'}",0.7359899213796826,0.7194706469128138,0.7336672599928205,0.7157452277479676,0.7571516578027341,0.7324049427672037,0.0146402700470368,75,1.0,1.0,1.0,1.0,1.0,1.0,0.0
0.13832445144653321,0.007595398566199578,0.033401870727539064,0.0009531688137238202,500.0,,auto,sigmoid,"{'clf__C': 500, 'clf__class_weight': None, 'clf__gamma': 'auto', 'clf__kernel': 'sigmoid'}",0.5215193681985814,0.5722589490847105,0.5377599338055329,0.5688600383973814,0.596449351320147,0.5593695281612707,0.026573405574737974,257,0.5999971349492509,0.593184467986932,0.5957927444838164,0.5959767260104575,0.5926661839636564,0.5955234514788226,0.0026048662823919028
0.18831067085266112,0.007131822220724611,0.06067643165588379,0.0019817284521054935,500.0,,0.0001,rbf,"{'clf__C': 500, 'clf__class_weight': None, 'clf__gamma': 0.0001, 'clf__kernel': 'rbf'}",0.7411116555803463,0.7790172020434857,0.7125510204081633,0.7648751023751024,0.786215610478209,0.7567541181770613,0.026937614239777224,59,0.9730400696107719,0.9714445855861725,0.9742379705851199,0.9721838351843766,0.9685158381345418,0.9718844598201966,0.001923807366665553
0.3240973949432373,0.015011906437825788,0.05971980094909668,0.00216559705671097,500.0,,0.0001,poly,"{'clf__C': 500, 'clf__class_weight': None, 'clf__gamma': 0.0001, 'clf__kernel': 'poly'}",0.21116578296328584,0.20238095238095238,0.24577112490997216,0.1600710359586556,0.20904423666980743,0.2056866265765347,0.027348752425650248,382,0.2390778969166021,0.23920600444419327,0.23536422397452422,0.23895391839325203,0.23734609245935193,0.2379896272375847,0.0014765257288924874
0.19080619812011718,0.005595517325467234,0.03458404541015625,0.0005712451042936871,500.0,,0.0001,sigmoid,"{'clf__C': 500, 'clf__class_weight': None, 'clf__gamma': 0.0001, 'clf__kernel': 'sigmoid'}",0.7331866604525978,0.7578657070046969,0.7170854251537211,0.7577478975519035,0.7927054496720153,0.751718227966987,0.025678593349957528,60,0.9241585157477971,0.9398639987171229,0.9298195498177324,0.9277226458405393,0.9256852586347685,0.9294499937515921,0.005545173971633917
0.2034123420715332,0.012935469328023374,0.07743816375732422,0.0020357908372861883,500.0,,0.001,rbf,"{'clf__C': 500, 'clf__class_weight': None, 'clf__gamma': 0.001, 'clf__kernel': 'rbf'}",0.7718613945394132,0.7615656816591518,0.7103667630152946,0.7387344627713557,0.8114067560575184,0.7587870116085467,0.03374647593704688,54,1.0,1.0,1.0,1.0,1.0,1.0,0.0
0.2734961032867432,0.011263408000509477,0.04323596954345703,0.0010261882453503424,500.0,,0.001,poly,"{'clf__C': 500, 'clf__class_weight': None, 'clf__gamma': 0.001, 'clf__kernel': 'poly'}",0.7084768860884463,0.7272528835188681,0.7339123350917987,0.7423247250833457,0.75219302238772,0.7328319704340357,0.01476770974570378,72,0.9845390115983549,0.9775336636885588,0.9800977509463356,0.981264858434608,0.9815444284254584,0.980995942618663,0.0022680658659420976
0.12268157005310058,0.007728334221080538,0.02786145210266113,0.0006024697120610234,500.0,,0.001,sigmoid,"{'clf__C': 500, 'clf__class_weight': None, 'clf__gamma': 0.001, 'clf__kernel': 'sigmoid'}",0.5698507355673026,0.6337468379573642,0.5922610628409779,0.6356228327964732,0.6484186483482507,0.6159800235020737,0.02981363558839314,230,0.7147690118112785,0.7085376811461597,0.7274066744145297,0.7314567907441537,0.7038083048779199,0.7171956925988083,0.010655657294604787
0.46698613166809083,0.0074211802636463915,0.12323408126831055,0.004433404243181273,500.0,,0.01,rbf,"{'clf__C': 500, 'clf__class_weight': None, 'clf__gamma': 0.01, 'clf__kernel': 'rbf'}",0.6962848015460366,0.6750787343904493,0.6596398428682043,0.7275825843307399,0.7539023476523475,0.7024976621575555,0.03434788180475714,191,1.0,1.0,1.0,1.0,1.0,1.0,0.0
0.296572208404541,0.014501710520181928,0.0452308177947998,0.002700382064915608,500.0,,0.01,poly,"{'clf__C': 500, 'clf__class_weight': None, 'clf__gamma': 0.01, 'clf__kernel': 'poly'}",0.7359899213796826,0.7194706469128138,0.7336672599928205,0.7157452277479676,0.7571516578027341,0.7324049427672037,0.0146402700470368,75,1.0,1.0,1.0,1.0,1.0,1.0,0.0
0.17390713691711426,0.006803088169921235,0.04179506301879883,0.0008528025533708059,500.0,,0.01,sigmoid,"{'clf__C': 500, 'clf__class_weight': None, 'clf__gamma': 0.01, 'clf__kernel': 'sigmoid'}",0.510789900214019,0.4866194320104692,0.471876482686008,0.4578033629588971,0.4967851656791749,0.48477486870971365,0.018537863931521348,290,0.477320390841262,0.48750027705172483,0.46026453081871926,0.47583052516579727,0.47044062944311477,0.4742712706641236,0.008917371717269003
0.5287907123565674,0.0039362576510438155,0.13592839241027832,0.0043144560617824484,500.0,,0.1,rbf,"{'clf__C': 500, 'clf__class_weight': None, 'clf__gamma': 0.1, 'clf__kernel': 'rbf'}",0.16846361185983827,0.14,0.14902557228294494,0.1859472049689441,0.15939249429815466,0.1605657766819764,0.01590029422394247,390,1.0,1.0,1.0,1.0,1.0,1.0,0.0
0.30121192932128904,0.0087339630038869,0.044498872756958005,0.0020177888615515783,500.0,,0.1,poly,"{'clf__C': 500, 'clf__class_weight': None, 'clf__gamma': 0.1, 'clf__kernel': 'poly'}",0.7359899213796826,0.7194706469128138,0.7336672599928205,0.7157452277479676,0.7571516578027341,0.7324049427672037,0.0146402700470368,75,1.0,1.0,1.0,1.0,1.0,1.0,0.0
0.24898438453674315,0.015401733390242811,0.054203462600708005,0.002423167466917902,500.0,,0.1,sigmoid,"{'clf__C': 500, 'clf__class_weight': None, 'clf__gamma': 0.1, 'clf__kernel': 'sigmoid'}",0.36014451641069994,0.3486650651530322,0.3239339613447336,0.3605998454815423,0.36221586378322024,0.35111185043464566,0.014418977985197883,348,0.3373313280418644,0.35725871585606583,0.3047033511287779,0.33454553242050344,0.31750993121618293,0.3302697717326789,0.01796110355387236
0.5388595581054687,0.00607311023772966,0.13916893005371095,0.004788555242138318,500.0,,0.5,rbf,"{'clf__C': 500, 'clf__class_weight': None, 'clf__gamma': 0.5, 'clf__kernel': 'rbf'}",0.13903743315508021,0.14,0.13903743315508021,0.13941018766756033,0.13941018766756033,0.1393790483290562,0.0003523981125472012,415,1.0,1.0,1.0,1.0,1.0,1.0,0.0
0.30221080780029297,0.011507272313792847,0.04378652572631836,0.0010534712734298585,500.0,,0.5,poly,"{'clf__C': 500, 'clf__class_weight': None, 'clf__gamma': 0.5, 'clf__kernel': 'poly'}",0.7359899213796826,0.7194706469128138,0.7336672599928205,0.7157452277479676,0.7571516578027341,0.7324049427672037,0.0146402700470368,75,1.0,1.0,1.0,1.0,1.0,1.0,0.0
0.23143577575683594,0.020314057995007833,0.04947938919067383,0.0025296915324962326,500.0,,0.5,sigmoid,"{'clf__C': 500, 'clf__class_weight': None, 'clf__gamma': 0.5, 'clf__kernel': 'sigmoid'}",0.3761324639670556,0.3922297469971889,0.3242842683632158,0.3288282337834313,0.35864613283968116,0.3560241691901146,0.026340471839760096,334,0.37652163595083205,0.33717790305156825,0.29297640106372475,0.3263458564016458,0.346032569046034,0.335810873102761,0.027159147948803218
0.5363605976104736,0.007713079676702249,0.14185709953308107,0.0054638774425753754,500.0,,1,rbf,"{'clf__C': 500, 'clf__class_weight': None, 'clf__gamma': 1, 'clf__kernel': 'rbf'}",0.13903743315508021,0.14,0.13903743315508021,0.13941018766756033,0.13941018766756033,0.1393790483290562,0.0003523981125472012,415,1.0,1.0,1.0,1.0,1.0,1.0,0.0
0.2949526786804199,0.007251102932464889,0.04402837753295898,0.000490174557711117,500.0,,1,poly,"{'clf__C': 500, 'clf__class_weight': None, 'clf__gamma': 1, 'clf__kernel': 'poly'}",0.7359899213796826,0.7194706469128138,0.7336672599928205,0.7157452277479676,0.7571516578027341,0.7324049427672037,0.0146402700470368,75,1.0,1.0,1.0,1.0,1.0,1.0,0.0
0.22217097282409667,0.01463416998107322,0.04786901473999024,0.0016606414310344503,500.0,,1,sigmoid,"{'clf__C': 500, 'clf__class_weight': None, 'clf__gamma': 1, 'clf__kernel': 'sigmoid'}",0.3502473306612647,0.3364238445659272,0.3421019435409026,0.3570451633264525,0.38534395029483104,0.3542324464778756,0.017064662888300285,340,0.3529783310431765,0.32251011159134685,0.3114167786323518,0.3276669480109503,0.35266063473339887,0.3334465608022449,0.01666728432342342
0.31317930221557616,0.008113952794473621,0.09242033958435059,0.0021718290467900164,500.0,balanced,scale,rbf,"{'clf__C': 500, 'clf__class_weight': 'balanced', 'clf__gamma': 'scale', 'clf__kernel': 'rbf'}",0.8075943367928491,0.7458834813964972,0.7663813441448675,0.7575548445113662,0.8116118108884521,0.7778051635468064,0.026794988745046135,28,1.0,1.0,1.0,1.0,1.0,1.0,0.0
0.2891761302947998,0.009906868445725563,0.04206304550170899,0.000455102721587739,500.0,balanced,scale,poly,"{'clf__C': 500, 'clf__class_weight': 'balanced', 'clf__gamma': 'scale', 'clf__kernel': 'poly'}",0.7359899213796826,0.7194706469128138,0.7336672599928205,0.7157452277479676,0.7571516578027341,0.7324049427672037,0.0146402700470368,75,1.0,1.0,1.0,1.0,1.0,1.0,0.0
0.1538747787475586,0.005252264675181513,0.035831117630004884,0.0004510494048361368,500.0,balanced,scale,sigmoid,"{'clf__C': 500, 'clf__class_weight': 'balanced', 'clf__gamma': 'scale', 'clf__kernel': 'sigmoid'}",0.4968859756595605,0.5618673517626253,0.49297729833989906,0.5433854958880295,0.5694372944372944,0.5329106832174817,0.03217097593587927,279,0.5524905853645765,0.5424594098333173,0.5533857541169747,0.5609385904482657,0.5639358033408692,0.5546420286208007,0.007491916625661729
0.30287957191467285,0.01160309604549452,0.0945429801940918,0.0031533208643978444,500.0,balanced,auto,rbf,"{'clf__C': 500, 'clf__class_weight': 'balanced', 'clf__gamma': 'auto', 'clf__kernel': 'rbf'}",0.8075943367928491,0.7458834813964972,0.7623939326819658,0.7575548445113662,0.8116118108884521,0.7770076812542261,0.027179696857184223,37,1.0,1.0,1.0,1.0,1.0,1.0,0.0
0.2861675262451172,0.003973225073900038,0.04231257438659668,0.0007378097573748224,500.0,balanced,auto,poly,"{'clf__C': 500, 'clf__class_weight': 'balanced', 'clf__gamma': 'auto', 'clf__kernel': 'poly'}",0.7359899213796826,0.7194706469128138,0.7336672599928205,0.7157452277479676,0.7571516578027341,0.7324049427672037,0.0146402700470368,75,1.0,1.0,1.0,1.0,1.0,1.0,0.0
0.1515073299407959,0.0032327893356283214,0.03703470230102539,0.0009843328609720743,500.0,balanced,auto,sigmoid,"{'clf__C': 500, 'clf__class_weight': 'balanced', 'clf__gamma': 'auto', 'clf__kernel': 'sigmoid'}",0.49351963872021865,0.5581054073149251,0.5019121503510373,0.5431488179179056,0.5694372944372944,0.5332246617482762,0.03028483899763067,277,0.5642756830542419,0.5431655704427404,0.5575830826401162,0.5636165549628223,0.5631139396459401,0.5583509661491721,0.007958649387112956
0.19287757873535155,0.006271075721617835,0.06459283828735352,0.001998935008266422,500.0,balanced,0.0001,rbf,"{'clf__C': 500, 'clf__class_weight': 'balanced', 'clf__gamma': 0.0001, 'clf__kernel': 'rbf'}",0.7370282766014473,0.7605910475938942,0.7297746959853406,0.7529291610562306,0.8050838623594042,0.7570814087192634,0.026387796229419825,58,0.9734618311909929,0.9684779569169013,0.9799090498610088,0.9710663366855545,0.9717323062696299,0.9729294961848176,0.0038397494434964314
0.3876495838165283,0.012374502681523764,0.06071653366088867,0.002188685634295059,500.0,balanced,0.0001,poly,"{'clf__C': 500, 'clf__class_weight': 'balanced', 'clf__gamma': 0.0001, 'clf__kernel': 'poly'}",0.38542244968771683,0.28843804153875424,0.2988389866490541,0.14841953932952748,0.17425406222486542,0.25907461588598363,0.08700145210941358,377,0.4113716113713509,0.32854324351145775,0.3122819271267423,0.2349337712429875,0.23483634698030892,0.3043933800465695,0.06595847960939488
0.19124917984008788,0.00640176641851802,0.035457515716552736,0.0011455973239080392,500.0,balanced,0.0001,sigmoid,"{'clf__C': 500, 'clf__class_weight': 'balanced', 'clf__gamma': 0.0001, 'clf__kernel': 'sigmoid'}",0.7394921678054207,0.7741314792111609,0.7295418642333458,0.7376584502181767,0.7665885223472412,0.749482496763069,0.01753529025751189,61,0.9050730765964617,0.9352965040904957,0.9136933746273832,0.9161646936081073,0.8979083972836988,0.9136272092412293,0.012619475256090494
0.2038320541381836,0.013429220183758835,0.07589812278747558,0.005076631316815862,500.0,balanced,0.001,rbf,"{'clf__C': 500, 'clf__class_weight': 'balanced', 'clf__gamma': 0.001, 'clf__kernel': 'rbf'}",0.7718613945394132,0.7615656816591518,0.7103667630152946,0.7387344627713557,0.8114067560575184,0.7587870116085467,0.03374647593704688,54,1.0,1.0,1.0,1.0,1.0,1.0,0.0
0.27509584426879885,0.008070813483822716,0.04694671630859375,0.007276057416407234,500.0,balanced,0.001,poly,"{'clf__C': 500, 'clf__class_weight': 'balanced', 'clf__gamma': 0.001, 'clf__kernel': 'poly'}",0.7084461351608173,0.7193491629058677,0.7368158368332359,0.7300939084481897,0.74881435863964,0.7287038803975501,0.013928778350933415,168,0.9871964638303354,0.9892154103427128,0.9875959137991571,0.9876011167669299,0.9903409872008004,0.9883899783879873,0.0011970874259881587
0.1368265151977539,0.005774529194767199,0.031762218475341795,0.0009157253786323253,500.0,balanced,0.001,sigmoid,"{'clf__C': 500, 'clf__class_weight': 'balanced', 'clf__gamma': 0.001, 'clf__kernel': 'sigmoid'}",0.5765637485908592,0.600683716210826,0.5355040176418877,0.5783183781987371,0.6467668537474955,0.587567342877961,0.036314827842381533,242,0.6700063829573543,0.6598094035404152,0.6780819583832945,0.6766626717943853,0.6572292609721221,0.6683579355295144,0.008522528267893941
0.4554468631744385,0.011081195214724008,0.1226715087890625,0.005511080215735605,500.0,balanced,0.01,rbf,"{'clf__C': 500, 'clf__class_weight': 'balanced', 'clf__gamma': 0.01, 'clf__kernel': 'rbf'}",0.6962848015460366,0.6750787343904493,0.6596398428682043,0.7275825843307399,0.7539023476523475,0.7024976621575555,0.03434788180475714,191,1.0,1.0,1.0,1.0,1.0,1.0,0.0
0.31800479888916017,0.05946147955923297,0.04409890174865723,0.0008127808660905646,500.0,balanced,0.01,poly,"{'clf__C': 500, 'clf__class_weight': 'balanced', 'clf__gamma': 0.01, 'clf__kernel': 'poly'}",0.7359899213796826,0.7194706469128138,0.7336672599928205,0.7157452277479676,0.7571516578027341,0.7324049427672037,0.0146402700470368,75,1.0,1.0,1.0,1.0,1.0,1.0,0.0
0.19238944053649903,0.005027674534231213,0.045145082473754886,0.0006006022750986978,500.0,balanced,0.01,sigmoid,"{'clf__C': 500, 'clf__class_weight': 'balanced', 'clf__gamma': 0.01, 'clf__kernel': 'sigmoid'}",0.4947958349766857,0.4560388534311214,0.4585338288790329,0.4595338557363874,0.47301371052297664,0.4683832167092408,0.01446908989329117,299,0.46862540410518577,0.4649201073458161,0.4465568256360871,0.472702158688562,0.4472557297281352,0.4600120451007572,0.010982572776359471
0.5158237457275391,0.12627748893159274,0.12444124221801758,0.02467486059057524,500.0,balanced,0.1,rbf,"{'clf__C': 500, 'clf__class_weight': 'balanced', 'clf__gamma': 0.1, 'clf__kernel': 'rbf'}",0.16846361185983827,0.14,0.14902557228294494,0.1859472049689441,0.15939249429815466,0.1605657766819764,0.01590029422394247,390,1.0,1.0,1.0,1.0,1.0,1.0,0.0
0.2923434734344482,0.010397545757277301,0.044185829162597653,0.0021884146455755146,500.0,balanced,0.1,poly,"{'clf__C': 500, 'clf__class_weight': 'balanced', 'clf__gamma': 0.1, 'clf__kernel': 'poly'}",0.7359899213796826,0.7194706469128138,0.7336672599928205,0.7157452277479676,0.7571516578027341,0.7324049427672037,0.0146402700470368,75,1.0,1.0,1.0,1.0,1.0,1.0,0.0
0.260831880569458,0.007299851955861112,0.05514469146728516,0.0026639518861150536,500.0,balanced,0.1,sigmoid,"{'clf__C': 500, 'clf__class_weight': 'balanced', 'clf__gamma': 0.1, 'clf__kernel': 'sigmoid'}",0.40095278766658127,0.32333431557809,0.3222304925940155,0.37595337875452495,0.3772385455738206,0.3599419040334064,0.0316218272494214,326,0.3629103579853999,0.34425006133857267,0.30334411113561255,0.35048472121034624,0.3199212256022569,0.33618209545443767,0.021572233530249715
0.533539867401123,0.00954257002039438,0.14185643196105957,0.00450863303403394,500.0,balanced,0.5,rbf,"{'clf__C': 500, 'clf__class_weight': 'balanced', 'clf__gamma': 0.5, 'clf__kernel': 'rbf'}",0.13903743315508021,0.14,0.13903743315508021,0.13941018766756033,0.13941018766756033,0.1393790483290562,0.0003523981125472012,415,1.0,1.0,1.0,1.0,1.0,1.0,0.0
0.29713616371154783,0.011887375063508496,0.04279360771179199,0.0011483025147672205,500.0,balanced,0.5,poly,"{'clf__C': 500, 'clf__class_weight': 'balanced', 'clf__gamma': 0.5, 'clf__kernel': 'poly'}",0.7359899213796826,0.7194706469128138,0.7336672599928205,0.7157452277479676,0.7571516578027341,0.7324049427672037,0.0146402700470368,75,1.0,1.0,1.0,1.0,1.0,1.0,0.0
0.23428621292114257,0.0034648921873463986,0.05251150131225586,0.002758173734987166,500.0,balanced,0.5,sigmoid,"{'clf__C': 500, 'clf__class_weight': 'balanced', 'clf__gamma': 0.5, 'clf__kernel': 'sigmoid'}",0.3983556378362916,0.31171093492198393,0.3877492797058015,0.3503375995449918,0.3568142353856639,0.3609935374789465,0.030566605239211567,322,0.3564206426416462,0.2997417061970802,0.31353072427438894,0.3522933955533959,0.3307785273050187,0.33055299919430603,0.021821660312212297
0.5437547206878662,0.012110797562558912,0.13945350646972657,0.004648774186098572,500.0,balanced,1,rbf,"{'clf__C': 500, 'clf__class_weight': 'balanced', 'clf__gamma': 1, 'clf__kernel': 'rbf'}",0.13903743315508021,0.14,0.13903743315508021,0.13941018766756033,0.13941018766756033,0.1393790483290562,0.0003523981125472012,415,1.0,1.0,1.0,1.0,1.0,1.0,0.0
0.29317288398742675,0.016691045445368945,0.04495248794555664,0.0010782742244074036,500.0,balanced,1,poly,"{'clf__C': 500, 'clf__class_weight': 'balanced', 'clf__gamma': 1, 'clf__kernel': 'poly'}",0.7359899213796826,0.7194706469128138,0.7336672599928205,0.7157452277479676,0.7571516578027341,0.7324049427672037,0.0146402700470368,75,1.0,1.0,1.0,1.0,1.0,1.0,0.0
0.2237776279449463,0.01665677483813302,0.04820160865783692,0.002337313493627759,500.0,balanced,1,sigmoid,"{'clf__C': 500, 'clf__class_weight': 'balanced', 'clf__gamma': 1, 'clf__kernel': 'sigmoid'}",0.39248264523200577,0.32574017547769757,0.30858726985708634,0.3166522918075713,0.3979890737761494,0.3482902912301021,0.03875237740537195,351,0.3453553230480163,0.3038467663813138,0.2775375691384584,0.3002734474976827,0.3387020686946893,0.3131430349520321,0.025340449075036582
0.31339330673217775,0.007563126847634298,0.09209270477294922,0.0036683544086363296,1000.0,,scale,rbf,"{'clf__C': 1000, 'clf__class_weight': None, 'clf__gamma': 'scale', 'clf__kernel': 'rbf'}",0.8075943367928491,0.7458834813964972,0.7663813441448675,0.7575548445113662,0.8116118108884521,0.7778051635468064,0.026794988745046135,28,1.0,1.0,1.0,1.0,1.0,1.0,0.0
0.2898627758026123,0.010060328777514073,0.04115614891052246,0.0018500959108430132,1000.0,,scale,poly,"{'clf__C': 1000, 'clf__class_weight': None, 'clf__gamma': 'scale', 'clf__kernel': 'poly'}",0.7359899213796826,0.7194706469128138,0.7336672599928205,0.7157452277479676,0.7571516578027341,0.7324049427672037,0.0146402700470368,75,1.0,1.0,1.0,1.0,1.0,1.0,0.0
0.14116964340209961,0.008042644454143157,0.03342247009277344,0.0010767128532041508,1000.0,,scale,sigmoid,"{'clf__C': 1000, 'clf__class_weight': None, 'clf__gamma': 'scale', 'clf__kernel': 'sigmoid'}",0.5225009520182787,0.5736108333602125,0.5117065025984624,0.577013030430253,0.5989629910620476,0.5567588618938508,0.033700825720962634,259,0.6038346124537478,0.5899537286560015,0.5967509189661954,0.5925889066855894,0.5919492049736857,0.5950154743470439,0.004933568138733998
0.30241379737854,0.008210892549923868,0.09448728561401368,0.001713416782270861,1000.0,,auto,rbf,"{'clf__C': 1000, 'clf__class_weight': None, 'clf__gamma': 'auto', 'clf__kernel': 'rbf'}",0.8075943367928491,0.7458834813964972,0.7623939326819658,0.7575548445113662,0.8116118108884521,0.7770076812542261,0.027179696857184223,37,1.0,1.0,1.0,1.0,1.0,1.0,0.0
0.27992677688598633,0.0028324379943914482,0.04267301559448242,0.0015000504920235035,1000.0,,auto,poly,"{'clf__C': 1000, 'clf__class_weight': None, 'clf__gamma': 'auto', 'clf__kernel': 'poly'}",0.7359899213796826,0.7194706469128138,0.7336672599928205,0.7157452277479676,0.7571516578027341,0.7324049427672037,0.0146402700470368,75,1.0,1.0,1.0,1.0,1.0,1.0,0.0
0.13670177459716798,0.010196316186908064,0.032866811752319335,0.000780877789757883,1000.0,,auto,sigmoid,"{'clf__C': 1000, 'clf__class_weight': None, 'clf__gamma': 'auto', 'clf__kernel': 'sigmoid'}",0.5179585679137008,0.5722589490847105,0.5265900837039791,0.5704423723485315,0.596449351320147,0.5567398648742137,0.029726897914745525,260,0.608248249713226,0.593184467986932,0.5972390151926221,0.5942039192257031,0.5930259030100677,0.5971803110257102,0.00573737725215899
0.20312762260437012,0.00891832102869559,0.0628903865814209,0.0027271662660723673,1000.0,,0.0001,rbf,"{'clf__C': 1000, 'clf__class_weight': None, 'clf__gamma': 0.0001, 'clf__kernel': 'rbf'}",0.7223044602456368,0.7551637212856157,0.7000264829383863,0.7544868786365302,0.7844937803594851,0.7432950646931309,0.02924459445213518,62,0.9891979336157964,0.986455720382041,0.9901328041287112,0.9846648405403078,0.9816685179616839,0.9864239633257081,0.0030711624303274643
0.31300764083862304,0.006044838567802205,0.05824117660522461,0.0009770957507876815,1000.0,,0.0001,poly,"{'clf__C': 1000, 'clf__class_weight': None, 'clf__gamma': 0.0001, 'clf__kernel': 'poly'}",0.23016312955337345,0.24189486353303472,0.2577581594435527,0.20207489487182412,0.23687663184727153,0.2337535358498113,0.01826846578406565,379,0.2817260281758701,0.280211511565447,0.277738349084349,0.27438207126425984,0.27905094536417985,0.2786217810908212,0.002494127761122773
0.21343088150024414,0.00838343407671512,0.033084964752197264,0.0012024520205645775,1000.0,,0.0001,sigmoid,"{'clf__C': 1000, 'clf__class_weight': None, 'clf__gamma': 0.0001, 'clf__kernel': 'sigmoid'}",0.6866406563766515,0.7404399281346321,0.711948904880887,0.7375539031402035,0.7539031876674271,0.7260973160399603,0.02394633974852616,176,0.9397556060327433,0.9554356929835712,0.9405337715160671,0.9446753064807778,0.9373647341808472,0.9435530222388013,0.0063920034387565825
0.20855703353881835,0.006358149849493347,0.07523488998413086,0.003639296021331939,1000.0,,0.001,rbf,"{'clf__C': 1000, 'clf__class_weight': None, 'clf__gamma': 0.001, 'clf__kernel': 'rbf'}",0.7718613945394132,0.7615656816591518,0.7103667630152946,0.7387344627713557,0.8114067560575184,0.7587870116085467,0.03374647593704688,54,1.0,1.0,1.0,1.0,1.0,1.0,0.0
0.27648396492004396,0.00397144392345587,0.043754196166992186,0.003356219263097656,1000.0,,0.001,poly,"{'clf__C': 1000, 'clf__class_weight': None, 'clf__gamma': 0.001, 'clf__kernel': 'poly'}",0.7238522347218,0.7141204926219741,0.725347699371615,0.7245888424458884,0.7511121901590826,0.727804291864072,0.012349066377012259,173,0.9964371626175835,0.9937061950272243,0.9951316178126023,0.994631841646828,0.9953391085231333,0.9950491851254742,0.0008938825679232245
0.12751083374023436,0.008898422409263026,0.03616456985473633,0.015884662875715775,1000.0,,0.001,sigmoid,"{'clf__C': 1000, 'clf__class_weight': None, 'clf__gamma': 0.001, 'clf__kernel': 'sigmoid'}",0.561395781502131,0.6337468379573642,0.5996868054152353,0.6344065398254227,0.6479517197514363,0.6154375368903179,0.031371396310903306,231,0.7158608881940526,0.7048904561394674,0.7318159929368097,0.7286237534962927,0.7030283011112044,0.7168438783755654,0.011812285302123998
0.5015898227691651,0.048732290813325294,0.1203315258026123,0.004346590588458856,1000.0,,0.01,rbf,"{'clf__C': 1000, 'clf__class_weight': None, 'clf__gamma': 0.01, 'clf__kernel': 'rbf'}",0.6962848015460366,0.6750787343904493,0.6596398428682043,0.7275825843307399,0.7539023476523475,0.7024976621575555,0.03434788180475714,191,1.0,1.0,1.0,1.0,1.0,1.0,0.0
0.2715040683746338,0.042664262975291974,0.04396686553955078,0.0008510300815415606,1000.0,,0.01,poly,"{'clf__C': 1000, 'clf__class_weight': None, 'clf__gamma': 0.01, 'clf__kernel': 'poly'}",0.7359899213796826,0.7194706469128138,0.7336672599928205,0.7157452277479676,0.7571516578027341,0.7324049427672037,0.0146402700470368,75,1.0,1.0,1.0,1.0,1.0,1.0,0.0
0.17286977767944336,0.0065948773955765375,0.043251991271972656,0.0011010059498215647,1000.0,,0.01,sigmoid,"{'clf__C': 1000, 'clf__class_weight': None, 'clf__gamma': 0.01, 'clf__kernel': 'sigmoid'}",0.510789900214019,0.4877537870821665,0.471876482686008,0.4544521112907345,0.5045579072643863,0.48588603770746286,0.020768673188696435,289,0.477320390841262,0.487787284263114,0.45854939430746894,0.4767703178887389,0.4657793619487168,0.4732413498498601,0.010121375597022942
0.5261201858520508,0.005634300393591615,0.13909687995910644,0.005055110258400962,1000.0,,0.1,rbf,"{'clf__C': 1000, 'clf__class_weight': None, 'clf__gamma': 0.1, 'clf__kernel': 'rbf'}",0.16846361185983827,0.14,0.14902557228294494,0.1859472049689441,0.15939249429815466,0.1605657766819764,0.01590029422394247,390,1.0,1.0,1.0,1.0,1.0,1.0,0.0
0.29992384910583497,0.0078743337362663,0.04472117424011231,0.0009182987436789755,1000.0,,0.1,poly,"{'clf__C': 1000, 'clf__class_weight': None, 'clf__gamma': 0.1, 'clf__kernel': 'poly'}",0.7359899213796826,0.7194706469128138,0.7336672599928205,0.7157452277479676,0.7571516578027341,0.7324049427672037,0.0146402700470368,75,1.0,1.0,1.0,1.0,1.0,1.0,0.0
0.2456953525543213,0.015560867233456862,0.05504608154296875,0.002316013701929894,1000.0,,0.1,sigmoid,"{'clf__C': 1000, 'clf__class_weight': None, 'clf__gamma': 0.1, 'clf__kernel': 'sigmoid'}",0.36014451641069994,0.3486650651530322,0.3239339613447336,0.3662980741803098,0.36221586378322024,0.35225149617439916,0.015320835553394944,345,0.3366672460395558,0.35725871585606583,0.3047033511287779,0.33945440866700005,0.31750993121618293,0.33111873058151653,0.018256725198592633
0.5325624942779541,0.008904045759027621,0.14440813064575195,0.0018612265424604825,1000.0,,0.5,rbf,"{'clf__C': 1000, 'clf__class_weight': None, 'clf__gamma': 0.5, 'clf__kernel': 'rbf'}",0.13903743315508021,0.14,0.13903743315508021,0.13941018766756033,0.13941018766756033,0.1393790483290562,0.0003523981125472012,415,1.0,1.0,1.0,1.0,1.0,1.0,0.0
0.2968907356262207,0.010700898478694956,0.04480433464050293,0.0019624253840615836,1000.0,,0.5,poly,"{'clf__C': 1000, 'clf__class_weight': None, 'clf__gamma': 0.5, 'clf__kernel': 'poly'}",0.7359899213796826,0.7194706469128138,0.7336672599928205,0.7157452277479676,0.7571516578027341,0.7324049427672037,0.0146402700470368,75,1.0,1.0,1.0,1.0,1.0,1.0,0.0
0.23023695945739747,0.0222308896249842,0.04986915588378906,0.0017386850770394768,1000.0,,0.5,sigmoid,"{'clf__C': 1000, 'clf__class_weight': None, 'clf__gamma': 0.5, 'clf__kernel': 'sigmoid'}",0.3761324639670556,0.3922297469971889,0.3242842683632158,0.3288282337834313,0.35864613283968116,0.3560241691901146,0.026340471839760096,334,0.37652163595083205,0.33717790305156825,0.29300592878061194,0.3263458564016458,0.346032569046034,0.3358167786461384,0.027149834900812932
0.5341676712036133,0.006870045985594013,0.1400273323059082,0.004077686170558717,1000.0,,1,rbf,"{'clf__C': 1000, 'clf__class_weight': None, 'clf__gamma': 1, 'clf__kernel': 'rbf'}",0.13903743315508021,0.14,0.13903743315508021,0.13941018766756033,0.13941018766756033,0.1393790483290562,0.0003523981125472012,415,1.0,1.0,1.0,1.0,1.0,1.0,0.0
0.29905028343200685,0.00834607949605872,0.04304251670837402,0.0019686694351478125,1000.0,,1,poly,"{'clf__C': 1000, 'clf__class_weight': None, 'clf__gamma': 1, 'clf__kernel': 'poly'}",0.7359899213796826,0.7194706469128138,0.7336672599928205,0.7157452277479676,0.7571516578027341,0.7324049427672037,0.0146402700470368,75,1.0,1.0,1.0,1.0,1.0,1.0,0.0
0.21779899597167968,0.017182849258645556,0.04754037857055664,0.0012418652455616782,1000.0,,1,sigmoid,"{'clf__C': 1000, 'clf__class_weight': None, 'clf__gamma': 1, 'clf__kernel': 'sigmoid'}",0.3502473306612647,0.3314709261185156,0.3421019435409026,0.3570451633264525,0.38534395029483104,0.35324186278839326,0.018177171530458922,341,0.3529783310431765,0.32368987020927575,0.3114167786323518,0.3276669480109503,0.35266063473339887,0.3336825125258307,0.016518477880811205
0.30203971862792967,0.01029372293806929,0.09192914962768554,0.0056567285941685275,1000.0,balanced,scale,rbf,"{'clf__C': 1000, 'clf__class_weight': 'balanced', 'clf__gamma': 'scale', 'clf__kernel': 'rbf'}",0.8075943367928491,0.7458834813964972,0.7663813441448675,0.7575548445113662,0.8116118108884521,0.7778051635468064,0.026794988745046135,28,1.0,1.0,1.0,1.0,1.0,1.0,0.0
0.29294633865356445,0.009820629773890442,0.04313502311706543,0.001604984933500246,1000.0,balanced,scale,poly,"{'clf__C': 1000, 'clf__class_weight': 'balanced', 'clf__gamma': 'scale', 'clf__kernel': 'poly'}",0.7359899213796826,0.7194706469128138,0.7336672599928205,0.7157452277479676,0.7571516578027341,0.7324049427672037,0.0146402700470368,75,1.0,1.0,1.0,1.0,1.0,1.0,0.0
0.15310072898864746,0.008178374720359751,0.03659334182739258,0.0010236736580670571,1000.0,balanced,scale,sigmoid,"{'clf__C': 1000, 'clf__class_weight': 'balanced', 'clf__gamma': 'scale', 'clf__kernel': 'sigmoid'}",0.49026194058088957,0.5581045360910949,0.5227157645190432,0.5494349800531169,0.5557482665146899,0.5352530975517669,0.02578664348289281,272,0.5707750201187362,0.5399239718894201,0.5571477992782472,0.5607122424883637,0.55746253526158,0.5572043138072694,0.009951379024366063
0.3001558780670166,0.0072727205416926715,0.09291701316833496,0.0033360193844614865,1000.0,balanced,auto,rbf,"{'clf__C': 1000, 'clf__class_weight': 'balanced', 'clf__gamma': 'auto', 'clf__kernel': 'rbf'}",0.8075943367928491,0.7458834813964972,0.7623939326819658,0.7575548445113662,0.8116118108884521,0.7770076812542261,0.027179696857184223,37,1.0,1.0,1.0,1.0,1.0,1.0,0.0
0.281602144241333,0.005067649288820913,0.041764259338378906,0.0006385251766865874,1000.0,balanced,auto,poly,"{'clf__C': 1000, 'clf__class_weight': 'balanced', 'clf__gamma': 'auto', 'clf__kernel': 'poly'}",0.7359899213796826,0.7194706469128138,0.7336672599928205,0.7157452277479676,0.7571516578027341,0.7324049427672037,0.0146402700470368,75,1.0,1.0,1.0,1.0,1.0,1.0,0.0
0.15139846801757811,0.00866539711854476,0.03594088554382324,0.0009885995031201531,1000.0,balanced,auto,sigmoid,"{'clf__C': 1000, 'clf__class_weight': 'balanced', 'clf__gamma': 'auto', 'clf__kernel': 'sigmoid'}",0.48395151819208015,0.5578740428318419,0.5053238624590144,0.5491746163167834,0.5593800322061192,0.5311408144011678,0.030759329057657363,282,0.563355556653715,0.5431155583881063,0.5568457246807903,0.5643568169200165,0.5576650801238567,0.5570677473532969,0.007585997078475299
0.20458502769470216,0.011340148326434343,0.061187362670898436,0.0036994872867063926,1000.0,balanced,0.0001,rbf,"{'clf__C': 1000, 'clf__class_weight': 'balanced', 'clf__gamma': 0.0001, 'clf__kernel': 'rbf'}",0.7172004468750861,0.7408069083799944,0.7138464013464014,0.7357156412826329,0.7670445652947174,0.7349227926357664,0.019106833933779644,65,0.9861762375481524,0.9866009040177675,0.9906437994568924,0.9860856126962569,0.9871158133192597,0.9873244734076657,0.0016993080101565282
0.38681373596191404,0.010244160750399401,0.059575986862182614,0.002996132296060521,1000.0,balanced,0.0001,poly,"{'clf__C': 1000, 'clf__class_weight': 'balanced', 'clf__gamma': 0.0001, 'clf__kernel': 'poly'}",0.4186165171655295,0.42352022248449933,0.46391507296292933,0.348541842772612,0.41225582726626275,0.41336989653036654,0.037119506219794714,311,0.49780790434368144,0.4744243525392804,0.5038731630301398,0.4384526998338107,0.4613490488435983,0.4751814337181021,0.023983662938993597
0.212569522857666,0.01488116511315017,0.03420243263244629,0.001609145095048543,1000.0,balanced,0.0001,sigmoid,"{'clf__C': 1000, 'clf__class_weight': 'balanced', 'clf__gamma': 0.0001, 'clf__kernel': 'sigmoid'}",0.7038189475718738,0.7381946448613115,0.6930996807724671,0.6881544996177388,0.734894246164393,0.7116324037975568,0.02098756711112855,182,0.9207403128221563,0.9518091675820399,0.9316868861793783,0.9263211788683341,0.8996003368367674,0.9260315764577353,0.01687103138837686
0.20401983261108397,0.010230282384184435,0.07466654777526856,0.004397725569078221,1000.0,balanced,0.001,rbf,"{'clf__C': 1000, 'clf__class_weight': 'balanced', 'clf__gamma': 0.001, 'clf__kernel': 'rbf'}",0.7718613945394132,0.7615656816591518,0.7103667630152946,0.7387344627713557,0.8114067560575184,0.7587870116085467,0.03374647593704688,54,1.0,1.0,1.0,1.0,1.0,1.0,0.0
0.28190927505493163,0.009643421348771506,0.043599605560302734,0.0013001226969589369,1000.0,balanced,0.001,poly,"{'clf__C': 1000, 'clf__class_weight': 'balanced', 'clf__gamma': 0.001, 'clf__kernel': 'poly'}",0.7262278488897194,0.7116422146069823,0.7350509102690581,0.7386218034807881,0.7608548580255148,0.7344795270544126,0.01614172264017008,66,0.9957265801577391,0.994621678354565,0.997156517561064,0.9964440154059832,0.9964440154059832,0.996078561377067,0.0008573799331840649
0.1305154323577881,0.006907656599886469,0.03092021942138672,0.00032229946635663247,1000.0,balanced,0.001,sigmoid,"{'clf__C': 1000, 'clf__class_weight': 'balanced', 'clf__gamma': 0.001, 'clf__kernel': 'sigmoid'}",0.5284681581697398,0.6034442382813776,0.5468831355804116,0.5888085742771685,0.6421796977841928,0.5819567608185781,0.040562669963459516,244,0.6680112765723937,0.658110033453185,0.6793841624204446,0.6724131839648861,0.6562458083314627,0.6668328929484744,0.008697554134505915
0.4660963535308838,0.011784332490686274,0.1213221549987793,0.0035005232561697987,1000.0,balanced,0.01,rbf,"{'clf__C': 1000, 'clf__class_weight': 'balanced', 'clf__gamma': 0.01, 'clf__kernel': 'rbf'}",0.6962848015460366,0.6750787343904493,0.6596398428682043,0.7275825843307399,0.7539023476523475,0.7024976621575555,0.03434788180475714,191,1.0,1.0,1.0,1.0,1.0,1.0,0.0
0.297628116607666,0.00843419808300479,0.04466137886047363,0.001677195643396498,1000.0,balanced,0.01,poly,"{'clf__C': 1000, 'clf__class_weight': 'balanced', 'clf__gamma': 0.01, 'clf__kernel': 'poly'}",0.7359899213796826,0.7194706469128138,0.7336672599928205,0.7157452277479676,0.7571516578027341,0.7324049427672037,0.0146402700470368,75,1.0,1.0,1.0,1.0,1.0,1.0,0.0
0.194160795211792,0.007753341865949455,0.04514431953430176,0.0010401336383360131,1000.0,balanced,0.01,sigmoid,"{'clf__C': 1000, 'clf__class_weight': 'balanced', 'clf__gamma': 0.01, 'clf__kernel': 'sigmoid'}",0.4947958349766857,0.4506803865086023,0.4585338288790329,0.4619622281852157,0.47457630089209035,0.46810971588832534,0.015409324536205778,300,0.4698225572747883,0.46507527698645734,0.44788405109461404,0.4690703941704403,0.44473748491890464,0.45931795288904087,0.010788213582272693
0.5264683246612549,0.008703489424915932,0.1333009719848633,0.008086387947070482,1000.0,balanced,0.1,rbf,"{'clf__C': 1000, 'clf__class_weight': 'balanced', 'clf__gamma': 0.1, 'clf__kernel': 'rbf'}",0.16846361185983827,0.14,0.14902557228294494,0.1859472049689441,0.15939249429815466,0.1605657766819764,0.01590029422394247,390,1.0,1.0,1.0,1.0,1.0,1.0,0.0
0.30123167037963866,0.006982596910976344,0.04335699081420898,0.0014916077708618464,1000.0,balanced,0.1,poly,"{'clf__C': 1000, 'clf__class_weight': 'balanced', 'clf__gamma': 0.1, 'clf__kernel': 'poly'}",0.7359899213796826,0.7194706469128138,0.7336672599928205,0.7157452277479676,0.7571516578027341,0.7324049427672037,0.0146402700470368,75,1.0,1.0,1.0,1.0,1.0,1.0,0.0
0.2652132511138916,0.00963775478367826,0.05543980598449707,0.0032516097458014266,1000.0,balanced,0.1,sigmoid,"{'clf__C': 1000, 'clf__class_weight': 'balanced', 'clf__gamma': 0.1, 'clf__kernel': 'sigmoid'}",0.40095278766658127,0.32333431557809,0.3222304925940155,0.37595337875452495,0.37942943954259367,0.36038008282716105,0.03187265292167886,324,0.3629103579853999,0.34425006133857267,0.30334411113561255,0.35048472121034624,0.31921208279488483,0.3360402668929633,0.02168073412977394
0.5243771553039551,0.006593814711821611,0.11150484085083008,0.020678124936964557,1000.0,balanced,0.5,rbf,"{'clf__C': 1000, 'clf__class_weight': 'balanced', 'clf__gamma': 0.5, 'clf__kernel': 'rbf'}",0.13903743315508021,0.14,0.13903743315508021,0.13941018766756033,0.13941018766756033,0.1393790483290562,0.0003523981125472012,415,1.0,1.0,1.0,1.0,1.0,1.0,0.0
0.30036220550537107,0.011018507560427257,0.042315101623535155,0.0007814634037942997,1000.0,balanced,0.5,poly,"{'clf__C': 1000, 'clf__class_weight': 'balanced', 'clf__gamma': 0.5, 'clf__kernel': 'poly'}",0.7359899213796826,0.7194706469128138,0.7336672599928205,0.7157452277479676,0.7571516578027341,0.7324049427672037,0.0146402700470368,75,1.0,1.0,1.0,1.0,1.0,1.0,0.0
0.24446415901184082,0.010367967957731455,0.05325326919555664,0.0021644824977329223,1000.0,balanced,0.5,sigmoid,"{'clf__C': 1000, 'clf__class_weight': 'balanced', 'clf__gamma': 0.5, 'clf__kernel': 'sigmoid'}",0.3983556378362916,0.31171093492198393,0.3929331864026803,0.3503375995449918,0.3568142353856639,0.36203031881832237,0.03152929949358867,319,0.3564206426416462,0.2997417061970802,0.315390473834811,0.3522933955533959,0.3307785273050187,0.3309249491063904,0.02154240883490284
0.4932416915893555,0.019501544403756448,0.07553901672363281,0.009998859301818989,1000.0,balanced,1,rbf,"{'clf__C': 1000, 'clf__class_weight': 'balanced', 'clf__gamma': 1, 'clf__kernel': 'rbf'}",0.13903743315508021,0.14,0.13903743315508021,0.13941018766756033,0.13941018766756033,0.1393790483290562,0.0003523981125472012,415,1.0,1.0,1.0,1.0,1.0,1.0,0.0
0.28388633728027346,0.007167993556850421,0.03714938163757324,0.006592929671903106,1000.0,balanced,1,poly,"{'clf__C': 1000, 'clf__class_weight': 'balanced', 'clf__gamma': 1, 'clf__kernel': 'poly'}",0.7359899213796826,0.7194706469128138,0.7336672599928205,0.7157452277479676,0.7571516578027341,0.7324049427672037,0.0146402700470368,75,1.0,1.0,1.0,1.0,1.0,1.0,0.0
0.20703415870666503,0.028184342350122623,0.03902521133422852,0.009466996867188873,1000.0,balanced,1,sigmoid,"{'clf__C': 1000, 'clf__class_weight': 'balanced', 'clf__gamma': 1, 'clf__kernel': 'sigmoid'}",0.39248264523200577,0.3246675166199606,0.30858726985708634,0.31617390545961976,0.3922637561371172,0.34683501866115796,0.03752830477997797,357,0.3453553230480163,0.3060848326037994,0.2775375691384584,0.30270628674727235,0.3393797002719284,0.31421274236189495,0.02508691240887597
