mean_fit_time,std_fit_time,mean_score_time,std_score_time,param_clf__colsample_bytree,param_clf__learning_rate,param_clf__max_depth,param_clf__min_child_weight,param_clf__n_estimators,param_clf__reg_alpha,param_clf__reg_lambda,param_clf__subsample,params,split0_test_score,split1_test_score,split2_test_score,split3_test_score,split4_test_score,mean_test_score,std_test_score,rank_test_score,split0_train_score,split1_train_score,split2_train_score,split3_train_score,split4_train_score,mean_train_score,std_train_score
20.226837158203125,0.20893413107784758,0.013044500350952148,0.0009368151178249413,0.5,0.03,3,1,300,0.0,1.0,0.8,"{'clf__colsample_bytree': 0.5, 'clf__learning_rate': 0.03, 'clf__max_depth': 3, 'clf__min_child_weight': 1, 'clf__n_estimators': 300, 'clf__reg_alpha': 0.0, 'clf__reg_lambda': 1.0, 'clf__subsample': 0.8}",0.8161586118969082,0.8138263618102328,0.775551561626328,0.7855293925977038,0.8356742620944877,0.8053480380051321,0.02185881543135176,1277,0.9922766423763911,0.9927915313421478,0.9976581328347683,0.9944257282564493,0.9906563594153274,0.9935616788450167,0.002375409167531029
20.06334490776062,0.11280776830516066,0.012892961502075195,0.0011070622436951181,0.5,0.03,3,1,300,0.0,1.0,1.0,"{'clf__colsample_bytree': 0.5, 'clf__learning_rate': 0.03, 'clf__max_depth': 3, 'clf__min_child_weight': 1, 'clf__n_estimators': 300, 'clf__reg_alpha': 0.0, 'clf__reg_lambda': 1.0, 'clf__subsample': 1.0}",0.8244674931083786,0.8217553668342829,0.7694800802541878,0.7922426835778729,0.832851795679782,0.8081594838909009,0.023706329353248186,1259,0.9897398049285469,0.9910507437298351,0.9948274464125981,0.9926130214082237,0.9872952277619409,0.9911052488482289,0.0025499726031687686
19.20709686279297,2.5701828380222533,0.011834001541137696,0.0007366471368801339,0.5,0.03,3,1,300,0.0,10.0,0.8,"{'clf__colsample_bytree': 0.5, 'clf__learning_rate': 0.03, 'clf__max_depth': 3, 'clf__min_child_weight': 1, 'clf__n_estimators': 300, 'clf__reg_alpha': 0.0, 'clf__reg_lambda': 10.0, 'clf__subsample': 0.8}",0.820367559271302,0.8141539732459319,0.77651011038054,0.7921390374331551,0.8331018518518518,0.8072545064365559,0.020304360881151035,1266,0.974544896307371,0.97363416343622,0.9716364216546245,0.9733950185067471,0.9738367691370267,0.9734094538083978,0.0009660407726011714
20.658773279190065,0.35551114829046865,0.012142038345336914,0.0013031800028679406,0.5,0.03,3,1,300,0.0,10.0,1.0,"{'clf__colsample_bytree': 0.5, 'clf__learning_rate': 0.03, 'clf__max_depth': 3, 'clf__min_child_weight': 1, 'clf__n_estimators': 300, 'clf__reg_alpha': 0.0, 'clf__reg_lambda': 10.0, 'clf__subsample': 1.0}",0.8233542304449523,0.8182221224064989,0.7775482507551731,0.7698757001663262,0.8270086699484386,0.8032017947442778,0.02436075168690939,1290,0.9760509801364768,0.9741824416726037,0.9781136223924745,0.9765733386246038,0.9737127114148688,0.9757266188482057,0.0016099836548936722
17.439996194839477,3.607058666233394,0.012469100952148437,0.0011429507320174514,0.5,0.03,3,1,300,0.1,1.0,0.8,"{'clf__colsample_bytree': 0.5, 'clf__learning_rate': 0.03, 'clf__max_depth': 3, 'clf__min_child_weight': 1, 'clf__n_estimators': 300, 'clf__reg_alpha': 0.1, 'clf__reg_lambda': 1.0, 'clf__subsample': 0.8}",0.8221442741325703,0.8141539732459319,0.7651501461599788,0.794797315929773,0.8326746407375211,0.8057840700411549,0.023801843986681157,1275,0.9929877177614558,0.9918734365775964,0.9976581328347683,0.9944275755619507,0.9899453343942421,0.9933784394260027,0.0025930819291623227
20.59566287994385,0.37892680706448406,0.01279606819152832,0.0007276456071267708,0.5,0.03,3,1,300,0.1,1.0,1.0,"{'clf__colsample_bytree': 0.5, 'clf__learning_rate': 0.03, 'clf__max_depth': 3, 'clf__min_child_weight': 1, 'clf__n_estimators': 300, 'clf__reg_alpha': 0.1, 'clf__reg_lambda': 1.0, 'clf__subsample': 1.0}",0.8283985971464354,0.8277394052884937,0.7721634261621427,0.7840088998361827,0.8292263648754521,0.8083073386617412,0.024962636394232497,1257,0.9911625881933405,0.9908565388336044,0.9929877177614558,0.99119023814343,0.9878081310817872,0.9908010428027236,0.0016747737660121212
20.681171703338624,0.3030849090114758,0.012610864639282227,0.0010870635165515566,0.5,0.03,3,1,300,0.1,10.0,0.8,"{'clf__colsample_bytree': 0.5, 'clf__learning_rate': 0.03, 'clf__max_depth': 3, 'clf__min_child_weight': 1, 'clf__n_estimators': 300, 'clf__reg_alpha': 0.1, 'clf__reg_lambda': 10.0, 'clf__subsample': 0.8}",0.820367559271302,0.8138263618102328,0.7825248573238,0.7958814770696843,0.8247150919667872,0.8074630694883613,0.015878900051607824,1264,0.9733972969589525,0.9734525426823278,0.9684991336836115,0.9746438507458072,0.9738367691370267,0.9727659186415452,0.002179398761228087
20.69157772064209,0.29853948415859527,0.012521934509277344,0.0010417858242725154,0.5,0.03,3,1,300,0.1,10.0,1.0,"{'clf__colsample_bytree': 0.5, 'clf__learning_rate': 0.03, 'clf__max_depth': 3, 'clf__min_child_weight': 1, 'clf__n_estimators': 300, 'clf__reg_alpha': 0.1, 'clf__reg_lambda': 10.0, 'clf__subsample': 1.0}",0.8226233940347387,0.8147174752616819,0.7774517004122402,0.7711421892502632,0.8323500275113178,0.8036569572940484,0.024695257390951866,1288,0.9746018764958082,0.973135539535697,0.9781136223924745,0.9758703525022359,0.9742634954220953,0.9751969772696623,0.0016991357684459643
31.750403594970702,0.11393595230763912,0.022475767135620116,0.0009076056816394314,0.5,0.03,3,1,600,0.0,1.0,0.8,"{'clf__colsample_bytree': 0.5, 'clf__learning_rate': 0.03, 'clf__max_depth': 3, 'clf__min_child_weight': 1, 'clf__n_estimators': 600, 'clf__reg_alpha': 0.0, 'clf__reg_lambda': 1.0, 'clf__subsample': 0.8}",0.815022799699138,0.8198297977418785,0.7759104797626095,0.8058471974648446,0.8520427214401487,0.8137305992217237,0.02449162376284453,1150,1.0,1.0,1.0,1.0,1.0,1.0,0.0
29.60510582923889,3.5031189709615274,0.023343276977539063,0.0004038782130909158,0.5,0.03,3,1,600,0.0,1.0,1.0,"{'clf__colsample_bytree': 0.5, 'clf__learning_rate': 0.03, 'clf__max_depth': 3, 'clf__min_child_weight': 1, 'clf__n_estimators': 600, 'clf__reg_alpha': 0.0, 'clf__reg_lambda': 1.0, 'clf__subsample': 1.0}",0.8286706958987182,0.8435409096524914,0.7692804836672762,0.7992414914683823,0.8423959275530861,0.8166259016479909,0.02855659391676613,1018,1.0,1.0,1.0,1.0,1.0,1.0,0.0
27.112567472457886,0.24176275653021825,0.02260746955871582,0.001563748159116814,0.5,0.03,3,1,600,0.0,10.0,0.8,"{'clf__colsample_bytree': 0.5, 'clf__learning_rate': 0.03, 'clf__max_depth': 3, 'clf__min_child_weight': 1, 'clf__n_estimators': 600, 'clf__reg_alpha': 0.0, 'clf__reg_lambda': 10.0, 'clf__subsample': 0.8}",0.8107866798605612,0.814231203431926,0.7963145477543883,0.7955657406307383,0.8471006338746033,0.8127997611104435,0.018715902953964057,1170,0.9981581327810707,1.0,0.9990771574058865,0.9990771574058865,0.9981628558539307,0.9988950606893547,0.0006879529012336206
27.655022954940797,0.11862752786158995,0.02343745231628418,0.0013648966392887758,0.5,0.03,3,1,600,0.0,10.0,1.0,"{'clf__colsample_bytree': 0.5, 'clf__learning_rate': 0.03, 'clf__max_depth': 3, 'clf__min_child_weight': 1, 'clf__n_estimators': 600, 'clf__reg_alpha': 0.0, 'clf__reg_lambda': 10.0, 'clf__subsample': 1.0}",0.8131027273348538,0.8175393777398205,0.7998017831817693,0.7752968357807067,0.8493964981534199,0.811027444438114,0.024172663167745457,1223,1.0,1.0,1.0,1.0,0.9990825960013635,0.9998165192002727,0.00036696159945459605
26.000495433807373,0.243725882650805,0.023102760314941406,0.0016710192818696033,0.5,0.03,3,1,600,0.1,1.0,0.8,"{'clf__colsample_bytree': 0.5, 'clf__learning_rate': 0.03, 'clf__max_depth': 3, 'clf__min_child_weight': 1, 'clf__n_estimators': 600, 'clf__reg_alpha': 0.1, 'clf__reg_lambda': 1.0, 'clf__subsample': 0.8}",0.8164398353746628,0.8235012292717192,0.7747577852468618,0.7944344679565997,0.8422998154076,0.8102866266514888,0.02345600759370204,1234,1.0,1.0,1.0,1.0,1.0,1.0,0.0
26.19861731529236,0.1433852599670066,0.021813488006591795,0.0009845036213511117,0.5,0.03,3,1,600,0.1,1.0,1.0,"{'clf__colsample_bytree': 0.5, 'clf__learning_rate': 0.03, 'clf__max_depth': 3, 'clf__min_child_weight': 1, 'clf__n_estimators': 600, 'clf__reg_alpha': 0.1, 'clf__reg_lambda': 1.0, 'clf__subsample': 1.0}",0.8322299837045815,0.8276037427435688,0.7861254162804271,0.797449389920223,0.8450280932669729,0.8176873251831548,0.022194909194710132,940,1.0,1.0,1.0,1.0,1.0,1.0,0.0
27.494908332824707,0.35415000321246465,0.022333669662475585,0.0013560473930311376,0.5,0.03,3,1,600,0.1,10.0,0.8,"{'clf__colsample_bytree': 0.5, 'clf__learning_rate': 0.03, 'clf__max_depth': 3, 'clf__min_child_weight': 1, 'clf__n_estimators': 600, 'clf__reg_alpha': 0.1, 'clf__reg_lambda': 10.0, 'clf__subsample': 0.8}",0.8112351391799777,0.8198297977418785,0.7998222242883806,0.787816048685614,0.848416839947072,0.8134240099685845,0.02054799103070346,1155,0.9981581327810707,1.0,0.9990771574058865,0.9990771574058865,0.9981628558539307,0.9988950606893547,0.0006879529012336206
27.64391984939575,0.15297745170804306,0.02332959175109863,0.0010750417894757622,0.5,0.03,3,1,600,0.1,10.0,1.0,"{'clf__colsample_bytree': 0.5, 'clf__learning_rate': 0.03, 'clf__max_depth': 3, 'clf__min_child_weight': 1, 'clf__n_estimators': 600, 'clf__reg_alpha': 0.1, 'clf__reg_lambda': 10.0, 'clf__subsample': 1.0}",0.8089530172799714,0.8077906605039994,0.7845533475290672,0.7798182958733417,0.8481168674830646,0.805846437733889,0.024211897608487406,1274,1.0,1.0,1.0,1.0,0.9990825960013635,0.9998165192002727,0.00036696159945459605
38.44800519943237,0.41414795690147077,0.03300175666809082,0.0005111268322899521,0.5,0.03,3,1,1000,0.0,1.0,0.8,"{'clf__colsample_bytree': 0.5, 'clf__learning_rate': 0.03, 'clf__max_depth': 3, 'clf__min_child_weight': 1, 'clf__n_estimators': 1000, 'clf__reg_alpha': 0.0, 'clf__reg_lambda': 1.0, 'clf__subsample': 0.8}",0.8224086762041555,0.8313294032451907,0.7933953301872244,0.7940483152325258,0.8520427214401487,0.818644889261849,0.022507820280042532,846,1.0,1.0,1.0,1.0,1.0,1.0,0.0
40.35868010520935,0.6513565904281893,0.033236122131347655,0.001686145449475517,0.5,0.03,3,1,1000,0.0,1.0,1.0,"{'clf__colsample_bytree': 0.5, 'clf__learning_rate': 0.03, 'clf__max_depth': 3, 'clf__min_child_weight': 1, 'clf__n_estimators': 1000, 'clf__reg_alpha': 0.0, 'clf__reg_lambda': 1.0, 'clf__subsample': 1.0}",0.835042735042735,0.8334218559218559,0.7895370291857098,0.797185315918873,0.8440978901146869,0.819856965236772,0.022070516567443462,710,1.0,1.0,1.0,1.0,1.0,1.0,0.0
45.23406772613525,0.7168949226453255,0.03447084426879883,0.0027491236986508676,0.5,0.03,3,1,1000,0.0,10.0,0.8,"{'clf__colsample_bytree': 0.5, 'clf__learning_rate': 0.03, 'clf__max_depth': 3, 'clf__min_child_weight': 1, 'clf__n_estimators': 1000, 'clf__reg_alpha': 0.0, 'clf__reg_lambda': 10.0, 'clf__subsample': 0.8}",0.8164398353746628,0.8265091606504913,0.7918694952663549,0.7942958203157444,0.8456793477786597,0.8149587318771825,0.020196193083104635,1114,1.0,1.0,1.0,1.0,1.0,1.0,0.0
45.463801050186156,0.8572085456900941,0.03482179641723633,0.0013931375016938683,0.5,0.03,3,1,1000,0.0,10.0,1.0,"{'clf__colsample_bytree': 0.5, 'clf__learning_rate': 0.03, 'clf__max_depth': 3, 'clf__min_child_weight': 1, 'clf__n_estimators': 1000, 'clf__reg_alpha': 0.0, 'clf__reg_lambda': 10.0, 'clf__subsample': 1.0}",0.8089530172799714,0.8263746124571765,0.7894180385036929,0.7823780481314728,0.8469254587683926,0.8108098350281413,0.023731935493733765,1224,1.0,1.0,1.0,1.0,1.0,1.0,0.0
40.74571948051452,0.597652587141533,0.032867145538330075,0.0016035100658499126,0.5,0.03,3,1,1000,0.1,1.0,0.8,"{'clf__colsample_bytree': 0.5, 'clf__learning_rate': 0.03, 'clf__max_depth': 3, 'clf__min_child_weight': 1, 'clf__n_estimators': 1000, 'clf__reg_alpha': 0.1, 'clf__reg_lambda': 1.0, 'clf__subsample': 0.8}",0.8164398353746628,0.8283135415840315,0.7909287973250307,0.7963937457684077,0.8529631638010926,0.8170078167706449,0.022476584148985488,989,1.0,1.0,1.0,1.0,1.0,1.0,0.0
41.24341077804566,0.9334746791585676,0.033263635635375974,0.001818693586468983,0.5,0.03,3,1,1000,0.1,1.0,1.0,"{'clf__colsample_bytree': 0.5, 'clf__learning_rate': 0.03, 'clf__max_depth': 3, 'clf__min_child_weight': 1, 'clf__n_estimators': 1000, 'clf__reg_alpha': 0.1, 'clf__reg_lambda': 1.0, 'clf__subsample': 1.0}",0.8248829712065007,0.8272276792723259,0.7926169856633433,0.8029630976863495,0.8440978901146869,0.8183577247886411,0.018348794176750963,873,1.0,1.0,1.0,1.0,1.0,1.0,0.0
44.59725966453552,0.557616401078239,0.035570287704467775,0.0009219921071964312,0.5,0.03,3,1,1000,0.1,10.0,0.8,"{'clf__colsample_bytree': 0.5, 'clf__learning_rate': 0.03, 'clf__max_depth': 3, 'clf__min_child_weight': 1, 'clf__n_estimators': 1000, 'clf__reg_alpha': 0.1, 'clf__reg_lambda': 10.0, 'clf__subsample': 0.8}",0.8122937336754199,0.8265091606504913,0.7953613097234895,0.7968078612155985,0.8471006338746033,0.8156145398279205,0.019416380325780767,1079,1.0,1.0,1.0,1.0,1.0,1.0,0.0
46.09865293502808,1.0815163525990912,0.03575282096862793,0.0020473484544751793,0.5,0.03,3,1,1000,0.1,10.0,1.0,"{'clf__colsample_bytree': 0.5, 'clf__learning_rate': 0.03, 'clf__max_depth': 3, 'clf__min_child_weight': 1, 'clf__n_estimators': 1000, 'clf__reg_alpha': 0.1, 'clf__reg_lambda': 10.0, 'clf__subsample': 1.0}",0.8144425784960694,0.8197564070675254,0.7894180385036929,0.786066406711568,0.8386852681747048,0.8096737397907121,0.01966555562869482,1242,1.0,1.0,1.0,1.0,1.0,1.0,0.0
12.495053386688232,0.19251559124794942,0.013773870468139649,0.0012790356199483548,0.5,0.03,3,3,300,0.0,1.0,0.8,"{'clf__colsample_bytree': 0.5, 'clf__learning_rate': 0.03, 'clf__max_depth': 3, 'clf__min_child_weight': 3, 'clf__n_estimators': 300, 'clf__reg_alpha': 0.0, 'clf__reg_lambda': 1.0, 'clf__subsample': 0.8}",0.8161586118969082,0.8202762988313448,0.7708308973336877,0.8020436927413671,0.8363000715418509,0.8091219144690317,0.022040375855024448,1247,0.9888954561560515,0.9851227738702462,0.992051312306733,0.9910469910578337,0.9863605892724374,0.9886954245326602,0.0026475327749764174
12.671298360824585,0.14517623836587223,0.013365077972412109,0.0011675586536559468,0.5,0.03,3,3,300,0.0,1.0,1.0,"{'clf__colsample_bytree': 0.5, 'clf__learning_rate': 0.03, 'clf__max_depth': 3, 'clf__min_child_weight': 3, 'clf__n_estimators': 300, 'clf__reg_alpha': 0.0, 'clf__reg_lambda': 1.0, 'clf__subsample': 1.0}",0.8169619276122456,0.8272378767097077,0.7750790605280918,0.7953723424853812,0.8322496045602411,0.8093801623791336,0.021317491021266,1246,0.9863451192625985,0.9910507437298351,0.9915573668238142,0.9885426896113844,0.9858683731749357,0.9886728585205136,0.0023356017756383375
13.15521445274353,0.0991043134845604,0.014488458633422852,0.0009165329427230518,0.5,0.03,3,3,300,0.0,10.0,0.8,"{'clf__colsample_bytree': 0.5, 'clf__learning_rate': 0.03, 'clf__max_depth': 3, 'clf__min_child_weight': 3, 'clf__n_estimators': 300, 'clf__reg_alpha': 0.0, 'clf__reg_lambda': 10.0, 'clf__subsample': 0.8}",0.8142418835247004,0.8087848418415283,0.7695043009311799,0.8010476752751826,0.8300458800458801,0.8047249163236943,0.020011100489937646,1284,0.9753669791721521,0.9727482683258254,0.9697691100144927,0.9746438507458072,0.9717712422221509,0.9728598900960856,0.0020108976284672797
13.366978693008424,0.20429945682387332,0.012550878524780273,0.0004084357133386421,0.5,0.03,3,3,300,0.0,10.0,1.0,"{'clf__colsample_bytree': 0.5, 'clf__learning_rate': 0.03, 'clf__max_depth': 3, 'clf__min_child_weight': 3, 'clf__n_estimators': 300, 'clf__reg_alpha': 0.0, 'clf__reg_lambda': 10.0, 'clf__subsample': 1.0}",0.8176665410589469,0.8186046511627907,0.7743815513626835,0.7698757001663262,0.8300661097382696,0.8021189106978033,0.02491401256721135,1292,0.9747974141918571,0.9734634894666544,0.9738164580103614,0.9771068399117794,0.9737127114148688,0.9745793825991041,0.001342681540468514
13.03962812423706,0.23615962360090345,0.013980960845947266,0.0009958854907101242,0.5,0.03,3,3,300,0.1,1.0,0.8,"{'clf__colsample_bytree': 0.5, 'clf__learning_rate': 0.03, 'clf__max_depth': 3, 'clf__min_child_weight': 3, 'clf__n_estimators': 300, 'clf__reg_alpha': 0.1, 'clf__reg_lambda': 1.0, 'clf__subsample': 0.8}",0.8221442741325703,0.8185960050922274,0.7705913099489101,0.799062049062049,0.8262212910680475,0.8073229858607608,0.020597847365306874,1265,0.9886891695953214,0.984410398467906,0.9931621407678138,0.9917580244847879,0.9856495978635212,0.9887338662358701,0.003375269801593089
13.296246862411499,0.13580051537496413,0.013628625869750976,0.0013371847395035935,0.5,0.03,3,3,300,0.1,1.0,1.0,"{'clf__colsample_bytree': 0.5, 'clf__learning_rate': 0.03, 'clf__max_depth': 3, 'clf__min_child_weight': 3, 'clf__n_estimators': 300, 'clf__reg_alpha': 0.1, 'clf__reg_lambda': 1.0, 'clf__subsample': 1.0}",0.823107941363361,0.8257252127904302,0.7727426119299611,0.7898423885683306,0.8285254385334854,0.8079887186371136,0.022523358176682905,1260,0.9863451192625985,0.9908565388336044,0.9874634786332958,0.9899682069168999,0.9854662267204644,0.9880199140733726,0.002072590754976608
13.466154193878173,0.18146124876047953,0.012978506088256837,0.0007184227352363737,0.5,0.03,3,3,300,0.1,10.0,0.8,"{'clf__colsample_bytree': 0.5, 'clf__learning_rate': 0.03, 'clf__max_depth': 3, 'clf__min_child_weight': 3, 'clf__n_estimators': 300, 'clf__reg_alpha': 0.1, 'clf__reg_lambda': 10.0, 'clf__subsample': 0.8}",0.8142418835247004,0.8138263618102328,0.7726316439685351,0.7972192513368984,0.8277619622728318,0.8051362205826397,0.018918677237594796,1279,0.9746566825909024,0.97098865907232,0.9684991336836115,0.9737249544582208,0.9677815012085194,0.9711301862027149,0.002732220984947941
13.695801258087158,0.27889444688145615,0.014960432052612304,0.0015949488069283478,0.5,0.03,3,3,300,0.1,10.0,1.0,"{'clf__colsample_bytree': 0.5, 'clf__learning_rate': 0.03, 'clf__max_depth': 3, 'clf__min_child_weight': 3, 'clf__n_estimators': 300, 'clf__reg_alpha': 0.1, 'clf__reg_lambda': 10.0, 'clf__subsample': 1.0}",0.8233542304449523,0.8209302325581396,0.7741404421340944,0.7689604135499658,0.8323500275113178,0.803947069239694,0.026774222217242225,1286,0.9760509801364768,0.9727437560377753,0.9723989584404991,0.9759944236025196,0.9719767624731526,0.9738329761380846,0.0018044241869462627
23.19621353149414,0.5473387991456766,0.025165033340454102,0.0017881130432737936,0.5,0.03,3,3,600,0.0,1.0,0.8,"{'clf__colsample_bytree': 0.5, 'clf__learning_rate': 0.03, 'clf__max_depth': 3, 'clf__min_child_weight': 3, 'clf__n_estimators': 600, 'clf__reg_alpha': 0.0, 'clf__reg_lambda': 1.0, 'clf__subsample': 0.8}",0.8198253030439937,0.8293369631852778,0.7769701596542573,0.7969572076724414,0.8446887102150764,0.8135556687542094,0.02396510890873405,1153,1.0,1.0,1.0,1.0,1.0,1.0,0.0
24.24702854156494,0.2065712864082436,0.023727941513061523,0.001020483628395271,0.5,0.03,3,3,600,0.0,1.0,1.0,"{'clf__colsample_bytree': 0.5, 'clf__learning_rate': 0.03, 'clf__max_depth': 3, 'clf__min_child_weight': 3, 'clf__n_estimators': 600, 'clf__reg_alpha': 0.0, 'clf__reg_lambda': 1.0, 'clf__subsample': 1.0}",0.8286706958987182,0.8405135905135905,0.7833580956945443,0.8038752142135328,0.8462848540941039,0.8205404900828979,0.023613805868672358,632,1.0,1.0,1.0,1.0,1.0,1.0,0.0
25.89081768989563,0.3633766854548524,0.023858165740966795,0.0004749648194258851,0.5,0.03,3,3,600,0.0,10.0,0.8,"{'clf__colsample_bytree': 0.5, 'clf__learning_rate': 0.03, 'clf__max_depth': 3, 'clf__min_child_weight': 3, 'clf__n_estimators': 600, 'clf__reg_alpha': 0.0, 'clf__reg_lambda': 10.0, 'clf__subsample': 0.8}",0.8107866798605612,0.8228365556668291,0.7862976753015318,0.7929326882268058,0.8434471270335756,0.8112601452178607,0.020636180997535853,1216,0.9981581327810707,1.0,0.9990771574058865,0.9990771574058865,0.9972407542235628,0.9987106403632812,0.0009377577139086846
25.849349451065063,0.3293038109740549,0.029224491119384764,0.01121561250564325,0.5,0.03,3,3,600,0.0,10.0,1.0,"{'clf__colsample_bytree': 0.5, 'clf__learning_rate': 0.03, 'clf__max_depth': 3, 'clf__min_child_weight': 3, 'clf__n_estimators': 600, 'clf__reg_alpha': 0.0, 'clf__reg_lambda': 10.0, 'clf__subsample': 1.0}",0.8131027273348538,0.8117342215108433,0.7920661621551169,0.7884421514558501,0.8517622933655291,0.8114215111644386,0.022507703090531413,1211,0.9990802514078543,1.0,1.0,1.0,0.9990825960013635,0.9996325694818436,0.0004500092534836805
23.627213764190675,0.6710883377747701,0.03290190696716309,0.010121283179648013,0.5,0.03,3,3,600,0.1,1.0,0.8,"{'clf__colsample_bytree': 0.5, 'clf__learning_rate': 0.03, 'clf__max_depth': 3, 'clf__min_child_weight': 3, 'clf__n_estimators': 600, 'clf__reg_alpha': 0.1, 'clf__reg_lambda': 1.0, 'clf__subsample': 0.8}",0.8144425784960694,0.8270113817899292,0.7819926179594121,0.8025295423145434,0.8383596046162788,0.8128671450352465,0.01955765513357918,1168,1.0,1.0,1.0,1.0,1.0,1.0,0.0
24.186060237884522,0.6450572448749877,0.02364482879638672,0.0006448360868555543,0.5,0.03,3,3,600,0.1,1.0,1.0,"{'clf__colsample_bytree': 0.5, 'clf__learning_rate': 0.03, 'clf__max_depth': 3, 'clf__min_child_weight': 3, 'clf__n_estimators': 600, 'clf__reg_alpha': 0.1, 'clf__reg_lambda': 1.0, 'clf__subsample': 1.0}",0.8248829712065007,0.8341010308176207,0.7865712054184637,0.7870355588365654,0.8386852681747048,0.814255206890771,0.02285146460836376,1132,1.0,1.0,1.0,1.0,1.0,1.0,0.0
25.963543510437013,0.3674890410960495,0.023736906051635743,0.0012068808328245752,0.5,0.03,3,3,600,0.1,10.0,0.8,"{'clf__colsample_bytree': 0.5, 'clf__learning_rate': 0.03, 'clf__max_depth': 3, 'clf__min_child_weight': 3, 'clf__n_estimators': 600, 'clf__reg_alpha': 0.1, 'clf__reg_lambda': 10.0, 'clf__subsample': 0.8}",0.8164398353746628,0.8242018949286155,0.7768154415069717,0.792260474082106,0.8434471270335756,0.8106329545851864,0.02356174081281197,1229,0.9981581327810707,1.0,0.9990771574058865,0.9990771574058865,0.9972407542235628,0.9987106403632812,0.0009377577139086846
26.365554094314575,0.5454976636785994,0.02426910400390625,0.0010289384740409908,0.5,0.03,3,3,600,0.1,10.0,1.0,"{'clf__colsample_bytree': 0.5, 'clf__learning_rate': 0.03, 'clf__max_depth': 3, 'clf__min_child_weight': 3, 'clf__n_estimators': 600, 'clf__reg_alpha': 0.1, 'clf__reg_lambda': 10.0, 'clf__subsample': 1.0}",0.8070104754230458,0.8052695655087079,0.7998211674826935,0.7771833542801284,0.8481168674830646,0.807480286035528,0.02294779261628139,1263,0.9990802514078543,0.9992893709207822,1.0,1.0,0.9981628558539307,0.9993064956365135,0.0006813645519905045
33.41832032203674,0.5828535489333472,0.032406854629516604,0.001028147025474035,0.5,0.03,3,3,1000,0.0,1.0,0.8,"{'clf__colsample_bytree': 0.5, 'clf__learning_rate': 0.03, 'clf__max_depth': 3, 'clf__min_child_weight': 3, 'clf__n_estimators': 1000, 'clf__reg_alpha': 0.0, 'clf__reg_lambda': 1.0, 'clf__subsample': 0.8}",0.8134306559103001,0.8320012807727264,0.7872529801405916,0.8075478729503497,0.8453047534011606,0.8171075086350257,0.02006543203072937,982,1.0,1.0,1.0,1.0,1.0,1.0,0.0
35.28989419937134,0.4696213276449433,0.03518319129943848,0.002608912019390625,0.5,0.03,3,3,1000,0.0,1.0,1.0,"{'clf__colsample_bytree': 0.5, 'clf__learning_rate': 0.03, 'clf__max_depth': 3, 'clf__min_child_weight': 3, 'clf__n_estimators': 1000, 'clf__reg_alpha': 0.0, 'clf__reg_lambda': 1.0, 'clf__subsample': 1.0}",0.8183105822231804,0.8381987756987757,0.7945141849110726,0.7974045923354679,0.8423944584490535,0.81816451872351,0.019893695480111443,890,1.0,1.0,1.0,1.0,1.0,1.0,0.0
41.27164525985718,0.5843465764761973,0.03648810386657715,0.001472095690660221,0.5,0.03,3,3,1000,0.0,10.0,0.8,"{'clf__colsample_bytree': 0.5, 'clf__learning_rate': 0.03, 'clf__max_depth': 3, 'clf__min_child_weight': 3, 'clf__n_estimators': 1000, 'clf__reg_alpha': 0.0, 'clf__reg_lambda': 10.0, 'clf__subsample': 0.8}",0.8164398353746628,0.8265091606504913,0.7927075057256264,0.7925979144039427,0.8387339295358163,0.813397669138108,0.01835104757264412,1156,1.0,1.0,1.0,1.0,1.0,1.0,0.0
42.06240735054016,1.4643934430614418,0.03688912391662598,0.0014715114538897786,0.5,0.03,3,3,1000,0.0,10.0,1.0,"{'clf__colsample_bytree': 0.5, 'clf__learning_rate': 0.03, 'clf__max_depth': 3, 'clf__min_child_weight': 3, 'clf__n_estimators': 1000, 'clf__reg_alpha': 0.0, 'clf__reg_lambda': 10.0, 'clf__subsample': 1.0}",0.81862310884493,0.8228963271838168,0.7774741374115111,0.7855999511241447,0.8386852681747048,0.8086557585478215,0.02327134318469352,1252,1.0,1.0,1.0,1.0,1.0,1.0,0.0
34.952601766586305,1.0581812663328045,0.035181283950805664,0.0025487634232012764,0.5,0.03,3,3,1000,0.1,1.0,0.8,"{'clf__colsample_bytree': 0.5, 'clf__learning_rate': 0.03, 'clf__max_depth': 3, 'clf__min_child_weight': 3, 'clf__n_estimators': 1000, 'clf__reg_alpha': 0.1, 'clf__reg_lambda': 1.0, 'clf__subsample': 0.8}",0.8126542680154373,0.833779007049497,0.7864165387529872,0.8057958276174595,0.8453047534011606,0.8167900789673084,0.020795387832760515,1008,1.0,1.0,1.0,1.0,1.0,1.0,0.0
36.96617770195007,0.6257859582214216,0.035686063766479495,0.0015496695979548235,0.5,0.03,3,3,1000,0.1,1.0,1.0,"{'clf__colsample_bytree': 0.5, 'clf__learning_rate': 0.03, 'clf__max_depth': 3, 'clf__min_child_weight': 3, 'clf__n_estimators': 1000, 'clf__reg_alpha': 0.1, 'clf__reg_lambda': 1.0, 'clf__subsample': 1.0}",0.8223549145917923,0.8359803388102376,0.8069487696159248,0.7934242681483769,0.8372814001335127,0.8191979382599689,0.016928976724023645,789,1.0,1.0,1.0,1.0,1.0,1.0,0.0
41.22013268470764,0.7240813859992021,0.03425664901733398,0.002042695109977705,0.5,0.03,3,3,1000,0.1,10.0,0.8,"{'clf__colsample_bytree': 0.5, 'clf__learning_rate': 0.03, 'clf__max_depth': 3, 'clf__min_child_weight': 3, 'clf__n_estimators': 1000, 'clf__reg_alpha': 0.1, 'clf__reg_lambda': 10.0, 'clf__subsample': 0.8}",0.8164398353746628,0.8235012292717192,0.7913699413699414,0.7961169891498955,0.8426982085000954,0.8140252407332629,0.018717541348349902,1142,1.0,1.0,1.0,1.0,1.0,1.0,0.0
42.12934632301331,0.7935933095340586,0.03380851745605469,0.0016455955649002669,0.5,0.03,3,3,1000,0.1,10.0,1.0,"{'clf__colsample_bytree': 0.5, 'clf__learning_rate': 0.03, 'clf__max_depth': 3, 'clf__min_child_weight': 3, 'clf__n_estimators': 1000, 'clf__reg_alpha': 0.1, 'clf__reg_lambda': 10.0, 'clf__subsample': 1.0}",0.81862310884493,0.8191974040854784,0.7932173432753383,0.7810761840898827,0.845444735347407,0.8115117551286073,0.022459283993959585,1207,1.0,1.0,1.0,1.0,1.0,1.0,0.0
12.456701374053955,0.30299074640578144,0.015226316452026368,0.0016845775943470005,0.5,0.03,3,5,300,0.0,1.0,0.8,"{'clf__colsample_bytree': 0.5, 'clf__learning_rate': 0.03, 'clf__max_depth': 3, 'clf__min_child_weight': 5, 'clf__n_estimators': 300, 'clf__reg_alpha': 0.0, 'clf__reg_lambda': 1.0, 'clf__subsample': 0.8}",0.8186840636591706,0.8282228833398756,0.77651011038054,0.815576075391397,0.8328493937391153,0.8143685053020198,0.019934028011045095,1126,0.9863369671539876,0.9824760256397616,0.9895993924513936,0.988909757704892,0.9835046215018987,0.9861653528903866,0.002829998729038668
12.45411376953125,0.21799501788099,0.014730691909790039,0.00150422363978632,0.5,0.03,3,5,300,0.0,1.0,1.0,"{'clf__colsample_bytree': 0.5, 'clf__learning_rate': 0.03, 'clf__max_depth': 3, 'clf__min_child_weight': 5, 'clf__n_estimators': 300, 'clf__reg_alpha': 0.0, 'clf__reg_lambda': 1.0, 'clf__subsample': 1.0}",0.8266353902775947,0.8227207631454739,0.7894660810704878,0.7829456099538739,0.8358842638621715,0.8115304216619202,0.02121518340921423,1206,0.9849275718055748,0.9819451721677755,0.9858265931954275,0.9884074406109504,0.9796044723032402,0.9841422500165937,0.0030680342472696287
13.114786529541016,0.21216872711593965,0.01507425308227539,0.0008871955716458695,0.5,0.03,3,5,300,0.0,10.0,0.8,"{'clf__colsample_bytree': 0.5, 'clf__learning_rate': 0.03, 'clf__max_depth': 3, 'clf__min_child_weight': 5, 'clf__n_estimators': 300, 'clf__reg_alpha': 0.0, 'clf__reg_lambda': 10.0, 'clf__subsample': 0.8}",0.820367559271302,0.800399595090741,0.7675823790092581,0.7820653907496012,0.826800237113859,0.7994430322469522,0.022379683422871794,1296,0.9707782623292498,0.9684297975165014,0.9663175572876437,0.9715623092614543,0.9642577395331506,0.9682691331855999,0.002722736794980766
13.32504482269287,0.4436232278811297,0.014605712890625,0.001024427005060442,0.5,0.03,3,5,300,0.0,10.0,1.0,"{'clf__colsample_bytree': 0.5, 'clf__learning_rate': 0.03, 'clf__max_depth': 3, 'clf__min_child_weight': 5, 'clf__n_estimators': 300, 'clf__reg_alpha': 0.0, 'clf__reg_lambda': 10.0, 'clf__subsample': 1.0}",0.8233542304449523,0.8185464713587977,0.7809832049408582,0.7813689588405006,0.8297354661576323,0.8067976663485481,0.02121934248381778,1271,0.9726357927610364,0.973135539535697,0.9686434110273403,0.9745391858335716,0.9707559746967926,0.9719419807708876,0.002046392166775205
12.645538091659546,0.22582176666992826,0.015256690979003906,0.0011618374640681624,0.5,0.03,3,5,300,0.1,1.0,0.8,"{'clf__colsample_bytree': 0.5, 'clf__learning_rate': 0.03, 'clf__max_depth': 3, 'clf__min_child_weight': 5, 'clf__n_estimators': 300, 'clf__reg_alpha': 0.1, 'clf__reg_lambda': 1.0, 'clf__subsample': 0.8}",0.8127292217174866,0.8327332577576138,0.7734067085953878,0.8114939444892311,0.8325894094671177,0.8125905084053674,0.02164383633508063,1177,0.984107149357451,0.9836973249311731,0.9876656449904746,0.9867732899256954,0.9835046215018987,0.9851496061413385,0.001724448424604862
12.675432825088501,0.197239853055705,0.015053987503051758,0.0012136640757929003,0.5,0.03,3,5,300,0.1,1.0,1.0,"{'clf__colsample_bytree': 0.5, 'clf__learning_rate': 0.03, 'clf__max_depth': 3, 'clf__min_child_weight': 5, 'clf__n_estimators': 300, 'clf__reg_alpha': 0.1, 'clf__reg_lambda': 1.0, 'clf__subsample': 1.0}",0.8266353902775947,0.8287395690621497,0.7803902842367999,0.788919958100004,0.8283394350888641,0.8106049273530825,0.021370616679320137,1230,0.984718500722755,0.9835002534728465,0.9826618447677272,0.9876943562627009,0.9803175044181441,0.9837784919288348,0.002429829709417872
13.080744504928589,0.40961985398320555,0.015096282958984375,0.0012350392116801737,0.5,0.03,3,5,300,0.1,10.0,0.8,"{'clf__colsample_bytree': 0.5, 'clf__learning_rate': 0.03, 'clf__max_depth': 3, 'clf__min_child_weight': 5, 'clf__n_estimators': 300, 'clf__reg_alpha': 0.1, 'clf__reg_lambda': 10.0, 'clf__subsample': 0.8}",0.820367559271302,0.8075998977146608,0.7702851095570652,0.7796908495163655,0.8277619622728318,0.801141075666445,0.022504437358890846,1294,0.9709356151199169,0.9680932230942036,0.9668895665933339,0.9724761222191608,0.9642577395331506,0.9685304533119531,0.002915231344851235
13.43814992904663,0.0902251636218965,0.014277458190917969,0.0013862707667695944,0.5,0.03,3,5,300,0.1,10.0,1.0,"{'clf__colsample_bytree': 0.5, 'clf__learning_rate': 0.03, 'clf__max_depth': 3, 'clf__min_child_weight': 5, 'clf__n_estimators': 300, 'clf__reg_alpha': 0.1, 'clf__reg_lambda': 10.0, 'clf__subsample': 1.0}",0.8233542304449523,0.822441761600877,0.7734067085953878,0.7699443485880002,0.8306278742026405,0.8039549846863716,0.026530945070925762,1285,0.9738873085455332,0.9716779922553923,0.9695902785369993,0.9763722123935382,0.9710751585853801,0.9725205900633686,0.002370184923118481
22.096674156188964,0.17447458412925693,0.024047183990478515,0.0010695717281632973,0.5,0.03,3,5,600,0.0,1.0,0.8,"{'clf__colsample_bytree': 0.5, 'clf__learning_rate': 0.03, 'clf__max_depth': 3, 'clf__min_child_weight': 5, 'clf__n_estimators': 600, 'clf__reg_alpha': 0.0, 'clf__reg_lambda': 1.0, 'clf__subsample': 0.8}",0.8182281458552949,0.8353633757444104,0.7864839295302871,0.8087616359675184,0.8453047534011606,0.8188283680997342,0.020602269415655808,829,1.0,1.0,1.0,1.0,1.0,1.0,0.0
22.312560844421387,0.7965747954799359,0.02480316162109375,0.0017210463542428269,0.5,0.03,3,5,600,0.0,1.0,1.0,"{'clf__colsample_bytree': 0.5, 'clf__learning_rate': 0.03, 'clf__max_depth': 3, 'clf__min_child_weight': 5, 'clf__n_estimators': 600, 'clf__reg_alpha': 0.0, 'clf__reg_lambda': 1.0, 'clf__subsample': 1.0}",0.8294999793626262,0.8352651368610023,0.7880316288819121,0.7983471981167833,0.8469254587683926,0.8196138803981434,0.022531442389544454,740,1.0,1.0,1.0,1.0,1.0,1.0,0.0
23.9,0.4609506619930288,0.023583221435546874,0.0011161806236287765,0.5,0.03,3,5,600,0.0,10.0,0.8,"{'clf__colsample_bytree': 0.5, 'clf__learning_rate': 0.03, 'clf__max_depth': 3, 'clf__min_child_weight': 5, 'clf__n_estimators': 600, 'clf__reg_alpha': 0.0, 'clf__reg_lambda': 10.0, 'clf__subsample': 0.8}",0.8164398353746628,0.8137324347623052,0.7878412134130285,0.8006548833210984,0.8392594165958651,0.811585556693392,0.017188886450537993,1203,0.9971210806548733,0.9989704873026768,0.9981566985217796,0.9980414334996128,0.9962050689153487,0.9976989537788583,0.0009496577745526948
24.96645841598511,0.22225832083437053,0.024771595001220705,0.001290786566609784,0.5,0.03,3,5,600,0.0,10.0,1.0,"{'clf__colsample_bytree': 0.5, 'clf__learning_rate': 0.03, 'clf__max_depth': 3, 'clf__min_child_weight': 5, 'clf__n_estimators': 600, 'clf__reg_alpha': 0.0, 'clf__reg_lambda': 10.0, 'clf__subsample': 1.0}",0.8126542680154373,0.8143443048244373,0.7807123860889907,0.804961159848016,0.8517622933655291,0.8128868824284821,0.022853844570015415,1167,0.9981581327810707,0.9985781111952543,0.9990771574058865,1.0,0.9972407542235628,0.9986108311211549,0.0009198225332926771
21.914659309387208,0.6000532120336517,0.024264001846313478,0.0019417518036477163,0.5,0.03,3,5,600,0.1,1.0,0.8,"{'clf__colsample_bytree': 0.5, 'clf__learning_rate': 0.03, 'clf__max_depth': 3, 'clf__min_child_weight': 5, 'clf__n_estimators': 600, 'clf__reg_alpha': 0.1, 'clf__reg_lambda': 1.0, 'clf__subsample': 0.8}",0.8066738991535433,0.8304152233025868,0.7970621376416079,0.7982613181211312,0.8456123670178615,0.8156049890473461,0.019205157627594623,1082,1.0,1.0,1.0,1.0,1.0,1.0,0.0
22.83507013320923,0.43045581363964935,0.024486494064331055,0.0016374424395912961,0.5,0.03,3,5,600,0.1,1.0,1.0,"{'clf__colsample_bytree': 0.5, 'clf__learning_rate': 0.03, 'clf__max_depth': 3, 'clf__min_child_weight': 5, 'clf__n_estimators': 600, 'clf__reg_alpha': 0.1, 'clf__reg_lambda': 1.0, 'clf__subsample': 1.0}",0.819329514383906,0.8376468634533151,0.7964244950218055,0.7980725623582766,0.8426806754265974,0.8188308221287801,0.01926684432149587,828,1.0,1.0,1.0,1.0,1.0,1.0,0.0
23.923830127716066,0.27499338470667606,0.02380671501159668,0.0018464195340705506,0.5,0.03,3,5,600,0.1,10.0,0.8,"{'clf__colsample_bytree': 0.5, 'clf__learning_rate': 0.03, 'clf__max_depth': 3, 'clf__min_child_weight': 5, 'clf__n_estimators': 600, 'clf__reg_alpha': 0.1, 'clf__reg_lambda': 10.0, 'clf__subsample': 0.8}",0.8107866798605612,0.8197650093264822,0.7870711442295618,0.7993849630061046,0.8445049082373026,0.8123025409320025,0.019485717479320902,1189,0.996193433621131,0.9989704873026768,0.9972314722176595,0.9980414334996128,0.9962050689153487,0.9973283791112857,0.0010737116820540968
25.4679705619812,0.49909253624960065,0.024222373962402344,0.0007417011856320008,0.5,0.03,3,5,600,0.1,10.0,1.0,"{'clf__colsample_bytree': 0.5, 'clf__learning_rate': 0.03, 'clf__max_depth': 3, 'clf__min_child_weight': 5, 'clf__n_estimators': 600, 'clf__reg_alpha': 0.1, 'clf__reg_lambda': 10.0, 'clf__subsample': 1.0}",0.8126542680154373,0.8140598029061922,0.7898947026014289,0.7881698009990404,0.8571102824186545,0.8123777713881506,0.024881388369362482,1186,0.9981581327810707,0.9985781111952543,0.9990771574058865,1.0,0.9972407542235628,0.9986108311211549,0.0009198225332926771
32.246218299865724,0.7388476021376542,0.03522920608520508,0.001429880360622142,0.5,0.03,3,5,1000,0.0,1.0,0.8,"{'clf__colsample_bytree': 0.5, 'clf__learning_rate': 0.03, 'clf__max_depth': 3, 'clf__min_child_weight': 5, 'clf__n_estimators': 1000, 'clf__reg_alpha': 0.0, 'clf__reg_lambda': 1.0, 'clf__subsample': 0.8}",0.8100699683407397,0.8275953162395604,0.8013114943612126,0.8032210588749689,0.8439521883176981,0.817230005226836,0.01626302822853594,972,1.0,1.0,1.0,1.0,1.0,1.0,0.0
34.433269834518434,0.4120186994481443,0.035977935791015624,0.0005423972391587144,0.5,0.03,3,5,1000,0.0,1.0,1.0,"{'clf__colsample_bytree': 0.5, 'clf__learning_rate': 0.03, 'clf__max_depth': 3, 'clf__min_child_weight': 5, 'clf__n_estimators': 1000, 'clf__reg_alpha': 0.0, 'clf__reg_lambda': 1.0, 'clf__subsample': 1.0}",0.8211863279691448,0.8319780310465463,0.7946469464448085,0.7908326967150496,0.8505728560968256,0.8178433716544751,0.022582443659199897,926,1.0,1.0,1.0,1.0,1.0,1.0,0.0
39.03939309120178,1.3719612725176937,0.03643741607666016,0.0011990097091001727,0.5,0.03,3,5,1000,0.0,10.0,0.8,"{'clf__colsample_bytree': 0.5, 'clf__learning_rate': 0.03, 'clf__max_depth': 3, 'clf__min_child_weight': 5, 'clf__n_estimators': 1000, 'clf__reg_alpha': 0.0, 'clf__reg_lambda': 10.0, 'clf__subsample': 0.8}",0.8122937336754199,0.8137324347623052,0.7881715359570598,0.8031957744338045,0.8383549041999745,0.8111496766057128,0.016366816563763008,1222,1.0,1.0,1.0,1.0,1.0,1.0,0.0
39.89576320648193,1.132463490118865,0.03953361511230469,0.003989775444755222,0.5,0.03,3,5,1000,0.0,10.0,1.0,"{'clf__colsample_bytree': 0.5, 'clf__learning_rate': 0.03, 'clf__max_depth': 3, 'clf__min_child_weight': 5, 'clf__n_estimators': 1000, 'clf__reg_alpha': 0.0, 'clf__reg_lambda': 10.0, 'clf__subsample': 1.0}",0.8290753428708222,0.8167570779477101,0.8026099023134403,0.7774351486903387,0.8325352641373769,0.8116825471919377,0.02009125778613156,1200,1.0,1.0,1.0,1.0,1.0,1.0,0.0
33.242830467224124,1.0335862063014247,0.03857154846191406,0.003412208383663786,0.5,0.03,3,5,1000,0.1,1.0,0.8,"{'clf__colsample_bytree': 0.5, 'clf__learning_rate': 0.03, 'clf__max_depth': 3, 'clf__min_child_weight': 5, 'clf__n_estimators': 1000, 'clf__reg_alpha': 0.1, 'clf__reg_lambda': 1.0, 'clf__subsample': 0.8}",0.8100699683407397,0.8259150213953399,0.8023833806852675,0.8013442408179127,0.8444196257544307,0.8168264473987381,0.01635809631358771,1007,1.0,1.0,1.0,1.0,1.0,1.0,0.0
35.770577573776244,0.26652922484690417,0.04227805137634277,0.004021150319688024,0.5,0.03,3,5,1000,0.1,1.0,1.0,"{'clf__colsample_bytree': 0.5, 'clf__learning_rate': 0.03, 'clf__max_depth': 3, 'clf__min_child_weight': 5, 'clf__n_estimators': 1000, 'clf__reg_alpha': 0.1, 'clf__reg_lambda': 1.0, 'clf__subsample': 1.0}",0.8196817082997582,0.8376468634533151,0.7988980944490472,0.7984663145213604,0.8341073966736197,0.8177600754794202,0.016699912928743513,936,1.0,1.0,1.0,1.0,1.0,1.0,0.0
41.364189577102664,1.926256488186489,0.04145340919494629,0.001754248575433919,0.5,0.03,3,5,1000,0.1,10.0,0.8,"{'clf__colsample_bytree': 0.5, 'clf__learning_rate': 0.03, 'clf__max_depth': 3, 'clf__min_child_weight': 5, 'clf__n_estimators': 1000, 'clf__reg_alpha': 0.1, 'clf__reg_lambda': 10.0, 'clf__subsample': 0.8}",0.8122937336754199,0.8167570779477101,0.7834545548249844,0.8031957744338045,0.8405406292730235,0.8112483540309885,0.018583947692131775,1218,1.0,1.0,1.0,1.0,1.0,1.0,0.0
43.350100421905516,1.030737491163825,0.04454045295715332,0.0016970637568800176,0.5,0.03,3,5,1000,0.1,10.0,1.0,"{'clf__colsample_bytree': 0.5, 'clf__learning_rate': 0.03, 'clf__max_depth': 3, 'clf__min_child_weight': 5, 'clf__n_estimators': 1000, 'clf__reg_alpha': 0.1, 'clf__reg_lambda': 10.0, 'clf__subsample': 1.0}",0.8326860232675339,0.8164537510483366,0.7823902204101184,0.7819196417075339,0.8443111788257969,0.811552163051864,0.025582509442359486,1204,1.0,1.0,1.0,1.0,1.0,1.0,0.0
38.908246755599976,0.9300601212321228,0.02634148597717285,0.0019797079869076934,0.5,0.03,5,1,300,0.0,1.0,0.8,"{'clf__colsample_bytree': 0.5, 'clf__learning_rate': 0.03, 'clf__max_depth': 5, 'clf__min_child_weight': 1, 'clf__n_estimators': 300, 'clf__reg_alpha': 0.0, 'clf__reg_lambda': 1.0, 'clf__subsample': 0.8}",0.8325584056434916,0.821238359312155,0.7767400419287213,0.8030623286289773,0.8378028935227978,0.8142804058072286,0.022230294640549382,1131,1.0,1.0,1.0,1.0,1.0,1.0,0.0
41.72729330062866,1.1387121508776046,0.03133931159973145,0.0035741435117541062,0.5,0.03,5,1,300,0.0,1.0,1.0,"{'clf__colsample_bytree': 0.5, 'clf__learning_rate': 0.03, 'clf__max_depth': 5, 'clf__min_child_weight': 1, 'clf__n_estimators': 300, 'clf__reg_alpha': 0.0, 'clf__reg_lambda': 1.0, 'clf__subsample': 1.0}",0.834063779357897,0.8178796583639935,0.7871525653570269,0.8044523597016817,0.8487840409784064,0.8184664807518012,0.02163206614530784,866,1.0,1.0,1.0,1.0,1.0,1.0,0.0
46.335497760772704,1.0451402916909078,0.03416929244995117,0.0012709725132537012,0.5,0.03,5,1,300,0.0,10.0,0.8,"{'clf__colsample_bytree': 0.5, 'clf__learning_rate': 0.03, 'clf__max_depth': 5, 'clf__min_child_weight': 1, 'clf__n_estimators': 300, 'clf__reg_alpha': 0.0, 'clf__reg_lambda': 10.0, 'clf__subsample': 0.8}",0.8293868756197522,0.8202762988313448,0.7754575084190672,0.8084253192970658,0.8383596046162788,0.8143811213567018,0.02184221902730015,1125,0.9981581327810707,0.9990795325574398,0.9981519138755981,0.9990771574058865,0.9981581327810707,0.9985249738802132,0.00045183194300445494
49.76720757484436,0.617491457025687,0.03609466552734375,0.002935751468420336,0.5,0.03,5,1,300,0.0,10.0,1.0,"{'clf__colsample_bytree': 0.5, 'clf__learning_rate': 0.03, 'clf__max_depth': 5, 'clf__min_child_weight': 1, 'clf__n_estimators': 300, 'clf__reg_alpha': 0.0, 'clf__reg_lambda': 10.0, 'clf__subsample': 1.0}",0.8304508839862216,0.8145242548227624,0.7803902842367999,0.8136184389966514,0.8535684075552259,0.8185104539195323,0.023935759495721156,859,0.9990802514078543,1.0,1.0,1.0,0.9990802514078543,0.9996321005631417,0.0004505829484800417
43.6010703086853,0.6331709012837554,0.03197660446166992,0.0015229699644434154,0.5,0.03,5,1,300,0.1,1.0,0.8,"{'clf__colsample_bytree': 0.5, 'clf__learning_rate': 0.03, 'clf__max_depth': 5, 'clf__min_child_weight': 1, 'clf__n_estimators': 300, 'clf__reg_alpha': 0.1, 'clf__reg_lambda': 1.0, 'clf__subsample': 0.8}",0.828333061431653,0.8253784069715311,0.785192578083739,0.8138536800314868,0.8376166631874575,0.8180748779411735,0.018108105318561003,900,1.0,1.0,1.0,1.0,1.0,1.0,0.0
46.87428803443909,1.2204697927086317,0.030210113525390624,0.0015463559345077927,0.5,0.03,5,1,300,0.1,1.0,1.0,"{'clf__colsample_bytree': 0.5, 'clf__learning_rate': 0.03, 'clf__max_depth': 5, 'clf__min_child_weight': 1, 'clf__n_estimators': 300, 'clf__reg_alpha': 0.1, 'clf__reg_lambda': 1.0, 'clf__subsample': 1.0}",0.8238635112621373,0.8175085107610639,0.7811211714732842,0.8072940757872265,0.8407719765909857,0.8141118491749395,0.01975986572026271,1136,1.0,1.0,1.0,1.0,1.0,1.0,0.0
49.37436208724976,0.7933852232559836,0.035875129699707034,0.0028816315068413176,0.5,0.03,5,1,300,0.1,10.0,0.8,"{'clf__colsample_bytree': 0.5, 'clf__learning_rate': 0.03, 'clf__max_depth': 5, 'clf__min_child_weight': 1, 'clf__n_estimators': 300, 'clf__reg_alpha': 0.1, 'clf__reg_lambda': 10.0, 'clf__subsample': 0.8}",0.8293868756197522,0.8232862531493188,0.7788251692716216,0.7994095492498559,0.8328493937391153,0.8127514482059327,0.0205943955734237,1174,0.9981581327810707,0.9990795325574398,0.9981519138755981,0.9990771574058865,0.9981581327810707,0.9985249738802132,0.00045183194300445494
52.07146382331848,1.411510806597111,0.03496031761169434,0.0033650693375908364,0.5,0.03,5,1,300,0.1,10.0,1.0,"{'clf__colsample_bytree': 0.5, 'clf__learning_rate': 0.03, 'clf__max_depth': 5, 'clf__min_child_weight': 1, 'clf__n_estimators': 300, 'clf__reg_alpha': 0.1, 'clf__reg_lambda': 10.0, 'clf__subsample': 1.0}",0.8276718681648259,0.8204694391640404,0.7803902842367999,0.8063609365880454,0.8563267799061874,0.8182438616119798,0.024972970972742575,884,0.9990802514078543,0.9990795325574398,1.0,1.0,0.9990802514078543,0.9994480070746296,0.0004507004126971605
68.33055233955383,0.7687431558029638,0.042154121398925784,0.004424881354915858,0.5,0.03,5,1,600,0.0,1.0,0.8,"{'clf__colsample_bytree': 0.5, 'clf__learning_rate': 0.03, 'clf__max_depth': 5, 'clf__min_child_weight': 1, 'clf__n_estimators': 600, 'clf__reg_alpha': 0.0, 'clf__reg_lambda': 1.0, 'clf__subsample': 0.8}",0.8421856727804231,0.8235214643349862,0.7806602458627835,0.8018879334679608,0.8539452370919951,0.8204401107076297,0.026576601105021507,647,1.0,1.0,1.0,1.0,1.0,1.0,0.0
69.72465338706971,1.3197888727566471,0.046904134750366214,0.0023862309238848406,0.5,0.03,5,1,600,0.0,1.0,1.0,"{'clf__colsample_bytree': 0.5, 'clf__learning_rate': 0.03, 'clf__max_depth': 5, 'clf__min_child_weight': 1, 'clf__n_estimators': 600, 'clf__reg_alpha': 0.0, 'clf__reg_lambda': 1.0, 'clf__subsample': 1.0}",0.8443939393939393,0.8257675657675658,0.7838719133069086,0.7959985011967963,0.8528009295269399,0.8205665698384299,0.026772880524382415,625,1.0,1.0,1.0,1.0,1.0,1.0,0.0
89.11202712059021,1.4199184868585017,0.055056524276733396,0.002340471945361824,0.5,0.03,5,1,600,0.0,10.0,0.8,"{'clf__colsample_bytree': 0.5, 'clf__learning_rate': 0.03, 'clf__max_depth': 5, 'clf__min_child_weight': 1, 'clf__n_estimators': 600, 'clf__reg_alpha': 0.0, 'clf__reg_lambda': 10.0, 'clf__subsample': 0.8}",0.8317658523289946,0.810995115995116,0.791879011459199,0.8106669183966185,0.843748883104972,0.81781115625698,0.018096816790657937,929,1.0,1.0,1.0,1.0,1.0,1.0,0.0
92.73703651428222,1.3788353586042723,0.05665116310119629,0.002171357987353569,0.5,0.03,5,1,600,0.0,10.0,1.0,"{'clf__colsample_bytree': 0.5, 'clf__learning_rate': 0.03, 'clf__max_depth': 5, 'clf__min_child_weight': 1, 'clf__n_estimators': 600, 'clf__reg_alpha': 0.0, 'clf__reg_lambda': 10.0, 'clf__subsample': 1.0}",0.8373570308501814,0.8175035067769154,0.7755959727644062,0.8202179011139339,0.849050362782757,0.8199449548576387,0.024992689098827185,698,1.0,1.0,1.0,1.0,1.0,1.0,0.0
71.051109457016,1.3757708924490568,0.0449676513671875,0.0024102024228887004,0.5,0.03,5,1,600,0.1,1.0,0.8,"{'clf__colsample_bytree': 0.5, 'clf__learning_rate': 0.03, 'clf__max_depth': 5, 'clf__min_child_weight': 1, 'clf__n_estimators': 600, 'clf__reg_alpha': 0.1, 'clf__reg_lambda': 1.0, 'clf__subsample': 0.8}",0.8421856727804231,0.8253938568009149,0.7882708831605989,0.817659072715865,0.8387578093010754,0.8224534589517754,0.019262775861760062,393,1.0,1.0,1.0,1.0,1.0,1.0,0.0
73.31950206756592,1.7837572727757849,0.04822626113891602,0.0026994453531222944,0.5,0.03,5,1,600,0.1,1.0,1.0,"{'clf__colsample_bytree': 0.5, 'clf__learning_rate': 0.03, 'clf__max_depth': 5, 'clf__min_child_weight': 1, 'clf__n_estimators': 600, 'clf__reg_alpha': 0.1, 'clf__reg_lambda': 1.0, 'clf__subsample': 1.0}",0.8385245289500609,0.8281272696367037,0.7770401039022837,0.8087455875321715,0.8593100561410421,0.8223495092324523,0.0279252742258224,404,1.0,1.0,1.0,1.0,1.0,1.0,0.0
88.47718124389648,1.146270311360756,0.050377273559570314,0.004983031141240517,0.5,0.03,5,1,600,0.1,10.0,0.8,"{'clf__colsample_bytree': 0.5, 'clf__learning_rate': 0.03, 'clf__max_depth': 5, 'clf__min_child_weight': 1, 'clf__n_estimators': 600, 'clf__reg_alpha': 0.1, 'clf__reg_lambda': 10.0, 'clf__subsample': 0.8}",0.820977641640822,0.8182111986400376,0.7859464644307614,0.8043844517279052,0.8328493937391153,0.8124738300357283,0.016059483017171368,1180,1.0,1.0,1.0,1.0,1.0,1.0,0.0
93.11200408935547,0.6919043791601973,0.0556635856628418,0.0031526098757640327,0.5,0.03,5,1,600,0.1,10.0,1.0,"{'clf__colsample_bytree': 0.5, 'clf__learning_rate': 0.03, 'clf__max_depth': 5, 'clf__min_child_weight': 1, 'clf__n_estimators': 600, 'clf__reg_alpha': 0.1, 'clf__reg_lambda': 10.0, 'clf__subsample': 1.0}",0.8369311244311244,0.8234579263636987,0.7850526191518545,0.8174030902683653,0.8560451176730247,0.8237779755776135,0.023471551326129,258,1.0,1.0,1.0,1.0,1.0,1.0,0.0
86.22742085456848,1.695571137413097,0.05345931053161621,0.0046220685465223725,0.5,0.03,5,1,1000,0.0,1.0,0.8,"{'clf__colsample_bytree': 0.5, 'clf__learning_rate': 0.03, 'clf__max_depth': 5, 'clf__min_child_weight': 1, 'clf__n_estimators': 1000, 'clf__reg_alpha': 0.0, 'clf__reg_lambda': 1.0, 'clf__subsample': 0.8}",0.8421856727804231,0.8296999552583234,0.7840609179254895,0.8137786939647088,0.8520011435105774,0.8243452766879045,0.023859092675074547,213,1.0,1.0,1.0,1.0,1.0,1.0,0.0
89.66869673728942,1.7270158701866656,0.059866905212402344,0.0020568266270607157,0.5,0.03,5,1,1000,0.0,1.0,1.0,"{'clf__colsample_bytree': 0.5, 'clf__learning_rate': 0.03, 'clf__max_depth': 5, 'clf__min_child_weight': 1, 'clf__n_estimators': 1000, 'clf__reg_alpha': 0.0, 'clf__reg_lambda': 1.0, 'clf__subsample': 1.0}",0.8444163944163945,0.827638047041032,0.7848547396414695,0.7961441659116079,0.8579335707060962,0.8221973835433201,0.02783380512596825,419,1.0,1.0,1.0,1.0,1.0,1.0,0.0
127.46392045021057,2.58182528300734,0.07126879692077637,0.002768611893997647,0.5,0.03,5,1,1000,0.0,10.0,0.8,"{'clf__colsample_bytree': 0.5, 'clf__learning_rate': 0.03, 'clf__max_depth': 5, 'clf__min_child_weight': 1, 'clf__n_estimators': 1000, 'clf__reg_alpha': 0.0, 'clf__reg_lambda': 10.0, 'clf__subsample': 0.8}",0.8268371453691175,0.8149955636178775,0.7950055040483788,0.8046755347577769,0.8443432358804167,0.8171713967347134,0.017227554406267477,980,1.0,1.0,1.0,1.0,1.0,1.0,0.0
133.55300583839417,0.792577147519298,0.08327994346618653,0.004983252047448267,0.5,0.03,5,1,1000,0.0,10.0,1.0,"{'clf__colsample_bytree': 0.5, 'clf__learning_rate': 0.03, 'clf__max_depth': 5, 'clf__min_child_weight': 1, 'clf__n_estimators': 1000, 'clf__reg_alpha': 0.0, 'clf__reg_lambda': 10.0, 'clf__subsample': 1.0}",0.8257491531296729,0.8272492983669106,0.782416894758556,0.8165448436191709,0.849050362782757,0.8202021105314135,0.021696784684379442,674,1.0,1.0,1.0,1.0,1.0,1.0,0.0
93.4078495979309,1.8154788182016988,0.05932183265686035,0.0016928735715938143,0.5,0.03,5,1,1000,0.1,1.0,0.8,"{'clf__colsample_bytree': 0.5, 'clf__learning_rate': 0.03, 'clf__max_depth': 5, 'clf__min_child_weight': 1, 'clf__n_estimators': 1000, 'clf__reg_alpha': 0.1, 'clf__reg_lambda': 1.0, 'clf__subsample': 0.8}",0.8371234790195992,0.8291382837953105,0.783281372724574,0.8093899066891299,0.8438468015932804,0.8205559687643789,0.021930243379451007,627,1.0,1.0,1.0,1.0,1.0,1.0,0.0
96.76490964889527,2.5445908705861893,0.060708141326904295,0.0035884135350432804,0.5,0.03,5,1,1000,0.1,1.0,1.0,"{'clf__colsample_bytree': 0.5, 'clf__learning_rate': 0.03, 'clf__max_depth': 5, 'clf__min_child_weight': 1, 'clf__n_estimators': 1000, 'clf__reg_alpha': 0.1, 'clf__reg_lambda': 1.0, 'clf__subsample': 1.0}",0.8352489769920963,0.831796240289391,0.7859895853763779,0.7970706577204526,0.8543060047862565,0.8208822930329148,0.025405335596794896,584,1.0,1.0,1.0,1.0,1.0,1.0,0.0
129.50321288108825,1.7296646339778716,0.0830836296081543,0.019394743889928623,0.5,0.03,5,1,1000,0.1,10.0,0.8,"{'clf__colsample_bytree': 0.5, 'clf__learning_rate': 0.03, 'clf__max_depth': 5, 'clf__min_child_weight': 1, 'clf__n_estimators': 1000, 'clf__reg_alpha': 0.1, 'clf__reg_lambda': 10.0, 'clf__subsample': 0.8}",0.8268371453691175,0.8182111986400376,0.791879011459199,0.8010198204937669,0.8404650998594236,0.8156824551643089,0.017473396481049168,1078,1.0,1.0,1.0,1.0,1.0,1.0,0.0
134.20795102119445,2.0536948499835135,0.07901582717895508,0.0020081724621084855,0.5,0.03,5,1,1000,0.1,10.0,1.0,"{'clf__colsample_bytree': 0.5, 'clf__learning_rate': 0.03, 'clf__max_depth': 5, 'clf__min_child_weight': 1, 'clf__n_estimators': 1000, 'clf__reg_alpha': 0.1, 'clf__reg_lambda': 10.0, 'clf__subsample': 1.0}",0.8252630110275916,0.8331044455218206,0.7864391528166972,0.814400871459695,0.8504644809288089,0.8219343923509227,0.021290757201227004,452,1.0,1.0,1.0,1.0,1.0,1.0,0.0
35.65585961341858,0.590585375083339,0.029409122467041016,0.0017337452024190527,0.5,0.03,5,3,300,0.0,1.0,0.8,"{'clf__colsample_bytree': 0.5, 'clf__learning_rate': 0.03, 'clf__max_depth': 5, 'clf__min_child_weight': 3, 'clf__n_estimators': 300, 'clf__reg_alpha': 0.0, 'clf__reg_lambda': 1.0, 'clf__subsample': 0.8}",0.8214533107840829,0.8286896652496769,0.7815368777645595,0.8092663856819986,0.8391955457114825,0.81602835703836,0.01980830067875844,1059,1.0,1.0,1.0,1.0,1.0,1.0,0.0
37.41279764175415,0.7913694537053722,0.029657793045043946,0.0008874293534987459,0.5,0.03,5,3,300,0.0,1.0,1.0,"{'clf__colsample_bytree': 0.5, 'clf__learning_rate': 0.03, 'clf__max_depth': 5, 'clf__min_child_weight': 3, 'clf__n_estimators': 300, 'clf__reg_alpha': 0.0, 'clf__reg_lambda': 1.0, 'clf__subsample': 1.0}",0.8376596376596377,0.8306050030648973,0.7808595090333189,0.8033130974644616,0.8466209716209716,0.8198116437686573,0.024262144922964766,714,1.0,1.0,1.0,1.0,1.0,1.0,0.0
39.72183027267456,0.5413254571405907,0.03010268211364746,0.0009637370703381197,0.5,0.03,5,3,300,0.0,10.0,0.8,"{'clf__colsample_bytree': 0.5, 'clf__learning_rate': 0.03, 'clf__max_depth': 5, 'clf__min_child_weight': 3, 'clf__n_estimators': 300, 'clf__reg_alpha': 0.0, 'clf__reg_lambda': 10.0, 'clf__subsample': 0.8}",0.8243080406445367,0.8137359053210325,0.7755960415239298,0.8037136119715659,0.8358402877502972,0.8106387774422725,0.02053050577474901,1227,0.9972336184628036,0.9980469335546711,0.9981519138755981,0.9980414334996128,0.9940733571586708,0.9971094513102713,0.001553542863204805
42.93207488059998,1.61443217486681,0.030692625045776366,0.0027539265363436733,0.5,0.03,5,3,300,0.0,10.0,1.0,"{'clf__colsample_bytree': 0.5, 'clf__learning_rate': 0.03, 'clf__max_depth': 5, 'clf__min_child_weight': 3, 'clf__n_estimators': 300, 'clf__reg_alpha': 0.0, 'clf__reg_lambda': 10.0, 'clf__subsample': 1.0}",0.8355300745006626,0.8204694391640404,0.7846505340437426,0.7942132758911767,0.8505310862037428,0.8170788819606731,0.02467965170971423,983,0.9981581327810707,0.9990795325574398,0.9981519138755981,0.9990771574058865,0.9981581327810707,0.9985249738802132,0.00045183194300445494
35.842755651474,0.3152774742202341,0.02971038818359375,0.00233859940032536,0.5,0.03,5,3,300,0.1,1.0,0.8,"{'clf__colsample_bytree': 0.5, 'clf__learning_rate': 0.03, 'clf__max_depth': 5, 'clf__min_child_weight': 3, 'clf__n_estimators': 300, 'clf__reg_alpha': 0.1, 'clf__reg_lambda': 1.0, 'clf__subsample': 0.8}",0.8176759638419692,0.8268886237228015,0.7815368777645595,0.8170869383325351,0.8450591603260136,0.8176495127975757,0.020693426719787723,943,1.0,1.0,1.0,1.0,1.0,1.0,0.0
38.72110710144043,0.5890401162742656,0.02983722686767578,0.0011855266126169542,0.5,0.03,5,3,300,0.1,1.0,1.0,"{'clf__colsample_bytree': 0.5, 'clf__learning_rate': 0.03, 'clf__max_depth': 5, 'clf__min_child_weight': 3, 'clf__n_estimators': 300, 'clf__reg_alpha': 0.1, 'clf__reg_lambda': 1.0, 'clf__subsample': 1.0}",0.8330739142730159,0.8274692650780893,0.7853304511755216,0.7978192275755919,0.8322443293393997,0.8151874374883237,0.01977271477359107,1103,1.0,1.0,1.0,1.0,1.0,1.0,0.0
39.522128915786745,0.509909014729453,0.030039453506469728,0.0022903617612252923,0.5,0.03,5,3,300,0.1,10.0,0.8,"{'clf__colsample_bytree': 0.5, 'clf__learning_rate': 0.03, 'clf__max_depth': 5, 'clf__min_child_weight': 3, 'clf__n_estimators': 300, 'clf__reg_alpha': 0.1, 'clf__reg_lambda': 10.0, 'clf__subsample': 0.8}",0.8243080406445367,0.8137359053210325,0.780980980980981,0.8009734174057122,0.8328493937391153,0.8105695476182755,0.018235857784095713,1231,0.996193433621131,0.9980469335546711,0.9981519138755981,0.9973322417444506,0.9933642455322425,0.9966177536656187,0.0017704269877093595
42.54091362953186,0.6174158864035864,0.030994749069213866,0.0015311431126231235,0.5,0.03,5,3,300,0.1,10.0,1.0,"{'clf__colsample_bytree': 0.5, 'clf__learning_rate': 0.03, 'clf__max_depth': 5, 'clf__min_child_weight': 3, 'clf__n_estimators': 300, 'clf__reg_alpha': 0.1, 'clf__reg_lambda': 10.0, 'clf__subsample': 1.0}",0.8355300745006626,0.8145242548227624,0.7786357871004825,0.7963827759842941,0.8535684075552259,0.8157282599926855,0.026741494163902313,1075,0.9981581327810707,0.9990795325574398,0.9981519138755981,0.9990771574058865,0.9972407542235628,0.9983414981687115,0.0006880540058088255
53.347518348693846,1.1288995854081445,0.03963475227355957,0.0016243402705511387,0.5,0.03,5,3,600,0.0,1.0,0.8,"{'clf__colsample_bytree': 0.5, 'clf__learning_rate': 0.03, 'clf__max_depth': 5, 'clf__min_child_weight': 3, 'clf__n_estimators': 600, 'clf__reg_alpha': 0.0, 'clf__reg_lambda': 1.0, 'clf__subsample': 0.8}",0.8315533849130674,0.8293255900226916,0.7924572043457623,0.8115895397046231,0.8516942412079871,0.8233239920388262,0.01999534484539434,305,1.0,1.0,1.0,1.0,1.0,1.0,0.0
55.874779558181764,1.4796587778267245,0.0404144287109375,0.0010320115308387909,0.5,0.03,5,3,600,0.0,1.0,1.0,"{'clf__colsample_bytree': 0.5, 'clf__learning_rate': 0.03, 'clf__max_depth': 5, 'clf__min_child_weight': 3, 'clf__n_estimators': 600, 'clf__reg_alpha': 0.0, 'clf__reg_lambda': 1.0, 'clf__subsample': 1.0}",0.828518764368362,0.8272492983669106,0.7934707343158046,0.7872230010083983,0.8283098899193287,0.8129543375957609,0.018569344364909993,1164,1.0,1.0,1.0,1.0,1.0,1.0,0.0
65.61359553337097,2.045607598501534,0.043335485458374026,0.0025048867068776896,0.5,0.03,5,3,600,0.0,10.0,0.8,"{'clf__colsample_bytree': 0.5, 'clf__learning_rate': 0.03, 'clf__max_depth': 5, 'clf__min_child_weight': 3, 'clf__n_estimators': 600, 'clf__reg_alpha': 0.0, 'clf__reg_lambda': 10.0, 'clf__subsample': 0.8}",0.820977641640822,0.8153627811162057,0.7887332718222863,0.8052856294032764,0.8319353916731896,0.812458943131156,0.014660807999885943,1182,1.0,1.0,1.0,1.0,1.0,1.0,0.0
71.35915389060975,2.234807289551669,0.048399496078491214,0.002904515958278114,0.5,0.03,5,3,600,0.0,10.0,1.0,"{'clf__colsample_bytree': 0.5, 'clf__learning_rate': 0.03, 'clf__max_depth': 5, 'clf__min_child_weight': 3, 'clf__n_estimators': 600, 'clf__reg_alpha': 0.0, 'clf__reg_lambda': 10.0, 'clf__subsample': 1.0}",0.8302509569940763,0.827638047041032,0.7856202950996009,0.7931544199820315,0.8501519740637651,0.8173631386361011,0.024250556728103983,965,1.0,1.0,1.0,1.0,1.0,1.0,0.0
53.99779758453369,0.6487976704552915,0.04463562965393066,0.01457192867414588,0.5,0.03,5,3,600,0.1,1.0,0.8,"{'clf__colsample_bytree': 0.5, 'clf__learning_rate': 0.03, 'clf__max_depth': 5, 'clf__min_child_weight': 3, 'clf__n_estimators': 600, 'clf__reg_alpha': 0.1, 'clf__reg_lambda': 1.0, 'clf__subsample': 0.8}",0.8214533107840829,0.8293255900226916,0.7836766144628238,0.8169411874441036,0.8346842692793397,0.8172161943986083,0.017858909870299304,976,1.0,1.0,1.0,1.0,1.0,1.0,0.0
57.44464745521545,2.762358544938674,0.042824411392211915,0.002419242044483693,0.5,0.03,5,3,600,0.1,1.0,1.0,"{'clf__colsample_bytree': 0.5, 'clf__learning_rate': 0.03, 'clf__max_depth': 5, 'clf__min_child_weight': 3, 'clf__n_estimators': 600, 'clf__reg_alpha': 0.1, 'clf__reg_lambda': 1.0, 'clf__subsample': 1.0}",0.8293519126475901,0.8331782962685277,0.7866915567858964,0.7931475115298644,0.8388892797343501,0.8162517113932457,0.021809130384222507,1044,1.0,1.0,1.0,1.0,1.0,1.0,0.0
66.5162582874298,0.9083671399067698,0.04360518455505371,0.001103406032808773,0.5,0.03,5,3,600,0.1,10.0,0.8,"{'clf__colsample_bytree': 0.5, 'clf__learning_rate': 0.03, 'clf__max_depth': 5, 'clf__min_child_weight': 3, 'clf__n_estimators': 600, 'clf__reg_alpha': 0.1, 'clf__reg_lambda': 10.0, 'clf__subsample': 0.8}",0.820977641640822,0.8153627811162057,0.7986221801316141,0.8052856294032764,0.8319353916731896,0.8144367247930215,0.011693475837290685,1124,1.0,1.0,1.0,1.0,1.0,1.0,0.0
71.19259805679322,1.6217322694899077,0.043962526321411136,0.0020324759151686177,0.5,0.03,5,3,600,0.1,10.0,1.0,"{'clf__colsample_bytree': 0.5, 'clf__learning_rate': 0.03, 'clf__max_depth': 5, 'clf__min_child_weight': 3, 'clf__n_estimators': 600, 'clf__reg_alpha': 0.1, 'clf__reg_lambda': 10.0, 'clf__subsample': 1.0}",0.8360410384722311,0.8403247104482959,0.7803902842367999,0.7919311059396704,0.8403397179340575,0.8178053714062109,0.026141244496005973,931,1.0,1.0,1.0,1.0,1.0,1.0,0.0
65.84085459709168,1.1637980041526645,0.050330162048339844,0.002601841489375294,0.5,0.03,5,3,1000,0.0,1.0,0.8,"{'clf__colsample_bytree': 0.5, 'clf__learning_rate': 0.03, 'clf__max_depth': 5, 'clf__min_child_weight': 3, 'clf__n_estimators': 1000, 'clf__reg_alpha': 0.0, 'clf__reg_lambda': 1.0, 'clf__subsample': 0.8}",0.8255007395968574,0.8289878934943474,0.7981259561448241,0.8090067569643233,0.8497326975912716,0.8222708087583248,0.017712233041417252,412,1.0,1.0,1.0,1.0,1.0,1.0,0.0
69.00749711990356,1.212703274380579,0.05169558525085449,0.0017622984373606792,0.5,0.03,5,3,1000,0.0,1.0,1.0,"{'clf__colsample_bytree': 0.5, 'clf__learning_rate': 0.03, 'clf__max_depth': 5, 'clf__min_child_weight': 3, 'clf__n_estimators': 1000, 'clf__reg_alpha': 0.0, 'clf__reg_lambda': 1.0, 'clf__subsample': 1.0}",0.8266324688352018,0.8295876527644519,0.7775346752181396,0.7995429080414599,0.8427607046893519,0.815211681909721,0.02349944201847399,1102,1.0,1.0,1.0,1.0,1.0,1.0,0.0
89.13239736557007,1.5653405616132665,0.05771570205688477,0.0022316250962450533,0.5,0.03,5,3,1000,0.0,10.0,0.8,"{'clf__colsample_bytree': 0.5, 'clf__learning_rate': 0.03, 'clf__max_depth': 5, 'clf__min_child_weight': 3, 'clf__n_estimators': 1000, 'clf__reg_alpha': 0.0, 'clf__reg_lambda': 10.0, 'clf__subsample': 0.8}",0.8268371453691175,0.8153627811162057,0.7947350448734601,0.7980591236095891,0.8326662889244609,0.8135320767785668,0.015094602288408697,1154,1.0,1.0,1.0,1.0,1.0,1.0,0.0
96.72686014175414,1.933264850509664,0.058083200454711915,0.0014113599491454,0.5,0.03,5,3,1000,0.0,10.0,1.0,"{'clf__colsample_bytree': 0.5, 'clf__learning_rate': 0.03, 'clf__max_depth': 5, 'clf__min_child_weight': 3, 'clf__n_estimators': 1000, 'clf__reg_alpha': 0.0, 'clf__reg_lambda': 10.0, 'clf__subsample': 1.0}",0.8352489769920963,0.8296590909674276,0.7999320335862694,0.792260474082106,0.8459190263833545,0.8206039204022508,0.020823094108006188,621,1.0,1.0,1.0,1.0,1.0,1.0,0.0
67.93099451065063,0.8742850239863954,0.04799966812133789,0.0018365235317555869,0.5,0.03,5,3,1000,0.1,1.0,0.8,"{'clf__colsample_bytree': 0.5, 'clf__learning_rate': 0.03, 'clf__max_depth': 5, 'clf__min_child_weight': 3, 'clf__n_estimators': 1000, 'clf__reg_alpha': 0.1, 'clf__reg_lambda': 1.0, 'clf__subsample': 0.8}",0.8183669271904566,0.8268242571355613,0.7981259561448241,0.8262087442611463,0.8338237496256364,0.820669926871525,0.012289115149418483,613,1.0,1.0,1.0,1.0,1.0,1.0,0.0
71.01368942260743,2.1333676275706486,0.06010546684265137,0.01793945469006293,0.5,0.03,5,3,1000,0.1,1.0,1.0,"{'clf__colsample_bytree': 0.5, 'clf__learning_rate': 0.03, 'clf__max_depth': 5, 'clf__min_child_weight': 3, 'clf__n_estimators': 1000, 'clf__reg_alpha': 0.1, 'clf__reg_lambda': 1.0, 'clf__subsample': 1.0}",0.8293519126475901,0.8322596043248217,0.7901097865053868,0.7931475115298644,0.8441443953336061,0.8178026420682538,0.021959267222683397,932,1.0,1.0,1.0,1.0,1.0,1.0,0.0
89.84883723258972,1.8275974299685644,0.05704398155212402,0.0031725708749183114,0.5,0.03,5,3,1000,0.1,10.0,0.8,"{'clf__colsample_bytree': 0.5, 'clf__learning_rate': 0.03, 'clf__max_depth': 5, 'clf__min_child_weight': 3, 'clf__n_estimators': 1000, 'clf__reg_alpha': 0.1, 'clf__reg_lambda': 10.0, 'clf__subsample': 0.8}",0.820977641640822,0.8153627811162057,0.7955145900743755,0.7980591236095891,0.8326662889244609,0.8125160850730907,0.014027023206019777,1178,1.0,1.0,1.0,1.0,1.0,1.0,0.0
97.03525829315186,1.546847939058583,0.05855154991149902,0.0027610659212002034,0.5,0.03,5,3,1000,0.1,10.0,1.0,"{'clf__colsample_bytree': 0.5, 'clf__learning_rate': 0.03, 'clf__max_depth': 5, 'clf__min_child_weight': 3, 'clf__n_estimators': 1000, 'clf__reg_alpha': 0.1, 'clf__reg_lambda': 10.0, 'clf__subsample': 1.0}",0.826527835776406,0.83882908698745,0.792885997813951,0.7952475030416207,0.8431253214703918,0.8193231490179638,0.021342409581740652,779,1.0,1.0,1.0,1.0,1.0,1.0,0.0
30.068579244613648,0.5229701330937447,0.0254669189453125,0.0013799998784253945,0.5,0.03,5,5,300,0.0,1.0,0.8,"{'clf__colsample_bytree': 0.5, 'clf__learning_rate': 0.03, 'clf__max_depth': 5, 'clf__min_child_weight': 5, 'clf__n_estimators': 300, 'clf__reg_alpha': 0.0, 'clf__reg_lambda': 1.0, 'clf__subsample': 0.8}",0.8269843798841313,0.8255893748540808,0.7830686736198366,0.8113478445977507,0.8486371427671843,0.8191254831445967,0.021610494590102693,797,0.9990802514078543,1.0,0.9990771574058865,0.9980414334996128,0.9981628558539307,0.9988723396334569,0.0007142223414005868
31.803451824188233,0.8100701195447905,0.0258150577545166,0.0009966881420447116,0.5,0.03,5,5,300,0.0,1.0,1.0,"{'clf__colsample_bytree': 0.5, 'clf__learning_rate': 0.03, 'clf__max_depth': 5, 'clf__min_child_weight': 5, 'clf__n_estimators': 300, 'clf__reg_alpha': 0.0, 'clf__reg_lambda': 1.0, 'clf__subsample': 1.0}",0.8298114490262443,0.8279283790744834,0.7864165387529872,0.8031094607171958,0.8425673462522463,0.8179666347646315,0.02030209427277689,912,1.0,1.0,1.0,1.0,1.0,1.0,0.0
32.87199459075928,0.915695984611258,0.026486730575561522,0.0016812355913624884,0.5,0.03,5,5,300,0.0,10.0,0.8,"{'clf__colsample_bytree': 0.5, 'clf__learning_rate': 0.03, 'clf__max_depth': 5, 'clf__min_child_weight': 5, 'clf__n_estimators': 300, 'clf__reg_alpha': 0.0, 'clf__reg_lambda': 10.0, 'clf__subsample': 0.8}",0.8243080406445367,0.8178086436840608,0.7786578388680407,0.7878281194845087,0.8446887102150764,0.8106582705792447,0.024251838317510314,1226,0.9922154249092803,0.9933504014149361,0.9934409245253897,0.9947750439936203,0.9933642455322425,0.9934292080750937,0.0008118019204306846
35.62628793716431,1.2199015830671311,0.026838922500610353,0.0018790239126846037,0.5,0.03,5,5,300,0.0,10.0,1.0,"{'clf__colsample_bytree': 0.5, 'clf__learning_rate': 0.03, 'clf__max_depth': 5, 'clf__min_child_weight': 5, 'clf__n_estimators': 300, 'clf__reg_alpha': 0.0, 'clf__reg_lambda': 10.0, 'clf__subsample': 1.0}",0.8294276088911549,0.8208647095201718,0.7838194747227504,0.8045058831950271,0.8367365111537823,0.8150708374965772,0.018959710902530333,1109,0.996193433621131,0.997337026390632,0.9981519138755981,0.9980414334996128,0.9947818326430256,0.9969011280059998,0.0012686223622477093
30.95999493598938,0.5565924063457748,0.025455427169799805,0.0007941473338828755,0.5,0.03,5,5,300,0.1,1.0,0.8,"{'clf__colsample_bytree': 0.5, 'clf__learning_rate': 0.03, 'clf__max_depth': 5, 'clf__min_child_weight': 5, 'clf__n_estimators': 300, 'clf__reg_alpha': 0.1, 'clf__reg_lambda': 1.0, 'clf__subsample': 0.8}",0.8352694832996455,0.8285913004886257,0.7799190700134097,0.8028498440781004,0.8387368402333191,0.8170733076226201,0.022431308038673495,984,0.9990802514078543,1.0,0.9990771574058865,0.9980414334996128,0.9971302721299018,0.9986658228886511,0.0009867881118948178
32.51843161582947,0.8752837714103677,0.026593351364135744,0.0007969284944368543,0.5,0.03,5,5,300,0.1,1.0,1.0,"{'clf__colsample_bytree': 0.5, 'clf__learning_rate': 0.03, 'clf__max_depth': 5, 'clf__min_child_weight': 5, 'clf__n_estimators': 300, 'clf__reg_alpha': 0.1, 'clf__reg_lambda': 1.0, 'clf__subsample': 1.0}",0.8385245289500609,0.8294593749838555,0.7835403836347232,0.8063439884163415,0.8425673462522463,0.8200871244474455,0.022170590381426786,685,1.0,1.0,1.0,1.0,1.0,1.0,0.0
33.23150687217712,0.6658025854158953,0.026747751235961913,0.0013004671983555401,0.5,0.03,5,5,300,0.1,10.0,0.8,"{'clf__colsample_bytree': 0.5, 'clf__learning_rate': 0.03, 'clf__max_depth': 5, 'clf__min_child_weight': 5, 'clf__n_estimators': 300, 'clf__reg_alpha': 0.1, 'clf__reg_lambda': 10.0, 'clf__subsample': 0.8}",0.8238241210843951,0.8178086436840608,0.7784164593636139,0.7895136574103311,0.833174836435706,0.8085475435956214,0.0209562229782029,1255,0.992924536684316,0.9933504014149361,0.9927331588302112,0.9947750439936203,0.9933642455322425,0.9934294772910652,0.0007156650533370966
36.340096187591556,0.5780336453894628,0.02797846794128418,0.0016081372601041508,0.5,0.03,5,5,300,0.1,10.0,1.0,"{'clf__colsample_bytree': 0.5, 'clf__learning_rate': 0.03, 'clf__max_depth': 5, 'clf__min_child_weight': 5, 'clf__n_estimators': 300, 'clf__reg_alpha': 0.1, 'clf__reg_lambda': 10.0, 'clf__subsample': 1.0}",0.826688306836437,0.8262807125890493,0.7868963310317665,0.7984660234656152,0.8429791326580318,0.81626210131618,0.020503301921248197,1043,0.996193433621131,0.997337026390632,0.9972242434042095,0.9980414334996128,0.9947818326430256,0.9967155939117222,0.0011326815314333606
46.67931842803955,0.6077605809312461,0.037042236328125,0.001444893830189265,0.5,0.03,5,5,600,0.0,1.0,0.8,"{'clf__colsample_bytree': 0.5, 'clf__learning_rate': 0.03, 'clf__max_depth': 5, 'clf__min_child_weight': 5, 'clf__n_estimators': 600, 'clf__reg_alpha': 0.0, 'clf__reg_lambda': 1.0, 'clf__subsample': 0.8}",0.8371234790195992,0.8260223681604011,0.7921111172193152,0.8039222338395207,0.8363894223929434,0.819113724126356,0.01805797630529622,798,1.0,1.0,1.0,1.0,1.0,1.0,0.0
47.82495846748352,1.1720086968133876,0.03686933517456055,0.0015498294674822638,0.5,0.03,5,5,600,0.0,1.0,1.0,"{'clf__colsample_bytree': 0.5, 'clf__learning_rate': 0.03, 'clf__max_depth': 5, 'clf__min_child_weight': 5, 'clf__n_estimators': 600, 'clf__reg_alpha': 0.0, 'clf__reg_lambda': 1.0, 'clf__subsample': 1.0}",0.8242133508168643,0.8373221005573948,0.783542150403697,0.8172237493128093,0.8360640790920171,0.8196730860365564,0.01955612503165365,731,1.0,1.0,1.0,1.0,1.0,1.0,0.0
55.21938467025757,1.5286802507657218,0.037859010696411136,0.001151153523691707,0.5,0.03,5,5,600,0.0,10.0,0.8,"{'clf__colsample_bytree': 0.5, 'clf__learning_rate': 0.03, 'clf__max_depth': 5, 'clf__min_child_weight': 5, 'clf__n_estimators': 600, 'clf__reg_alpha': 0.0, 'clf__reg_lambda': 10.0, 'clf__subsample': 0.8}",0.8231283725235338,0.8250421354145046,0.7978477742982542,0.7986243594178332,0.8365677662781037,0.8162420815864457,0.015406038319142876,1045,0.9990802514078543,1.0,0.9990771574058865,1.0,1.0,0.9996314817627482,0.0004513418815771679
59.34950623512268,1.372393506184235,0.04010295867919922,0.0019233684899636152,0.5,0.03,5,5,600,0.0,10.0,1.0,"{'clf__colsample_bytree': 0.5, 'clf__learning_rate': 0.03, 'clf__max_depth': 5, 'clf__min_child_weight': 5, 'clf__n_estimators': 600, 'clf__reg_alpha': 0.0, 'clf__reg_lambda': 10.0, 'clf__subsample': 1.0}",0.82836802358645,0.833955376386569,0.7885813794846551,0.8053491687196889,0.8519695561881258,0.8216447008730977,0.022248956106664747,485,1.0,1.0,1.0,1.0,1.0,1.0,0.0
46.57007937431335,1.0672187330928202,0.034380865097045896,0.0010966527272029127,0.5,0.03,5,5,600,0.1,1.0,0.8,"{'clf__colsample_bytree': 0.5, 'clf__learning_rate': 0.03, 'clf__max_depth': 5, 'clf__min_child_weight': 5, 'clf__n_estimators': 600, 'clf__reg_alpha': 0.1, 'clf__reg_lambda': 1.0, 'clf__subsample': 0.8}",0.8330202041189886,0.8190798470210234,0.7950055040483788,0.7994129623123536,0.8331970761541353,0.815943118730976,0.01619132320902949,1067,1.0,1.0,1.0,1.0,1.0,1.0,0.0
48.89611239433289,1.4128074458475393,0.03706903457641601,0.0011269672878675108,0.5,0.03,5,5,600,0.1,1.0,1.0,"{'clf__colsample_bytree': 0.5, 'clf__learning_rate': 0.03, 'clf__max_depth': 5, 'clf__min_child_weight': 5, 'clf__n_estimators': 600, 'clf__reg_alpha': 0.1, 'clf__reg_lambda': 1.0, 'clf__subsample': 1.0}",0.8279646295620686,0.8302219570561349,0.7897832082990645,0.8124420998955565,0.8318247325205022,0.8184473254666653,0.015911444893245922,868,1.0,1.0,1.0,1.0,1.0,1.0,0.0
54.83433871269226,1.0390464075264718,0.03701648712158203,0.00071054272148005,0.5,0.03,5,5,600,0.1,10.0,0.8,"{'clf__colsample_bytree': 0.5, 'clf__learning_rate': 0.03, 'clf__max_depth': 5, 'clf__min_child_weight': 5, 'clf__n_estimators': 600, 'clf__reg_alpha': 0.1, 'clf__reg_lambda': 10.0, 'clf__subsample': 0.8}",0.8273681726685063,0.8279984746268974,0.7978477742982542,0.7968756496181351,0.8279116759005942,0.8156003494224775,0.014896524685234197,1083,0.9990802514078543,1.0,0.9990771574058865,1.0,0.9990802514078543,0.999447532044319,0.00045108961166192267
59.73870611190796,1.5659293321474361,0.03747038841247559,0.001780498841225008,0.5,0.03,5,5,600,0.1,10.0,1.0,"{'clf__colsample_bytree': 0.5, 'clf__learning_rate': 0.03, 'clf__max_depth': 5, 'clf__min_child_weight': 5, 'clf__n_estimators': 600, 'clf__reg_alpha': 0.1, 'clf__reg_lambda': 10.0, 'clf__subsample': 1.0}",0.82836802358645,0.8391990457606733,0.7847322825843953,0.800885539676246,0.8413963330543842,0.8189162449324299,0.022359481679953302,820,1.0,1.0,1.0,1.0,1.0,1.0,0.0
59.0224196434021,0.936285505509272,0.0488337516784668,0.002567731829593448,0.5,0.03,5,5,1000,0.0,1.0,0.8,"{'clf__colsample_bytree': 0.5, 'clf__learning_rate': 0.03, 'clf__max_depth': 5, 'clf__min_child_weight': 5, 'clf__n_estimators': 1000, 'clf__reg_alpha': 0.0, 'clf__reg_lambda': 1.0, 'clf__subsample': 0.8}",0.8301362636314091,0.8332687449719953,0.8039404441021691,0.7979139237407595,0.8377455958320454,0.8206009944556758,0.01635608592211084,622,1.0,1.0,1.0,1.0,1.0,1.0,0.0
62.014682865142824,2.405004737151061,0.05035562515258789,0.00344230214647017,0.5,0.03,5,5,1000,0.0,1.0,1.0,"{'clf__colsample_bytree': 0.5, 'clf__learning_rate': 0.03, 'clf__max_depth': 5, 'clf__min_child_weight': 5, 'clf__n_estimators': 1000, 'clf__reg_alpha': 0.0, 'clf__reg_lambda': 1.0, 'clf__subsample': 1.0}",0.825068260872424,0.8370026953785791,0.7893478249749792,0.8054350421125447,0.8360640790920171,0.8185835804861089,0.0185175385314219,854,1.0,1.0,1.0,1.0,1.0,1.0,0.0
75.53935074806213,1.2073877304512266,0.05211491584777832,0.002238422804510527,0.5,0.03,5,5,1000,0.0,10.0,0.8,"{'clf__colsample_bytree': 0.5, 'clf__learning_rate': 0.03, 'clf__max_depth': 5, 'clf__min_child_weight': 5, 'clf__n_estimators': 1000, 'clf__reg_alpha': 0.0, 'clf__reg_lambda': 10.0, 'clf__subsample': 0.8}",0.8224086762041555,0.8308733412450102,0.7947350448734601,0.7986243594178332,0.8355486027899821,0.8164380049060881,0.016718775327196293,1023,1.0,1.0,1.0,1.0,1.0,1.0,0.0
81.49943389892579,2.8041776601636217,0.05902190208435058,0.0030840471436353973,0.5,0.03,5,5,1000,0.0,10.0,1.0,"{'clf__colsample_bytree': 0.5, 'clf__learning_rate': 0.03, 'clf__max_depth': 5, 'clf__min_child_weight': 5, 'clf__n_estimators': 1000, 'clf__reg_alpha': 0.0, 'clf__reg_lambda': 10.0, 'clf__subsample': 1.0}",0.8337369488497416,0.8327915795308523,0.7935375061767329,0.8029736613573506,0.8350021825364835,0.8196083756902321,0.01770190210329458,741,1.0,1.0,1.0,1.0,1.0,1.0,0.0
61.42558732032776,1.9856283092346294,0.05027546882629395,0.003482131106087418,0.5,0.03,5,5,1000,0.1,1.0,0.8,"{'clf__colsample_bytree': 0.5, 'clf__learning_rate': 0.03, 'clf__max_depth': 5, 'clf__min_child_weight': 5, 'clf__n_estimators': 1000, 'clf__reg_alpha': 0.1, 'clf__reg_lambda': 1.0, 'clf__subsample': 0.8}",0.8233229195433155,0.8235766012010628,0.7973639946144165,0.7964076189869148,0.8273903097260287,0.8136122888143476,0.013736269209764578,1151,1.0,1.0,1.0,1.0,1.0,1.0,0.0
64.56314063072205,2.435054224239157,0.05480670928955078,0.0049561901389476365,0.5,0.03,5,5,1000,0.1,1.0,1.0,"{'clf__colsample_bytree': 0.5, 'clf__learning_rate': 0.03, 'clf__max_depth': 5, 'clf__min_child_weight': 5, 'clf__n_estimators': 1000, 'clf__reg_alpha': 0.1, 'clf__reg_lambda': 1.0, 'clf__subsample': 1.0}",0.8214388253205348,0.837684643623299,0.7814570230607967,0.8051603005523538,0.8402154738524268,0.8171912532818822,0.021862363467219165,978,1.0,1.0,1.0,1.0,1.0,1.0,0.0
77.59453248977661,2.535870206176923,0.05834155082702637,0.00392829546119955,0.5,0.03,5,5,1000,0.1,10.0,0.8,"{'clf__colsample_bytree': 0.5, 'clf__learning_rate': 0.03, 'clf__max_depth': 5, 'clf__min_child_weight': 5, 'clf__n_estimators': 1000, 'clf__reg_alpha': 0.1, 'clf__reg_lambda': 10.0, 'clf__subsample': 0.8}",0.8224086762041555,0.8276496608539952,0.7947350448734601,0.7929510563915488,0.8321469761168379,0.8139782828879994,0.016736343591209433,1144,1.0,1.0,1.0,1.0,1.0,1.0,0.0
87.62660670280457,2.3801086651532817,0.07289223670959473,0.01913332025289564,0.5,0.03,5,5,1000,0.1,10.0,1.0,"{'clf__colsample_bytree': 0.5, 'clf__learning_rate': 0.03, 'clf__max_depth': 5, 'clf__min_child_weight': 5, 'clf__n_estimators': 1000, 'clf__reg_alpha': 0.1, 'clf__reg_lambda': 10.0, 'clf__subsample': 1.0}",0.8364738001724303,0.833955376386569,0.7830607744383189,0.80099779348462,0.8462162014903999,0.8201407891944676,0.02399549529541214,679,1.0,1.0,1.0,1.0,1.0,1.0,0.0
67.38612751960754,1.482132373629306,0.04246773719787598,0.0033524657673630856,0.5,0.03,7,1,300,0.0,1.0,0.8,"{'clf__colsample_bytree': 0.5, 'clf__learning_rate': 0.03, 'clf__max_depth': 7, 'clf__min_child_weight': 1, 'clf__n_estimators': 300, 'clf__reg_alpha': 0.0, 'clf__reg_lambda': 1.0, 'clf__subsample': 0.8}",0.8385210676452297,0.8261115662360279,0.7817478022720901,0.8104217173537004,0.8449694029689002,0.8203543112951897,0.022619454989888155,658,1.0,1.0,1.0,1.0,1.0,1.0,0.0
72.74414033889771,2.744755491697934,0.044252872467041016,0.004070768502094201,0.5,0.03,7,1,300,0.0,1.0,1.0,"{'clf__colsample_bytree': 0.5, 'clf__learning_rate': 0.03, 'clf__max_depth': 7, 'clf__min_child_weight': 1, 'clf__n_estimators': 300, 'clf__reg_alpha': 0.0, 'clf__reg_lambda': 1.0, 'clf__subsample': 1.0}",0.8311098969549673,0.8178796583639935,0.7762610576879367,0.7900657469283326,0.8429614671512358,0.8116555654172932,0.024964620052193503,1202,1.0,1.0,1.0,1.0,1.0,1.0,0.0
83.94395499229431,1.7218936972992394,0.05495972633361816,0.002822068562090145,0.5,0.03,7,1,300,0.0,10.0,0.8,"{'clf__colsample_bytree': 0.5, 'clf__learning_rate': 0.03, 'clf__max_depth': 7, 'clf__min_child_weight': 1, 'clf__n_estimators': 300, 'clf__reg_alpha': 0.0, 'clf__reg_lambda': 10.0, 'clf__subsample': 0.8}",0.8371234790195992,0.8182684968204289,0.7778388233355934,0.7941995197539918,0.8292209124250142,0.8113302462709255,0.022129813885269134,1214,0.9981581327810707,0.9990795325574398,0.9990771574058865,1.0,0.9990802514078543,0.9990790148304501,0.0005824504577371389
95.39425058364868,3.437936427552227,0.05410089492797852,0.005302481019844031,0.5,0.03,7,1,300,0.0,10.0,1.0,"{'clf__colsample_bytree': 0.5, 'clf__learning_rate': 0.03, 'clf__max_depth': 7, 'clf__min_child_weight': 1, 'clf__n_estimators': 300, 'clf__reg_alpha': 0.0, 'clf__reg_lambda': 10.0, 'clf__subsample': 1.0}",0.8369663739382049,0.8238478175424186,0.7842560800263282,0.7994080785689434,0.8569305898817854,0.8202817879915362,0.025952996106089827,664,1.0,1.0,1.0,1.0,1.0,1.0,0.0
74.47105751037597,2.3416903647707334,0.04467840194702148,0.0055305955921539285,0.5,0.03,7,1,300,0.1,1.0,0.8,"{'clf__colsample_bytree': 0.5, 'clf__learning_rate': 0.03, 'clf__max_depth': 7, 'clf__min_child_weight': 1, 'clf__n_estimators': 300, 'clf__reg_alpha': 0.1, 'clf__reg_lambda': 1.0, 'clf__subsample': 0.8}",0.8441953163926258,0.828014288410424,0.7860648000150435,0.8011551155115512,0.8337842289778206,0.8186427498614931,0.021620194043011243,847,1.0,1.0,1.0,1.0,1.0,1.0,0.0
80.51408500671387,1.4081838283626864,0.050052309036254884,0.005035503468578297,0.5,0.03,7,1,300,0.1,1.0,1.0,"{'clf__colsample_bytree': 0.5, 'clf__learning_rate': 0.03, 'clf__max_depth': 7, 'clf__min_child_weight': 1, 'clf__n_estimators': 300, 'clf__reg_alpha': 0.1, 'clf__reg_lambda': 1.0, 'clf__subsample': 1.0}",0.8360477893928597,0.8175085107610639,0.7803902842367999,0.79410143919725,0.8519499905598036,0.8159996028295554,0.02624572386765353,1061,1.0,1.0,1.0,1.0,1.0,1.0,0.0
89.26631617546082,1.5640076398967635,0.048692178726196286,0.005101064826575968,0.5,0.03,7,1,300,0.1,10.0,0.8,"{'clf__colsample_bytree': 0.5, 'clf__learning_rate': 0.03, 'clf__max_depth': 7, 'clf__min_child_weight': 1, 'clf__n_estimators': 300, 'clf__reg_alpha': 0.1, 'clf__reg_lambda': 10.0, 'clf__subsample': 0.8}",0.8316717525767365,0.8182684968204289,0.7812064841881478,0.7968248521365291,0.8292209124250142,0.8114384996293713,0.019492465426312774,1210,0.9981581327810707,0.9990795325574398,0.9990771574058865,0.9990771574058865,0.9981581327810707,0.9987100225862708,0.0004506169736060747
97.82403612136841,1.0599976960000237,0.05361995697021484,0.0021006604841165583,0.5,0.03,7,1,300,0.1,10.0,1.0,"{'clf__colsample_bytree': 0.5, 'clf__learning_rate': 0.03, 'clf__max_depth': 7, 'clf__min_child_weight': 1, 'clf__n_estimators': 300, 'clf__reg_alpha': 0.1, 'clf__reg_lambda': 10.0, 'clf__subsample': 1.0}",0.8360477893928597,0.8238478175424186,0.789644085935845,0.79410143919725,0.8510838817258732,0.8189450027588492,0.023770556669187738,817,1.0,1.0,1.0,1.0,1.0,1.0,0.0
105.5658549785614,2.907682539471929,0.054875850677490234,0.005410997397809566,0.5,0.03,7,1,600,0.0,1.0,0.8,"{'clf__colsample_bytree': 0.5, 'clf__learning_rate': 0.03, 'clf__max_depth': 7, 'clf__min_child_weight': 1, 'clf__n_estimators': 600, 'clf__reg_alpha': 0.0, 'clf__reg_lambda': 1.0, 'clf__subsample': 0.8}",0.83936984068563,0.8325575264645846,0.7850499151442548,0.8095471397493643,0.8508767582365713,0.823480236056081,0.023479637570064747,291,1.0,1.0,1.0,1.0,1.0,1.0,0.0
106.80983819961548,1.0914688055883293,0.058323001861572264,0.001932988346021326,0.5,0.03,7,1,600,0.0,1.0,1.0,"{'clf__colsample_bytree': 0.5, 'clf__learning_rate': 0.03, 'clf__max_depth': 7, 'clf__min_child_weight': 1, 'clf__n_estimators': 600, 'clf__reg_alpha': 0.0, 'clf__reg_lambda': 1.0, 'clf__subsample': 1.0}",0.833526508952041,0.827638047041032,0.7856202950996009,0.7946764609333101,0.8522345492732615,0.8187391722598492,0.024882402138177946,834,1.0,1.0,1.0,1.0,1.0,1.0,0.0
140.86255764961243,2.3793202728195895,0.06842851638793945,0.004763968253730684,0.5,0.03,7,1,600,0.0,10.0,0.8,"{'clf__colsample_bytree': 0.5, 'clf__learning_rate': 0.03, 'clf__max_depth': 7, 'clf__min_child_weight': 1, 'clf__n_estimators': 600, 'clf__reg_alpha': 0.0, 'clf__reg_lambda': 10.0, 'clf__subsample': 0.8}",0.8371234790195992,0.8304053374351507,0.7887161167137428,0.807286326019883,0.8377126594442973,0.8202487837265346,0.019262566175313096,668,1.0,1.0,1.0,1.0,1.0,1.0,0.0
149.85868301391602,3.7543596161693378,0.07668099403381348,0.005594440484963366,0.5,0.03,7,1,600,0.0,10.0,1.0,"{'clf__colsample_bytree': 0.5, 'clf__learning_rate': 0.03, 'clf__max_depth': 7, 'clf__min_child_weight': 1, 'clf__n_estimators': 600, 'clf__reg_alpha': 0.0, 'clf__reg_lambda': 10.0, 'clf__subsample': 1.0}",0.8415277975420863,0.8238478175424186,0.7841707673114645,0.8022268631705319,0.8505421247362548,0.8204630740605513,0.0245341365046263,643,1.0,1.0,1.0,1.0,1.0,1.0,0.0
105.60069913864136,3.3927624746021365,0.05652828216552734,0.0019226987449021066,0.5,0.03,7,1,600,0.1,1.0,0.8,"{'clf__colsample_bytree': 0.5, 'clf__learning_rate': 0.03, 'clf__max_depth': 7, 'clf__min_child_weight': 1, 'clf__n_estimators': 600, 'clf__reg_alpha': 0.1, 'clf__reg_lambda': 1.0, 'clf__subsample': 0.8}",0.83936984068563,0.8268089578785673,0.7838649820637005,0.8131302342517296,0.8426458022414767,0.8211639634242209,0.02135670453589243,545,1.0,1.0,1.0,1.0,1.0,1.0,0.0
109.21264586448669,2.8360621758923394,0.07171130180358887,0.020972623822751002,0.5,0.03,7,1,600,0.1,1.0,1.0,"{'clf__colsample_bytree': 0.5, 'clf__learning_rate': 0.03, 'clf__max_depth': 7, 'clf__min_child_weight': 1, 'clf__n_estimators': 600, 'clf__reg_alpha': 0.1, 'clf__reg_lambda': 1.0, 'clf__subsample': 1.0}",0.8385245289500609,0.8288329120543887,0.7864165387529872,0.8031643235756487,0.8558621151931012,0.8225600837052374,0.024842659042105076,380,1.0,1.0,1.0,1.0,1.0,1.0,0.0
140.6704713821411,3.410547797788274,0.06822667121887208,0.0036671221828963145,0.5,0.03,7,1,600,0.1,10.0,0.8,"{'clf__colsample_bytree': 0.5, 'clf__learning_rate': 0.03, 'clf__max_depth': 7, 'clf__min_child_weight': 1, 'clf__n_estimators': 600, 'clf__reg_alpha': 0.1, 'clf__reg_lambda': 10.0, 'clf__subsample': 0.8}",0.8371234790195992,0.8304053374351507,0.7901097865053868,0.807286326019883,0.8377126594442973,0.8205275176848634,0.018809007840663465,636,1.0,1.0,1.0,1.0,1.0,1.0,0.0
150.30703110694884,5.182319388653622,0.07619223594665528,0.004080317664813771,0.5,0.03,7,1,600,0.1,10.0,1.0,"{'clf__colsample_bytree': 0.5, 'clf__learning_rate': 0.03, 'clf__max_depth': 7, 'clf__min_child_weight': 1, 'clf__n_estimators': 600, 'clf__reg_alpha': 0.1, 'clf__reg_lambda': 10.0, 'clf__subsample': 1.0}",0.8415277975420863,0.8238478175424186,0.786801922646993,0.8051677544178748,0.8491830573560606,0.8213056699010867,0.022993418984533873,530,1.0,1.0,1.0,1.0,1.0,1.0,0.0
120.54939661026,2.2021438577420143,0.07705779075622558,0.011206080490583978,0.5,0.03,7,1,1000,0.0,1.0,0.8,"{'clf__colsample_bytree': 0.5, 'clf__learning_rate': 0.03, 'clf__max_depth': 7, 'clf__min_child_weight': 1, 'clf__n_estimators': 1000, 'clf__reg_alpha': 0.0, 'clf__reg_lambda': 1.0, 'clf__subsample': 0.8}",0.836558669053415,0.8390946360104178,0.7864450612578622,0.805935506485972,0.8379372036980732,0.8211942153011481,0.02134081096193074,540,1.0,1.0,1.0,1.0,1.0,1.0,0.0
124.14673805236816,1.721089720217358,0.07301950454711914,0.0032205579441116797,0.5,0.03,7,1,1000,0.0,1.0,1.0,"{'clf__colsample_bytree': 0.5, 'clf__learning_rate': 0.03, 'clf__max_depth': 7, 'clf__min_child_weight': 1, 'clf__n_estimators': 1000, 'clf__reg_alpha': 0.0, 'clf__reg_lambda': 1.0, 'clf__subsample': 1.0}",0.833526508952041,0.827638047041032,0.7791206304267226,0.79358048873938,0.8506402532096997,0.816901185673775,0.02646216735115139,998,1.0,1.0,1.0,1.0,1.0,1.0,0.0
178.89328956604004,3.4807827118418575,0.09359984397888184,0.012310734690842966,0.5,0.03,7,1,1000,0.0,10.0,0.8,"{'clf__colsample_bytree': 0.5, 'clf__learning_rate': 0.03, 'clf__max_depth': 7, 'clf__min_child_weight': 1, 'clf__n_estimators': 1000, 'clf__reg_alpha': 0.0, 'clf__reg_lambda': 10.0, 'clf__subsample': 0.8}",0.83936984068563,0.8279332939992603,0.7974266247379455,0.8002856294032764,0.8383596046162788,0.8206749986884783,0.01828189555888958,612,1.0,1.0,1.0,1.0,1.0,1.0,0.0
190.3575035572052,6.035230393726313,0.0948249340057373,0.006048320364909173,0.5,0.03,7,1,1000,0.0,10.0,1.0,"{'clf__colsample_bytree': 0.5, 'clf__learning_rate': 0.03, 'clf__max_depth': 7, 'clf__min_child_weight': 1, 'clf__n_estimators': 1000, 'clf__reg_alpha': 0.0, 'clf__reg_lambda': 10.0, 'clf__subsample': 1.0}",0.8415277975420863,0.8238478175424186,0.7876512940779334,0.8122275091202986,0.8464015971786272,0.8223312030922727,0.021236637918727003,407,1.0,1.0,1.0,1.0,1.0,1.0,0.0
124.42291316986083,2.6549415160724936,0.06978507041931152,0.003140859201395765,0.5,0.03,7,1,1000,0.1,1.0,0.8,"{'clf__colsample_bytree': 0.5, 'clf__learning_rate': 0.03, 'clf__max_depth': 7, 'clf__min_child_weight': 1, 'clf__n_estimators': 1000, 'clf__reg_alpha': 0.1, 'clf__reg_lambda': 1.0, 'clf__subsample': 0.8}",0.83936984068563,0.8268089578785673,0.7799190700134097,0.808705820323304,0.8456521739130434,0.820091172562791,0.023721654845403336,684,1.0,1.0,1.0,1.0,1.0,1.0,0.0
127.77656922340392,1.293488036030038,0.07488961219787597,0.0025590873327882243,0.5,0.03,7,1,1000,0.1,1.0,1.0,"{'clf__colsample_bytree': 0.5, 'clf__learning_rate': 0.03, 'clf__max_depth': 7, 'clf__min_child_weight': 1, 'clf__n_estimators': 1000, 'clf__reg_alpha': 0.1, 'clf__reg_lambda': 1.0, 'clf__subsample': 1.0}",0.8385245289500609,0.8288329120543887,0.7833145118028838,0.79358048873938,0.8528009295269399,0.8194106742147307,0.026605106957568677,769,1.0,1.0,1.0,1.0,1.0,1.0,0.0
179.5812207698822,4.221057469063104,0.09184613227844238,0.0023386377315320174,0.5,0.03,7,1,1000,0.1,10.0,0.8,"{'clf__colsample_bytree': 0.5, 'clf__learning_rate': 0.03, 'clf__max_depth': 7, 'clf__min_child_weight': 1, 'clf__n_estimators': 1000, 'clf__reg_alpha': 0.1, 'clf__reg_lambda': 10.0, 'clf__subsample': 0.8}",0.8429928894634777,0.8279332939992603,0.7859464644307614,0.800577241649348,0.8371540233663755,0.8189207825818446,0.021986058822569945,819,1.0,1.0,1.0,1.0,1.0,1.0,0.0
194.50842261314392,5.030517133128304,0.09784035682678223,0.004651155566336376,0.5,0.03,7,1,1000,0.1,10.0,1.0,"{'clf__colsample_bytree': 0.5, 'clf__learning_rate': 0.03, 'clf__max_depth': 7, 'clf__min_child_weight': 1, 'clf__n_estimators': 1000, 'clf__reg_alpha': 0.1, 'clf__reg_lambda': 10.0, 'clf__subsample': 1.0}",0.8468961377412082,0.8296590909674276,0.7841707673114645,0.8062542336495153,0.8540386282327581,0.8242037715804746,0.02592161262647949,227,1.0,1.0,1.0,1.0,1.0,1.0,0.0
52.595533227920534,1.4217905786571612,0.03423757553100586,0.0005959164363212471,0.5,0.03,7,3,300,0.0,1.0,0.8,"{'clf__colsample_bytree': 0.5, 'clf__learning_rate': 0.03, 'clf__max_depth': 7, 'clf__min_child_weight': 3, 'clf__n_estimators': 300, 'clf__reg_alpha': 0.0, 'clf__reg_lambda': 1.0, 'clf__subsample': 0.8}",0.833526508952041,0.8266214062947186,0.7805316487303672,0.8038855534811316,0.8422745816679998,0.8173679398252516,0.02238639715974365,964,1.0,1.0,1.0,1.0,1.0,1.0,0.0
55.60358290672302,1.132191541822377,0.03623075485229492,0.0018703377346356497,0.5,0.03,7,3,300,0.0,1.0,1.0,"{'clf__colsample_bytree': 0.5, 'clf__learning_rate': 0.03, 'clf__max_depth': 7, 'clf__min_child_weight': 3, 'clf__n_estimators': 300, 'clf__reg_alpha': 0.0, 'clf__reg_lambda': 1.0, 'clf__subsample': 1.0}",0.8480809995515878,0.8244990017666014,0.7894999831974026,0.7958846362048178,0.8470281127889824,0.8209985467018784,0.02468245835406052,568,1.0,1.0,1.0,1.0,1.0,1.0,0.0
56.63236532211304,1.5317106043269377,0.0369471549987793,0.002229839678713789,0.5,0.03,7,3,300,0.0,10.0,0.8,"{'clf__colsample_bytree': 0.5, 'clf__learning_rate': 0.03, 'clf__max_depth': 7, 'clf__min_child_weight': 3, 'clf__n_estimators': 300, 'clf__reg_alpha': 0.0, 'clf__reg_lambda': 10.0, 'clf__subsample': 0.8}",0.8228266831208008,0.8307952286138707,0.7777161168170197,0.800635892041072,0.8301937265392414,0.8124335294264009,0.020518660913515896,1184,0.9981581327810707,0.9990795325574398,0.9981519138755981,0.9990771574058865,0.9947818326430256,0.9978497138526041,0.0015885473822758599
61.955809116363525,0.6665930994070255,0.04525775909423828,0.01100008812551249,0.5,0.03,7,3,300,0.0,10.0,1.0,"{'clf__colsample_bytree': 0.5, 'clf__learning_rate': 0.03, 'clf__max_depth': 7, 'clf__min_child_weight': 3, 'clf__n_estimators': 300, 'clf__reg_alpha': 0.0, 'clf__reg_lambda': 10.0, 'clf__subsample': 1.0}",0.8360477893928597,0.8145242548227624,0.7834685893136598,0.7973092677931388,0.8477811839455378,0.8158262170535917,0.023755506668805545,1070,0.9990802514078543,1.0,1.0,1.0,1.0,0.9998160502815707,0.00036789943685828775
50.297769689559935,1.051408952899863,0.03363199234008789,0.001906231644912042,0.5,0.03,7,3,300,0.1,1.0,0.8,"{'clf__colsample_bytree': 0.5, 'clf__learning_rate': 0.03, 'clf__max_depth': 7, 'clf__min_child_weight': 3, 'clf__n_estimators': 300, 'clf__reg_alpha': 0.1, 'clf__reg_lambda': 1.0, 'clf__subsample': 0.8}",0.8354073854073854,0.8388103083109216,0.788161628141116,0.8108228715028367,0.8346066555484222,0.8215617697821365,0.019443639556265907,496,1.0,1.0,1.0,1.0,1.0,1.0,0.0
56.41917929649353,0.7703869484228277,0.0375734806060791,0.0017313331812282345,0.5,0.03,7,3,300,0.1,1.0,1.0,"{'clf__colsample_bytree': 0.5, 'clf__learning_rate': 0.03, 'clf__max_depth': 7, 'clf__min_child_weight': 3, 'clf__n_estimators': 300, 'clf__reg_alpha': 0.1, 'clf__reg_lambda': 1.0, 'clf__subsample': 1.0}",0.8480809995515878,0.8283668629815091,0.7834685893136598,0.8074599976770641,0.8444921823368032,0.8223737263721247,0.024174518270821944,402,1.0,1.0,1.0,1.0,1.0,1.0,0.0
57.150100231170654,1.3822701160478994,0.03779611587524414,0.002175197460286311,0.5,0.03,7,3,300,0.1,10.0,0.8,"{'clf__colsample_bytree': 0.5, 'clf__learning_rate': 0.03, 'clf__max_depth': 7, 'clf__min_child_weight': 3, 'clf__n_estimators': 300, 'clf__reg_alpha': 0.1, 'clf__reg_lambda': 10.0, 'clf__subsample': 0.8}",0.8228266831208008,0.8281117594534992,0.772185811877342,0.788123052191343,0.8383596046162788,0.8099213822518527,0.025319200498520343,1237,0.9981581327810707,0.9990795325574398,0.9981519138755981,0.9990771574058865,0.9947818326430256,0.9978497138526041,0.0015885473822758599
65.34301652908326,0.991494361469171,0.038898897171020505,0.0029355044795741437,0.5,0.03,7,3,300,0.1,10.0,1.0,"{'clf__colsample_bytree': 0.5, 'clf__learning_rate': 0.03, 'clf__max_depth': 7, 'clf__min_child_weight': 3, 'clf__n_estimators': 300, 'clf__reg_alpha': 0.1, 'clf__reg_lambda': 10.0, 'clf__subsample': 1.0}",0.8424745189451072,0.8145242548227624,0.7903312852174516,0.7920388761565232,0.8422368183650586,0.8163211507013806,0.022908301118543556,1038,0.9990802514078543,1.0,0.9990771574058865,0.9990771574058865,0.9990802514078543,0.9992629635254964,0.0003685208349019573
71.40726370811463,2.836550141317291,0.04761624336242676,0.002145276898419985,0.5,0.03,7,3,600,0.0,1.0,0.8,"{'clf__colsample_bytree': 0.5, 'clf__learning_rate': 0.03, 'clf__max_depth': 7, 'clf__min_child_weight': 3, 'clf__n_estimators': 600, 'clf__reg_alpha': 0.0, 'clf__reg_lambda': 1.0, 'clf__subsample': 0.8}",0.8443939393939393,0.8388103083109216,0.7890676050087185,0.8099060923707011,0.8405470147416608,0.8245449919651883,0.021570753644731468,202,1.0,1.0,1.0,1.0,1.0,1.0,0.0
74.81173334121704,1.4806349816309479,0.0491943359375,0.002806173006930317,0.5,0.03,7,3,600,0.0,1.0,1.0,"{'clf__colsample_bytree': 0.5, 'clf__learning_rate': 0.03, 'clf__max_depth': 7, 'clf__min_child_weight': 3, 'clf__n_estimators': 600, 'clf__reg_alpha': 0.0, 'clf__reg_lambda': 1.0, 'clf__subsample': 1.0}",0.8348139446305618,0.8272492983669106,0.7942845020230174,0.7911664941003905,0.8339703481152825,0.8162969174472325,0.019448751659147584,1039,1.0,1.0,1.0,1.0,1.0,1.0,0.0
87.76316757202149,2.7799166418747068,0.0493720531463623,0.0008778793610860404,0.5,0.03,7,3,600,0.0,10.0,0.8,"{'clf__colsample_bytree': 0.5, 'clf__learning_rate': 0.03, 'clf__max_depth': 7, 'clf__min_child_weight': 3, 'clf__n_estimators': 600, 'clf__reg_alpha': 0.0, 'clf__reg_lambda': 10.0, 'clf__subsample': 0.8}",0.8322628267078251,0.8186520065659139,0.7804134246750627,0.7938021743350806,0.8371540233663755,0.8124568911300514,0.02197901308624031,1183,1.0,1.0,1.0,1.0,1.0,1.0,0.0
95.56528420448304,1.4862321886698493,0.05147032737731934,0.002333667278142429,0.5,0.03,7,3,600,0.0,10.0,1.0,"{'clf__colsample_bytree': 0.5, 'clf__learning_rate': 0.03, 'clf__max_depth': 7, 'clf__min_child_weight': 3, 'clf__n_estimators': 600, 'clf__reg_alpha': 0.0, 'clf__reg_lambda': 10.0, 'clf__subsample': 1.0}",0.833526508952041,0.8306050030648973,0.7821686815443155,0.8099550670708165,0.8498981006751305,0.82123067226144,0.023297491371339445,537,1.0,1.0,1.0,1.0,1.0,1.0,0.0
70.54072179794312,3.0760779651014927,0.046796560287475586,0.0022142505540806334,0.5,0.03,7,3,600,0.1,1.0,0.8,"{'clf__colsample_bytree': 0.5, 'clf__learning_rate': 0.03, 'clf__max_depth': 7, 'clf__min_child_weight': 3, 'clf__n_estimators': 600, 'clf__reg_alpha': 0.1, 'clf__reg_lambda': 1.0, 'clf__subsample': 0.8}",0.83936984068563,0.832277367178558,0.7831369604841256,0.7957131247460381,0.8383659902062672,0.8177726566601239,0.023610018083273454,935,1.0,1.0,1.0,1.0,1.0,1.0,0.0
74.35567135810852,1.1431467441787302,0.04613661766052246,0.0020931076411868036,0.5,0.03,7,3,600,0.1,1.0,1.0,"{'clf__colsample_bytree': 0.5, 'clf__learning_rate': 0.03, 'clf__max_depth': 7, 'clf__min_child_weight': 3, 'clf__n_estimators': 600, 'clf__reg_alpha': 0.1, 'clf__reg_lambda': 1.0, 'clf__subsample': 1.0}",0.8355165115373504,0.8272492983669106,0.7942845020230174,0.8062682468772309,0.8387260605104685,0.8204089238629955,0.017279997602680335,651,1.0,1.0,1.0,1.0,1.0,1.0,0.0
86.61818161010743,2.9161485897109096,0.05109052658081055,0.001677009686976865,0.5,0.03,7,3,600,0.1,10.0,0.8,"{'clf__colsample_bytree': 0.5, 'clf__learning_rate': 0.03, 'clf__max_depth': 7, 'clf__min_child_weight': 3, 'clf__n_estimators': 600, 'clf__reg_alpha': 0.1, 'clf__reg_lambda': 10.0, 'clf__subsample': 0.8}",0.837561220417945,0.8186520065659139,0.7828301884502317,0.7884816750489148,0.8341550884530022,0.8123360357872015,0.02276795133107289,1188,1.0,1.0,1.0,1.0,1.0,1.0,0.0
94.8225004196167,1.888672577038094,0.05247354507446289,0.003524194993028241,0.5,0.03,7,3,600,0.1,10.0,1.0,"{'clf__colsample_bytree': 0.5, 'clf__learning_rate': 0.03, 'clf__max_depth': 7, 'clf__min_child_weight': 3, 'clf__n_estimators': 600, 'clf__reg_alpha': 0.1, 'clf__reg_lambda': 10.0, 'clf__subsample': 1.0}",0.8371234790195992,0.8302219570561349,0.7874964773272388,0.8073593073593074,0.8527041841166239,0.8229810809757808,0.022974322519632648,341,1.0,1.0,1.0,1.0,1.0,1.0,0.0
83.85406646728515,2.833733583412881,0.05724701881408691,0.002554995287191239,0.5,0.03,7,3,1000,0.0,1.0,0.8,"{'clf__colsample_bytree': 0.5, 'clf__learning_rate': 0.03, 'clf__max_depth': 7, 'clf__min_child_weight': 3, 'clf__n_estimators': 1000, 'clf__reg_alpha': 0.0, 'clf__reg_lambda': 1.0, 'clf__subsample': 0.8}",0.83936984068563,0.8335158513465235,0.7976510868338211,0.8109308603041399,0.8374999999999999,0.8237935278340227,0.016576416459554242,256,1.0,1.0,1.0,1.0,1.0,1.0,0.0
88.88273162841797,3.171849348091216,0.0587007999420166,0.0027608269353833503,0.5,0.03,7,3,1000,0.0,1.0,1.0,"{'clf__colsample_bytree': 0.5, 'clf__learning_rate': 0.03, 'clf__max_depth': 7, 'clf__min_child_weight': 3, 'clf__n_estimators': 1000, 'clf__reg_alpha': 0.0, 'clf__reg_lambda': 1.0, 'clf__subsample': 1.0}",0.8311550550757326,0.8242596686626538,0.7901097865053868,0.7911664941003905,0.8475159367419469,0.8168413882172221,0.022691930675418095,1005,1.0,1.0,1.0,1.0,1.0,1.0,0.0
111.25421633720399,2.9056391324243083,0.06219716072082519,0.004411712280842851,0.5,0.03,7,3,1000,0.0,10.0,0.8,"{'clf__colsample_bytree': 0.5, 'clf__learning_rate': 0.03, 'clf__max_depth': 7, 'clf__min_child_weight': 3, 'clf__n_estimators': 1000, 'clf__reg_alpha': 0.0, 'clf__reg_lambda': 10.0, 'clf__subsample': 0.8}",0.8380799565731072,0.822383068883314,0.7830187364288211,0.8038445199660154,0.8294274080119204,0.8153507379726357,0.01970773996309723,1095,1.0,1.0,1.0,1.0,1.0,1.0,0.0
121.07856674194336,2.875266123662615,0.06905970573425294,0.0017361801202249584,0.5,0.03,7,3,1000,0.0,10.0,1.0,"{'clf__colsample_bytree': 0.5, 'clf__learning_rate': 0.03, 'clf__max_depth': 7, 'clf__min_child_weight': 3, 'clf__n_estimators': 1000, 'clf__reg_alpha': 0.0, 'clf__reg_lambda': 10.0, 'clf__subsample': 1.0}",0.8307370990961576,0.8353427159878773,0.7845569141218092,0.8015717059770768,0.848969242807271,0.8202355355980384,0.02360270421704428,672,1.0,1.0,1.0,1.0,1.0,1.0,0.0
82.17195038795471,2.209946878999235,0.05384354591369629,0.0017161482563901207,0.5,0.03,7,3,1000,0.1,1.0,0.8,"{'clf__colsample_bytree': 0.5, 'clf__learning_rate': 0.03, 'clf__max_depth': 7, 'clf__min_child_weight': 3, 'clf__n_estimators': 1000, 'clf__reg_alpha': 0.1, 'clf__reg_lambda': 1.0, 'clf__subsample': 0.8}",0.83936984068563,0.832277367178558,0.7888147295043076,0.8079507078957326,0.8331260582140864,0.8203077406956629,0.019054925303910435,662,1.0,1.0,1.0,1.0,1.0,1.0,0.0
87.43721947669982,1.1311725925670693,0.06093893051147461,0.002661054307684388,0.5,0.03,7,3,1000,0.1,1.0,1.0,"{'clf__colsample_bytree': 0.5, 'clf__learning_rate': 0.03, 'clf__max_depth': 7, 'clf__min_child_weight': 3, 'clf__n_estimators': 1000, 'clf__reg_alpha': 0.1, 'clf__reg_lambda': 1.0, 'clf__subsample': 1.0}",0.8364781156929109,0.8242596686626538,0.7901097865053868,0.8042816103253769,0.8371108740651693,0.8184480110502996,0.018498131653740202,867,1.0,1.0,1.0,1.0,1.0,1.0,0.0
111.60547595024109,2.438922027612002,0.0641352653503418,0.002398031317739295,0.5,0.03,7,3,1000,0.1,10.0,0.8,"{'clf__colsample_bytree': 0.5, 'clf__learning_rate': 0.03, 'clf__max_depth': 7, 'clf__min_child_weight': 3, 'clf__n_estimators': 1000, 'clf__reg_alpha': 0.1, 'clf__reg_lambda': 10.0, 'clf__subsample': 0.8}",0.837561220417945,0.8250421354145046,0.7890676050087185,0.8005977667192621,0.8294274080119204,0.8163392271144702,0.0183790589503856,1037,1.0,1.0,1.0,1.0,1.0,1.0,0.0
121.94467673301696,3.629554112997046,0.07027754783630372,0.0016251658757848514,0.5,0.03,7,3,1000,0.1,10.0,1.0,"{'clf__colsample_bytree': 0.5, 'clf__learning_rate': 0.03, 'clf__max_depth': 7, 'clf__min_child_weight': 3, 'clf__n_estimators': 1000, 'clf__reg_alpha': 0.1, 'clf__reg_lambda': 10.0, 'clf__subsample': 1.0}",0.8307370990961576,0.8322596043248217,0.7798614129739957,0.8058471974648446,0.8487214425302005,0.819485351278004,0.024085631101241546,759,1.0,1.0,1.0,1.0,1.0,1.0,0.0
40.5556245803833,1.429381898449745,0.031131887435913087,0.0033968371316868457,0.5,0.03,7,5,300,0.0,1.0,0.8,"{'clf__colsample_bytree': 0.5, 'clf__learning_rate': 0.03, 'clf__max_depth': 7, 'clf__min_child_weight': 5, 'clf__n_estimators': 300, 'clf__reg_alpha': 0.0, 'clf__reg_lambda': 1.0, 'clf__subsample': 0.8}",0.8208320134376472,0.8253784069715311,0.7890676050087185,0.7959159074209485,0.8306171702314862,0.8123622206140663,0.01665846341742362,1187,0.9990802514078543,1.0,0.9990771574058865,1.0,0.9990802514078543,0.999447532044319,0.00045108961166192267
43.13105607032776,1.1577430852052621,0.030623912811279297,0.002239305952378661,0.5,0.03,7,5,300,0.0,1.0,1.0,"{'clf__colsample_bytree': 0.5, 'clf__learning_rate': 0.03, 'clf__max_depth': 7, 'clf__min_child_weight': 5, 'clf__n_estimators': 300, 'clf__reg_alpha': 0.0, 'clf__reg_lambda': 1.0, 'clf__subsample': 1.0}",0.8385210676452297,0.8308812188614014,0.7869982698852482,0.799106138483637,0.848679048767077,0.8208371487285188,0.023690007422864354,590,1.0,1.0,1.0,1.0,1.0,1.0,0.0
41.861580753326415,0.9170092499765541,0.03206167221069336,0.003689023992971653,0.5,0.03,7,5,300,0.0,10.0,0.8,"{'clf__colsample_bytree': 0.5, 'clf__learning_rate': 0.03, 'clf__max_depth': 7, 'clf__min_child_weight': 5, 'clf__n_estimators': 300, 'clf__reg_alpha': 0.0, 'clf__reg_lambda': 10.0, 'clf__subsample': 0.8}",0.8243080406445367,0.8115054478590012,0.7726316439685351,0.8020920927185841,0.8325702965038226,0.8086215043388959,0.020812652225219778,1253,0.9938394601990972,0.9940602215980225,0.9948671371500952,0.9961926311044034,0.9940733571586708,0.9946065614420577,0.0008665742926473845
47.98831157684326,0.7853814231413868,0.033233642578125,0.0009494469049546071,0.5,0.03,7,5,300,0.0,10.0,1.0,"{'clf__colsample_bytree': 0.5, 'clf__learning_rate': 0.03, 'clf__max_depth': 7, 'clf__min_child_weight': 5, 'clf__n_estimators': 300, 'clf__reg_alpha': 0.0, 'clf__reg_lambda': 10.0, 'clf__subsample': 1.0}",0.8415277975420863,0.8201022216657121,0.7819926179594121,0.7991285970702333,0.8415991143590692,0.8168700697193026,0.02349967016536143,1003,0.9971210806548733,0.9990795325574398,0.9981519138755981,0.9980414334996128,0.9947818326430256,0.9974351586461099,0.0014645174413760805
40.502666330337526,0.7216551689486732,0.0301943302154541,0.001989785831687585,0.5,0.03,7,5,300,0.1,1.0,0.8,"{'clf__colsample_bytree': 0.5, 'clf__learning_rate': 0.03, 'clf__max_depth': 7, 'clf__min_child_weight': 5, 'clf__n_estimators': 300, 'clf__reg_alpha': 0.1, 'clf__reg_lambda': 1.0, 'clf__subsample': 0.8}",0.81833961670067,0.8203712625092955,0.7890676050087185,0.8111686106511148,0.8364351143400007,0.8150764418419598,0.015405239790218407,1108,0.9990802514078543,1.0,0.9990771574058865,0.9990771574058865,0.9990802514078543,0.9992629635254964,0.0003685208349019573
44.192448949813844,1.0899784679474782,0.03137779235839844,0.0023287707354518582,0.5,0.03,7,5,300,0.1,1.0,1.0,"{'clf__colsample_bytree': 0.5, 'clf__learning_rate': 0.03, 'clf__max_depth': 7, 'clf__min_child_weight': 5, 'clf__n_estimators': 300, 'clf__reg_alpha': 0.1, 'clf__reg_lambda': 1.0, 'clf__subsample': 1.0}",0.8444163944163945,0.8278822587029226,0.7830607744383189,0.805227925601606,0.8591789937177059,0.8239532693753896,0.02719508316091441,242,1.0,1.0,1.0,1.0,1.0,1.0,0.0
44.44728684425354,0.9595829425689296,0.03140573501586914,0.0018672098427079439,0.5,0.03,7,5,300,0.1,10.0,0.8,"{'clf__colsample_bytree': 0.5, 'clf__learning_rate': 0.03, 'clf__max_depth': 7, 'clf__min_child_weight': 5, 'clf__n_estimators': 300, 'clf__reg_alpha': 0.1, 'clf__reg_lambda': 10.0, 'clf__subsample': 0.8}",0.8243080406445367,0.8148079557628309,0.7788316479858846,0.793052928109076,0.838842774515431,0.8099686694035519,0.021533260841645138,1235,0.992924536684316,0.9940602215980225,0.9934409245253897,0.9961926311044034,0.9940733571586708,0.9941383342141604,0.0011126674282326708
48.13102822303772,0.858512916359873,0.03484435081481933,0.0020697321784757454,0.5,0.03,7,5,300,0.1,10.0,1.0,"{'clf__colsample_bytree': 0.5, 'clf__learning_rate': 0.03, 'clf__max_depth': 7, 'clf__min_child_weight': 5, 'clf__n_estimators': 300, 'clf__reg_alpha': 0.1, 'clf__reg_lambda': 10.0, 'clf__subsample': 1.0}",0.8443194191882621,0.8274168502354923,0.7846002494719093,0.7991285970702333,0.8466696693918345,0.8204269570715462,0.02468020023639558,650,0.996193433621131,0.9980469335546711,0.9981519138755981,0.9980414334996128,0.9947818326430256,0.9970431094388077,0.0013467800716750163
58.29760446548462,0.5451518456581274,0.041511821746826175,0.001229623396135693,0.5,0.03,7,5,600,0.0,1.0,0.8,"{'clf__colsample_bytree': 0.5, 'clf__learning_rate': 0.03, 'clf__max_depth': 7, 'clf__min_child_weight': 5, 'clf__n_estimators': 600, 'clf__reg_alpha': 0.0, 'clf__reg_lambda': 1.0, 'clf__subsample': 0.8}",0.8320738924651583,0.832277367178558,0.7973639946144165,0.797161762782012,0.8355486027899821,0.8188851239660252,0.017697631191792764,824,1.0,1.0,1.0,1.0,1.0,1.0,0.0
60.97589688301086,0.6595022202556834,0.04319543838500976,0.001006448831917504,0.5,0.03,7,5,600,0.0,1.0,1.0,"{'clf__colsample_bytree': 0.5, 'clf__learning_rate': 0.03, 'clf__max_depth': 7, 'clf__min_child_weight': 5, 'clf__n_estimators': 600, 'clf__reg_alpha': 0.0, 'clf__reg_lambda': 1.0, 'clf__subsample': 1.0}",0.8232653538121641,0.831796240289391,0.7869982698852482,0.7995843608964078,0.8348899804989809,0.8153068410764384,0.01880058055970456,1097,1.0,1.0,1.0,1.0,1.0,1.0,0.0
67.76247181892396,1.6222320199614813,0.04197030067443848,0.001977059953975417,0.5,0.03,7,5,600,0.0,10.0,0.8,"{'clf__colsample_bytree': 0.5, 'clf__learning_rate': 0.03, 'clf__max_depth': 7, 'clf__min_child_weight': 5, 'clf__n_estimators': 600, 'clf__reg_alpha': 0.0, 'clf__reg_lambda': 10.0, 'clf__subsample': 0.8}",0.820977641640822,0.8253348460391805,0.7835045451821462,0.8113613876478191,0.829354720275677,0.814106628157129,0.016430531605625714,1137,1.0,1.0,1.0,1.0,1.0,1.0,0.0
73.7024203300476,0.46372299349956847,0.04507851600646973,0.003550744460045251,0.5,0.03,7,5,600,0.0,10.0,1.0,"{'clf__colsample_bytree': 0.5, 'clf__learning_rate': 0.03, 'clf__max_depth': 7, 'clf__min_child_weight': 5, 'clf__n_estimators': 600, 'clf__reg_alpha': 0.0, 'clf__reg_lambda': 10.0, 'clf__subsample': 1.0}",0.8285385629855563,0.8246872163487518,0.7851521889987046,0.807361763479858,0.8352859885878754,0.8162051440801493,0.018058952343510373,1047,1.0,1.0,1.0,1.0,1.0,1.0,0.0
58.5292528629303,1.1376043453405116,0.0356783390045166,0.002732612048395454,0.5,0.03,7,5,600,0.1,1.0,0.8,"{'clf__colsample_bytree': 0.5, 'clf__learning_rate': 0.03, 'clf__max_depth': 7, 'clf__min_child_weight': 5, 'clf__n_estimators': 600, 'clf__reg_alpha': 0.1, 'clf__reg_lambda': 1.0, 'clf__subsample': 0.8}",0.8371234790195992,0.8263577452388974,0.7921111172193152,0.8022604419431569,0.8263050856481702,0.8168315738138278,0.016826619646315846,1006,1.0,1.0,1.0,1.0,1.0,1.0,0.0
60.61280860900879,1.6324493105192772,0.04317607879638672,0.0034106845335666338,0.5,0.03,7,5,600,0.1,1.0,1.0,"{'clf__colsample_bytree': 0.5, 'clf__learning_rate': 0.03, 'clf__max_depth': 7, 'clf__min_child_weight': 5, 'clf__n_estimators': 600, 'clf__reg_alpha': 0.1, 'clf__reg_lambda': 1.0, 'clf__subsample': 1.0}",0.8232653538121641,0.8207919942170416,0.7869982698852482,0.8197727689206523,0.8476004777651998,0.8196857729200613,0.019296363877514485,727,1.0,1.0,1.0,1.0,1.0,1.0,0.0
67.95527768135071,2.2159584403772024,0.04098353385925293,0.0010241795341444997,0.5,0.03,7,5,600,0.1,10.0,0.8,"{'clf__colsample_bytree': 0.5, 'clf__learning_rate': 0.03, 'clf__max_depth': 7, 'clf__min_child_weight': 5, 'clf__n_estimators': 600, 'clf__reg_alpha': 0.1, 'clf__reg_lambda': 10.0, 'clf__subsample': 0.8}",0.8263535374523219,0.8220694767252805,0.7893090887119961,0.8024692048696931,0.8297193745469608,0.8139841364612505,0.015539782216384372,1143,1.0,1.0,1.0,1.0,1.0,1.0,0.0
72.98153710365295,1.2021311316736896,0.04012422561645508,0.0029240567547055203,0.5,0.03,7,5,600,0.1,10.0,1.0,"{'clf__colsample_bytree': 0.5, 'clf__learning_rate': 0.03, 'clf__max_depth': 7, 'clf__min_child_weight': 5, 'clf__n_estimators': 600, 'clf__reg_alpha': 0.1, 'clf__reg_lambda': 10.0, 'clf__subsample': 1.0}",0.8298114490262443,0.8305280130071376,0.7825497429018556,0.7924194949297548,0.8413963330543842,0.8153410065838752,0.023322013534155445,1096,1.0,1.0,1.0,1.0,1.0,1.0,0.0
68.5453492641449,1.0944200110490954,0.04612507820129395,0.002824377503919961,0.5,0.03,7,5,1000,0.0,1.0,0.8,"{'clf__colsample_bytree': 0.5, 'clf__learning_rate': 0.03, 'clf__max_depth': 7, 'clf__min_child_weight': 5, 'clf__n_estimators': 1000, 'clf__reg_alpha': 0.0, 'clf__reg_lambda': 1.0, 'clf__subsample': 0.8}",0.821380874242217,0.8390417116145272,0.7973639946144165,0.7953190328900404,0.8359584579101746,0.817812814254275,0.018529899857376554,928,1.0,1.0,1.0,1.0,1.0,1.0,0.0
69.475306224823,3.16764594947319,0.047739839553833006,0.003046051168223685,0.5,0.03,7,5,1000,0.0,1.0,1.0,"{'clf__colsample_bytree': 0.5, 'clf__learning_rate': 0.03, 'clf__max_depth': 7, 'clf__min_child_weight': 5, 'clf__n_estimators': 1000, 'clf__reg_alpha': 0.0, 'clf__reg_lambda': 1.0, 'clf__subsample': 1.0}",0.8204881393116688,0.831796240289391,0.783867593933893,0.7893601600064173,0.8394434126069197,0.8129911092296579,0.02243284945146753,1162,1.0,1.0,1.0,1.0,1.0,1.0,0.0
81.14921083450318,3.5533623897292204,0.04664535522460937,0.001382413328485211,0.5,0.03,7,5,1000,0.0,10.0,0.8,"{'clf__colsample_bytree': 0.5, 'clf__learning_rate': 0.03, 'clf__max_depth': 7, 'clf__min_child_weight': 5, 'clf__n_estimators': 1000, 'clf__reg_alpha': 0.0, 'clf__reg_lambda': 10.0, 'clf__subsample': 0.8}",0.8224086762041555,0.8338392712852833,0.7947350448734601,0.7980046948356808,0.8347063943819842,0.8167388163161128,0.017219407644863568,1015,1.0,1.0,1.0,1.0,1.0,1.0,0.0
84.14809460639954,3.0301442361003175,0.04568662643432617,0.0014854723983679073,0.5,0.03,7,5,1000,0.0,10.0,1.0,"{'clf__colsample_bytree': 0.5, 'clf__learning_rate': 0.03, 'clf__max_depth': 7, 'clf__min_child_weight': 5, 'clf__n_estimators': 1000, 'clf__reg_alpha': 0.0, 'clf__reg_lambda': 10.0, 'clf__subsample': 1.0}",0.827602180543357,0.8362415229926397,0.7979809878174364,0.8095916327594441,0.8383408586311429,0.821951436548804,0.015697756505640717,449,1.0,1.0,1.0,1.0,1.0,1.0,0.0
60.85954556465149,3.6229252111727424,0.03785362243652344,0.001282008315064199,0.5,0.03,7,5,1000,0.1,1.0,0.8,"{'clf__colsample_bytree': 0.5, 'clf__learning_rate': 0.03, 'clf__max_depth': 7, 'clf__min_child_weight': 5, 'clf__n_estimators': 1000, 'clf__reg_alpha': 0.1, 'clf__reg_lambda': 1.0, 'clf__subsample': 0.8}",0.832892910464278,0.8260143317445459,0.7947350448734601,0.7983343106235499,0.8229188285333375,0.8149790852478344,0.015444034547621863,1112,1.0,1.0,1.0,1.0,1.0,1.0,0.0
68.68143305778503,1.8764950232590425,0.04086146354675293,0.001301654652013589,0.5,0.03,7,5,1000,0.1,1.0,1.0,"{'clf__colsample_bytree': 0.5, 'clf__learning_rate': 0.03, 'clf__max_depth': 7, 'clf__min_child_weight': 5, 'clf__n_estimators': 1000, 'clf__reg_alpha': 0.1, 'clf__reg_lambda': 1.0, 'clf__subsample': 1.0}",0.8296471010934718,0.8237586646137485,0.7869982698852482,0.7990976567333092,0.8500595539409821,0.8179122492533519,0.02242765940093599,917,1.0,1.0,1.0,1.0,1.0,1.0,0.0
70.30737891197205,5.424282983352962,0.04102787971496582,0.0016636821566948419,0.5,0.03,7,5,1000,0.1,10.0,0.8,"{'clf__colsample_bytree': 0.5, 'clf__learning_rate': 0.03, 'clf__max_depth': 7, 'clf__min_child_weight': 5, 'clf__n_estimators': 1000, 'clf__reg_alpha': 0.1, 'clf__reg_lambda': 10.0, 'clf__subsample': 0.8}",0.8263535374523219,0.8250421354145046,0.7888147295043076,0.7980046948356808,0.8319199826049141,0.8140270159623458,0.01723837815218345,1141,1.0,1.0,1.0,1.0,1.0,1.0,0.0
74.8902416229248,3.1771496063581037,0.043535280227661136,0.0012231545996792877,0.5,0.03,7,5,1000,0.1,10.0,1.0,"{'clf__colsample_bytree': 0.5, 'clf__learning_rate': 0.03, 'clf__max_depth': 7, 'clf__min_child_weight': 5, 'clf__n_estimators': 1000, 'clf__reg_alpha': 0.1, 'clf__reg_lambda': 10.0, 'clf__subsample': 1.0}",0.827602180543357,0.8332437932437933,0.7853862539444979,0.7955284479383151,0.844191383251773,0.8171904117843471,0.02269763678767977,979,1.0,1.0,1.0,1.0,1.0,1.0,0.0
14.519557905197143,0.33599558590089473,0.018070697784423828,0.000799365764403785,0.5,0.1,3,1,300,0.0,1.0,0.8,"{'clf__colsample_bytree': 0.5, 'clf__learning_rate': 0.1, 'clf__max_depth': 3, 'clf__min_child_weight': 1, 'clf__n_estimators': 300, 'clf__reg_alpha': 0.0, 'clf__reg_lambda': 1.0, 'clf__subsample': 0.8}",0.8160367251300029,0.8284619204139305,0.7834819701489584,0.7964887298774825,0.8569498069498069,0.8162838305040363,0.02557301948060392,1041,1.0,1.0,1.0,1.0,1.0,1.0,0.0
15.213324785232544,0.9566886118005953,0.017946863174438478,0.0012204846227563033,0.5,0.1,3,1,300,0.0,1.0,1.0,"{'clf__colsample_bytree': 0.5, 'clf__learning_rate': 0.1, 'clf__max_depth': 3, 'clf__min_child_weight': 1, 'clf__n_estimators': 300, 'clf__reg_alpha': 0.0, 'clf__reg_lambda': 1.0, 'clf__subsample': 1.0}",0.831568667669447,0.8290155614085024,0.7868883122577017,0.7945732838589982,0.849050362782757,0.8182192375954813,0.02360544082248071,885,1.0,1.0,1.0,1.0,1.0,1.0,0.0
15.754816150665283,0.7192183313881572,0.01830258369445801,0.001580605363555381,0.5,0.1,3,1,300,0.0,10.0,0.8,"{'clf__colsample_bytree': 0.5, 'clf__learning_rate': 0.1, 'clf__max_depth': 3, 'clf__min_child_weight': 1, 'clf__n_estimators': 300, 'clf__reg_alpha': 0.0, 'clf__reg_lambda': 10.0, 'clf__subsample': 0.8}",0.8224086762041555,0.8353796591511049,0.7815291588455243,0.7926569088703386,0.8383742354616295,0.8140697277065506,0.022942352842486014,1140,1.0,1.0,1.0,1.0,1.0,1.0,0.0
15.93765082359314,0.6561162626017655,0.018207550048828125,0.0005233753222753326,0.5,0.1,3,1,300,0.0,10.0,1.0,"{'clf__colsample_bytree': 0.5, 'clf__learning_rate': 0.1, 'clf__max_depth': 3, 'clf__min_child_weight': 1, 'clf__n_estimators': 300, 'clf__reg_alpha': 0.0, 'clf__reg_lambda': 10.0, 'clf__subsample': 1.0}",0.8186840636591706,0.8387928990510372,0.793938658877007,0.793589472962538,0.8420312245893642,0.8174072638278232,0.020896782696556645,959,1.0,1.0,1.0,1.0,1.0,1.0,0.0
14.200363636016846,0.9457747026002734,0.01704416275024414,0.0017589224413024354,0.5,0.1,3,1,300,0.1,1.0,0.8,"{'clf__colsample_bytree': 0.5, 'clf__learning_rate': 0.1, 'clf__max_depth': 3, 'clf__min_child_weight': 1, 'clf__n_estimators': 300, 'clf__reg_alpha': 0.1, 'clf__reg_lambda': 1.0, 'clf__subsample': 0.8}",0.8221981298146139,0.8261471055991159,0.7827267328349308,0.7971716509789905,0.8578165028676314,0.8172120244190564,0.025862221467036133,977,1.0,1.0,1.0,1.0,1.0,1.0,0.0
14.773299837112427,0.481472140540883,0.016503572463989258,0.0005827303007897041,0.5,0.1,3,1,300,0.1,1.0,1.0,"{'clf__colsample_bytree': 0.5, 'clf__learning_rate': 0.1, 'clf__max_depth': 3, 'clf__min_child_weight': 1, 'clf__n_estimators': 300, 'clf__reg_alpha': 0.1, 'clf__reg_lambda': 1.0, 'clf__subsample': 1.0}",0.8259508044513495,0.8283312635680801,0.7930921520617591,0.794865346750321,0.8459905962143688,0.8176460326091757,0.020534898977599848,944,1.0,1.0,1.0,1.0,1.0,1.0,0.0
15.139709568023681,0.6045778072014198,0.016238880157470704,0.0007602309249911561,0.5,0.1,3,1,300,0.1,10.0,0.8,"{'clf__colsample_bytree': 0.5, 'clf__learning_rate': 0.1, 'clf__max_depth': 3, 'clf__min_child_weight': 1, 'clf__n_estimators': 300, 'clf__reg_alpha': 0.1, 'clf__reg_lambda': 10.0, 'clf__subsample': 0.8}",0.8190919061688602,0.8368431660153468,0.8038290419085121,0.7874122862660521,0.8443211778199213,0.8182995156357386,0.020904723404110502,879,1.0,1.0,1.0,1.0,1.0,1.0,0.0
14.71246953010559,0.3715497404697101,0.016329002380371094,0.002082642934407664,0.5,0.1,3,1,300,0.1,10.0,1.0,"{'clf__colsample_bytree': 0.5, 'clf__learning_rate': 0.1, 'clf__max_depth': 3, 'clf__min_child_weight': 1, 'clf__n_estimators': 300, 'clf__reg_alpha': 0.1, 'clf__reg_lambda': 10.0, 'clf__subsample': 1.0}",0.8207673629499508,0.8350350990994941,0.7782036528613432,0.798405771483144,0.8438119401562798,0.8152447653100424,0.02405757926070385,1100,1.0,1.0,1.0,1.0,1.0,1.0,0.0
19.964529514312744,0.5188215740176811,0.021871137619018554,0.0011017320362991486,0.5,0.1,3,1,600,0.0,1.0,0.8,"{'clf__colsample_bytree': 0.5, 'clf__learning_rate': 0.1, 'clf__max_depth': 3, 'clf__min_child_weight': 1, 'clf__n_estimators': 600, 'clf__reg_alpha': 0.0, 'clf__reg_lambda': 1.0, 'clf__subsample': 0.8}",0.8160941999177292,0.8343160955875413,0.785020700032995,0.801608370463139,0.8428880471133993,0.8159854826229609,0.021096399134305242,1062,1.0,1.0,1.0,1.0,1.0,1.0,0.0
21.148155307769777,0.6930390143868969,0.0324190616607666,0.012975022973365218,0.5,0.1,3,1,600,0.0,1.0,1.0,"{'clf__colsample_bytree': 0.5, 'clf__learning_rate': 0.1, 'clf__max_depth': 3, 'clf__min_child_weight': 1, 'clf__n_estimators': 600, 'clf__reg_alpha': 0.0, 'clf__reg_lambda': 1.0, 'clf__subsample': 1.0}",0.8250335938571233,0.8368515619670446,0.7993059756341782,0.7879578564510071,0.8569626383006664,0.8212223252420039,0.02499207894783785,538,1.0,1.0,1.0,1.0,1.0,1.0,0.0
25.736921072006226,0.2006142260654305,0.02538924217224121,0.0010037285969188277,0.5,0.1,3,1,600,0.0,10.0,0.8,"{'clf__colsample_bytree': 0.5, 'clf__learning_rate': 0.1, 'clf__max_depth': 3, 'clf__min_child_weight': 1, 'clf__n_estimators': 600, 'clf__reg_alpha': 0.0, 'clf__reg_lambda': 10.0, 'clf__subsample': 0.8}",0.8182281458552949,0.8287614537614538,0.7887999107357434,0.7894311024187257,0.8371549666613266,0.812475115886509,0.019994894773917124,1179,1.0,1.0,1.0,1.0,1.0,1.0,0.0
26.905809926986695,0.6165480780480704,0.0238128662109375,0.0019656031604633533,0.5,0.1,3,1,600,0.0,10.0,1.0,"{'clf__colsample_bytree': 0.5, 'clf__learning_rate': 0.1, 'clf__max_depth': 3, 'clf__min_child_weight': 1, 'clf__n_estimators': 600, 'clf__reg_alpha': 0.0, 'clf__reg_lambda': 10.0, 'clf__subsample': 1.0}",0.8183669271904566,0.8320332885756978,0.8067903373412901,0.795982763413956,0.8420312245893642,0.819040908222153,0.016610631374210608,809,1.0,1.0,1.0,1.0,1.0,1.0,0.0
21.048301792144777,0.5424945421744439,0.02273669242858887,0.0006528227855712698,0.5,0.1,3,1,600,0.1,1.0,0.8,"{'clf__colsample_bytree': 0.5, 'clf__learning_rate': 0.1, 'clf__max_depth': 3, 'clf__min_child_weight': 1, 'clf__n_estimators': 600, 'clf__reg_alpha': 0.1, 'clf__reg_lambda': 1.0, 'clf__subsample': 0.8}",0.8259508044513495,0.8421594144473279,0.786408335765865,0.791708581983518,0.8504730148697728,0.8193400303035666,0.026006471490462417,778,1.0,1.0,1.0,1.0,1.0,1.0,0.0
21.905519247055054,0.40711005196568767,0.02296757698059082,0.001278147793430957,0.5,0.1,3,1,600,0.1,1.0,1.0,"{'clf__colsample_bytree': 0.5, 'clf__learning_rate': 0.1, 'clf__max_depth': 3, 'clf__min_child_weight': 1, 'clf__n_estimators': 600, 'clf__reg_alpha': 0.1, 'clf__reg_lambda': 1.0, 'clf__subsample': 1.0}",0.8219369436943694,0.8404784782163293,0.7889162522480064,0.793237599927345,0.8426806754265974,0.8174499899025296,0.02274838690198007,956,1.0,1.0,1.0,1.0,1.0,1.0,0.0
27.00822229385376,0.09503693188336582,0.025661373138427736,0.0009016275453167797,0.5,0.1,3,1,600,0.1,10.0,0.8,"{'clf__colsample_bytree': 0.5, 'clf__learning_rate': 0.1, 'clf__max_depth': 3, 'clf__min_child_weight': 1, 'clf__n_estimators': 600, 'clf__reg_alpha': 0.1, 'clf__reg_lambda': 10.0, 'clf__subsample': 0.8}",0.8144425784960694,0.8425136855281481,0.8051971274339695,0.7975623178564355,0.8391917446828381,0.8197814907994921,0.01804666129028955,718,1.0,1.0,1.0,1.0,1.0,1.0,0.0
26.612632465362548,0.4296149258411848,0.02592020034790039,0.0009835386996483897,0.5,0.1,3,1,600,0.1,10.0,1.0,"{'clf__colsample_bytree': 0.5, 'clf__learning_rate': 0.1, 'clf__max_depth': 3, 'clf__min_child_weight': 1, 'clf__n_estimators': 600, 'clf__reg_alpha': 0.1, 'clf__reg_lambda': 10.0, 'clf__subsample': 1.0}",0.8242549112103902,0.8425315431436622,0.7793514096836018,0.8049420929440654,0.8389809782303745,0.8180121870424187,0.023432215850272775,908,1.0,1.0,1.0,1.0,1.0,1.0,0.0
24.90543990135193,0.6100442075565664,0.03154478073120117,0.0027971767683792315,0.5,0.1,3,1,1000,0.0,1.0,0.8,"{'clf__colsample_bytree': 0.5, 'clf__learning_rate': 0.1, 'clf__max_depth': 3, 'clf__min_child_weight': 1, 'clf__n_estimators': 1000, 'clf__reg_alpha': 0.0, 'clf__reg_lambda': 1.0, 'clf__subsample': 0.8}",0.817408981027031,0.8317394710944797,0.7904558209947199,0.8082355481918608,0.8415043564691451,0.8178688355554474,0.017863467961411677,924,1.0,1.0,1.0,1.0,1.0,1.0,0.0
27.150703573226927,0.21459885751911928,0.030062103271484376,0.00045747747017686573,0.5,0.1,3,1,1000,0.0,1.0,1.0,"{'clf__colsample_bytree': 0.5, 'clf__learning_rate': 0.1, 'clf__max_depth': 3, 'clf__min_child_weight': 1, 'clf__n_estimators': 1000, 'clf__reg_alpha': 0.0, 'clf__reg_lambda': 1.0, 'clf__subsample': 1.0}",0.8354776074659036,0.8356492772976559,0.7993059756341782,0.7882706701098613,0.8489611973261599,0.8215329455667518,0.02343693910283361,499,1.0,1.0,1.0,1.0,1.0,1.0,0.0
37.080366563797,0.5643853333758777,0.03564519882202148,0.0006216395546381359,0.5,0.1,3,1,1000,0.0,10.0,0.8,"{'clf__colsample_bytree': 0.5, 'clf__learning_rate': 0.1, 'clf__max_depth': 3, 'clf__min_child_weight': 1, 'clf__n_estimators': 1000, 'clf__reg_alpha': 0.0, 'clf__reg_lambda': 10.0, 'clf__subsample': 0.8}",0.8182281458552949,0.8214555994445177,0.7887999107357434,0.7894311024187257,0.8294993089790716,0.8094828134866707,0.01703139522519571,1245,1.0,1.0,1.0,1.0,1.0,1.0,0.0
38.30825510025024,0.7449517495366976,0.035602569580078125,0.001680130269715817,0.5,0.1,3,1,1000,0.0,10.0,1.0,"{'clf__colsample_bytree': 0.5, 'clf__learning_rate': 0.1, 'clf__max_depth': 3, 'clf__min_child_weight': 1, 'clf__n_estimators': 1000, 'clf__reg_alpha': 0.0, 'clf__reg_lambda': 10.0, 'clf__subsample': 1.0}",0.8183669271904566,0.8377521826489419,0.7999415985310838,0.7998026207462895,0.8500595539409821,0.8211845766115508,0.020122828768325517,542,1.0,1.0,1.0,1.0,1.0,1.0,0.0
28.003481769561766,0.7387851251618238,0.031096220016479492,0.0007919230212637607,0.5,0.1,3,1,1000,0.1,1.0,0.8,"{'clf__colsample_bytree': 0.5, 'clf__learning_rate': 0.1, 'clf__max_depth': 3, 'clf__min_child_weight': 1, 'clf__n_estimators': 1000, 'clf__reg_alpha': 0.1, 'clf__reg_lambda': 1.0, 'clf__subsample': 0.8}",0.8310726954551335,0.8421594144473279,0.786408335765865,0.791708581983518,0.8504730148697728,0.8203644085043236,0.026345356859059782,657,1.0,1.0,1.0,1.0,1.0,1.0,0.0
28.874709367752075,0.8336954605060043,0.0326484203338623,0.0012517611496521029,0.5,0.1,3,1,1000,0.1,1.0,1.0,"{'clf__colsample_bytree': 0.5, 'clf__learning_rate': 0.1, 'clf__max_depth': 3, 'clf__min_child_weight': 1, 'clf__n_estimators': 1000, 'clf__reg_alpha': 0.1, 'clf__reg_lambda': 1.0, 'clf__subsample': 1.0}",0.8255441975957409,0.8405600518037053,0.7851994501045787,0.8009910709151696,0.8475130895284372,0.8199615719895263,0.02359166898278855,695,1.0,1.0,1.0,1.0,1.0,1.0,0.0
38.966706323623654,0.9278470509019389,0.03440136909484863,0.001570715259997516,0.5,0.1,3,1,1000,0.1,10.0,0.8,"{'clf__colsample_bytree': 0.5, 'clf__learning_rate': 0.1, 'clf__max_depth': 3, 'clf__min_child_weight': 1, 'clf__n_estimators': 1000, 'clf__reg_alpha': 0.1, 'clf__reg_lambda': 10.0, 'clf__subsample': 0.8}",0.8144425784960694,0.8425136855281481,0.8087103536274152,0.7975623178564355,0.841958670260557,0.8210375211537251,0.01814087987896995,566,1.0,1.0,1.0,1.0,1.0,1.0,0.0
40.327340269088744,1.3285484715700102,0.03667263984680176,0.0008919731150524032,0.5,0.1,3,1,1000,0.1,10.0,1.0,"{'clf__colsample_bytree': 0.5, 'clf__learning_rate': 0.1, 'clf__max_depth': 3, 'clf__min_child_weight': 1, 'clf__n_estimators': 1000, 'clf__reg_alpha': 0.1, 'clf__reg_lambda': 10.0, 'clf__subsample': 1.0}",0.8242549112103902,0.8399633513825023,0.7877942536560861,0.8049045620203115,0.8389809782303745,0.8191796112999329,0.02019224781782687,792,1.0,1.0,1.0,1.0,1.0,1.0,0.0
10.78481330871582,0.32269008971226376,0.015576362609863281,0.0006041243583405956,0.5,0.1,3,3,300,0.0,1.0,0.8,"{'clf__colsample_bytree': 0.5, 'clf__learning_rate': 0.1, 'clf__max_depth': 3, 'clf__min_child_weight': 3, 'clf__n_estimators': 300, 'clf__reg_alpha': 0.0, 'clf__reg_lambda': 1.0, 'clf__subsample': 0.8}",0.8190919061688602,0.8171208813883277,0.7935454745768843,0.7900923302462609,0.8563679058895068,0.815243699653968,0.023718925767103927,1101,1.0,1.0,1.0,1.0,1.0,1.0,0.0
11.07469973564148,0.2015007848153222,0.015166330337524413,0.0008103753496473807,0.5,0.1,3,3,300,0.0,1.0,1.0,"{'clf__colsample_bytree': 0.5, 'clf__learning_rate': 0.1, 'clf__max_depth': 3, 'clf__min_child_weight': 3, 'clf__n_estimators': 300, 'clf__reg_alpha': 0.0, 'clf__reg_lambda': 1.0, 'clf__subsample': 1.0}",0.8280322581525039,0.8371352121352122,0.8054604593002905,0.8085858585858585,0.8405686450839926,0.8239564866515716,0.014454160379618412,241,1.0,1.0,1.0,1.0,1.0,1.0,0.0
12.578211879730224,0.47365361300503434,0.015416622161865234,0.0011645723442333302,0.5,0.1,3,3,300,0.0,10.0,0.8,"{'clf__colsample_bytree': 0.5, 'clf__learning_rate': 0.1, 'clf__max_depth': 3, 'clf__min_child_weight': 3, 'clf__n_estimators': 300, 'clf__reg_alpha': 0.0, 'clf__reg_lambda': 10.0, 'clf__subsample': 0.8}",0.818997863555623,0.8196302273115764,0.7975327080948689,0.7828092269360161,0.8382911236865802,0.8114522299169329,0.019278574401102734,1209,1.0,1.0,1.0,1.0,1.0,1.0,0.0
13.002778244018554,0.4714308552696065,0.015255546569824219,0.0010295586809184163,0.5,0.1,3,3,300,0.0,10.0,1.0,"{'clf__colsample_bytree': 0.5, 'clf__learning_rate': 0.1, 'clf__max_depth': 3, 'clf__min_child_weight': 3, 'clf__n_estimators': 300, 'clf__reg_alpha': 0.0, 'clf__reg_lambda': 10.0, 'clf__subsample': 1.0}",0.8325445349757277,0.836287852351563,0.7944972452438707,0.7907252564786811,0.8491758512751633,0.8206461480650011,0.023576273502802662,614,1.0,1.0,1.0,1.0,1.0,1.0,0.0
10.943413972854614,0.36079979316062216,0.014243173599243163,0.0011187616307767336,0.5,0.1,3,3,300,0.1,1.0,0.8,"{'clf__colsample_bytree': 0.5, 'clf__learning_rate': 0.1, 'clf__max_depth': 3, 'clf__min_child_weight': 3, 'clf__n_estimators': 300, 'clf__reg_alpha': 0.1, 'clf__reg_lambda': 1.0, 'clf__subsample': 0.8}",0.8190919061688602,0.8387620695563617,0.7909643137748488,0.7932578016677954,0.8618938923622652,0.8207939967060263,0.02706659268568349,598,1.0,1.0,1.0,1.0,1.0,1.0,0.0
11.041812133789062,0.25910854990863735,0.014687633514404297,0.0006053818458091259,0.5,0.1,3,3,300,0.1,1.0,1.0,"{'clf__colsample_bytree': 0.5, 'clf__learning_rate': 0.1, 'clf__max_depth': 3, 'clf__min_child_weight': 3, 'clf__n_estimators': 300, 'clf__reg_alpha': 0.1, 'clf__reg_lambda': 1.0, 'clf__subsample': 1.0}",0.8441137876069382,0.8265060423940532,0.7857859688015754,0.7976581852087172,0.8422680858428522,0.819266413970827,0.023608205625138677,785,1.0,1.0,1.0,1.0,1.0,1.0,0.0
12.446152925491333,0.2877140323591154,0.015031814575195312,0.0009443612387664574,0.5,0.1,3,3,300,0.1,10.0,0.8,"{'clf__colsample_bytree': 0.5, 'clf__learning_rate': 0.1, 'clf__max_depth': 3, 'clf__min_child_weight': 3, 'clf__n_estimators': 300, 'clf__reg_alpha': 0.1, 'clf__reg_lambda': 10.0, 'clf__subsample': 0.8}",0.81862310884493,0.823194463974699,0.7948883878108407,0.8026642129720105,0.8358007860245584,0.8150341919254076,0.014625946791798152,1111,1.0,1.0,1.0,1.0,1.0,1.0,0.0
12.884867715835572,0.2638768652761739,0.015262746810913086,0.00039734819506757934,0.5,0.1,3,3,300,0.1,10.0,1.0,"{'clf__colsample_bytree': 0.5, 'clf__learning_rate': 0.1, 'clf__max_depth': 3, 'clf__min_child_weight': 3, 'clf__n_estimators': 300, 'clf__reg_alpha': 0.1, 'clf__reg_lambda': 10.0, 'clf__subsample': 1.0}",0.8101085376820671,0.8276037427435688,0.8067541998005574,0.7833980188662423,0.8372814001335127,0.8130291798451896,0.018582245820987275,1160,1.0,1.0,1.0,1.0,1.0,1.0,0.0
16.084930086135863,0.4772528811846601,0.021337413787841798,0.0005724776848137174,0.5,0.1,3,3,600,0.0,1.0,0.8,"{'clf__colsample_bytree': 0.5, 'clf__learning_rate': 0.1, 'clf__max_depth': 3, 'clf__min_child_weight': 3, 'clf__n_estimators': 600, 'clf__reg_alpha': 0.0, 'clf__reg_lambda': 1.0, 'clf__subsample': 0.8}",0.8152702770277027,0.8200368126538049,0.7986145041098601,0.793698988716548,0.8614973069113016,0.8178235778838434,0.023957448438086622,927,1.0,1.0,1.0,1.0,1.0,1.0,0.0
16.84052357673645,0.6619133694056637,0.021777915954589843,0.0005273703294489112,0.5,0.1,3,3,600,0.0,1.0,1.0,"{'clf__colsample_bytree': 0.5, 'clf__learning_rate': 0.1, 'clf__max_depth': 3, 'clf__min_child_weight': 3, 'clf__n_estimators': 600, 'clf__reg_alpha': 0.0, 'clf__reg_lambda': 1.0, 'clf__subsample': 1.0}",0.8204321081156011,0.830483979955811,0.8081068803820928,0.8044889453019404,0.8402515706219591,0.8207526968754809,0.013412181142184641,600,1.0,1.0,1.0,1.0,1.0,1.0,0.0
20.622709274291992,0.543812745787552,0.023160552978515624,0.0011181948748625106,0.5,0.1,3,3,600,0.0,10.0,0.8,"{'clf__colsample_bytree': 0.5, 'clf__learning_rate': 0.1, 'clf__max_depth': 3, 'clf__min_child_weight': 3, 'clf__n_estimators': 600, 'clf__reg_alpha': 0.0, 'clf__reg_lambda': 10.0, 'clf__subsample': 0.8}",0.818997863555623,0.8226013902477257,0.7994532375327078,0.7963937457684077,0.834209275712066,0.8143311025633061,0.014341671596649681,1129,1.0,1.0,1.0,1.0,1.0,1.0,0.0
21.589815664291383,0.5969335573253327,0.02249460220336914,0.000563584373269771,0.5,0.1,3,3,600,0.0,10.0,1.0,"{'clf__colsample_bytree': 0.5, 'clf__learning_rate': 0.1, 'clf__max_depth': 3, 'clf__min_child_weight': 3, 'clf__n_estimators': 600, 'clf__reg_alpha': 0.0, 'clf__reg_lambda': 10.0, 'clf__subsample': 1.0}",0.828317399312545,0.8221038249079011,0.8030942039564931,0.8035812914518969,0.8390378424883466,0.8192269124234366,0.014060129909965588,786,1.0,1.0,1.0,1.0,1.0,1.0,0.0
16.183076667785645,0.34291567258519406,0.022069311141967772,0.00035185172536153275,0.5,0.1,3,3,600,0.1,1.0,0.8,"{'clf__colsample_bytree': 0.5, 'clf__learning_rate': 0.1, 'clf__max_depth': 3, 'clf__min_child_weight': 3, 'clf__n_estimators': 600, 'clf__reg_alpha': 0.1, 'clf__reg_lambda': 1.0, 'clf__subsample': 0.8}",0.8106117141094066,0.8323275198275198,0.7992142263759461,0.795859133126935,0.8568562118394965,0.8189737610558607,0.02283879162696823,816,1.0,1.0,1.0,1.0,1.0,1.0,0.0
17.337143754959108,0.3998039369077601,0.022734737396240233,0.0011353407282309424,0.5,0.1,3,3,600,0.1,1.0,1.0,"{'clf__colsample_bytree': 0.5, 'clf__learning_rate': 0.1, 'clf__max_depth': 3, 'clf__min_child_weight': 3, 'clf__n_estimators': 600, 'clf__reg_alpha': 0.1, 'clf__reg_lambda': 1.0, 'clf__subsample': 1.0}",0.83453384422762,0.8274497986382194,0.782407590423197,0.797272549180615,0.8422680858428522,0.8167863736625008,0.0229812492360172,1009,1.0,1.0,1.0,1.0,1.0,1.0,0.0
21.168305444717408,0.6856485970520799,0.024446678161621094,0.0016581894656820038,0.5,0.1,3,3,600,0.1,10.0,0.8,"{'clf__colsample_bytree': 0.5, 'clf__learning_rate': 0.1, 'clf__max_depth': 3, 'clf__min_child_weight': 3, 'clf__n_estimators': 600, 'clf__reg_alpha': 0.1, 'clf__reg_lambda': 10.0, 'clf__subsample': 0.8}",0.81862310884493,0.816593694308156,0.7949243488057058,0.8022640128905562,0.8316636717580113,0.812813767321472,0.01292040098148941,1169,1.0,1.0,1.0,1.0,1.0,1.0,0.0
22.427572870254515,0.6921557717000894,0.022668933868408202,0.0011024091022559393,0.5,0.1,3,3,600,0.1,10.0,1.0,"{'clf__colsample_bytree': 0.5, 'clf__learning_rate': 0.1, 'clf__max_depth': 3, 'clf__min_child_weight': 3, 'clf__n_estimators': 600, 'clf__reg_alpha': 0.1, 'clf__reg_lambda': 10.0, 'clf__subsample': 1.0}",0.8160941999177292,0.8265096652791242,0.8045874301137459,0.8014013266998342,0.8254547999467832,0.8148094843914432,0.010355062108939198,1117,1.0,1.0,1.0,1.0,1.0,1.0,0.0
20.583092498779298,0.5708250799120377,0.027686166763305663,0.0002823261125168132,0.5,0.1,3,3,1000,0.0,1.0,0.8,"{'clf__colsample_bytree': 0.5, 'clf__learning_rate': 0.1, 'clf__max_depth': 3, 'clf__min_child_weight': 3, 'clf__n_estimators': 1000, 'clf__reg_alpha': 0.0, 'clf__reg_lambda': 1.0, 'clf__subsample': 0.8}",0.8145441240956675,0.819390919158361,0.7957481353678899,0.7978183975088505,0.8505421247362548,0.8156087401734048,0.01973179950053359,1080,1.0,1.0,1.0,1.0,1.0,1.0,0.0
22.64714651107788,0.9696136384258689,0.03017740249633789,0.0012971706694940872,0.5,0.1,3,3,1000,0.0,1.0,1.0,"{'clf__colsample_bytree': 0.5, 'clf__learning_rate': 0.1, 'clf__max_depth': 3, 'clf__min_child_weight': 3, 'clf__n_estimators': 1000, 'clf__reg_alpha': 0.0, 'clf__reg_lambda': 1.0, 'clf__subsample': 1.0}",0.815340003823848,0.8274497986382194,0.7993417821255596,0.8049253403601229,0.8326843735294439,0.8159482596954388,0.012728179190082012,1066,1.0,1.0,1.0,1.0,1.0,1.0,0.0
29.688054704666136,1.0007281022310384,0.0329554557800293,0.0011472789366905728,0.5,0.1,3,3,1000,0.0,10.0,0.8,"{'clf__colsample_bytree': 0.5, 'clf__learning_rate': 0.1, 'clf__max_depth': 3, 'clf__min_child_weight': 3, 'clf__n_estimators': 1000, 'clf__reg_alpha': 0.0, 'clf__reg_lambda': 10.0, 'clf__subsample': 0.8}",0.8159850757356206,0.8196302273115764,0.7994532375327078,0.80410143919725,0.8288665482974791,0.8136073056149268,0.010634594523372003,1152,1.0,1.0,1.0,1.0,1.0,1.0,0.0
31.318378305435182,0.850774562871622,0.0337799072265625,0.0005399006364279355,0.5,0.1,3,3,1000,0.0,10.0,1.0,"{'clf__colsample_bytree': 0.5, 'clf__learning_rate': 0.1, 'clf__max_depth': 3, 'clf__min_child_weight': 3, 'clf__n_estimators': 1000, 'clf__reg_alpha': 0.0, 'clf__reg_lambda': 10.0, 'clf__subsample': 1.0}",0.823178837481819,0.8221038249079011,0.8062943345962214,0.8015717059770768,0.8343254667181909,0.8174948339362418,0.01196509994436761,954,1.0,1.0,1.0,1.0,1.0,1.0,0.0
21.701740407943724,0.879282889378904,0.028864002227783202,0.0004944978957264406,0.5,0.1,3,3,1000,0.1,1.0,0.8,"{'clf__colsample_bytree': 0.5, 'clf__learning_rate': 0.1, 'clf__max_depth': 3, 'clf__min_child_weight': 3, 'clf__n_estimators': 1000, 'clf__reg_alpha': 0.1, 'clf__reg_lambda': 1.0, 'clf__subsample': 0.8}",0.811086230080498,0.8223436968155278,0.7966317536395904,0.796524441324068,0.8477811839455378,0.8148734611610443,0.01909194689458393,1116,1.0,1.0,1.0,1.0,1.0,1.0,0.0
23.2134388923645,0.8372936934169696,0.02820897102355957,0.0018341814169520556,0.5,0.1,3,3,1000,0.1,1.0,1.0,"{'clf__colsample_bytree': 0.5, 'clf__learning_rate': 0.1, 'clf__max_depth': 3, 'clf__min_child_weight': 3, 'clf__n_estimators': 1000, 'clf__reg_alpha': 0.1, 'clf__reg_lambda': 1.0, 'clf__subsample': 1.0}",0.8301362636314091,0.8271056015774325,0.7843107557556674,0.7998748353096179,0.8374697069006377,0.815779432634953,0.020239083662601694,1074,1.0,1.0,1.0,1.0,1.0,1.0,0.0
30.13281841278076,1.2186217184144539,0.031203031539916992,0.0007813456060538853,0.5,0.1,3,3,1000,0.1,10.0,0.8,"{'clf__colsample_bytree': 0.5, 'clf__learning_rate': 0.1, 'clf__max_depth': 3, 'clf__min_child_weight': 3, 'clf__n_estimators': 1000, 'clf__reg_alpha': 0.1, 'clf__reg_lambda': 10.0, 'clf__subsample': 0.8}",0.8144425784960694,0.8195866418382404,0.8064589187376165,0.8026887532392187,0.8325352641373769,0.8151424312897045,0.010519020135230922,1105,1.0,1.0,1.0,1.0,1.0,1.0,0.0
31.067622804641722,1.129161379690665,0.03495349884033203,0.005840421591074976,0.5,0.1,3,3,1000,0.1,10.0,1.0,"{'clf__colsample_bytree': 0.5, 'clf__learning_rate': 0.1, 'clf__max_depth': 3, 'clf__min_child_weight': 3, 'clf__n_estimators': 1000, 'clf__reg_alpha': 0.1, 'clf__reg_lambda': 10.0, 'clf__subsample': 1.0}",0.8196113637290108,0.8230895030982468,0.805987480987481,0.8055510230510231,0.8265857494489561,0.8161650240629437,0.008771049938392715,1051,1.0,1.0,1.0,1.0,1.0,1.0,0.0
10.025024032592773,0.3860361241088976,0.014928531646728516,0.0007332420568667372,0.5,0.1,3,5,300,0.0,1.0,0.8,"{'clf__colsample_bytree': 0.5, 'clf__learning_rate': 0.1, 'clf__max_depth': 3, 'clf__min_child_weight': 5, 'clf__n_estimators': 300, 'clf__reg_alpha': 0.0, 'clf__reg_lambda': 1.0, 'clf__subsample': 0.8}",0.8382581079498888,0.832875827420474,0.8000300963458892,0.7980964655648548,0.8396700397580679,0.821786107407835,0.018701159729279018,469,1.0,1.0,1.0,1.0,1.0,1.0,0.0
10.343451642990113,0.2696838472103678,0.014647245407104492,0.00035580047394088955,0.5,0.1,3,5,300,0.0,1.0,1.0,"{'clf__colsample_bytree': 0.5, 'clf__learning_rate': 0.1, 'clf__max_depth': 3, 'clf__min_child_weight': 5, 'clf__n_estimators': 300, 'clf__reg_alpha': 0.0, 'clf__reg_lambda': 1.0, 'clf__subsample': 1.0}",0.8290549478442111,0.831175367066349,0.8010059953007818,0.808609853115797,0.8400614510246602,0.8219815228703599,0.014698423200280428,443,1.0,1.0,1.0,1.0,1.0,1.0,0.0
11.864644145965576,0.2585419279611744,0.015012884140014648,0.0012145389661254414,0.5,0.1,3,5,300,0.0,10.0,0.8,"{'clf__colsample_bytree': 0.5, 'clf__learning_rate': 0.1, 'clf__max_depth': 3, 'clf__min_child_weight': 5, 'clf__n_estimators': 300, 'clf__reg_alpha': 0.0, 'clf__reg_lambda': 10.0, 'clf__subsample': 0.8}",0.8240343136844925,0.8237861212861213,0.7963075414199281,0.7981914696555006,0.8346967079361445,0.8154032307964373,0.015348594588819544,1092,1.0,1.0,1.0,1.0,1.0,1.0,0.0
12.15779504776001,0.48331388188188673,0.015488052368164062,0.0006982869282358794,0.5,0.1,3,5,300,0.0,10.0,1.0,"{'clf__colsample_bytree': 0.5, 'clf__learning_rate': 0.1, 'clf__max_depth': 3, 'clf__min_child_weight': 5, 'clf__n_estimators': 300, 'clf__reg_alpha': 0.0, 'clf__reg_lambda': 10.0, 'clf__subsample': 1.0}",0.8214868065900764,0.8222015368651108,0.7899970514521598,0.7934961413253807,0.834209275712066,0.8122781623889587,0.017398036903158522,1190,1.0,1.0,1.0,1.0,1.0,1.0,0.0
9.900946283340454,0.22767994508630834,0.015022897720336914,0.0006657270857235758,0.5,0.1,3,5,300,0.1,1.0,0.8,"{'clf__colsample_bytree': 0.5, 'clf__learning_rate': 0.1, 'clf__max_depth': 3, 'clf__min_child_weight': 5, 'clf__n_estimators': 300, 'clf__reg_alpha': 0.1, 'clf__reg_lambda': 1.0, 'clf__subsample': 0.8}",0.8140707820782077,0.8373335228202456,0.7981861594291367,0.7934539811239624,0.8475302296873026,0.818114935027771,0.02124282275984094,896,1.0,1.0,1.0,1.0,1.0,1.0,0.0
10.43349289894104,0.145838477513821,0.013966512680053712,0.0006431735670100945,0.5,0.1,3,5,300,0.1,1.0,1.0,"{'clf__colsample_bytree': 0.5, 'clf__learning_rate': 0.1, 'clf__max_depth': 3, 'clf__min_child_weight': 5, 'clf__n_estimators': 300, 'clf__reg_alpha': 0.1, 'clf__reg_lambda': 1.0, 'clf__subsample': 1.0}",0.8281307724135893,0.8286141636141636,0.7999017517093077,0.794563530385597,0.8263335333573121,0.8155087502959939,0.015036780711850805,1087,1.0,1.0,1.0,1.0,1.0,1.0,0.0
11.459960079193115,0.4887148458939441,0.015218114852905274,0.0012476126054263355,0.5,0.1,3,5,300,0.1,10.0,0.8,"{'clf__colsample_bytree': 0.5, 'clf__learning_rate': 0.1, 'clf__max_depth': 3, 'clf__min_child_weight': 5, 'clf__n_estimators': 300, 'clf__reg_alpha': 0.1, 'clf__reg_lambda': 10.0, 'clf__subsample': 0.8}",0.8016004184986572,0.824699359686676,0.801988292593637,0.7947419261779342,0.8328789354732751,0.8111817864860358,0.014832956608971505,1220,1.0,1.0,1.0,1.0,1.0,1.0,0.0
11.902522039413451,0.36371065236807204,0.015888261795043945,0.0013715630445167942,0.5,0.1,3,5,300,0.1,10.0,1.0,"{'clf__colsample_bytree': 0.5, 'clf__learning_rate': 0.1, 'clf__max_depth': 3, 'clf__min_child_weight': 5, 'clf__n_estimators': 300, 'clf__reg_alpha': 0.1, 'clf__reg_lambda': 10.0, 'clf__subsample': 1.0}",0.8198611691097393,0.8197650093264822,0.7911859869657248,0.7910984848484848,0.8400614510246602,0.8123944202550183,0.018861903513451832,1185,1.0,1.0,1.0,1.0,1.0,1.0,0.0
14.43731427192688,0.3738356600414435,0.02163357734680176,0.003523032761021582,0.5,0.1,3,5,600,0.0,1.0,0.8,"{'clf__colsample_bytree': 0.5, 'clf__learning_rate': 0.1, 'clf__max_depth': 3, 'clf__min_child_weight': 5, 'clf__n_estimators': 600, 'clf__reg_alpha': 0.0, 'clf__reg_lambda': 1.0, 'clf__subsample': 0.8}",0.8263681204857676,0.8284000438889623,0.8085406469193117,0.8021305523611472,0.8454896798206657,0.8221858086951709,0.01541157102247501,421,1.0,1.0,1.0,1.0,1.0,1.0,0.0
15.519763565063476,0.5882661688530124,0.022183990478515624,0.0007208222992325681,0.5,0.1,3,5,600,0.0,1.0,1.0,"{'clf__colsample_bytree': 0.5, 'clf__learning_rate': 0.1, 'clf__max_depth': 3, 'clf__min_child_weight': 5, 'clf__n_estimators': 600, 'clf__reg_alpha': 0.0, 'clf__reg_lambda': 1.0, 'clf__subsample': 1.0}",0.8196823339853154,0.8286019758816551,0.8035929301297984,0.8133696555545294,0.8387339295358163,0.820796165017423,0.01212467758033021,597,1.0,1.0,1.0,1.0,1.0,1.0,0.0
18.523443984985352,0.5769688918180113,0.022379112243652344,0.0004026766115076737,0.5,0.1,3,5,600,0.0,10.0,0.8,"{'clf__colsample_bytree': 0.5, 'clf__learning_rate': 0.1, 'clf__max_depth': 3, 'clf__min_child_weight': 5, 'clf__n_estimators': 600, 'clf__reg_alpha': 0.0, 'clf__reg_lambda': 10.0, 'clf__subsample': 0.8}",0.8182281458552949,0.8294582461975191,0.7989352028131238,0.8047089138057788,0.8387339295358163,0.8180128876415065,0.014841549272180883,906,1.0,1.0,1.0,1.0,1.0,1.0,0.0
20.10651812553406,0.6278716514707467,0.02910013198852539,0.011259386442971354,0.5,0.1,3,5,600,0.0,10.0,1.0,"{'clf__colsample_bytree': 0.5, 'clf__learning_rate': 0.1, 'clf__max_depth': 3, 'clf__min_child_weight': 5, 'clf__n_estimators': 600, 'clf__reg_alpha': 0.0, 'clf__reg_lambda': 10.0, 'clf__subsample': 1.0}",0.8245694556361358,0.8284168937098431,0.7956973954317808,0.807582282004667,0.8323386554614848,0.8177209364487823,0.013876686195119066,937,1.0,1.0,1.0,1.0,1.0,1.0,0.0
15.423941612243652,0.45874245781175327,0.021672868728637697,0.0006129484809262538,0.5,0.1,3,5,600,0.1,1.0,0.8,"{'clf__colsample_bytree': 0.5, 'clf__learning_rate': 0.1, 'clf__max_depth': 3, 'clf__min_child_weight': 5, 'clf__n_estimators': 600, 'clf__reg_alpha': 0.1, 'clf__reg_lambda': 1.0, 'clf__subsample': 0.8}",0.8161148602325072,0.8443700570182935,0.8120241894431386,0.7986009495008618,0.8456123670178615,0.8233444846425325,0.018604259528550965,303,1.0,1.0,1.0,1.0,1.0,1.0,0.0
15.903723573684692,0.38887852655489596,0.021267223358154296,0.0002783766753368752,0.5,0.1,3,5,600,0.1,1.0,1.0,"{'clf__colsample_bytree': 0.5, 'clf__learning_rate': 0.1, 'clf__max_depth': 3, 'clf__min_child_weight': 5, 'clf__n_estimators': 600, 'clf__reg_alpha': 0.1, 'clf__reg_lambda': 1.0, 'clf__subsample': 1.0}",0.8236241136596105,0.822270072006648,0.7968113818159613,0.803768184283528,0.8471450593582596,0.8187237622248016,0.017596486096610284,836,1.0,1.0,1.0,1.0,1.0,1.0,0.0
19.37758164405823,1.0303166816873792,0.023660898208618164,0.0010823292000661725,0.5,0.1,3,5,600,0.1,10.0,0.8,"{'clf__colsample_bytree': 0.5, 'clf__learning_rate': 0.1, 'clf__max_depth': 3, 'clf__min_child_weight': 5, 'clf__n_estimators': 600, 'clf__reg_alpha': 0.1, 'clf__reg_lambda': 10.0, 'clf__subsample': 0.8}",0.8057885407808727,0.8335479757739714,0.8037006042503518,0.7993081975742204,0.8366492452000763,0.8157989127158987,0.015926618624361236,1072,1.0,1.0,1.0,1.0,1.0,1.0,0.0
20.515551328659058,0.9115115158039285,0.028741836547851562,0.010645771127635244,0.5,0.1,3,5,600,0.1,10.0,1.0,"{'clf__colsample_bytree': 0.5, 'clf__learning_rate': 0.1, 'clf__max_depth': 3, 'clf__min_child_weight': 5, 'clf__n_estimators': 600, 'clf__reg_alpha': 0.1, 'clf__reg_lambda': 10.0, 'clf__subsample': 1.0}",0.828317399312545,0.8197020529084711,0.7986379113056965,0.8006162456812432,0.8372814001335127,0.8169110018682938,0.015180737214990804,997,1.0,1.0,1.0,1.0,1.0,1.0,0.0
19.09074673652649,0.8018417849103945,0.029866647720336915,0.0061259362995762295,0.5,0.1,3,5,1000,0.0,1.0,0.8,"{'clf__colsample_bytree': 0.5, 'clf__learning_rate': 0.1, 'clf__max_depth': 3, 'clf__min_child_weight': 5, 'clf__n_estimators': 1000, 'clf__reg_alpha': 0.0, 'clf__reg_lambda': 1.0, 'clf__subsample': 0.8}",0.8315349640228573,0.8284000438889623,0.8080793290503887,0.8076571224041484,0.842307299854116,0.8235957518440946,0.013645758503946077,281,1.0,1.0,1.0,1.0,1.0,1.0,0.0
20.753765678405763,0.9566780008034297,0.02975006103515625,0.001876027585334888,0.5,0.1,3,5,1000,0.0,1.0,1.0,"{'clf__colsample_bytree': 0.5, 'clf__learning_rate': 0.1, 'clf__max_depth': 3, 'clf__min_child_weight': 5, 'clf__n_estimators': 1000, 'clf__reg_alpha': 0.0, 'clf__reg_lambda': 1.0, 'clf__subsample': 1.0}",0.8196823339853154,0.8373173250026476,0.805581382019905,0.8071211164037698,0.8411736903015972,0.8221751695426469,0.0148217488332317,422,1.0,1.0,1.0,1.0,1.0,1.0,0.0
26.863647270202637,0.6140285980931575,0.03453936576843262,0.0019188269383184327,0.5,0.1,3,5,1000,0.0,10.0,0.8,"{'clf__colsample_bytree': 0.5, 'clf__learning_rate': 0.1, 'clf__max_depth': 3, 'clf__min_child_weight': 5, 'clf__n_estimators': 1000, 'clf__reg_alpha': 0.0, 'clf__reg_lambda': 10.0, 'clf__subsample': 0.8}",0.8096544514727848,0.8234618261762878,0.80199923544372,0.807310891827897,0.8353948854586,0.815564258075858,0.012187526999463091,1085,1.0,1.0,1.0,1.0,1.0,1.0,0.0
29.321525287628173,0.8285860058235531,0.037240219116210935,0.0008121415307443822,0.5,0.1,3,5,1000,0.0,10.0,1.0,"{'clf__colsample_bytree': 0.5, 'clf__learning_rate': 0.1, 'clf__max_depth': 3, 'clf__min_child_weight': 5, 'clf__n_estimators': 1000, 'clf__reg_alpha': 0.0, 'clf__reg_lambda': 10.0, 'clf__subsample': 1.0}",0.8281675057410351,0.8224653779416875,0.8043745683846355,0.8179016567867456,0.835541338991843,0.8216900895691893,0.010474679944821333,478,1.0,1.0,1.0,1.0,1.0,1.0,0.0
20.69024806022644,0.7659948514609031,0.03174710273742676,0.0019316842896021187,0.5,0.1,3,5,1000,0.1,1.0,0.8,"{'clf__colsample_bytree': 0.5, 'clf__learning_rate': 0.1, 'clf__max_depth': 3, 'clf__min_child_weight': 5, 'clf__n_estimators': 1000, 'clf__reg_alpha': 0.1, 'clf__reg_lambda': 1.0, 'clf__subsample': 0.8}",0.8161148602325072,0.8377089644876358,0.8032429955549494,0.804417163541041,0.8310547687571277,0.8185077505146523,0.013880904826101,860,1.0,1.0,1.0,1.0,1.0,1.0,0.0
22.297648668289185,1.2357070579796698,0.03395233154296875,0.0019090908593163188,0.5,0.1,3,5,1000,0.1,1.0,1.0,"{'clf__colsample_bytree': 0.5, 'clf__learning_rate': 0.1, 'clf__max_depth': 3, 'clf__min_child_weight': 5, 'clf__n_estimators': 1000, 'clf__reg_alpha': 0.1, 'clf__reg_lambda': 1.0, 'clf__subsample': 1.0}",0.8180181595760261,0.822270072006648,0.8084585636642356,0.8072402111880855,0.8363513349494658,0.8184676682768922,0.010589842620927213,865,1.0,1.0,1.0,1.0,1.0,1.0,0.0
29.235363006591797,0.26818378632805556,0.03989763259887695,0.0020878883384354264,0.5,0.1,3,5,1000,0.1,10.0,0.8,"{'clf__colsample_bytree': 0.5, 'clf__learning_rate': 0.1, 'clf__max_depth': 3, 'clf__min_child_weight': 5, 'clf__n_estimators': 1000, 'clf__reg_alpha': 0.1, 'clf__reg_lambda': 10.0, 'clf__subsample': 0.8}",0.8019588829562861,0.8278851270862074,0.8115323530125964,0.8122215583540153,0.8281342813298644,0.816346440547794,0.010191039031357488,1035,1.0,1.0,1.0,1.0,1.0,1.0,0.0
31.82709083557129,1.503825978500973,0.04141058921813965,0.0009889105418293789,0.5,0.1,3,5,1000,0.1,10.0,1.0,"{'clf__colsample_bytree': 0.5, 'clf__learning_rate': 0.1, 'clf__max_depth': 3, 'clf__min_child_weight': 5, 'clf__n_estimators': 1000, 'clf__reg_alpha': 0.1, 'clf__reg_lambda': 10.0, 'clf__subsample': 1.0}",0.828317399312545,0.813732004429679,0.8106375206427334,0.8041847498521039,0.834203875665966,0.8182151099806054,0.011243362297615505,886,1.0,1.0,1.0,1.0,1.0,1.0,0.0
22.504081392288207,0.590872278065372,0.021797704696655273,0.0011251494225204748,0.5,0.1,5,1,300,0.0,1.0,0.8,"{'clf__colsample_bytree': 0.5, 'clf__learning_rate': 0.1, 'clf__max_depth': 5, 'clf__min_child_weight': 1, 'clf__n_estimators': 300, 'clf__reg_alpha': 0.0, 'clf__reg_lambda': 1.0, 'clf__subsample': 0.8}",0.8437392749094876,0.8503866503866504,0.7907599580712789,0.7978893437030474,0.8483289664796514,0.826220838710023,0.02622898793071776,106,1.0,1.0,1.0,1.0,1.0,1.0,0.0
23.25910620689392,0.5652676399114764,0.02189335823059082,0.00227894320429739,0.5,0.1,5,1,300,0.0,1.0,1.0,"{'clf__colsample_bytree': 0.5, 'clf__learning_rate': 0.1, 'clf__max_depth': 5, 'clf__min_child_weight': 1, 'clf__n_estimators': 300, 'clf__reg_alpha': 0.0, 'clf__reg_lambda': 1.0, 'clf__subsample': 1.0}",0.8348954664991157,0.828014288410424,0.7866522182559917,0.7958846362048178,0.847969042828856,0.818683130439841,0.023466255298797666,843,1.0,1.0,1.0,1.0,1.0,1.0,0.0
35.207192516326906,0.5871252526327277,0.029412603378295897,0.0010434340627015694,0.5,0.1,5,1,300,0.0,10.0,0.8,"{'clf__colsample_bytree': 0.5, 'clf__learning_rate': 0.1, 'clf__max_depth': 5, 'clf__min_child_weight': 1, 'clf__n_estimators': 300, 'clf__reg_alpha': 0.0, 'clf__reg_lambda': 10.0, 'clf__subsample': 0.8}",0.8463483048931029,0.829476885188994,0.7978335067606355,0.7939179981138966,0.8306685957530171,0.8196490581419292,0.020341444899246164,735,1.0,1.0,1.0,1.0,1.0,1.0,0.0
37.405382347106936,0.7381383856182546,0.027852916717529298,0.0025784978284582945,0.5,0.1,5,1,300,0.0,10.0,1.0,"{'clf__colsample_bytree': 0.5, 'clf__learning_rate': 0.1, 'clf__max_depth': 5, 'clf__min_child_weight': 1, 'clf__n_estimators': 300, 'clf__reg_alpha': 0.0, 'clf__reg_lambda': 10.0, 'clf__subsample': 1.0}",0.8343455269511607,0.821665718033835,0.8062359484898559,0.7990432103993019,0.8379407280350677,0.8198462263818442,0.015224693068936453,711,1.0,1.0,1.0,1.0,1.0,1.0,0.0
26.198986053466797,0.48557333936848585,0.024684381484985352,0.001209434782683442,0.5,0.1,5,1,300,0.1,1.0,0.8,"{'clf__colsample_bytree': 0.5, 'clf__learning_rate': 0.1, 'clf__max_depth': 5, 'clf__min_child_weight': 1, 'clf__n_estimators': 300, 'clf__reg_alpha': 0.1, 'clf__reg_lambda': 1.0, 'clf__subsample': 0.8}",0.842928847472548,0.8308372534406687,0.7846686460831157,0.8056176303417389,0.8569834869430448,0.8242071728562232,0.0259908138556657,226,1.0,1.0,1.0,1.0,1.0,1.0,0.0
27.37349138259888,0.5014997596026188,0.025373554229736327,0.0024210217196395704,0.5,0.1,5,1,300,0.1,1.0,1.0,"{'clf__colsample_bytree': 0.5, 'clf__learning_rate': 0.1, 'clf__max_depth': 5, 'clf__min_child_weight': 1, 'clf__n_estimators': 300, 'clf__reg_alpha': 0.1, 'clf__reg_lambda': 1.0, 'clf__subsample': 1.0}",0.8373570308501814,0.8462607436976302,0.7837968606590404,0.797377240312023,0.8515922464520596,0.8232768243941869,0.02741434616715724,309,1.0,1.0,1.0,1.0,1.0,1.0,0.0
37.61944980621338,0.5296975167972434,0.028624963760375977,0.0025498317379977157,0.5,0.1,5,1,300,0.1,10.0,0.8,"{'clf__colsample_bytree': 0.5, 'clf__learning_rate': 0.1, 'clf__max_depth': 5, 'clf__min_child_weight': 1, 'clf__n_estimators': 300, 'clf__reg_alpha': 0.1, 'clf__reg_lambda': 10.0, 'clf__subsample': 0.8}",0.8497781625410411,0.8190041056052917,0.798944966964468,0.8035645172720186,0.8392426005729771,0.8221068705911593,0.019744636927362676,428,1.0,1.0,1.0,1.0,1.0,1.0,0.0
39.41428627967834,0.9827577615439086,0.028205394744873047,0.002892452865258682,0.5,0.1,5,1,300,0.1,10.0,1.0,"{'clf__colsample_bytree': 0.5, 'clf__learning_rate': 0.1, 'clf__max_depth': 5, 'clf__min_child_weight': 1, 'clf__n_estimators': 300, 'clf__reg_alpha': 0.1, 'clf__reg_lambda': 10.0, 'clf__subsample': 1.0}",0.833526508952041,0.8339360969086915,0.7911765860129805,0.8113627160467789,0.8538502397258709,0.8247704295292726,0.021515700543853655,185,1.0,1.0,1.0,1.0,1.0,1.0,0.0
33.89364881515503,0.4734887997997042,0.031239032745361328,0.0013486967499761044,0.5,0.1,5,1,600,0.0,1.0,0.8,"{'clf__colsample_bytree': 0.5, 'clf__learning_rate': 0.1, 'clf__max_depth': 5, 'clf__min_child_weight': 1, 'clf__n_estimators': 600, 'clf__reg_alpha': 0.0, 'clf__reg_lambda': 1.0, 'clf__subsample': 0.8}",0.8404141271572463,0.8350026020304658,0.7966964652781271,0.804102223947885,0.8530446655446655,0.825852016791678,0.02171786401800092,122,1.0,1.0,1.0,1.0,1.0,1.0,0.0
34.27768712043762,1.2724200191959367,0.031173563003540038,0.001806769748260656,0.5,0.1,5,1,600,0.0,1.0,1.0,"{'clf__colsample_bytree': 0.5, 'clf__learning_rate': 0.1, 'clf__max_depth': 5, 'clf__min_child_weight': 1, 'clf__n_estimators': 600, 'clf__reg_alpha': 0.0, 'clf__reg_lambda': 1.0, 'clf__subsample': 1.0}",0.8224448508199236,0.8481995038187699,0.7824888961813666,0.8064204867006225,0.847969042828856,0.8215045560699078,0.025154022796450105,503,1.0,1.0,1.0,1.0,1.0,1.0,0.0
56.80523443222046,1.4909249991104228,0.03896422386169433,0.0009906800448683283,0.5,0.1,5,1,600,0.0,10.0,0.8,"{'clf__colsample_bytree': 0.5, 'clf__learning_rate': 0.1, 'clf__max_depth': 5, 'clf__min_child_weight': 1, 'clf__n_estimators': 600, 'clf__reg_alpha': 0.0, 'clf__reg_lambda': 10.0, 'clf__subsample': 0.8}",0.8399667950724289,0.8256247456247456,0.7908529452405497,0.8029590307865362,0.8370199224028946,0.819284687825431,0.019273689334204803,783,1.0,1.0,1.0,1.0,1.0,1.0,0.0
58.34758348464966,1.4305193233811941,0.03847370147705078,0.0018357569050945312,0.5,0.1,5,1,600,0.0,10.0,1.0,"{'clf__colsample_bytree': 0.5, 'clf__learning_rate': 0.1, 'clf__max_depth': 5, 'clf__min_child_weight': 1, 'clf__n_estimators': 600, 'clf__reg_alpha': 0.0, 'clf__reg_lambda': 10.0, 'clf__subsample': 1.0}",0.8343455269511607,0.8342066745783436,0.7968573049463195,0.7924364144153843,0.8538502397258709,0.8223392321234158,0.023754738582322257,406,1.0,1.0,1.0,1.0,1.0,1.0,0.0
37.39887313842773,0.75848354109467,0.03273773193359375,0.0016071446655037255,0.5,0.1,5,1,600,0.1,1.0,0.8,"{'clf__colsample_bytree': 0.5, 'clf__learning_rate': 0.1, 'clf__max_depth': 5, 'clf__min_child_weight': 1, 'clf__n_estimators': 600, 'clf__reg_alpha': 0.1, 'clf__reg_lambda': 1.0, 'clf__subsample': 0.8}",0.8401361195881742,0.8308372534406687,0.7906833930263757,0.8004873514175899,0.8597759498802551,0.8243840134706127,0.025491742159676437,210,1.0,1.0,1.0,1.0,1.0,1.0,0.0
39.00218138694763,1.0660320099973364,0.033455705642700194,0.0013446975987648144,0.5,0.1,5,1,600,0.1,1.0,1.0,"{'clf__colsample_bytree': 0.5, 'clf__learning_rate': 0.1, 'clf__max_depth': 5, 'clf__min_child_weight': 1, 'clf__n_estimators': 600, 'clf__reg_alpha': 0.1, 'clf__reg_lambda': 1.0, 'clf__subsample': 1.0}",0.8373570308501814,0.8412956810631229,0.7837968606590404,0.8034535104364326,0.8552676917775768,0.8242341549572709,0.026432540207864362,223,1.0,1.0,1.0,1.0,1.0,1.0,0.0
56.14425382614136,1.4282357687822829,0.037923336029052734,0.002164083928328552,0.5,0.1,5,1,600,0.1,10.0,0.8,"{'clf__colsample_bytree': 0.5, 'clf__learning_rate': 0.1, 'clf__max_depth': 5, 'clf__min_child_weight': 1, 'clf__n_estimators': 600, 'clf__reg_alpha': 0.1, 'clf__reg_lambda': 10.0, 'clf__subsample': 0.8}",0.8455022372453564,0.8257333517978966,0.800952380952381,0.7960515456497784,0.8383053452048892,0.8213089721700604,0.019728630499175323,528,1.0,1.0,1.0,1.0,1.0,1.0,0.0
59.73461804389954,1.9946182868346127,0.041165494918823244,0.0009288260393030759,0.5,0.1,5,1,600,0.1,10.0,1.0,"{'clf__colsample_bytree': 0.5, 'clf__learning_rate': 0.1, 'clf__max_depth': 5, 'clf__min_child_weight': 1, 'clf__n_estimators': 600, 'clf__reg_alpha': 0.1, 'clf__reg_lambda': 10.0, 'clf__subsample': 1.0}",0.833526508952041,0.8406447810983914,0.7968573049463195,0.8011304858537375,0.856920049337111,0.82581582603752,0.0232154569632175,126,1.0,1.0,1.0,1.0,1.0,1.0,0.0
39.97517547607422,1.2772130090503697,0.03576045036315918,0.003362865900545853,0.5,0.1,5,1,1000,0.0,1.0,0.8,"{'clf__colsample_bytree': 0.5, 'clf__learning_rate': 0.1, 'clf__max_depth': 5, 'clf__min_child_weight': 1, 'clf__n_estimators': 1000, 'clf__reg_alpha': 0.0, 'clf__reg_lambda': 1.0, 'clf__subsample': 0.8}",0.839646557588307,0.8350026020304658,0.8048827129015808,0.7977382581897138,0.850029566008297,0.8254599393436729,0.0204347887528245,139,1.0,1.0,1.0,1.0,1.0,1.0,0.0
40.22257513999939,1.4426243501543283,0.03745312690734863,0.004057953868115787,0.5,0.1,5,1,1000,0.0,1.0,1.0,"{'clf__colsample_bytree': 0.5, 'clf__learning_rate': 0.1, 'clf__max_depth': 5, 'clf__min_child_weight': 1, 'clf__n_estimators': 1000, 'clf__reg_alpha': 0.0, 'clf__reg_lambda': 1.0, 'clf__subsample': 1.0}",0.827602180543357,0.8414926237423246,0.77935017932782,0.8064204867006225,0.8510264666074525,0.8211783873843153,0.0257380487701655,543,1.0,1.0,1.0,1.0,1.0,1.0,0.0
71.58575468063354,1.1460100904875152,0.05924768447875976,0.02089371264988942,0.5,0.1,5,1,1000,0.0,10.0,0.8,"{'clf__colsample_bytree': 0.5, 'clf__learning_rate': 0.1, 'clf__max_depth': 5, 'clf__min_child_weight': 1, 'clf__n_estimators': 1000, 'clf__reg_alpha': 0.0, 'clf__reg_lambda': 10.0, 'clf__subsample': 0.8}",0.8347695580203531,0.822941485589722,0.7908529452405497,0.801987366918056,0.8370199224028946,0.817514255634315,0.018218567817636686,953,1.0,1.0,1.0,1.0,1.0,1.0,0.0
75.3943302154541,2.3007644014035327,0.049090576171875,0.004601577706825704,0.5,0.1,5,1,1000,0.0,10.0,1.0,"{'clf__colsample_bytree': 0.5, 'clf__learning_rate': 0.1, 'clf__max_depth': 5, 'clf__min_child_weight': 1, 'clf__n_estimators': 1000, 'clf__reg_alpha': 0.0, 'clf__reg_lambda': 10.0, 'clf__subsample': 1.0}",0.8350739258273504,0.8395527812707853,0.7927048393781264,0.7950162419778376,0.8474288654096513,0.8219553307727502,0.023289373194922712,447,1.0,1.0,1.0,1.0,1.0,1.0,0.0
46.92305221557617,1.7762809065659315,0.04275002479553223,0.0026647729228442894,0.5,0.1,5,1,1000,0.1,1.0,0.8,"{'clf__colsample_bytree': 0.5, 'clf__learning_rate': 0.1, 'clf__max_depth': 5, 'clf__min_child_weight': 1, 'clf__n_estimators': 1000, 'clf__reg_alpha': 0.1, 'clf__reg_lambda': 1.0, 'clf__subsample': 0.8}",0.8401361195881742,0.8365191387101207,0.7935618154976483,0.794317540405952,0.8597759498802551,0.8248621128164301,0.02646067674891123,176,1.0,1.0,1.0,1.0,1.0,1.0,0.0
44.81211676597595,1.2704144920272882,0.03935422897338867,0.0031604098727048375,0.5,0.1,5,1,1000,0.1,1.0,1.0,"{'clf__colsample_bytree': 0.5, 'clf__learning_rate': 0.1, 'clf__max_depth': 5, 'clf__min_child_weight': 1, 'clf__n_estimators': 1000, 'clf__reg_alpha': 0.1, 'clf__reg_lambda': 1.0, 'clf__subsample': 1.0}",0.8373570308501814,0.8412956810631229,0.7837968606590404,0.8034535104364326,0.8604101638813866,0.8252626493780328,0.027690179195644638,156,1.0,1.0,1.0,1.0,1.0,1.0,0.0
75.62861404418945,1.469037843242953,0.049844551086425784,0.001537716415271796,0.5,0.1,5,1,1000,0.1,10.0,0.8,"{'clf__colsample_bytree': 0.5, 'clf__learning_rate': 0.1, 'clf__max_depth': 5, 'clf__min_child_weight': 1, 'clf__n_estimators': 1000, 'clf__reg_alpha': 0.1, 'clf__reg_lambda': 10.0, 'clf__subsample': 0.8}",0.8455022372453564,0.828393776966794,0.7975194848183925,0.7960515456497784,0.8311906941598732,0.8197315477680389,0.019619342127897427,721,1.0,1.0,1.0,1.0,1.0,1.0,0.0
80.12143993377686,0.857041689411778,0.04784669876098633,0.0037198981822864803,0.5,0.1,5,1,1000,0.1,10.0,1.0,"{'clf__colsample_bytree': 0.5, 'clf__learning_rate': 0.1, 'clf__max_depth': 5, 'clf__min_child_weight': 1, 'clf__n_estimators': 1000, 'clf__reg_alpha': 0.1, 'clf__reg_lambda': 10.0, 'clf__subsample': 1.0}",0.8307370990961576,0.8406447810983914,0.791463137710047,0.8076419293305477,0.8532838594721925,0.8247541613414672,0.022375753639550473,187,1.0,1.0,1.0,1.0,1.0,1.0,0.0
19.030064153671265,0.4939720996163816,0.020297479629516602,0.0014936059171723253,0.5,0.1,5,3,300,0.0,1.0,0.8,"{'clf__colsample_bytree': 0.5, 'clf__learning_rate': 0.1, 'clf__max_depth': 5, 'clf__min_child_weight': 3, 'clf__n_estimators': 300, 'clf__reg_alpha': 0.0, 'clf__reg_lambda': 1.0, 'clf__subsample': 0.8}",0.8394077207119848,0.8267730844544336,0.8023833806852675,0.8061214492302196,0.8466610383300259,0.8242693346823863,0.017579355025113142,219,1.0,1.0,1.0,1.0,1.0,1.0,0.0
20.075833225250243,0.6670258680005058,0.02100520133972168,0.0009047545534195568,0.5,0.1,5,3,300,0.0,1.0,1.0,"{'clf__colsample_bytree': 0.5, 'clf__learning_rate': 0.1, 'clf__max_depth': 5, 'clf__min_child_weight': 3, 'clf__n_estimators': 300, 'clf__reg_alpha': 0.0, 'clf__reg_lambda': 1.0, 'clf__subsample': 1.0}",0.8209566961659696,0.8405982670372666,0.7823047195527378,0.7918822202586391,0.8543196126908077,0.818012303141084,0.027549332838768655,907,1.0,1.0,1.0,1.0,1.0,1.0,0.0
25.615595722198485,1.1650878762203054,0.022513818740844727,0.0016978693854711728,0.5,0.1,5,3,300,0.0,10.0,0.8,"{'clf__colsample_bytree': 0.5, 'clf__learning_rate': 0.1, 'clf__max_depth': 5, 'clf__min_child_weight': 3, 'clf__n_estimators': 300, 'clf__reg_alpha': 0.0, 'clf__reg_lambda': 10.0, 'clf__subsample': 0.8}",0.844095044740206,0.8183131688792643,0.7986875667070678,0.7856892325202185,0.8440246368817796,0.8181619299457072,0.02355909942191619,891,1.0,1.0,1.0,1.0,1.0,1.0,0.0
27.024723529815674,0.5127150205752863,0.024019670486450196,0.0008799325245075918,0.5,0.1,5,3,300,0.0,10.0,1.0,"{'clf__colsample_bytree': 0.5, 'clf__learning_rate': 0.1, 'clf__max_depth': 5, 'clf__min_child_weight': 3, 'clf__n_estimators': 300, 'clf__reg_alpha': 0.0, 'clf__reg_lambda': 10.0, 'clf__subsample': 1.0}",0.8294722743473432,0.8462270689685927,0.7934433251900578,0.7984956229898399,0.8409389673455009,0.8217154517682669,0.02176696954194808,475,1.0,1.0,1.0,1.0,1.0,1.0,0.0
19.790412664413452,0.47153044341662,0.019676876068115235,0.0024998549516508043,0.5,0.1,5,3,300,0.1,1.0,0.8,"{'clf__colsample_bytree': 0.5, 'clf__learning_rate': 0.1, 'clf__max_depth': 5, 'clf__min_child_weight': 3, 'clf__n_estimators': 300, 'clf__reg_alpha': 0.1, 'clf__reg_lambda': 1.0, 'clf__subsample': 0.8}",0.8452015747452752,0.834940995766275,0.7909287973250307,0.8083104230479812,0.8360043305319232,0.8230772242832971,0.020243150978750006,333,1.0,1.0,1.0,1.0,1.0,1.0,0.0
20.42051339149475,0.6303262487531984,0.02348494529724121,0.001150918054064072,0.5,0.1,5,3,300,0.1,1.0,1.0,"{'clf__colsample_bytree': 0.5, 'clf__learning_rate': 0.1, 'clf__max_depth': 5, 'clf__min_child_weight': 3, 'clf__n_estimators': 300, 'clf__reg_alpha': 0.1, 'clf__reg_lambda': 1.0, 'clf__subsample': 1.0}",0.8345043837767467,0.8360865636577212,0.7939811646446718,0.7899563266166683,0.8490934281028621,0.8207243733597341,0.024052279549448146,604,1.0,1.0,1.0,1.0,1.0,1.0,0.0
26.836897945404054,0.49270171695833415,0.02122044563293457,0.0010115660831615842,0.5,0.1,5,3,300,0.1,10.0,0.8,"{'clf__colsample_bytree': 0.5, 'clf__learning_rate': 0.1, 'clf__max_depth': 5, 'clf__min_child_weight': 3, 'clf__n_estimators': 300, 'clf__reg_alpha': 0.1, 'clf__reg_lambda': 10.0, 'clf__subsample': 0.8}",0.8397321392987238,0.8289878934943474,0.7872418384558754,0.7852349218021615,0.8396288179738884,0.8161651222049994,0.024753207538264068,1050,1.0,1.0,1.0,1.0,1.0,1.0,0.0
28.26443929672241,0.44240955253230574,0.022949743270874023,0.0014876584530070197,0.5,0.1,5,3,300,0.1,10.0,1.0,"{'clf__colsample_bytree': 0.5, 'clf__learning_rate': 0.1, 'clf__max_depth': 5, 'clf__min_child_weight': 3, 'clf__n_estimators': 300, 'clf__reg_alpha': 0.1, 'clf__reg_lambda': 10.0, 'clf__subsample': 1.0}",0.835744227342609,0.8287513853349868,0.8011797587525742,0.7944693778199925,0.855727035521556,0.8231743569543438,0.022612031957333485,324,1.0,1.0,1.0,1.0,1.0,1.0,0.0
25.030768585205077,0.45578658455568116,0.028236913681030273,0.002561265000857633,0.5,0.1,5,3,600,0.0,1.0,0.8,"{'clf__colsample_bytree': 0.5, 'clf__learning_rate': 0.1, 'clf__max_depth': 5, 'clf__min_child_weight': 3, 'clf__n_estimators': 600, 'clf__reg_alpha': 0.0, 'clf__reg_lambda': 1.0, 'clf__subsample': 0.8}",0.8357351190941775,0.8237861212861213,0.8047418712513051,0.7996624030792049,0.8511271935442553,0.8230105416510127,0.019141276872271427,338,1.0,1.0,1.0,1.0,1.0,1.0,0.0
26.367518043518068,0.8333822291391227,0.02886996269226074,0.001414244691586303,0.5,0.1,5,3,600,0.0,1.0,1.0,"{'clf__colsample_bytree': 0.5, 'clf__learning_rate': 0.1, 'clf__max_depth': 5, 'clf__min_child_weight': 3, 'clf__n_estimators': 600, 'clf__reg_alpha': 0.0, 'clf__reg_lambda': 1.0, 'clf__subsample': 1.0}",0.8268714033005665,0.8398158549177938,0.7915889281292124,0.7957307993709963,0.8479819042906622,0.8203977780018462,0.022883457887731884,654,1.0,1.0,1.0,1.0,1.0,1.0,0.0
36.818781995773314,1.1014961002240244,0.03654956817626953,0.010131319885251623,0.5,0.1,5,3,600,0.0,10.0,0.8,"{'clf__colsample_bytree': 0.5, 'clf__learning_rate': 0.1, 'clf__max_depth': 5, 'clf__min_child_weight': 3, 'clf__n_estimators': 600, 'clf__reg_alpha': 0.0, 'clf__reg_lambda': 10.0, 'clf__subsample': 0.8}",0.8382652814104427,0.827407798792452,0.8044242237860068,0.7875157476644556,0.8454367289174136,0.820609956114154,0.02159395465463354,620,1.0,1.0,1.0,1.0,1.0,1.0,0.0
38.69799199104309,1.0790948371794555,0.031064748764038086,0.0007402034454358318,0.5,0.1,5,3,600,0.0,10.0,1.0,"{'clf__colsample_bytree': 0.5, 'clf__learning_rate': 0.1, 'clf__max_depth': 5, 'clf__min_child_weight': 3, 'clf__n_estimators': 600, 'clf__reg_alpha': 0.0, 'clf__reg_lambda': 10.0, 'clf__subsample': 1.0}",0.8337474604905797,0.8380186766733,0.7889585661772127,0.8031094607171958,0.8409389673455009,0.8209546262807578,0.020959055832034963,577,1.0,1.0,1.0,1.0,1.0,1.0,0.0
25.842139101028444,0.3875418587003817,0.02681245803833008,0.0015179922135061129,0.5,0.1,5,3,600,0.1,1.0,0.8,"{'clf__colsample_bytree': 0.5, 'clf__learning_rate': 0.1, 'clf__max_depth': 5, 'clf__min_child_weight': 3, 'clf__n_estimators': 600, 'clf__reg_alpha': 0.1, 'clf__reg_lambda': 1.0, 'clf__subsample': 0.8}",0.834584363827483,0.8462270689685927,0.7916130905275601,0.7988470531859515,0.8360043305319232,0.8214551814083022,0.021906060505576457,509,1.0,1.0,1.0,1.0,1.0,1.0,0.0
26.69077377319336,0.45874907526411707,0.02736654281616211,0.002489314236348172,0.5,0.1,5,3,600,0.1,1.0,1.0,"{'clf__colsample_bytree': 0.5, 'clf__learning_rate': 0.1, 'clf__max_depth': 5, 'clf__min_child_weight': 3, 'clf__n_estimators': 600, 'clf__reg_alpha': 0.1, 'clf__reg_lambda': 1.0, 'clf__subsample': 1.0}",0.8251889317691632,0.8254002891479173,0.7880949709121566,0.8063164736530417,0.8460088609736498,0.8182019052911859,0.019603841646001388,887,1.0,1.0,1.0,1.0,1.0,1.0,0.0
37.02404227256775,0.7642333060515178,0.02859673500061035,0.0012783717821350255,0.5,0.1,5,3,600,0.1,10.0,0.8,"{'clf__colsample_bytree': 0.5, 'clf__learning_rate': 0.1, 'clf__max_depth': 5, 'clf__min_child_weight': 3, 'clf__n_estimators': 600, 'clf__reg_alpha': 0.1, 'clf__reg_lambda': 10.0, 'clf__subsample': 0.8}",0.8339318745770359,0.8271404365908631,0.798944966964468,0.800400820057098,0.8426982085000954,0.8206232613379122,0.017808939497550722,615,1.0,1.0,1.0,1.0,1.0,1.0,0.0
39.03799395561218,1.3846131131156192,0.03269295692443848,0.0017626422992223611,0.5,0.1,5,3,600,0.1,10.0,1.0,"{'clf__colsample_bytree': 0.5, 'clf__learning_rate': 0.1, 'clf__max_depth': 5, 'clf__min_child_weight': 3, 'clf__n_estimators': 600, 'clf__reg_alpha': 0.1, 'clf__reg_lambda': 10.0, 'clf__subsample': 1.0}",0.837441724941725,0.8268520924178657,0.798199659739944,0.7885908138400316,0.8467795877051776,0.8195727757289488,0.02249084464799824,747,1.0,1.0,1.0,1.0,1.0,1.0,0.0
30.422087621688842,1.334102839975141,0.0389042854309082,0.008332295176719965,0.5,0.1,5,3,1000,0.0,1.0,0.8,"{'clf__colsample_bytree': 0.5, 'clf__learning_rate': 0.1, 'clf__max_depth': 5, 'clf__min_child_weight': 3, 'clf__n_estimators': 1000, 'clf__reg_alpha': 0.0, 'clf__reg_lambda': 1.0, 'clf__subsample': 0.8}",0.8320727996784334,0.8237861212861213,0.8078558781252887,0.7996624030792049,0.844347844223276,0.8215450092784649,0.016137329401469013,498,1.0,1.0,1.0,1.0,1.0,1.0,0.0
31.406883907318115,1.3864999876463269,0.037234258651733396,0.003407464014029133,0.5,0.1,5,3,1000,0.0,1.0,1.0,"{'clf__colsample_bytree': 0.5, 'clf__learning_rate': 0.1, 'clf__max_depth': 5, 'clf__min_child_weight': 3, 'clf__n_estimators': 1000, 'clf__reg_alpha': 0.0, 'clf__reg_lambda': 1.0, 'clf__subsample': 1.0}",0.8268714033005665,0.830303697021701,0.788468866938539,0.7950258397932817,0.8382934848134781,0.8157926583735133,0.020087042363750578,1073,1.0,1.0,1.0,1.0,1.0,1.0,0.0
46.35903997421265,1.84194232186896,0.04247713088989258,0.0024530842997269138,0.5,0.1,5,3,1000,0.0,10.0,0.8,"{'clf__colsample_bytree': 0.5, 'clf__learning_rate': 0.1, 'clf__max_depth': 5, 'clf__min_child_weight': 3, 'clf__n_estimators': 1000, 'clf__reg_alpha': 0.0, 'clf__reg_lambda': 10.0, 'clf__subsample': 0.8}",0.8334854497354498,0.8300364729610012,0.814393857689584,0.7971574220172352,0.8474007883530779,0.8244947981512697,0.017237096593304014,204,1.0,1.0,1.0,1.0,1.0,1.0,0.0
48.063682842254636,1.0147275677030567,0.041161966323852536,0.0016354577396337072,0.5,0.1,5,3,1000,0.0,10.0,1.0,"{'clf__colsample_bytree': 0.5, 'clf__learning_rate': 0.1, 'clf__max_depth': 5, 'clf__min_child_weight': 3, 'clf__n_estimators': 1000, 'clf__reg_alpha': 0.0, 'clf__reg_lambda': 10.0, 'clf__subsample': 1.0}",0.8300243392729095,0.8380186766733,0.7947619047619047,0.800487403356092,0.8409389673455009,0.8208462582819415,0.019378970839791884,588,1.0,1.0,1.0,1.0,1.0,1.0,0.0
31.253008985519408,0.7099051126851798,0.03273301124572754,0.0018536905545759356,0.5,0.1,5,3,1000,0.1,1.0,0.8,"{'clf__colsample_bytree': 0.5, 'clf__learning_rate': 0.1, 'clf__max_depth': 5, 'clf__min_child_weight': 3, 'clf__n_estimators': 1000, 'clf__reg_alpha': 0.1, 'clf__reg_lambda': 1.0, 'clf__subsample': 0.8}",0.8297950391902005,0.8395527812707853,0.7977781123935239,0.8024370038071695,0.840154109589041,0.8219434092501441,0.0182637844270256,450,1.0,1.0,1.0,1.0,1.0,1.0,0.0
32.79868612289429,0.3601707612530657,0.03596596717834473,0.0029912528146229496,0.5,0.1,5,3,1000,0.1,1.0,1.0,"{'clf__colsample_bytree': 0.5, 'clf__learning_rate': 0.1, 'clf__max_depth': 5, 'clf__min_child_weight': 3, 'clf__n_estimators': 1000, 'clf__reg_alpha': 0.1, 'clf__reg_lambda': 1.0, 'clf__subsample': 1.0}",0.8288195396176283,0.8312410858063032,0.7931449218279301,0.8104553049289891,0.8460088609736498,0.8219339426309,0.018298649652073968,453,1.0,1.0,1.0,1.0,1.0,1.0,0.0
48.04947443008423,0.860393530451278,0.04367384910583496,0.0019100324381412283,0.5,0.1,5,3,1000,0.1,10.0,0.8,"{'clf__colsample_bytree': 0.5, 'clf__learning_rate': 0.1, 'clf__max_depth': 5, 'clf__min_child_weight': 3, 'clf__n_estimators': 1000, 'clf__reg_alpha': 0.1, 'clf__reg_lambda': 10.0, 'clf__subsample': 0.8}",0.8382652814104427,0.8199419999130024,0.8078558781252887,0.8003521126760563,0.8445889235983575,0.8222008391446295,0.017014933090895037,418,1.0,1.0,1.0,1.0,1.0,1.0,0.0
51.71956787109375,0.9167798369882755,0.042918729782104495,0.002115657659980259,0.5,0.1,5,3,1000,0.1,10.0,1.0,"{'clf__colsample_bytree': 0.5, 'clf__learning_rate': 0.1, 'clf__max_depth': 5, 'clf__min_child_weight': 3, 'clf__n_estimators': 1000, 'clf__reg_alpha': 0.1, 'clf__reg_lambda': 10.0, 'clf__subsample': 1.0}",0.8332498064001245,0.8380186766733,0.7947619047619047,0.7967492827714144,0.8467795877051776,0.8219118516623842,0.02180209996928283,455,1.0,1.0,1.0,1.0,1.0,1.0,0.0
16.264818954467774,0.4019978894617754,0.017960309982299805,0.0005062944134698318,0.5,0.1,5,5,300,0.0,1.0,0.8,"{'clf__colsample_bytree': 0.5, 'clf__learning_rate': 0.1, 'clf__max_depth': 5, 'clf__min_child_weight': 5, 'clf__n_estimators': 300, 'clf__reg_alpha': 0.0, 'clf__reg_lambda': 1.0, 'clf__subsample': 0.8}",0.8244527801629985,0.8278851270862074,0.8147473577835925,0.7888132813672222,0.8413925493094592,0.819458219141896,0.01754068233077536,764,1.0,1.0,1.0,1.0,1.0,1.0,0.0
16.62825975418091,0.40230521525027524,0.01805887222290039,0.0007143279670632599,0.5,0.1,5,5,300,0.0,1.0,1.0,"{'clf__colsample_bytree': 0.5, 'clf__learning_rate': 0.1, 'clf__max_depth': 5, 'clf__min_child_weight': 5, 'clf__n_estimators': 300, 'clf__reg_alpha': 0.0, 'clf__reg_lambda': 1.0, 'clf__subsample': 1.0}",0.822860474794662,0.8227622211504175,0.7895894287387225,0.8036328373708674,0.8436129555490457,0.8164915835207429,0.018463617075221306,1021,1.0,1.0,1.0,1.0,1.0,1.0,0.0
20.261449003219603,0.3553010327242701,0.021891021728515626,0.0012763436678525444,0.5,0.1,5,5,300,0.0,10.0,0.8,"{'clf__colsample_bytree': 0.5, 'clf__learning_rate': 0.1, 'clf__max_depth': 5, 'clf__min_child_weight': 5, 'clf__n_estimators': 300, 'clf__reg_alpha': 0.0, 'clf__reg_lambda': 10.0, 'clf__subsample': 0.8}",0.8327972425198138,0.8239130265149742,0.8052380952380952,0.7832406594478587,0.8482291918546236,0.818683643115073,0.02252317667722893,842,1.0,1.0,1.0,1.0,1.0,1.0,0.0
21.97317428588867,0.5794050152901593,0.02132406234741211,0.0009477208107266966,0.5,0.1,5,5,300,0.0,10.0,1.0,"{'clf__colsample_bytree': 0.5, 'clf__learning_rate': 0.1, 'clf__max_depth': 5, 'clf__min_child_weight': 5, 'clf__n_estimators': 300, 'clf__reg_alpha': 0.0, 'clf__reg_lambda': 10.0, 'clf__subsample': 1.0}",0.8332498064001245,0.8412695842677365,0.7867487798169143,0.812157144945627,0.8463773771506031,0.8239605385162012,0.02196562451779905,240,1.0,1.0,1.0,1.0,1.0,1.0,0.0
16.318957233428954,0.4345136639290767,0.01975555419921875,0.0007221317296927328,0.5,0.1,5,5,300,0.1,1.0,0.8,"{'clf__colsample_bytree': 0.5, 'clf__learning_rate': 0.1, 'clf__max_depth': 5, 'clf__min_child_weight': 5, 'clf__n_estimators': 300, 'clf__reg_alpha': 0.1, 'clf__reg_lambda': 1.0, 'clf__subsample': 0.8}",0.820444163791263,0.8324822372578333,0.8117760748023906,0.7942344004497167,0.8613056222066449,0.8240484997015697,0.022412966207022975,233,1.0,1.0,1.0,1.0,1.0,1.0,0.0
17.521523904800414,0.3399330258084636,0.02003631591796875,0.0007481945410385807,0.5,0.1,5,5,300,0.1,1.0,1.0,"{'clf__colsample_bytree': 0.5, 'clf__learning_rate': 0.1, 'clf__max_depth': 5, 'clf__min_child_weight': 5, 'clf__n_estimators': 300, 'clf__reg_alpha': 0.1, 'clf__reg_lambda': 1.0, 'clf__subsample': 1.0}",0.8266501407771442,0.837645723567687,0.7800733752620544,0.8028398387525524,0.8464016386961593,0.8187221434111194,0.024220174929673793,838,1.0,1.0,1.0,1.0,1.0,1.0,0.0
21.37451195716858,0.25901295132772917,0.020815181732177734,0.0010862410999829388,0.5,0.1,5,5,300,0.1,10.0,0.8,"{'clf__colsample_bytree': 0.5, 'clf__learning_rate': 0.1, 'clf__max_depth': 5, 'clf__min_child_weight': 5, 'clf__n_estimators': 300, 'clf__reg_alpha': 0.1, 'clf__reg_lambda': 10.0, 'clf__subsample': 0.8}",0.8382652814104427,0.8236989412860428,0.7978477742982542,0.7961169891498955,0.8552714453757504,0.822240086304077,0.02292338067604134,414,1.0,1.0,1.0,1.0,1.0,1.0,0.0
22.29403157234192,0.6573566798311925,0.020963621139526368,0.0012764535230908739,0.5,0.1,5,5,300,0.1,10.0,1.0,"{'clf__colsample_bytree': 0.5, 'clf__learning_rate': 0.1, 'clf__max_depth': 5, 'clf__min_child_weight': 5, 'clf__n_estimators': 300, 'clf__reg_alpha': 0.1, 'clf__reg_lambda': 10.0, 'clf__subsample': 1.0}",0.8224232055154502,0.836859234052117,0.7952502901549175,0.808705820323304,0.846622990423801,0.8219723080939179,0.01854478877096508,446,1.0,1.0,1.0,1.0,1.0,1.0,0.0
21.85151047706604,0.4879599093167773,0.027071714401245117,0.0018146510782776632,0.5,0.1,5,5,600,0.0,1.0,0.8,"{'clf__colsample_bytree': 0.5, 'clf__learning_rate': 0.1, 'clf__max_depth': 5, 'clf__min_child_weight': 5, 'clf__n_estimators': 600, 'clf__reg_alpha': 0.0, 'clf__reg_lambda': 1.0, 'clf__subsample': 0.8}",0.8239578849987879,0.8305280130071376,0.8234026499815974,0.8059889173060528,0.838181516527191,0.8244117963641534,0.010654953628530868,209,1.0,1.0,1.0,1.0,1.0,1.0,0.0
22.86162495613098,0.2539422294662406,0.026658916473388673,0.002340164839321599,0.5,0.1,5,5,600,0.0,1.0,1.0,"{'clf__colsample_bytree': 0.5, 'clf__learning_rate': 0.1, 'clf__max_depth': 5, 'clf__min_child_weight': 5, 'clf__n_estimators': 600, 'clf__reg_alpha': 0.0, 'clf__reg_lambda': 1.0, 'clf__subsample': 1.0}",0.8280536965745353,0.8312410858063032,0.796047685545047,0.8064619764566809,0.8405960287809602,0.8204800946327053,0.016560552135071713,641,1.0,1.0,1.0,1.0,1.0,1.0,0.0
29.595583343505858,0.7935407547367902,0.027845287322998048,0.0006108466874481277,0.5,0.1,5,5,600,0.0,10.0,0.8,"{'clf__colsample_bytree': 0.5, 'clf__learning_rate': 0.1, 'clf__max_depth': 5, 'clf__min_child_weight': 5, 'clf__n_estimators': 600, 'clf__reg_alpha': 0.0, 'clf__reg_lambda': 10.0, 'clf__subsample': 0.8}",0.828217794136928,0.8257333517978966,0.7978629596266403,0.7983255291529068,0.8423984790663637,0.8185076227561471,0.017611306718157534,861,1.0,1.0,1.0,1.0,1.0,1.0,0.0
31.94019079208374,0.4459187844326214,0.027747631072998047,0.0008524328268042886,0.5,0.1,5,5,600,0.0,10.0,1.0,"{'clf__colsample_bytree': 0.5, 'clf__learning_rate': 0.1, 'clf__max_depth': 5, 'clf__min_child_weight': 5, 'clf__n_estimators': 600, 'clf__reg_alpha': 0.0, 'clf__reg_lambda': 10.0, 'clf__subsample': 1.0}",0.8370577539528938,0.8374956880549259,0.7994855629807086,0.8048889401817136,0.8463773771506031,0.8250610644641689,0.019047028551854653,167,1.0,1.0,1.0,1.0,1.0,1.0,0.0
22.076163673400877,0.8546904546170246,0.02359800338745117,0.001409541845922355,0.5,0.1,5,5,600,0.1,1.0,0.8,"{'clf__colsample_bytree': 0.5, 'clf__learning_rate': 0.1, 'clf__max_depth': 5, 'clf__min_child_weight': 5, 'clf__n_estimators': 600, 'clf__reg_alpha': 0.1, 'clf__reg_lambda': 1.0, 'clf__subsample': 0.8}",0.820444163791263,0.821980334137635,0.8030073520476364,0.7907021544835324,0.8491558101227914,0.8170579629165717,0.019788967603312935,985,1.0,1.0,1.0,1.0,1.0,1.0,0.0
22.878909015655516,0.30808613739487994,0.027246475219726562,0.0015281239697695732,0.5,0.1,5,5,600,0.1,1.0,1.0,"{'clf__colsample_bytree': 0.5, 'clf__learning_rate': 0.1, 'clf__max_depth': 5, 'clf__min_child_weight': 5, 'clf__n_estimators': 600, 'clf__reg_alpha': 0.1, 'clf__reg_lambda': 1.0, 'clf__subsample': 1.0}",0.8219381354732582,0.8424708692495406,0.7821902595764259,0.8137358665506231,0.8461704307223175,0.821301112314433,0.023038833089503826,531,1.0,1.0,1.0,1.0,1.0,1.0,0.0
30.107116317749025,0.46148804323737663,0.02736530303955078,0.0010890817223721259,0.5,0.1,5,5,600,0.1,10.0,0.8,"{'clf__colsample_bytree': 0.5, 'clf__learning_rate': 0.1, 'clf__max_depth': 5, 'clf__min_child_weight': 5, 'clf__n_estimators': 600, 'clf__reg_alpha': 0.1, 'clf__reg_lambda': 10.0, 'clf__subsample': 0.8}",0.8378153399705124,0.8139933876380819,0.7993426748689907,0.7942608188774598,0.8461128366938226,0.8183050116097734,0.020543668458878898,878,1.0,1.0,1.0,1.0,1.0,1.0,0.0
31.97341628074646,0.9197450679850651,0.030286359786987304,0.0025797404391653006,0.5,0.1,5,5,600,0.1,10.0,1.0,"{'clf__colsample_bytree': 0.5, 'clf__learning_rate': 0.1, 'clf__max_depth': 5, 'clf__min_child_weight': 5, 'clf__n_estimators': 600, 'clf__reg_alpha': 0.1, 'clf__reg_lambda': 10.0, 'clf__subsample': 1.0}",0.8370577539528938,0.8424125702493581,0.8044304914970917,0.80953728891908,0.846622990423801,0.828012219008445,0.01750984605982696,36,1.0,1.0,1.0,1.0,1.0,1.0,0.0
26.945574378967287,0.6064879475956666,0.031138896942138672,0.0016269459882203264,0.5,0.1,5,5,1000,0.0,1.0,0.8,"{'clf__colsample_bytree': 0.5, 'clf__learning_rate': 0.1, 'clf__max_depth': 5, 'clf__min_child_weight': 5, 'clf__n_estimators': 1000, 'clf__reg_alpha': 0.0, 'clf__reg_lambda': 1.0, 'clf__subsample': 0.8}",0.8157740789662457,0.8250032153588926,0.817014698320365,0.791244583983657,0.8353761153484867,0.8168825383955294,0.014604852877284292,1001,1.0,1.0,1.0,1.0,1.0,1.0,0.0
28.501549243927002,0.812430029266186,0.03469562530517578,0.0029161504372364733,0.5,0.1,5,5,1000,0.0,1.0,1.0,"{'clf__colsample_bytree': 0.5, 'clf__learning_rate': 0.1, 'clf__max_depth': 5, 'clf__min_child_weight': 5, 'clf__n_estimators': 1000, 'clf__reg_alpha': 0.0, 'clf__reg_lambda': 1.0, 'clf__subsample': 1.0}",0.8317401150354754,0.8292406445396625,0.7915952542903801,0.8174814658885243,0.8405960287809602,0.8221307017070005,0.01695812111160013,423,1.0,1.0,1.0,1.0,1.0,1.0,0.0
37.84643034934997,1.0609488527563105,0.038573503494262695,0.0013539143679670595,0.5,0.1,5,5,1000,0.0,10.0,0.8,"{'clf__colsample_bytree': 0.5, 'clf__learning_rate': 0.1, 'clf__max_depth': 5, 'clf__min_child_weight': 5, 'clf__n_estimators': 1000, 'clf__reg_alpha': 0.0, 'clf__reg_lambda': 10.0, 'clf__subsample': 0.8}",0.8239198968064374,0.8193119165635151,0.8052387699168486,0.8114170797576142,0.8373386311346144,0.8194452588358059,0.011013527355661617,765,1.0,1.0,1.0,1.0,1.0,1.0,0.0
40.497831201553346,0.9220496985979251,0.04418191909790039,0.0020948381824660235,0.5,0.1,5,5,1000,0.0,10.0,1.0,"{'clf__colsample_bytree': 0.5, 'clf__learning_rate': 0.1, 'clf__max_depth': 5, 'clf__min_child_weight': 5, 'clf__n_estimators': 1000, 'clf__reg_alpha': 0.0, 'clf__reg_lambda': 10.0, 'clf__subsample': 1.0}",0.8359993922886556,0.8401765782176505,0.7941753788603474,0.8058333835578437,0.8416740784573372,0.823571762276367,0.019680737734066,284,1.0,1.0,1.0,1.0,1.0,1.0,0.0
27.365630531311034,1.2902689734829111,0.03487482070922852,0.0037149617012557663,0.5,0.1,5,5,1000,0.1,1.0,0.8,"{'clf__colsample_bytree': 0.5, 'clf__learning_rate': 0.1, 'clf__max_depth': 5, 'clf__min_child_weight': 5, 'clf__n_estimators': 1000, 'clf__reg_alpha': 0.1, 'clf__reg_lambda': 1.0, 'clf__subsample': 0.8}",0.8036590576578627,0.8176940298763324,0.8084427414690573,0.7845157693103232,0.8429511572343177,0.8114525511095787,0.019112854067104165,1208,1.0,1.0,1.0,1.0,1.0,1.0,0.0
28.49848837852478,1.160780416933098,0.03708386421203613,0.003131068486081407,0.5,0.1,5,5,1000,0.1,1.0,1.0,"{'clf__colsample_bytree': 0.5, 'clf__learning_rate': 0.1, 'clf__max_depth': 5, 'clf__min_child_weight': 5, 'clf__n_estimators': 1000, 'clf__reg_alpha': 0.1, 'clf__reg_lambda': 1.0, 'clf__subsample': 1.0}",0.8219381354732582,0.8418188014131965,0.7821902595764259,0.8074207923241833,0.8461704307223175,0.8199076839018764,0.023462643643683233,704,1.0,1.0,1.0,1.0,1.0,1.0,0.0
40.76479520797729,0.7261111102370222,0.041334915161132815,0.003071070931248336,0.5,0.1,5,5,1000,0.1,10.0,0.8,"{'clf__colsample_bytree': 0.5, 'clf__learning_rate': 0.1, 'clf__max_depth': 5, 'clf__min_child_weight': 5, 'clf__n_estimators': 1000, 'clf__reg_alpha': 0.1, 'clf__reg_lambda': 10.0, 'clf__subsample': 0.8}",0.8297950391902005,0.8224159926763923,0.8100587544209015,0.7965972674755907,0.8461128366938226,0.8209959780913815,0.01688322507715056,569,1.0,1.0,1.0,1.0,1.0,1.0,0.0
45.078060913085935,0.9817955135035882,0.04462828636169434,0.0022262916466699433,0.5,0.1,5,5,1000,0.1,10.0,1.0,"{'clf__colsample_bytree': 0.5, 'clf__learning_rate': 0.1, 'clf__max_depth': 5, 'clf__min_child_weight': 5, 'clf__n_estimators': 1000, 'clf__reg_alpha': 0.1, 'clf__reg_lambda': 10.0, 'clf__subsample': 1.0}",0.8359993922886556,0.8357662280020313,0.803776079650782,0.8082231342149263,0.846622990423801,0.8260775649160392,0.01691487097673629,113,1.0,1.0,1.0,1.0,1.0,1.0,0.0
30.25892515182495,1.252933883571619,0.0250244140625,0.002056609426134596,0.5,0.1,7,1,300,0.0,1.0,0.8,"{'clf__colsample_bytree': 0.5, 'clf__learning_rate': 0.1, 'clf__max_depth': 7, 'clf__min_child_weight': 1, 'clf__n_estimators': 300, 'clf__reg_alpha': 0.0, 'clf__reg_lambda': 1.0, 'clf__subsample': 0.8}",0.8443939393939393,0.832277367178558,0.7897275373659526,0.8142422994707416,0.8486872536043152,0.8258656794027013,0.021662403737298674,121,1.0,1.0,1.0,1.0,1.0,1.0,0.0
31.72094073295593,0.7193916369537033,0.030637741088867188,0.004811526595952356,0.5,0.1,7,1,300,0.0,1.0,1.0,"{'clf__colsample_bytree': 0.5, 'clf__learning_rate': 0.1, 'clf__max_depth': 7, 'clf__min_child_weight': 1, 'clf__n_estimators': 300, 'clf__reg_alpha': 0.0, 'clf__reg_lambda': 1.0, 'clf__subsample': 1.0}",0.8343455269511607,0.8324912753779327,0.782709324313731,0.8125995837804443,0.8497207977848749,0.8223733016416288,0.02307531050709229,403,1.0,1.0,1.0,1.0,1.0,1.0,0.0
49.648912572860716,1.2669170297930084,0.03267836570739746,0.004470749450491943,0.5,0.1,7,1,300,0.0,10.0,0.8,"{'clf__colsample_bytree': 0.5, 'clf__learning_rate': 0.1, 'clf__max_depth': 7, 'clf__min_child_weight': 1, 'clf__n_estimators': 300, 'clf__reg_alpha': 0.0, 'clf__reg_lambda': 10.0, 'clf__subsample': 0.8}",0.8383447996974156,0.812912905344098,0.7794179894179895,0.8119410308926437,0.8348158131176999,0.8154865076939692,0.021053528953158294,1089,1.0,1.0,1.0,1.0,1.0,1.0,0.0
53.638123750686646,2.392492243569177,0.0349632740020752,0.003934658026735171,0.5,0.1,7,1,300,0.0,10.0,1.0,"{'clf__colsample_bytree': 0.5, 'clf__learning_rate': 0.1, 'clf__max_depth': 7, 'clf__min_child_weight': 1, 'clf__n_estimators': 300, 'clf__reg_alpha': 0.0, 'clf__reg_lambda': 10.0, 'clf__subsample': 1.0}",0.8443433555135683,0.8271907611910063,0.7930250792713553,0.8088949128038312,0.8535898547658909,0.8254087927091305,0.022258834041607688,144,1.0,1.0,1.0,1.0,1.0,1.0,0.0
35.037492513656616,1.288637715902654,0.027407264709472655,0.0032365840503763292,0.5,0.1,7,1,300,0.1,1.0,0.8,"{'clf__colsample_bytree': 0.5, 'clf__learning_rate': 0.1, 'clf__max_depth': 7, 'clf__min_child_weight': 1, 'clf__n_estimators': 300, 'clf__reg_alpha': 0.1, 'clf__reg_lambda': 1.0, 'clf__subsample': 0.8}",0.8443939393939393,0.8201740765811345,0.792389087200408,0.8088767331803951,0.8529644233253825,0.8237596519362519,0.022347986235651228,261,1.0,1.0,1.0,1.0,1.0,1.0,0.0
36.56139211654663,1.5228344550896205,0.031021261215209962,0.0032753769447458098,0.5,0.1,7,1,300,0.1,1.0,1.0,"{'clf__colsample_bytree': 0.5, 'clf__learning_rate': 0.1, 'clf__max_depth': 7, 'clf__min_child_weight': 1, 'clf__n_estimators': 300, 'clf__reg_alpha': 0.1, 'clf__reg_lambda': 1.0, 'clf__subsample': 1.0}",0.832328100498094,0.8298683694472606,0.791903592659602,0.812273454536867,0.8376685195347167,0.8208084073353081,0.016777266512277452,596,1.0,1.0,1.0,1.0,1.0,1.0,0.0
52.29746079444885,1.560227290807871,0.0321657657623291,0.0008894703885832355,0.5,0.1,7,1,300,0.1,10.0,0.8,"{'clf__colsample_bytree': 0.5, 'clf__learning_rate': 0.1, 'clf__max_depth': 7, 'clf__min_child_weight': 1, 'clf__n_estimators': 300, 'clf__reg_alpha': 0.1, 'clf__reg_lambda': 10.0, 'clf__subsample': 0.8}",0.8379172241987476,0.8232816361955434,0.7921111172193152,0.8254433502973899,0.8370748010083271,0.8231656257838648,0.016617212767366173,325,1.0,1.0,1.0,1.0,1.0,1.0,0.0
56.00582127571106,2.1116241874641446,0.03610548973083496,0.002890224386865299,0.5,0.1,7,1,300,0.1,10.0,1.0,"{'clf__colsample_bytree': 0.5, 'clf__learning_rate': 0.1, 'clf__max_depth': 7, 'clf__min_child_weight': 1, 'clf__n_estimators': 300, 'clf__reg_alpha': 0.1, 'clf__reg_lambda': 10.0, 'clf__subsample': 1.0}",0.8452015747452752,0.8333768860872648,0.7866915567858964,0.8064863673745637,0.849448051714979,0.8242408873415957,0.024014134295049273,222,1.0,1.0,1.0,1.0,1.0,1.0,0.0
43.47992029190063,1.2273872874330534,0.03497028350830078,0.0028500206874811913,0.5,0.1,7,1,600,0.0,1.0,0.8,"{'clf__colsample_bytree': 0.5, 'clf__learning_rate': 0.1, 'clf__max_depth': 7, 'clf__min_child_weight': 1, 'clf__n_estimators': 600, 'clf__reg_alpha': 0.0, 'clf__reg_lambda': 1.0, 'clf__subsample': 0.8}",0.8415827677617242,0.8319457364982702,0.7956640445728008,0.8101514398063829,0.8508818816551077,0.8260451740588571,0.020340694760677326,114,1.0,1.0,1.0,1.0,1.0,1.0,0.0
44.10829095840454,1.2047628666700203,0.038190698623657225,0.0023870808981482547,0.5,0.1,7,1,600,0.0,1.0,1.0,"{'clf__colsample_bytree': 0.5, 'clf__learning_rate': 0.1, 'clf__max_depth': 7, 'clf__min_child_weight': 1, 'clf__n_estimators': 600, 'clf__reg_alpha': 0.0, 'clf__reg_lambda': 1.0, 'clf__subsample': 1.0}",0.8394077207119848,0.82459504574115,0.7812997377735874,0.8098807896720611,0.861004587296911,0.8232375762391388,0.026932691891159474,315,1.0,1.0,1.0,1.0,1.0,1.0,0.0
72.13790807723998,1.1047955422978342,0.04159083366394043,0.0017077707740369814,0.5,0.1,7,1,600,0.0,10.0,0.8,"{'clf__colsample_bytree': 0.5, 'clf__learning_rate': 0.1, 'clf__max_depth': 7, 'clf__min_child_weight': 1, 'clf__n_estimators': 600, 'clf__reg_alpha': 0.0, 'clf__reg_lambda': 10.0, 'clf__subsample': 0.8}",0.8433688984057248,0.8195744286023567,0.7852225329478394,0.8021735879800947,0.8378668316484953,0.8176412559169022,0.02174831031913536,946,1.0,1.0,1.0,1.0,1.0,1.0,0.0
74.61600265502929,1.5581772732221424,0.043941593170166014,0.004010100535236559,0.5,0.1,7,1,600,0.0,10.0,1.0,"{'clf__colsample_bytree': 0.5, 'clf__learning_rate': 0.1, 'clf__max_depth': 7, 'clf__min_child_weight': 1, 'clf__n_estimators': 600, 'clf__reg_alpha': 0.0, 'clf__reg_lambda': 10.0, 'clf__subsample': 1.0}",0.8385245289500609,0.8420348921831288,0.7914333429434101,0.8089525283797729,0.8481704575435491,0.8258231499999844,0.021866981819783048,124,1.0,1.0,1.0,1.0,1.0,1.0,0.0
45.03279371261597,1.1021754528701644,0.03514714241027832,0.002751785093575356,0.5,0.1,7,1,600,0.1,1.0,0.8,"{'clf__colsample_bytree': 0.5, 'clf__learning_rate': 0.1, 'clf__max_depth': 7, 'clf__min_child_weight': 1, 'clf__n_estimators': 600, 'clf__reg_alpha': 0.1, 'clf__reg_lambda': 1.0, 'clf__subsample': 0.8}",0.8443939393939393,0.8154016060783261,0.8013114943612126,0.8092663856819986,0.8529644233253825,0.8246675697681718,0.020289910756944807,194,1.0,1.0,1.0,1.0,1.0,1.0,0.0
48.80019545555115,1.2555232802270258,0.03774628639221191,0.002264300303661043,0.5,0.1,7,1,600,0.1,1.0,1.0,"{'clf__colsample_bytree': 0.5, 'clf__learning_rate': 0.1, 'clf__max_depth': 7, 'clf__min_child_weight': 1, 'clf__n_estimators': 600, 'clf__reg_alpha': 0.1, 'clf__reg_lambda': 1.0, 'clf__subsample': 1.0}",0.8374037657628242,0.8285913004886257,0.791903592659602,0.8201067284147769,0.8415253287642512,0.8239061432180159,0.017624817771631246,247,1.0,1.0,1.0,1.0,1.0,1.0,0.0
71.11473813056946,2.0919474389633854,0.04385685920715332,0.004783289531131649,0.5,0.1,7,1,600,0.1,10.0,0.8,"{'clf__colsample_bytree': 0.5, 'clf__learning_rate': 0.1, 'clf__max_depth': 7, 'clf__min_child_weight': 1, 'clf__n_estimators': 600, 'clf__reg_alpha': 0.1, 'clf__reg_lambda': 10.0, 'clf__subsample': 0.8}",0.8396868707856553,0.8262538053541725,0.7886046852918306,0.8074637286557028,0.8315191521380609,0.8187056484450844,0.018405547988707326,840,1.0,1.0,1.0,1.0,1.0,1.0,0.0
76.37960176467895,1.976200550832211,0.0439793586730957,0.0030519486322945905,0.5,0.1,7,1,600,0.1,10.0,1.0,"{'clf__colsample_bytree': 0.5, 'clf__learning_rate': 0.1, 'clf__max_depth': 7, 'clf__min_child_weight': 1, 'clf__n_estimators': 600, 'clf__reg_alpha': 0.1, 'clf__reg_lambda': 10.0, 'clf__subsample': 1.0}",0.8387454804885996,0.8420348921831288,0.782743479347886,0.8153936514584839,0.8532838594721925,0.8264402725900581,0.02508635500207749,98,1.0,1.0,1.0,1.0,1.0,1.0,0.0
49.03633823394775,1.2467548604251106,0.04162101745605469,0.0036500635300135108,0.5,0.1,7,1,1000,0.0,1.0,0.8,"{'clf__colsample_bytree': 0.5, 'clf__learning_rate': 0.1, 'clf__max_depth': 7, 'clf__min_child_weight': 1, 'clf__n_estimators': 1000, 'clf__reg_alpha': 0.0, 'clf__reg_lambda': 1.0, 'clf__subsample': 0.8}",0.8357351190941775,0.8378167706749308,0.7983609002609178,0.815713007867951,0.8447656871827487,0.8264782970161452,0.017059647298440898,95,1.0,1.0,1.0,1.0,1.0,1.0,0.0
50.345433187484744,1.6356087501101835,0.045274782180786136,0.0023622206220843293,0.5,0.1,7,1,1000,0.0,1.0,1.0,"{'clf__colsample_bytree': 0.5, 'clf__learning_rate': 0.1, 'clf__max_depth': 7, 'clf__min_child_weight': 1, 'clf__n_estimators': 1000, 'clf__reg_alpha': 0.0, 'clf__reg_lambda': 1.0, 'clf__subsample': 1.0}",0.835744227342609,0.8334264206050339,0.7844384546271339,0.8157906275211337,0.861004587296911,0.8260808634785644,0.02532581081433167,112,1.0,1.0,1.0,1.0,1.0,1.0,0.0
87.0212628364563,0.5207792545747312,0.05531949996948242,0.0027550430714819484,0.5,0.1,7,1,1000,0.0,10.0,0.8,"{'clf__colsample_bytree': 0.5, 'clf__learning_rate': 0.1, 'clf__max_depth': 7, 'clf__min_child_weight': 1, 'clf__n_estimators': 1000, 'clf__reg_alpha': 0.0, 'clf__reg_lambda': 10.0, 'clf__subsample': 0.8}",0.8397321392987238,0.8159240616455382,0.7794179894179895,0.8065712083407286,0.836111111111111,0.8155513019628182,0.021880657911427556,1086,1.0,1.0,1.0,1.0,1.0,1.0,0.0
90.96615486145019,2.7535973799202376,0.058164215087890624,0.0036480038301565745,0.5,0.1,7,1,1000,0.0,10.0,1.0,"{'clf__colsample_bytree': 0.5, 'clf__learning_rate': 0.1, 'clf__max_depth': 7, 'clf__min_child_weight': 1, 'clf__n_estimators': 1000, 'clf__reg_alpha': 0.0, 'clf__reg_lambda': 10.0, 'clf__subsample': 1.0}",0.8401361195881742,0.8424125702493581,0.7833333333333333,0.8123008202638763,0.8532838594721925,0.826293340581387,0.025382249913288836,105,1.0,1.0,1.0,1.0,1.0,1.0,0.0
53.36740856170654,0.8967372334064999,0.045206546783447266,0.0035427238085496827,0.5,0.1,7,1,1000,0.1,1.0,0.8,"{'clf__colsample_bytree': 0.5, 'clf__learning_rate': 0.1, 'clf__max_depth': 7, 'clf__min_child_weight': 1, 'clf__n_estimators': 1000, 'clf__reg_alpha': 0.1, 'clf__reg_lambda': 1.0, 'clf__subsample': 0.8}",0.8443939393939393,0.8183762443496245,0.8013114943612126,0.8070167951094203,0.8529644233253825,0.824812579307916,0.02042730193152875,180,1.0,1.0,1.0,1.0,1.0,1.0,0.0
53.34522085189819,0.9972150070758946,0.042989587783813475,0.0026025555761073483,0.5,0.1,7,1,1000,0.1,1.0,1.0,"{'clf__colsample_bytree': 0.5, 'clf__learning_rate': 0.1, 'clf__max_depth': 7, 'clf__min_child_weight': 1, 'clf__n_estimators': 1000, 'clf__reg_alpha': 0.1, 'clf__reg_lambda': 1.0, 'clf__subsample': 1.0}",0.8320727996784334,0.8285913004886257,0.791903592659602,0.8139224556982462,0.8415253287642512,0.8216030954578317,0.01729969820264673,492,1.0,1.0,1.0,1.0,1.0,1.0,0.0
88.95450410842895,2.286488630564667,0.0588688850402832,0.0035937491715024284,0.5,0.1,7,1,1000,0.1,10.0,0.8,"{'clf__colsample_bytree': 0.5, 'clf__learning_rate': 0.1, 'clf__max_depth': 7, 'clf__min_child_weight': 1, 'clf__n_estimators': 1000, 'clf__reg_alpha': 0.1, 'clf__reg_lambda': 10.0, 'clf__subsample': 0.8}",0.836558669053415,0.8226013902477257,0.7979080215061524,0.8074637286557028,0.8315191521380609,0.8192101923202113,0.014530948008691577,788,1.0,1.0,1.0,1.0,1.0,1.0,0.0
95.44056797027588,2.4616082100726286,0.05706243515014649,0.00417750463084613,0.5,0.1,7,1,1000,0.1,10.0,1.0,"{'clf__colsample_bytree': 0.5, 'clf__learning_rate': 0.1, 'clf__max_depth': 7, 'clf__min_child_weight': 1, 'clf__n_estimators': 1000, 'clf__reg_alpha': 0.1, 'clf__reg_lambda': 10.0, 'clf__subsample': 1.0}",0.8352489769920963,0.8424125702493581,0.786835518142432,0.8046629910351105,0.8532838594721925,0.8244887831782378,0.024807380896081935,205,1.0,1.0,1.0,1.0,1.0,1.0,0.0
23.243529939651488,1.2809725709931166,0.02070784568786621,0.001213295615644466,0.5,0.1,7,3,300,0.0,1.0,0.8,"{'clf__colsample_bytree': 0.5, 'clf__learning_rate': 0.1, 'clf__max_depth': 7, 'clf__min_child_weight': 3, 'clf__n_estimators': 300, 'clf__reg_alpha': 0.0, 'clf__reg_lambda': 1.0, 'clf__subsample': 0.8}",0.8320727996784334,0.8296910785722308,0.7944920696002675,0.8095770877954851,0.8375652099435755,0.8206796491179984,0.016156658650929395,610,1.0,1.0,1.0,1.0,1.0,1.0,0.0
23.882829713821412,0.9843681008859088,0.02184157371520996,0.0017435160954262737,0.5,0.1,7,3,300,0.0,1.0,1.0,"{'clf__colsample_bytree': 0.5, 'clf__learning_rate': 0.1, 'clf__max_depth': 7, 'clf__min_child_weight': 3, 'clf__n_estimators': 300, 'clf__reg_alpha': 0.0, 'clf__reg_lambda': 1.0, 'clf__subsample': 1.0}",0.8336898797906591,0.8223412759528577,0.7897892171299434,0.8123641237316844,0.8361462644790518,0.8188661522168393,0.01684141438494673,825,1.0,1.0,1.0,1.0,1.0,1.0,0.0
31.33172516822815,0.9188581677212769,0.025957632064819335,0.0019983823663026865,0.5,0.1,7,3,300,0.0,10.0,0.8,"{'clf__colsample_bytree': 0.5, 'clf__learning_rate': 0.1, 'clf__max_depth': 7, 'clf__min_child_weight': 3, 'clf__n_estimators': 300, 'clf__reg_alpha': 0.0, 'clf__reg_lambda': 10.0, 'clf__subsample': 0.8}",0.83936984068563,0.8278994129903591,0.7870217006848133,0.8010080060121982,0.8342533047965709,0.8179104530339142,0.02033313148602668,918,1.0,1.0,1.0,1.0,1.0,1.0,0.0
33.81609954833984,0.794586829249946,0.027820920944213866,0.0016878966833764942,0.5,0.1,7,3,300,0.0,10.0,1.0,"{'clf__colsample_bytree': 0.5, 'clf__learning_rate': 0.1, 'clf__max_depth': 7, 'clf__min_child_weight': 3, 'clf__n_estimators': 300, 'clf__reg_alpha': 0.0, 'clf__reg_lambda': 10.0, 'clf__subsample': 1.0}",0.8285385629855563,0.8267730844544336,0.7938095238095239,0.8178797756498133,0.8464016386961593,0.8226805171190972,0.01714840395475854,368,1.0,1.0,1.0,1.0,1.0,1.0,0.0
23.379509353637694,0.9403855225620611,0.02277860641479492,0.001717834439989643,0.5,0.1,7,3,300,0.1,1.0,0.8,"{'clf__colsample_bytree': 0.5, 'clf__learning_rate': 0.1, 'clf__max_depth': 7, 'clf__min_child_weight': 3, 'clf__n_estimators': 300, 'clf__reg_alpha': 0.1, 'clf__reg_lambda': 1.0, 'clf__subsample': 0.8}",0.83796748564569,0.8335479757739714,0.78411406842536,0.8106688241639698,0.8517990050884787,0.8236194718194939,0.023777817220339593,277,1.0,1.0,1.0,1.0,1.0,1.0,0.0
25.37098684310913,0.605474318189062,0.024412059783935548,0.0021907837843801814,0.5,0.1,7,3,300,0.1,1.0,1.0,"{'clf__colsample_bytree': 0.5, 'clf__learning_rate': 0.1, 'clf__max_depth': 7, 'clf__min_child_weight': 3, 'clf__n_estimators': 300, 'clf__reg_alpha': 0.1, 'clf__reg_lambda': 1.0, 'clf__subsample': 1.0}",0.8315349640228573,0.8328410935386953,0.7783577953871273,0.7935164484190355,0.8328286621427393,0.8138157927020909,0.02326694333381629,1148,1.0,1.0,1.0,1.0,1.0,1.0,0.0
32.14584941864014,0.5573908620701185,0.025946521759033205,0.001559593332214497,0.5,0.1,7,3,300,0.1,10.0,0.8,"{'clf__colsample_bytree': 0.5, 'clf__learning_rate': 0.1, 'clf__max_depth': 7, 'clf__min_child_weight': 3, 'clf__n_estimators': 300, 'clf__reg_alpha': 0.1, 'clf__reg_lambda': 10.0, 'clf__subsample': 0.8}",0.8402302237146644,0.8297360100597846,0.7904646391586021,0.799353690971338,0.8296050996491904,0.8178779327107157,0.019351493747707515,923,1.0,1.0,1.0,1.0,1.0,1.0,0.0
34.39480323791504,0.8126602631441181,0.025335311889648438,0.0005257836011115254,0.5,0.1,7,3,300,0.1,10.0,1.0,"{'clf__colsample_bytree': 0.5, 'clf__learning_rate': 0.1, 'clf__max_depth': 7, 'clf__min_child_weight': 3, 'clf__n_estimators': 300, 'clf__reg_alpha': 0.1, 'clf__reg_lambda': 10.0, 'clf__subsample': 1.0}",0.8330202041189886,0.8357284099243085,0.7905229419703104,0.8101270085880717,0.8467545170009958,0.823230616320535,0.020233147429191294,318,1.0,1.0,1.0,1.0,1.0,1.0,0.0
29.357122230529786,0.9709913716426736,0.029519128799438476,0.0020218378828227644,0.5,0.1,7,3,600,0.0,1.0,0.8,"{'clf__colsample_bytree': 0.5, 'clf__learning_rate': 0.1, 'clf__max_depth': 7, 'clf__min_child_weight': 3, 'clf__n_estimators': 600, 'clf__reg_alpha': 0.0, 'clf__reg_lambda': 1.0, 'clf__subsample': 0.8}",0.835250023948654,0.8194096601073346,0.8015819535361314,0.8125629411769323,0.8339330549956312,0.8205475267529365,0.012806850548763047,630,1.0,1.0,1.0,1.0,1.0,1.0,0.0
30.545115613937377,0.9102397189567999,0.030465078353881837,0.003045909692517596,0.5,0.1,7,3,600,0.0,1.0,1.0,"{'clf__colsample_bytree': 0.5, 'clf__learning_rate': 0.1, 'clf__max_depth': 7, 'clf__min_child_weight': 3, 'clf__n_estimators': 600, 'clf__reg_alpha': 0.0, 'clf__reg_lambda': 1.0, 'clf__subsample': 1.0}",0.8327190519681134,0.8249786299496324,0.7897892171299434,0.8116552402357748,0.8450714280550315,0.8208427134676992,0.018941558178052275,589,1.0,1.0,1.0,1.0,1.0,1.0,0.0
42.81226062774658,0.8673871434365731,0.033847999572753903,0.0015431647009718132,0.5,0.1,7,3,600,0.0,10.0,0.8,"{'clf__colsample_bytree': 0.5, 'clf__learning_rate': 0.1, 'clf__max_depth': 7, 'clf__min_child_weight': 3, 'clf__n_estimators': 600, 'clf__reg_alpha': 0.0, 'clf__reg_lambda': 10.0, 'clf__subsample': 0.8}",0.836558669053415,0.8383299662835766,0.7963508328911173,0.7906429668914532,0.8271670221909393,0.8178098914621004,0.020291274049227474,930,1.0,1.0,1.0,1.0,1.0,1.0,0.0
45.32772183418274,1.186355013667902,0.03706345558166504,0.004285220544379333,0.5,0.1,7,3,600,0.0,10.0,1.0,"{'clf__colsample_bytree': 0.5, 'clf__learning_rate': 0.1, 'clf__max_depth': 7, 'clf__min_child_weight': 3, 'clf__n_estimators': 600, 'clf__reg_alpha': 0.0, 'clf__reg_lambda': 10.0, 'clf__subsample': 1.0}",0.8280322581525039,0.8324549697238856,0.7931449218279301,0.7985442539882409,0.8455250615037926,0.8195402930392707,0.02025665231337179,753,1.0,1.0,1.0,1.0,1.0,1.0,0.0
30.07142004966736,1.0974096099293678,0.0295255184173584,0.002301355763596386,0.5,0.1,7,3,600,0.1,1.0,0.8,"{'clf__colsample_bytree': 0.5, 'clf__learning_rate': 0.1, 'clf__max_depth': 7, 'clf__min_child_weight': 3, 'clf__n_estimators': 600, 'clf__reg_alpha': 0.1, 'clf__reg_lambda': 1.0, 'clf__subsample': 0.8}",0.8338807573844333,0.8275477797564583,0.8044242237860068,0.8081100831146627,0.8557109723482963,0.8259347632779714,0.01861604578453286,119,1.0,1.0,1.0,1.0,1.0,1.0,0.0
31.901214361190796,0.7136599383826296,0.031783437728881835,0.0012204934905023044,0.5,0.1,7,3,600,0.1,1.0,1.0,"{'clf__colsample_bytree': 0.5, 'clf__learning_rate': 0.1, 'clf__max_depth': 7, 'clf__min_child_weight': 3, 'clf__n_estimators': 600, 'clf__reg_alpha': 0.1, 'clf__reg_lambda': 1.0, 'clf__subsample': 1.0}",0.8277759002980598,0.8358469800759193,0.7843839902866327,0.7961270683525995,0.8411409826504166,0.8170549843327256,0.02259904412730252,986,1.0,1.0,1.0,1.0,1.0,1.0,0.0
43.47789688110352,1.472055819281392,0.03281283378601074,0.001700390856085484,0.5,0.1,7,3,600,0.1,10.0,0.8,"{'clf__colsample_bytree': 0.5, 'clf__learning_rate': 0.1, 'clf__max_depth': 7, 'clf__min_child_weight': 3, 'clf__n_estimators': 600, 'clf__reg_alpha': 0.1, 'clf__reg_lambda': 10.0, 'clf__subsample': 0.8}",0.8402302237146644,0.8394972232450123,0.7963508328911173,0.7860198622054122,0.8284465383684643,0.818108936084934,0.022613270139676248,897,1.0,1.0,1.0,1.0,1.0,1.0,0.0
45.418700981140134,1.2423427395168465,0.03252377510070801,0.00170365952872289,0.5,0.1,7,3,600,0.1,10.0,1.0,"{'clf__colsample_bytree': 0.5, 'clf__learning_rate': 0.1, 'clf__max_depth': 7, 'clf__min_child_weight': 3, 'clf__n_estimators': 600, 'clf__reg_alpha': 0.1, 'clf__reg_lambda': 10.0, 'clf__subsample': 1.0}",0.8302509569940763,0.835351415803368,0.7865271128232767,0.8038074684667142,0.8420247983628265,0.8195923504900524,0.021012573341562722,744,1.0,1.0,1.0,1.0,1.0,1.0,0.0
34.37361011505127,1.2911914320103242,0.03616461753845215,0.001094541371405142,0.5,0.1,7,3,1000,0.0,1.0,0.8,"{'clf__colsample_bytree': 0.5, 'clf__learning_rate': 0.1, 'clf__max_depth': 7, 'clf__min_child_weight': 3, 'clf__n_estimators': 1000, 'clf__reg_alpha': 0.0, 'clf__reg_lambda': 1.0, 'clf__subsample': 0.8}",0.8316718766385116,0.8226776339635438,0.8043659314016811,0.8118706657771365,0.8407105268775884,0.8222593269316922,0.01309439373455127,413,1.0,1.0,1.0,1.0,1.0,1.0,0.0
36.22386474609375,1.1709950250898864,0.03790149688720703,0.0023855442735441247,0.5,0.1,7,3,1000,0.0,1.0,1.0,"{'clf__colsample_bytree': 0.5, 'clf__learning_rate': 0.1, 'clf__max_depth': 7, 'clf__min_child_weight': 3, 'clf__n_estimators': 1000, 'clf__reg_alpha': 0.0, 'clf__reg_lambda': 1.0, 'clf__subsample': 1.0}",0.8268714033005665,0.824683492608021,0.7911233164754292,0.8077634278624437,0.8450714280550315,0.8191026136602984,0.018315555295373757,799,1.0,1.0,1.0,1.0,1.0,1.0,0.0
50.44307551383972,1.3479621181768915,0.04248628616333008,0.0025333819292964552,0.5,0.1,7,3,1000,0.0,10.0,0.8,"{'clf__colsample_bytree': 0.5, 'clf__learning_rate': 0.1, 'clf__max_depth': 7, 'clf__min_child_weight': 3, 'clf__n_estimators': 1000, 'clf__reg_alpha': 0.0, 'clf__reg_lambda': 10.0, 'clf__subsample': 0.8}",0.8409248925233876,0.8379801105835258,0.8021305051808566,0.7956339070495201,0.8324989681624753,0.8218336766999531,0.019045068592162002,462,1.0,1.0,1.0,1.0,1.0,1.0,0.0
55.378293704986575,1.2087991229807278,0.044570541381835936,0.0016114178060460747,0.5,0.1,7,3,1000,0.0,10.0,1.0,"{'clf__colsample_bytree': 0.5, 'clf__learning_rate': 0.1, 'clf__max_depth': 7, 'clf__min_child_weight': 3, 'clf__n_estimators': 1000, 'clf__reg_alpha': 0.0, 'clf__reg_lambda': 10.0, 'clf__subsample': 1.0}",0.8285300973536267,0.8267730844544336,0.7931449218279301,0.8073431181146283,0.8455250615037926,0.8202632566508822,0.018172569224128448,666,1.0,1.0,1.0,1.0,1.0,1.0,0.0
35.66127319335938,1.788695264629737,0.03546805381774902,0.0011061461404224821,0.5,0.1,7,3,1000,0.1,1.0,0.8,"{'clf__colsample_bytree': 0.5, 'clf__learning_rate': 0.1, 'clf__max_depth': 7, 'clf__min_child_weight': 3, 'clf__n_estimators': 1000, 'clf__reg_alpha': 0.1, 'clf__reg_lambda': 1.0, 'clf__subsample': 0.8}",0.8383416690518875,0.8206387502746132,0.8111872482538484,0.8156861597057858,0.8418213325637774,0.8255350319699826,0.012297042711651475,135,1.0,1.0,1.0,1.0,1.0,1.0,0.0
36.883607959747316,0.871227371683159,0.03813290596008301,0.002802698934317532,0.5,0.1,7,3,1000,0.1,1.0,1.0,"{'clf__colsample_bytree': 0.5, 'clf__learning_rate': 0.1, 'clf__max_depth': 7, 'clf__min_child_weight': 3, 'clf__n_estimators': 1000, 'clf__reg_alpha': 0.1, 'clf__reg_lambda': 1.0, 'clf__subsample': 1.0}",0.8292725205839433,0.8479748586930047,0.7937375960740446,0.8094449492654854,0.8411409826504166,0.824314181453379,0.0201175329114346,215,1.0,1.0,1.0,1.0,1.0,1.0,0.0
53.75537180900574,1.5890971115906785,0.045633888244628905,0.002762414881810904,0.5,0.1,7,3,1000,0.1,10.0,0.8,"{'clf__colsample_bytree': 0.5, 'clf__learning_rate': 0.1, 'clf__max_depth': 7, 'clf__min_child_weight': 3, 'clf__n_estimators': 1000, 'clf__reg_alpha': 0.1, 'clf__reg_lambda': 10.0, 'clf__subsample': 0.8}",0.8397321392987238,0.8448257018494231,0.8021305051808566,0.7941253359738811,0.8365677662781037,0.8234762897161977,0.021016935103234123,292,1.0,1.0,1.0,1.0,1.0,1.0,0.0
57.54974527359009,1.1970017740221077,0.04677591323852539,0.0029068802219367907,0.5,0.1,7,3,1000,0.1,10.0,1.0,"{'clf__colsample_bytree': 0.5, 'clf__learning_rate': 0.1, 'clf__max_depth': 7, 'clf__min_child_weight': 3, 'clf__n_estimators': 1000, 'clf__reg_alpha': 0.1, 'clf__reg_lambda': 10.0, 'clf__subsample': 1.0}",0.8317658523289946,0.8410856480968776,0.7955634477363888,0.8071671527617877,0.850059927852712,0.8251284057553521,0.020576508090622014,162,1.0,1.0,1.0,1.0,1.0,1.0,0.0
18.16007194519043,0.4834702507895137,0.019911527633666992,0.0011566949347494475,0.5,0.1,7,5,300,0.0,1.0,0.8,"{'clf__colsample_bytree': 0.5, 'clf__learning_rate': 0.1, 'clf__max_depth': 7, 'clf__min_child_weight': 5, 'clf__n_estimators': 300, 'clf__reg_alpha': 0.0, 'clf__reg_lambda': 1.0, 'clf__subsample': 0.8}",0.8364781156929109,0.8342690090225752,0.8063406853809697,0.8127828115426597,0.8460654532083103,0.827187214969485,0.015066022409596784,62,1.0,1.0,1.0,1.0,1.0,1.0,0.0
19.21765742301941,0.7131764284398007,0.021600008010864258,0.0016401118254748342,0.5,0.1,7,5,300,0.0,1.0,1.0,"{'clf__colsample_bytree': 0.5, 'clf__learning_rate': 0.1, 'clf__max_depth': 7, 'clf__min_child_weight': 5, 'clf__n_estimators': 300, 'clf__reg_alpha': 0.0, 'clf__reg_lambda': 1.0, 'clf__subsample': 1.0}",0.8280835788201037,0.8307727681035695,0.7806627921267412,0.8059253369680449,0.8388739594940028,0.8168636871024925,0.02113742129923643,1004,1.0,1.0,1.0,1.0,1.0,1.0,0.0
23.553464031219484,0.3770737793006058,0.022997522354125978,0.0003908261778996834,0.5,0.1,7,5,300,0.0,10.0,0.8,"{'clf__colsample_bytree': 0.5, 'clf__learning_rate': 0.1, 'clf__max_depth': 7, 'clf__min_child_weight': 5, 'clf__n_estimators': 300, 'clf__reg_alpha': 0.0, 'clf__reg_lambda': 10.0, 'clf__subsample': 0.8}",0.8409248925233876,0.8190203144658807,0.7930573489157537,0.7937423799570482,0.8446071544207775,0.8182704180565695,0.022112144847668363,882,1.0,1.0,1.0,1.0,1.0,1.0,0.0
26.844396305084228,0.8204763305295362,0.023722171783447266,0.001679574095898476,0.5,0.1,7,5,300,0.0,10.0,1.0,"{'clf__colsample_bytree': 0.5, 'clf__learning_rate': 0.1, 'clf__max_depth': 7, 'clf__min_child_weight': 5, 'clf__n_estimators': 300, 'clf__reg_alpha': 0.0, 'clf__reg_lambda': 10.0, 'clf__subsample': 1.0}",0.8232653538121641,0.8439560393765371,0.7991863830244113,0.80791627762216,0.8444512030976519,0.8237550513865848,0.018390957748758995,262,1.0,1.0,1.0,1.0,1.0,1.0,0.0
19.345697736740114,0.41646239160104126,0.021281909942626954,0.0012961219752548356,0.5,0.1,7,5,300,0.1,1.0,0.8,"{'clf__colsample_bytree': 0.5, 'clf__learning_rate': 0.1, 'clf__max_depth': 7, 'clf__min_child_weight': 5, 'clf__n_estimators': 300, 'clf__reg_alpha': 0.1, 'clf__reg_lambda': 1.0, 'clf__subsample': 0.8}",0.8220618068668528,0.8355668408627684,0.8007243051169385,0.806805260222062,0.8530096947956414,0.8236335815728527,0.019057053960693213,275,1.0,1.0,1.0,1.0,1.0,1.0,0.0
20.8138126373291,0.8697487000114388,0.020380592346191405,0.0018372275540974835,0.5,0.1,7,5,300,0.1,1.0,1.0,"{'clf__colsample_bytree': 0.5, 'clf__learning_rate': 0.1, 'clf__max_depth': 7, 'clf__min_child_weight': 5, 'clf__n_estimators': 300, 'clf__reg_alpha': 0.1, 'clf__reg_lambda': 1.0, 'clf__subsample': 1.0}",0.8372110065512226,0.8258270255171647,0.776801922646993,0.8096494259404257,0.8522284719467819,0.8203435705205177,0.025851365316960296,659,1.0,1.0,1.0,1.0,1.0,1.0,0.0
24.79746985435486,0.6295209464995728,0.022263622283935545,0.0011028491450992607,0.5,0.1,7,5,300,0.1,10.0,0.8,"{'clf__colsample_bytree': 0.5, 'clf__learning_rate': 0.1, 'clf__max_depth': 7, 'clf__min_child_weight': 5, 'clf__n_estimators': 300, 'clf__reg_alpha': 0.1, 'clf__reg_lambda': 10.0, 'clf__subsample': 0.8}",0.8445964471846368,0.82360635363659,0.8044242237860068,0.80085263171385,0.8422262020398251,0.8231411716721817,0.01828598795448129,327,1.0,1.0,1.0,1.0,1.0,1.0,0.0
26.651225280761718,0.9602186352968943,0.023660993576049803,0.002793215851414219,0.5,0.1,7,5,300,0.1,10.0,1.0,"{'clf__colsample_bytree': 0.5, 'clf__learning_rate': 0.1, 'clf__max_depth': 7, 'clf__min_child_weight': 5, 'clf__n_estimators': 300, 'clf__reg_alpha': 0.1, 'clf__reg_lambda': 10.0, 'clf__subsample': 1.0}",0.8357351190941775,0.8364571529025242,0.7955634477363888,0.7954651010118858,0.8336618903391609,0.8193765422168274,0.019505086306173817,774,1.0,1.0,1.0,1.0,1.0,1.0,0.0
24.447000980377197,0.7436304426683458,0.027162885665893553,0.0014718434597669019,0.5,0.1,7,5,600,0.0,1.0,0.8,"{'clf__colsample_bytree': 0.5, 'clf__learning_rate': 0.1, 'clf__max_depth': 7, 'clf__min_child_weight': 5, 'clf__n_estimators': 600, 'clf__reg_alpha': 0.0, 'clf__reg_lambda': 1.0, 'clf__subsample': 0.8}",0.8435121159334084,0.8275477797564583,0.8085714285714285,0.815468672057144,0.8409648191402951,0.8272129630917469,0.01371366626043143,61,1.0,1.0,1.0,1.0,1.0,1.0,0.0
25.448629426956177,0.6513300615298502,0.028838157653808594,0.0016665913203184857,0.5,0.1,7,5,600,0.0,1.0,1.0,"{'clf__colsample_bytree': 0.5, 'clf__learning_rate': 0.1, 'clf__max_depth': 7, 'clf__min_child_weight': 5, 'clf__n_estimators': 600, 'clf__reg_alpha': 0.0, 'clf__reg_lambda': 1.0, 'clf__subsample': 1.0}",0.8319506320161213,0.8286831161728619,0.7900305966343703,0.8152337229580762,0.8425480284236596,0.8216892192410178,0.018073422058710337,479,1.0,1.0,1.0,1.0,1.0,1.0,0.0
33.83286747932434,0.4891509454951161,0.029245281219482423,0.0018404234589635617,0.5,0.1,7,5,600,0.0,10.0,0.8,"{'clf__colsample_bytree': 0.5, 'clf__learning_rate': 0.1, 'clf__max_depth': 7, 'clf__min_child_weight': 5, 'clf__n_estimators': 600, 'clf__reg_alpha': 0.0, 'clf__reg_lambda': 10.0, 'clf__subsample': 0.8}",0.8339318745770359,0.829501036766217,0.8014918016302168,0.8142964622961835,0.8412768276324614,0.8240996005804228,0.014339597955339052,229,1.0,1.0,1.0,1.0,1.0,1.0,0.0
35.51779441833496,0.6737337979194657,0.029847192764282226,0.002085136942927376,0.5,0.1,7,5,600,0.0,10.0,1.0,"{'clf__colsample_bytree': 0.5, 'clf__learning_rate': 0.1, 'clf__max_depth': 7, 'clf__min_child_weight': 5, 'clf__n_estimators': 600, 'clf__reg_alpha': 0.0, 'clf__reg_lambda': 10.0, 'clf__subsample': 1.0}",0.827602180543357,0.829476885188994,0.7887088295539,0.8080520769820052,0.8444512030976519,0.8196582350731816,0.019322380965225722,732,1.0,1.0,1.0,1.0,1.0,1.0,0.0
25.634161949157715,0.3986145874376191,0.025459671020507814,0.0018391986293650384,0.5,0.1,7,5,600,0.1,1.0,0.8,"{'clf__colsample_bytree': 0.5, 'clf__learning_rate': 0.1, 'clf__max_depth': 7, 'clf__min_child_weight': 5, 'clf__n_estimators': 600, 'clf__reg_alpha': 0.1, 'clf__reg_lambda': 1.0, 'clf__subsample': 0.8}",0.824752331002331,0.8376582402612922,0.8156332264227001,0.8058158802335216,0.8389699795509654,0.8245659314941621,0.01273010240511511,199,1.0,1.0,1.0,1.0,1.0,1.0,0.0
26.52383189201355,0.5061212518290695,0.026391220092773438,0.0014050074099281617,0.5,0.1,7,5,600,0.1,1.0,1.0,"{'clf__colsample_bytree': 0.5, 'clf__learning_rate': 0.1, 'clf__max_depth': 7, 'clf__min_child_weight': 5, 'clf__n_estimators': 600, 'clf__reg_alpha': 0.1, 'clf__reg_lambda': 1.0, 'clf__subsample': 1.0}",0.8372110065512226,0.8287910943046766,0.7828111878651394,0.8048577580049032,0.8552714453757504,0.8217884984203385,0.025353021721746513,467,1.0,1.0,1.0,1.0,1.0,1.0,0.0
34.130735874176025,0.7737596971699453,0.02787632942199707,0.0010525437703623112,0.5,0.1,7,5,600,0.1,10.0,0.8,"{'clf__colsample_bytree': 0.5, 'clf__learning_rate': 0.1, 'clf__max_depth': 7, 'clf__min_child_weight': 5, 'clf__n_estimators': 600, 'clf__reg_alpha': 0.1, 'clf__reg_lambda': 10.0, 'clf__subsample': 0.8}",0.8445964471846368,0.8343850175827137,0.8044242237860068,0.8014752890330155,0.8422262020398251,0.8254214359252396,0.018680085041016592,142,1.0,1.0,1.0,1.0,1.0,1.0,0.0
35.11307663917542,0.5853920849332044,0.025020599365234375,0.002501730142708533,0.5,0.1,7,5,600,0.1,10.0,1.0,"{'clf__colsample_bytree': 0.5, 'clf__learning_rate': 0.1, 'clf__max_depth': 7, 'clf__min_child_weight': 5, 'clf__n_estimators': 600, 'clf__reg_alpha': 0.1, 'clf__reg_lambda': 10.0, 'clf__subsample': 1.0}",0.8429922338373043,0.8343850175827137,0.7991458439571648,0.800805700170411,0.8314344451186557,0.8217526481332499,0.01818942646521857,472,1.0,1.0,1.0,1.0,1.0,1.0,0.0
30.039157724380495,0.4559849352457942,0.03319735527038574,0.0009041528433561856,0.5,0.1,7,5,1000,0.0,1.0,0.8,"{'clf__colsample_bytree': 0.5, 'clf__learning_rate': 0.1, 'clf__max_depth': 7, 'clf__min_child_weight': 5, 'clf__n_estimators': 1000, 'clf__reg_alpha': 0.0, 'clf__reg_lambda': 1.0, 'clf__subsample': 0.8}",0.828317399312545,0.825792221073655,0.8098505368862866,0.8182269557700268,0.8409648191402951,0.8246303864365616,0.010403898235318313,196,1.0,1.0,1.0,1.0,1.0,1.0,0.0
30.029283380508424,0.6417258938355267,0.030716085433959962,0.0020394751283656764,0.5,0.1,7,5,1000,0.0,1.0,1.0,"{'clf__colsample_bytree': 0.5, 'clf__learning_rate': 0.1, 'clf__max_depth': 7, 'clf__min_child_weight': 5, 'clf__n_estimators': 1000, 'clf__reg_alpha': 0.0, 'clf__reg_lambda': 1.0, 'clf__subsample': 1.0}",0.8299290212214969,0.8286831161728619,0.7958221024258759,0.819299485321789,0.8385756290212332,0.8224618708326513,0.014654646869568428,390,1.0,1.0,1.0,1.0,1.0,1.0,0.0
36.769257640838624,1.0221217208607933,0.029327964782714842,0.0014635806548809465,0.5,0.1,7,5,1000,0.0,10.0,0.8,"{'clf__colsample_bytree': 0.5, 'clf__learning_rate': 0.1, 'clf__max_depth': 7, 'clf__min_child_weight': 5, 'clf__n_estimators': 1000, 'clf__reg_alpha': 0.0, 'clf__reg_lambda': 10.0, 'clf__subsample': 0.8}",0.8302509569940763,0.8227568854422079,0.8048701800085951,0.8142964622961835,0.8337104650966596,0.8211769899675445,0.010537311404672916,544,1.0,1.0,1.0,1.0,1.0,1.0,0.0
35.54129719734192,1.6294039993886928,0.026622486114501954,0.0007722540141463064,0.5,0.1,7,5,1000,0.0,10.0,1.0,"{'clf__colsample_bytree': 0.5, 'clf__learning_rate': 0.1, 'clf__max_depth': 7, 'clf__min_child_weight': 5, 'clf__n_estimators': 1000, 'clf__reg_alpha': 0.0, 'clf__reg_lambda': 10.0, 'clf__subsample': 1.0}",0.8270942734178028,0.8321568675267679,0.8009925273639136,0.8080508316815571,0.8413963330543842,0.8219381666088852,0.015107649731570617,451,1.0,1.0,1.0,1.0,1.0,1.0,0.0
25.35409560203552,0.8740560767812261,0.02561192512512207,0.0010964738660892523,0.5,0.1,7,5,1000,0.1,1.0,0.8,"{'clf__colsample_bytree': 0.5, 'clf__learning_rate': 0.1, 'clf__max_depth': 7, 'clf__min_child_weight': 5, 'clf__n_estimators': 1000, 'clf__reg_alpha': 0.1, 'clf__reg_lambda': 1.0, 'clf__subsample': 0.8}",0.8257490257490256,0.8198093201806432,0.8151732825903442,0.8047174983482238,0.8381650616873525,0.8207228377111179,0.011111225925773783,605,1.0,1.0,1.0,1.0,1.0,1.0,0.0
26.738543176651,0.8163734569769733,0.024306058883666992,0.0015342158092845593,0.5,0.1,7,5,1000,0.1,1.0,1.0,"{'clf__colsample_bytree': 0.5, 'clf__learning_rate': 0.1, 'clf__max_depth': 7, 'clf__min_child_weight': 5, 'clf__n_estimators': 1000, 'clf__reg_alpha': 0.1, 'clf__reg_lambda': 1.0, 'clf__subsample': 1.0}",0.8409083505426842,0.8330983494989184,0.7742369924770275,0.8089017900338655,0.8504439176608989,0.821517880042679,0.02735493128280676,502,1.0,1.0,1.0,1.0,1.0,1.0,0.0
32.91278023719788,1.7689764226138287,0.02444300651550293,0.0011900368851348563,0.5,0.1,7,5,1000,0.1,10.0,0.8,"{'clf__colsample_bytree': 0.5, 'clf__learning_rate': 0.1, 'clf__max_depth': 7, 'clf__min_child_weight': 5, 'clf__n_estimators': 1000, 'clf__reg_alpha': 0.1, 'clf__reg_lambda': 10.0, 'clf__subsample': 0.8}",0.8344086537574069,0.8254127162027588,0.8044242237860068,0.8147910565704458,0.8325202218528124,0.822311374433886,0.011284399784558027,408,1.0,1.0,1.0,1.0,1.0,1.0,0.0
31.155860900878906,1.4349353351780954,0.02299156188964844,0.0007353418755781802,0.5,0.1,7,5,1000,0.1,10.0,1.0,"{'clf__colsample_bytree': 0.5, 'clf__learning_rate': 0.1, 'clf__max_depth': 7, 'clf__min_child_weight': 5, 'clf__n_estimators': 1000, 'clf__reg_alpha': 0.1, 'clf__reg_lambda': 10.0, 'clf__subsample': 1.0}",0.8350314675193609,0.8314004712836489,0.7958221024258759,0.8080520769820052,0.8283180162053402,0.8197248268832462,0.01517926315204431,722,1.0,1.0,1.0,1.0,1.0,1.0,0.0
19.775309896469118,0.48359382379449617,0.012207603454589844,0.0005328556482308726,0.8,0.03,3,1,300,0.0,1.0,0.8,"{'clf__colsample_bytree': 0.8, 'clf__learning_rate': 0.03, 'clf__max_depth': 3, 'clf__min_child_weight': 1, 'clf__n_estimators': 300, 'clf__reg_alpha': 0.0, 'clf__reg_lambda': 1.0, 'clf__subsample': 0.8}",0.8221425891144416,0.8091748124544823,0.7869979518841181,0.7995491941128479,0.8337983162324893,0.8103325727596757,0.016445326378049692,1233,0.9944073885470659,0.992995939284424,0.9983679634478907,0.9951379871068342,0.9902526653343579,0.9942323887441147,0.0026578456366253204
19.517636823654176,0.7118068068542829,0.011026287078857422,0.0008737346795941574,0.8,0.03,3,1,300,0.0,1.0,1.0,"{'clf__colsample_bytree': 0.8, 'clf__learning_rate': 0.03, 'clf__max_depth': 3, 'clf__min_child_weight': 1, 'clf__n_estimators': 300, 'clf__reg_alpha': 0.0, 'clf__reg_lambda': 1.0, 'clf__subsample': 1.0}",0.8213054272421522,0.813263793286032,0.7813413538040713,0.780126220979175,0.8298953665017207,0.8051864323626303,0.02065041959743274,1278,0.9918729617093617,0.9910507437298351,0.9944078862757162,0.9926111725231681,0.9899453343942421,0.9919776197264646,0.00150384977520099
20.15390100479126,0.9146296634318237,0.011840534210205079,0.0008662581948236447,0.8,0.03,3,1,300,0.0,10.0,0.8,"{'clf__colsample_bytree': 0.8, 'clf__learning_rate': 0.03, 'clf__max_depth': 3, 'clf__min_child_weight': 1, 'clf__n_estimators': 300, 'clf__reg_alpha': 0.0, 'clf__reg_lambda': 10.0, 'clf__subsample': 0.8}",0.820367559271302,0.8131320798267108,0.7833330661502519,0.8016365881641023,0.8301979866503456,0.8097334560125425,0.016161507751505207,1241,0.9786989815114913,0.9746844758954302,0.9745577508868473,0.9753576656104979,0.9744989251546237,0.9755595598117781,0.00159944169858232
19.155290031433104,0.8329363054651328,0.01059865951538086,0.00023674674382881056,0.8,0.03,3,1,300,0.0,10.0,1.0,"{'clf__colsample_bytree': 0.8, 'clf__learning_rate': 0.03, 'clf__max_depth': 3, 'clf__min_child_weight': 1, 'clf__n_estimators': 300, 'clf__reg_alpha': 0.0, 'clf__reg_lambda': 10.0, 'clf__subsample': 1.0}",0.8211863279691448,0.8171764394522409,0.783682902100788,0.7697592434102828,0.8270432697824938,0.80376963654299,0.02273732284259153,1287,0.9769926375807414,0.9761365842876359,0.978754695973303,0.9802784497387463,0.9793163100268005,0.9782957355214454,0.0015194321951548467
18.317530870437622,0.4602911982168627,0.010609674453735351,0.0002519542027617199,0.8,0.03,3,1,300,0.1,1.0,0.8,"{'clf__colsample_bytree': 0.8, 'clf__learning_rate': 0.03, 'clf__max_depth': 3, 'clf__min_child_weight': 1, 'clf__n_estimators': 300, 'clf__reg_alpha': 0.1, 'clf__reg_lambda': 1.0, 'clf__subsample': 0.8}",0.8226102439337732,0.8061695892556499,0.7867694372250026,0.8008965547625341,0.8361385844545428,0.8105168819263004,0.017193672226914883,1232,0.9944073885470659,0.9913687074346083,0.9967376782356162,0.9944275755619507,0.9909616519129452,0.9935806003384373,0.0021503231242501913
18.248110580444337,0.1928381750610884,0.010299062728881836,0.00022691605721438502,0.8,0.03,3,1,300,0.1,1.0,1.0,"{'clf__colsample_bytree': 0.8, 'clf__learning_rate': 0.03, 'clf__max_depth': 3, 'clf__min_child_weight': 1, 'clf__n_estimators': 300, 'clf__reg_alpha': 0.1, 'clf__reg_lambda': 1.0, 'clf__subsample': 1.0}",0.8170076044052726,0.8139372271793932,0.7770855904658722,0.780126220979175,0.8358842638621715,0.804808181378377,0.022696385254113372,1282,0.9918729617093617,0.9922834888929055,0.9967376782356162,0.990679922964326,0.9894302969133052,0.9922008697431028,0.0024773507547108443
18.663805437088012,0.22877654509568546,0.010587072372436524,0.0003321362528911856,0.8,0.03,3,1,300,0.1,10.0,0.8,"{'clf__colsample_bytree': 0.8, 'clf__learning_rate': 0.03, 'clf__max_depth': 3, 'clf__min_child_weight': 1, 'clf__n_estimators': 300, 'clf__reg_alpha': 0.1, 'clf__reg_lambda': 10.0, 'clf__subsample': 0.8}",0.820367559271302,0.8131320798267108,0.7831294846705805,0.7957093874525066,0.8355316989971611,0.809574042043652,0.018409252364584208,1244,0.977249736888344,0.97610330701343,0.9713609167049757,0.9753576656104979,0.9722121922056809,0.9744567636845856,0.002277972702903138
18.733594131469726,0.3536576042095515,0.010649299621582032,0.00030180871439519326,0.8,0.03,3,1,300,0.1,10.0,1.0,"{'clf__colsample_bytree': 0.8, 'clf__learning_rate': 0.03, 'clf__max_depth': 3, 'clf__min_child_weight': 1, 'clf__n_estimators': 300, 'clf__reg_alpha': 0.1, 'clf__reg_lambda': 10.0, 'clf__subsample': 1.0}",0.8284482843850094,0.8228450422640805,0.7871884363748025,0.7662168969230241,0.8209535043329239,0.8051304328559681,0.024265521605405207,1280,0.977507012855183,0.976325272450783,0.9772490624153201,0.9783321539998768,0.9800279589756136,0.9778882921393552,0.0012467723610108373
32.65479578971863,0.2597794561621097,0.018762636184692382,0.0008962203721085472,0.8,0.03,3,1,600,0.0,1.0,0.8,"{'clf__colsample_bytree': 0.8, 'clf__learning_rate': 0.03, 'clf__max_depth': 3, 'clf__min_child_weight': 1, 'clf__n_estimators': 600, 'clf__reg_alpha': 0.0, 'clf__reg_lambda': 1.0, 'clf__subsample': 0.8}",0.8240343136844925,0.832875827420474,0.7849563291233173,0.8015860523684308,0.8575503197643953,0.820200568472222,0.02513571296146675,675,1.0,1.0,1.0,1.0,1.0,1.0,0.0
33.0945544719696,0.4173062329900554,0.01886444091796875,0.0009545615646619975,0.8,0.03,3,1,600,0.0,1.0,1.0,"{'clf__colsample_bytree': 0.8, 'clf__learning_rate': 0.03, 'clf__max_depth': 3, 'clf__min_child_weight': 1, 'clf__n_estimators': 600, 'clf__reg_alpha': 0.0, 'clf__reg_lambda': 1.0, 'clf__subsample': 1.0}",0.8353793131242657,0.8203195414027482,0.7847612059114466,0.7949512228581392,0.8444767374678308,0.8159776041528861,0.02290873876630956,1064,1.0,1.0,1.0,1.0,1.0,1.0,0.0
35.58639779090881,0.41017736701260044,0.018457984924316405,0.0003896109928266928,0.8,0.03,3,1,600,0.0,10.0,0.8,"{'clf__colsample_bytree': 0.8, 'clf__learning_rate': 0.03, 'clf__max_depth': 3, 'clf__min_child_weight': 1, 'clf__n_estimators': 600, 'clf__reg_alpha': 0.0, 'clf__reg_lambda': 10.0, 'clf__subsample': 0.8}",0.802897694716028,0.8051802092671093,0.7870042701168528,0.7971431208371508,0.8410746139619378,0.8066599817798158,0.018317363795317374,1272,0.9990802514078543,1.0,1.0,1.0,0.9981628558539307,0.999448621452357,0.0007349754515881654
36.14257736206055,0.2398155185466659,0.018333625793457032,0.0006271302844784315,0.8,0.03,3,1,600,0.0,10.0,1.0,"{'clf__colsample_bytree': 0.8, 'clf__learning_rate': 0.03, 'clf__max_depth': 3, 'clf__min_child_weight': 1, 'clf__n_estimators': 600, 'clf__reg_alpha': 0.0, 'clf__reg_lambda': 10.0, 'clf__subsample': 1.0}",0.8272168743397952,0.8123186510129619,0.7949142526688026,0.7812937062937063,0.8466254863043854,0.8124737941239303,0.023083569635737433,1181,1.0,1.0,1.0,1.0,0.9990825960013635,0.9998165192002727,0.00036696159945459605
33.20139403343201,0.3486594939248235,0.018184995651245116,0.0006675675868840745,0.8,0.03,3,1,600,0.1,1.0,0.8,"{'clf__colsample_bytree': 0.8, 'clf__learning_rate': 0.03, 'clf__max_depth': 3, 'clf__min_child_weight': 1, 'clf__n_estimators': 600, 'clf__reg_alpha': 0.1, 'clf__reg_lambda': 1.0, 'clf__subsample': 0.8}",0.8182281458552949,0.8298617470920399,0.7856805821763098,0.8064260244770343,0.8539296626318759,0.818825232446511,0.02283326689881159,830,1.0,1.0,1.0,1.0,1.0,1.0,0.0
33.56430830955505,0.18635099712055686,0.01796121597290039,0.0009472987375473942,0.8,0.03,3,1,600,0.1,1.0,1.0,"{'clf__colsample_bytree': 0.8, 'clf__learning_rate': 0.03, 'clf__max_depth': 3, 'clf__min_child_weight': 1, 'clf__n_estimators': 600, 'clf__reg_alpha': 0.1, 'clf__reg_lambda': 1.0, 'clf__subsample': 1.0}",0.8257122546704085,0.822948109047847,0.7935215617801123,0.7936057496049802,0.8486433446601416,0.816886203952698,0.0210287798459906,999,1.0,1.0,1.0,1.0,1.0,1.0,0.0
36.001750802993776,0.4061341168961317,0.018405961990356445,0.0005385037614917312,0.8,0.03,3,1,600,0.1,10.0,0.8,"{'clf__colsample_bytree': 0.8, 'clf__learning_rate': 0.03, 'clf__max_depth': 3, 'clf__min_child_weight': 1, 'clf__n_estimators': 600, 'clf__reg_alpha': 0.1, 'clf__reg_lambda': 10.0, 'clf__subsample': 0.8}",0.8085081663161943,0.8144223226402995,0.7904646391586021,0.7967050028679584,0.8461946537527933,0.8112589569471694,0.019402566193831804,1217,0.9990802514078543,1.0,0.9990771574058865,1.0,0.9981628558539307,0.9992640529335344,0.0006876894817435309
36.41282157897949,0.18657662683606782,0.01826963424682617,0.0008472389248289496,0.8,0.03,3,1,600,0.1,10.0,1.0,"{'clf__colsample_bytree': 0.8, 'clf__learning_rate': 0.03, 'clf__max_depth': 3, 'clf__min_child_weight': 1, 'clf__n_estimators': 600, 'clf__reg_alpha': 0.1, 'clf__reg_lambda': 10.0, 'clf__subsample': 1.0}",0.8211863279691448,0.8107684007582778,0.8007115033876288,0.797972203235361,0.8502230327811724,0.8161722936263169,0.018889546106542584,1049,1.0,1.0,1.0,1.0,0.9990825960013635,0.9998165192002727,0.00036696159945459605
47.68657822608948,0.27163225491815574,0.02794537544250488,0.0014945846056047061,0.8,0.03,3,1,1000,0.0,1.0,0.8,"{'clf__colsample_bytree': 0.8, 'clf__learning_rate': 0.03, 'clf__max_depth': 3, 'clf__min_child_weight': 1, 'clf__n_estimators': 1000, 'clf__reg_alpha': 0.0, 'clf__reg_lambda': 1.0, 'clf__subsample': 0.8}",0.8309504685162856,0.8291601440004015,0.7937990709188255,0.8037374285002369,0.8588592187947892,0.8233012661461079,0.022848754932556,307,1.0,1.0,1.0,1.0,1.0,1.0,0.0
49.99569392204285,0.5763320444232344,0.027993059158325194,0.0006914511966500412,0.8,0.03,3,1,1000,0.0,1.0,1.0,"{'clf__colsample_bytree': 0.8, 'clf__learning_rate': 0.03, 'clf__max_depth': 3, 'clf__min_child_weight': 1, 'clf__n_estimators': 1000, 'clf__reg_alpha': 0.0, 'clf__reg_lambda': 1.0, 'clf__subsample': 1.0}",0.8234732342012482,0.8256804660622303,0.7979145290362987,0.816304213552546,0.8435492758768621,0.821384343745837,0.014769863045715212,516,1.0,1.0,1.0,1.0,1.0,1.0,0.0
56.44644045829773,0.2935509394877536,0.02868814468383789,0.0007350324910634245,0.8,0.03,3,1,1000,0.0,10.0,0.8,"{'clf__colsample_bytree': 0.8, 'clf__learning_rate': 0.03, 'clf__max_depth': 3, 'clf__min_child_weight': 1, 'clf__n_estimators': 1000, 'clf__reg_alpha': 0.0, 'clf__reg_lambda': 10.0, 'clf__subsample': 0.8}",0.8085081663161943,0.8195647162060469,0.785135991641805,0.8064408953259842,0.8447935450537876,0.8128886629087635,0.01946003294944259,1166,1.0,1.0,1.0,1.0,1.0,1.0,0.0
58.48310451507568,0.8221324748501392,0.029491138458251954,0.0006831145296503909,0.8,0.03,3,1,1000,0.0,10.0,1.0,"{'clf__colsample_bytree': 0.8, 'clf__learning_rate': 0.03, 'clf__max_depth': 3, 'clf__min_child_weight': 1, 'clf__n_estimators': 1000, 'clf__reg_alpha': 0.0, 'clf__reg_lambda': 10.0, 'clf__subsample': 1.0}",0.8236356885291258,0.8160385643535459,0.7869111592476207,0.801292046820541,0.8515126147316955,0.8158780147365057,0.02182595323292395,1068,1.0,1.0,1.0,1.0,1.0,1.0,0.0
50.051388597488405,0.44502421762483446,0.0279721736907959,0.000937862148274406,0.8,0.03,3,1,1000,0.1,1.0,0.8,"{'clf__colsample_bytree': 0.8, 'clf__learning_rate': 0.03, 'clf__max_depth': 3, 'clf__min_child_weight': 1, 'clf__n_estimators': 1000, 'clf__reg_alpha': 0.1, 'clf__reg_lambda': 1.0, 'clf__subsample': 0.8}",0.8221425891144416,0.8261471055991159,0.7775346752181396,0.8037374285002369,0.8509292789506592,0.8160982154765186,0.024456709999683506,1054,1.0,1.0,1.0,1.0,1.0,1.0,0.0
52.04141464233398,0.6932593047749223,0.028925323486328126,0.0008794486194448471,0.8,0.03,3,1,1000,0.1,1.0,1.0,"{'clf__colsample_bytree': 0.8, 'clf__learning_rate': 0.03, 'clf__max_depth': 3, 'clf__min_child_weight': 1, 'clf__n_estimators': 1000, 'clf__reg_alpha': 0.1, 'clf__reg_lambda': 1.0, 'clf__subsample': 1.0}",0.8280416778583579,0.8286070237765292,0.7891051157305027,0.8192766039632893,0.8477172669724615,0.8225495376602281,0.019128579633297414,382,1.0,1.0,1.0,1.0,1.0,1.0,0.0
56.899307346343996,0.473605324811949,0.029059362411499024,0.0003371514008327524,0.8,0.03,3,1,1000,0.1,10.0,0.8,"{'clf__colsample_bytree': 0.8, 'clf__learning_rate': 0.03, 'clf__max_depth': 3, 'clf__min_child_weight': 1, 'clf__n_estimators': 1000, 'clf__reg_alpha': 0.1, 'clf__reg_lambda': 10.0, 'clf__subsample': 0.8}",0.8085081663161943,0.823194463974699,0.786474014943687,0.8064408953259842,0.8457717945486638,0.8140778670218456,0.019692307809206947,1139,1.0,1.0,1.0,1.0,1.0,1.0,0.0
58.70229978561402,0.46963471969472304,0.028727388381958006,0.0013339146727329688,0.8,0.03,3,1,1000,0.1,10.0,1.0,"{'clf__colsample_bytree': 0.8, 'clf__learning_rate': 0.03, 'clf__max_depth': 3, 'clf__min_child_weight': 1, 'clf__n_estimators': 1000, 'clf__reg_alpha': 0.1, 'clf__reg_lambda': 10.0, 'clf__subsample': 1.0}",0.8236356885291258,0.8190329384367399,0.7979925045858056,0.8007192911528872,0.84440094788932,0.8171562741187757,0.016883135968536512,981,1.0,1.0,1.0,1.0,1.0,1.0,0.0
15.880134057998657,0.11928869748814364,0.010812330245971679,0.0003570303184528557,0.8,0.03,3,3,300,0.0,1.0,0.8,"{'clf__colsample_bytree': 0.8, 'clf__learning_rate': 0.03, 'clf__max_depth': 3, 'clf__min_child_weight': 3, 'clf__n_estimators': 300, 'clf__reg_alpha': 0.0, 'clf__reg_lambda': 1.0, 'clf__subsample': 0.8}",0.8115231884628421,0.8149355669401007,0.7835629976984332,0.8041125541125541,0.8420337091194939,0.8112336032666848,0.0188616365606947,1219,0.9920660387336572,0.9884991942695159,0.9965229945304713,0.9944929186031906,0.9856495978635212,0.9914461488000713,0.003942739557678685
16.105660963058472,0.154756832075993,0.011344051361083985,0.0005109104347267309,0.8,0.03,3,3,300,0.0,1.0,1.0,"{'clf__colsample_bytree': 0.8, 'clf__learning_rate': 0.03, 'clf__max_depth': 3, 'clf__min_child_weight': 3, 'clf__n_estimators': 300, 'clf__reg_alpha': 0.0, 'clf__reg_lambda': 1.0, 'clf__subsample': 1.0}",0.8261790993294174,0.8340949203995905,0.7790738749061576,0.7792443235102413,0.8303834108540703,0.8097951257998954,0.025139366995582554,1239,0.9875881913201336,0.9903376314346194,0.9936981293063392,0.9892557989201215,0.9876012840615193,0.9896962070085467,0.002256244621172945
16.932807397842407,0.31398115696243123,0.012187814712524414,0.00047193970023117854,0.8,0.03,3,3,300,0.0,10.0,0.8,"{'clf__colsample_bytree': 0.8, 'clf__learning_rate': 0.03, 'clf__max_depth': 3, 'clf__min_child_weight': 3, 'clf__n_estimators': 300, 'clf__reg_alpha': 0.0, 'clf__reg_lambda': 10.0, 'clf__subsample': 0.8}",0.8104645365825865,0.8172975172975174,0.7733803492966067,0.8071832410585518,0.8355316989971611,0.8087714686464847,0.02023226981218703,1251,0.976114077973022,0.9734648175238214,0.9695319227941588,0.97373305822017,0.971820546510368,0.9729328846043079,0.002183898301883902
17.003530931472778,0.035583503707079606,0.011408424377441407,0.0007301296341924465,0.8,0.03,3,3,300,0.0,10.0,1.0,"{'clf__colsample_bytree': 0.8, 'clf__learning_rate': 0.03, 'clf__max_depth': 3, 'clf__min_child_weight': 3, 'clf__n_estimators': 300, 'clf__reg_alpha': 0.0, 'clf__reg_lambda': 10.0, 'clf__subsample': 1.0}",0.8196817082997582,0.8183909853249476,0.7867694372250026,0.7623571223809493,0.8240083742995585,0.8022415255060432,0.02395375487534959,1291,0.9765828010234202,0.9741824416726037,0.9768088150211406,0.9809914828970854,0.9766342257408528,0.9770399532710204,0.0022003175596960753
16.221511602401733,0.21492350953020642,0.01117701530456543,0.0006369123471706937,0.8,0.03,3,3,300,0.1,1.0,0.8,"{'clf__colsample_bytree': 0.8, 'clf__learning_rate': 0.03, 'clf__max_depth': 3, 'clf__min_child_weight': 3, 'clf__n_estimators': 300, 'clf__reg_alpha': 0.1, 'clf__reg_lambda': 1.0, 'clf__subsample': 0.8}",0.8212645478075243,0.8119207846277099,0.7833330661502519,0.7997769754171483,0.8420337091194939,0.8116658166244257,0.019791406409266438,1201,0.9910260789397569,0.9877874874356404,0.9958138784766375,0.9929987351700476,0.9863605892724374,0.990797353858904,0.0034295215398537212
16.517768335342407,0.29996544703307454,0.011410808563232422,0.0015583289046937887,0.8,0.03,3,3,300,0.1,1.0,1.0,"{'clf__colsample_bytree': 0.8, 'clf__learning_rate': 0.03, 'clf__max_depth': 3, 'clf__min_child_weight': 3, 'clf__n_estimators': 300, 'clf__reg_alpha': 0.1, 'clf__reg_lambda': 1.0, 'clf__subsample': 1.0}",0.821908446413866,0.8163004963355471,0.781028777521642,0.7906588824020017,0.8398840673220191,0.8099561339990153,0.021391427116829006,1236,0.9873811885535618,0.9917631783941556,0.9948089916619105,0.9885426896113844,0.9863658096872052,0.9897723715816434,0.003103720076298718
16.83357753753662,0.21551082096927632,0.01126546859741211,0.00063450334978109,0.8,0.03,3,3,300,0.1,10.0,0.8,"{'clf__colsample_bytree': 0.8, 'clf__learning_rate': 0.03, 'clf__max_depth': 3, 'clf__min_child_weight': 3, 'clf__n_estimators': 300, 'clf__reg_alpha': 0.1, 'clf__reg_lambda': 10.0, 'clf__subsample': 0.8}",0.8104645365825865,0.8131320798267108,0.7733803492966067,0.8071832410585518,0.8385993500930831,0.8085519113715078,0.020815363024540786,1254,0.9765380425197916,0.972044542905838,0.9673127335744751,0.9753576656104979,0.9707870472424449,0.9724080063706095,0.0033008819208641977
17.15019335746765,0.14384349882364275,0.010917043685913086,0.0006297775675775602,0.8,0.03,3,3,300,0.1,10.0,1.0,"{'clf__colsample_bytree': 0.8, 'clf__learning_rate': 0.03, 'clf__max_depth': 3, 'clf__min_child_weight': 3, 'clf__n_estimators': 300, 'clf__reg_alpha': 0.1, 'clf__reg_lambda': 10.0, 'clf__subsample': 1.0}",0.8196817082997582,0.8169102000283728,0.7806243491825932,0.7623571223809493,0.8209535043329239,0.8001053768449194,0.02410278161984582,1295,0.9758689722234304,0.9741824416726037,0.9760056479888419,0.9802784497387463,0.9759218943386363,0.9764514811924517,0.0020304075835716256
27.970000123977663,0.5234571700561685,0.020570039749145508,0.0007659250938283944,0.8,0.03,3,3,600,0.0,1.0,0.8,"{'clf__colsample_bytree': 0.8, 'clf__learning_rate': 0.03, 'clf__max_depth': 3, 'clf__min_child_weight': 3, 'clf__n_estimators': 600, 'clf__reg_alpha': 0.0, 'clf__reg_lambda': 1.0, 'clf__subsample': 0.8}",0.8174684109645123,0.8387620695563617,0.7891021555266962,0.8000205198358413,0.8575943156907231,0.820589494314827,0.024995502284717225,624,1.0,1.0,1.0,1.0,1.0,1.0,0.0
28.94767804145813,0.5009602767748634,0.019785737991333006,0.001039622376753849,0.8,0.03,3,3,600,0.0,1.0,1.0,"{'clf__colsample_bytree': 0.8, 'clf__learning_rate': 0.03, 'clf__max_depth': 3, 'clf__min_child_weight': 3, 'clf__n_estimators': 600, 'clf__reg_alpha': 0.0, 'clf__reg_lambda': 1.0, 'clf__subsample': 1.0}",0.8273063211298506,0.8372948980964723,0.80119909683186,0.8024285861987475,0.8374896410442361,0.8211437086602332,0.016211548771732153,551,1.0,1.0,1.0,1.0,1.0,1.0,0.0
31.128168392181397,0.30501421637274706,0.019390153884887695,0.001297064381493659,0.8,0.03,3,3,600,0.0,10.0,0.8,"{'clf__colsample_bytree': 0.8, 'clf__learning_rate': 0.03, 'clf__max_depth': 3, 'clf__min_child_weight': 3, 'clf__n_estimators': 600, 'clf__reg_alpha': 0.0, 'clf__reg_lambda': 10.0, 'clf__subsample': 0.8}",0.8046773019295317,0.814231203431926,0.7858299914934986,0.7958250860922407,0.8441262995717631,0.8089379765037921,0.019951523980175932,1248,0.9990802514078543,1.0,0.9990771574058865,0.9990771574058865,0.9981628558539307,0.9990794844147116,0.0005809592549252828
32.642756175994876,0.16006412012296578,0.01990542411804199,0.0014182232822114295,0.8,0.03,3,3,600,0.0,10.0,1.0,"{'clf__colsample_bytree': 0.8, 'clf__learning_rate': 0.03, 'clf__max_depth': 3, 'clf__min_child_weight': 3, 'clf__n_estimators': 600, 'clf__reg_alpha': 0.0, 'clf__reg_lambda': 10.0, 'clf__subsample': 1.0}",0.826606563538159,0.832246762671291,0.8038893546771473,0.7870506696496055,0.8496754120902235,0.8198937525252852,0.021997339753088374,705,0.9990802514078543,1.0,1.0,1.0,0.9981628558539307,0.999448621452357,0.0007349754515881654
28.768098068237304,0.32615040607247636,0.020147371292114257,0.001104100592154962,0.8,0.03,3,3,600,0.1,1.0,0.8,"{'clf__colsample_bytree': 0.8, 'clf__learning_rate': 0.03, 'clf__max_depth': 3, 'clf__min_child_weight': 3, 'clf__n_estimators': 600, 'clf__reg_alpha': 0.1, 'clf__reg_lambda': 1.0, 'clf__subsample': 0.8}",0.8143437851388506,0.8387620695563617,0.7815378647137523,0.8054961207946283,0.8487971098901692,0.8177873900187524,0.023993756299319928,934,1.0,1.0,1.0,1.0,1.0,1.0,0.0
29.279445314407347,0.3161661419257469,0.019426393508911132,0.0008266434369120526,0.8,0.03,3,3,600,0.1,1.0,1.0,"{'clf__colsample_bytree': 0.8, 'clf__learning_rate': 0.03, 'clf__max_depth': 3, 'clf__min_child_weight': 3, 'clf__n_estimators': 600, 'clf__reg_alpha': 0.1, 'clf__reg_lambda': 1.0, 'clf__subsample': 1.0}",0.8316397279632574,0.828479710839524,0.7944925150642671,0.8096757163552548,0.8383053452048892,0.8205186030854386,0.016114293659812696,637,1.0,1.0,1.0,1.0,1.0,1.0,0.0
31.781813001632692,0.06370902173885798,0.019527959823608398,0.0010143605955438859,0.8,0.03,3,3,600,0.1,10.0,0.8,"{'clf__colsample_bytree': 0.8, 'clf__learning_rate': 0.03, 'clf__max_depth': 3, 'clf__min_child_weight': 3, 'clf__n_estimators': 600, 'clf__reg_alpha': 0.1, 'clf__reg_lambda': 10.0, 'clf__subsample': 0.8}",0.8085081663161943,0.811217326827055,0.7843315480482027,0.8083733404149671,0.8489501825769432,0.8122761128366724,0.02076745614610608,1191,0.9990802514078543,1.0,0.9990771574058865,0.9990771574058865,0.9981628558539307,0.9990794844147116,0.0005809592549252828
32.5949149608612,0.4249328748612701,0.020293569564819335,0.0013717969293617713,0.8,0.03,3,3,600,0.1,10.0,1.0,"{'clf__colsample_bytree': 0.8, 'clf__learning_rate': 0.03, 'clf__max_depth': 3, 'clf__min_child_weight': 3, 'clf__n_estimators': 600, 'clf__reg_alpha': 0.1, 'clf__reg_lambda': 10.0, 'clf__subsample': 1.0}",0.8264850342096319,0.8151006805980244,0.7970400396086541,0.7938128660555132,0.8521468025877661,0.8169170846119179,0.021283232108247927,995,0.9990802514078543,1.0,1.0,1.0,0.9981628558539307,0.999448621452357,0.0007349754515881654
39.417557668685916,0.512201656309863,0.028876829147338866,0.0014830603629284326,0.8,0.03,3,3,1000,0.0,1.0,0.8,"{'clf__colsample_bytree': 0.8, 'clf__learning_rate': 0.03, 'clf__max_depth': 3, 'clf__min_child_weight': 3, 'clf__n_estimators': 1000, 'clf__reg_alpha': 0.0, 'clf__reg_lambda': 1.0, 'clf__subsample': 0.8}",0.8222639788083396,0.8394379217781791,0.7906833930263757,0.8046134152585765,0.8487971098901692,0.8211591637523281,0.02145564761340523,547,1.0,1.0,1.0,1.0,1.0,1.0,0.0
42.02488555908203,0.45153316910333974,0.02942366600036621,0.0013878198276204943,0.8,0.03,3,3,1000,0.0,1.0,1.0,"{'clf__colsample_bytree': 0.8, 'clf__learning_rate': 0.03, 'clf__max_depth': 3, 'clf__min_child_weight': 3, 'clf__n_estimators': 1000, 'clf__reg_alpha': 0.0, 'clf__reg_lambda': 1.0, 'clf__subsample': 1.0}",0.8242096709670967,0.8386572086764281,0.7930385003983135,0.7988934325203196,0.8387493302114206,0.8187096285547157,0.019398115928284942,839,1.0,1.0,1.0,1.0,1.0,1.0,0.0
48.14391169548035,0.5953449258319102,0.030425357818603515,0.0012301256012154172,0.8,0.03,3,3,1000,0.0,10.0,0.8,"{'clf__colsample_bytree': 0.8, 'clf__learning_rate': 0.03, 'clf__max_depth': 3, 'clf__min_child_weight': 3, 'clf__n_estimators': 1000, 'clf__reg_alpha': 0.0, 'clf__reg_lambda': 10.0, 'clf__subsample': 0.8}",0.8046773019295317,0.8261471055991159,0.785135991641805,0.8073461012311901,0.8365871338564763,0.8119787268516238,0.01789760381294295,1196,1.0,1.0,1.0,1.0,1.0,1.0,0.0
50.64124865531922,0.4995367019592137,0.02903604507446289,0.0014087375860510223,0.8,0.03,3,3,1000,0.0,10.0,1.0,"{'clf__colsample_bytree': 0.8, 'clf__learning_rate': 0.03, 'clf__max_depth': 3, 'clf__min_child_weight': 3, 'clf__n_estimators': 1000, 'clf__reg_alpha': 0.0, 'clf__reg_lambda': 10.0, 'clf__subsample': 1.0}",0.8272168743397952,0.8314104258055424,0.7894077164611061,0.792283842876468,0.8435544012819146,0.8167746521529653,0.02185932179276464,1012,1.0,1.0,1.0,1.0,1.0,1.0,0.0
40.816584300994876,0.2577761587800206,0.03000035285949707,0.0010173504496744285,0.8,0.03,3,3,1000,0.1,1.0,0.8,"{'clf__colsample_bytree': 0.8, 'clf__learning_rate': 0.03, 'clf__max_depth': 3, 'clf__min_child_weight': 3, 'clf__n_estimators': 1000, 'clf__reg_alpha': 0.1, 'clf__reg_lambda': 1.0, 'clf__subsample': 0.8}",0.8174684109645123,0.8394379217781791,0.7906833930263757,0.812787120041073,0.8423611111111111,0.8205475913842502,0.018943340974337083,629,1.0,1.0,1.0,1.0,1.0,1.0,0.0
43.843344116210936,0.5553444679884445,0.027713203430175783,0.0008957977201799452,0.8,0.03,3,3,1000,0.1,1.0,1.0,"{'clf__colsample_bytree': 0.8, 'clf__learning_rate': 0.03, 'clf__max_depth': 3, 'clf__min_child_weight': 3, 'clf__n_estimators': 1000, 'clf__reg_alpha': 0.1, 'clf__reg_lambda': 1.0, 'clf__subsample': 1.0}",0.827806641034655,0.8333621313628213,0.7939284211622092,0.8052284954462254,0.8408799434742831,0.8202411264960388,0.017737508834288842,671,1.0,1.0,1.0,1.0,1.0,1.0,0.0
49.08954520225525,0.8908300583502037,0.030452394485473634,0.0006080620000169382,0.8,0.03,3,3,1000,0.1,10.0,0.8,"{'clf__colsample_bytree': 0.8, 'clf__learning_rate': 0.03, 'clf__max_depth': 3, 'clf__min_child_weight': 3, 'clf__n_estimators': 1000, 'clf__reg_alpha': 0.1, 'clf__reg_lambda': 10.0, 'clf__subsample': 0.8}",0.802897694716028,0.8261471055991159,0.785135991641805,0.8078109356094432,0.8393672859446861,0.8122718027022156,0.018819217413517046,1192,1.0,1.0,1.0,1.0,1.0,1.0,0.0
50.88383059501648,0.7018005605741353,0.030136632919311523,0.0016960226290744062,0.8,0.03,3,3,1000,0.1,10.0,1.0,"{'clf__colsample_bytree': 0.8, 'clf__learning_rate': 0.03, 'clf__max_depth': 3, 'clf__min_child_weight': 3, 'clf__n_estimators': 1000, 'clf__reg_alpha': 0.1, 'clf__reg_lambda': 10.0, 'clf__subsample': 1.0}",0.8331443476326439,0.8165581221735311,0.7868179144307071,0.7929058627512235,0.8435544012819146,0.8145961296540041,0.022038893891533337,1121,1.0,1.0,1.0,1.0,1.0,1.0,0.0
14.828750514984131,0.2061980163190957,0.01223611831665039,0.0005402625816723452,0.8,0.03,3,5,300,0.0,1.0,0.8,"{'clf__colsample_bytree': 0.8, 'clf__learning_rate': 0.03, 'clf__max_depth': 3, 'clf__min_child_weight': 5, 'clf__n_estimators': 300, 'clf__reg_alpha': 0.0, 'clf__reg_lambda': 1.0, 'clf__subsample': 0.8}",0.8161428955143701,0.8088891294549028,0.7828111878651394,0.8007280518605089,0.8356742620944877,0.8088491053578817,0.017416742910112422,1249,0.9856252704071552,0.9829908323767126,0.990814004240553,0.9903352750104075,0.984216304171068,0.9867963372411792,0.0031992362869417926
15.34829397201538,0.255508963434213,0.01223893165588379,0.0009747056612039397,0.8,0.03,3,5,300,0.0,1.0,1.0,"{'clf__colsample_bytree': 0.8, 'clf__learning_rate': 0.03, 'clf__max_depth': 3, 'clf__min_child_weight': 5, 'clf__n_estimators': 300, 'clf__reg_alpha': 0.0, 'clf__reg_lambda': 1.0, 'clf__subsample': 1.0}",0.8326198649220962,0.8182353495734991,0.7734600941097086,0.7998629242711034,0.8248960385111549,0.8098148542775124,0.02116187547042736,1238,0.9856341278536823,0.9860633993993,0.9874634786332958,0.9875097742706082,0.9817414625057586,0.9856824485325291,0.0021066569197181312
15.959131956100464,0.3315096831217882,0.013168430328369141,0.0008207336154713955,0.8,0.03,3,5,300,0.0,10.0,0.8,"{'clf__colsample_bytree': 0.8, 'clf__learning_rate': 0.03, 'clf__max_depth': 3, 'clf__min_child_weight': 5, 'clf__n_estimators': 300, 'clf__reg_alpha': 0.0, 'clf__reg_lambda': 10.0, 'clf__subsample': 0.8}",0.820367559271302,0.8172975172975174,0.7802296643650999,0.7855460261776912,0.8448150102708336,0.8096511554764888,0.023901825206952814,1243,0.9739456703090313,0.9692479381063994,0.9673425841175556,0.97373305822017,0.9693244034268031,0.970718730835992,0.0026459423570256158
16.464902687072755,0.280473601091997,0.01248779296875,0.0009613757612649224,0.8,0.03,3,5,300,0.0,10.0,1.0,"{'clf__colsample_bytree': 0.8, 'clf__learning_rate': 0.03, 'clf__max_depth': 3, 'clf__min_child_weight': 5, 'clf__n_estimators': 300, 'clf__reg_alpha': 0.0, 'clf__reg_lambda': 10.0, 'clf__subsample': 1.0}",0.8196817082997582,0.8078179853700155,0.7867694372250026,0.787984583017176,0.8331072235214168,0.8070721874866738,0.0179661773536863,1268,0.9744169932083723,0.9738551651213406,0.9720811914355283,0.9768208698835114,0.9713126543827795,0.9736973748063065,0.0019286217934991906
15.404491281509399,0.18397105282866455,0.012798309326171875,0.0012265452178620761,0.8,0.03,3,5,300,0.1,1.0,0.8,"{'clf__colsample_bytree': 0.8, 'clf__learning_rate': 0.03, 'clf__max_depth': 3, 'clf__min_child_weight': 5, 'clf__n_estimators': 300, 'clf__reg_alpha': 0.1, 'clf__reg_lambda': 1.0, 'clf__subsample': 0.8}",0.8161428955143701,0.8169958391369911,0.7794159738135342,0.8048996648393786,0.8417814853612378,0.8118471717331024,0.0202043341972208,1197,0.9852243798578809,0.984220753776972,0.9888876439289187,0.9885221708322373,0.984216304171068,0.9862142505134154,0.002069743524782006
15.555919313430786,0.24886727226242614,0.011813640594482422,0.0008230240154319218,0.8,0.03,3,5,300,0.1,1.0,1.0,"{'clf__colsample_bytree': 0.8, 'clf__learning_rate': 0.03, 'clf__max_depth': 3, 'clf__min_child_weight': 5, 'clf__n_estimators': 300, 'clf__reg_alpha': 0.1, 'clf__reg_lambda': 1.0, 'clf__subsample': 1.0}",0.821750644900963,0.820759146071397,0.781028777521642,0.8037375158105009,0.8379292219717951,0.8130410612552594,0.0193193607143043,1159,0.9842159255352299,0.9841044168668283,0.9864397195012473,0.9865891130293982,0.9817414625057586,0.9846181274876924,0.0017834712164931734
15.873385858535766,0.18357962478422496,0.01186666488647461,0.0008230456550749049,0.8,0.03,3,5,300,0.1,10.0,0.8,"{'clf__colsample_bytree': 0.8, 'clf__learning_rate': 0.03, 'clf__max_depth': 3, 'clf__min_child_weight': 5, 'clf__n_estimators': 300, 'clf__reg_alpha': 0.1, 'clf__reg_lambda': 10.0, 'clf__subsample': 0.8}",0.820367559271302,0.8109268587389763,0.7804637700247639,0.7881191873264622,0.8417473591749114,0.8083249469072833,0.0221511624843221,1256,0.9705823078852569,0.9699673454640902,0.9672553536008708,0.9744454017761063,0.9686093157780558,0.970171944900876,0.002425737288318258
16.315418434143066,0.23356849473372976,0.011731290817260742,0.0007729145648803975,0.8,0.03,3,5,300,0.1,10.0,1.0,"{'clf__colsample_bytree': 0.8, 'clf__learning_rate': 0.03, 'clf__max_depth': 3, 'clf__min_child_weight': 5, 'clf__n_estimators': 300, 'clf__reg_alpha': 0.1, 'clf__reg_lambda': 10.0, 'clf__subsample': 1.0}",0.8284482843850094,0.8069872474931286,0.7890139926748431,0.7705629157001583,0.8294834438277507,0.8048991768161781,0.02277992358884568,1281,0.9715402667059686,0.9738551651213406,0.9718434746415558,0.9790458733600793,0.9708952757854,0.9734360111228689,0.0029742763754735
25.73960919380188,0.3017748350265238,0.020178508758544923,0.001393179290933162,0.8,0.03,3,5,600,0.0,1.0,0.8,"{'clf__colsample_bytree': 0.8, 'clf__learning_rate': 0.03, 'clf__max_depth': 3, 'clf__min_child_weight': 5, 'clf__n_estimators': 600, 'clf__reg_alpha': 0.0, 'clf__reg_lambda': 1.0, 'clf__subsample': 0.8}",0.8319552304332527,0.835406364858375,0.8005558276755823,0.8032463262874542,0.8462996493210294,0.8234926797151386,0.01827414856870798,290,1.0,1.0,1.0,1.0,1.0,1.0,0.0
26.82175464630127,0.25908729738936925,0.02005929946899414,0.001151431625234423,0.8,0.03,3,5,600,0.0,1.0,1.0,"{'clf__colsample_bytree': 0.8, 'clf__learning_rate': 0.03, 'clf__max_depth': 3, 'clf__min_child_weight': 5, 'clf__n_estimators': 600, 'clf__reg_alpha': 0.0, 'clf__reg_lambda': 1.0, 'clf__subsample': 1.0}",0.8274981337884684,0.8226559900008791,0.8026214287047813,0.8007173637764321,0.8233280148916368,0.8153641862324396,0.011320184891329592,1094,1.0,1.0,1.0,1.0,1.0,1.0,0.0
28.732358026504517,0.3369187563058958,0.020558738708496095,0.0013306646614259356,0.8,0.03,3,5,600,0.0,10.0,0.8,"{'clf__colsample_bytree': 0.8, 'clf__learning_rate': 0.03, 'clf__max_depth': 3, 'clf__min_child_weight': 5, 'clf__n_estimators': 600, 'clf__reg_alpha': 0.0, 'clf__reg_lambda': 10.0, 'clf__subsample': 0.8}",0.8134306559103001,0.8204765860863144,0.7889991221117049,0.7976639006010497,0.8520167386446457,0.8145174006708029,0.021808788405999556,1123,0.9981581327810707,1.0,0.9981566985217796,0.9980414334996128,0.9972407542235628,0.9983194038052051,0.0009074841412616664
29.948143815994264,0.33071257889728556,0.02042417526245117,0.001275485879007024,0.8,0.03,3,5,600,0.0,10.0,1.0,"{'clf__colsample_bytree': 0.8, 'clf__learning_rate': 0.03, 'clf__max_depth': 3, 'clf__min_child_weight': 5, 'clf__n_estimators': 600, 'clf__reg_alpha': 0.0, 'clf__reg_lambda': 10.0, 'clf__subsample': 1.0}",0.8247894535720774,0.8189054232566964,0.7961708660596529,0.8095953968631988,0.8542643278775134,0.8207450935258278,0.01934677594657047,602,0.9990802514078543,0.9985781111952543,0.9981566985217796,0.9990771574058865,0.9972407542235628,0.9984265945508675,0.0006859326143174777
26.01799750328064,0.37826788952571017,0.018647098541259767,0.0010028316757895494,0.8,0.03,3,5,600,0.1,1.0,0.8,"{'clf__colsample_bytree': 0.8, 'clf__learning_rate': 0.03, 'clf__max_depth': 3, 'clf__min_child_weight': 5, 'clf__n_estimators': 600, 'clf__reg_alpha': 0.1, 'clf__reg_lambda': 1.0, 'clf__subsample': 0.8}",0.8260517035005572,0.8261471055991159,0.8001463271200113,0.8041410033127604,0.8527101832285925,0.8218392645522075,0.018831504144065984,459,1.0,1.0,1.0,1.0,1.0,1.0,0.0
27.44471483230591,0.5119265338342304,0.01979217529296875,0.0007514881694033238,0.8,0.03,3,5,600,0.1,1.0,1.0,"{'clf__colsample_bytree': 0.8, 'clf__learning_rate': 0.03, 'clf__max_depth': 3, 'clf__min_child_weight': 5, 'clf__n_estimators': 600, 'clf__reg_alpha': 0.1, 'clf__reg_lambda': 1.0, 'clf__subsample': 1.0}",0.8247894535720774,0.8222166815348422,0.7912521508178463,0.7970677498519957,0.835787194373643,0.814222646030081,0.017102782719306136,1133,1.0,1.0,1.0,1.0,1.0,1.0,0.0
29.199806261062623,0.435373961980199,0.019916296005249023,0.0005906304727643749,0.8,0.03,3,5,600,0.1,10.0,0.8,"{'clf__colsample_bytree': 0.8, 'clf__learning_rate': 0.03, 'clf__max_depth': 3, 'clf__min_child_weight': 5, 'clf__n_estimators': 600, 'clf__reg_alpha': 0.1, 'clf__reg_lambda': 10.0, 'clf__subsample': 0.8}",0.8134306559103001,0.8115003938498312,0.7920949486738961,0.7902909170340363,0.8458640643781344,0.8106361959692396,0.020036300971944556,1228,0.9972336184628036,1.0,0.9981566985217796,0.9980414334996128,0.9972407542235628,0.9981345009415517,0.001009912219434913
29.890232372283936,0.2081694954583972,0.020231056213378906,0.001544799925203801,0.8,0.03,3,5,600,0.1,10.0,1.0,"{'clf__colsample_bytree': 0.8, 'clf__learning_rate': 0.03, 'clf__max_depth': 3, 'clf__min_child_weight': 5, 'clf__n_estimators': 600, 'clf__reg_alpha': 0.1, 'clf__reg_lambda': 10.0, 'clf__subsample': 1.0}",0.8368065715003472,0.8171401711496051,0.7952757572976109,0.7938128660555132,0.8521468025877661,0.8190364337181684,0.022875612537382954,811,0.9990802514078543,0.9985781111952543,0.9981566985217796,0.9990771574058865,0.9972407542235628,0.9984265945508675,0.0006859326143174777
36.37296376228333,1.0203765703100351,0.029636526107788087,0.002013917035905388,0.8,0.03,3,5,1000,0.0,1.0,0.8,"{'clf__colsample_bytree': 0.8, 'clf__learning_rate': 0.03, 'clf__max_depth': 3, 'clf__min_child_weight': 5, 'clf__n_estimators': 1000, 'clf__reg_alpha': 0.0, 'clf__reg_lambda': 1.0, 'clf__subsample': 0.8}",0.8166796692151661,0.8316625445806267,0.8010980247822352,0.8114170797576142,0.8445711174584414,0.8210856871588167,0.015335168468317489,558,1.0,1.0,1.0,1.0,1.0,1.0,0.0
39.01852946281433,0.5801110379220522,0.03197073936462402,0.0021969635711536597,0.8,0.03,3,5,1000,0.0,1.0,1.0,"{'clf__colsample_bytree': 0.8, 'clf__learning_rate': 0.03, 'clf__max_depth': 3, 'clf__min_child_weight': 5, 'clf__n_estimators': 1000, 'clf__reg_alpha': 0.0, 'clf__reg_lambda': 1.0, 'clf__subsample': 1.0}",0.8257122546704085,0.8330867942314886,0.8116691365995139,0.807015630977756,0.8289983027126819,0.8212964238383698,0.010143540195078715,532,1.0,1.0,1.0,1.0,1.0,1.0,0.0
44.25028505325317,0.6825802050820625,0.03297543525695801,0.002241975459175367,0.8,0.03,3,5,1000,0.0,10.0,0.8,"{'clf__colsample_bytree': 0.8, 'clf__learning_rate': 0.03, 'clf__max_depth': 3, 'clf__min_child_weight': 5, 'clf__n_estimators': 1000, 'clf__reg_alpha': 0.0, 'clf__reg_lambda': 10.0, 'clf__subsample': 0.8}",0.8134306559103001,0.8265091606504913,0.7874419042443135,0.8034734600911072,0.84246571922447,0.8146641800241365,0.018873448232572948,1120,1.0,1.0,1.0,1.0,1.0,1.0,0.0
46.72599320411682,0.6196150331757931,0.03170709609985352,0.0011971788289040469,0.8,0.03,3,5,1000,0.0,10.0,1.0,"{'clf__colsample_bytree': 0.8, 'clf__learning_rate': 0.03, 'clf__max_depth': 3, 'clf__min_child_weight': 5, 'clf__n_estimators': 1000, 'clf__reg_alpha': 0.0, 'clf__reg_lambda': 10.0, 'clf__subsample': 1.0}",0.8211863279691448,0.820828851424031,0.8005487729683067,0.8025856850837501,0.8542643278775134,0.8198827930645491,0.01927526105319171,708,1.0,1.0,1.0,1.0,1.0,1.0,0.0
39.150564956665036,0.5975433687477174,0.032753705978393555,0.0022476381434974866,0.8,0.03,3,5,1000,0.1,1.0,0.8,"{'clf__colsample_bytree': 0.8, 'clf__learning_rate': 0.03, 'clf__max_depth': 3, 'clf__min_child_weight': 5, 'clf__n_estimators': 1000, 'clf__reg_alpha': 0.1, 'clf__reg_lambda': 1.0, 'clf__subsample': 0.8}",0.8169192834092329,0.8316625445806267,0.8010685190880201,0.8090914983622653,0.8417502310089819,0.8200984152898254,0.014804906344901838,682,1.0,1.0,1.0,1.0,1.0,1.0,0.0
41.147450590133666,0.9692720443398956,0.031495523452758786,0.0018859969554199712,0.8,0.03,3,5,1000,0.1,1.0,1.0,"{'clf__colsample_bytree': 0.8, 'clf__learning_rate': 0.03, 'clf__max_depth': 3, 'clf__min_child_weight': 5, 'clf__n_estimators': 1000, 'clf__reg_alpha': 0.1, 'clf__reg_lambda': 1.0, 'clf__subsample': 1.0}",0.8348342970116289,0.8316804334780614,0.8100875517671183,0.8031332294796186,0.8344411661904079,0.822835335585367,0.013472825341049604,353,1.0,1.0,1.0,1.0,1.0,1.0,0.0
46.265336418151854,0.38115796050140177,0.033178091049194336,0.0015742280954522722,0.8,0.03,3,5,1000,0.1,10.0,0.8,"{'clf__colsample_bytree': 0.8, 'clf__learning_rate': 0.03, 'clf__max_depth': 3, 'clf__min_child_weight': 5, 'clf__n_estimators': 1000, 'clf__reg_alpha': 0.1, 'clf__reg_lambda': 10.0, 'clf__subsample': 0.8}",0.8134306559103001,0.8293369631852778,0.7908273575045767,0.8060558038737642,0.8375300625300626,0.8154361686007963,0.016607101771055253,1091,1.0,1.0,1.0,1.0,1.0,1.0,0.0
48.20924715995788,1.0215860938191352,0.03309488296508789,0.0005856105067729883,0.8,0.03,3,5,1000,0.1,10.0,1.0,"{'clf__colsample_bytree': 0.8, 'clf__learning_rate': 0.03, 'clf__max_depth': 3, 'clf__min_child_weight': 5, 'clf__n_estimators': 1000, 'clf__reg_alpha': 0.1, 'clf__reg_lambda': 10.0, 'clf__subsample': 1.0}",0.8331443476326439,0.8185455566681223,0.7960538543179806,0.7977878970937575,0.8496771719142105,0.819041765525343,0.020580710167139218,808,1.0,1.0,1.0,1.0,1.0,1.0,0.0
46.023936939239505,0.46664863012786256,0.021024131774902345,0.0023724187992700246,0.8,0.03,5,1,300,0.0,1.0,0.8,"{'clf__colsample_bytree': 0.8, 'clf__learning_rate': 0.03, 'clf__max_depth': 5, 'clf__min_child_weight': 1, 'clf__n_estimators': 300, 'clf__reg_alpha': 0.0, 'clf__reg_lambda': 1.0, 'clf__subsample': 0.8}",0.8301362636314091,0.8186764812008371,0.792885997813951,0.8116028342801295,0.8513977806231328,0.8209398715098919,0.019450351589994686,579,1.0,1.0,1.0,1.0,1.0,1.0,0.0
49.164262247085574,0.6215760793972094,0.02072930335998535,0.0024224383507642122,0.8,0.03,5,1,300,0.0,1.0,1.0,"{'clf__colsample_bytree': 0.8, 'clf__learning_rate': 0.03, 'clf__max_depth': 5, 'clf__min_child_weight': 1, 'clf__n_estimators': 300, 'clf__reg_alpha': 0.0, 'clf__reg_lambda': 1.0, 'clf__subsample': 1.0}",0.8496775711995472,0.8042953112884497,0.7946575653985534,0.8141351164121562,0.8445752465348155,0.8214681621667044,0.02189610272339214,508,1.0,1.0,1.0,1.0,1.0,1.0,0.0
54.30805234909057,0.6184167061121582,0.023906612396240236,0.0015005450073976112,0.8,0.03,5,1,300,0.0,10.0,0.8,"{'clf__colsample_bytree': 0.8, 'clf__learning_rate': 0.03, 'clf__max_depth': 5, 'clf__min_child_weight': 1, 'clf__n_estimators': 300, 'clf__reg_alpha': 0.0, 'clf__reg_lambda': 10.0, 'clf__subsample': 0.8}",0.8275021926542167,0.818802599339512,0.7994374699996307,0.8036902704778361,0.8471729032476696,0.8193210871437732,0.017219777220628667,780,0.9981581327810707,0.9990795325574398,0.9981519138755981,0.9990771574058865,0.9981581327810707,0.9985249738802132,0.00045183194300445494
57.76683912277222,0.8556493460660595,0.02582855224609375,0.002218375041339606,0.8,0.03,5,1,300,0.0,10.0,1.0,"{'clf__colsample_bytree': 0.8, 'clf__learning_rate': 0.03, 'clf__max_depth': 5, 'clf__min_child_weight': 1, 'clf__n_estimators': 300, 'clf__reg_alpha': 0.0, 'clf__reg_lambda': 10.0, 'clf__subsample': 1.0}",0.8323023529506761,0.8228085330313393,0.7889837413383549,0.8046134152585765,0.8449666677927548,0.8187349420743404,0.019866170643481434,835,1.0,1.0,1.0,1.0,1.0,1.0,0.0
47.86959977149964,0.634969570442447,0.02013406753540039,0.0005991301228991057,0.8,0.03,5,1,300,0.1,1.0,0.8,"{'clf__colsample_bytree': 0.8, 'clf__learning_rate': 0.03, 'clf__max_depth': 5, 'clf__min_child_weight': 1, 'clf__n_estimators': 300, 'clf__reg_alpha': 0.1, 'clf__reg_lambda': 1.0, 'clf__subsample': 0.8}",0.838006670781523,0.8163723337353993,0.7837968606590404,0.806685765184317,0.8416396270931741,0.8173002514906909,0.021246960030524856,969,1.0,1.0,1.0,1.0,1.0,1.0,0.0
51.34139003753662,0.6389254647079481,0.022122907638549804,0.001844498653960945,0.8,0.03,5,1,300,0.1,1.0,1.0,"{'clf__colsample_bytree': 0.8, 'clf__learning_rate': 0.03, 'clf__max_depth': 5, 'clf__min_child_weight': 1, 'clf__n_estimators': 300, 'clf__reg_alpha': 0.1, 'clf__reg_lambda': 1.0, 'clf__subsample': 1.0}",0.8444788575501294,0.8224716629727788,0.7890414537424504,0.808337402239183,0.8471214707346562,0.8222901694478395,0.0219504949922944,411,1.0,1.0,1.0,1.0,1.0,1.0,0.0
55.2344367980957,0.5285548133970577,0.02313652038574219,0.0015497299018003593,0.8,0.03,5,1,300,0.1,10.0,0.8,"{'clf__colsample_bytree': 0.8, 'clf__learning_rate': 0.03, 'clf__max_depth': 5, 'clf__min_child_weight': 1, 'clf__n_estimators': 300, 'clf__reg_alpha': 0.1, 'clf__reg_lambda': 10.0, 'clf__subsample': 0.8}",0.8334057195869122,0.818802599339512,0.7928217857684744,0.7977439513817223,0.8471729032476696,0.8179893918648581,0.02065569200215873,910,0.9981581327810707,0.9990795325574398,0.9981519138755981,0.9990771574058865,0.9981581327810707,0.9985249738802132,0.00045183194300445494
58.57030143737793,0.9148747891622226,0.024892663955688475,0.0022523403425147017,0.8,0.03,5,1,300,0.1,10.0,1.0,"{'clf__colsample_bytree': 0.8, 'clf__learning_rate': 0.03, 'clf__max_depth': 5, 'clf__min_child_weight': 1, 'clf__n_estimators': 300, 'clf__reg_alpha': 0.1, 'clf__reg_lambda': 10.0, 'clf__subsample': 1.0}",0.8276410135290626,0.8159955271892569,0.7872966680954694,0.8004906752534836,0.8590928477026608,0.8181033463539867,0.02463658590878606,898,0.9990802514078543,1.0,1.0,1.0,1.0,0.9998160502815707,0.00036789943685828775
69.23700137138367,0.8299301379418434,0.031882095336914065,0.0020228024601749834,0.8,0.03,5,1,600,0.0,1.0,0.8,"{'clf__colsample_bytree': 0.8, 'clf__learning_rate': 0.03, 'clf__max_depth': 5, 'clf__min_child_weight': 1, 'clf__n_estimators': 600, 'clf__reg_alpha': 0.0, 'clf__reg_lambda': 1.0, 'clf__subsample': 0.8}",0.836558669053415,0.8289461053127432,0.7968491126941831,0.8045471397493642,0.8607262931039819,0.8255254639827374,0.022956280112110164,137,1.0,1.0,1.0,1.0,1.0,1.0,0.0
72.73638634681701,1.0155611000069897,0.033536767959594725,0.00206412184678407,0.8,0.03,5,1,600,0.0,1.0,1.0,"{'clf__colsample_bytree': 0.8, 'clf__learning_rate': 0.03, 'clf__max_depth': 5, 'clf__min_child_weight': 1, 'clf__n_estimators': 600, 'clf__reg_alpha': 0.0, 'clf__reg_lambda': 1.0, 'clf__subsample': 1.0}",0.8476226349659751,0.8403453318547658,0.7957831730569853,0.8062522094936925,0.8601428717707787,0.8300292442284395,0.024742353957431178,16,1.0,1.0,1.0,1.0,1.0,1.0,0.0
94.82102208137512,1.1947872904717287,0.04190382957458496,0.004244248249957654,0.8,0.03,5,1,600,0.0,10.0,0.8,"{'clf__colsample_bytree': 0.8, 'clf__learning_rate': 0.03, 'clf__max_depth': 5, 'clf__min_child_weight': 1, 'clf__n_estimators': 600, 'clf__reg_alpha': 0.0, 'clf__reg_lambda': 10.0, 'clf__subsample': 0.8}",0.8329808010286319,0.8147898675340417,0.8017938069874515,0.7993231718797439,0.8471729032476696,0.8192121101355078,0.018384265987506337,787,1.0,1.0,1.0,1.0,1.0,1.0,0.0
101.95632157325744,2.1091733251693072,0.0419952392578125,0.0013597873566440846,0.8,0.03,5,1,600,0.0,10.0,1.0,"{'clf__colsample_bytree': 0.8, 'clf__learning_rate': 0.03, 'clf__max_depth': 5, 'clf__min_child_weight': 1, 'clf__n_estimators': 600, 'clf__reg_alpha': 0.0, 'clf__reg_lambda': 10.0, 'clf__subsample': 1.0}",0.8325445349757277,0.8290481100367116,0.7948684129640146,0.8196042920145173,0.858126135247,0.8268382970475943,0.02044885112209308,76,1.0,1.0,1.0,1.0,1.0,1.0,0.0
74.48309679031372,3.311980659906642,0.034525728225708006,0.0024750324614177498,0.8,0.03,5,1,600,0.1,1.0,0.8,"{'clf__colsample_bytree': 0.8, 'clf__learning_rate': 0.03, 'clf__max_depth': 5, 'clf__min_child_weight': 1, 'clf__n_estimators': 600, 'clf__reg_alpha': 0.1, 'clf__reg_lambda': 1.0, 'clf__subsample': 0.8}",0.8302509569940763,0.8262789987789987,0.7870004071346036,0.8015717059770768,0.8553717439868133,0.8200947625743137,0.02376635633739215,683,1.0,1.0,1.0,1.0,1.0,1.0,0.0
78.2913553237915,0.9691753208392824,0.03583192825317383,0.0012045555123716039,0.8,0.03,5,1,600,0.1,1.0,1.0,"{'clf__colsample_bytree': 0.8, 'clf__learning_rate': 0.03, 'clf__max_depth': 5, 'clf__min_child_weight': 1, 'clf__n_estimators': 600, 'clf__reg_alpha': 0.1, 'clf__reg_lambda': 1.0, 'clf__subsample': 1.0}",0.8475540129795449,0.8450094534360162,0.7996723140454504,0.8103071807185058,0.8562724897519104,0.8317630901862856,0.02243080031334014,5,1.0,1.0,1.0,1.0,1.0,1.0,0.0
96.94383149147033,1.1262237666336752,0.03917694091796875,0.0016807739294260385,0.8,0.03,5,1,600,0.1,10.0,0.8,"{'clf__colsample_bytree': 0.8, 'clf__learning_rate': 0.03, 'clf__max_depth': 5, 'clf__min_child_weight': 1, 'clf__n_estimators': 600, 'clf__reg_alpha': 0.1, 'clf__reg_lambda': 10.0, 'clf__subsample': 0.8}",0.8320991866556383,0.8208688825793502,0.7999421810964169,0.7995862559398094,0.8499270924512,0.8204847197444829,0.019290611275010406,640,1.0,1.0,1.0,1.0,1.0,1.0,0.0
103.2453673839569,1.5889236781431064,0.041243553161621094,0.003348346491273142,0.8,0.03,5,1,600,0.1,10.0,1.0,"{'clf__colsample_bytree': 0.8, 'clf__learning_rate': 0.03, 'clf__max_depth': 5, 'clf__min_child_weight': 1, 'clf__n_estimators': 600, 'clf__reg_alpha': 0.1, 'clf__reg_lambda': 10.0, 'clf__subsample': 1.0}",0.8325445349757277,0.83044908285895,0.8032212273980989,0.8140721404841007,0.8591049781529818,0.8278783927739719,0.01898456937440158,40,1.0,1.0,1.0,1.0,1.0,1.0,0.0
87.24080390930176,1.050023897465402,0.04288406372070312,0.0014043978547331494,0.8,0.03,5,1,1000,0.0,1.0,0.8,"{'clf__colsample_bytree': 0.8, 'clf__learning_rate': 0.03, 'clf__max_depth': 5, 'clf__min_child_weight': 1, 'clf__n_estimators': 1000, 'clf__reg_alpha': 0.0, 'clf__reg_lambda': 1.0, 'clf__subsample': 0.8}",0.8302509569940763,0.832698915416802,0.7957674655787863,0.7945582414337286,0.8570975537303207,0.8220746266307428,0.02389791409293431,430,1.0,1.0,1.0,1.0,1.0,1.0,0.0
90.93742713928222,1.7243595635260398,0.045374155044555664,0.0028736229011006695,0.8,0.03,5,1,1000,0.0,1.0,1.0,"{'clf__colsample_bytree': 0.8, 'clf__learning_rate': 0.03, 'clf__max_depth': 5, 'clf__min_child_weight': 1, 'clf__n_estimators': 1000, 'clf__reg_alpha': 0.0, 'clf__reg_lambda': 1.0, 'clf__subsample': 1.0}",0.8433750109806448,0.8403453318547658,0.801842212814172,0.7864341884191568,0.8571009389671362,0.8258195366071751,0.026921505343588094,125,1.0,1.0,1.0,1.0,1.0,1.0,0.0
134.59333410263062,1.4571336201609864,0.055486536026000975,0.0007242075793660608,0.8,0.03,5,1,1000,0.0,10.0,0.8,"{'clf__colsample_bytree': 0.8, 'clf__learning_rate': 0.03, 'clf__max_depth': 5, 'clf__min_child_weight': 1, 'clf__n_estimators': 1000, 'clf__reg_alpha': 0.0, 'clf__reg_lambda': 10.0, 'clf__subsample': 0.8}",0.837878590000831,0.8217415166827532,0.8023006716624547,0.7920632593213238,0.850824283382423,0.8209616642099571,0.021734382990544327,575,1.0,1.0,1.0,1.0,1.0,1.0,0.0
143.92666087150573,2.5857880355836733,0.0606745719909668,0.0019483869095595061,0.8,0.03,5,1,1000,0.0,10.0,1.0,"{'clf__colsample_bytree': 0.8, 'clf__learning_rate': 0.03, 'clf__max_depth': 5, 'clf__min_child_weight': 1, 'clf__n_estimators': 1000, 'clf__reg_alpha': 0.0, 'clf__reg_lambda': 10.0, 'clf__subsample': 1.0}",0.8252630110275916,0.8290481100367116,0.7956204988201828,0.8190982482383419,0.8626623440759877,0.8263384424397632,0.021558929257161023,101,1.0,1.0,1.0,1.0,1.0,1.0,0.0
95.1434998035431,1.5741670311236913,0.048451471328735354,0.001844440709394437,0.8,0.03,5,1,1000,0.1,1.0,0.8,"{'clf__colsample_bytree': 0.8, 'clf__learning_rate': 0.03, 'clf__max_depth': 5, 'clf__min_child_weight': 1, 'clf__n_estimators': 1000, 'clf__reg_alpha': 0.1, 'clf__reg_lambda': 1.0, 'clf__subsample': 0.8}",0.8297950391902005,0.8248985131164899,0.7870004071346036,0.7945582414337286,0.8532414456710231,0.817898729309209,0.024245046708290953,920,1.0,1.0,1.0,1.0,1.0,1.0,0.0
99.57565293312072,2.7161518263598765,0.0484825611114502,0.001144015300043613,0.8,0.03,5,1,1000,0.1,1.0,1.0,"{'clf__colsample_bytree': 0.8, 'clf__learning_rate': 0.03, 'clf__max_depth': 5, 'clf__min_child_weight': 1, 'clf__n_estimators': 1000, 'clf__reg_alpha': 0.1, 'clf__reg_lambda': 1.0, 'clf__subsample': 1.0}",0.843880235776356,0.8450094534360162,0.798972394144808,0.8178821883292082,0.8562724897519104,0.8324033522876597,0.02092300900501804,4,1.0,1.0,1.0,1.0,1.0,1.0,0.0
139.26209897994994,1.850495936328315,0.05664739608764648,0.0015928586544518748,0.8,0.03,5,1,1000,0.1,10.0,0.8,"{'clf__colsample_bytree': 0.8, 'clf__learning_rate': 0.03, 'clf__max_depth': 5, 'clf__min_child_weight': 1, 'clf__n_estimators': 1000, 'clf__reg_alpha': 0.1, 'clf__reg_lambda': 10.0, 'clf__subsample': 0.8}",0.837878590000831,0.8170072459933141,0.8023006716624547,0.7926081069645426,0.8549359244319719,0.8209461078106228,0.02283955253764119,578,1.0,1.0,1.0,1.0,1.0,1.0,0.0
147.9554174423218,1.7081037837138264,0.05993504524230957,0.004704645205703803,0.8,0.03,5,1,1000,0.1,10.0,1.0,"{'clf__colsample_bytree': 0.8, 'clf__learning_rate': 0.03, 'clf__max_depth': 5, 'clf__min_child_weight': 1, 'clf__n_estimators': 1000, 'clf__reg_alpha': 0.1, 'clf__reg_lambda': 10.0, 'clf__subsample': 1.0}",0.8252630110275916,0.8278057680859039,0.7986413637357034,0.808818082788671,0.8626623440759877,0.8246381139427715,0.0218282890461269,195,1.0,1.0,1.0,1.0,1.0,1.0,0.0
37.39031009674072,0.3937140046043124,0.023846769332885744,0.0014840906588558605,0.8,0.03,5,3,300,0.0,1.0,0.8,"{'clf__colsample_bytree': 0.8, 'clf__learning_rate': 0.03, 'clf__max_depth': 5, 'clf__min_child_weight': 3, 'clf__n_estimators': 300, 'clf__reg_alpha': 0.0, 'clf__reg_lambda': 1.0, 'clf__subsample': 0.8}",0.8324089909041364,0.8191664609540268,0.7929078944173283,0.8008938668331458,0.8465027071753638,0.8183759840568001,0.01971248690955326,871,1.0,1.0,1.0,1.0,1.0,1.0,0.0
40.61372075080872,1.037519195678043,0.02412128448486328,0.001778133806111729,0.8,0.03,5,3,300,0.0,1.0,1.0,"{'clf__colsample_bytree': 0.8, 'clf__learning_rate': 0.03, 'clf__max_depth': 5, 'clf__min_child_weight': 3, 'clf__n_estimators': 300, 'clf__reg_alpha': 0.0, 'clf__reg_lambda': 1.0, 'clf__subsample': 1.0}",0.8494681381210722,0.8223017633097613,0.7899447164850009,0.808656640950954,0.8501544820490381,0.8241051481831654,0.023369607270796573,228,1.0,1.0,1.0,1.0,1.0,1.0,0.0
43.36435914039612,0.707951283173115,0.022664546966552734,0.0015708337588086526,0.8,0.03,5,3,300,0.0,10.0,0.8,"{'clf__colsample_bytree': 0.8, 'clf__learning_rate': 0.03, 'clf__max_depth': 5, 'clf__min_child_weight': 3, 'clf__n_estimators': 300, 'clf__reg_alpha': 0.0, 'clf__reg_lambda': 10.0, 'clf__subsample': 0.8}",0.8224809906487083,0.818802599339512,0.7947135004544884,0.8049574175811899,0.8499270924512,0.8181763200950197,0.018720455382474525,889,0.9981581327810707,0.9983696231905673,0.9981519138755981,0.9980414334996128,0.9947818326430256,0.9975005871979749,0.0013635217081738584
46.853922319412234,1.3094623880146457,0.02401909828186035,0.002200851600025576,0.8,0.03,5,3,300,0.0,10.0,1.0,"{'clf__colsample_bytree': 0.8, 'clf__learning_rate': 0.03, 'clf__max_depth': 5, 'clf__min_child_weight': 3, 'clf__n_estimators': 300, 'clf__reg_alpha': 0.0, 'clf__reg_lambda': 10.0, 'clf__subsample': 1.0}",0.8392038517038516,0.8166707143707805,0.7916582357936712,0.7954401702029785,0.856349449328832,0.8198644842800228,0.02492991594453447,709,0.9981581327810707,1.0,0.9990771574058865,0.9990771574058865,0.9981628558539307,0.9988950606893547,0.0006879529012336206
38.555221271514895,0.6938449062427792,0.020797157287597658,0.0017254996561164135,0.8,0.03,5,3,300,0.1,1.0,0.8,"{'clf__colsample_bytree': 0.8, 'clf__learning_rate': 0.03, 'clf__max_depth': 5, 'clf__min_child_weight': 3, 'clf__n_estimators': 300, 'clf__reg_alpha': 0.1, 'clf__reg_lambda': 1.0, 'clf__subsample': 0.8}",0.8324089909041364,0.8316367887004668,0.796047685545047,0.8010025739265536,0.8383284959541919,0.8198849070060792,0.01766284803557933,707,1.0,1.0,1.0,1.0,1.0,1.0,0.0
41.1855447769165,0.4407083348647956,0.02261180877685547,0.0014531636875685869,0.8,0.03,5,3,300,0.1,1.0,1.0,"{'clf__colsample_bytree': 0.8, 'clf__learning_rate': 0.03, 'clf__max_depth': 5, 'clf__min_child_weight': 3, 'clf__n_estimators': 300, 'clf__reg_alpha': 0.1, 'clf__reg_lambda': 1.0, 'clf__subsample': 1.0}",0.8481546135801455,0.8217941246353331,0.7750894299489755,0.8057831001420372,0.8427970012208232,0.8187236539054629,0.02655763039441119,837,1.0,1.0,1.0,1.0,1.0,1.0,0.0
43.61662220954895,0.44154464180203024,0.024342441558837892,0.0008690855891044234,0.8,0.03,5,3,300,0.1,10.0,0.8,"{'clf__colsample_bytree': 0.8, 'clf__learning_rate': 0.03, 'clf__max_depth': 5, 'clf__min_child_weight': 3, 'clf__n_estimators': 300, 'clf__reg_alpha': 0.1, 'clf__reg_lambda': 10.0, 'clf__subsample': 0.8}",0.8224809906487083,0.818802599339512,0.7947135004544884,0.7951512387900896,0.8491044447066984,0.8160505547878995,0.020166978901865106,1056,0.9971210806548733,0.9966264882190622,0.9981519138755981,0.9980414334996128,0.9947818326430256,0.9969445497784344,0.0012223382244357526
47.14980401992798,0.971027375249526,0.024518251419067383,0.0020661315163004153,0.8,0.03,5,3,300,0.1,10.0,1.0,"{'clf__colsample_bytree': 0.8, 'clf__learning_rate': 0.03, 'clf__max_depth': 5, 'clf__min_child_weight': 3, 'clf__n_estimators': 300, 'clf__reg_alpha': 0.1, 'clf__reg_lambda': 10.0, 'clf__subsample': 1.0}",0.8287629037629037,0.8190160509910174,0.790690433379231,0.8004906752534836,0.8512126422676882,0.8180345411308647,0.021318231540500224,903,0.9981581327810707,1.0,0.9990771574058865,0.9990771574058865,0.9972407542235628,0.9987106403632812,0.0009377577139086846
53.81100115776062,0.9046159771206251,0.031001758575439454,0.001087401607651123,0.8,0.03,5,3,600,0.0,1.0,0.8,"{'clf__colsample_bytree': 0.8, 'clf__learning_rate': 0.03, 'clf__max_depth': 5, 'clf__min_child_weight': 3, 'clf__n_estimators': 600, 'clf__reg_alpha': 0.0, 'clf__reg_lambda': 1.0, 'clf__subsample': 0.8}",0.833860527353678,0.8439656731378539,0.7889869982486363,0.8047543257730835,0.842590854068868,0.822831675716424,0.022049758812657468,354,1.0,1.0,1.0,1.0,1.0,1.0,0.0
57.09183301925659,0.8952458346440416,0.03338699340820313,0.00204531997030523,0.8,0.03,5,3,600,0.0,1.0,1.0,"{'clf__colsample_bytree': 0.8, 'clf__learning_rate': 0.03, 'clf__max_depth': 5, 'clf__min_child_weight': 3, 'clf__n_estimators': 600, 'clf__reg_alpha': 0.0, 'clf__reg_lambda': 1.0, 'clf__subsample': 1.0}",0.8451935763344619,0.8235080590545848,0.7811160009027308,0.8020205439654666,0.8548700028453549,0.8213416366205198,0.027163085782997556,521,1.0,1.0,1.0,1.0,1.0,1.0,0.0
69.93848118782043,1.0191921509694755,0.03415789604187012,0.0005108375103290815,0.8,0.03,5,3,600,0.0,10.0,0.8,"{'clf__colsample_bytree': 0.8, 'clf__learning_rate': 0.03, 'clf__max_depth': 5, 'clf__min_child_weight': 3, 'clf__n_estimators': 600, 'clf__reg_alpha': 0.0, 'clf__reg_lambda': 10.0, 'clf__subsample': 0.8}",0.8235139116988432,0.8237861212861213,0.8081202496296835,0.8038724311497901,0.852199310210823,0.8222984047950522,0.01696049227318001,410,1.0,1.0,1.0,1.0,1.0,1.0,0.0
75.57562594413757,1.8837261865427117,0.03361897468566895,0.0007602096896587125,0.8,0.03,5,3,600,0.0,10.0,1.0,"{'clf__colsample_bytree': 0.8, 'clf__learning_rate': 0.03, 'clf__max_depth': 5, 'clf__min_child_weight': 3, 'clf__n_estimators': 600, 'clf__reg_alpha': 0.0, 'clf__reg_lambda': 10.0, 'clf__subsample': 1.0}",0.83590549440064,0.8323037680163403,0.7942845020230174,0.8055501089324618,0.8657424758180525,0.8267572698381024,0.02505403864943576,82,1.0,1.0,1.0,1.0,1.0,1.0,0.0
55.54215021133423,0.8495600906414152,0.031938934326171876,0.0015952752968663429,0.8,0.03,5,3,600,0.1,1.0,0.8,"{'clf__colsample_bytree': 0.8, 'clf__learning_rate': 0.03, 'clf__max_depth': 5, 'clf__min_child_weight': 3, 'clf__n_estimators': 600, 'clf__reg_alpha': 0.1, 'clf__reg_lambda': 1.0, 'clf__subsample': 0.8}",0.8297950391902005,0.8380514855514856,0.7957674655787863,0.8017684723916364,0.8471006338746033,0.8224966193173424,0.020222176258204987,386,1.0,1.0,1.0,1.0,1.0,1.0,0.0
58.57979974746704,0.8789782245967812,0.03133645057678223,0.0023653947350085517,0.8,0.03,5,3,600,0.1,1.0,1.0,"{'clf__colsample_bytree': 0.8, 'clf__learning_rate': 0.03, 'clf__max_depth': 5, 'clf__min_child_weight': 3, 'clf__n_estimators': 600, 'clf__reg_alpha': 0.1, 'clf__reg_lambda': 1.0, 'clf__subsample': 1.0}",0.832892910464278,0.8324422890039165,0.7789082674182748,0.8039141903594675,0.8518235483090031,0.819996241110988,0.02561663369994409,693,1.0,1.0,1.0,1.0,1.0,1.0,0.0
70.93195123672486,0.857848569261555,0.033809995651245116,0.0010504847225812648,0.8,0.03,5,3,600,0.1,10.0,0.8,"{'clf__colsample_bytree': 0.8, 'clf__learning_rate': 0.03, 'clf__max_depth': 5, 'clf__min_child_weight': 3, 'clf__n_estimators': 600, 'clf__reg_alpha': 0.1, 'clf__reg_lambda': 10.0, 'clf__subsample': 0.8}",0.8220760820626107,0.8149955636178775,0.802574908912937,0.7914689849228145,0.846338396105228,0.8154907871242936,0.018649682177260492,1088,1.0,1.0,1.0,1.0,1.0,1.0,0.0
75.34850883483887,1.4966728143338235,0.03518509864807129,0.0020111734819933686,0.8,0.03,5,3,600,0.1,10.0,1.0,"{'clf__colsample_bytree': 0.8, 'clf__learning_rate': 0.03, 'clf__max_depth': 5, 'clf__min_child_weight': 3, 'clf__n_estimators': 600, 'clf__reg_alpha': 0.1, 'clf__reg_lambda': 10.0, 'clf__subsample': 1.0}",0.836143632376509,0.8394859100507024,0.7914991213355699,0.7903916410646797,0.8629597401473347,0.8240960089949592,0.028603934643303356,230,1.0,1.0,1.0,1.0,1.0,1.0,0.0
66.1161690711975,1.0888883835479717,0.0407559871673584,0.0010541927389577247,0.8,0.03,5,3,1000,0.0,1.0,0.8,"{'clf__colsample_bytree': 0.8, 'clf__learning_rate': 0.03, 'clf__max_depth': 5, 'clf__min_child_weight': 3, 'clf__n_estimators': 1000, 'clf__reg_alpha': 0.0, 'clf__reg_lambda': 1.0, 'clf__subsample': 0.8}",0.8294990773584252,0.8321157273090348,0.7944920696002675,0.8040075398182106,0.8426982085000954,0.8205625245172067,0.01820474177121698,626,1.0,1.0,1.0,1.0,1.0,1.0,0.0
69.41627278327942,1.0033349256712552,0.04296884536743164,0.0019715046480689854,0.8,0.03,5,3,1000,0.0,1.0,1.0,"{'clf__colsample_bytree': 0.8, 'clf__learning_rate': 0.03, 'clf__max_depth': 5, 'clf__min_child_weight': 3, 'clf__n_estimators': 1000, 'clf__reg_alpha': 0.0, 'clf__reg_lambda': 1.0, 'clf__subsample': 1.0}",0.8407606428063203,0.8377196734979193,0.7891615832032912,0.7972962264103851,0.8487583003305244,0.822739285249688,0.02449890537899746,362,1.0,1.0,1.0,1.0,1.0,1.0,0.0
93.7748414516449,1.953598743602877,0.047003555297851565,0.003352800065642633,0.8,0.03,5,3,1000,0.0,10.0,0.8,"{'clf__colsample_bytree': 0.8, 'clf__learning_rate': 0.03, 'clf__max_depth': 5, 'clf__min_child_weight': 3, 'clf__n_estimators': 1000, 'clf__reg_alpha': 0.0, 'clf__reg_lambda': 10.0, 'clf__subsample': 0.8}",0.8285490703253862,0.8294582461975191,0.8004761904761905,0.7860050260632074,0.8512258730441917,0.8191428812212991,0.023111747230421392,795,1.0,1.0,1.0,1.0,1.0,1.0,0.0
100.97258009910584,1.68588049231434,0.0481722354888916,0.0019750181511067324,0.8,0.03,5,3,1000,0.0,10.0,1.0,"{'clf__colsample_bytree': 0.8, 'clf__learning_rate': 0.03, 'clf__max_depth': 5, 'clf__min_child_weight': 3, 'clf__n_estimators': 1000, 'clf__reg_alpha': 0.0, 'clf__reg_lambda': 10.0, 'clf__subsample': 1.0}",0.8295347772730421,0.837187497284838,0.7952334156543265,0.7937611213578921,0.8615678283270995,0.8234569279794396,0.025908751763315484,294,1.0,1.0,1.0,1.0,1.0,1.0,0.0
67.793044424057,0.5187150814729038,0.04215545654296875,0.0016587071356582554,0.8,0.03,5,3,1000,0.1,1.0,0.8,"{'clf__colsample_bytree': 0.8, 'clf__learning_rate': 0.03, 'clf__max_depth': 5, 'clf__min_child_weight': 3, 'clf__n_estimators': 1000, 'clf__reg_alpha': 0.1, 'clf__reg_lambda': 1.0, 'clf__subsample': 0.8}",0.8283561330324714,0.8425820821264243,0.7971481722865874,0.7980431368112596,0.8334983757518968,0.819925580001728,0.018795019125354275,701,1.0,1.0,1.0,1.0,1.0,1.0,0.0
72.45430808067321,0.9560040100021057,0.04273977279663086,0.001521480386786971,0.8,0.03,5,3,1000,0.1,1.0,1.0,"{'clf__colsample_bytree': 0.8, 'clf__learning_rate': 0.03, 'clf__max_depth': 5, 'clf__min_child_weight': 3, 'clf__n_estimators': 1000, 'clf__reg_alpha': 0.1, 'clf__reg_lambda': 1.0, 'clf__subsample': 1.0}",0.8347381009357113,0.8371016820003047,0.784644390719157,0.8039141903594675,0.8507935615431904,0.8222383851115662,0.024255486467262145,415,1.0,1.0,1.0,1.0,1.0,1.0,0.0
94.56650190353393,1.6473253517902098,0.047598075866699216,0.002487413713405482,0.8,0.03,5,3,1000,0.1,10.0,0.8,"{'clf__colsample_bytree': 0.8, 'clf__learning_rate': 0.03, 'clf__max_depth': 5, 'clf__min_child_weight': 3, 'clf__n_estimators': 1000, 'clf__reg_alpha': 0.1, 'clf__reg_lambda': 10.0, 'clf__subsample': 0.8}",0.823620363365509,0.8207827083070642,0.8004761904761905,0.7879072014192141,0.8481260468802885,0.8161825020896533,0.02070292048912826,1048,1.0,1.0,1.0,1.0,1.0,1.0,0.0
102.34728298187255,1.9314330880181265,0.04794912338256836,0.001502897836385514,0.8,0.03,5,3,1000,0.1,10.0,1.0,"{'clf__colsample_bytree': 0.8, 'clf__learning_rate': 0.03, 'clf__max_depth': 5, 'clf__min_child_weight': 3, 'clf__n_estimators': 1000, 'clf__reg_alpha': 0.1, 'clf__reg_lambda': 10.0, 'clf__subsample': 1.0}",0.8341249294252631,0.8405432019828245,0.7898603114595468,0.7908272963757527,0.8587727781297108,0.8228257034746196,0.027728647872923326,356,1.0,1.0,1.0,1.0,1.0,1.0,0.0
32.775257396697995,0.5166782477047307,0.02091183662414551,0.0007471846953561591,0.8,0.03,5,5,300,0.0,1.0,0.8,"{'clf__colsample_bytree': 0.8, 'clf__learning_rate': 0.03, 'clf__max_depth': 5, 'clf__min_child_weight': 5, 'clf__n_estimators': 300, 'clf__reg_alpha': 0.0, 'clf__reg_lambda': 1.0, 'clf__subsample': 0.8}",0.8352535877364644,0.8227622211504175,0.7931449218279301,0.8140639085712725,0.8504495968469439,0.8231348472266056,0.019363759046562515,328,0.9990802514078543,1.0,0.9990771574058865,0.9980414334996128,0.9981628558539307,0.9988723396334569,0.0007142223414005868
35.029342365264895,0.7386610287928421,0.02102527618408203,0.0010383113582962972,0.8,0.03,5,5,300,0.0,1.0,1.0,"{'clf__colsample_bytree': 0.8, 'clf__learning_rate': 0.03, 'clf__max_depth': 5, 'clf__min_child_weight': 5, 'clf__n_estimators': 300, 'clf__reg_alpha': 0.0, 'clf__reg_lambda': 1.0, 'clf__subsample': 1.0}",0.8526926336877794,0.8371275093592578,0.7892051863888774,0.8127443199502024,0.8554109429327201,0.8294361184637674,0.02518673672271462,21,1.0,1.0,1.0,1.0,1.0,1.0,0.0
36.234649419784546,0.8775820618476636,0.020534753799438477,0.0021821069475613116,0.8,0.03,5,5,300,0.0,10.0,0.8,"{'clf__colsample_bytree': 0.8, 'clf__learning_rate': 0.03, 'clf__max_depth': 5, 'clf__min_child_weight': 5, 'clf__n_estimators': 300, 'clf__reg_alpha': 0.0, 'clf__reg_lambda': 10.0, 'clf__subsample': 0.8}",0.8287629037629037,0.8236187105469935,0.8045429944785691,0.7939909041060542,0.8412767318117953,0.8184384489412633,0.017004603760962488,869,0.9952761117374538,0.9933504014149361,0.9934409245253897,0.9954841556200487,0.9933642455322425,0.9941831677660142,0.0009800157518894987
39.76598539352417,1.1486457743076999,0.023533201217651366,0.0012371100450807354,0.8,0.03,5,5,300,0.0,10.0,1.0,"{'clf__colsample_bytree': 0.8, 'clf__learning_rate': 0.03, 'clf__max_depth': 5, 'clf__min_child_weight': 5, 'clf__n_estimators': 300, 'clf__reg_alpha': 0.0, 'clf__reg_lambda': 10.0, 'clf__subsample': 1.0}",0.8273515699986288,0.8305489237049941,0.7895225972611125,0.7944693778199925,0.8487559292013926,0.818129679597224,0.022607180680374414,895,0.9971210806548733,0.997337026390632,0.9972242434042095,0.9980414334996128,0.9962050689153487,0.9971857705729352,0.0005869374842205558
32.771570158004764,0.560165057018129,0.01983022689819336,0.0012756271777742984,0.8,0.03,5,5,300,0.1,1.0,0.8,"{'clf__colsample_bytree': 0.8, 'clf__learning_rate': 0.03, 'clf__max_depth': 5, 'clf__min_child_weight': 5, 'clf__n_estimators': 300, 'clf__reg_alpha': 0.1, 'clf__reg_lambda': 1.0, 'clf__subsample': 0.8}",0.8297950391902005,0.8381883253669387,0.7923653766270146,0.8125187298589872,0.845898347722743,0.8237531637531769,0.019218184140329473,263,0.9990802514078543,1.0,0.9990771574058865,0.9980414334996128,0.9981628558539307,0.9988723396334569,0.0007142223414005868
35.13772654533386,0.8601403636392757,0.020717334747314454,0.0008606819485210028,0.8,0.03,5,5,300,0.1,1.0,1.0,"{'clf__colsample_bytree': 0.8, 'clf__learning_rate': 0.03, 'clf__max_depth': 5, 'clf__min_child_weight': 5, 'clf__n_estimators': 300, 'clf__reg_alpha': 0.1, 'clf__reg_lambda': 1.0, 'clf__subsample': 1.0}",0.8499372301079077,0.8283538866280266,0.7946862522590677,0.810070228765817,0.8554109429327201,0.8276917081387077,0.023080443491023023,46,1.0,1.0,1.0,1.0,1.0,1.0,0.0
36.299076890945436,0.5628380300081041,0.022119665145874025,0.0011098873269041812,0.8,0.03,5,5,300,0.1,10.0,0.8,"{'clf__colsample_bytree': 0.8, 'clf__learning_rate': 0.03, 'clf__max_depth': 5, 'clf__min_child_weight': 5, 'clf__n_estimators': 300, 'clf__reg_alpha': 0.1, 'clf__reg_lambda': 10.0, 'clf__subsample': 0.8}",0.826026038269189,0.8262807125890493,0.7995785425252311,0.8029662692611998,0.8436928400901872,0.8197088805469713,0.016394336308513596,723,0.9943611416971952,0.9933504014149361,0.9934409245253897,0.9954841556200487,0.9933642455322425,0.9940001737579625,0.0008332908892238482
40.24749617576599,1.2706245187181824,0.0629610538482666,0.08375103397472708,0.8,0.03,5,5,300,0.1,10.0,1.0,"{'clf__colsample_bytree': 0.8, 'clf__learning_rate': 0.03, 'clf__max_depth': 5, 'clf__min_child_weight': 5, 'clf__n_estimators': 300, 'clf__reg_alpha': 0.1, 'clf__reg_lambda': 10.0, 'clf__subsample': 1.0}",0.8382255702907877,0.8260385492872562,0.7892548215978042,0.7952910150551695,0.8601428717707787,0.8217905656003592,0.026532451639699653,465,0.9971210806548733,0.9964189255411721,0.9972242434042095,0.9980414334996128,0.9947818326430256,0.9967175031485785,0.0010962135702832776
46.13699960708618,0.517640243433956,0.02830371856689453,0.001827924118508359,0.8,0.03,5,5,600,0.0,1.0,0.8,"{'clf__colsample_bytree': 0.8, 'clf__learning_rate': 0.03, 'clf__max_depth': 5, 'clf__min_child_weight': 5, 'clf__n_estimators': 600, 'clf__reg_alpha': 0.0, 'clf__reg_lambda': 1.0, 'clf__subsample': 0.8}",0.828889532255525,0.823086855772502,0.7971481722865874,0.8135339097406168,0.8475696805811932,0.8220456301272849,0.016683723143405212,435,1.0,1.0,1.0,1.0,1.0,1.0,0.0
49.17308049201965,0.6344676484239422,0.03019680976867676,0.0019985389494674996,0.8,0.03,5,5,600,0.0,1.0,1.0,"{'clf__colsample_bytree': 0.8, 'clf__learning_rate': 0.03, 'clf__max_depth': 5, 'clf__min_child_weight': 5, 'clf__n_estimators': 600, 'clf__reg_alpha': 0.0, 'clf__reg_lambda': 1.0, 'clf__subsample': 1.0}",0.846942562236162,0.8387266326085311,0.7909150991881044,0.7977460830388565,0.8508890551144073,0.8250438864372122,0.025474247694324784,168,1.0,1.0,1.0,1.0,1.0,1.0,0.0
57.7544764995575,0.2635153431313901,0.030600643157958983,0.0011614498237413223,0.8,0.03,5,5,600,0.0,10.0,0.8,"{'clf__colsample_bytree': 0.8, 'clf__learning_rate': 0.03, 'clf__max_depth': 5, 'clf__min_child_weight': 5, 'clf__n_estimators': 600, 'clf__reg_alpha': 0.0, 'clf__reg_lambda': 10.0, 'clf__subsample': 0.8}",0.8280363024314636,0.8305610126056591,0.7947619047619047,0.8082234731386216,0.8420755170755172,0.8207316420026333,0.01694943736082198,603,0.9990802514078543,1.0,1.0,1.0,1.0,0.9998160502815707,0.00036789943685828775
62.989967584609985,0.8291092330838254,0.03217558860778809,0.0010942610272837356,0.8,0.03,5,5,600,0.0,10.0,1.0,"{'clf__colsample_bytree': 0.8, 'clf__learning_rate': 0.03, 'clf__max_depth': 5, 'clf__min_child_weight': 5, 'clf__n_estimators': 600, 'clf__reg_alpha': 0.0, 'clf__reg_lambda': 10.0, 'clf__subsample': 1.0}",0.8250335938571233,0.8362607436976301,0.7814755873918449,0.7846547764997704,0.8527911026683319,0.8160431608229402,0.02835537894877286,1057,1.0,1.0,1.0,1.0,1.0,1.0,0.0
47.060908508300784,1.0825229770062978,0.029668855667114257,0.0012338043792826867,0.8,0.03,5,5,600,0.1,1.0,0.8,"{'clf__colsample_bytree': 0.8, 'clf__learning_rate': 0.03, 'clf__max_depth': 5, 'clf__min_child_weight': 5, 'clf__n_estimators': 600, 'clf__reg_alpha': 0.1, 'clf__reg_lambda': 1.0, 'clf__subsample': 0.8}",0.8201874126670567,0.8293255900226916,0.7971481722865874,0.8079507078957326,0.8444792813772044,0.8198182328498544,0.016452739851444412,713,1.0,1.0,1.0,1.0,1.0,1.0,0.0
50.43506507873535,0.9503889282488637,0.030840015411376952,0.0009902418334072135,0.8,0.03,5,5,600,0.1,1.0,1.0,"{'clf__colsample_bytree': 0.8, 'clf__learning_rate': 0.03, 'clf__max_depth': 5, 'clf__min_child_weight': 5, 'clf__n_estimators': 600, 'clf__reg_alpha': 0.1, 'clf__reg_lambda': 1.0, 'clf__subsample': 1.0}",0.8342448481740115,0.8330897929350365,0.7875511716555783,0.80836215772607,0.8433097109219263,0.8213115362825245,0.02048104586422903,527,1.0,1.0,1.0,1.0,1.0,1.0,0.0
58.24973249435425,0.6815923607843708,0.03091435432434082,0.0016609520031697586,0.8,0.03,5,5,600,0.1,10.0,0.8,"{'clf__colsample_bytree': 0.8, 'clf__learning_rate': 0.03, 'clf__max_depth': 5, 'clf__min_child_weight': 5, 'clf__n_estimators': 600, 'clf__reg_alpha': 0.1, 'clf__reg_lambda': 10.0, 'clf__subsample': 0.8}",0.8231283725235338,0.8245549156208818,0.7947619047619047,0.8071760722985235,0.8506402532096997,0.8200523036829088,0.018818926548969286,686,0.9990802514078543,1.0,0.9990771574058865,1.0,1.0,0.9996314817627482,0.0004513418815771679
63.49072036743164,1.1628460123672784,0.03249955177307129,0.0028625187261913667,0.8,0.03,5,5,600,0.1,10.0,1.0,"{'clf__colsample_bytree': 0.8, 'clf__learning_rate': 0.03, 'clf__max_depth': 5, 'clf__min_child_weight': 5, 'clf__n_estimators': 600, 'clf__reg_alpha': 0.1, 'clf__reg_lambda': 10.0, 'clf__subsample': 1.0}",0.8397959442417942,0.8498284589380185,0.7812456558436636,0.79408959830297,0.8491758512751633,0.8228271017203219,0.029210040243298922,355,1.0,1.0,1.0,1.0,1.0,1.0,0.0
57.74784173965454,1.2062264003123138,0.03729400634765625,0.0021790476084060494,0.8,0.03,5,5,1000,0.0,1.0,0.8,"{'clf__colsample_bytree': 0.8, 'clf__learning_rate': 0.03, 'clf__max_depth': 5, 'clf__min_child_weight': 5, 'clf__n_estimators': 1000, 'clf__reg_alpha': 0.0, 'clf__reg_lambda': 1.0, 'clf__subsample': 0.8}",0.8199912515356123,0.827216754728992,0.7971047131199056,0.8102871564938635,0.8384349295602624,0.8186069610877272,0.014147501238642002,850,1.0,1.0,1.0,1.0,1.0,1.0,0.0
61.5729474067688,1.1161277189173833,0.04134492874145508,0.004173706821547007,0.8,0.03,5,5,1000,0.0,1.0,1.0,"{'clf__colsample_bytree': 0.8, 'clf__learning_rate': 0.03, 'clf__max_depth': 5, 'clf__min_child_weight': 5, 'clf__n_estimators': 1000, 'clf__reg_alpha': 0.0, 'clf__reg_lambda': 1.0, 'clf__subsample': 1.0}",0.8322660531662797,0.8381739340885981,0.7918245716365255,0.7897617736738949,0.8499993893961473,0.8204051443922893,0.024851944348872997,653,1.0,1.0,1.0,1.0,1.0,1.0,0.0
76.9700267791748,1.0485183642245433,0.04283995628356933,0.0015515886816396584,0.8,0.03,5,5,1000,0.0,10.0,0.8,"{'clf__colsample_bytree': 0.8, 'clf__learning_rate': 0.03, 'clf__max_depth': 5, 'clf__min_child_weight': 5, 'clf__n_estimators': 1000, 'clf__reg_alpha': 0.0, 'clf__reg_lambda': 10.0, 'clf__subsample': 0.8}",0.8285490703253862,0.8361045884448459,0.7997382686653973,0.8066267681422089,0.8451753432394205,0.8232388077634518,0.017338823420196527,313,1.0,1.0,1.0,1.0,1.0,1.0,0.0
83.82830028533935,2.1769243518866186,0.058785200119018555,0.01830661687548352,0.8,0.03,5,5,1000,0.0,10.0,1.0,"{'clf__colsample_bytree': 0.8, 'clf__learning_rate': 0.03, 'clf__max_depth': 5, 'clf__min_child_weight': 5, 'clf__n_estimators': 1000, 'clf__reg_alpha': 0.0, 'clf__reg_lambda': 10.0, 'clf__subsample': 1.0}",0.8257585728355269,0.8362607436976301,0.7867877207750058,0.7968853803434438,0.8497176082647817,0.8190820051832777,0.02372271800806012,803,1.0,1.0,1.0,1.0,1.0,1.0,0.0
59.578569650650024,1.5441827535895416,0.038325929641723634,0.0007559337022120569,0.8,0.03,5,5,1000,0.1,1.0,0.8,"{'clf__colsample_bytree': 0.8, 'clf__learning_rate': 0.03, 'clf__max_depth': 5, 'clf__min_child_weight': 5, 'clf__n_estimators': 1000, 'clf__reg_alpha': 0.1, 'clf__reg_lambda': 1.0, 'clf__subsample': 0.8}",0.820273408116404,0.8343902664050831,0.7971047131199056,0.8079507078957326,0.8387491932368456,0.8196936577547941,0.0156690595756079,726,1.0,1.0,1.0,1.0,1.0,1.0,0.0
63.23560733795166,1.3522391544241072,0.04097352027893066,0.003912349706644579,0.8,0.03,5,5,1000,0.1,1.0,1.0,"{'clf__colsample_bytree': 0.8, 'clf__learning_rate': 0.03, 'clf__max_depth': 5, 'clf__min_child_weight': 5, 'clf__n_estimators': 1000, 'clf__reg_alpha': 0.1, 'clf__reg_lambda': 1.0, 'clf__subsample': 1.0}",0.8277634147302998,0.8401509201811566,0.788775601414828,0.799675592843124,0.8433097109219263,0.819935048018267,0.021898384941224574,700,1.0,1.0,1.0,1.0,1.0,1.0,0.0
81.15478043556213,2.571651680557363,0.048894500732421874,0.0032180908655593133,0.8,0.03,5,5,1000,0.1,10.0,0.8,"{'clf__colsample_bytree': 0.8, 'clf__learning_rate': 0.03, 'clf__max_depth': 5, 'clf__min_child_weight': 5, 'clf__n_estimators': 1000, 'clf__reg_alpha': 0.1, 'clf__reg_lambda': 10.0, 'clf__subsample': 0.8}",0.8227023774437566,0.8332174517900265,0.8039026613197229,0.8032221968691062,0.8451753432394205,0.8216440061324066,0.016388453206831053,486,1.0,1.0,1.0,1.0,1.0,1.0,0.0
86.706871509552,1.8769824419795604,0.04918417930603027,0.003707591412949174,0.8,0.03,5,5,1000,0.1,10.0,1.0,"{'clf__colsample_bytree': 0.8, 'clf__learning_rate': 0.03, 'clf__max_depth': 5, 'clf__min_child_weight': 5, 'clf__n_estimators': 1000, 'clf__reg_alpha': 0.1, 'clf__reg_lambda': 10.0, 'clf__subsample': 1.0}",0.8322611169548928,0.8362607436976301,0.7867877207750058,0.7906432346672069,0.836457478472826,0.8164820589135123,0.02275342166334016,1022,1.0,1.0,1.0,1.0,1.0,1.0,0.0
73.39539361000061,1.3010000919285334,0.034464263916015626,0.0036499691927869716,0.8,0.03,7,1,300,0.0,1.0,0.8,"{'clf__colsample_bytree': 0.8, 'clf__learning_rate': 0.03, 'clf__max_depth': 7, 'clf__min_child_weight': 1, 'clf__n_estimators': 300, 'clf__reg_alpha': 0.0, 'clf__reg_lambda': 1.0, 'clf__subsample': 0.8}",0.8531856444985693,0.8186764812008371,0.7871751794207369,0.8024370038071695,0.8569305898817854,0.8236809797618196,0.027513948437508384,270,1.0,1.0,1.0,1.0,1.0,1.0,0.0
79.93512806892394,2.1892377993790584,0.03292407989501953,0.00163901184435308,0.8,0.03,7,1,300,0.0,1.0,1.0,"{'clf__colsample_bytree': 0.8, 'clf__learning_rate': 0.03, 'clf__max_depth': 7, 'clf__min_child_weight': 1, 'clf__n_estimators': 300, 'clf__reg_alpha': 0.0, 'clf__reg_lambda': 1.0, 'clf__subsample': 1.0}",0.8533819133034379,0.8091835016835017,0.7897798796891439,0.8028035961859492,0.8627762131897568,0.823585020810358,0.029002976713329295,283,1.0,1.0,1.0,1.0,1.0,1.0,0.0
91.43183097839355,1.5073716012942149,0.04237132072448731,0.004181746218092139,0.8,0.03,7,1,300,0.0,10.0,0.8,"{'clf__colsample_bytree': 0.8, 'clf__learning_rate': 0.03, 'clf__max_depth': 7, 'clf__min_child_weight': 1, 'clf__n_estimators': 300, 'clf__reg_alpha': 0.0, 'clf__reg_lambda': 10.0, 'clf__subsample': 0.8}",0.8353033091418196,0.822932929757783,0.7917348008385744,0.7931887678792208,0.8499270924512,0.8186173800137195,0.023007084437511458,848,0.9981581327810707,1.0,1.0,1.0,0.9990802514078543,0.9994476768377851,0.0007366285288155112
101.84352383613586,1.4714404139911879,0.04289169311523437,0.0034331031498627683,0.8,0.03,7,1,300,0.0,10.0,1.0,"{'clf__colsample_bytree': 0.8, 'clf__learning_rate': 0.03, 'clf__max_depth': 7, 'clf__min_child_weight': 1, 'clf__n_estimators': 300, 'clf__reg_alpha': 0.0, 'clf__reg_lambda': 10.0, 'clf__subsample': 1.0}",0.8445071030022486,0.8220430457010925,0.7985891203523131,0.8048996648393786,0.8652192642503205,0.8270516396290706,0.02484903126723181,69,1.0,1.0,1.0,1.0,1.0,1.0,0.0
77.09833769798279,1.490549942593289,0.03463764190673828,0.0030028831202530307,0.8,0.03,7,1,300,0.1,1.0,0.8,"{'clf__colsample_bytree': 0.8, 'clf__learning_rate': 0.03, 'clf__max_depth': 7, 'clf__min_child_weight': 1, 'clf__n_estimators': 300, 'clf__reg_alpha': 0.1, 'clf__reg_lambda': 1.0, 'clf__subsample': 0.8}",0.8472646070852555,0.8209806286662749,0.7985075508621644,0.794197035073454,0.8510838817258732,0.8224067406826044,0.02370352083813315,396,1.0,1.0,1.0,1.0,1.0,1.0,0.0
84.77132859230042,1.0526838953474904,0.03767681121826172,0.0015897330720220763,0.8,0.03,7,1,300,0.1,1.0,1.0,"{'clf__colsample_bytree': 0.8, 'clf__learning_rate': 0.03, 'clf__max_depth': 7, 'clf__min_child_weight': 1, 'clf__n_estimators': 300, 'clf__reg_alpha': 0.1, 'clf__reg_lambda': 1.0, 'clf__subsample': 1.0}",0.8500801566563787,0.8105963212414825,0.7815791103944775,0.798577167612346,0.8607456150539642,0.8203156741917297,0.030292092695633148,661,1.0,1.0,1.0,1.0,1.0,1.0,0.0
93.8381157875061,0.8710795471887792,0.0393064022064209,0.0024141934884386986,0.8,0.03,7,1,300,0.1,10.0,0.8,"{'clf__colsample_bytree': 0.8, 'clf__learning_rate': 0.03, 'clf__max_depth': 7, 'clf__min_child_weight': 1, 'clf__n_estimators': 300, 'clf__reg_alpha': 0.1, 'clf__reg_lambda': 10.0, 'clf__subsample': 0.8}",0.8310940458220681,0.8274168502354923,0.7925525932161004,0.7916609305202456,0.8441262995717631,0.8173701438731339,0.021363745612806094,963,0.9981581327810707,1.0,1.0,0.9990771574058865,0.9990802514078543,0.9992631083189621,0.0006892030224132328
105.18139481544495,1.9605635451473098,0.04072422981262207,0.003938634142537513,0.8,0.03,7,1,300,0.1,10.0,1.0,"{'clf__colsample_bytree': 0.8, 'clf__learning_rate': 0.03, 'clf__max_depth': 7, 'clf__min_child_weight': 1, 'clf__n_estimators': 300, 'clf__reg_alpha': 0.1, 'clf__reg_lambda': 10.0, 'clf__subsample': 1.0}",0.8375626585578042,0.8235501701768748,0.7937947190067612,0.8063214443408723,0.8652192642503205,0.8252896512665266,0.02489879566360678,154,1.0,1.0,1.0,1.0,1.0,1.0,0.0
102.20458750724792,2.316548887805943,0.044760274887084964,0.002398540880240034,0.8,0.03,7,1,600,0.0,1.0,0.8,"{'clf__colsample_bytree': 0.8, 'clf__learning_rate': 0.03, 'clf__max_depth': 7, 'clf__min_child_weight': 1, 'clf__n_estimators': 600, 'clf__reg_alpha': 0.0, 'clf__reg_lambda': 1.0, 'clf__subsample': 0.8}",0.8443939393939393,0.8242229164072121,0.7877623686650111,0.8074814887195189,0.8488976615604316,0.8225516749492225,0.022853423898122855,381,1.0,1.0,1.0,1.0,1.0,1.0,0.0
107.27842226028443,2.3172192109310465,0.04553580284118652,0.0024551413717135468,0.8,0.03,7,1,600,0.0,1.0,1.0,"{'clf__colsample_bytree': 0.8, 'clf__learning_rate': 0.03, 'clf__max_depth': 7, 'clf__min_child_weight': 1, 'clf__n_estimators': 600, 'clf__reg_alpha': 0.0, 'clf__reg_lambda': 1.0, 'clf__subsample': 1.0}",0.8523807377272649,0.8268886237228015,0.7918089544761097,0.808136400099946,0.8619122563664816,0.8282253944785207,0.02626707834902145,32,1.0,1.0,1.0,1.0,1.0,1.0,0.0
145.5763744831085,2.8448847839919096,0.057599353790283206,0.002265601400203189,0.8,0.03,7,1,600,0.0,10.0,0.8,"{'clf__colsample_bytree': 0.8, 'clf__learning_rate': 0.03, 'clf__max_depth': 7, 'clf__min_child_weight': 1, 'clf__n_estimators': 600, 'clf__reg_alpha': 0.0, 'clf__reg_lambda': 10.0, 'clf__subsample': 0.8}",0.827556589009243,0.8289461053127432,0.7905751717892088,0.7901478356146462,0.8471729032476696,0.8168797209947021,0.02273232516483417,1002,1.0,1.0,1.0,1.0,1.0,1.0,0.0
157.83298587799072,2.3925130280383367,0.06042146682739258,0.005660084752076985,0.8,0.03,7,1,600,0.0,10.0,1.0,"{'clf__colsample_bytree': 0.8, 'clf__learning_rate': 0.03, 'clf__max_depth': 7, 'clf__min_child_weight': 1, 'clf__n_estimators': 600, 'clf__reg_alpha': 0.0, 'clf__reg_lambda': 10.0, 'clf__subsample': 1.0}",0.847426335067136,0.823893593668924,0.7959739268486292,0.804679764813758,0.8621715342206842,0.8268290309238264,0.024998342768446646,77,1.0,1.0,1.0,1.0,1.0,1.0,0.0
104.19842066764832,1.347020891447402,0.044661426544189455,0.0008748824983794937,0.8,0.03,7,1,600,0.1,1.0,0.8,"{'clf__colsample_bytree': 0.8, 'clf__learning_rate': 0.03, 'clf__max_depth': 7, 'clf__min_child_weight': 1, 'clf__n_estimators': 600, 'clf__reg_alpha': 0.1, 'clf__reg_lambda': 1.0, 'clf__subsample': 0.8}",0.8424659028914347,0.8197628083491462,0.8025005117621498,0.8044806460595934,0.854843745215071,0.8248107228554791,0.020737535034678196,181,1.0,1.0,1.0,1.0,1.0,1.0,0.0
111.16438970565795,2.7178247794199404,0.04714646339416504,0.0036707862664608682,0.8,0.03,7,1,600,0.1,1.0,1.0,"{'clf__colsample_bytree': 0.8, 'clf__learning_rate': 0.03, 'clf__max_depth': 7, 'clf__min_child_weight': 1, 'clf__n_estimators': 600, 'clf__reg_alpha': 0.1, 'clf__reg_lambda': 1.0, 'clf__subsample': 1.0}",0.8495711464889547,0.8183541417427704,0.7823648765380253,0.808136400099946,0.8607456150539642,0.8238344359847322,0.028358419293682553,252,1.0,1.0,1.0,1.0,1.0,1.0,0.0
146.18519258499146,2.3660483993273553,0.053638029098510745,0.0035099764534189106,0.8,0.03,7,1,600,0.1,10.0,0.8,"{'clf__colsample_bytree': 0.8, 'clf__learning_rate': 0.03, 'clf__max_depth': 7, 'clf__min_child_weight': 1, 'clf__n_estimators': 600, 'clf__reg_alpha': 0.1, 'clf__reg_lambda': 10.0, 'clf__subsample': 0.8}",0.827556589009243,0.8220321858988237,0.7962412277506618,0.7931360227375408,0.8471729032476696,0.8172277857287877,0.0202352423322059,974,1.0,1.0,1.0,1.0,1.0,1.0,0.0
159.44377131462096,3.297948495638936,0.05903439521789551,0.004268230168350384,0.8,0.03,7,1,600,0.1,10.0,1.0,"{'clf__colsample_bytree': 0.8, 'clf__learning_rate': 0.03, 'clf__max_depth': 7, 'clf__min_child_weight': 1, 'clf__n_estimators': 600, 'clf__reg_alpha': 0.1, 'clf__reg_lambda': 10.0, 'clf__subsample': 1.0}",0.8452015747452752,0.8302219570561349,0.7960465999711406,0.8037502462758803,0.8591049781529818,0.8268650712402825,0.02396239113866008,74,1.0,1.0,1.0,1.0,1.0,1.0,0.0
117.19987697601319,2.1930766866529994,0.05327787399291992,0.0032953909504231937,0.8,0.03,7,1,1000,0.0,1.0,0.8,"{'clf__colsample_bytree': 0.8, 'clf__learning_rate': 0.03, 'clf__max_depth': 7, 'clf__min_child_weight': 1, 'clf__n_estimators': 1000, 'clf__reg_alpha': 0.0, 'clf__reg_lambda': 1.0, 'clf__subsample': 0.8}",0.8443939393939393,0.8242229164072121,0.7900874928210591,0.8034725455479315,0.8540122902665317,0.8232378368873347,0.024021782153548707,314,1.0,1.0,1.0,1.0,1.0,1.0,0.0
121.83197774887086,3.1932871987792004,0.059881734848022464,0.0019387678053991893,0.8,0.03,7,1,1000,0.0,1.0,1.0,"{'clf__colsample_bytree': 0.8, 'clf__learning_rate': 0.03, 'clf__max_depth': 7, 'clf__min_child_weight': 1, 'clf__n_estimators': 1000, 'clf__reg_alpha': 0.0, 'clf__reg_lambda': 1.0, 'clf__subsample': 1.0}",0.8452812857068177,0.8339298641317275,0.7977798356319483,0.8050530489765299,0.8619122563664816,0.828791258162701,0.024168316881706002,30,1.0,1.0,1.0,1.0,1.0,1.0,0.0
187.16419372558593,2.624740832562376,0.07333207130432129,0.002079893911862668,0.8,0.03,7,1,1000,0.0,10.0,0.8,"{'clf__colsample_bytree': 0.8, 'clf__learning_rate': 0.03, 'clf__max_depth': 7, 'clf__min_child_weight': 1, 'clf__n_estimators': 1000, 'clf__reg_alpha': 0.0, 'clf__reg_lambda': 10.0, 'clf__subsample': 0.8}",0.8333306518626239,0.8238710508034619,0.7996841662244506,0.7986869234497318,0.850824283382423,0.8212794151445383,0.02000811624275687,533,1.0,1.0,1.0,1.0,1.0,1.0,0.0
199.60538144111632,4.001995675099268,0.07656188011169433,0.0026039941405267193,0.8,0.03,7,1,1000,0.0,10.0,1.0,"{'clf__colsample_bytree': 0.8, 'clf__learning_rate': 0.03, 'clf__max_depth': 7, 'clf__min_child_weight': 1, 'clf__n_estimators': 1000, 'clf__reg_alpha': 0.0, 'clf__reg_lambda': 10.0, 'clf__subsample': 1.0}",0.8351175103539774,0.823893593668924,0.7874870450863849,0.8093796364355696,0.8621715342206842,0.8236098639531079,0.02500746392636942,278,1.0,1.0,1.0,1.0,1.0,1.0,0.0
123.66224565505982,1.534907425554344,0.05463318824768067,0.0024412873609846166,0.8,0.03,7,1,1000,0.1,1.0,0.8,"{'clf__colsample_bytree': 0.8, 'clf__learning_rate': 0.03, 'clf__max_depth': 7, 'clf__min_child_weight': 1, 'clf__n_estimators': 1000, 'clf__reg_alpha': 0.1, 'clf__reg_lambda': 1.0, 'clf__subsample': 0.8}",0.8360512217157643,0.8321364890619336,0.8025005117621498,0.8028129328129388,0.8512258730441917,0.8249454056793957,0.01928384512021013,171,1.0,1.0,1.0,1.0,1.0,1.0,0.0
129.3469458580017,3.5091840532486214,0.05723657608032227,0.004636359669335426,0.8,0.03,7,1,1000,0.1,1.0,1.0,"{'clf__colsample_bytree': 0.8, 'clf__learning_rate': 0.03, 'clf__max_depth': 7, 'clf__min_child_weight': 1, 'clf__n_estimators': 1000, 'clf__reg_alpha': 0.1, 'clf__reg_lambda': 1.0, 'clf__subsample': 1.0}",0.8452812857068177,0.8164637164637165,0.7897798796891439,0.8170349922914901,0.8686914864725426,0.8274502721247421,0.027081446533725347,54,1.0,1.0,1.0,1.0,1.0,1.0,0.0
190.49331135749816,4.611712271260677,0.07568058967590333,0.0037092176134445494,0.8,0.03,7,1,1000,0.1,10.0,0.8,"{'clf__colsample_bytree': 0.8, 'clf__learning_rate': 0.03, 'clf__max_depth': 7, 'clf__min_child_weight': 1, 'clf__n_estimators': 1000, 'clf__reg_alpha': 0.1, 'clf__reg_lambda': 10.0, 'clf__subsample': 0.8}",0.8333306518626239,0.8199765974765975,0.7962412277506618,0.7986869234497318,0.8447200398444024,0.8185910880768035,0.018960952104081222,853,1.0,1.0,1.0,1.0,1.0,1.0,0.0
204.5730577468872,2.709628996290126,0.07992691993713379,0.002156744926793306,0.8,0.03,7,1,1000,0.1,10.0,1.0,"{'clf__colsample_bytree': 0.8, 'clf__learning_rate': 0.03, 'clf__max_depth': 7, 'clf__min_child_weight': 1, 'clf__n_estimators': 1000, 'clf__reg_alpha': 0.1, 'clf__reg_lambda': 10.0, 'clf__subsample': 1.0}",0.8343455269511607,0.8360865636577212,0.7943363601548781,0.8092352092352093,0.8591049781529818,0.8266217276303902,0.02257891820446704,88,1.0,1.0,1.0,1.0,1.0,1.0,0.0
53.85016007423401,1.0225165169771284,0.027057361602783204,0.0015402174169504164,0.8,0.03,7,3,300,0.0,1.0,0.8,"{'clf__colsample_bytree': 0.8, 'clf__learning_rate': 0.03, 'clf__max_depth': 7, 'clf__min_child_weight': 3, 'clf__n_estimators': 300, 'clf__reg_alpha': 0.0, 'clf__reg_lambda': 1.0, 'clf__subsample': 0.8}",0.8429928894634777,0.8292584748136086,0.7816655988391731,0.8058268655509742,0.8527101832285925,0.8224908023791653,0.02578267627152433,388,1.0,1.0,1.0,1.0,1.0,1.0,0.0
58.572424459457395,1.2038210040171862,0.028502416610717774,0.0010029842863169154,0.8,0.03,7,3,300,0.0,1.0,1.0,"{'clf__colsample_bytree': 0.8, 'clf__learning_rate': 0.03, 'clf__max_depth': 7, 'clf__min_child_weight': 3, 'clf__n_estimators': 300, 'clf__reg_alpha': 0.0, 'clf__reg_lambda': 1.0, 'clf__subsample': 1.0}",0.8509200560256898,0.8328765382631955,0.794602609439058,0.8096397845274518,0.8698148026557952,0.831570758182238,0.027152601913240888,6,1.0,1.0,1.0,1.0,1.0,1.0,0.0
59.937004804611206,1.0114982616893093,0.029259109497070314,0.0026733684764500667,0.8,0.03,7,3,300,0.0,10.0,0.8,"{'clf__colsample_bytree': 0.8, 'clf__learning_rate': 0.03, 'clf__max_depth': 7, 'clf__min_child_weight': 3, 'clf__n_estimators': 300, 'clf__reg_alpha': 0.0, 'clf__reg_lambda': 10.0, 'clf__subsample': 0.8}",0.836143632376509,0.8232653871554577,0.7875581783160251,0.7916609305202456,0.850824283382423,0.8178904823501322,0.024717363917701525,921,0.9981581327810707,0.9990795325574398,0.9981519138755981,0.9990771574058865,0.9958174873937601,0.998056844802751,0.001193394070713791
68.28824996948242,0.8864836997132048,0.03202619552612305,0.0018649513629732566,0.8,0.03,7,3,300,0.0,10.0,1.0,"{'clf__colsample_bytree': 0.8, 'clf__learning_rate': 0.03, 'clf__max_depth': 7, 'clf__min_child_weight': 3, 'clf__n_estimators': 300, 'clf__reg_alpha': 0.0, 'clf__reg_lambda': 10.0, 'clf__subsample': 1.0}",0.8337500337500339,0.819022485048438,0.7956999539646263,0.7944171473542966,0.8568578333967504,0.8199494907028291,0.02363675391071183,696,1.0,1.0,1.0,1.0,1.0,1.0,0.0
53.53448090553284,0.9254014492580385,0.026825428009033203,0.0017137321418920354,0.8,0.03,7,3,300,0.1,1.0,0.8,"{'clf__colsample_bytree': 0.8, 'clf__learning_rate': 0.03, 'clf__max_depth': 7, 'clf__min_child_weight': 3, 'clf__n_estimators': 300, 'clf__reg_alpha': 0.1, 'clf__reg_lambda': 1.0, 'clf__subsample': 0.8}",0.8371234790195992,0.8327532303243879,0.7907028977006176,0.7913841739017332,0.8457422072359403,0.8195411976364557,0.023641712540348626,752,1.0,1.0,1.0,1.0,1.0,1.0,0.0
58.12131848335266,0.8081244425712701,0.029027175903320313,0.0003631760777120353,0.8,0.03,7,3,300,0.1,1.0,1.0,"{'clf__colsample_bytree': 0.8, 'clf__learning_rate': 0.03, 'clf__max_depth': 7, 'clf__min_child_weight': 3, 'clf__n_estimators': 300, 'clf__reg_alpha': 0.1, 'clf__reg_lambda': 1.0, 'clf__subsample': 1.0}",0.8467105596582511,0.8251795341792632,0.7802594786773647,0.7953191670933606,0.8718466349131825,0.8238630749042845,0.033293215323160694,250,1.0,1.0,1.0,1.0,1.0,1.0,0.0
61.08598170280457,0.9414208382063869,0.028558063507080077,0.0009828424188963337,0.8,0.03,7,3,300,0.1,10.0,0.8,"{'clf__colsample_bytree': 0.8, 'clf__learning_rate': 0.03, 'clf__max_depth': 7, 'clf__min_child_weight': 3, 'clf__n_estimators': 300, 'clf__reg_alpha': 0.1, 'clf__reg_lambda': 10.0, 'clf__subsample': 0.8}",0.8353033091418196,0.8217553668342829,0.7891432942376339,0.7890693590869183,0.850824283382423,0.8172191225366155,0.0247288635805221,975,0.9981581327810707,0.9990795325574398,0.9981519138755981,0.9990771574058865,0.9958174873937601,0.998056844802751,0.001193394070713791
68.41509923934936,1.072163069224342,0.030819225311279296,0.0007044012971117479,0.8,0.03,7,3,300,0.1,10.0,1.0,"{'clf__colsample_bytree': 0.8, 'clf__learning_rate': 0.03, 'clf__max_depth': 7, 'clf__min_child_weight': 3, 'clf__n_estimators': 300, 'clf__reg_alpha': 0.1, 'clf__reg_lambda': 10.0, 'clf__subsample': 1.0}",0.8328375659361575,0.8266667476996754,0.7880656159177286,0.8065515854932293,0.8555006863162247,0.8219244402726031,0.023029089172718783,454,1.0,1.0,1.0,0.9990771574058865,1.0,0.9998154314811772,0.000369137037645384
70.6799620628357,1.0473216444362794,0.035798835754394534,0.00197031367193041,0.8,0.03,7,3,600,0.0,1.0,0.8,"{'clf__colsample_bytree': 0.8, 'clf__learning_rate': 0.03, 'clf__max_depth': 7, 'clf__min_child_weight': 3, 'clf__n_estimators': 600, 'clf__reg_alpha': 0.0, 'clf__reg_lambda': 1.0, 'clf__subsample': 0.8}",0.8438658727845554,0.841686372461277,0.7937830687830687,0.8037409389798645,0.8466662502044573,0.8259485006426447,0.022475447859727347,118,1.0,1.0,1.0,1.0,1.0,1.0,0.0
74.92758975028991,1.1432796743439708,0.04072370529174805,0.0021259250374265713,0.8,0.03,7,3,600,0.0,1.0,1.0,"{'clf__colsample_bytree': 0.8, 'clf__learning_rate': 0.03, 'clf__max_depth': 7, 'clf__min_child_weight': 3, 'clf__n_estimators': 600, 'clf__reg_alpha': 0.0, 'clf__reg_lambda': 1.0, 'clf__subsample': 1.0}",0.8352618437569894,0.8284185647602247,0.8013009152878493,0.8017063875284541,0.8688036614842138,0.8270982745635462,0.02497189620026656,65,1.0,1.0,1.0,1.0,1.0,1.0,0.0
91.1166337966919,1.3044095493851597,0.04177708625793457,0.002204356090554927,0.8,0.03,7,3,600,0.0,10.0,0.8,"{'clf__colsample_bytree': 0.8, 'clf__learning_rate': 0.03, 'clf__max_depth': 7, 'clf__min_child_weight': 3, 'clf__n_estimators': 600, 'clf__reg_alpha': 0.0, 'clf__reg_lambda': 10.0, 'clf__subsample': 0.8}",0.8419699758084862,0.8252602977977093,0.7957674655787863,0.7957093874525066,0.8466554705672615,0.82107251944095,0.02187401551503459,560,1.0,1.0,1.0,1.0,1.0,1.0,0.0
100.16915583610535,1.4689396936706014,0.04426140785217285,0.00438579159764231,0.8,0.03,7,3,600,0.0,10.0,1.0,"{'clf__colsample_bytree': 0.8, 'clf__learning_rate': 0.03, 'clf__max_depth': 7, 'clf__min_child_weight': 3, 'clf__n_estimators': 600, 'clf__reg_alpha': 0.0, 'clf__reg_lambda': 10.0, 'clf__subsample': 1.0}",0.8447369623840212,0.8222419404294717,0.7853862539444979,0.7967947133842284,0.8607146577638078,0.8219749055812053,0.0282549905126273,445,1.0,1.0,1.0,1.0,1.0,1.0,0.0
70.54340424537659,1.38402885035023,0.038012456893920896,0.0017471508257729644,0.8,0.03,7,3,600,0.1,1.0,0.8,"{'clf__colsample_bytree': 0.8, 'clf__learning_rate': 0.03, 'clf__max_depth': 7, 'clf__min_child_weight': 3, 'clf__n_estimators': 600, 'clf__reg_alpha': 0.1, 'clf__reg_lambda': 1.0, 'clf__subsample': 0.8}",0.8302509569940763,0.8398102943381581,0.7916041435041611,0.8138166894664842,0.8494514722694555,0.8249867113144671,0.02042126659399149,170,1.0,1.0,1.0,1.0,1.0,1.0,0.0
75.62945685386657,0.7908744581154956,0.03906879425048828,0.0014543591061461866,0.8,0.03,7,3,600,0.1,1.0,1.0,"{'clf__colsample_bytree': 0.8, 'clf__learning_rate': 0.03, 'clf__max_depth': 7, 'clf__min_child_weight': 3, 'clf__n_estimators': 600, 'clf__reg_alpha': 0.1, 'clf__reg_lambda': 1.0, 'clf__subsample': 1.0}",0.8417233593289931,0.8285196001283177,0.7843665597186724,0.808136400099946,0.8628065596375456,0.825110495782695,0.027043634031071028,163,1.0,1.0,1.0,1.0,1.0,1.0,0.0
90.26601943969726,1.58389543171579,0.038727855682373045,0.0016881592094172419,0.8,0.03,7,3,600,0.1,10.0,0.8,"{'clf__colsample_bytree': 0.8, 'clf__learning_rate': 0.03, 'clf__max_depth': 7, 'clf__min_child_weight': 3, 'clf__n_estimators': 600, 'clf__reg_alpha': 0.1, 'clf__reg_lambda': 10.0, 'clf__subsample': 0.8}",0.8325445349757277,0.8212039442697175,0.7923653766270146,0.7940412939369296,0.8494231746834173,0.8179156648985615,0.02209227291780059,916,1.0,1.0,1.0,1.0,1.0,1.0,0.0
99.47271018028259,1.5251299743241236,0.04559426307678223,0.0016816150159804674,0.8,0.03,7,3,600,0.1,10.0,1.0,"{'clf__colsample_bytree': 0.8, 'clf__learning_rate': 0.03, 'clf__max_depth': 7, 'clf__min_child_weight': 3, 'clf__n_estimators': 600, 'clf__reg_alpha': 0.1, 'clf__reg_lambda': 10.0, 'clf__subsample': 1.0}",0.8444481162193371,0.8391071947523561,0.7833033123142202,0.7952172310300969,0.864627772192252,0.8253407253016525,0.030895466075160333,146,1.0,1.0,1.0,1.0,1.0,1.0,0.0
81.6907642841339,1.5223498607158847,0.04902338981628418,0.001139209727633386,0.8,0.03,7,3,1000,0.0,1.0,0.8,"{'clf__colsample_bytree': 0.8, 'clf__learning_rate': 0.03, 'clf__max_depth': 7, 'clf__min_child_weight': 3, 'clf__n_estimators': 1000, 'clf__reg_alpha': 0.0, 'clf__reg_lambda': 1.0, 'clf__subsample': 0.8}",0.8252630110275916,0.8443361685789254,0.7973639946144165,0.8040075398182106,0.8561441883624983,0.8254229804803284,0.02257190587697169,141,1.0,1.0,1.0,1.0,1.0,1.0,0.0
87.49105124473571,1.6872139102700479,0.04899306297302246,0.0018608767119249914,0.8,0.03,7,3,1000,0.0,1.0,1.0,"{'clf__colsample_bytree': 0.8, 'clf__learning_rate': 0.03, 'clf__max_depth': 7, 'clf__min_child_weight': 3, 'clf__n_estimators': 1000, 'clf__reg_alpha': 0.0, 'clf__reg_lambda': 1.0, 'clf__subsample': 1.0}",0.8272934788597561,0.8267703326438868,0.7944014572535699,0.7903277687917722,0.8688036614842138,0.8215193398066397,0.028301994066240132,501,1.0,1.0,1.0,1.0,1.0,1.0,0.0
114.45216269493103,2.181170327527825,0.052602624893188475,0.0016381559168300228,0.8,0.03,7,3,1000,0.0,10.0,0.8,"{'clf__colsample_bytree': 0.8, 'clf__learning_rate': 0.03, 'clf__max_depth': 7, 'clf__min_child_weight': 3, 'clf__n_estimators': 1000, 'clf__reg_alpha': 0.0, 'clf__reg_lambda': 10.0, 'clf__subsample': 0.8}",0.8347695580203531,0.8376788510581182,0.7988702947723622,0.7991905082632554,0.8392626657609384,0.8219543755750054,0.018773030554372152,448,1.0,1.0,1.0,1.0,1.0,1.0,0.0
124.34277281761169,1.5333786959324192,0.05403890609741211,0.001459614738990115,0.8,0.03,7,3,1000,0.0,10.0,1.0,"{'clf__colsample_bytree': 0.8, 'clf__learning_rate': 0.03, 'clf__max_depth': 7, 'clf__min_child_weight': 3, 'clf__n_estimators': 1000, 'clf__reg_alpha': 0.0, 'clf__reg_lambda': 10.0, 'clf__subsample': 1.0}",0.8317830843854572,0.8361399703971262,0.7881181443942342,0.7994201859445305,0.8643715199672299,0.8239665810177156,0.027311111822228302,239,1.0,1.0,1.0,1.0,1.0,1.0,0.0
83.30157594680786,1.3395767778302061,0.04597816467285156,0.002037283918603086,0.8,0.03,7,3,1000,0.1,1.0,0.8,"{'clf__colsample_bytree': 0.8, 'clf__learning_rate': 0.03, 'clf__max_depth': 7, 'clf__min_child_weight': 3, 'clf__n_estimators': 1000, 'clf__reg_alpha': 0.1, 'clf__reg_lambda': 1.0, 'clf__subsample': 0.8}",0.824933769316964,0.8387533799079013,0.7916041435041611,0.8040075398182106,0.8494514722694555,0.8217500609633385,0.021401824400751397,473,1.0,1.0,1.0,1.0,1.0,1.0,0.0
88.64813871383667,1.776814416499455,0.04819598197937012,0.003410202687413787,0.8,0.03,7,3,1000,0.1,1.0,1.0,"{'clf__colsample_bytree': 0.8, 'clf__learning_rate': 0.03, 'clf__max_depth': 7, 'clf__min_child_weight': 3, 'clf__n_estimators': 1000, 'clf__reg_alpha': 0.1, 'clf__reg_lambda': 1.0, 'clf__subsample': 1.0}",0.8362141632131527,0.819525055008926,0.7879997869316961,0.8008707455939973,0.8628065596375456,0.8214832620770636,0.026360834159981326,505,1.0,1.0,1.0,1.0,1.0,1.0,0.0
115.3106840133667,1.7997979556254888,0.05842142105102539,0.0030906452856082657,0.8,0.03,7,3,1000,0.1,10.0,0.8,"{'clf__colsample_bytree': 0.8, 'clf__learning_rate': 0.03, 'clf__max_depth': 7, 'clf__min_child_weight': 3, 'clf__n_estimators': 1000, 'clf__reg_alpha': 0.1, 'clf__reg_lambda': 10.0, 'clf__subsample': 0.8}",0.8310370738809725,0.8312223943786226,0.7937830687830687,0.8044198942396056,0.8392626657609384,0.8199450194086415,0.017600349378761013,697,1.0,1.0,1.0,1.0,1.0,1.0,0.0
125.9370913028717,2.9541366153095123,0.05688343048095703,0.00232332207058159,0.8,0.03,7,3,1000,0.1,10.0,1.0,"{'clf__colsample_bytree': 0.8, 'clf__learning_rate': 0.03, 'clf__max_depth': 7, 'clf__min_child_weight': 3, 'clf__n_estimators': 1000, 'clf__reg_alpha': 0.1, 'clf__reg_lambda': 10.0, 'clf__subsample': 1.0}",0.83453384422762,0.8361399703971262,0.7857253026657112,0.8020699703566476,0.8615678283270995,0.8240073831948409,0.026890745115378215,237,1.0,1.0,1.0,1.0,1.0,1.0,0.0
42.14554953575134,0.8396874160200262,0.022827816009521485,0.000601261336298014,0.8,0.03,7,5,300,0.0,1.0,0.8,"{'clf__colsample_bytree': 0.8, 'clf__learning_rate': 0.03, 'clf__max_depth': 7, 'clf__min_child_weight': 5, 'clf__n_estimators': 300, 'clf__reg_alpha': 0.0, 'clf__reg_lambda': 1.0, 'clf__subsample': 0.8}",0.8347789148845486,0.8220453723549699,0.7952713519584972,0.7995610023779037,0.8514511879019115,0.8206215658955662,0.021161777007711224,616,0.9990802514078543,1.0,0.9990771574058865,1.0,0.9990825960013635,0.9994480009630209,0.0004507086284616388
46.28890314102173,1.0143790848317888,0.026563692092895507,0.0022337141069640066,0.8,0.03,7,5,300,0.0,1.0,1.0,"{'clf__colsample_bytree': 0.8, 'clf__learning_rate': 0.03, 'clf__max_depth': 7, 'clf__min_child_weight': 5, 'clf__n_estimators': 300, 'clf__reg_alpha': 0.0, 'clf__reg_lambda': 1.0, 'clf__subsample': 1.0}",0.8520690774946095,0.8292788079714608,0.7937274485638971,0.7993935624515264,0.858215640958045,0.8265369074879079,0.026367304194533103,93,1.0,1.0,1.0,1.0,1.0,1.0,0.0
46.01254577636719,0.6432567216934036,0.025296115875244142,0.0015940263071534213,0.8,0.03,7,5,300,0.0,10.0,0.8,"{'clf__colsample_bytree': 0.8, 'clf__learning_rate': 0.03, 'clf__max_depth': 7, 'clf__min_child_weight': 5, 'clf__n_estimators': 300, 'clf__reg_alpha': 0.0, 'clf__reg_lambda': 10.0, 'clf__subsample': 0.8}",0.8287629037629037,0.8236187105469935,0.8008877150362279,0.8029662692611998,0.8410746139619378,0.8194620425138526,0.015414300698762843,763,0.9952761117374538,0.9954937249124116,0.9948671371500952,0.9971130493246955,0.9947818326430256,0.9955063711535364,0.0008447686353265065
52.22952241897583,1.0513022482571293,0.0300386905670166,0.004229142892905783,0.8,0.03,7,5,300,0.0,10.0,1.0,"{'clf__colsample_bytree': 0.8, 'clf__learning_rate': 0.03, 'clf__max_depth': 7, 'clf__min_child_weight': 5, 'clf__n_estimators': 300, 'clf__reg_alpha': 0.0, 'clf__reg_lambda': 10.0, 'clf__subsample': 1.0}",0.8310616920839962,0.8361302053527158,0.7888764757806466,0.7944693778199925,0.84971523713565,0.8200505976346001,0.024025043195123174,687,0.9981581327810707,0.9990795325574398,0.9981519138755981,0.9990771574058865,0.9947818326430256,0.9978497138526041,0.0015885473822758599
42.03487787246704,0.5250843452953308,0.023420047760009766,0.0017262712154549242,0.8,0.03,7,5,300,0.1,1.0,0.8,"{'clf__colsample_bytree': 0.8, 'clf__learning_rate': 0.03, 'clf__max_depth': 7, 'clf__min_child_weight': 5, 'clf__n_estimators': 300, 'clf__reg_alpha': 0.1, 'clf__reg_lambda': 1.0, 'clf__subsample': 0.8}",0.8284007088801609,0.8230961416824794,0.7913800744926572,0.8168141421042301,0.8535399960509326,0.8226462126420919,0.01999663450656546,370,0.9990802514078543,1.0,0.9990771574058865,1.0,0.9981628558539307,0.9992640529335344,0.0006876894817435309
46.93756504058838,0.7408435639150496,0.025884580612182618,0.003487273174878702,0.8,0.03,7,5,300,0.1,1.0,1.0,"{'clf__colsample_bytree': 0.8, 'clf__learning_rate': 0.03, 'clf__max_depth': 7, 'clf__min_child_weight': 5, 'clf__n_estimators': 300, 'clf__reg_alpha': 0.1, 'clf__reg_lambda': 1.0, 'clf__subsample': 1.0}",0.8519574175824176,0.8308768879370386,0.7899798450741847,0.800635892041072,0.8629597401473347,0.8272819565564096,0.028270714266272867,59,1.0,1.0,1.0,1.0,1.0,1.0,0.0
46.58723545074463,0.31883024307347585,0.027611398696899415,0.002304917862649145,0.8,0.03,7,5,300,0.1,10.0,0.8,"{'clf__colsample_bytree': 0.8, 'clf__learning_rate': 0.03, 'clf__max_depth': 7, 'clf__min_child_weight': 5, 'clf__n_estimators': 300, 'clf__reg_alpha': 0.1, 'clf__reg_lambda': 10.0, 'clf__subsample': 0.8}",0.8238241210843951,0.8293011611803558,0.8071867950207514,0.796566584366413,0.8471729032476696,0.820810312979917,0.017604103650841495,595,0.996193433621131,0.9954937249124116,0.9948671371500952,0.9971130493246955,0.9947818326430256,0.9956898355302718,0.0008739461979075163
53.27902488708496,1.0655658458467565,0.02639327049255371,0.0011665732012872034,0.8,0.03,7,5,300,0.1,10.0,1.0,"{'clf__colsample_bytree': 0.8, 'clf__learning_rate': 0.03, 'clf__max_depth': 7, 'clf__min_child_weight': 5, 'clf__n_estimators': 300, 'clf__reg_alpha': 0.1, 'clf__reg_lambda': 10.0, 'clf__subsample': 1.0}",0.832892910464278,0.8361302053527158,0.7838270814663082,0.7871015365210411,0.8524884226618958,0.8184880312932478,0.027789447492489537,862,0.9981581327810707,0.9990795325574398,0.9981519138755981,0.9990771574058865,0.9947818326430256,0.9978497138526041,0.0015885473822758599
58.04870820045471,0.6587495987138241,0.03411712646484375,0.0022507806858500998,0.8,0.03,7,5,600,0.0,1.0,0.8,"{'clf__colsample_bytree': 0.8, 'clf__learning_rate': 0.03, 'clf__max_depth': 7, 'clf__min_child_weight': 5, 'clf__n_estimators': 600, 'clf__reg_alpha': 0.0, 'clf__reg_lambda': 1.0, 'clf__subsample': 0.8}",0.8337305603575638,0.8246872163487518,0.7964192280964987,0.8095907416630946,0.8363445366671949,0.8201544566266208,0.01511243423237859,678,1.0,1.0,1.0,1.0,1.0,1.0,0.0
61.907640886306766,1.5200524755326978,0.035399246215820315,0.002386705771021301,0.8,0.03,7,5,600,0.0,1.0,1.0,"{'clf__colsample_bytree': 0.8, 'clf__learning_rate': 0.03, 'clf__max_depth': 7, 'clf__min_child_weight': 5, 'clf__n_estimators': 600, 'clf__reg_alpha': 0.0, 'clf__reg_lambda': 1.0, 'clf__subsample': 1.0}",0.8350145977881311,0.8280005755381016,0.7937274485638971,0.8051059217035084,0.8481145243037351,0.8219926135794747,0.019860019211394016,440,1.0,1.0,1.0,1.0,1.0,1.0,0.0
70.10151629447937,0.7851988129022865,0.03595600128173828,0.00194094453176242,0.8,0.03,7,5,600,0.0,10.0,0.8,"{'clf__colsample_bytree': 0.8, 'clf__learning_rate': 0.03, 'clf__max_depth': 7, 'clf__min_child_weight': 5, 'clf__n_estimators': 600, 'clf__reg_alpha': 0.0, 'clf__reg_lambda': 10.0, 'clf__subsample': 0.8}",0.8375425549737476,0.8182111986400376,0.8051849422213251,0.8075535069969548,0.837170592263943,0.8211325590192017,0.013955342771909213,554,1.0,1.0,1.0,1.0,1.0,1.0,0.0
77.6416145324707,1.2967597320511075,0.036004257202148435,0.0007750281871146388,0.8,0.03,7,5,600,0.0,10.0,1.0,"{'clf__colsample_bytree': 0.8, 'clf__learning_rate': 0.03, 'clf__max_depth': 7, 'clf__min_child_weight': 5, 'clf__n_estimators': 600, 'clf__reg_alpha': 0.0, 'clf__reg_lambda': 10.0, 'clf__subsample': 1.0}",0.8250335938571233,0.8451943426943427,0.7767936565803863,0.7849188535429605,0.8474288654096513,0.815873862416893,0.029748225225177425,1069,1.0,1.0,1.0,1.0,1.0,1.0,0.0
57.53195905685425,0.9004291277639986,0.03318471908569336,0.0006453999549992439,0.8,0.03,7,5,600,0.1,1.0,0.8,"{'clf__colsample_bytree': 0.8, 'clf__learning_rate': 0.03, 'clf__max_depth': 7, 'clf__min_child_weight': 5, 'clf__n_estimators': 600, 'clf__reg_alpha': 0.1, 'clf__reg_lambda': 1.0, 'clf__subsample': 0.8}",0.8332832435427457,0.8267730844544336,0.8002889738871047,0.8138962406442983,0.8444792813772044,0.8237441647811574,0.015344321607294289,264,1.0,1.0,1.0,1.0,1.0,1.0,0.0
62.36733837127686,1.517019502935266,0.0346376895904541,0.0016495704127094078,0.8,0.03,7,5,600,0.1,1.0,1.0,"{'clf__colsample_bytree': 0.8, 'clf__learning_rate': 0.03, 'clf__max_depth': 7, 'clf__min_child_weight': 5, 'clf__n_estimators': 600, 'clf__reg_alpha': 0.1, 'clf__reg_lambda': 1.0, 'clf__subsample': 1.0}",0.8337974074617713,0.8283439768514395,0.7908621336242586,0.8156085345376642,0.8496426529445398,0.8236509410839347,0.019699394141950512,273,1.0,1.0,1.0,1.0,1.0,1.0,0.0
70.25822143554687,0.6305217747982084,0.0343224048614502,0.0035473059256220713,0.8,0.03,7,5,600,0.1,10.0,0.8,"{'clf__colsample_bytree': 0.8, 'clf__learning_rate': 0.03, 'clf__max_depth': 7, 'clf__min_child_weight': 5, 'clf__n_estimators': 600, 'clf__reg_alpha': 0.1, 'clf__reg_lambda': 10.0, 'clf__subsample': 0.8}",0.832337808117594,0.8376788510581182,0.791351148024435,0.8077587494769309,0.8393672859446861,0.8216987685243529,0.01895273547609763,477,1.0,1.0,1.0,1.0,1.0,1.0,0.0
77.17092289924622,0.926974499386877,0.03263311386108399,0.0017140419251145808,0.8,0.03,7,5,600,0.1,10.0,1.0,"{'clf__colsample_bytree': 0.8, 'clf__learning_rate': 0.03, 'clf__max_depth': 7, 'clf__min_child_weight': 5, 'clf__n_estimators': 600, 'clf__reg_alpha': 0.1, 'clf__reg_lambda': 10.0, 'clf__subsample': 1.0}",0.8250335938571233,0.8468404538425576,0.785898874200761,0.778496688392784,0.8457656869848704,0.8164070594556193,0.02908774037892657,1026,1.0,1.0,1.0,1.0,1.0,1.0,0.0
68.0605486869812,1.112634582921348,0.038053464889526364,0.0028223533903791163,0.8,0.03,7,5,1000,0.0,1.0,0.8,"{'clf__colsample_bytree': 0.8, 'clf__learning_rate': 0.03, 'clf__max_depth': 7, 'clf__min_child_weight': 5, 'clf__n_estimators': 1000, 'clf__reg_alpha': 0.0, 'clf__reg_lambda': 1.0, 'clf__subsample': 0.8}",0.829558979820477,0.8246872163487518,0.799771770016321,0.8111974611424859,0.8476819766824034,0.8225794808020878,0.0163280941810266,377,1.0,1.0,1.0,1.0,1.0,1.0,0.0
71.09202737808228,2.2954512134573597,0.03686065673828125,0.0019103661652552192,0.8,0.03,7,5,1000,0.0,1.0,1.0,"{'clf__colsample_bytree': 0.8, 'clf__learning_rate': 0.03, 'clf__max_depth': 7, 'clf__min_child_weight': 5, 'clf__n_estimators': 1000, 'clf__reg_alpha': 0.0, 'clf__reg_lambda': 1.0, 'clf__subsample': 1.0}",0.8284554388330194,0.8268039040487425,0.7991174670906319,0.8015080713678845,0.8530654371198227,0.8217900636920202,0.019865148643929288,466,1.0,1.0,1.0,1.0,1.0,1.0,0.0
83.92522058486938,1.4044477870916485,0.04000997543334961,0.0021439886828661324,0.8,0.03,7,5,1000,0.0,10.0,0.8,"{'clf__colsample_bytree': 0.8, 'clf__learning_rate': 0.03, 'clf__max_depth': 7, 'clf__min_child_weight': 5, 'clf__n_estimators': 1000, 'clf__reg_alpha': 0.0, 'clf__reg_lambda': 10.0, 'clf__subsample': 0.8}",0.8289954951669722,0.8305610126056591,0.7973686004189519,0.8007607865714574,0.8374626547161759,0.8190297098958433,0.016583235487728238,812,1.0,1.0,1.0,1.0,1.0,1.0,0.0
88.06830191612244,2.5335358944405493,0.037660837173461914,0.0015197270777790408,0.8,0.03,7,5,1000,0.0,10.0,1.0,"{'clf__colsample_bytree': 0.8, 'clf__learning_rate': 0.03, 'clf__max_depth': 7, 'clf__min_child_weight': 5, 'clf__n_estimators': 1000, 'clf__reg_alpha': 0.0, 'clf__reg_lambda': 10.0, 'clf__subsample': 1.0}",0.8307657010819782,0.8392708238482786,0.7836646185507847,0.7927578247509045,0.850483735452919,0.8193885407369729,0.0263706266287024,771,1.0,1.0,1.0,1.0,1.0,1.0,0.0
63.223938417434695,2.2946980270056003,0.03399653434753418,0.0015232508752260198,0.8,0.03,7,5,1000,0.1,1.0,0.8,"{'clf__colsample_bytree': 0.8, 'clf__learning_rate': 0.03, 'clf__max_depth': 7, 'clf__min_child_weight': 5, 'clf__n_estimators': 1000, 'clf__reg_alpha': 0.1, 'clf__reg_lambda': 1.0, 'clf__subsample': 0.8}",0.8332832435427457,0.8250032153588926,0.8029192010772506,0.8109308603041399,0.8497188488229539,0.8243710738211967,0.016511561120715508,211,1.0,1.0,1.0,1.0,1.0,1.0,0.0
65.4503128528595,1.8796349964759258,0.034864282608032225,0.0013581099414287621,0.8,0.03,7,5,1000,0.1,1.0,1.0,"{'clf__colsample_bytree': 0.8, 'clf__learning_rate': 0.03, 'clf__max_depth': 7, 'clf__min_child_weight': 5, 'clf__n_estimators': 1000, 'clf__reg_alpha': 0.1, 'clf__reg_lambda': 1.0, 'clf__subsample': 1.0}",0.8322804048025643,0.829813530126039,0.7984353032472571,0.8063641898525489,0.8526936714753351,0.823917419900749,0.01944340732077501,246,1.0,1.0,1.0,1.0,1.0,1.0,0.0
76.4704930305481,1.2501080508328253,0.036202526092529295,0.0014413499206751463,0.8,0.03,7,5,1000,0.1,10.0,0.8,"{'clf__colsample_bytree': 0.8, 'clf__learning_rate': 0.03, 'clf__max_depth': 7, 'clf__min_child_weight': 5, 'clf__n_estimators': 1000, 'clf__reg_alpha': 0.1, 'clf__reg_lambda': 10.0, 'clf__subsample': 0.8}",0.8285490703253862,0.844432589069163,0.7910562473942756,0.8007607865714574,0.842397899622791,0.8214393185966145,0.02176802185638919,510,1.0,1.0,1.0,1.0,1.0,1.0,0.0
82.50617461204529,1.4117041409198514,0.03533315658569336,0.0014993716993712777,0.8,0.03,7,5,1000,0.1,10.0,1.0,"{'clf__colsample_bytree': 0.8, 'clf__learning_rate': 0.03, 'clf__max_depth': 7, 'clf__min_child_weight': 5, 'clf__n_estimators': 1000, 'clf__reg_alpha': 0.1, 'clf__reg_lambda': 10.0, 'clf__subsample': 1.0}",0.82936700069053,0.841488374867642,0.7878867984583631,0.7930434335138774,0.8446418449842512,0.8192854905029329,0.024133267708638675,782,1.0,1.0,1.0,1.0,1.0,1.0,0.0
17.588444852828978,0.9593883413508576,0.015130853652954102,0.0010375744561974599,0.8,0.1,3,1,300,0.0,1.0,0.8,"{'clf__colsample_bytree': 0.8, 'clf__learning_rate': 0.1, 'clf__max_depth': 3, 'clf__min_child_weight': 1, 'clf__n_estimators': 300, 'clf__reg_alpha': 0.0, 'clf__reg_lambda': 1.0, 'clf__subsample': 0.8}",0.8191380217115511,0.8411066545875951,0.7865455727117319,0.8022687581920637,0.842530196050846,0.8183178406507576,0.021786651644507816,876,1.0,1.0,1.0,1.0,1.0,1.0,0.0
17.461880207061768,0.4886266143723826,0.014125537872314454,0.0009652929821934144,0.8,0.1,3,1,300,0.0,1.0,1.0,"{'clf__colsample_bytree': 0.8, 'clf__learning_rate': 0.1, 'clf__max_depth': 3, 'clf__min_child_weight': 1, 'clf__n_estimators': 300, 'clf__reg_alpha': 0.0, 'clf__reg_lambda': 1.0, 'clf__subsample': 1.0}",0.8382618357275696,0.820199110009548,0.7794901289475819,0.7976979424264808,0.8461413197394505,0.8163580673701262,0.024855647024168315,1032,1.0,1.0,1.0,1.0,1.0,1.0,0.0
19.31501703262329,0.7466873135783423,0.014825677871704102,0.0012600695562864658,0.8,0.1,3,1,300,0.0,10.0,0.8,"{'clf__colsample_bytree': 0.8, 'clf__learning_rate': 0.1, 'clf__max_depth': 3, 'clf__min_child_weight': 1, 'clf__n_estimators': 300, 'clf__reg_alpha': 0.0, 'clf__reg_lambda': 10.0, 'clf__subsample': 0.8}",0.8224086762041555,0.8314127591153988,0.7842217320401972,0.7982406814314525,0.8246056467636582,0.8121778991109725,0.017915863724501463,1193,1.0,1.0,1.0,1.0,1.0,1.0,0.0
20.26242651939392,0.7640850476992589,0.014435148239135743,0.0009696860912233825,0.8,0.1,3,1,300,0.0,10.0,1.0,"{'clf__colsample_bytree': 0.8, 'clf__learning_rate': 0.1, 'clf__max_depth': 3, 'clf__min_child_weight': 1, 'clf__n_estimators': 300, 'clf__reg_alpha': 0.0, 'clf__reg_lambda': 10.0, 'clf__subsample': 1.0}",0.8161428955143701,0.821837946341422,0.7934408098518233,0.799590155696982,0.8515126147316955,0.8165048844272584,0.020357668581945376,1020,1.0,1.0,1.0,1.0,1.0,1.0,0.0
16.887990856170653,0.4851753796281952,0.013617229461669923,0.001171452654476665,0.8,0.1,3,1,300,0.1,1.0,0.8,"{'clf__colsample_bytree': 0.8, 'clf__learning_rate': 0.1, 'clf__max_depth': 3, 'clf__min_child_weight': 1, 'clf__n_estimators': 300, 'clf__reg_alpha': 0.1, 'clf__reg_lambda': 1.0, 'clf__subsample': 0.8}",0.8131027273348538,0.8275956450956452,0.7990885063141889,0.8081620122796593,0.8435273762706318,0.8182952534589958,0.015631387311493397,880,1.0,1.0,1.0,1.0,1.0,1.0,0.0
17.214725017547607,0.5974447602803532,0.01309967041015625,0.0009202381718883833,0.8,0.1,3,1,300,0.1,1.0,1.0,"{'clf__colsample_bytree': 0.8, 'clf__learning_rate': 0.1, 'clf__max_depth': 3, 'clf__min_child_weight': 1, 'clf__n_estimators': 300, 'clf__reg_alpha': 0.1, 'clf__reg_lambda': 1.0, 'clf__subsample': 1.0}",0.8128557543545594,0.8338559616600378,0.7894077164611061,0.7891682604842095,0.8484665242599423,0.8147508434439711,0.023673135296169982,1119,1.0,1.0,1.0,1.0,1.0,1.0,0.0
18.609062051773073,0.6571746358587353,0.013091087341308594,0.0012511627326306065,0.8,0.1,3,1,300,0.1,10.0,0.8,"{'clf__colsample_bytree': 0.8, 'clf__learning_rate': 0.1, 'clf__max_depth': 3, 'clf__min_child_weight': 1, 'clf__n_estimators': 300, 'clf__reg_alpha': 0.1, 'clf__reg_lambda': 10.0, 'clf__subsample': 0.8}",0.8244937480867125,0.8254125630978857,0.7833529480588304,0.8090140813575348,0.8456936376812901,0.8175933956564506,0.020709373387519645,949,1.0,1.0,1.0,1.0,1.0,1.0,0.0
19.290786361694337,0.4866143652568926,0.014026260375976563,0.0005844365012236265,0.8,0.1,3,1,300,0.1,10.0,1.0,"{'clf__colsample_bytree': 0.8, 'clf__learning_rate': 0.1, 'clf__max_depth': 3, 'clf__min_child_weight': 1, 'clf__n_estimators': 300, 'clf__reg_alpha': 0.1, 'clf__reg_lambda': 10.0, 'clf__subsample': 1.0}",0.8144425784960694,0.8142499040556099,0.7918644691357046,0.8038064705755663,0.8386337698887559,0.8125994384303412,0.0154347844294199,1175,1.0,1.0,1.0,1.0,1.0,1.0,0.0
23.07588529586792,0.5279087949163833,0.020236444473266602,0.000534811496827939,0.8,0.1,3,1,600,0.0,1.0,0.8,"{'clf__colsample_bytree': 0.8, 'clf__learning_rate': 0.1, 'clf__max_depth': 3, 'clf__min_child_weight': 1, 'clf__n_estimators': 600, 'clf__reg_alpha': 0.0, 'clf__reg_lambda': 1.0, 'clf__subsample': 0.8}",0.817408981027031,0.8474662608485712,0.8019000823209931,0.8147616415455834,0.8381454218895914,0.823936477526354,0.016540455511125682,243,1.0,1.0,1.0,1.0,1.0,1.0,0.0
24.306482362747193,0.8136073386082989,0.02002582550048828,0.000930553946204188,0.8,0.1,3,1,600,0.0,1.0,1.0,"{'clf__colsample_bytree': 0.8, 'clf__learning_rate': 0.1, 'clf__max_depth': 3, 'clf__min_child_weight': 1, 'clf__n_estimators': 600, 'clf__reg_alpha': 0.0, 'clf__reg_lambda': 1.0, 'clf__subsample': 1.0}",0.8382778904736488,0.824857311640261,0.7717885623148781,0.8032335144180967,0.8502230327811724,0.8176760623256113,0.027747291031347487,942,1.0,1.0,1.0,1.0,1.0,1.0,0.0
31.217350816726686,0.41701374206596303,0.020803070068359374,0.0007673316027788746,0.8,0.1,3,1,600,0.0,10.0,0.8,"{'clf__colsample_bytree': 0.8, 'clf__learning_rate': 0.1, 'clf__max_depth': 3, 'clf__min_child_weight': 1, 'clf__n_estimators': 600, 'clf__reg_alpha': 0.0, 'clf__reg_lambda': 10.0, 'clf__subsample': 0.8}",0.8240667882070951,0.8355260243632336,0.7870380496696285,0.7968848829854522,0.8379252302733611,0.816288195099754,0.020643746778590252,1040,1.0,1.0,1.0,1.0,1.0,1.0,0.0
32.64950270652771,0.6871464865790536,0.021071195602416992,0.0010263408588343961,0.8,0.1,3,1,600,0.0,10.0,1.0,"{'clf__colsample_bytree': 0.8, 'clf__learning_rate': 0.1, 'clf__max_depth': 3, 'clf__min_child_weight': 1, 'clf__n_estimators': 600, 'clf__reg_alpha': 0.0, 'clf__reg_lambda': 10.0, 'clf__subsample': 1.0}",0.8221425891144416,0.8434682094320004,0.7878995811425602,0.8032353614228566,0.8515126147316955,0.8216516711687107,0.023858928469163897,483,1.0,1.0,1.0,1.0,1.0,1.0,0.0
24.336230945587157,0.5607207127252193,0.02041940689086914,0.0011932153509972934,0.8,0.1,3,1,600,0.1,1.0,0.8,"{'clf__colsample_bytree': 0.8, 'clf__learning_rate': 0.1, 'clf__max_depth': 3, 'clf__min_child_weight': 1, 'clf__n_estimators': 600, 'clf__reg_alpha': 0.1, 'clf__reg_lambda': 1.0, 'clf__subsample': 0.8}",0.81862310884493,0.839833833051979,0.8005693279863896,0.8140700018325087,0.8362674574007994,0.8218727458233213,0.014526437564982172,457,1.0,1.0,1.0,1.0,1.0,1.0,0.0
24.993386650085448,0.5906435898213606,0.01877598762512207,0.0011540540376568692,0.8,0.1,3,1,600,0.1,1.0,1.0,"{'clf__colsample_bytree': 0.8, 'clf__learning_rate': 0.1, 'clf__max_depth': 3, 'clf__min_child_weight': 1, 'clf__n_estimators': 600, 'clf__reg_alpha': 0.1, 'clf__reg_lambda': 1.0, 'clf__subsample': 1.0}",0.8232484746610729,0.8319780310465463,0.7840974151721815,0.7967049290578702,0.8459905962143688,0.816403889230408,0.022788298625108935,1027,1.0,1.0,1.0,1.0,1.0,1.0,0.0
31.89133687019348,0.42274830967151356,0.020877885818481445,0.0005790140054150007,0.8,0.1,3,1,600,0.1,10.0,0.8,"{'clf__colsample_bytree': 0.8, 'clf__learning_rate': 0.1, 'clf__max_depth': 3, 'clf__min_child_weight': 1, 'clf__n_estimators': 600, 'clf__reg_alpha': 0.1, 'clf__reg_lambda': 10.0, 'clf__subsample': 0.8}",0.8202812208478696,0.8224097177399152,0.7959772428595335,0.8006775359716536,0.8374857700439096,0.8153662974925762,0.015196923773579138,1093,1.0,1.0,1.0,1.0,1.0,1.0,0.0
32.67610864639282,0.8559630789594113,0.021178483963012695,0.001160596361018133,0.8,0.1,3,1,600,0.1,10.0,1.0,"{'clf__colsample_bytree': 0.8, 'clf__learning_rate': 0.1, 'clf__max_depth': 3, 'clf__min_child_weight': 1, 'clf__n_estimators': 600, 'clf__reg_alpha': 0.1, 'clf__reg_lambda': 10.0, 'clf__subsample': 1.0}",0.8202812208478696,0.8288570831194997,0.7963525246344001,0.792913196331239,0.8422205497850088,0.8161249149436035,0.018921397635926245,1052,1.0,1.0,1.0,1.0,1.0,1.0,0.0
27.894134712219238,0.21580796978265201,0.024289274215698244,0.0009334090550740018,0.8,0.1,3,1,1000,0.0,1.0,0.8,"{'clf__colsample_bytree': 0.8, 'clf__learning_rate': 0.1, 'clf__max_depth': 3, 'clf__min_child_weight': 1, 'clf__n_estimators': 1000, 'clf__reg_alpha': 0.0, 'clf__reg_lambda': 1.0, 'clf__subsample': 0.8}",0.817408981027031,0.8394972232450123,0.7926556309575178,0.8161010544008573,0.8369948792484003,0.8205315537757638,0.01695396450560005,634,1.0,1.0,1.0,1.0,1.0,1.0,0.0
29.012088680267333,0.3944536247958252,0.025473356246948242,0.0014610582556059493,0.8,0.1,3,1,1000,0.0,1.0,1.0,"{'clf__colsample_bytree': 0.8, 'clf__learning_rate': 0.1, 'clf__max_depth': 3, 'clf__min_child_weight': 1, 'clf__n_estimators': 1000, 'clf__reg_alpha': 0.0, 'clf__reg_lambda': 1.0, 'clf__subsample': 1.0}",0.8300281525503121,0.824857311640261,0.7752380952380953,0.804471219201979,0.8529785616053223,0.817514668047194,0.026174910207706934,952,1.0,1.0,1.0,1.0,1.0,1.0,0.0
44.39503650665283,0.8693579710605158,0.02984762191772461,0.001807422726401975,0.8,0.1,3,1,1000,0.0,10.0,0.8,"{'clf__colsample_bytree': 0.8, 'clf__learning_rate': 0.1, 'clf__max_depth': 3, 'clf__min_child_weight': 1, 'clf__n_estimators': 1000, 'clf__reg_alpha': 0.0, 'clf__reg_lambda': 10.0, 'clf__subsample': 0.8}",0.8240667882070951,0.8355260243632336,0.7962250424719517,0.8078262679402999,0.8405039124556292,0.8208296070876419,0.016661414963680246,593,1.0,1.0,1.0,1.0,1.0,1.0,0.0
46.30198340415954,1.0749810082439182,0.0310915470123291,0.0014824660085958866,0.8,0.1,3,1,1000,0.0,10.0,1.0,"{'clf__colsample_bytree': 0.8, 'clf__learning_rate': 0.1, 'clf__max_depth': 3, 'clf__min_child_weight': 1, 'clf__n_estimators': 1000, 'clf__reg_alpha': 0.0, 'clf__reg_lambda': 10.0, 'clf__subsample': 1.0}",0.8221425891144416,0.8464694886978481,0.7929012542267576,0.8030729389337052,0.8505310862037428,0.8230234714352991,0.022858400057938245,337,1.0,1.0,1.0,1.0,1.0,1.0,0.0
31.633528804779054,0.835482916109755,0.027152347564697265,0.0022420044966070213,0.8,0.1,3,1,1000,0.1,1.0,0.8,"{'clf__colsample_bytree': 0.8, 'clf__learning_rate': 0.1, 'clf__max_depth': 3, 'clf__min_child_weight': 1, 'clf__n_estimators': 1000, 'clf__reg_alpha': 0.1, 'clf__reg_lambda': 1.0, 'clf__subsample': 0.8}",0.8144425784960694,0.8394972232450123,0.8036830167624869,0.8161232955297648,0.8415043564691451,0.8230500941004957,0.014887722489378249,335,1.0,1.0,1.0,1.0,1.0,1.0,0.0
32.342737150192264,0.2059985131675583,0.02567944526672363,0.0017086745397984038,0.8,0.1,3,1,1000,0.1,1.0,1.0,"{'clf__colsample_bytree': 0.8, 'clf__learning_rate': 0.1, 'clf__max_depth': 3, 'clf__min_child_weight': 1, 'clf__n_estimators': 1000, 'clf__reg_alpha': 0.1, 'clf__reg_lambda': 1.0, 'clf__subsample': 1.0}",0.8232484746610729,0.8319780310465463,0.7775751557280852,0.803164864890871,0.8459905962143688,0.8163914245081889,0.023865108452267164,1030,1.0,1.0,1.0,1.0,1.0,1.0,0.0
45.75776481628418,0.9371197605524108,0.029408788681030272,0.0009986506669955207,0.8,0.1,3,1,1000,0.1,10.0,0.8,"{'clf__colsample_bytree': 0.8, 'clf__learning_rate': 0.1, 'clf__max_depth': 3, 'clf__min_child_weight': 1, 'clf__n_estimators': 1000, 'clf__reg_alpha': 0.1, 'clf__reg_lambda': 10.0, 'clf__subsample': 0.8}",0.8202812208478696,0.8417662709146712,0.799075696647769,0.7995681586994856,0.8356903856969672,0.8192763465613526,0.0177353098435014,784,1.0,1.0,1.0,1.0,1.0,1.0,0.0
48.614499521255496,0.7042894336254212,0.0326998233795166,0.0021488747241593343,0.8,0.1,3,1,1000,0.1,10.0,1.0,"{'clf__colsample_bytree': 0.8, 'clf__learning_rate': 0.1, 'clf__max_depth': 3, 'clf__min_child_weight': 1, 'clf__n_estimators': 1000, 'clf__reg_alpha': 0.1, 'clf__reg_lambda': 10.0, 'clf__subsample': 1.0}",0.8179027889694691,0.8262396576066051,0.8012846041847101,0.7926133955505447,0.8376750952395543,0.8151431083101766,0.016359008357734166,1104,1.0,1.0,1.0,1.0,1.0,1.0,0.0
12.506275033950805,0.2009412968176398,0.01289834976196289,0.0011498410003447715,0.8,0.1,3,3,300,0.0,1.0,0.8,"{'clf__colsample_bytree': 0.8, 'clf__learning_rate': 0.1, 'clf__max_depth': 3, 'clf__min_child_weight': 3, 'clf__n_estimators': 300, 'clf__reg_alpha': 0.0, 'clf__reg_lambda': 1.0, 'clf__subsample': 0.8}",0.8176359949290544,0.8389039404104756,0.7857193810942662,0.8053851957095498,0.8536391285904392,0.820256728146757,0.024012339518022816,667,1.0,1.0,1.0,1.0,1.0,1.0,0.0
13.489816236495972,0.24753249239474812,0.012752389907836914,0.000975034734544287,0.8,0.1,3,3,300,0.0,1.0,1.0,"{'clf__colsample_bytree': 0.8, 'clf__learning_rate': 0.1, 'clf__max_depth': 3, 'clf__min_child_weight': 3, 'clf__n_estimators': 300, 'clf__reg_alpha': 0.0, 'clf__reg_lambda': 1.0, 'clf__subsample': 1.0}",0.8194314793807693,0.8330867942314886,0.7910562473942756,0.8014935349805367,0.8422205497850088,0.8174577211544157,0.019043394579088792,955,1.0,1.0,1.0,1.0,1.0,1.0,0.0
15.317718458175658,0.248561518181309,0.012328624725341797,0.0011684690778022042,0.8,0.1,3,3,300,0.0,10.0,0.8,"{'clf__colsample_bytree': 0.8, 'clf__learning_rate': 0.1, 'clf__max_depth': 3, 'clf__min_child_weight': 3, 'clf__n_estimators': 300, 'clf__reg_alpha': 0.0, 'clf__reg_lambda': 10.0, 'clf__subsample': 0.8}",0.8236356885291258,0.8254125630978857,0.7849789915966386,0.8035119324509099,0.8201612421474176,0.8115400835643956,0.015381914965335924,1205,1.0,1.0,1.0,1.0,1.0,1.0,0.0
15.817358303070069,0.31575804950741976,0.01291193962097168,0.0011591864495161272,0.8,0.1,3,3,300,0.0,10.0,1.0,"{'clf__colsample_bytree': 0.8, 'clf__learning_rate': 0.1, 'clf__max_depth': 3, 'clf__min_child_weight': 3, 'clf__n_estimators': 300, 'clf__reg_alpha': 0.0, 'clf__reg_lambda': 10.0, 'clf__subsample': 1.0}",0.8331443476326439,0.8277717892677983,0.7995680402201094,0.7947241448706255,0.852228151423615,0.8214872946829586,0.021527201085569502,504,1.0,1.0,1.0,1.0,1.0,1.0,0.0
13.125935411453247,0.2857229545360807,0.012034130096435548,0.00101999529088497,0.8,0.1,3,3,300,0.1,1.0,0.8,"{'clf__colsample_bytree': 0.8, 'clf__learning_rate': 0.1, 'clf__max_depth': 3, 'clf__min_child_weight': 3, 'clf__n_estimators': 300, 'clf__reg_alpha': 0.1, 'clf__reg_lambda': 1.0, 'clf__subsample': 0.8}",0.8164398353746628,0.8353444883334067,0.7893072601819625,0.806571705977077,0.8566375776512817,0.8208601735036781,0.023277044727150895,587,1.0,1.0,1.0,1.0,1.0,1.0,0.0
13.600341939926148,0.516566765680298,0.013348674774169922,0.0014480290611404078,0.8,0.1,3,3,300,0.1,1.0,1.0,"{'clf__colsample_bytree': 0.8, 'clf__learning_rate': 0.1, 'clf__max_depth': 3, 'clf__min_child_weight': 3, 'clf__n_estimators': 300, 'clf__reg_alpha': 0.1, 'clf__reg_lambda': 1.0, 'clf__subsample': 1.0}",0.8314564819125378,0.8344708945477637,0.8013034575305058,0.8032030000688328,0.8339045074562779,0.8208676683031836,0.015244203882170907,586,1.0,1.0,1.0,1.0,1.0,1.0,0.0
15.136069059371948,0.3325542801746693,0.01292104721069336,0.00026967809513071106,0.8,0.1,3,3,300,0.1,10.0,0.8,"{'clf__colsample_bytree': 0.8, 'clf__learning_rate': 0.1, 'clf__max_depth': 3, 'clf__min_child_weight': 3, 'clf__n_estimators': 300, 'clf__reg_alpha': 0.1, 'clf__reg_lambda': 10.0, 'clf__subsample': 0.8}",0.8236356885291258,0.832458940932176,0.7866489881892725,0.7979703556476508,0.8345173370387364,0.8150462620673924,0.019256656700964617,1110,1.0,1.0,1.0,1.0,1.0,1.0,0.0
15.890750217437745,0.27754013700141933,0.012413358688354493,0.001157004607988291,0.8,0.1,3,3,300,0.1,10.0,1.0,"{'clf__colsample_bytree': 0.8, 'clf__learning_rate': 0.1, 'clf__max_depth': 3, 'clf__min_child_weight': 3, 'clf__n_estimators': 300, 'clf__reg_alpha': 0.1, 'clf__reg_lambda': 10.0, 'clf__subsample': 1.0}",0.8257122546704085,0.8052919734405442,0.7942620853931449,0.8011013607213677,0.8537773419029602,0.8160290032256852,0.021589902559799857,1058,1.0,1.0,1.0,1.0,1.0,1.0,0.0
17.691377305984496,0.4303549073141783,0.0166959285736084,0.0008231552921616751,0.8,0.1,3,3,600,0.0,1.0,0.8,"{'clf__colsample_bytree': 0.8, 'clf__learning_rate': 0.1, 'clf__max_depth': 3, 'clf__min_child_weight': 3, 'clf__n_estimators': 600, 'clf__reg_alpha': 0.0, 'clf__reg_lambda': 1.0, 'clf__subsample': 0.8}",0.813859790491539,0.8272024328475942,0.7944968141462652,0.808792166103458,0.8490319134492392,0.8186766234076192,0.018437465181376338,844,1.0,1.0,1.0,1.0,1.0,1.0,0.0
19.173406076431274,0.26417233980098914,0.021471261978149414,0.004627964809891821,0.8,0.1,3,3,600,0.0,1.0,1.0,"{'clf__colsample_bytree': 0.8, 'clf__learning_rate': 0.1, 'clf__max_depth': 3, 'clf__min_child_weight': 3, 'clf__n_estimators': 600, 'clf__reg_alpha': 0.0, 'clf__reg_lambda': 1.0, 'clf__subsample': 1.0}",0.8230101760176017,0.8301151623268881,0.7844587071780696,0.8110903252167042,0.8428594087044792,0.8183067558887487,0.019809899833020436,877,1.0,1.0,1.0,1.0,1.0,1.0,0.0
24.518012285232544,0.6574117253099633,0.02204761505126953,0.001484930549310823,0.8,0.1,3,3,600,0.0,10.0,0.8,"{'clf__colsample_bytree': 0.8, 'clf__learning_rate': 0.1, 'clf__max_depth': 3, 'clf__min_child_weight': 3, 'clf__n_estimators': 600, 'clf__reg_alpha': 0.0, 'clf__reg_lambda': 10.0, 'clf__subsample': 0.8}",0.8295347772730421,0.8298105198396976,0.779136922330065,0.8220902421867149,0.823309186878551,0.8167763297016142,0.01908040341850024,1011,1.0,1.0,1.0,1.0,1.0,1.0,0.0
25.73506078720093,0.4310652963628779,0.021384429931640626,0.0013292416179284789,0.8,0.1,3,3,600,0.0,10.0,1.0,"{'clf__colsample_bytree': 0.8, 'clf__learning_rate': 0.1, 'clf__max_depth': 3, 'clf__min_child_weight': 3, 'clf__n_estimators': 600, 'clf__reg_alpha': 0.0, 'clf__reg_lambda': 10.0, 'clf__subsample': 1.0}",0.8322779438706811,0.8361302053527158,0.8055304869135884,0.7888902374883683,0.8506694067441731,0.8226996560739053,0.02232616114943633,367,1.0,1.0,1.0,1.0,1.0,1.0,0.0
18.54919366836548,0.34705575471324196,0.018056154251098633,0.0010176047160285508,0.8,0.1,3,3,600,0.1,1.0,0.8,"{'clf__colsample_bytree': 0.8, 'clf__learning_rate': 0.1, 'clf__max_depth': 3, 'clf__min_child_weight': 3, 'clf__n_estimators': 600, 'clf__reg_alpha': 0.1, 'clf__reg_lambda': 1.0, 'clf__subsample': 0.8}",0.8199295729107057,0.8368431660153468,0.7896697862270926,0.8110314017186528,0.8472235466511548,0.8209394947045906,0.02010354727308452,580,1.0,1.0,1.0,1.0,1.0,1.0,0.0
20.141035413742067,0.4828236683664494,0.020577526092529295,0.0010764510142741352,0.8,0.1,3,3,600,0.1,1.0,1.0,"{'clf__colsample_bytree': 0.8, 'clf__learning_rate': 0.1, 'clf__max_depth': 3, 'clf__min_child_weight': 3, 'clf__n_estimators': 600, 'clf__reg_alpha': 0.1, 'clf__reg_lambda': 1.0, 'clf__subsample': 1.0}",0.8234732342012482,0.8373023771131308,0.7930716019987307,0.8040480716955775,0.8418268546789673,0.819944427937531,0.018801246708833094,699,1.0,1.0,1.0,1.0,1.0,1.0,0.0
24.706337261199952,0.6046293880994702,0.020623445510864258,0.0013719324753372108,0.8,0.1,3,3,600,0.1,10.0,0.8,"{'clf__colsample_bytree': 0.8, 'clf__learning_rate': 0.1, 'clf__max_depth': 3, 'clf__min_child_weight': 3, 'clf__n_estimators': 600, 'clf__reg_alpha': 0.1, 'clf__reg_lambda': 10.0, 'clf__subsample': 0.8}",0.8295347772730421,0.8339514998165729,0.7851765571115783,0.8046186637499907,0.8288865273217079,0.8164336050545783,0.018709294521831597,1024,1.0,1.0,1.0,1.0,1.0,1.0,0.0
26.119997930526733,0.706283118270581,0.020287752151489258,0.0010533918547502488,0.8,0.1,3,3,600,0.1,10.0,1.0,"{'clf__colsample_bytree': 0.8, 'clf__learning_rate': 0.1, 'clf__max_depth': 3, 'clf__min_child_weight': 3, 'clf__n_estimators': 600, 'clf__reg_alpha': 0.1, 'clf__reg_lambda': 10.0, 'clf__subsample': 1.0}",0.8270723895216796,0.8259014570335326,0.7969050901248784,0.8133744082428292,0.8413784490447254,0.8209263587935292,0.014932291166621736,581,1.0,1.0,1.0,1.0,1.0,1.0,0.0
22.897764015197755,0.6664353097678342,0.024932718276977538,0.0018180849681718805,0.8,0.1,3,3,1000,0.0,1.0,0.8,"{'clf__colsample_bytree': 0.8, 'clf__learning_rate': 0.1, 'clf__max_depth': 3, 'clf__min_child_weight': 3, 'clf__n_estimators': 1000, 'clf__reg_alpha': 0.0, 'clf__reg_lambda': 1.0, 'clf__subsample': 0.8}",0.8186943132523725,0.8272024328475942,0.7970494628768405,0.809258418252849,0.8548039888238614,0.8214017232107036,0.019479127740910925,513,1.0,1.0,1.0,1.0,1.0,1.0,0.0
24.07937397956848,0.7221572173120001,0.024090099334716796,0.0020203534538780652,0.8,0.1,3,3,1000,0.0,1.0,1.0,"{'clf__colsample_bytree': 0.8, 'clf__learning_rate': 0.1, 'clf__max_depth': 3, 'clf__min_child_weight': 3, 'clf__n_estimators': 1000, 'clf__reg_alpha': 0.0, 'clf__reg_lambda': 1.0, 'clf__subsample': 1.0}",0.8230101760176017,0.8298088758147077,0.793310704237614,0.8142238684671167,0.8365810806870206,0.8193869410448121,0.014993401472110309,772,1.0,1.0,1.0,1.0,1.0,1.0,0.0
33.32424836158752,0.5065074802052509,0.02921638488769531,0.002137081307818573,0.8,0.1,3,3,1000,0.0,10.0,0.8,"{'clf__colsample_bytree': 0.8, 'clf__learning_rate': 0.1, 'clf__max_depth': 3, 'clf__min_child_weight': 3, 'clf__n_estimators': 1000, 'clf__reg_alpha': 0.0, 'clf__reg_lambda': 10.0, 'clf__subsample': 0.8}",0.8252630110275916,0.8268330186498346,0.7918983360936312,0.8220773088881168,0.8267524875906663,0.8185648324499681,0.013444000257717014,855,1.0,1.0,1.0,1.0,1.0,1.0,0.0
35.570866394042966,0.9455494351680357,0.02855372428894043,0.0028496001697928047,0.8,0.1,3,3,1000,0.0,10.0,1.0,"{'clf__colsample_bytree': 0.8, 'clf__learning_rate': 0.1, 'clf__max_depth': 3, 'clf__min_child_weight': 3, 'clf__n_estimators': 1000, 'clf__reg_alpha': 0.0, 'clf__reg_lambda': 10.0, 'clf__subsample': 1.0}",0.828317399312545,0.8223436968155278,0.8101080851126647,0.7909055654144609,0.8502807936445929,0.8203911080599582,0.019673178625995,655,1.0,1.0,1.0,1.0,1.0,1.0,0.0
24.238829565048217,0.8272146999655056,0.026508522033691407,0.0011702631380408873,0.8,0.1,3,3,1000,0.1,1.0,0.8,"{'clf__colsample_bytree': 0.8, 'clf__learning_rate': 0.1, 'clf__max_depth': 3, 'clf__min_child_weight': 3, 'clf__n_estimators': 1000, 'clf__reg_alpha': 0.1, 'clf__reg_lambda': 1.0, 'clf__subsample': 0.8}",0.8161586118969082,0.8365004997186458,0.7925770308123249,0.8106602743051341,0.8340277777777778,0.8179848389021581,0.016141540488928338,911,1.0,1.0,1.0,1.0,1.0,1.0,0.0
26.624550914764406,0.5873897643324195,0.025891637802124022,0.0010749726894948143,0.8,0.1,3,3,1000,0.1,1.0,1.0,"{'clf__colsample_bytree': 0.8, 'clf__learning_rate': 0.1, 'clf__max_depth': 3, 'clf__min_child_weight': 3, 'clf__n_estimators': 1000, 'clf__reg_alpha': 0.1, 'clf__reg_lambda': 1.0, 'clf__subsample': 1.0}",0.8234732342012482,0.839987665994242,0.7912474367737525,0.8034922571821802,0.8392626657609384,0.8194926519824722,0.019393549932366284,758,1.0,1.0,1.0,1.0,1.0,1.0,0.0
34.23708086013794,0.5375838113075349,0.027729558944702148,0.0017902141893050441,0.8,0.1,3,3,1000,0.1,10.0,0.8,"{'clf__colsample_bytree': 0.8, 'clf__learning_rate': 0.1, 'clf__max_depth': 3, 'clf__min_child_weight': 3, 'clf__n_estimators': 1000, 'clf__reg_alpha': 0.1, 'clf__reg_lambda': 10.0, 'clf__subsample': 0.8}",0.8193958883841532,0.8301224923340452,0.8037035490296804,0.8180696718267335,0.8347582080078368,0.8212099619164898,0.010794581486908527,539,1.0,1.0,1.0,1.0,1.0,1.0,0.0
35.831797456741334,0.6480912788197885,0.028702259063720703,0.0019436848268298836,0.8,0.1,3,3,1000,0.1,10.0,1.0,"{'clf__colsample_bytree': 0.8, 'clf__learning_rate': 0.1, 'clf__max_depth': 3, 'clf__min_child_weight': 3, 'clf__n_estimators': 1000, 'clf__reg_alpha': 0.1, 'clf__reg_lambda': 10.0, 'clf__subsample': 1.0}",0.822706607230177,0.8258324531675942,0.808877833877834,0.8035239063419979,0.8389754351021956,0.8199832471439598,0.012621990398931957,694,1.0,1.0,1.0,1.0,1.0,1.0,0.0
11.771784257888793,0.46394781695643517,0.013928079605102539,0.0006219925853803138,0.8,0.1,3,5,300,0.0,1.0,0.8,"{'clf__colsample_bytree': 0.8, 'clf__learning_rate': 0.1, 'clf__max_depth': 3, 'clf__min_child_weight': 5, 'clf__n_estimators': 300, 'clf__reg_alpha': 0.0, 'clf__reg_lambda': 1.0, 'clf__subsample': 0.8}",0.8191380217115511,0.8284504942595345,0.7910485991657615,0.7953478078977525,0.8508767582365713,0.8169723362542343,0.022025478455296222,990,1.0,1.0,1.0,1.0,1.0,1.0,0.0
12.243006086349487,0.5181589418915047,0.013979816436767578,0.0013683318842544106,0.8,0.1,3,5,300,0.0,1.0,1.0,"{'clf__colsample_bytree': 0.8, 'clf__learning_rate': 0.1, 'clf__max_depth': 3, 'clf__min_child_weight': 5, 'clf__n_estimators': 300, 'clf__reg_alpha': 0.0, 'clf__reg_lambda': 1.0, 'clf__subsample': 1.0}",0.8237186876903473,0.8373023771131308,0.7941065642296169,0.8031332294796186,0.8256612653401644,0.8167844247705757,0.015801956591870534,1010,1.0,1.0,1.0,1.0,1.0,1.0,0.0
13.813513088226319,0.14925500955110085,0.016403055191040038,0.0044505567196093596,0.8,0.1,3,5,300,0.0,10.0,0.8,"{'clf__colsample_bytree': 0.8, 'clf__learning_rate': 0.1, 'clf__max_depth': 3, 'clf__min_child_weight': 5, 'clf__n_estimators': 300, 'clf__reg_alpha': 0.0, 'clf__reg_lambda': 10.0, 'clf__subsample': 0.8}",0.8134306559103001,0.8330784936959067,0.7998911986609066,0.8025941847093467,0.8402672918243406,0.8178523649601601,0.016181662540798773,925,1.0,1.0,1.0,1.0,1.0,1.0,0.0
14.377733707427979,0.4521036654967924,0.01257929801940918,0.0007182756029171021,0.8,0.1,3,5,300,0.0,10.0,1.0,"{'clf__colsample_bytree': 0.8, 'clf__learning_rate': 0.1, 'clf__max_depth': 3, 'clf__min_child_weight': 5, 'clf__n_estimators': 300, 'clf__reg_alpha': 0.0, 'clf__reg_lambda': 10.0, 'clf__subsample': 1.0}",0.8272168743397952,0.8471134749064242,0.7998783804401262,0.8003399481654414,0.8353948553416639,0.8219887066386902,0.01895176935858192,442,1.0,1.0,1.0,1.0,1.0,1.0,0.0
11.85443639755249,0.35683051924139536,0.013293695449829102,0.0009012048381560501,0.8,0.1,3,5,300,0.1,1.0,0.8,"{'clf__colsample_bytree': 0.8, 'clf__learning_rate': 0.1, 'clf__max_depth': 3, 'clf__min_child_weight': 5, 'clf__n_estimators': 300, 'clf__reg_alpha': 0.1, 'clf__reg_lambda': 1.0, 'clf__subsample': 0.8}",0.8187874408389841,0.8275201359862081,0.7966038056285956,0.8056843756813487,0.8379471588080507,0.8173085833886373,0.014806914925595572,968,1.0,1.0,1.0,1.0,1.0,1.0,0.0
12.38087158203125,0.2963950875089104,0.013381671905517579,0.0011945976969264605,0.8,0.1,3,5,300,0.1,1.0,1.0,"{'clf__colsample_bytree': 0.8, 'clf__learning_rate': 0.1, 'clf__max_depth': 3, 'clf__min_child_weight': 5, 'clf__n_estimators': 300, 'clf__reg_alpha': 0.1, 'clf__reg_lambda': 1.0, 'clf__subsample': 1.0}",0.8358023323484645,0.8321344572100566,0.7963719123296057,0.8023147465788688,0.8318730020342924,0.8196992901002575,0.016784096758841623,724,1.0,1.0,1.0,1.0,1.0,1.0,0.0
13.910886812210084,0.25609520830022414,0.013692522048950195,0.000860997256504052,0.8,0.1,3,5,300,0.1,10.0,0.8,"{'clf__colsample_bytree': 0.8, 'clf__learning_rate': 0.1, 'clf__max_depth': 3, 'clf__min_child_weight': 5, 'clf__n_estimators': 300, 'clf__reg_alpha': 0.1, 'clf__reg_lambda': 10.0, 'clf__subsample': 0.8}",0.8216336447839628,0.8224159926763923,0.7883056921449134,0.7988559385714503,0.8384349295602624,0.8139292395473963,0.017975996581704092,1145,1.0,1.0,1.0,1.0,1.0,1.0,0.0
14.599620866775513,0.14601693974981025,0.013203144073486328,0.0008694078292409647,0.8,0.1,3,5,300,0.1,10.0,1.0,"{'clf__colsample_bytree': 0.8, 'clf__learning_rate': 0.1, 'clf__max_depth': 3, 'clf__min_child_weight': 5, 'clf__n_estimators': 300, 'clf__reg_alpha': 0.1, 'clf__reg_lambda': 10.0, 'clf__subsample': 1.0}",0.8326860232675339,0.8226795274451876,0.795845004668534,0.7854132266463955,0.853187711173721,0.8179622986402745,0.024610919458418735,913,1.0,1.0,1.0,1.0,1.0,1.0,0.0
16.164120531082155,0.26078752360854274,0.018136882781982423,0.0008685216717702904,0.8,0.1,3,5,600,0.0,1.0,0.8,"{'clf__colsample_bytree': 0.8, 'clf__learning_rate': 0.1, 'clf__max_depth': 3, 'clf__min_child_weight': 5, 'clf__n_estimators': 600, 'clf__reg_alpha': 0.0, 'clf__reg_lambda': 1.0, 'clf__subsample': 0.8}",0.8148704236939531,0.8187901996464675,0.7943859415388086,0.8009210321897409,0.8508767582365713,0.8159688710611082,0.01959585349058836,1065,1.0,1.0,1.0,1.0,1.0,1.0,0.0
17.81879644393921,0.1693149095781971,0.019471073150634767,0.0005930604066995591,0.8,0.1,3,5,600,0.0,1.0,1.0,"{'clf__colsample_bytree': 0.8, 'clf__learning_rate': 0.1, 'clf__max_depth': 3, 'clf__min_child_weight': 5, 'clf__n_estimators': 600, 'clf__reg_alpha': 0.0, 'clf__reg_lambda': 1.0, 'clf__subsample': 1.0}",0.8257122546704085,0.8425820821264243,0.7930385003983135,0.8147671254835295,0.8306057209283015,0.8213411367213954,0.01673543426949346,522,1.0,1.0,1.0,1.0,1.0,1.0,0.0
21.296997356414796,0.36422245559200017,0.020558691024780272,0.0013138196500265887,0.8,0.1,3,5,600,0.0,10.0,0.8,"{'clf__colsample_bytree': 0.8, 'clf__learning_rate': 0.1, 'clf__max_depth': 3, 'clf__min_child_weight': 5, 'clf__n_estimators': 600, 'clf__reg_alpha': 0.0, 'clf__reg_lambda': 10.0, 'clf__subsample': 0.8}",0.8189604003420865,0.8327732084705013,0.8048745603710921,0.8084230405974364,0.8435388909169856,0.8217140201396204,0.014604318508322061,476,1.0,1.0,1.0,1.0,1.0,1.0,0.0
22.935507011413574,0.671382645910688,0.021137380599975587,0.0011736024845679354,0.8,0.1,3,5,600,0.0,10.0,1.0,"{'clf__colsample_bytree': 0.8, 'clf__learning_rate': 0.1, 'clf__max_depth': 3, 'clf__min_child_weight': 5, 'clf__n_estimators': 600, 'clf__reg_alpha': 0.0, 'clf__reg_lambda': 10.0, 'clf__subsample': 1.0}",0.8308508165011346,0.8316804334780614,0.8049008635637944,0.7998781295463921,0.8380028802564014,0.8210626246691568,0.015527422054136757,563,1.0,1.0,1.0,1.0,1.0,1.0,0.0
16.688926696777344,0.22206012048294296,0.018295669555664064,0.000822662657334088,0.8,0.1,3,5,600,0.1,1.0,0.8,"{'clf__colsample_bytree': 0.8, 'clf__learning_rate': 0.1, 'clf__max_depth': 3, 'clf__min_child_weight': 5, 'clf__n_estimators': 600, 'clf__reg_alpha': 0.1, 'clf__reg_lambda': 1.0, 'clf__subsample': 0.8}",0.8081055496043547,0.8298671096345516,0.7964564632532566,0.8106602743051341,0.8379792294734711,0.8166137252541535,0.015141233837064087,1019,1.0,1.0,1.0,1.0,1.0,1.0,0.0
18.400296449661255,0.272807047580735,0.02051863670349121,0.0010325053500443361,0.8,0.1,3,5,600,0.1,1.0,1.0,"{'clf__colsample_bytree': 0.8, 'clf__learning_rate': 0.1, 'clf__max_depth': 3, 'clf__min_child_weight': 5, 'clf__n_estimators': 600, 'clf__reg_alpha': 0.1, 'clf__reg_lambda': 1.0, 'clf__subsample': 1.0}",0.8283358188919108,0.832797979004686,0.7913121399102707,0.8076887139832459,0.8305206432774346,0.8181310590135096,0.016131053629775318,894,1.0,1.0,1.0,1.0,1.0,1.0,0.0
21.854989671707152,0.28138065443060306,0.02088642120361328,0.001134743532906203,0.8,0.1,3,5,600,0.1,10.0,0.8,"{'clf__colsample_bytree': 0.8, 'clf__learning_rate': 0.1, 'clf__max_depth': 3, 'clf__min_child_weight': 5, 'clf__n_estimators': 600, 'clf__reg_alpha': 0.1, 'clf__reg_lambda': 10.0, 'clf__subsample': 0.8}",0.822915368653665,0.8254125630978857,0.7995838876336353,0.7970352335137827,0.8278428131689002,0.8145579732135737,0.013382262875009269,1122,1.0,1.0,1.0,1.0,1.0,1.0,0.0
23.469997692108155,0.5081201128989901,0.02060847282409668,0.0004551147620191235,0.8,0.1,3,5,600,0.1,10.0,1.0,"{'clf__colsample_bytree': 0.8, 'clf__learning_rate': 0.1, 'clf__max_depth': 3, 'clf__min_child_weight': 5, 'clf__n_estimators': 600, 'clf__reg_alpha': 0.1, 'clf__reg_lambda': 10.0, 'clf__subsample': 1.0}",0.8325615697389017,0.8297721491613103,0.7986379113056965,0.797377240312023,0.8374896410442361,0.8191677023124335,0.017457605617449495,793,1.0,1.0,1.0,1.0,1.0,1.0,0.0
21.06565866470337,0.45281703263108597,0.024670886993408202,0.002267792744791988,0.8,0.1,3,5,1000,0.0,1.0,0.8,"{'clf__colsample_bytree': 0.8, 'clf__learning_rate': 0.1, 'clf__max_depth': 3, 'clf__min_child_weight': 5, 'clf__n_estimators': 1000, 'clf__reg_alpha': 0.0, 'clf__reg_lambda': 1.0, 'clf__subsample': 0.8}",0.8148704236939531,0.8231653000221619,0.802428302345364,0.7989325251580529,0.845186218425655,0.8169165539290374,0.016587598573717652,996,1.0,1.0,1.0,1.0,1.0,1.0,0.0
22.804645824432374,0.5721449893486331,0.02556900978088379,0.001892521407868259,0.8,0.1,3,5,1000,0.0,1.0,1.0,"{'clf__colsample_bytree': 0.8, 'clf__learning_rate': 0.1, 'clf__max_depth': 3, 'clf__min_child_weight': 5, 'clf__n_estimators': 1000, 'clf__reg_alpha': 0.0, 'clf__reg_lambda': 1.0, 'clf__subsample': 1.0}",0.8275975423255647,0.8312410858063032,0.79311517921331,0.815623871721355,0.821924822617882,0.8179005003368831,0.013473634957725267,919,1.0,1.0,1.0,1.0,1.0,1.0,0.0
28.233124589920045,0.5988226052929874,0.029160165786743165,0.0038662897323437167,0.8,0.1,3,5,1000,0.0,10.0,0.8,"{'clf__colsample_bytree': 0.8, 'clf__learning_rate': 0.1, 'clf__max_depth': 3, 'clf__min_child_weight': 5, 'clf__n_estimators': 1000, 'clf__reg_alpha': 0.0, 'clf__reg_lambda': 10.0, 'clf__subsample': 0.8}",0.8189604003420865,0.8327732084705013,0.8034751047667017,0.8084230405974364,0.8423052701202275,0.8211874048593908,0.014572640098455053,541,1.0,1.0,1.0,1.0,1.0,1.0,0.0
31.749774789810182,0.7840178373604159,0.03030385971069336,0.0011184585451731249,0.8,0.1,3,5,1000,0.0,10.0,1.0,"{'clf__colsample_bytree': 0.8, 'clf__learning_rate': 0.1, 'clf__max_depth': 3, 'clf__min_child_weight': 5, 'clf__n_estimators': 1000, 'clf__reg_alpha': 0.0, 'clf__reg_lambda': 10.0, 'clf__subsample': 1.0}",0.8264850342096319,0.8373173250026476,0.8049008635637944,0.806938431938432,0.8401403163727108,0.8231563942174432,0.014807782525461926,326,1.0,1.0,1.0,1.0,1.0,1.0,0.0
21.783260679244997,0.5252646696121325,0.02625694274902344,0.0017007901834962095,0.8,0.1,3,5,1000,0.1,1.0,0.8,"{'clf__colsample_bytree': 0.8, 'clf__learning_rate': 0.1, 'clf__max_depth': 3, 'clf__min_child_weight': 5, 'clf__n_estimators': 1000, 'clf__reg_alpha': 0.1, 'clf__reg_lambda': 1.0, 'clf__subsample': 0.8}",0.8171314697049991,0.8298671096345516,0.7998497804623632,0.8121601194324665,0.8367447953715559,0.8191506549211873,0.013037366528885423,794,1.0,1.0,1.0,1.0,1.0,1.0,0.0
24.343501710891722,0.5466628826231247,0.026145505905151366,0.0015341382117790752,0.8,0.1,3,5,1000,0.1,1.0,1.0,"{'clf__colsample_bytree': 0.8, 'clf__learning_rate': 0.1, 'clf__max_depth': 3, 'clf__min_child_weight': 5, 'clf__n_estimators': 1000, 'clf__reg_alpha': 0.1, 'clf__reg_lambda': 1.0, 'clf__subsample': 1.0}",0.8283358188919108,0.8343144796446771,0.7868730958825298,0.8103051046619664,0.8283015734628638,0.8176260145087897,0.017358053246358217,947,1.0,1.0,1.0,1.0,1.0,1.0,0.0
30.19247999191284,0.8986328733816563,0.028302812576293947,0.0022529071102981232,0.8,0.1,3,5,1000,0.1,10.0,0.8,"{'clf__colsample_bytree': 0.8, 'clf__learning_rate': 0.1, 'clf__max_depth': 3, 'clf__min_child_weight': 5, 'clf__n_estimators': 1000, 'clf__reg_alpha': 0.1, 'clf__reg_lambda': 10.0, 'clf__subsample': 0.8}",0.822915368653665,0.8268330186498346,0.8079612362507098,0.8063276660446472,0.82872267480282,0.8185519928803353,0.009514783226920405,857,1.0,1.0,1.0,1.0,1.0,1.0,0.0
32.572573566436766,0.8944885068383853,0.03098721504211426,0.002132536765480649,0.8,0.1,3,5,1000,0.1,10.0,1.0,"{'clf__colsample_bytree': 0.8, 'clf__learning_rate': 0.1, 'clf__max_depth': 3, 'clf__min_child_weight': 5, 'clf__n_estimators': 1000, 'clf__reg_alpha': 0.1, 'clf__reg_lambda': 10.0, 'clf__subsample': 1.0}",0.8333343492781251,0.828305449727529,0.8054255919710891,0.8050849345586187,0.8401403163727108,0.8224581283816146,0.014540139478366795,391,1.0,1.0,1.0,1.0,1.0,1.0,0.0
24.989637422561646,0.31259221036185275,0.01676011085510254,0.0009654559870954536,0.8,0.1,5,1,300,0.0,1.0,0.8,"{'clf__colsample_bytree': 0.8, 'clf__learning_rate': 0.1, 'clf__max_depth': 5, 'clf__min_child_weight': 1, 'clf__n_estimators': 300, 'clf__reg_alpha': 0.0, 'clf__reg_lambda': 1.0, 'clf__subsample': 0.8}",0.8384679133477362,0.8209668213807286,0.8032429955549494,0.8117392479207748,0.8550297655119727,0.8258893487432324,0.01867992568836573,120,1.0,1.0,1.0,1.0,1.0,1.0,0.0
26.169897603988648,0.5838901785543401,0.01715364456176758,0.001517004249386813,0.8,0.1,5,1,300,0.0,1.0,1.0,"{'clf__colsample_bytree': 0.8, 'clf__learning_rate': 0.1, 'clf__max_depth': 5, 'clf__min_child_weight': 1, 'clf__n_estimators': 300, 'clf__reg_alpha': 0.0, 'clf__reg_lambda': 1.0, 'clf__subsample': 1.0}",0.8417920784666068,0.832429977141703,0.7995057642160412,0.8125563944612713,0.8418642413115422,0.825629691119433,0.016878376207745432,131,1.0,1.0,1.0,1.0,1.0,1.0,0.0
39.3275110244751,0.24447781218303283,0.021776866912841798,0.002722173945077988,0.8,0.1,5,1,300,0.0,10.0,0.8,"{'clf__colsample_bytree': 0.8, 'clf__learning_rate': 0.1, 'clf__max_depth': 5, 'clf__min_child_weight': 1, 'clf__n_estimators': 300, 'clf__reg_alpha': 0.0, 'clf__reg_lambda': 10.0, 'clf__subsample': 0.8}",0.8383447996974156,0.8238509629066526,0.7908443643415828,0.8009321868282196,0.8512534061677601,0.8210451439883262,0.022522468551880892,565,1.0,1.0,1.0,1.0,1.0,1.0,0.0
41.64282865524292,0.8891769103856122,0.021675777435302735,0.0007740116665190885,0.8,0.1,5,1,300,0.0,10.0,1.0,"{'clf__colsample_bytree': 0.8, 'clf__learning_rate': 0.1, 'clf__max_depth': 5, 'clf__min_child_weight': 1, 'clf__n_estimators': 300, 'clf__reg_alpha': 0.0, 'clf__reg_lambda': 10.0, 'clf__subsample': 1.0}",0.8233795068746523,0.8290481100367116,0.7949152868694648,0.8058731555117038,0.8629597401473347,0.8232351598879735,0.023303681709175364,316,1.0,1.0,1.0,1.0,1.0,1.0,0.0
27.30462512969971,0.3977885998539998,0.01973700523376465,0.00035730859492047007,0.8,0.1,5,1,300,0.1,1.0,0.8,"{'clf__colsample_bytree': 0.8, 'clf__learning_rate': 0.1, 'clf__max_depth': 5, 'clf__min_child_weight': 1, 'clf__n_estimators': 300, 'clf__reg_alpha': 0.1, 'clf__reg_lambda': 1.0, 'clf__subsample': 0.8}",0.8511869807699177,0.8209668213807286,0.7867314081270084,0.8094612009277594,0.8441232893134036,0.8224939401037636,0.023419062343802616,387,1.0,1.0,1.0,1.0,1.0,1.0,0.0
29.131507682800294,0.5562058296448448,0.019943809509277342,0.0017772848051562681,0.8,0.1,5,1,300,0.1,1.0,1.0,"{'clf__colsample_bytree': 0.8, 'clf__learning_rate': 0.1, 'clf__max_depth': 5, 'clf__min_child_weight': 1, 'clf__n_estimators': 300, 'clf__reg_alpha': 0.1, 'clf__reg_lambda': 1.0, 'clf__subsample': 1.0}",0.8366396160916709,0.8334264206050339,0.7974971151341014,0.7970099667774085,0.8518190254322109,0.823278428808085,0.022139453249854623,308,1.0,1.0,1.0,1.0,1.0,1.0,0.0
40.896606016159055,0.43089153825371984,0.020704317092895507,0.0011832024304178827,0.8,0.1,5,1,300,0.1,10.0,0.8,"{'clf__colsample_bytree': 0.8, 'clf__learning_rate': 0.1, 'clf__max_depth': 5, 'clf__min_child_weight': 1, 'clf__n_estimators': 300, 'clf__reg_alpha': 0.1, 'clf__reg_lambda': 10.0, 'clf__subsample': 0.8}",0.8347695580203531,0.8238509629066526,0.784274656181952,0.8141867032559718,0.8381185003326106,0.819040076139508,0.01932220046780367,810,1.0,1.0,1.0,1.0,1.0,1.0,0.0
43.28604955673218,0.4829170721204241,0.023503971099853516,0.0020442965037788326,0.8,0.1,5,1,300,0.1,10.0,1.0,"{'clf__colsample_bytree': 0.8, 'clf__learning_rate': 0.1, 'clf__max_depth': 5, 'clf__min_child_weight': 1, 'clf__n_estimators': 300, 'clf__reg_alpha': 0.1, 'clf__reg_lambda': 10.0, 'clf__subsample': 1.0}",0.8089530172799714,0.8313736914320605,0.8048468288890007,0.8176004073126836,0.8527132028435913,0.8230974295514615,0.01737214215315543,332,1.0,1.0,1.0,1.0,1.0,1.0,0.0
32.98834147453308,0.5046080578226974,0.023600149154663085,0.0017808030849532988,0.8,0.1,5,1,600,0.0,1.0,0.8,"{'clf__colsample_bytree': 0.8, 'clf__learning_rate': 0.1, 'clf__max_depth': 5, 'clf__min_child_weight': 1, 'clf__n_estimators': 600, 'clf__reg_alpha': 0.0, 'clf__reg_lambda': 1.0, 'clf__subsample': 0.8}",0.8347858857276667,0.8234618261762878,0.7932307717004438,0.8130295452782009,0.8619638284250961,0.8252943714615391,0.022876173326131143,153,1.0,1.0,1.0,1.0,1.0,1.0,0.0
34.35104775428772,0.7948896412144228,0.024738550186157227,0.002098255220884856,0.8,0.1,5,1,600,0.0,1.0,1.0,"{'clf__colsample_bytree': 0.8, 'clf__learning_rate': 0.1, 'clf__max_depth': 5, 'clf__min_child_weight': 1, 'clf__n_estimators': 600, 'clf__reg_alpha': 0.0, 'clf__reg_lambda': 1.0, 'clf__subsample': 1.0}",0.8399149271580779,0.8309275572770038,0.8003174364155673,0.8021698726108857,0.8450057627696352,0.8236671112462342,0.01886468781056833,271,1.0,1.0,1.0,1.0,1.0,1.0,0.0
58.639456558227536,0.6768891007357195,0.03126688003540039,0.000757341987201124,0.8,0.1,5,1,600,0.0,10.0,0.8,"{'clf__colsample_bytree': 0.8, 'clf__learning_rate': 0.1, 'clf__max_depth': 5, 'clf__min_child_weight': 1, 'clf__n_estimators': 600, 'clf__reg_alpha': 0.0, 'clf__reg_lambda': 10.0, 'clf__subsample': 0.8}",0.8347695580203531,0.8209835035605431,0.7953766047383878,0.7959839297187701,0.8512534061677601,0.8196734004411628,0.02181023800906613,730,1.0,1.0,1.0,1.0,1.0,1.0,0.0
61.96627759933472,1.2431148984411367,0.030074596405029297,0.0012561407338009532,0.8,0.1,5,1,600,0.0,10.0,1.0,"{'clf__colsample_bytree': 0.8, 'clf__learning_rate': 0.1, 'clf__max_depth': 5, 'clf__min_child_weight': 1, 'clf__n_estimators': 600, 'clf__reg_alpha': 0.0, 'clf__reg_lambda': 10.0, 'clf__subsample': 1.0}",0.8334346209346211,0.8302712195985035,0.8042558792558792,0.8018879334679608,0.8588218500190331,0.8257343006551995,0.02099826803640387,129,1.0,1.0,1.0,1.0,1.0,1.0,0.0
36.74748187065124,0.7589783831370849,0.02648196220397949,0.001642280474184352,0.8,0.1,5,1,600,0.1,1.0,0.8,"{'clf__colsample_bytree': 0.8, 'clf__learning_rate': 0.1, 'clf__max_depth': 5, 'clf__min_child_weight': 1, 'clf__n_estimators': 600, 'clf__reg_alpha': 0.1, 'clf__reg_lambda': 1.0, 'clf__subsample': 0.8}",0.8405985412437025,0.8267730844544336,0.7859464644307614,0.812456292885987,0.8441232893134036,0.8219795344656576,0.021208798551437803,444,1.0,1.0,1.0,1.0,1.0,1.0,0.0
40.14829158782959,1.226379824392363,0.02745785713195801,0.0014192337981956099,0.8,0.1,5,1,600,0.1,1.0,1.0,"{'clf__colsample_bytree': 0.8, 'clf__learning_rate': 0.1, 'clf__max_depth': 5, 'clf__min_child_weight': 1, 'clf__n_estimators': 600, 'clf__reg_alpha': 0.1, 'clf__reg_lambda': 1.0, 'clf__subsample': 1.0}",0.8366396160916709,0.8289262709914883,0.7948789608673329,0.7908323208938804,0.8518190254322109,0.8206192388553166,0.02387009989375934,617,1.0,1.0,1.0,1.0,1.0,1.0,0.0
60.58410878181458,1.0403330004030136,0.03197789192199707,0.0018699638056101644,0.8,0.1,5,1,600,0.1,10.0,0.8,"{'clf__colsample_bytree': 0.8, 'clf__learning_rate': 0.1, 'clf__max_depth': 5, 'clf__min_child_weight': 1, 'clf__n_estimators': 600, 'clf__reg_alpha': 0.1, 'clf__reg_lambda': 10.0, 'clf__subsample': 0.8}",0.8355744425353933,0.8301906656773885,0.784274656181952,0.8092567627810767,0.8381185003326106,0.8194830055016842,0.020322765076842938,760,1.0,1.0,1.0,1.0,1.0,1.0,0.0
64.32828750610352,0.9470085758321769,0.03168401718139648,0.001972329661758705,0.8,0.1,5,1,600,0.1,10.0,1.0,"{'clf__colsample_bytree': 0.8, 'clf__learning_rate': 0.1, 'clf__max_depth': 5, 'clf__min_child_weight': 1, 'clf__n_estimators': 600, 'clf__reg_alpha': 0.1, 'clf__reg_lambda': 10.0, 'clf__subsample': 1.0}",0.8206322636308339,0.8305475293075032,0.8045874301137459,0.8253440540132445,0.8577160353989883,0.8277654624928632,0.017313252976630788,45,1.0,1.0,1.0,1.0,1.0,1.0,0.0
39.31563563346863,0.4134913215961643,0.03094310760498047,0.0020204764298958574,0.8,0.1,5,1,1000,0.0,1.0,0.8,"{'clf__colsample_bytree': 0.8, 'clf__learning_rate': 0.1, 'clf__max_depth': 5, 'clf__min_child_weight': 1, 'clf__n_estimators': 1000, 'clf__reg_alpha': 0.0, 'clf__reg_lambda': 1.0, 'clf__subsample': 0.8}",0.8347896135053474,0.8221014579246131,0.7932307717004438,0.8103927261858377,0.8589439979528173,0.8238917134538118,0.02223937002460574,248,1.0,1.0,1.0,1.0,1.0,1.0,0.0
41.12550129890442,1.2701483041371957,0.03351469039916992,0.002270126267654156,0.8,0.1,5,1,1000,0.0,1.0,1.0,"{'clf__colsample_bytree': 0.8, 'clf__learning_rate': 0.1, 'clf__max_depth': 5, 'clf__min_child_weight': 1, 'clf__n_estimators': 1000, 'clf__reg_alpha': 0.0, 'clf__reg_lambda': 1.0, 'clf__subsample': 1.0}",0.8399149271580779,0.8336518685857687,0.8053392596041528,0.8051762873506831,0.8530569291719985,0.8274278543741362,0.019154910955283735,55,1.0,1.0,1.0,1.0,1.0,1.0,0.0
74.62315473556518,1.0268825376195632,0.043702554702758786,0.0024347454035850407,0.8,0.1,5,1,1000,0.0,10.0,0.8,"{'clf__colsample_bytree': 0.8, 'clf__learning_rate': 0.1, 'clf__max_depth': 5, 'clf__min_child_weight': 1, 'clf__n_estimators': 1000, 'clf__reg_alpha': 0.0, 'clf__reg_lambda': 10.0, 'clf__subsample': 0.8}",0.8347695580203531,0.8172501932401096,0.7988702947723622,0.805935506485972,0.8515232691155388,0.8216697643268672,0.01923409282155313,480,1.0,1.0,1.0,1.0,1.0,1.0,0.0
78.78112144470215,1.5336682271479118,0.04407005310058594,0.0006565257116969904,0.8,0.1,5,1,1000,0.0,10.0,1.0,"{'clf__colsample_bytree': 0.8, 'clf__learning_rate': 0.1, 'clf__max_depth': 5, 'clf__min_child_weight': 1, 'clf__n_estimators': 1000, 'clf__reg_alpha': 0.0, 'clf__reg_lambda': 10.0, 'clf__subsample': 1.0}",0.8297903010231777,0.833571722464334,0.8042558792558792,0.7957673563545253,0.8606069964826276,0.8247984511161087,0.023017134915532242,182,1.0,1.0,1.0,1.0,1.0,1.0,0.0
45.5213442325592,0.520023511007857,0.03321185111999512,0.0015091748154022428,0.8,0.1,5,1,1000,0.1,1.0,0.8,"{'clf__colsample_bytree': 0.8, 'clf__learning_rate': 0.1, 'clf__max_depth': 5, 'clf__min_child_weight': 1, 'clf__n_estimators': 1000, 'clf__reg_alpha': 0.1, 'clf__reg_lambda': 1.0, 'clf__subsample': 0.8}",0.8420057337488531,0.8294342694342693,0.7960740446721755,0.8164845729729668,0.8441232893134036,0.8256243820283338,0.017786691903837613,132,1.0,1.0,1.0,1.0,1.0,1.0,0.0
46.020311546325686,1.14684659979107,0.03416318893432617,0.0013918549065624576,0.8,0.1,5,1,1000,0.1,1.0,1.0,"{'clf__colsample_bytree': 0.8, 'clf__learning_rate': 0.1, 'clf__max_depth': 5, 'clf__min_child_weight': 1, 'clf__n_estimators': 1000, 'clf__reg_alpha': 0.1, 'clf__reg_lambda': 1.0, 'clf__subsample': 1.0}",0.8366396160916709,0.8289262709914883,0.7948789608673329,0.7971228973251219,0.8486743872114474,0.8212484264974125,0.021565765508084332,536,1.0,1.0,1.0,1.0,1.0,1.0,0.0
79.32205390930176,0.9465637502058215,0.04375905990600586,0.002178862527217757,0.8,0.1,5,1,1000,0.1,10.0,0.8,"{'clf__colsample_bytree': 0.8, 'clf__learning_rate': 0.1, 'clf__max_depth': 5, 'clf__min_child_weight': 1, 'clf__n_estimators': 1000, 'clf__reg_alpha': 0.1, 'clf__reg_lambda': 10.0, 'clf__subsample': 0.8}",0.8285490703253862,0.8305280130071376,0.7790532041475438,0.8131336698516287,0.8464015971786272,0.8195331109020646,0.022819582152307952,755,1.0,1.0,1.0,1.0,1.0,1.0,0.0
85.25034399032593,1.2226651077308333,0.042259597778320314,0.0007222020858956634,0.8,0.1,5,1,1000,0.1,10.0,1.0,"{'clf__colsample_bytree': 0.8, 'clf__learning_rate': 0.1, 'clf__max_depth': 5, 'clf__min_child_weight': 1, 'clf__n_estimators': 1000, 'clf__reg_alpha': 0.1, 'clf__reg_lambda': 10.0, 'clf__subsample': 1.0}",0.8248206655740902,0.8365783438185865,0.8016192097082242,0.811919885325022,0.8577160353989883,0.8265308279649822,0.019547187838317246,94,1.0,1.0,1.0,1.0,1.0,1.0,0.0
19.96570701599121,0.47256139342042125,0.018692636489868165,0.0015592119636067146,0.8,0.1,5,3,300,0.0,1.0,0.8,"{'clf__colsample_bytree': 0.8, 'clf__learning_rate': 0.1, 'clf__max_depth': 5, 'clf__min_child_weight': 3, 'clf__n_estimators': 300, 'clf__reg_alpha': 0.0, 'clf__reg_lambda': 1.0, 'clf__subsample': 0.8}",0.8417486794757949,0.8233122511291525,0.7830893565598757,0.8140756965189055,0.8402358402424217,0.82049236478523,0.021399748373715412,639,1.0,1.0,1.0,1.0,1.0,1.0,0.0
20.594614362716676,0.3125551025516361,0.015967893600463866,0.0005737064520141211,0.8,0.1,5,3,300,0.0,1.0,1.0,"{'clf__colsample_bytree': 0.8, 'clf__learning_rate': 0.1, 'clf__max_depth': 5, 'clf__min_child_weight': 3, 'clf__n_estimators': 300, 'clf__reg_alpha': 0.0, 'clf__reg_lambda': 1.0, 'clf__subsample': 1.0}",0.8424659028914347,0.8346290143964563,0.7784463299563971,0.8138154001587645,0.8453362906568229,0.8229385876119751,0.02482914723750568,345,1.0,1.0,1.0,1.0,1.0,1.0,0.0
27.914634227752686,0.6481692485847671,0.0186337947845459,0.0012248843211295967,0.8,0.1,5,3,300,0.0,10.0,0.8,"{'clf__colsample_bytree': 0.8, 'clf__learning_rate': 0.1, 'clf__max_depth': 5, 'clf__min_child_weight': 3, 'clf__n_estimators': 300, 'clf__reg_alpha': 0.0, 'clf__reg_lambda': 10.0, 'clf__subsample': 0.8}",0.8284007088801609,0.8264547737063723,0.7955097441078749,0.8243941724562385,0.8468574759607117,0.8243233750222718,0.016487471337902716,214,1.0,1.0,1.0,1.0,1.0,1.0,0.0
30.05013976097107,1.0123275854899332,0.020027542114257814,0.0019264265251581398,0.8,0.1,5,3,300,0.0,10.0,1.0,"{'clf__colsample_bytree': 0.8, 'clf__learning_rate': 0.1, 'clf__max_depth': 5, 'clf__min_child_weight': 3, 'clf__n_estimators': 300, 'clf__reg_alpha': 0.0, 'clf__reg_lambda': 10.0, 'clf__subsample': 1.0}",0.8313346250660407,0.8575591590848136,0.7922813068921823,0.8080755282991016,0.8471450593582596,0.8272791357400795,0.024172746188415906,60,1.0,1.0,1.0,1.0,1.0,1.0,0.0
20.179069471359252,0.4056366280090977,0.017788028717041014,0.0012894130097833312,0.8,0.1,5,3,300,0.1,1.0,0.8,"{'clf__colsample_bytree': 0.8, 'clf__learning_rate': 0.1, 'clf__max_depth': 5, 'clf__min_child_weight': 3, 'clf__n_estimators': 300, 'clf__reg_alpha': 0.1, 'clf__reg_lambda': 1.0, 'clf__subsample': 0.8}",0.8403895238846695,0.8272251939966,0.7931449218279301,0.8083501049562697,0.8589050886220697,0.8256029666575078,0.02315811363023901,134,1.0,1.0,1.0,1.0,1.0,1.0,0.0
21.477148246765136,0.4358587506315282,0.01787409782409668,0.001339889273324876,0.8,0.1,5,3,300,0.1,1.0,1.0,"{'clf__colsample_bytree': 0.8, 'clf__learning_rate': 0.1, 'clf__max_depth': 5, 'clf__min_child_weight': 3, 'clf__n_estimators': 300, 'clf__reg_alpha': 0.1, 'clf__reg_lambda': 1.0, 'clf__subsample': 1.0}",0.8420481964940464,0.8324422890039165,0.7953814203814203,0.8074514220747617,0.8397811848393244,0.8234209025586938,0.018640049338702457,295,1.0,1.0,1.0,1.0,1.0,1.0,0.0
28.39907307624817,0.45491140965775323,0.01859893798828125,0.001127134332401183,0.8,0.1,5,3,300,0.1,10.0,0.8,"{'clf__colsample_bytree': 0.8, 'clf__learning_rate': 0.1, 'clf__max_depth': 5, 'clf__min_child_weight': 3, 'clf__n_estimators': 300, 'clf__reg_alpha': 0.1, 'clf__reg_lambda': 10.0, 'clf__subsample': 0.8}",0.833860527353678,0.8238400711197502,0.7947350448734601,0.8068727211447131,0.8371207041360518,0.8192858137255307,0.016174498275732384,781,1.0,1.0,1.0,1.0,1.0,1.0,0.0
30.489842081069945,0.8369364201045916,0.01931605339050293,0.001190934816510513,0.8,0.1,5,3,300,0.1,10.0,1.0,"{'clf__colsample_bytree': 0.8, 'clf__learning_rate': 0.1, 'clf__max_depth': 5, 'clf__min_child_weight': 3, 'clf__n_estimators': 300, 'clf__reg_alpha': 0.1, 'clf__reg_lambda': 10.0, 'clf__subsample': 1.0}",0.8305696515647971,0.8380514855514856,0.7938142953243624,0.8115603983777401,0.8448681389046987,0.8237727939446169,0.018664116006709634,259,1.0,1.0,1.0,1.0,1.0,1.0,0.0
25.24833264350891,0.3956803434795959,0.02236146926879883,0.0017853372005795106,0.8,0.1,5,3,600,0.0,1.0,0.8,"{'clf__colsample_bytree': 0.8, 'clf__learning_rate': 0.1, 'clf__max_depth': 5, 'clf__min_child_weight': 3, 'clf__n_estimators': 600, 'clf__reg_alpha': 0.0, 'clf__reg_lambda': 1.0, 'clf__subsample': 0.8}",0.8383447996974156,0.8209648332887769,0.7897892171299434,0.8044928711091806,0.8448113766775738,0.8196806195805781,0.020521790470845975,728,1.0,1.0,1.0,1.0,1.0,1.0,0.0
26.436673164367676,0.5355313103617972,0.023499822616577147,0.00089493484089961,0.8,0.1,5,3,600,0.0,1.0,1.0,"{'clf__colsample_bytree': 0.8, 'clf__learning_rate': 0.1, 'clf__max_depth': 5, 'clf__min_child_weight': 3, 'clf__n_estimators': 600, 'clf__reg_alpha': 0.0, 'clf__reg_lambda': 1.0, 'clf__subsample': 1.0}",0.8478685697863779,0.8343144796446771,0.7848505880084827,0.8184176526587786,0.848464693638167,0.8267831967472967,0.023663163310283786,81,1.0,1.0,1.0,1.0,1.0,1.0,0.0
38.755190229415895,0.5538625240246183,0.02481565475463867,0.0010881288086279522,0.8,0.1,5,3,600,0.0,10.0,0.8,"{'clf__colsample_bytree': 0.8, 'clf__learning_rate': 0.1, 'clf__max_depth': 5, 'clf__min_child_weight': 3, 'clf__n_estimators': 600, 'clf__reg_alpha': 0.0, 'clf__reg_lambda': 10.0, 'clf__subsample': 0.8}",0.818359299604072,0.8298105198396976,0.7959861015056026,0.8174967600259198,0.8311646938598197,0.8185634749670223,0.012619065707991168,856,1.0,1.0,1.0,1.0,1.0,1.0,0.0
40.7179979801178,0.9079759965482433,0.024777030944824217,0.000789693710365044,0.8,0.1,5,3,600,0.0,10.0,1.0,"{'clf__colsample_bytree': 0.8, 'clf__learning_rate': 0.1, 'clf__max_depth': 5, 'clf__min_child_weight': 3, 'clf__n_estimators': 600, 'clf__reg_alpha': 0.0, 'clf__reg_lambda': 10.0, 'clf__subsample': 1.0}",0.8337305603575638,0.8487315691783379,0.7962250424719517,0.8086333604309883,0.844355371006101,0.8263351806889885,0.020498741330963723,102,1.0,1.0,1.0,1.0,1.0,1.0,0.0
25.686598110198975,0.5552798524840675,0.0213716983795166,0.0010022157628591967,0.8,0.1,5,3,600,0.1,1.0,0.8,"{'clf__colsample_bytree': 0.8, 'clf__learning_rate': 0.1, 'clf__max_depth': 5, 'clf__min_child_weight': 3, 'clf__n_estimators': 600, 'clf__reg_alpha': 0.1, 'clf__reg_lambda': 1.0, 'clf__subsample': 0.8}",0.8403895238846695,0.8201303532428883,0.7955145900743755,0.8042023984428341,0.8589050886220697,0.8238283908533675,0.023260147155409992,254,1.0,1.0,1.0,1.0,1.0,1.0,0.0
27.539955568313598,0.5786908612359463,0.024013519287109375,0.002073094911501196,0.8,0.1,5,3,600,0.1,1.0,1.0,"{'clf__colsample_bytree': 0.8, 'clf__learning_rate': 0.1, 'clf__max_depth': 5, 'clf__min_child_weight': 3, 'clf__n_estimators': 600, 'clf__reg_alpha': 0.1, 'clf__reg_lambda': 1.0, 'clf__subsample': 1.0}",0.8420481964940464,0.8253174349349391,0.8035056318507022,0.8101347327126448,0.8456781948061018,0.8253368381596868,0.016737659591529428,148,1.0,1.0,1.0,1.0,1.0,1.0,0.0
38.91005573272705,0.7813357358732906,0.026794576644897462,0.0018060817147967283,0.8,0.1,5,3,600,0.1,10.0,0.8,"{'clf__colsample_bytree': 0.8, 'clf__learning_rate': 0.1, 'clf__max_depth': 5, 'clf__min_child_weight': 3, 'clf__n_estimators': 600, 'clf__reg_alpha': 0.1, 'clf__reg_lambda': 10.0, 'clf__subsample': 0.8}",0.8286568905346343,0.8265425459834883,0.7882278589035787,0.7997354831242358,0.8371207041360518,0.8160566965363977,0.018725579055493415,1055,1.0,1.0,1.0,1.0,1.0,1.0,0.0
42.09099583625793,0.8439298565509543,0.026993560791015624,0.0014188321685177916,0.8,0.1,5,3,600,0.1,10.0,1.0,"{'clf__colsample_bytree': 0.8, 'clf__learning_rate': 0.1, 'clf__max_depth': 5, 'clf__min_child_weight': 3, 'clf__n_estimators': 600, 'clf__reg_alpha': 0.1, 'clf__reg_lambda': 10.0, 'clf__subsample': 1.0}",0.8323023529506761,0.8406099684398673,0.7815284856436393,0.8053051046619665,0.8417456690821178,0.8202983161556533,0.023428807969114084,663,1.0,1.0,1.0,1.0,1.0,1.0,0.0
29.531013631820677,0.5219531234305578,0.029147768020629884,0.0011524696857912891,0.8,0.1,5,3,1000,0.0,1.0,0.8,"{'clf__colsample_bytree': 0.8, 'clf__learning_rate': 0.1, 'clf__max_depth': 5, 'clf__min_child_weight': 3, 'clf__n_estimators': 1000, 'clf__reg_alpha': 0.0, 'clf__reg_lambda': 1.0, 'clf__subsample': 0.8}",0.836143632376509,0.8166740260567932,0.7897892171299434,0.8044928711091806,0.8430173004198552,0.8180234094184563,0.019672839063132615,904,1.0,1.0,1.0,1.0,1.0,1.0,0.0
31.11665782928467,0.49035146825592274,0.029087257385253907,0.0020155006306908896,0.8,0.1,5,3,1000,0.0,1.0,1.0,"{'clf__colsample_bytree': 0.8, 'clf__learning_rate': 0.1, 'clf__max_depth': 5, 'clf__min_child_weight': 3, 'clf__n_estimators': 1000, 'clf__reg_alpha': 0.0, 'clf__reg_lambda': 1.0, 'clf__subsample': 1.0}",0.8493743718055644,0.8373173250026476,0.7955439149056979,0.8158023333944169,0.848464693638167,0.8293005277492987,0.020766336552832613,24,1.0,1.0,1.0,1.0,1.0,1.0,0.0
47.512157917022705,0.8940560068400406,0.03361778259277344,0.0011767932944277042,0.8,0.1,5,3,1000,0.0,10.0,0.8,"{'clf__colsample_bytree': 0.8, 'clf__learning_rate': 0.1, 'clf__max_depth': 5, 'clf__min_child_weight': 3, 'clf__n_estimators': 1000, 'clf__reg_alpha': 0.0, 'clf__reg_lambda': 10.0, 'clf__subsample': 0.8}",0.8092569994952644,0.8298105198396976,0.7959861015056026,0.8137301712772959,0.844191383251773,0.8185950350739267,0.016751058616683308,852,1.0,1.0,1.0,1.0,1.0,1.0,0.0
50.70836143493652,0.8409028294997186,0.03490591049194336,0.0012060472860644911,0.8,0.1,5,3,1000,0.0,10.0,1.0,"{'clf__colsample_bytree': 0.8, 'clf__learning_rate': 0.1, 'clf__max_depth': 5, 'clf__min_child_weight': 3, 'clf__n_estimators': 1000, 'clf__reg_alpha': 0.0, 'clf__reg_lambda': 10.0, 'clf__subsample': 1.0}",0.8378709123427432,0.839505981136416,0.8012364139356708,0.8018337276724514,0.8440465412835799,0.8248987152741722,0.019184303538800903,174,1.0,1.0,1.0,1.0,1.0,1.0,0.0
30.8245792388916,0.8637437008672025,0.028214693069458008,0.0012918358730063164,0.8,0.1,5,3,1000,0.1,1.0,0.8,"{'clf__colsample_bytree': 0.8, 'clf__learning_rate': 0.1, 'clf__max_depth': 5, 'clf__min_child_weight': 3, 'clf__n_estimators': 1000, 'clf__reg_alpha': 0.1, 'clf__reg_lambda': 1.0, 'clf__subsample': 0.8}",0.8441432260267681,0.8187226243178038,0.8013114943612126,0.8051033517095164,0.8524871126226924,0.8243535618075987,0.02057348978375337,212,1.0,1.0,1.0,1.0,1.0,1.0,0.0
33.60210285186768,1.1088552711040116,0.029057979583740234,0.001678307313007064,0.8,0.1,5,3,1000,0.1,1.0,1.0,"{'clf__colsample_bytree': 0.8, 'clf__learning_rate': 0.1, 'clf__max_depth': 5, 'clf__min_child_weight': 3, 'clf__n_estimators': 1000, 'clf__reg_alpha': 0.1, 'clf__reg_lambda': 1.0, 'clf__subsample': 1.0}",0.8420481964940464,0.8280624331539148,0.8115489980561991,0.8167365108603882,0.8456781948061018,0.82881486667413,0.013446604837702242,28,1.0,1.0,1.0,1.0,1.0,1.0,0.0
48.84357104301453,1.2298116990399062,0.036328363418579104,0.002302048046073517,0.8,0.1,5,3,1000,0.1,10.0,0.8,"{'clf__colsample_bytree': 0.8, 'clf__learning_rate': 0.1, 'clf__max_depth': 5, 'clf__min_child_weight': 3, 'clf__n_estimators': 1000, 'clf__reg_alpha': 0.1, 'clf__reg_lambda': 10.0, 'clf__subsample': 0.8}",0.828217794136928,0.8265425459834883,0.7972919297089913,0.8127291747839686,0.8423265362066702,0.8214215961640093,0.01527892630263385,511,1.0,1.0,1.0,1.0,1.0,1.0,0.0
52.80241661071777,1.0403997431422138,0.0353602409362793,0.0010477640281904683,0.8,0.1,5,3,1000,0.1,10.0,1.0,"{'clf__colsample_bytree': 0.8, 'clf__learning_rate': 0.1, 'clf__max_depth': 5, 'clf__min_child_weight': 3, 'clf__n_estimators': 1000, 'clf__reg_alpha': 0.1, 'clf__reg_lambda': 10.0, 'clf__subsample': 1.0}",0.8323023529506761,0.8409476627048186,0.7865341237709659,0.7957673563545253,0.838974621773543,0.8189052235109058,0.02302773086687916,821,1.0,1.0,1.0,1.0,1.0,1.0,0.0
16.72875294685364,0.20797606477564726,0.015178489685058593,0.0008122961143862427,0.8,0.1,5,5,300,0.0,1.0,0.8,"{'clf__colsample_bytree': 0.8, 'clf__learning_rate': 0.1, 'clf__max_depth': 5, 'clf__min_child_weight': 5, 'clf__n_estimators': 300, 'clf__reg_alpha': 0.0, 'clf__reg_lambda': 1.0, 'clf__subsample': 0.8}",0.8266261527442027,0.8198758263379513,0.801609657947686,0.8115665286241251,0.8530096947956414,0.8225375720899214,0.017382134676042035,384,1.0,1.0,1.0,1.0,1.0,1.0,0.0
17.694488096237183,0.45501260681919836,0.015646886825561524,0.0008508430627737857,0.8,0.1,5,5,300,0.0,1.0,1.0,"{'clf__colsample_bytree': 0.8, 'clf__learning_rate': 0.1, 'clf__max_depth': 5, 'clf__min_child_weight': 5, 'clf__n_estimators': 300, 'clf__reg_alpha': 0.0, 'clf__reg_lambda': 1.0, 'clf__subsample': 1.0}",0.844184737929792,0.8336212624584718,0.8005393640176248,0.7930512473581054,0.8351358939802336,0.8213065011488455,0.02047414233519454,529,1.0,1.0,1.0,1.0,1.0,1.0,0.0
22.246165418624877,0.5082590751617888,0.017928123474121094,0.00015549841777083275,0.8,0.1,5,5,300,0.0,10.0,0.8,"{'clf__colsample_bytree': 0.8, 'clf__learning_rate': 0.1, 'clf__max_depth': 5, 'clf__min_child_weight': 5, 'clf__n_estimators': 300, 'clf__reg_alpha': 0.0, 'clf__reg_lambda': 10.0, 'clf__subsample': 0.8}",0.8297950391902005,0.824564592584428,0.7897892171299434,0.8126842232786889,0.8473234649603918,0.8208313074287303,0.01911076485174575,592,1.0,1.0,1.0,1.0,1.0,1.0,0.0
23.931248283386232,0.5984208096889695,0.018474245071411134,0.001742209077718782,0.8,0.1,5,5,300,0.0,10.0,1.0,"{'clf__colsample_bytree': 0.8, 'clf__learning_rate': 0.1, 'clf__max_depth': 5, 'clf__min_child_weight': 5, 'clf__n_estimators': 300, 'clf__reg_alpha': 0.0, 'clf__reg_lambda': 10.0, 'clf__subsample': 1.0}",0.8359993922886556,0.8430941765963192,0.7909726117089344,0.8073259722285592,0.8479706223992698,0.8250725550443476,0.0221189667083825,165,1.0,1.0,1.0,1.0,1.0,1.0,0.0
17.146454524993896,0.33079656353783043,0.015665102005004882,0.0007999307578672081,0.8,0.1,5,5,300,0.1,1.0,0.8,"{'clf__colsample_bytree': 0.8, 'clf__learning_rate': 0.1, 'clf__max_depth': 5, 'clf__min_child_weight': 5, 'clf__n_estimators': 300, 'clf__reg_alpha': 0.1, 'clf__reg_lambda': 1.0, 'clf__subsample': 0.8}",0.8280416778583579,0.8166740260567932,0.7918927483985618,0.811185931247935,0.8511271935442553,0.8197843154211807,0.019555590836152176,717,1.0,1.0,1.0,1.0,1.0,1.0,0.0
18.41872320175171,0.4057155674142328,0.01603865623474121,0.0008505555592595633,0.8,0.1,5,5,300,0.1,1.0,1.0,"{'clf__colsample_bytree': 0.8, 'clf__learning_rate': 0.1, 'clf__max_depth': 5, 'clf__min_child_weight': 5, 'clf__n_estimators': 300, 'clf__reg_alpha': 0.1, 'clf__reg_lambda': 1.0, 'clf__subsample': 1.0}",0.8398926237161531,0.8388413002233336,0.8061495083863505,0.80483905402974,0.8383549041999745,0.8256154781111104,0.01644163014533299,133,1.0,1.0,1.0,1.0,1.0,1.0,0.0
22.763889026641845,0.3689179536169548,0.01761736869812012,0.001142361095720856,0.8,0.1,5,5,300,0.1,10.0,0.8,"{'clf__colsample_bytree': 0.8, 'clf__learning_rate': 0.1, 'clf__max_depth': 5, 'clf__min_child_weight': 5, 'clf__n_estimators': 300, 'clf__reg_alpha': 0.1, 'clf__reg_lambda': 10.0, 'clf__subsample': 0.8}",0.8307434986825524,0.8294582461975191,0.7932943763263554,0.8110168081901453,0.8503185524974515,0.8229662963788048,0.01935969684923826,343,1.0,1.0,1.0,1.0,1.0,1.0,0.0
24.50877089500427,0.690945907299267,0.01741366386413574,0.0004504656026923823,0.8,0.1,5,5,300,0.1,10.0,1.0,"{'clf__colsample_bytree': 0.8, 'clf__learning_rate': 0.1, 'clf__max_depth': 5, 'clf__min_child_weight': 5, 'clf__n_estimators': 300, 'clf__reg_alpha': 0.1, 'clf__reg_lambda': 10.0, 'clf__subsample': 1.0}",0.8252897755115967,0.8422265459067263,0.8025838965844194,0.7993962391158014,0.8355707422127355,0.8210134398662559,0.017246155513071373,567,1.0,1.0,1.0,1.0,1.0,1.0,0.0
21.76132764816284,0.3728539373005745,0.021456098556518553,0.0008766451325783316,0.8,0.1,5,5,600,0.0,1.0,0.8,"{'clf__colsample_bytree': 0.8, 'clf__learning_rate': 0.1, 'clf__max_depth': 5, 'clf__min_child_weight': 5, 'clf__n_estimators': 600, 'clf__reg_alpha': 0.0, 'clf__reg_lambda': 1.0, 'clf__subsample': 0.8}",0.8186943132523725,0.8190984594617696,0.8021305051808566,0.81678066298737,0.8482291918546236,0.8209866265473984,0.014994803647679272,570,1.0,1.0,1.0,1.0,1.0,1.0,0.0
22.732430839538573,0.4137943630889907,0.022153186798095702,0.000930351154220588,0.8,0.1,5,5,600,0.0,1.0,1.0,"{'clf__colsample_bytree': 0.8, 'clf__learning_rate': 0.1, 'clf__max_depth': 5, 'clf__min_child_weight': 5, 'clf__n_estimators': 600, 'clf__reg_alpha': 0.0, 'clf__reg_lambda': 1.0, 'clf__subsample': 1.0}",0.844184737929792,0.8298347091897178,0.8134874684045299,0.7958630839056016,0.8210095380542843,0.8208759074967851,0.016148126437933855,585,1.0,1.0,1.0,1.0,1.0,1.0,0.0
30.946538591384886,0.47392256308512587,0.02233710289001465,0.0009630996644408622,0.8,0.1,5,5,600,0.0,10.0,0.8,"{'clf__colsample_bytree': 0.8, 'clf__learning_rate': 0.1, 'clf__max_depth': 5, 'clf__min_child_weight': 5, 'clf__n_estimators': 600, 'clf__reg_alpha': 0.0, 'clf__reg_lambda': 10.0, 'clf__subsample': 0.8}",0.8297950391902005,0.8208688825793502,0.8049578491683755,0.8008972594885908,0.8580516733153489,0.8229141407483732,0.020461414941070073,349,1.0,1.0,1.0,1.0,1.0,1.0,0.0
32.94838728904724,0.8650349559820676,0.023823118209838866,0.0008745434964672061,0.8,0.1,5,5,600,0.0,10.0,1.0,"{'clf__colsample_bytree': 0.8, 'clf__learning_rate': 0.1, 'clf__max_depth': 5, 'clf__min_child_weight': 5, 'clf__n_estimators': 600, 'clf__reg_alpha': 0.0, 'clf__reg_lambda': 10.0, 'clf__subsample': 1.0}",0.8305014384684151,0.84476859506568,0.7935444775317626,0.7999153330717017,0.8497176082647817,0.8236894904804682,0.022987503418480763,268,1.0,1.0,1.0,1.0,1.0,1.0,0.0
22.400138902664185,0.1613168041834475,0.02077174186706543,0.0011985667869836333,0.8,0.1,5,5,600,0.1,1.0,0.8,"{'clf__colsample_bytree': 0.8, 'clf__learning_rate': 0.1, 'clf__max_depth': 5, 'clf__min_child_weight': 5, 'clf__n_estimators': 600, 'clf__reg_alpha': 0.1, 'clf__reg_lambda': 1.0, 'clf__subsample': 0.8}",0.823742016147765,0.8254127162027588,0.7972445693974365,0.8062111816607551,0.8433250973345312,0.8191871161486493,0.016074809980394435,791,1.0,1.0,1.0,1.0,1.0,1.0,0.0
23.955887031555175,0.2400790077231132,0.02229022979736328,0.0007783634668379604,0.8,0.1,5,5,600,0.1,1.0,1.0,"{'clf__colsample_bytree': 0.8, 'clf__learning_rate': 0.1, 'clf__max_depth': 5, 'clf__min_child_weight': 5, 'clf__n_estimators': 600, 'clf__reg_alpha': 0.1, 'clf__reg_lambda': 1.0, 'clf__subsample': 1.0}",0.8382778904736488,0.8434188940373657,0.8050110184919037,0.8133242805412617,0.8463633471855811,0.8292790861459522,0.016830208265790243,25,1.0,1.0,1.0,1.0,1.0,1.0,0.0
31.597210550308226,0.36810574392040657,0.02263646125793457,0.0011074708469251053,0.8,0.1,5,5,600,0.1,10.0,0.8,"{'clf__colsample_bytree': 0.8, 'clf__learning_rate': 0.1, 'clf__max_depth': 5, 'clf__min_child_weight': 5, 'clf__n_estimators': 600, 'clf__reg_alpha': 0.1, 'clf__reg_lambda': 10.0, 'clf__subsample': 0.8}",0.8378153399705124,0.8351171609262011,0.7990671371466074,0.8141099047090662,0.8487501694326547,0.8269719424370082,0.01790153735403966,70,1.0,1.0,1.0,1.0,1.0,1.0,0.0
33.61092967987061,0.7375543267737055,0.024307727813720703,0.001917226580718053,0.8,0.1,5,5,600,0.1,10.0,1.0,"{'clf__colsample_bytree': 0.8, 'clf__learning_rate': 0.1, 'clf__max_depth': 5, 'clf__min_child_weight': 5, 'clf__n_estimators': 600, 'clf__reg_alpha': 0.1, 'clf__reg_lambda': 10.0, 'clf__subsample': 1.0}",0.8252897755115967,0.8267895390657247,0.7993072601819625,0.8027228633637346,0.8291898423201232,0.8166598560886283,0.012879742950374666,1016,1.0,1.0,1.0,1.0,1.0,1.0,0.0
26.499552536010743,0.44967364558975026,0.026660871505737305,0.0022106728092123273,0.8,0.1,5,5,1000,0.0,1.0,0.8,"{'clf__colsample_bytree': 0.8, 'clf__learning_rate': 0.1, 'clf__max_depth': 5, 'clf__min_child_weight': 5, 'clf__n_estimators': 1000, 'clf__reg_alpha': 0.0, 'clf__reg_lambda': 1.0, 'clf__subsample': 0.8}",0.8237685984777261,0.8130076944698194,0.798199659739944,0.7992225733042653,0.8373386311346144,0.8143074314252738,0.01489061725649398,1130,1.0,1.0,1.0,1.0,1.0,1.0,0.0
28.230297899246217,0.3654968645824944,0.028574323654174803,0.0009619746865690423,0.8,0.1,5,5,1000,0.0,1.0,1.0,"{'clf__colsample_bytree': 0.8, 'clf__learning_rate': 0.1, 'clf__max_depth': 5, 'clf__min_child_weight': 5, 'clf__n_estimators': 1000, 'clf__reg_alpha': 0.0, 'clf__reg_lambda': 1.0, 'clf__subsample': 1.0}",0.844184737929792,0.8316804334780614,0.8075784470156064,0.8098127015920908,0.8210095380542843,0.8228531716139671,0.013709313098425718,351,1.0,1.0,1.0,1.0,1.0,1.0,0.0
37.70809712409973,0.77022370938939,0.03062729835510254,0.001027471857072592,0.8,0.1,5,5,1000,0.0,10.0,0.8,"{'clf__colsample_bytree': 0.8, 'clf__learning_rate': 0.1, 'clf__max_depth': 5, 'clf__min_child_weight': 5, 'clf__n_estimators': 1000, 'clf__reg_alpha': 0.0, 'clf__reg_lambda': 10.0, 'clf__subsample': 0.8}",0.8254989916704687,0.8194029542751067,0.8162531098949326,0.8090499146428397,0.8532838594721925,0.824697765991108,0.015244731566063405,192,1.0,1.0,1.0,1.0,1.0,1.0,0.0
40.507870531082155,0.6909367329735258,0.034355974197387694,0.0017655512285769633,0.8,0.1,5,5,1000,0.0,10.0,1.0,"{'clf__colsample_bytree': 0.8, 'clf__learning_rate': 0.1, 'clf__max_depth': 5, 'clf__min_child_weight': 5, 'clf__n_estimators': 1000, 'clf__reg_alpha': 0.0, 'clf__reg_lambda': 10.0, 'clf__subsample': 1.0}",0.828317399312545,0.8407145796071911,0.7959739268486291,0.8087106774173843,0.8500040822429318,0.8247441330857364,0.01995337010452665,188,1.0,1.0,1.0,1.0,1.0,1.0,0.0
27.382160663604736,0.3678664253083745,0.027918434143066405,0.002039630651494051,0.8,0.1,5,5,1000,0.1,1.0,0.8,"{'clf__colsample_bytree': 0.8, 'clf__learning_rate': 0.1, 'clf__max_depth': 5, 'clf__min_child_weight': 5, 'clf__n_estimators': 1000, 'clf__reg_alpha': 0.1, 'clf__reg_lambda': 1.0, 'clf__subsample': 0.8}",0.822706607230177,0.8254127162027588,0.808668484745152,0.8144777940155444,0.839908183805349,0.8222347571997963,0.01064787584462761,416,1.0,1.0,1.0,1.0,1.0,1.0,0.0
29.620361375808717,0.7691867905938505,0.029912900924682618,0.003136035204973915,0.8,0.1,5,5,1000,0.1,1.0,1.0,"{'clf__colsample_bytree': 0.8, 'clf__learning_rate': 0.1, 'clf__max_depth': 5, 'clf__min_child_weight': 5, 'clf__n_estimators': 1000, 'clf__reg_alpha': 0.1, 'clf__reg_lambda': 1.0, 'clf__subsample': 1.0}",0.8322660531662797,0.8440511182027288,0.8078558781252887,0.8046014695537425,0.8354082830315224,0.8248365604159122,0.01570961734599186,179,1.0,1.0,1.0,1.0,1.0,1.0,0.0
39.93844361305237,0.9797238280817449,0.03239517211914063,0.001728265263835228,0.8,0.1,5,5,1000,0.1,10.0,0.8,"{'clf__colsample_bytree': 0.8, 'clf__learning_rate': 0.1, 'clf__max_depth': 5, 'clf__min_child_weight': 5, 'clf__n_estimators': 1000, 'clf__reg_alpha': 0.1, 'clf__reg_lambda': 10.0, 'clf__subsample': 0.8}",0.8341249294252631,0.8314004712836489,0.7992885011376792,0.8174964389017283,0.852949744491098,0.8270520170478834,0.01789832014388558,68,1.0,1.0,1.0,1.0,1.0,1.0,0.0
44.15147142410278,0.5664352768558288,0.03632011413574219,0.0025941799891386367,0.8,0.1,5,5,1000,0.1,10.0,1.0,"{'clf__colsample_bytree': 0.8, 'clf__learning_rate': 0.1, 'clf__max_depth': 5, 'clf__min_child_weight': 5, 'clf__n_estimators': 1000, 'clf__reg_alpha': 0.1, 'clf__reg_lambda': 10.0, 'clf__subsample': 1.0}",0.8257585728355269,0.8267895390657247,0.8071544580291604,0.8133597024500275,0.8244079587415597,0.8194940462243998,0.007829567753789662,757,1.0,1.0,1.0,1.0,1.0,1.0,0.0
31.939955472946167,0.5413470723404236,0.01987290382385254,0.0010081616490158819,0.8,0.1,7,1,300,0.0,1.0,0.8,"{'clf__colsample_bytree': 0.8, 'clf__learning_rate': 0.1, 'clf__max_depth': 7, 'clf__min_child_weight': 1, 'clf__n_estimators': 300, 'clf__reg_alpha': 0.0, 'clf__reg_lambda': 1.0, 'clf__subsample': 0.8}",0.8416177923374419,0.83533570531483,0.8006376838011909,0.8087463003906903,0.8456781948061018,0.8264031353300509,0.018212231190893057,99,1.0,1.0,1.0,1.0,1.0,1.0,0.0
33.457018280029295,0.8515545654305486,0.021404743194580078,0.0031122298000022404,0.8,0.1,7,1,300,0.0,1.0,1.0,"{'clf__colsample_bytree': 0.8, 'clf__learning_rate': 0.1, 'clf__max_depth': 7, 'clf__min_child_weight': 1, 'clf__n_estimators': 300, 'clf__reg_alpha': 0.0, 'clf__reg_lambda': 1.0, 'clf__subsample': 1.0}",0.843650109075641,0.8176862796070388,0.7820555605439327,0.7907767455697916,0.8528009295269399,0.8173939248646688,0.027929922614467417,960,1.0,1.0,1.0,1.0,1.0,1.0,0.0
53.37483344078064,1.3248016499433704,0.027939891815185545,0.0021165784032353887,0.8,0.1,7,1,300,0.0,10.0,0.8,"{'clf__colsample_bytree': 0.8, 'clf__learning_rate': 0.1, 'clf__max_depth': 7, 'clf__min_child_weight': 1, 'clf__n_estimators': 300, 'clf__reg_alpha': 0.0, 'clf__reg_lambda': 10.0, 'clf__subsample': 0.8}",0.8383447996974156,0.8147657211904202,0.7842937276899541,0.8109994561183016,0.8453607175740296,0.8187528844540243,0.021703762498630826,832,1.0,1.0,1.0,1.0,1.0,1.0,0.0
57.74484796524048,1.349958922069326,0.02771415710449219,0.0021834453689667777,0.8,0.1,7,1,300,0.0,10.0,1.0,"{'clf__colsample_bytree': 0.8, 'clf__learning_rate': 0.1, 'clf__max_depth': 7, 'clf__min_child_weight': 1, 'clf__n_estimators': 300, 'clf__reg_alpha': 0.0, 'clf__reg_lambda': 10.0, 'clf__subsample': 1.0}",0.822915368653665,0.8338724045108142,0.8095238095238095,0.8177681303867264,0.8540979858445211,0.8276355397839072,0.015406752349911521,48,1.0,1.0,1.0,1.0,1.0,1.0,0.0
35.3719181060791,0.5614442504840867,0.024817705154418945,0.0018571611263072225,0.8,0.1,7,1,300,0.1,1.0,0.8,"{'clf__colsample_bytree': 0.8, 'clf__learning_rate': 0.1, 'clf__max_depth': 7, 'clf__min_child_weight': 1, 'clf__n_estimators': 300, 'clf__reg_alpha': 0.1, 'clf__reg_lambda': 1.0, 'clf__subsample': 0.8}",0.850385930653799,0.8373221005573948,0.7934573123945278,0.8063242319051299,0.8520650261051572,0.8279109203232018,0.023791399475644615,38,1.0,1.0,1.0,1.0,1.0,1.0,0.0
38.22695860862732,0.7614182090485416,0.023308563232421874,0.0023079223591387327,0.8,0.1,7,1,300,0.1,1.0,1.0,"{'clf__colsample_bytree': 0.8, 'clf__learning_rate': 0.1, 'clf__max_depth': 7, 'clf__min_child_weight': 1, 'clf__n_estimators': 300, 'clf__reg_alpha': 0.1, 'clf__reg_lambda': 1.0, 'clf__subsample': 1.0}",0.8533819133034379,0.8140659959708728,0.7896581871851274,0.7949069735321961,0.8558621151931012,0.8215750370369472,0.02819055770859138,494,1.0,1.0,1.0,1.0,1.0,1.0,0.0
55.419306468963626,0.9545134465843991,0.027962779998779295,0.0018831034638981147,0.8,0.1,7,1,300,0.1,10.0,0.8,"{'clf__colsample_bytree': 0.8, 'clf__learning_rate': 0.1, 'clf__max_depth': 7, 'clf__min_child_weight': 1, 'clf__n_estimators': 300, 'clf__reg_alpha': 0.1, 'clf__reg_lambda': 10.0, 'clf__subsample': 0.8}",0.8411248790990773,0.8246668573482064,0.788485873775545,0.8103071807185058,0.840934876938398,0.8211039335759465,0.019936432466713217,556,1.0,1.0,1.0,1.0,1.0,1.0,0.0
59.74451422691345,1.3018352815370067,0.026864290237426758,0.0013070391979252167,0.8,0.1,7,1,300,0.1,10.0,1.0,"{'clf__colsample_bytree': 0.8, 'clf__learning_rate': 0.1, 'clf__max_depth': 7, 'clf__min_child_weight': 1, 'clf__n_estimators': 300, 'clf__reg_alpha': 0.1, 'clf__reg_lambda': 10.0, 'clf__subsample': 1.0}",0.8233795068746523,0.8216798941798941,0.8139208001910402,0.8020066394750812,0.8527132028435913,0.8227400087128519,0.016778415932511972,361,1.0,1.0,1.0,1.0,1.0,1.0,0.0
40.78321552276611,1.1718038312392336,0.0265169620513916,0.0026598542394807756,0.8,0.1,7,1,600,0.0,1.0,0.8,"{'clf__colsample_bytree': 0.8, 'clf__learning_rate': 0.1, 'clf__max_depth': 7, 'clf__min_child_weight': 1, 'clf__n_estimators': 600, 'clf__reg_alpha': 0.0, 'clf__reg_lambda': 1.0, 'clf__subsample': 0.8}",0.8416177923374419,0.83533570531483,0.7955634477363888,0.8056766041017304,0.8487875800835634,0.825396225914791,0.020918633110646165,145,1.0,1.0,1.0,1.0,1.0,1.0,0.0
43.58094148635864,1.2684943485368838,0.02856931686401367,0.0023683318146377505,0.8,0.1,7,1,600,0.0,1.0,1.0,"{'clf__colsample_bytree': 0.8, 'clf__learning_rate': 0.1, 'clf__max_depth': 7, 'clf__min_child_weight': 1, 'clf__n_estimators': 600, 'clf__reg_alpha': 0.0, 'clf__reg_lambda': 1.0, 'clf__subsample': 1.0}",0.8512822948328268,0.8237337440297621,0.7852256747866686,0.8097805295479713,0.8528009295269399,0.8245646345448338,0.025604435631514856,200,1.0,1.0,1.0,1.0,1.0,1.0,0.0
73.67586889266968,1.8564879285646438,0.03560185432434082,0.0024068663223401204,0.8,0.1,7,1,600,0.0,10.0,0.8,"{'clf__colsample_bytree': 0.8, 'clf__learning_rate': 0.1, 'clf__max_depth': 7, 'clf__min_child_weight': 1, 'clf__n_estimators': 600, 'clf__reg_alpha': 0.0, 'clf__reg_lambda': 10.0, 'clf__subsample': 0.8}",0.8383447996974156,0.8199049525863017,0.7900305966343703,0.7976004442180912,0.8520070319280688,0.8195775650128494,0.023494696352668137,746,1.0,1.0,1.0,1.0,1.0,1.0,0.0
78.02166185379028,1.6129963483191712,0.03809814453125,0.002986011506863088,0.8,0.1,7,1,600,0.0,10.0,1.0,"{'clf__colsample_bytree': 0.8, 'clf__learning_rate': 0.1, 'clf__max_depth': 7, 'clf__min_child_weight': 1, 'clf__n_estimators': 600, 'clf__reg_alpha': 0.0, 'clf__reg_lambda': 10.0, 'clf__subsample': 1.0}",0.833860527353678,0.8322596043248217,0.7995238095238095,0.828400722629637,0.8590747058969079,0.8306238739457708,0.018946016925424095,11,1.0,1.0,1.0,1.0,1.0,1.0,0.0
45.70045466423035,0.6798396975524382,0.029799365997314455,0.001179162533942334,0.8,0.1,7,1,600,0.1,1.0,0.8,"{'clf__colsample_bytree': 0.8, 'clf__learning_rate': 0.1, 'clf__max_depth': 7, 'clf__min_child_weight': 1, 'clf__n_estimators': 600, 'clf__reg_alpha': 0.1, 'clf__reg_lambda': 1.0, 'clf__subsample': 0.8}",0.8498796258207467,0.8328294824956255,0.7960403558977637,0.8006520789665482,0.854843745215071,0.8268490576791511,0.024434945791906332,75,1.0,1.0,1.0,1.0,1.0,1.0,0.0
48.30338816642761,0.9305407431998578,0.029328536987304688,0.001613354537585993,0.8,0.1,7,1,600,0.1,1.0,1.0,"{'clf__colsample_bytree': 0.8, 'clf__learning_rate': 0.1, 'clf__max_depth': 7, 'clf__min_child_weight': 1, 'clf__n_estimators': 600, 'clf__reg_alpha': 0.1, 'clf__reg_lambda': 1.0, 'clf__subsample': 1.0}",0.8533819133034379,0.8110790325523157,0.7896581871851274,0.7927303866603075,0.8558621151931012,0.8205423269788579,0.02878476654744056,631,1.0,1.0,1.0,1.0,1.0,1.0,0.0
75.15613436698914,1.4846529415174894,0.033814859390258786,0.0015789812987002606,0.8,0.1,7,1,600,0.1,10.0,0.8,"{'clf__colsample_bytree': 0.8, 'clf__learning_rate': 0.1, 'clf__max_depth': 7, 'clf__min_child_weight': 1, 'clf__n_estimators': 600, 'clf__reg_alpha': 0.1, 'clf__reg_lambda': 10.0, 'clf__subsample': 0.8}",0.8383447996974156,0.8257209760180608,0.7915388368760965,0.810337174068284,0.840934876938398,0.821375332719651,0.01844711698811914,517,1.0,1.0,1.0,1.0,1.0,1.0,0.0
80.9589759349823,1.694713834705207,0.03577322959899902,0.0014882785865690518,0.8,0.1,7,1,600,0.1,10.0,1.0,"{'clf__colsample_bytree': 0.8, 'clf__learning_rate': 0.1, 'clf__max_depth': 7, 'clf__min_child_weight': 1, 'clf__n_estimators': 600, 'clf__reg_alpha': 0.1, 'clf__reg_lambda': 10.0, 'clf__subsample': 1.0}",0.8246856489543642,0.832041057566796,0.8058988380041011,0.8121469844709281,0.8517343599376093,0.8253013777867597,0.016087271766491967,152,1.0,1.0,1.0,1.0,1.0,1.0,0.0
47.03215713500977,0.8714616784000225,0.0338170051574707,0.001689475337866384,0.8,0.1,7,1,1000,0.0,1.0,0.8,"{'clf__colsample_bytree': 0.8, 'clf__learning_rate': 0.1, 'clf__max_depth': 7, 'clf__min_child_weight': 1, 'clf__n_estimators': 1000, 'clf__reg_alpha': 0.0, 'clf__reg_lambda': 1.0, 'clf__subsample': 0.8}",0.8453703827137228,0.8328294824956255,0.7955634477363888,0.805376233607498,0.850998812581991,0.8260276718270452,0.021902117767018,115,1.0,1.0,1.0,1.0,1.0,1.0,0.0
48.98878540992737,1.537410479216829,0.03806824684143066,0.003383475294300734,0.8,0.1,7,1,1000,0.0,1.0,1.0,"{'clf__colsample_bytree': 0.8, 'clf__learning_rate': 0.1, 'clf__max_depth': 7, 'clf__min_child_weight': 1, 'clf__n_estimators': 1000, 'clf__reg_alpha': 0.0, 'clf__reg_lambda': 1.0, 'clf__subsample': 1.0}",0.8512822948328268,0.8237337440297621,0.7880990306284985,0.8082151493366446,0.8576565004036374,0.825797343846274,0.026073141010535133,127,1.0,1.0,1.0,1.0,1.0,1.0,0.0
88.485063123703,1.4234432170611047,0.04816622734069824,0.003261818159418232,0.8,0.1,7,1,1000,0.0,10.0,0.8,"{'clf__colsample_bytree': 0.8, 'clf__learning_rate': 0.1, 'clf__max_depth': 7, 'clf__min_child_weight': 1, 'clf__n_estimators': 1000, 'clf__reg_alpha': 0.0, 'clf__reg_lambda': 10.0, 'clf__subsample': 0.8}",0.8383447996974156,0.8165981657460492,0.7896848174775791,0.8137301712772959,0.8520070319280688,0.8220729972252817,0.021491341052496834,431,1.0,1.0,1.0,1.0,1.0,1.0,0.0
96.1755241394043,2.020817814220006,0.04724435806274414,0.002002123401005287,0.8,0.1,7,1,1000,0.0,10.0,1.0,"{'clf__colsample_bytree': 0.8, 'clf__learning_rate': 0.1, 'clf__max_depth': 7, 'clf__min_child_weight': 1, 'clf__n_estimators': 1000, 'clf__reg_alpha': 0.0, 'clf__reg_lambda': 10.0, 'clf__subsample': 1.0}",0.8307370990961576,0.8342388155551496,0.7995238095238095,0.8174902953071966,0.8487929941069055,0.8261566027178437,0.01663201661849865,107,1.0,1.0,1.0,1.0,1.0,1.0,0.0
53.22139630317688,1.1530405826454033,0.035212230682373044,0.0020522429277170192,0.8,0.1,7,1,1000,0.1,1.0,0.8,"{'clf__colsample_bytree': 0.8, 'clf__learning_rate': 0.1, 'clf__max_depth': 7, 'clf__min_child_weight': 1, 'clf__n_estimators': 1000, 'clf__reg_alpha': 0.1, 'clf__reg_lambda': 1.0, 'clf__subsample': 0.8}",0.8498796258207467,0.8328294824956255,0.7960403558977637,0.8003579516260745,0.854843745215071,0.8267902322110563,0.02449821456080139,79,1.0,1.0,1.0,1.0,1.0,1.0,0.0
53.22337169647217,1.6568578643794334,0.036367273330688475,0.003944549121818299,0.8,0.1,7,1,1000,0.1,1.0,1.0,"{'clf__colsample_bytree': 0.8, 'clf__learning_rate': 0.1, 'clf__max_depth': 7, 'clf__min_child_weight': 1, 'clf__n_estimators': 1000, 'clf__reg_alpha': 0.1, 'clf__reg_lambda': 1.0, 'clf__subsample': 1.0}",0.8533819133034379,0.8110790325523157,0.7922661608409273,0.7927303866603075,0.8558621151931012,0.821063921710018,0.02823885656784482,561,1.0,1.0,1.0,1.0,1.0,1.0,0.0
94.0104157447815,2.1279488134573703,0.04439754486083984,0.0017458904497336064,0.8,0.1,7,1,1000,0.1,10.0,0.8,"{'clf__colsample_bytree': 0.8, 'clf__learning_rate': 0.1, 'clf__max_depth': 7, 'clf__min_child_weight': 1, 'clf__n_estimators': 1000, 'clf__reg_alpha': 0.1, 'clf__reg_lambda': 10.0, 'clf__subsample': 0.8}",0.8383447996974156,0.8257209760180608,0.7915388368760965,0.8156031418415319,0.8439521883176981,0.8230319885501606,0.018581571316407062,336,1.0,1.0,1.0,1.0,1.0,1.0,0.0
100.45065441131592,1.7843796660841915,0.047665071487426755,0.0016010231934162121,0.8,0.1,7,1,1000,0.1,10.0,1.0,"{'clf__colsample_bytree': 0.8, 'clf__learning_rate': 0.1, 'clf__max_depth': 7, 'clf__min_child_weight': 1, 'clf__n_estimators': 1000, 'clf__reg_alpha': 0.1, 'clf__reg_lambda': 10.0, 'clf__subsample': 1.0}",0.835744227342609,0.8371275093592578,0.8016192097082242,0.8222857346096784,0.8476535462516771,0.8288860454542893,0.015838054849876673,27,1.0,1.0,1.0,1.0,1.0,1.0,0.0
23.80840120315552,0.420953512771372,0.01955757141113281,0.0003253618115187573,0.8,0.1,7,3,300,0.0,1.0,0.8,"{'clf__colsample_bytree': 0.8, 'clf__learning_rate': 0.1, 'clf__max_depth': 7, 'clf__min_child_weight': 3, 'clf__n_estimators': 300, 'clf__reg_alpha': 0.0, 'clf__reg_lambda': 1.0, 'clf__subsample': 0.8}",0.8329240367475661,0.8206387502746132,0.7961904761904762,0.8157030461327403,0.8368519979501288,0.8204616614591049,0.014392499037598894,644,1.0,1.0,1.0,1.0,1.0,1.0,0.0
24.720443534851075,0.7969332169879212,0.01840200424194336,0.001956709576111914,0.8,0.1,7,3,300,0.0,1.0,1.0,"{'clf__colsample_bytree': 0.8, 'clf__learning_rate': 0.1, 'clf__max_depth': 7, 'clf__min_child_weight': 3, 'clf__n_estimators': 300, 'clf__reg_alpha': 0.0, 'clf__reg_lambda': 1.0, 'clf__subsample': 1.0}",0.8431428871508199,0.8267796610687533,0.7977087275638651,0.7966492237119134,0.8505771224081082,0.822971524380692,0.022425553455806647,342,1.0,1.0,1.0,1.0,1.0,1.0,0.0
32.702551460266115,0.9927318440943576,0.022621583938598634,0.0014003743514216028,0.8,0.1,7,3,300,0.0,10.0,0.8,"{'clf__colsample_bytree': 0.8, 'clf__learning_rate': 0.1, 'clf__max_depth': 7, 'clf__min_child_weight': 3, 'clf__n_estimators': 300, 'clf__reg_alpha': 0.0, 'clf__reg_lambda': 10.0, 'clf__subsample': 0.8}",0.8292959403967197,0.8264452077962334,0.7895413671805939,0.8030122326499992,0.8476833748688555,0.8191956245784804,0.020529987380400433,790,1.0,1.0,1.0,1.0,1.0,1.0,0.0
36.289350271224976,0.824138388077109,0.02195568084716797,0.0010642747230714899,0.8,0.1,7,3,300,0.0,10.0,1.0,"{'clf__colsample_bytree': 0.8, 'clf__learning_rate': 0.1, 'clf__max_depth': 7, 'clf__min_child_weight': 3, 'clf__n_estimators': 300, 'clf__reg_alpha': 0.0, 'clf__reg_lambda': 10.0, 'clf__subsample': 1.0}",0.8359750029270576,0.8450094534360162,0.7878150905720296,0.821038138436351,0.8612243024197592,0.8302123975582427,0.02488211163283859,15,1.0,1.0,1.0,1.0,1.0,1.0,0.0
24.269191789627076,0.2876525734033802,0.01942591667175293,0.0009976196715721617,0.8,0.1,7,3,300,0.1,1.0,0.8,"{'clf__colsample_bytree': 0.8, 'clf__learning_rate': 0.1, 'clf__max_depth': 7, 'clf__min_child_weight': 3, 'clf__n_estimators': 300, 'clf__reg_alpha': 0.1, 'clf__reg_lambda': 1.0, 'clf__subsample': 0.8}",0.844095044740206,0.8197628083491462,0.7939811646446718,0.8249258145530356,0.8527939939154892,0.8271117652405098,0.020515510697610543,64,1.0,1.0,1.0,1.0,1.0,1.0,0.0
26.052224779129027,0.41290115208349126,0.02044506072998047,0.0014065780561357995,0.8,0.1,7,3,300,0.1,1.0,1.0,"{'clf__colsample_bytree': 0.8, 'clf__learning_rate': 0.1, 'clf__max_depth': 7, 'clf__min_child_weight': 3, 'clf__n_estimators': 300, 'clf__reg_alpha': 0.1, 'clf__reg_lambda': 1.0, 'clf__subsample': 1.0}",0.8528900474849833,0.8165105281894509,0.7926752502470328,0.8096460319226537,0.8430434031704699,0.8229530522029181,0.022068865327429434,344,1.0,1.0,1.0,1.0,1.0,1.0,0.0
34.065643882751466,0.6863952742472453,0.021011924743652342,0.0004491562694996598,0.8,0.1,7,3,300,0.1,10.0,0.8,"{'clf__colsample_bytree': 0.8, 'clf__learning_rate': 0.1, 'clf__max_depth': 7, 'clf__min_child_weight': 3, 'clf__n_estimators': 300, 'clf__reg_alpha': 0.1, 'clf__reg_lambda': 10.0, 'clf__subsample': 0.8}",0.8219821839376629,0.834692381085787,0.786166892563126,0.8197280202403542,0.8437323437389253,0.8212603643131711,0.019595049350743497,535,1.0,1.0,1.0,1.0,1.0,1.0,0.0
36.516453981399536,1.0041344807499162,0.019835662841796876,0.0019788820967459506,0.8,0.1,7,3,300,0.1,10.0,1.0,"{'clf__colsample_bytree': 0.8, 'clf__learning_rate': 0.1, 'clf__max_depth': 7, 'clf__min_child_weight': 3, 'clf__n_estimators': 300, 'clf__reg_alpha': 0.1, 'clf__reg_lambda': 10.0, 'clf__subsample': 1.0}",0.8410390584702511,0.8513682946043236,0.787224407887915,0.8089823033296051,0.8504644809288089,0.8278157090441809,0.02547508204054384,43,1.0,1.0,1.0,1.0,1.0,1.0,0.0
29.465368843078615,0.6487339556121559,0.026441001892089845,0.002265168782153683,0.8,0.1,7,3,600,0.0,1.0,0.8,"{'clf__colsample_bytree': 0.8, 'clf__learning_rate': 0.1, 'clf__max_depth': 7, 'clf__min_child_weight': 3, 'clf__n_estimators': 600, 'clf__reg_alpha': 0.0, 'clf__reg_lambda': 1.0, 'clf__subsample': 0.8}",0.8329240367475661,0.8169754679653843,0.7961904761904762,0.8093141632718531,0.845186218425655,0.8201180725201869,0.017271565901691918,681,1.0,1.0,1.0,1.0,1.0,1.0,0.0
31.015103340148926,0.4605701819860533,0.02784304618835449,0.002042749512322687,0.8,0.1,7,3,600,0.0,1.0,1.0,"{'clf__colsample_bytree': 0.8, 'clf__learning_rate': 0.1, 'clf__max_depth': 7, 'clf__min_child_weight': 3, 'clf__n_estimators': 600, 'clf__reg_alpha': 0.0, 'clf__reg_lambda': 1.0, 'clf__subsample': 1.0}",0.8403739711153088,0.8231256616002443,0.7977087275638651,0.7887233693188233,0.8503074856860111,0.8200478430568505,0.023742489999377548,688,1.0,1.0,1.0,1.0,1.0,1.0,0.0
44.429253816604614,0.19248449542211304,0.028819847106933593,0.0010019231337058234,0.8,0.1,7,3,600,0.0,10.0,0.8,"{'clf__colsample_bytree': 0.8, 'clf__learning_rate': 0.1, 'clf__max_depth': 7, 'clf__min_child_weight': 3, 'clf__n_estimators': 600, 'clf__reg_alpha': 0.0, 'clf__reg_lambda': 10.0, 'clf__subsample': 0.8}",0.826774727341376,0.8233090849558917,0.7913699413699414,0.8096012169568241,0.848969242807271,0.8200048426862608,0.01909910380778902,692,1.0,1.0,1.0,1.0,1.0,1.0,0.0
47.69341073036194,0.5781980927706296,0.0285245418548584,0.0013691162656148943,0.8,0.1,7,3,600,0.0,10.0,1.0,"{'clf__colsample_bytree': 0.8, 'clf__learning_rate': 0.1, 'clf__max_depth': 7, 'clf__min_child_weight': 3, 'clf__n_estimators': 600, 'clf__reg_alpha': 0.0, 'clf__reg_lambda': 10.0, 'clf__subsample': 1.0}",0.8359750029270576,0.8292933385099284,0.7914495733670718,0.7931561696657878,0.8446418449842512,0.8189031858908195,0.02226427840910718,822,1.0,1.0,1.0,1.0,1.0,1.0,0.0
29.561915922164918,0.7565070631808433,0.024201631546020508,0.002043159659923109,0.8,0.1,7,3,600,0.1,1.0,0.8,"{'clf__colsample_bytree': 0.8, 'clf__learning_rate': 0.1, 'clf__max_depth': 7, 'clf__min_child_weight': 3, 'clf__n_estimators': 600, 'clf__reg_alpha': 0.1, 'clf__reg_lambda': 1.0, 'clf__subsample': 0.8}",0.8404141271572463,0.820175541733122,0.7965864763984303,0.8189497993794935,0.855813824387768,0.826387953811212,0.020222085248973985,100,1.0,1.0,1.0,1.0,1.0,1.0,0.0
32.00484666824341,0.47421958709030226,0.02588362693786621,0.0016483329989998214,0.8,0.1,7,3,600,0.1,1.0,1.0,"{'clf__colsample_bytree': 0.8, 'clf__learning_rate': 0.1, 'clf__max_depth': 7, 'clf__min_child_weight': 3, 'clf__n_estimators': 600, 'clf__reg_alpha': 0.1, 'clf__reg_lambda': 1.0, 'clf__subsample': 1.0}",0.844184737929792,0.8162249194264781,0.7940409769924595,0.8067330633475165,0.8510370635025104,0.8224441522397512,0.021828720419299837,394,1.0,1.0,1.0,1.0,1.0,1.0,0.0
44.98161106109619,1.3548391251250127,0.028507471084594727,0.0014338705440610675,0.8,0.1,7,3,600,0.1,10.0,0.8,"{'clf__colsample_bytree': 0.8, 'clf__learning_rate': 0.1, 'clf__max_depth': 7, 'clf__min_child_weight': 3, 'clf__n_estimators': 600, 'clf__reg_alpha': 0.1, 'clf__reg_lambda': 10.0, 'clf__subsample': 0.8}",0.8219821839376629,0.8351891061568482,0.782014426994933,0.8207695184209671,0.8467545170009958,0.8213419505022813,0.02184002719015672,520,1.0,1.0,1.0,1.0,1.0,1.0,0.0
47.61907329559326,1.083222221253697,0.031069564819335937,0.0008357919143493539,0.8,0.1,7,3,600,0.1,10.0,1.0,"{'clf__colsample_bytree': 0.8, 'clf__learning_rate': 0.1, 'clf__max_depth': 7, 'clf__min_child_weight': 3, 'clf__n_estimators': 600, 'clf__reg_alpha': 0.1, 'clf__reg_lambda': 10.0, 'clf__subsample': 1.0}",0.8373570308501814,0.8375262334769378,0.7857253026657112,0.7966649582463277,0.8428682931962886,0.8200283636870893,0.023877475754537858,690,1.0,1.0,1.0,1.0,1.0,1.0,0.0
34.23912343978882,0.5098134084239144,0.0318814754486084,0.0017290068514298092,0.8,0.1,7,3,1000,0.0,1.0,0.8,"{'clf__colsample_bytree': 0.8, 'clf__learning_rate': 0.1, 'clf__max_depth': 7, 'clf__min_child_weight': 3, 'clf__n_estimators': 1000, 'clf__reg_alpha': 0.0, 'clf__reg_lambda': 1.0, 'clf__subsample': 0.8}",0.8329240367475661,0.8133923734630191,0.8020608232506462,0.8119271902612255,0.845186218425655,0.8210981284296224,0.015658811846195362,557,1.0,1.0,1.0,1.0,1.0,1.0,0.0
35.82515678405762,0.47560304843359325,0.03275623321533203,0.0016411167291006416,0.8,0.1,7,3,1000,0.0,1.0,1.0,"{'clf__colsample_bytree': 0.8, 'clf__learning_rate': 0.1, 'clf__max_depth': 7, 'clf__min_child_weight': 3, 'clf__n_estimators': 1000, 'clf__reg_alpha': 0.0, 'clf__reg_lambda': 1.0, 'clf__subsample': 1.0}",0.846942562236162,0.828124456157098,0.7977798356319483,0.7928001341381623,0.8503074856860111,0.8231908947698765,0.024054569198341164,322,1.0,1.0,1.0,1.0,1.0,1.0,0.0
52.15360984802246,1.2624309827263824,0.03653864860534668,0.0011012787567641796,0.8,0.1,7,3,1000,0.0,10.0,0.8,"{'clf__colsample_bytree': 0.8, 'clf__learning_rate': 0.1, 'clf__max_depth': 7, 'clf__min_child_weight': 3, 'clf__n_estimators': 1000, 'clf__reg_alpha': 0.0, 'clf__reg_lambda': 10.0, 'clf__subsample': 0.8}",0.8225078674407134,0.8233090849558917,0.7910504844467109,0.8096012169568241,0.848969242807271,0.8190875793214822,0.018965774717887803,802,1.0,1.0,1.0,1.0,1.0,1.0,0.0
56.73455176353455,0.9623168342515849,0.039643144607543944,0.0023814530523300747,0.8,0.1,7,3,1000,0.0,10.0,1.0,"{'clf__colsample_bytree': 0.8, 'clf__learning_rate': 0.1, 'clf__max_depth': 7, 'clf__min_child_weight': 3, 'clf__n_estimators': 1000, 'clf__reg_alpha': 0.0, 'clf__reg_lambda': 10.0, 'clf__subsample': 1.0}",0.8359750029270576,0.8292933385099284,0.7992142263759461,0.7992644922094874,0.844355371006101,0.821620486205704,0.018887195380949937,489,1.0,1.0,1.0,1.0,1.0,1.0,0.0
35.15264472961426,0.6181128272047313,0.029183149337768555,0.0010881870793020053,0.8,0.1,7,3,1000,0.1,1.0,0.8,"{'clf__colsample_bytree': 0.8, 'clf__learning_rate': 0.1, 'clf__max_depth': 7, 'clf__min_child_weight': 3, 'clf__n_estimators': 1000, 'clf__reg_alpha': 0.1, 'clf__reg_lambda': 1.0, 'clf__subsample': 0.8}",0.8441137876069382,0.8163713158219263,0.7998872908569629,0.8184547036061522,0.8527939939154892,0.8263242183614938,0.019375337205549965,103,1.0,1.0,1.0,1.0,1.0,1.0,0.0
37.414815521240236,0.5224164345918341,0.03241744041442871,0.002314621362229943,0.8,0.1,7,3,1000,0.1,1.0,1.0,"{'clf__colsample_bytree': 0.8, 'clf__learning_rate': 0.1, 'clf__max_depth': 7, 'clf__min_child_weight': 3, 'clf__n_estimators': 1000, 'clf__reg_alpha': 0.1, 'clf__reg_lambda': 1.0, 'clf__subsample': 1.0}",0.844184737929792,0.8221067638724917,0.7952437489793203,0.8067330633475165,0.8510370635025104,0.8238610755263261,0.021293113277517504,251,1.0,1.0,1.0,1.0,1.0,1.0,0.0
54.52473330497742,1.3578358820154268,0.03908977508544922,0.0019792114487498656,0.8,0.1,7,3,1000,0.1,10.0,0.8,"{'clf__colsample_bytree': 0.8, 'clf__learning_rate': 0.1, 'clf__max_depth': 7, 'clf__min_child_weight': 3, 'clf__n_estimators': 1000, 'clf__reg_alpha': 0.1, 'clf__reg_lambda': 10.0, 'clf__subsample': 0.8}",0.8214868065900764,0.8381951102588686,0.7837069621766342,0.8181409429127746,0.8520011435105774,0.8227061930897863,0.022984208055354203,365,1.0,1.0,1.0,1.0,1.0,1.0,0.0
59.05394506454468,1.1080714085830756,0.0385016918182373,0.0022589550357322487,0.8,0.1,7,3,1000,0.1,10.0,1.0,"{'clf__colsample_bytree': 0.8, 'clf__learning_rate': 0.1, 'clf__max_depth': 7, 'clf__min_child_weight': 3, 'clf__n_estimators': 1000, 'clf__reg_alpha': 0.1, 'clf__reg_lambda': 10.0, 'clf__subsample': 1.0}",0.8373570308501814,0.8259228580124314,0.7788574232661699,0.8007956234136847,0.8479706223992698,0.8181807115883475,0.025154216875571185,888,1.0,1.0,1.0,1.0,1.0,1.0,0.0
19.137858581542968,0.09948212120438726,0.015758514404296875,0.0014585032118382393,0.8,0.1,7,5,300,0.0,1.0,0.8,"{'clf__colsample_bytree': 0.8, 'clf__learning_rate': 0.1, 'clf__max_depth': 7, 'clf__min_child_weight': 5, 'clf__n_estimators': 300, 'clf__reg_alpha': 0.0, 'clf__reg_lambda': 1.0, 'clf__subsample': 0.8}",0.8296721254104217,0.8234618261762878,0.7895453305581862,0.8127702433856523,0.837231591857223,0.8185362234775541,0.01656203532986331,858,1.0,1.0,1.0,1.0,1.0,1.0,0.0
20.60017113685608,0.5784129092782593,0.017872190475463866,0.0011784009322013736,0.8,0.1,7,5,300,0.0,1.0,1.0,"{'clf__colsample_bytree': 0.8, 'clf__learning_rate': 0.1, 'clf__max_depth': 7, 'clf__min_child_weight': 5, 'clf__n_estimators': 300, 'clf__reg_alpha': 0.0, 'clf__reg_lambda': 1.0, 'clf__subsample': 1.0}",0.8401441238109933,0.81986402661124,0.7991458439571647,0.8141683464663123,0.8402358402424217,0.8227116362176264,0.015795142262759607,364,1.0,1.0,1.0,1.0,1.0,1.0,0.0
25.51665267944336,0.6213716344303067,0.01894664764404297,0.000376005828354313,0.8,0.1,7,5,300,0.0,10.0,0.8,"{'clf__colsample_bytree': 0.8, 'clf__learning_rate': 0.1, 'clf__max_depth': 7, 'clf__min_child_weight': 5, 'clf__n_estimators': 300, 'clf__reg_alpha': 0.0, 'clf__reg_lambda': 10.0, 'clf__subsample': 0.8}",0.8257321549660259,0.8176555631025829,0.7858099609043006,0.8069575865928285,0.8418747040485024,0.815605993922848,0.018758376987089563,1081,1.0,1.0,1.0,1.0,1.0,1.0,0.0
27.82824444770813,0.5806215669869967,0.01865983009338379,0.0007959771711585778,0.8,0.1,7,5,300,0.0,10.0,1.0,"{'clf__colsample_bytree': 0.8, 'clf__learning_rate': 0.1, 'clf__max_depth': 7, 'clf__min_child_weight': 5, 'clf__n_estimators': 300, 'clf__reg_alpha': 0.0, 'clf__reg_lambda': 10.0, 'clf__subsample': 1.0}",0.834016833966124,0.8448211254403916,0.7793343905309574,0.8106760691369014,0.8547733181127011,0.8247243474374152,0.027021375767381353,190,1.0,1.0,1.0,1.0,1.0,1.0,0.0
19.723986387252808,0.6244316287348062,0.017440986633300782,0.0014598806003387975,0.8,0.1,7,5,300,0.1,1.0,0.8,"{'clf__colsample_bytree': 0.8, 'clf__learning_rate': 0.1, 'clf__max_depth': 7, 'clf__min_child_weight': 5, 'clf__n_estimators': 300, 'clf__reg_alpha': 0.1, 'clf__reg_lambda': 1.0, 'clf__subsample': 0.8}",0.8330281445208922,0.816031746031746,0.7968477531857813,0.793689163969602,0.8310328776877641,0.8141259370791571,0.016510405982057906,1135,1.0,1.0,1.0,1.0,1.0,1.0,0.0
21.440257787704468,0.5654273977338794,0.018929576873779295,0.0010684778521841652,0.8,0.1,7,5,300,0.1,1.0,1.0,"{'clf__colsample_bytree': 0.8, 'clf__learning_rate': 0.1, 'clf__max_depth': 7, 'clf__min_child_weight': 5, 'clf__n_estimators': 300, 'clf__reg_alpha': 0.1, 'clf__reg_lambda': 1.0, 'clf__subsample': 1.0}",0.8376150161504714,0.8259454564823693,0.7940685547320618,0.8130601340250135,0.8439789192266766,0.8229336161233185,0.017878461285493613,346,1.0,1.0,1.0,1.0,1.0,1.0,0.0
26.207968187332153,0.5494675793762219,0.018834018707275392,0.0011290939520733237,0.8,0.1,7,5,300,0.1,10.0,0.8,"{'clf__colsample_bytree': 0.8, 'clf__learning_rate': 0.1, 'clf__max_depth': 7, 'clf__min_child_weight': 5, 'clf__n_estimators': 300, 'clf__reg_alpha': 0.1, 'clf__reg_lambda': 10.0, 'clf__subsample': 0.8}",0.822626344163984,0.8251959121923222,0.8010685190880201,0.8188129023080478,0.8559369444178297,0.8247281244340406,0.017739185597993104,189,1.0,1.0,1.0,1.0,1.0,1.0,0.0
28.364766120910645,0.6761931841054384,0.01993217468261719,0.0010113131876305886,0.8,0.1,7,5,300,0.1,10.0,1.0,"{'clf__colsample_bytree': 0.8, 'clf__learning_rate': 0.1, 'clf__max_depth': 7, 'clf__min_child_weight': 5, 'clf__n_estimators': 300, 'clf__reg_alpha': 0.1, 'clf__reg_lambda': 10.0, 'clf__subsample': 1.0}",0.8370577539528938,0.8384053231569217,0.7912569457165537,0.8012394615311708,0.8426824317899781,0.8221283832295037,0.02144614883683594,425,1.0,1.0,1.0,1.0,1.0,1.0,0.0
24.082448387145995,0.3319479205846753,0.022591209411621092,0.0018035401288900772,0.8,0.1,7,5,600,0.0,1.0,0.8,"{'clf__colsample_bytree': 0.8, 'clf__learning_rate': 0.1, 'clf__max_depth': 7, 'clf__min_child_weight': 5, 'clf__n_estimators': 600, 'clf__reg_alpha': 0.0, 'clf__reg_lambda': 1.0, 'clf__subsample': 0.8}",0.8250335938571233,0.8224159926763923,0.786233724040736,0.8092263926224255,0.8356186712889163,0.8157056748971186,0.01696551118121222,1076,1.0,1.0,1.0,1.0,1.0,1.0,0.0
26.22273645401001,0.7084518703649012,0.024744367599487303,0.0015698154772132071,0.8,0.1,7,5,600,0.0,1.0,1.0,"{'clf__colsample_bytree': 0.8, 'clf__learning_rate': 0.1, 'clf__max_depth': 7, 'clf__min_child_weight': 5, 'clf__n_estimators': 600, 'clf__reg_alpha': 0.0, 'clf__reg_lambda': 1.0, 'clf__subsample': 1.0}",0.8401441238109933,0.8271056015774325,0.7918245716365255,0.8154568320195762,0.849448051714979,0.8247958361519012,0.020114462282060274,183,1.0,1.0,1.0,1.0,1.0,1.0,0.0
34.71384334564209,0.7743680927687506,0.02626652717590332,0.0019036870344913632,0.8,0.1,7,5,600,0.0,10.0,0.8,"{'clf__colsample_bytree': 0.8, 'clf__learning_rate': 0.1, 'clf__max_depth': 7, 'clf__min_child_weight': 5, 'clf__n_estimators': 600, 'clf__reg_alpha': 0.0, 'clf__reg_lambda': 10.0, 'clf__subsample': 0.8}",0.8297950391902005,0.8194029542751067,0.7866666666666666,0.797786091810064,0.8480867440799447,0.8163474992043964,0.022013765998665846,1034,1.0,1.0,1.0,1.0,1.0,1.0,0.0
36.95013403892517,0.909688229384582,0.025690698623657228,0.0009311761024498158,0.8,0.1,7,5,600,0.0,10.0,1.0,"{'clf__colsample_bytree': 0.8, 'clf__learning_rate': 0.1, 'clf__max_depth': 7, 'clf__min_child_weight': 5, 'clf__n_estimators': 600, 'clf__reg_alpha': 0.0, 'clf__reg_lambda': 10.0, 'clf__subsample': 1.0}",0.8355225336728518,0.8382951536250525,0.7853163495246005,0.8110750150255944,0.8558459727115995,0.8252110049119397,0.024525226048138952,159,1.0,1.0,1.0,1.0,1.0,1.0,0.0
25.402249240875243,0.6027913375278295,0.022354650497436523,0.0014781793808860736,0.8,0.1,7,5,600,0.1,1.0,0.8,"{'clf__colsample_bytree': 0.8, 'clf__learning_rate': 0.1, 'clf__max_depth': 7, 'clf__min_child_weight': 5, 'clf__n_estimators': 600, 'clf__reg_alpha': 0.1, 'clf__reg_lambda': 1.0, 'clf__subsample': 0.8}",0.8270723895216796,0.816031746031746,0.8064721585079082,0.8025654097016346,0.8368508217962786,0.8177985051118494,0.012747160184975438,933,1.0,1.0,1.0,1.0,1.0,1.0,0.0
26.86794137954712,0.5637269948543225,0.024459171295166015,0.0005386785795061331,0.8,0.1,7,5,600,0.1,1.0,1.0,"{'clf__colsample_bytree': 0.8, 'clf__learning_rate': 0.1, 'clf__max_depth': 7, 'clf__min_child_weight': 5, 'clf__n_estimators': 600, 'clf__reg_alpha': 0.1, 'clf__reg_lambda': 1.0, 'clf__subsample': 1.0}",0.8403739711153088,0.8203345895135289,0.7865494681840922,0.8061550871508171,0.8439789192266766,0.8194784070380848,0.021445086201311525,761,1.0,1.0,1.0,1.0,1.0,1.0,0.0
34.51548924446106,0.431929165879435,0.02281332015991211,0.0005789657927152985,0.8,0.1,7,5,600,0.1,10.0,0.8,"{'clf__colsample_bytree': 0.8, 'clf__learning_rate': 0.1, 'clf__max_depth': 7, 'clf__min_child_weight': 5, 'clf__n_estimators': 600, 'clf__reg_alpha': 0.1, 'clf__reg_lambda': 10.0, 'clf__subsample': 0.8}",0.822626344163984,0.8224159926763923,0.800255304124248,0.8164416351335856,0.8453047534011606,0.8214088058998741,0.014461373063471507,512,1.0,1.0,1.0,1.0,1.0,1.0,0.0
36.33549690246582,0.5498423819823111,0.023245906829833983,0.0014757117560050762,0.8,0.1,7,5,600,0.1,10.0,1.0,"{'clf__colsample_bytree': 0.8, 'clf__learning_rate': 0.1, 'clf__max_depth': 7, 'clf__min_child_weight': 5, 'clf__n_estimators': 600, 'clf__reg_alpha': 0.1, 'clf__reg_lambda': 10.0, 'clf__subsample': 1.0}",0.8409269640772821,0.8327794008745805,0.7937729921908782,0.8001309133112322,0.8426824317899781,0.8220585404487902,0.02086716188024176,432,1.0,1.0,1.0,1.0,1.0,1.0,0.0
29.204829263687134,0.20815202604257063,0.028226518630981447,0.0008752323710185275,0.8,0.1,7,5,1000,0.0,1.0,0.8,"{'clf__colsample_bytree': 0.8, 'clf__learning_rate': 0.1, 'clf__max_depth': 7, 'clf__min_child_weight': 5, 'clf__n_estimators': 1000, 'clf__reg_alpha': 0.0, 'clf__reg_lambda': 1.0, 'clf__subsample': 0.8}",0.819883003378149,0.8224159926763923,0.8010453573833854,0.8120180717322721,0.8423839431387379,0.8195492736617874,0.013629860628011551,751,1.0,1.0,1.0,1.0,1.0,1.0,0.0
31.07491006851196,0.8210237729074175,0.026334524154663086,0.0006671352831150524,0.8,0.1,7,5,1000,0.0,1.0,1.0,"{'clf__colsample_bytree': 0.8, 'clf__learning_rate': 0.1, 'clf__max_depth': 7, 'clf__min_child_weight': 5, 'clf__n_estimators': 1000, 'clf__reg_alpha': 0.0, 'clf__reg_lambda': 1.0, 'clf__subsample': 1.0}",0.8447104193790193,0.8319780310465463,0.8035316390707227,0.8278662892701297,0.849448051714979,0.8315068860962794,0.016076747705065716,7,1.0,1.0,1.0,1.0,1.0,1.0,0.0
38.244902563095096,0.6702484206417666,0.02379498481750488,0.0010724512988251028,0.8,0.1,7,5,1000,0.0,10.0,0.8,"{'clf__colsample_bytree': 0.8, 'clf__learning_rate': 0.1, 'clf__max_depth': 7, 'clf__min_child_weight': 5, 'clf__n_estimators': 1000, 'clf__reg_alpha': 0.0, 'clf__reg_lambda': 10.0, 'clf__subsample': 0.8}",0.8196561503013116,0.8227242524916945,0.7956973954317808,0.8054350421125447,0.8411280897262206,0.8169281860127103,0.015553201219897181,993,1.0,1.0,1.0,1.0,1.0,1.0,0.0
39.45973196029663,1.3563227965511473,0.02268824577331543,0.0016488376858814669,0.8,0.1,7,5,1000,0.0,10.0,1.0,"{'clf__colsample_bytree': 0.8, 'clf__learning_rate': 0.1, 'clf__max_depth': 7, 'clf__min_child_weight': 5, 'clf__n_estimators': 1000, 'clf__reg_alpha': 0.0, 'clf__reg_lambda': 10.0, 'clf__subsample': 1.0}",0.83453384422762,0.8382951536250525,0.7878747286875792,0.8119244238751994,0.8558459727115995,0.8256948246254101,0.023520084536034026,130,1.0,1.0,1.0,1.0,1.0,1.0,0.0
27.991290473937987,0.738044213402596,0.02375516891479492,0.0008752082365070703,0.8,0.1,7,5,1000,0.1,1.0,0.8,"{'clf__colsample_bytree': 0.8, 'clf__learning_rate': 0.1, 'clf__max_depth': 7, 'clf__min_child_weight': 5, 'clf__n_estimators': 1000, 'clf__reg_alpha': 0.1, 'clf__reg_lambda': 1.0, 'clf__subsample': 0.8}",0.827845169060903,0.815340748287768,0.8073268834455158,0.7889094861991638,0.8361822401916741,0.815120905437005,0.016451871106736803,1106,1.0,1.0,1.0,1.0,1.0,1.0,0.0
28.212065410614013,0.7014574778937872,0.02120342254638672,0.0010941189039263013,0.8,0.1,7,5,1000,0.1,1.0,1.0,"{'clf__colsample_bytree': 0.8, 'clf__learning_rate': 0.1, 'clf__max_depth': 7, 'clf__min_child_weight': 5, 'clf__n_estimators': 1000, 'clf__reg_alpha': 0.1, 'clf__reg_lambda': 1.0, 'clf__subsample': 1.0}",0.844184737929792,0.8274982605915869,0.7825843242923939,0.8019645034431966,0.8392793824209753,0.8191022417355889,0.023383764121145678,800,1.0,1.0,1.0,1.0,1.0,1.0,0.0
34.683425998687746,0.5560400171033886,0.020382070541381837,0.0004987903029860861,0.8,0.1,7,5,1000,0.1,10.0,0.8,"{'clf__colsample_bytree': 0.8, 'clf__learning_rate': 0.1, 'clf__max_depth': 7, 'clf__min_child_weight': 5, 'clf__n_estimators': 1000, 'clf__reg_alpha': 0.1, 'clf__reg_lambda': 10.0, 'clf__subsample': 0.8}",0.818359299604072,0.8274861572535992,0.8040486864657481,0.8167686643125526,0.8453047534011606,0.8223935122074266,0.013677034936460782,400,1.0,1.0,1.0,1.0,1.0,1.0,0.0
36.02473568916321,1.0159467063189,0.020569467544555665,0.0005730530210594076,0.8,0.1,7,5,1000,0.1,10.0,1.0,"{'clf__colsample_bytree': 0.8, 'clf__learning_rate': 0.1, 'clf__max_depth': 7, 'clf__min_child_weight': 5, 'clf__n_estimators': 1000, 'clf__reg_alpha': 0.1, 'clf__reg_lambda': 10.0, 'clf__subsample': 1.0}",0.8382618357275696,0.8319132341598007,0.7893222976241844,0.8001966386215895,0.8426824317899781,0.8204752875846244,0.021550301889748755,642,1.0,1.0,1.0,1.0,1.0,1.0,0.0
22.62051658630371,0.6129076275383838,0.01057133674621582,0.000644461721185171,1.0,0.03,3,1,300,0.0,1.0,0.8,"{'clf__colsample_bytree': 1.0, 'clf__learning_rate': 0.03, 'clf__max_depth': 3, 'clf__min_child_weight': 1, 'clf__n_estimators': 300, 'clf__reg_alpha': 0.0, 'clf__reg_lambda': 1.0, 'clf__subsample': 0.8}",0.8214107489842783,0.808189789384729,0.7818932827735645,0.7946497478181419,0.8326746407375211,0.807763641939647,0.018156170828962884,1261,0.9955182551508726,0.9937077190511897,0.9983679634478907,0.9962365246954521,0.9920764011921384,0.9951813727075087,0.0021537733982496627
22.140021514892577,0.4310129747351347,0.01016840934753418,0.00013593477470123748,1.0,0.03,3,1,300,0.0,1.0,1.0,"{'clf__colsample_bytree': 1.0, 'clf__learning_rate': 0.03, 'clf__max_depth': 3, 'clf__min_child_weight': 1, 'clf__n_estimators': 300, 'clf__reg_alpha': 0.0, 'clf__reg_lambda': 1.0, 'clf__subsample': 1.0}",0.8393267691212897,0.8172975172975174,0.7851827564577749,0.7895823445657333,0.8254988545033114,0.8113776483891254,0.020865350664496716,1212,0.9911625881933405,0.9922834888929055,0.9985795454545454,0.9921067173559054,0.9906563594153274,0.992957739862405,0.002874107627400112
22.700240755081175,0.3886526390434209,0.010016393661499024,0.00047083644212030367,1.0,0.03,3,1,300,0.0,10.0,0.8,"{'clf__colsample_bytree': 1.0, 'clf__learning_rate': 0.03, 'clf__max_depth': 3, 'clf__min_child_weight': 1, 'clf__n_estimators': 300, 'clf__reg_alpha': 0.0, 'clf__reg_lambda': 10.0, 'clf__subsample': 0.8}",0.820367559271302,0.8162253122551828,0.7733803492966067,0.7970223948165124,0.8417473591749114,0.8097485949629031,0.02307915355455199,1240,0.9798242738658559,0.9743507726359076,0.9760717038914191,0.9758762500799921,0.9756675260447696,0.9763581053035889,0.0018349288203579094
22.85776319503784,0.4553598553115278,0.010321235656738282,0.00018351142307539153,1.0,0.03,3,1,300,0.0,10.0,1.0,"{'clf__colsample_bytree': 1.0, 'clf__learning_rate': 0.03, 'clf__max_depth': 3, 'clf__min_child_weight': 1, 'clf__n_estimators': 300, 'clf__reg_alpha': 0.0, 'clf__reg_lambda': 10.0, 'clf__subsample': 1.0}",0.8230128119874097,0.8269491397334812,0.7821148650991077,0.7724853577794755,0.8294834438277507,0.806809123685445,0.024373066561328906,1270,0.9777071484674122,0.9780785346719014,0.9786294667619195,0.9802784497387463,0.9800213797091997,0.9789429958698358,0.0010314321312923347
21.68235049247742,0.4571841047137026,0.009720468521118164,0.00017180639340485986,1.0,0.03,3,1,300,0.1,1.0,0.8,"{'clf__colsample_bytree': 1.0, 'clf__learning_rate': 0.03, 'clf__max_depth': 3, 'clf__min_child_weight': 1, 'clf__n_estimators': 300, 'clf__reg_alpha': 0.1, 'clf__reg_lambda': 1.0, 'clf__subsample': 0.8}",0.8349796012491854,0.8091748124544823,0.7888330522509382,0.789594650213709,0.8380358431895164,0.8121235918715662,0.02122517223076514,1195,0.9944073885470659,0.9937077190511897,0.9976581328347683,0.9962383928486023,0.9902526653343579,0.9944528597231969,0.0025163799162549296
21.62709159851074,0.196932573774821,0.009834861755371094,0.0002447968191661435,1.0,0.03,3,1,300,0.1,1.0,1.0,"{'clf__colsample_bytree': 1.0, 'clf__learning_rate': 0.03, 'clf__max_depth': 3, 'clf__min_child_weight': 1, 'clf__n_estimators': 300, 'clf__reg_alpha': 0.1, 'clf__reg_lambda': 1.0, 'clf__subsample': 1.0}",0.8326969824592514,0.822948109047847,0.7861490461117636,0.7866007008864152,0.8273601711692813,0.8111510019349117,0.02046437517644838,1221,0.9936981293063392,0.9915703585344746,0.9960272051491963,0.9921067173559054,0.9906563594153274,0.9928117539522485,0.001887254750346909
21.848745393753052,0.1836948982878543,0.009961986541748047,0.0003596913443935493,1.0,0.03,3,1,300,0.1,10.0,0.8,"{'clf__colsample_bytree': 1.0, 'clf__learning_rate': 0.03, 'clf__max_depth': 3, 'clf__min_child_weight': 1, 'clf__n_estimators': 300, 'clf__reg_alpha': 0.1, 'clf__reg_lambda': 10.0, 'clf__subsample': 0.8}",0.8146892003395184,0.8165885461597672,0.7860544413165662,0.7905152674627219,0.8297354661576323,0.8075165842872412,0.016595746319353757,1262,0.9783805275593778,0.9743507726359076,0.9726669631568072,0.9758762500799921,0.9735287397926586,0.9749606506449486,0.002010830803591957
22.346035385131835,0.3514187888322975,0.010118818283081055,0.00022109168682917044,1.0,0.03,3,1,300,0.1,10.0,1.0,"{'clf__colsample_bytree': 1.0, 'clf__learning_rate': 0.03, 'clf__max_depth': 3, 'clf__min_child_weight': 1, 'clf__n_estimators': 300, 'clf__reg_alpha': 0.1, 'clf__reg_lambda': 10.0, 'clf__subsample': 1.0}",0.8260517035005572,0.8269491397334812,0.7821148650991077,0.7679970168802808,0.8294834438277507,0.8065192338082354,0.026098995303849223,1273,0.9769926375807414,0.9780785346719014,0.9773747169811056,0.9790544047937044,0.9786039424981539,0.9780208473051214,0.0007597721436788839
38.097127962112424,0.23746965811586276,0.016918182373046875,0.0005198173963649235,1.0,0.03,3,1,600,0.0,1.0,0.8,"{'clf__colsample_bytree': 1.0, 'clf__learning_rate': 0.03, 'clf__max_depth': 3, 'clf__min_child_weight': 1, 'clf__n_estimators': 600, 'clf__reg_alpha': 0.0, 'clf__reg_lambda': 1.0, 'clf__subsample': 0.8}",0.8214107489842783,0.8162534579279013,0.7764956975489827,0.8178214989081538,0.8453707494753187,0.815470430568927,0.02215620419537713,1090,1.0,1.0,1.0,1.0,1.0,1.0,0.0
38.82090997695923,0.26977606234318346,0.017159748077392577,0.0005364747228058224,1.0,0.03,3,1,600,0.0,1.0,1.0,"{'clf__colsample_bytree': 1.0, 'clf__learning_rate': 0.03, 'clf__max_depth': 3, 'clf__min_child_weight': 1, 'clf__n_estimators': 600, 'clf__reg_alpha': 0.0, 'clf__reg_lambda': 1.0, 'clf__subsample': 1.0}",0.8317830843854572,0.8292463301024945,0.7945788456227562,0.7914685392934908,0.8362175845534904,0.8166588767915378,0.019451527267527503,1017,1.0,1.0,1.0,1.0,1.0,1.0,0.0
41.45701217651367,0.11589023541203965,0.01692929267883301,0.000611931510537647,1.0,0.03,3,1,600,0.0,10.0,0.8,"{'clf__colsample_bytree': 1.0, 'clf__learning_rate': 0.03, 'clf__max_depth': 3, 'clf__min_child_weight': 1, 'clf__n_estimators': 600, 'clf__reg_alpha': 0.0, 'clf__reg_lambda': 10.0, 'clf__subsample': 0.8}",0.802897694716028,0.820179329214715,0.7914062291903023,0.8069372775463762,0.8490552988548178,0.8140951659044479,0.019751630388776278,1138,0.9990802514078543,1.0,1.0,1.0,0.9981628558539307,0.999448621452357,0.0007349754515881654
42.37159991264343,0.21327797922838476,0.017473793029785155,0.000435653015492072,1.0,0.03,3,1,600,0.0,10.0,1.0,"{'clf__colsample_bytree': 1.0, 'clf__learning_rate': 0.03, 'clf__max_depth': 3, 'clf__min_child_weight': 1, 'clf__n_estimators': 600, 'clf__reg_alpha': 0.0, 'clf__reg_lambda': 10.0, 'clf__subsample': 1.0}",0.8217874144874854,0.8141412614862393,0.7948239436619717,0.8021975996697334,0.8491044447066984,0.8164109328024256,0.018819886411554625,1025,1.0,1.0,1.0,1.0,1.0,1.0,0.0
38.53704786300659,0.116291855647481,0.016538429260253906,0.0006108365404537988,1.0,0.03,3,1,600,0.1,1.0,0.8,"{'clf__colsample_bytree': 1.0, 'clf__learning_rate': 0.03, 'clf__max_depth': 3, 'clf__min_child_weight': 1, 'clf__n_estimators': 600, 'clf__reg_alpha': 0.1, 'clf__reg_lambda': 1.0, 'clf__subsample': 0.8}",0.8259292665107771,0.8235012292717192,0.7830709378784961,0.813608941073096,0.840244708994709,0.8172710167457596,0.019103023663393424,970,1.0,1.0,1.0,1.0,1.0,1.0,0.0
39.699211311340335,0.3112907192307966,0.016805267333984374,0.00035063093324494096,1.0,0.03,3,1,600,0.1,1.0,1.0,"{'clf__colsample_bytree': 1.0, 'clf__learning_rate': 0.03, 'clf__max_depth': 3, 'clf__min_child_weight': 1, 'clf__n_estimators': 600, 'clf__reg_alpha': 0.1, 'clf__reg_lambda': 1.0, 'clf__subsample': 1.0}",0.8279849819431359,0.8219403571098625,0.7905320393059734,0.8073921484465971,0.838961962534448,0.8173622978680033,0.01684999828531417,966,1.0,1.0,1.0,1.0,1.0,1.0,0.0
42.02670845985413,0.2705667436811947,0.01714916229248047,0.0003158132996919372,1.0,0.03,3,1,600,0.1,10.0,0.8,"{'clf__colsample_bytree': 1.0, 'clf__learning_rate': 0.03, 'clf__max_depth': 3, 'clf__min_child_weight': 1, 'clf__n_estimators': 600, 'clf__reg_alpha': 0.1, 'clf__reg_lambda': 10.0, 'clf__subsample': 0.8}",0.802897694716028,0.820179329214715,0.7942499216811104,0.8004798041085918,0.8490552988548178,0.8133724097150526,0.019805106476252304,1157,0.9990802514078543,1.0,0.9990771574058865,1.0,0.9981628558539307,0.9992640529335344,0.0006876894817435309
42.742344808578494,0.31364430996002723,0.01681981086730957,0.0004684547015944296,1.0,0.03,3,1,600,0.1,10.0,1.0,"{'clf__colsample_bytree': 1.0, 'clf__learning_rate': 0.03, 'clf__max_depth': 3, 'clf__min_child_weight': 1, 'clf__n_estimators': 600, 'clf__reg_alpha': 0.1, 'clf__reg_lambda': 10.0, 'clf__subsample': 1.0}",0.8247894535720774,0.8176300762775431,0.7973710053434012,0.8004080261136712,0.8460425590497456,0.8172482240712877,0.01769082119038343,971,1.0,1.0,1.0,1.0,1.0,1.0,0.0
54.94079327583313,0.3163889347548254,0.025758981704711914,0.0007058259361018,1.0,0.03,3,1,1000,0.0,1.0,0.8,"{'clf__colsample_bytree': 1.0, 'clf__learning_rate': 0.03, 'clf__max_depth': 3, 'clf__min_child_weight': 1, 'clf__n_estimators': 1000, 'clf__reg_alpha': 0.0, 'clf__reg_lambda': 1.0, 'clf__subsample': 0.8}",0.8259292665107771,0.8350182492786133,0.7959029680978004,0.8115641257644142,0.848416839947072,0.8233662899197354,0.018239474700898515,300,1.0,1.0,1.0,1.0,1.0,1.0,0.0
57.75365529060364,0.9096980426598467,0.02598118782043457,0.0007572514426656055,1.0,0.03,3,1,1000,0.0,1.0,1.0,"{'clf__colsample_bytree': 1.0, 'clf__learning_rate': 0.03, 'clf__max_depth': 3, 'clf__min_child_weight': 1, 'clf__n_estimators': 1000, 'clf__reg_alpha': 0.0, 'clf__reg_lambda': 1.0, 'clf__subsample': 1.0}",0.8330281445208922,0.820557018317418,0.7905320393059734,0.8129429753836075,0.8496152492302755,0.8213350853516334,0.01978057555004337,523,1.0,1.0,1.0,1.0,1.0,1.0,0.0
65.47738728523254,0.6014255648075577,0.027308559417724608,0.0003715274078903333,1.0,0.03,3,1,1000,0.0,10.0,0.8,"{'clf__colsample_bytree': 1.0, 'clf__learning_rate': 0.03, 'clf__max_depth': 3, 'clf__min_child_weight': 1, 'clf__n_estimators': 1000, 'clf__reg_alpha': 0.0, 'clf__reg_lambda': 10.0, 'clf__subsample': 0.8}",0.8085081663161943,0.8219011648041777,0.7915329930732774,0.8064408953259842,0.8563924961594235,0.8169551431358114,0.021945179343320742,992,1.0,1.0,1.0,1.0,1.0,1.0,0.0
67.82535767555237,0.4009320910220583,0.026583051681518553,0.0007788521663992276,1.0,0.03,3,1,1000,0.0,10.0,1.0,"{'clf__colsample_bytree': 1.0, 'clf__learning_rate': 0.03, 'clf__max_depth': 3, 'clf__min_child_weight': 1, 'clf__n_estimators': 1000, 'clf__reg_alpha': 0.0, 'clf__reg_lambda': 10.0, 'clf__subsample': 1.0}",0.8308508165011346,0.8247126139742417,0.7943199992880066,0.8060821857511161,0.8518572637919604,0.8215645758612918,0.019978802303580633,495,1.0,1.0,1.0,1.0,1.0,1.0,0.0
57.0076819896698,0.22903547552244627,0.026421594619750976,0.0005665159857797737,1.0,0.03,3,1,1000,0.1,1.0,0.8,"{'clf__colsample_bytree': 1.0, 'clf__learning_rate': 0.03, 'clf__max_depth': 3, 'clf__min_child_weight': 1, 'clf__n_estimators': 1000, 'clf__reg_alpha': 0.1, 'clf__reg_lambda': 1.0, 'clf__subsample': 0.8}",0.8259292665107771,0.8394379217781791,0.7695068462420269,0.8106669183966185,0.8474831908247968,0.8186048287504797,0.027550852098934722,851,1.0,1.0,1.0,1.0,1.0,1.0,0.0
59.836357831954956,0.598835258344943,0.026400375366210937,0.0007869785437313357,1.0,0.03,3,1,1000,0.1,1.0,1.0,"{'clf__colsample_bytree': 1.0, 'clf__learning_rate': 0.03, 'clf__max_depth': 3, 'clf__min_child_weight': 1, 'clf__n_estimators': 1000, 'clf__reg_alpha': 0.1, 'clf__reg_lambda': 1.0, 'clf__subsample': 1.0}",0.8292042296602855,0.8245414907079525,0.7864467506795157,0.8188321869310898,0.8458512086441325,0.8209751733245951,0.01947335349709266,573,1.0,1.0,1.0,1.0,1.0,1.0,0.0
66.65838117599488,0.613315140730654,0.02667860984802246,0.0008749469202709134,1.0,0.03,3,1,1000,0.1,10.0,0.8,"{'clf__colsample_bytree': 1.0, 'clf__learning_rate': 0.03, 'clf__max_depth': 3, 'clf__min_child_weight': 1, 'clf__n_estimators': 1000, 'clf__reg_alpha': 0.1, 'clf__reg_lambda': 10.0, 'clf__subsample': 0.8}",0.8085081663161943,0.8265091606504913,0.7880952380952381,0.8025105341281812,0.8563924961594235,0.8164031190699056,0.023485964647246196,1028,1.0,1.0,1.0,1.0,1.0,1.0,0.0
68.94186630249024,0.4176669732414629,0.027509498596191406,0.0007302447990134868,1.0,0.03,3,1,1000,0.1,10.0,1.0,"{'clf__colsample_bytree': 1.0, 'clf__learning_rate': 0.03, 'clf__max_depth': 3, 'clf__min_child_weight': 1, 'clf__n_estimators': 1000, 'clf__reg_alpha': 0.1, 'clf__reg_lambda': 10.0, 'clf__subsample': 1.0}",0.8211863279691448,0.8270663194855408,0.8000341945520308,0.7933836742868906,0.8467375842130838,0.817681620101338,0.01921679686916496,941,1.0,1.0,1.0,1.0,1.0,1.0,0.0
18.40697650909424,0.16533874342893104,0.01059708595275879,0.0004861787469946616,1.0,0.03,3,3,300,0.0,1.0,0.8,"{'clf__colsample_bytree': 1.0, 'clf__learning_rate': 0.03, 'clf__max_depth': 3, 'clf__min_child_weight': 3, 'clf__n_estimators': 300, 'clf__reg_alpha': 0.0, 'clf__reg_lambda': 1.0, 'clf__subsample': 0.8}",0.827481578699327,0.8085722887032437,0.7832202333497842,0.8037034768896305,0.8360156851573641,0.8117986525598699,0.01857463957948332,1198,0.9927752780469332,0.9920778369370905,0.9974475062814596,0.9926821577966647,0.9885115089338181,0.9926988575991931,0.002845183255398668
18.681015014648438,0.08906407339513758,0.010296392440795898,0.0003064916004647783,1.0,0.03,3,3,300,0.0,1.0,1.0,"{'clf__colsample_bytree': 1.0, 'clf__learning_rate': 0.03, 'clf__max_depth': 3, 'clf__min_child_weight': 3, 'clf__n_estimators': 300, 'clf__reg_alpha': 0.0, 'clf__reg_lambda': 1.0, 'clf__subsample': 1.0}",0.8270621808448048,0.8164729492572906,0.7843612050597053,0.7990648088801303,0.8368792341898708,0.8127680756463604,0.018942678347060062,1172,0.9901250779384243,0.9915703585344746,0.994297325770997,0.990679922964326,0.9874892250891498,0.9908323820594743,0.0022023017788328565
19.587839889526368,0.10728408966585364,0.010570907592773437,0.0003273655559930701,1.0,0.03,3,3,300,0.0,10.0,0.8,"{'clf__colsample_bytree': 1.0, 'clf__learning_rate': 0.03, 'clf__max_depth': 3, 'clf__min_child_weight': 3, 'clf__n_estimators': 300, 'clf__reg_alpha': 0.0, 'clf__reg_lambda': 10.0, 'clf__subsample': 0.8}",0.8104645365825865,0.8198580275158049,0.7733803492966067,0.8083032708032709,0.8417473591749114,0.8107507086746362,0.022119453905349723,1225,0.9727685165056444,0.9731296522839167,0.9715048612234625,0.9756676369104363,0.9721014705020798,0.9730344274851079,0.0014299335627846997
19.908882284164427,0.1834787995315408,0.010571575164794922,0.0002785035420242366,1.0,0.03,3,3,300,0.0,10.0,1.0,"{'clf__colsample_bytree': 1.0, 'clf__learning_rate': 0.03, 'clf__max_depth': 3, 'clf__min_child_weight': 3, 'clf__n_estimators': 300, 'clf__reg_alpha': 0.0, 'clf__reg_lambda': 10.0, 'clf__subsample': 1.0}",0.8266353902775947,0.8213131465974879,0.7761755126331659,0.7787458988865639,0.8209535043329239,0.8047646905455472,0.0223989964481185,1283,0.9742405528476359,0.976325272450783,0.9745287693884054,0.9791599685694132,0.9793163100268005,0.9767141746566075,0.0021816994437606606
18.71387085914612,0.22715486551778674,0.010358715057373047,0.00027112805670993073,1.0,0.03,3,3,300,0.1,1.0,0.8,"{'clf__colsample_bytree': 1.0, 'clf__learning_rate': 0.03, 'clf__max_depth': 3, 'clf__min_child_weight': 3, 'clf__n_estimators': 300, 'clf__reg_alpha': 0.1, 'clf__reg_lambda': 1.0, 'clf__subsample': 0.8}",0.8247745686303596,0.814231203431926,0.7739255765199161,0.8044074467393795,0.8390340877625273,0.8112745766168217,0.02192572537696414,1215,0.9920648865725038,0.9913687074346083,0.994595658315421,0.9933932197677893,0.9881896021242232,0.9919224148429091,0.002171187632191326
19.140719413757324,0.07607111978612273,0.010060548782348633,0.00024151446668414483,1.0,0.03,3,3,300,0.1,1.0,1.0,"{'clf__colsample_bytree': 1.0, 'clf__learning_rate': 0.03, 'clf__max_depth': 3, 'clf__min_child_weight': 3, 'clf__n_estimators': 300, 'clf__reg_alpha': 0.1, 'clf__reg_lambda': 1.0, 'clf__subsample': 1.0}",0.8270621808448048,0.8167604755075417,0.788336939123885,0.7997181113460182,0.8398840673220191,0.8143523548288538,0.01849416125164791,1127,0.9901250779384243,0.9915703585344746,0.9948089916619105,0.9899682069168999,0.9874892250891498,0.9907923720281719,0.0023989083150360076
19.678310537338255,0.12447943831171086,0.01014852523803711,0.0004109587789297924,1.0,0.03,3,3,300,0.1,10.0,0.8,"{'clf__colsample_bytree': 1.0, 'clf__learning_rate': 0.03, 'clf__max_depth': 3, 'clf__min_child_weight': 3, 'clf__n_estimators': 300, 'clf__reg_alpha': 0.1, 'clf__reg_lambda': 10.0, 'clf__subsample': 0.8}",0.8084322192570967,0.8137873754152823,0.7733803492966067,0.8039152672023426,0.8417473591749114,0.8082525140692478,0.02185155014657529,1258,0.9739038224431101,0.9731296522839167,0.970088720932856,0.975554133376463,0.9722121922056809,0.9729777042484054,0.0018138910360350486
19.99445505142212,0.07894474521222976,0.009969282150268554,0.00017473238158095098,1.0,0.03,3,3,300,0.1,10.0,1.0,"{'clf__colsample_bytree': 1.0, 'clf__learning_rate': 0.03, 'clf__max_depth': 3, 'clf__min_child_weight': 3, 'clf__n_estimators': 300, 'clf__reg_alpha': 0.1, 'clf__reg_lambda': 10.0, 'clf__subsample': 1.0}",0.8260517035005572,0.8109903237746651,0.7761755126331659,0.7701864508342449,0.8264197457298061,0.8019647472944879,0.024226572968027795,1293,0.9756689141540261,0.9750793714563493,0.9752312101799664,0.9791599685694132,0.9793163100268005,0.9768911548773112,0.0019266935935397915
31.765029907226562,0.36582082894366047,0.017759084701538086,0.0004877397115835732,1.0,0.03,3,3,600,0.0,1.0,0.8,"{'clf__colsample_bytree': 1.0, 'clf__learning_rate': 0.03, 'clf__max_depth': 3, 'clf__min_child_weight': 3, 'clf__n_estimators': 600, 'clf__reg_alpha': 0.0, 'clf__reg_lambda': 1.0, 'clf__subsample': 0.8}",0.8339124552359847,0.8323488947418358,0.7922947373940772,0.8126762380005921,0.8521468025877661,0.8246758255920513,0.02045175234402048,193,1.0,1.0,1.0,1.0,1.0,1.0,0.0
33.02712550163269,0.334829335094345,0.018195056915283205,0.0008977232427363442,1.0,0.03,3,3,600,0.0,1.0,1.0,"{'clf__colsample_bytree': 1.0, 'clf__learning_rate': 0.03, 'clf__max_depth': 3, 'clf__min_child_weight': 3, 'clf__n_estimators': 600, 'clf__reg_alpha': 0.0, 'clf__reg_lambda': 1.0, 'clf__subsample': 1.0}",0.8319552304332527,0.8277692238149389,0.8111222561911191,0.804141341524519,0.8420767970075389,0.8234129697942738,0.013876187583092184,297,1.0,1.0,1.0,1.0,1.0,1.0,0.0
36.01405568122864,0.3139786741750174,0.01864142417907715,0.0003138642873107811,1.0,0.03,3,3,600,0.0,10.0,0.8,"{'clf__colsample_bytree': 1.0, 'clf__learning_rate': 0.03, 'clf__max_depth': 3, 'clf__min_child_weight': 3, 'clf__n_estimators': 600, 'clf__reg_alpha': 0.0, 'clf__reg_lambda': 10.0, 'clf__subsample': 0.8}",0.802897694716028,0.8268510386996588,0.787073058357888,0.799305405923053,0.8445711174584414,0.8121396630310137,0.02072047593096997,1194,0.9990802514078543,1.0,0.9990771574058865,0.9990771574058865,0.9981628558539307,0.9990794844147116,0.0005809592549252828
37.243376684188846,0.19690751253770591,0.01868724822998047,0.0003639270736648976,1.0,0.03,3,3,600,0.0,10.0,1.0,"{'clf__colsample_bytree': 1.0, 'clf__learning_rate': 0.03, 'clf__max_depth': 3, 'clf__min_child_weight': 3, 'clf__n_estimators': 600, 'clf__reg_alpha': 0.0, 'clf__reg_lambda': 10.0, 'clf__subsample': 1.0}",0.8204580961946211,0.8075051327279592,0.7899965273563404,0.7935830862944224,0.84701932325538,0.8117124331657447,0.020693082272555112,1199,0.9990802514078543,1.0,1.0,1.0,0.9990825960013635,0.9996325694818436,0.0004500092534836805
32.657221460342406,0.5380261911707609,0.017948675155639648,0.0005513604037645455,1.0,0.03,3,3,600,0.1,1.0,0.8,"{'clf__colsample_bytree': 1.0, 'clf__learning_rate': 0.03, 'clf__max_depth': 3, 'clf__min_child_weight': 3, 'clf__n_estimators': 600, 'clf__reg_alpha': 0.1, 'clf__reg_lambda': 1.0, 'clf__subsample': 0.8}",0.8348342970116289,0.8350182492786133,0.7942052339418835,0.8025105341281812,0.8462996493210294,0.8225735927362672,0.020373562321040244,378,1.0,1.0,1.0,1.0,1.0,1.0,0.0
34.01707119941712,0.36552921049424186,0.017396211624145508,0.0006496933140830415,1.0,0.03,3,3,600,0.1,1.0,1.0,"{'clf__colsample_bytree': 1.0, 'clf__learning_rate': 0.03, 'clf__max_depth': 3, 'clf__min_child_weight': 3, 'clf__n_estimators': 600, 'clf__reg_alpha': 0.1, 'clf__reg_lambda': 1.0, 'clf__subsample': 1.0}",0.8324089909041364,0.8165561563803364,0.8012941158783335,0.8121937700920075,0.8402255778687733,0.8205357222247175,0.014030890555490895,633,1.0,1.0,1.0,1.0,1.0,1.0,0.0
36.50026278495788,0.21682839799643222,0.017722463607788085,0.0007515599494133229,1.0,0.03,3,3,600,0.1,10.0,0.8,"{'clf__colsample_bytree': 1.0, 'clf__learning_rate': 0.03, 'clf__max_depth': 3, 'clf__min_child_weight': 3, 'clf__n_estimators': 600, 'clf__reg_alpha': 0.1, 'clf__reg_lambda': 10.0, 'clf__subsample': 0.8}",0.802897694716028,0.8149355669401007,0.7905461692931475,0.799305405923053,0.8490552988548178,0.8113480271454294,0.02041498917816788,1213,0.9990802514078543,1.0,0.9990771574058865,0.9990771574058865,0.9981628558539307,0.9990794844147116,0.0005809592549252828
37.677464723587036,0.38274576807344113,0.018171215057373048,0.0007503391796084521,1.0,0.03,3,3,600,0.1,10.0,1.0,"{'clf__colsample_bytree': 1.0, 'clf__learning_rate': 0.03, 'clf__max_depth': 3, 'clf__min_child_weight': 3, 'clf__n_estimators': 600, 'clf__reg_alpha': 0.1, 'clf__reg_lambda': 10.0, 'clf__subsample': 1.0}",0.8308508165011346,0.8081423062693872,0.7952379843480375,0.7935830862944224,0.8409333524296893,0.8137495091685343,0.019037951223809052,1149,0.9990802514078543,1.0,1.0,1.0,0.9990825960013635,0.9996325694818436,0.0004500092534836805
44.10683770179749,0.36816784144177683,0.024918603897094726,0.0008154924843304951,1.0,0.03,3,3,1000,0.0,1.0,0.8,"{'clf__colsample_bytree': 1.0, 'clf__learning_rate': 0.03, 'clf__max_depth': 3, 'clf__min_child_weight': 3, 'clf__n_estimators': 1000, 'clf__reg_alpha': 0.0, 'clf__reg_lambda': 1.0, 'clf__subsample': 0.8}",0.8230101760176017,0.8327915795308523,0.7909643137748488,0.8185467633142051,0.8548291561122355,0.8240283977499487,0.02073547111262706,235,1.0,1.0,1.0,1.0,1.0,1.0,0.0
47.47902860641479,0.5558657035273799,0.02698836326599121,0.0013606510802318052,1.0,0.03,3,3,1000,0.0,1.0,1.0,"{'clf__colsample_bytree': 1.0, 'clf__learning_rate': 0.03, 'clf__max_depth': 3, 'clf__min_child_weight': 3, 'clf__n_estimators': 1000, 'clf__reg_alpha': 0.0, 'clf__reg_lambda': 1.0, 'clf__subsample': 1.0}",0.8352905879598063,0.8196538779300148,0.7861942302337227,0.809419779187221,0.8379922463655469,0.8177101443352622,0.018900776476290567,938,1.0,1.0,1.0,1.0,1.0,1.0,0.0
53.99051957130432,0.45360433183544063,0.028630876541137697,0.0007996688743910462,1.0,0.03,3,3,1000,0.0,10.0,0.8,"{'clf__colsample_bytree': 1.0, 'clf__learning_rate': 0.03, 'clf__max_depth': 3, 'clf__min_child_weight': 3, 'clf__n_estimators': 1000, 'clf__reg_alpha': 0.0, 'clf__reg_lambda': 10.0, 'clf__subsample': 0.8}",0.8085081663161943,0.8265091606504913,0.7865855231986231,0.8090140813575348,0.8472780937635485,0.8155790050572784,0.020288013703040855,1084,1.0,1.0,1.0,1.0,1.0,1.0,0.0
56.98313822746277,0.23811438407302743,0.027101516723632812,0.000622315478393027,1.0,0.03,3,3,1000,0.0,10.0,1.0,"{'clf__colsample_bytree': 1.0, 'clf__learning_rate': 0.03, 'clf__max_depth': 3, 'clf__min_child_weight': 3, 'clf__n_estimators': 1000, 'clf__reg_alpha': 0.0, 'clf__reg_lambda': 10.0, 'clf__subsample': 1.0}",0.8272168743397952,0.8132524401343251,0.7921493963058895,0.7914689849228145,0.8506613756613757,0.81494981427284,0.02236016934145265,1115,1.0,1.0,1.0,1.0,1.0,1.0,0.0
45.98525342941284,0.679451130811323,0.027440547943115234,0.0007653138792895207,1.0,0.03,3,3,1000,0.1,1.0,0.8,"{'clf__colsample_bytree': 1.0, 'clf__learning_rate': 0.03, 'clf__max_depth': 3, 'clf__min_child_weight': 3, 'clf__n_estimators': 1000, 'clf__reg_alpha': 0.1, 'clf__reg_lambda': 1.0, 'clf__subsample': 0.8}",0.8268525606589668,0.8350182492786133,0.8025647614027895,0.8088313103018986,0.840244708994709,0.8227023181273955,0.014659933147635612,366,1.0,1.0,1.0,1.0,1.0,1.0,0.0
48.99504289627075,0.665445962531178,0.02630906105041504,0.001098626928595178,1.0,0.03,3,3,1000,0.1,1.0,1.0,"{'clf__colsample_bytree': 1.0, 'clf__learning_rate': 0.03, 'clf__max_depth': 3, 'clf__min_child_weight': 3, 'clf__n_estimators': 1000, 'clf__reg_alpha': 0.1, 'clf__reg_lambda': 1.0, 'clf__subsample': 1.0}",0.8382618357275696,0.8218272425249169,0.7969467922729238,0.8078042328042327,0.8387493302114206,0.8207178867082128,0.016528648826413073,606,1.0,1.0,1.0,1.0,1.0,1.0,0.0
55.29457602500916,0.4387694381679211,0.027095270156860352,0.0010058578860582341,1.0,0.03,3,3,1000,0.1,10.0,0.8,"{'clf__colsample_bytree': 1.0, 'clf__learning_rate': 0.03, 'clf__max_depth': 3, 'clf__min_child_weight': 3, 'clf__n_estimators': 1000, 'clf__reg_alpha': 0.1, 'clf__reg_lambda': 10.0, 'clf__subsample': 0.8}",0.802897694716028,0.8205614892224421,0.7952334156543265,0.8064408953259842,0.8503245482999005,0.8150916086437363,0.01943786941486718,1107,1.0,1.0,1.0,1.0,1.0,1.0,0.0
58.31259422302246,1.1719632445300738,0.027490806579589844,0.0008647315114062359,1.0,0.03,3,3,1000,0.1,10.0,1.0,"{'clf__colsample_bytree': 1.0, 'clf__learning_rate': 0.03, 'clf__max_depth': 3, 'clf__min_child_weight': 3, 'clf__n_estimators': 1000, 'clf__reg_alpha': 0.1, 'clf__reg_lambda': 10.0, 'clf__subsample': 1.0}",0.8272168743397952,0.8204312981964184,0.7876889658524729,0.7944455855670809,0.8568196997840278,0.817320484747959,0.02477535711274011,967,1.0,1.0,1.0,1.0,1.0,1.0,0.0
17.02502179145813,0.13358300263674835,0.010814809799194336,0.0005182077611846757,1.0,0.03,3,5,300,0.0,1.0,0.8,"{'clf__colsample_bytree': 1.0, 'clf__learning_rate': 0.03, 'clf__max_depth': 3, 'clf__min_child_weight': 5, 'clf__n_estimators': 300, 'clf__reg_alpha': 0.0, 'clf__reg_lambda': 1.0, 'clf__subsample': 0.8}",0.8294999793626262,0.8199305484513322,0.7782035444312262,0.79879212290977,0.8386090515852473,0.8130070493480405,0.021857548750916268,1161,0.9856252704071552,0.9877874874356404,0.9912391402311598,0.9901258946803413,0.9856495978635212,0.9880854781235635,0.002288397584043861
17.61094479560852,0.2709500515410573,0.010544252395629884,0.00022338375036623726,1.0,0.03,3,5,300,0.0,1.0,1.0,"{'clf__colsample_bytree': 1.0, 'clf__learning_rate': 0.03, 'clf__max_depth': 3, 'clf__min_child_weight': 5, 'clf__n_estimators': 300, 'clf__reg_alpha': 0.0, 'clf__reg_lambda': 1.0, 'clf__subsample': 1.0}",0.82852409504445,0.8224206263714295,0.7779297253492592,0.8042136990735121,0.8308982223972087,0.8127972736471719,0.0197838815773734,1171,0.9856341278536823,0.9867526471685549,0.9921565172756772,0.9901559295536216,0.9824629320812319,0.9874324307865537,0.003409585173560212
18.33194146156311,0.13885713006526368,0.01149606704711914,0.0006965695407818572,1.0,0.03,3,5,300,0.0,10.0,0.8,"{'clf__colsample_bytree': 1.0, 'clf__learning_rate': 0.03, 'clf__max_depth': 3, 'clf__min_child_weight': 5, 'clf__n_estimators': 300, 'clf__reg_alpha': 0.0, 'clf__reg_lambda': 10.0, 'clf__subsample': 0.8}",0.8154744727782235,0.8111588077701836,0.773172492803613,0.7942482290377059,0.8417473591749114,0.8071602723129274,0.02281784744577567,1267,0.9694921744099992,0.9709913943048354,0.9698953447018128,0.9734088294361599,0.9707870472424449,0.9709149580190506,0.0013642230633224986
18.95786557197571,0.18340128203605618,0.011495113372802734,0.00039708062854946504,1.0,0.03,3,5,300,0.0,10.0,1.0,"{'clf__colsample_bytree': 1.0, 'clf__learning_rate': 0.03, 'clf__max_depth': 3, 'clf__min_child_weight': 5, 'clf__n_estimators': 300, 'clf__reg_alpha': 0.0, 'clf__reg_lambda': 10.0, 'clf__subsample': 1.0}",0.8254452261817511,0.8124915304648082,0.7873957665223382,0.7775522521901083,0.8321889764990369,0.8070147503716086,0.02124317559248264,1269,0.9735061561099544,0.9726053026531527,0.9750224885359866,0.9769356628691718,0.9731861272374043,0.974251147481134,0.0015620291515840356
17.386038732528686,0.23362650069839083,0.010907411575317383,0.0007036821994524816,1.0,0.03,3,5,300,0.1,1.0,0.8,"{'clf__colsample_bytree': 1.0, 'clf__learning_rate': 0.03, 'clf__max_depth': 3, 'clf__min_child_weight': 5, 'clf__n_estimators': 300, 'clf__reg_alpha': 0.1, 'clf__reg_lambda': 1.0, 'clf__subsample': 0.8}",0.8294999793626262,0.8199305484513322,0.7842489856092413,0.8006597470295186,0.8302337109483902,0.8129145942802218,0.017867002071104445,1165,0.9852243798578809,0.9856416881567102,0.9915286223525812,0.9903352750104075,0.9856495978635212,0.9876759126482201,0.0026895952911229464
17.884870767593384,0.0973879444297167,0.01063680648803711,0.00035112512125017666,1.0,0.03,3,5,300,0.1,1.0,1.0,"{'clf__colsample_bytree': 1.0, 'clf__learning_rate': 0.03, 'clf__max_depth': 3, 'clf__min_child_weight': 5, 'clf__n_estimators': 300, 'clf__reg_alpha': 0.1, 'clf__reg_lambda': 1.0, 'clf__subsample': 1.0}",0.8263936238352031,0.8244120072223147,0.7883652694986116,0.8028434741594231,0.831926254263604,0.8147881257958313,0.016503721782976256,1118,0.984922445184513,0.9867526471685549,0.9921565172756772,0.9894435215568432,0.9828695400376174,0.9872289342446411,0.0032783084207161145
18.208706617355347,0.21303102327101592,0.010505580902099609,0.0005062440810272721,1.0,0.03,3,5,300,0.1,10.0,0.8,"{'clf__colsample_bytree': 1.0, 'clf__learning_rate': 0.03, 'clf__max_depth': 3, 'clf__min_child_weight': 5, 'clf__n_estimators': 300, 'clf__reg_alpha': 0.1, 'clf__reg_lambda': 10.0, 'clf__subsample': 0.8}",0.8104645365825865,0.8075274005987851,0.773172492803613,0.7940988479024094,0.8417473591749114,0.8054021274124612,0.022439403375717093,1276,0.9694921744099992,0.9709913943048354,0.9692952866067872,0.9743319364367566,0.9671566297357124,0.9702534842988182,0.0023776680494674344
18.77328453063965,0.2029378605166713,0.01044764518737793,0.00032528671321145993,1.0,0.03,3,5,300,0.1,10.0,1.0,"{'clf__colsample_bytree': 1.0, 'clf__learning_rate': 0.03, 'clf__max_depth': 3, 'clf__min_child_weight': 5, 'clf__n_estimators': 300, 'clf__reg_alpha': 0.1, 'clf__reg_lambda': 10.0, 'clf__subsample': 1.0}",0.8254452261817511,0.8064778692013052,0.775326688815061,0.7777998816327765,0.8321889764990369,0.8034477284659861,0.023527583451587022,1289,0.9716583416417287,0.9740421653238374,0.9719548606900299,0.9769356628691718,0.9714076047406032,0.9731997270530741,0.0020882615876873013
29.009610891342163,0.31511572467976656,0.018842029571533202,0.00046262812353899845,1.0,0.03,3,5,600,0.0,1.0,0.8,"{'clf__colsample_bytree': 1.0, 'clf__learning_rate': 0.03, 'clf__max_depth': 3, 'clf__min_child_weight': 5, 'clf__n_estimators': 600, 'clf__reg_alpha': 0.0, 'clf__reg_lambda': 1.0, 'clf__subsample': 0.8}",0.8363492944311193,0.8320012807727264,0.7874870450863849,0.8120425293708629,0.8523977987421384,0.8240555896806463,0.022356753206388743,231,1.0,1.0,1.0,1.0,1.0,1.0,0.0
30.577755784988405,0.42557120080116617,0.01858344078063965,0.001318141394728128,1.0,0.03,3,5,600,0.0,1.0,1.0,"{'clf__colsample_bytree': 1.0, 'clf__learning_rate': 0.03, 'clf__max_depth': 3, 'clf__min_child_weight': 5, 'clf__n_estimators': 600, 'clf__reg_alpha': 0.0, 'clf__reg_lambda': 1.0, 'clf__subsample': 1.0}",0.8360844116783431,0.8251463775061906,0.8093647240420445,0.7912135360816553,0.8319498161140093,0.8187517730844485,0.01650436822840409,833,1.0,1.0,1.0,1.0,1.0,1.0,0.0
32.31722960472107,0.44305356316078576,0.017999553680419923,0.0008513529810169145,1.0,0.03,3,5,600,0.0,10.0,0.8,"{'clf__colsample_bytree': 1.0, 'clf__learning_rate': 0.03, 'clf__max_depth': 3, 'clf__min_child_weight': 5, 'clf__n_estimators': 600, 'clf__reg_alpha': 0.0, 'clf__reg_lambda': 10.0, 'clf__subsample': 0.8}",0.802897694716028,0.8178423145430371,0.7844926951996175,0.7950559680556563,0.8438288031654684,0.8088234951359615,0.020607563814310132,1250,0.9990802514078543,1.0,0.9981566985217796,0.9980414334996128,0.9972407542235628,0.998503827530562,0.0009487315228310221
33.868715620040895,0.2533337794181457,0.018358421325683594,0.0009309656183148909,1.0,0.03,3,5,600,0.0,10.0,1.0,"{'clf__colsample_bytree': 1.0, 'clf__learning_rate': 0.03, 'clf__max_depth': 3, 'clf__min_child_weight': 5, 'clf__n_estimators': 600, 'clf__reg_alpha': 0.0, 'clf__reg_lambda': 10.0, 'clf__subsample': 1.0}",0.8272168743397952,0.8179693918311969,0.7975317638198957,0.7978755542697548,0.839328367576025,0.8159843903673336,0.01639194662162634,1063,0.9990802514078543,0.9992893709207822,0.9981566985217796,0.9990771574058865,0.9972407542235628,0.9985688464959729,0.0007710726876822131
29.352551221847534,0.24170473249548863,0.017834043502807616,0.0007743178390241708,1.0,0.03,3,5,600,0.1,1.0,0.8,"{'clf__colsample_bytree': 1.0, 'clf__learning_rate': 0.03, 'clf__max_depth': 3, 'clf__min_child_weight': 5, 'clf__n_estimators': 600, 'clf__reg_alpha': 0.1, 'clf__reg_lambda': 1.0, 'clf__subsample': 0.8}",0.8319552304332527,0.8261471055991159,0.7886058232088111,0.8108080884562798,0.8433037937447572,0.8201640082884433,0.01894060360964056,676,1.0,1.0,1.0,1.0,1.0,1.0,0.0
30.998045110702513,0.2602301997747968,0.018041658401489257,0.000980882215396399,1.0,0.03,3,5,600,0.1,1.0,1.0,"{'clf__colsample_bytree': 1.0, 'clf__learning_rate': 0.03, 'clf__max_depth': 3, 'clf__min_child_weight': 5, 'clf__n_estimators': 600, 'clf__reg_alpha': 0.1, 'clf__reg_lambda': 1.0, 'clf__subsample': 1.0}",0.8257122546704085,0.8299903625689737,0.789864612828032,0.7984430374817099,0.8371678143467134,0.8162356163791676,0.018596571296439532,1046,1.0,1.0,1.0,1.0,1.0,1.0,0.0
32.775159454345705,0.28371122682292577,0.01839933395385742,0.0006180507972188682,1.0,0.03,3,5,600,0.1,10.0,0.8,"{'clf__colsample_bytree': 1.0, 'clf__learning_rate': 0.03, 'clf__max_depth': 3, 'clf__min_child_weight': 5, 'clf__n_estimators': 600, 'clf__reg_alpha': 0.1, 'clf__reg_lambda': 10.0, 'clf__subsample': 0.8}",0.8077868633179087,0.8238641452416309,0.7904239766081872,0.7920926157866456,0.8487900391126199,0.8125915280133984,0.02178115995806277,1176,0.9981581327810707,1.0,0.9981566985217796,0.9980414334996128,0.9972407542235628,0.9983194038052051,0.0009074841412616664
34.407823181152345,0.23193373252842345,0.01887040138244629,0.0013211957797194735,1.0,0.03,3,5,600,0.1,10.0,1.0,"{'clf__colsample_bytree': 1.0, 'clf__learning_rate': 0.03, 'clf__max_depth': 3, 'clf__min_child_weight': 5, 'clf__n_estimators': 600, 'clf__reg_alpha': 0.1, 'clf__reg_lambda': 10.0, 'clf__subsample': 1.0}",0.8421842094122318,0.8071650519981415,0.7975317638198957,0.8025066331517944,0.8507154562460073,0.8200206229256141,0.02195974355069795,691,0.9990802514078543,0.9992893709207822,0.9981566985217796,0.9990771574058865,0.9972407542235628,0.9985688464959729,0.0007710726876822131
39.725765228271484,0.5324283076855186,0.025810432434082032,0.001303743864185671,1.0,0.03,3,5,1000,0.0,1.0,0.8,"{'clf__colsample_bytree': 1.0, 'clf__learning_rate': 0.03, 'clf__max_depth': 3, 'clf__min_child_weight': 5, 'clf__n_estimators': 1000, 'clf__reg_alpha': 0.0, 'clf__reg_lambda': 1.0, 'clf__subsample': 0.8}",0.8171350336338388,0.8373958797361372,0.8013020643815345,0.811812172709209,0.8450457824605939,0.8225381865842627,0.016263807915677213,383,1.0,1.0,1.0,1.0,1.0,1.0,0.0
43.34862236976623,0.5907613341465986,0.027472591400146483,0.0016283358272665906,1.0,0.03,3,5,1000,0.0,1.0,1.0,"{'clf__colsample_bytree': 1.0, 'clf__learning_rate': 0.03, 'clf__max_depth': 3, 'clf__min_child_weight': 5, 'clf__n_estimators': 1000, 'clf__reg_alpha': 0.0, 'clf__reg_lambda': 1.0, 'clf__subsample': 1.0}",0.8268296627913112,0.8171542940009167,0.8137273330384786,0.8001005098488422,0.8283314212711899,0.8172286441901477,0.010208711092360814,973,1.0,1.0,1.0,1.0,1.0,1.0,0.0
49.2026882648468,0.45155494267305185,0.031148290634155272,0.001394237225646624,1.0,0.03,3,5,1000,0.0,10.0,0.8,"{'clf__colsample_bytree': 1.0, 'clf__learning_rate': 0.03, 'clf__max_depth': 3, 'clf__min_child_weight': 5, 'clf__n_estimators': 1000, 'clf__reg_alpha': 0.0, 'clf__reg_lambda': 10.0, 'clf__subsample': 0.8}",0.8134306559103001,0.8263080875795332,0.7923103803898506,0.8116835767495261,0.8415253287642512,0.8170516058786921,0.016362767610963752,987,1.0,1.0,1.0,1.0,1.0,1.0,0.0
52.86935701370239,0.7445769602541447,0.03243198394775391,0.0014310225892911089,1.0,0.03,3,5,1000,0.0,10.0,1.0,"{'clf__colsample_bytree': 1.0, 'clf__learning_rate': 0.03, 'clf__max_depth': 3, 'clf__min_child_weight': 5, 'clf__n_estimators': 1000, 'clf__reg_alpha': 0.0, 'clf__reg_lambda': 10.0, 'clf__subsample': 1.0}",0.8272168743397952,0.8182896769983183,0.8072557226251121,0.7961205189146366,0.8532841768823077,0.8204333939520341,0.019465620883317495,649,1.0,1.0,1.0,1.0,1.0,1.0,0.0
41.608464574813844,0.5209482888244137,0.030237197875976562,0.0008984746248889462,1.0,0.03,3,5,1000,0.1,1.0,0.8,"{'clf__colsample_bytree': 1.0, 'clf__learning_rate': 0.03, 'clf__max_depth': 3, 'clf__min_child_weight': 5, 'clf__n_estimators': 1000, 'clf__reg_alpha': 0.1, 'clf__reg_lambda': 1.0, 'clf__subsample': 0.8}",0.8191380217115511,0.8258268106670681,0.8015329930732774,0.8114170797576142,0.8415246557000304,0.8198879121819083,0.013510289252628316,706,1.0,1.0,1.0,1.0,1.0,1.0,0.0
45.153615427017215,0.3578396573056077,0.030112743377685547,0.0009327017699889432,1.0,0.03,3,5,1000,0.1,1.0,1.0,"{'clf__colsample_bytree': 1.0, 'clf__learning_rate': 0.03, 'clf__max_depth': 3, 'clf__min_child_weight': 5, 'clf__n_estimators': 1000, 'clf__reg_alpha': 0.1, 'clf__reg_lambda': 1.0, 'clf__subsample': 1.0}",0.831886470291434,0.8232201915949137,0.8003844009848098,0.8062624544767402,0.8286571279529026,0.81808212906016,0.012503634762012033,899,1.0,1.0,1.0,1.0,1.0,1.0,0.0
50.2464159488678,0.4079881577745114,0.029468536376953125,0.002437593842708306,1.0,0.03,3,5,1000,0.1,10.0,0.8,"{'clf__colsample_bytree': 1.0, 'clf__learning_rate': 0.03, 'clf__max_depth': 3, 'clf__min_child_weight': 5, 'clf__n_estimators': 1000, 'clf__reg_alpha': 0.1, 'clf__reg_lambda': 10.0, 'clf__subsample': 0.8}",0.8134306559103001,0.8323488947418358,0.7980952380952381,0.8116835767495261,0.8415253287642512,0.8194167388522302,0.015532364813355123,766,1.0,1.0,1.0,1.0,1.0,1.0,0.0
53.68454093933106,0.5279735570970946,0.03094029426574707,0.0026437359325848678,1.0,0.03,3,5,1000,0.1,10.0,1.0,"{'clf__colsample_bytree': 1.0, 'clf__learning_rate': 0.03, 'clf__max_depth': 3, 'clf__min_child_weight': 5, 'clf__n_estimators': 1000, 'clf__reg_alpha': 0.1, 'clf__reg_lambda': 10.0, 'clf__subsample': 1.0}",0.8285780892284074,0.8235830648434497,0.812047048663354,0.800140987537425,0.8518235483090031,0.8232345477163279,0.01734634550425015,317,1.0,1.0,1.0,1.0,1.0,1.0,0.0
51.49101915359497,0.47123189534696364,0.020861434936523437,0.002983305004658802,1.0,0.03,5,1,300,0.0,1.0,0.8,"{'clf__colsample_bytree': 1.0, 'clf__learning_rate': 0.03, 'clf__max_depth': 5, 'clf__min_child_weight': 1, 'clf__n_estimators': 300, 'clf__reg_alpha': 0.0, 'clf__reg_lambda': 1.0, 'clf__subsample': 0.8}",0.8505467621746873,0.8277394052884937,0.7885972826389906,0.8075384777566941,0.8447200398444024,0.8238283935406535,0.023118047721425634,253,1.0,1.0,1.0,1.0,1.0,1.0,0.0
55.21603908538818,0.6711683828224587,0.016991901397705077,0.0023883446726838354,1.0,0.03,5,1,300,0.0,1.0,1.0,"{'clf__colsample_bytree': 1.0, 'clf__learning_rate': 0.03, 'clf__max_depth': 5, 'clf__min_child_weight': 1, 'clf__n_estimators': 300, 'clf__reg_alpha': 0.0, 'clf__reg_lambda': 1.0, 'clf__subsample': 1.0}",0.8507699410213148,0.8248461803000263,0.792885997813951,0.8115824979016136,0.8395947979913825,0.8239358830056578,0.020409793841334734,244,1.0,1.0,1.0,1.0,1.0,1.0,0.0
60.35225162506104,0.7553038872446615,0.019300413131713868,0.0018518207208918366,1.0,0.03,5,1,300,0.0,10.0,0.8,"{'clf__colsample_bytree': 1.0, 'clf__learning_rate': 0.03, 'clf__max_depth': 5, 'clf__min_child_weight': 1, 'clf__n_estimators': 300, 'clf__reg_alpha': 0.0, 'clf__reg_lambda': 10.0, 'clf__subsample': 0.8}",0.8334057195869122,0.8184939091915837,0.7885963186906583,0.7984192126462988,0.8579338396248031,0.8193697999480513,0.024782629553392378,776,0.9981581327810707,1.0,0.9990771574058865,0.9990771574058865,0.9981581327810707,0.9988941160747828,0.0006889601339823561
65.10698041915893,0.9581034396693161,0.02239384651184082,0.0035149795057399973,1.0,0.03,5,1,300,0.0,10.0,1.0,"{'clf__colsample_bytree': 1.0, 'clf__learning_rate': 0.03, 'clf__max_depth': 5, 'clf__min_child_weight': 1, 'clf__n_estimators': 300, 'clf__reg_alpha': 0.0, 'clf__reg_lambda': 10.0, 'clf__subsample': 1.0}",0.8228163324873724,0.828259558512292,0.7998008281027149,0.80905271899739,0.8520627246318551,0.8223984325463249,0.017906744313835484,397,1.0,1.0,1.0,1.0,1.0,1.0,0.0
53.42741422653198,0.46674683466894135,0.020253849029541016,0.002580168900658098,1.0,0.03,5,1,300,0.1,1.0,0.8,"{'clf__colsample_bytree': 1.0, 'clf__learning_rate': 0.03, 'clf__max_depth': 5, 'clf__min_child_weight': 1, 'clf__n_estimators': 300, 'clf__reg_alpha': 0.1, 'clf__reg_lambda': 1.0, 'clf__subsample': 0.8}",0.8430308729272322,0.8204474063356026,0.7933582234525631,0.8140469016869301,0.8416396270931741,0.8225046062991005,0.01850812315991146,385,1.0,1.0,1.0,1.0,1.0,1.0,0.0
57.54425625801086,0.7654282922440722,0.020801401138305663,0.004178764082139522,1.0,0.03,5,1,300,0.1,1.0,1.0,"{'clf__colsample_bytree': 1.0, 'clf__learning_rate': 0.03, 'clf__max_depth': 5, 'clf__min_child_weight': 1, 'clf__n_estimators': 300, 'clf__reg_alpha': 0.1, 'clf__reg_lambda': 1.0, 'clf__subsample': 1.0}",0.8401659855484482,0.8275092815187155,0.7975458234205257,0.8115500240500242,0.8405752810639522,0.8234692791203331,0.016744020570171655,293,1.0,1.0,1.0,1.0,1.0,1.0,0.0
61.62362623214722,0.9455762615339652,0.02140941619873047,0.0033234227775370694,1.0,0.03,5,1,300,0.1,10.0,0.8,"{'clf__colsample_bytree': 1.0, 'clf__learning_rate': 0.03, 'clf__max_depth': 5, 'clf__min_child_weight': 1, 'clf__n_estimators': 300, 'clf__reg_alpha': 0.1, 'clf__reg_lambda': 10.0, 'clf__subsample': 0.8}",0.8353033091418196,0.8184939091915837,0.7931449218279301,0.8004873514175899,0.8527956929430399,0.8200450369043926,0.02197246273198472,689,0.9981581327810707,1.0,0.9981519138755981,0.9990771574058865,0.9981581327810707,0.9987090673687252,0.000737492398414974
65.8085693359375,0.9359942246580427,0.023584794998168946,0.004455312128539435,1.0,0.03,5,1,300,0.1,10.0,1.0,"{'clf__colsample_bytree': 1.0, 'clf__learning_rate': 0.03, 'clf__max_depth': 5, 'clf__min_child_weight': 1, 'clf__n_estimators': 300, 'clf__reg_alpha': 0.1, 'clf__reg_lambda': 10.0, 'clf__subsample': 1.0}",0.8269127281402159,0.8278647920849218,0.8037611372000102,0.822227791701476,0.8458357044624651,0.8253204307178178,0.013448071949078683,150,1.0,1.0,1.0,1.0,1.0,1.0,0.0
75.56259403228759,0.8952008184049768,0.03152904510498047,0.0002633499834876956,1.0,0.03,5,1,600,0.0,1.0,0.8,"{'clf__colsample_bytree': 1.0, 'clf__learning_rate': 0.03, 'clf__max_depth': 5, 'clf__min_child_weight': 1, 'clf__n_estimators': 600, 'clf__reg_alpha': 0.0, 'clf__reg_lambda': 1.0, 'clf__subsample': 0.8}",0.8438658727845554,0.8216026425634748,0.7925567963034271,0.8004832349252361,0.8484484294275623,0.8213913952008511,0.022386670716925242,515,1.0,1.0,1.0,1.0,1.0,1.0,0.0
79.91130843162537,1.2465391235651377,0.030112028121948242,0.003404588949662388,1.0,0.03,5,1,600,0.0,1.0,1.0,"{'clf__colsample_bytree': 1.0, 'clf__learning_rate': 0.03, 'clf__max_depth': 5, 'clf__min_child_weight': 1, 'clf__n_estimators': 600, 'clf__reg_alpha': 0.0, 'clf__reg_lambda': 1.0, 'clf__subsample': 1.0}",0.8448559858500161,0.8264862128125392,0.7946994269605989,0.8226710533502227,0.847142620029944,0.8271710598006642,0.018903681335200085,63,1.0,1.0,1.0,1.0,1.0,1.0,0.0
105.13602805137634,1.5859885085678587,0.03400397300720215,0.0013741262283597838,1.0,0.03,5,1,600,0.0,10.0,0.8,"{'clf__colsample_bytree': 1.0, 'clf__learning_rate': 0.03, 'clf__max_depth': 5, 'clf__min_child_weight': 1, 'clf__n_estimators': 600, 'clf__reg_alpha': 0.0, 'clf__reg_lambda': 10.0, 'clf__subsample': 0.8}",0.8333306518626239,0.8261874115047834,0.7986875667070678,0.7979836657195567,0.8521468025877661,0.8216672196763595,0.020854006510004332,481,1.0,1.0,1.0,1.0,1.0,1.0,0.0
112.2029010295868,1.0277337135507736,0.03788595199584961,0.002693880797149663,1.0,0.03,5,1,600,0.0,10.0,1.0,"{'clf__colsample_bytree': 1.0, 'clf__learning_rate': 0.03, 'clf__max_depth': 5, 'clf__min_child_weight': 1, 'clf__n_estimators': 600, 'clf__reg_alpha': 0.0, 'clf__reg_lambda': 10.0, 'clf__subsample': 1.0}",0.8334057195869122,0.8305166998128277,0.8000756960577526,0.8208913883102391,0.8479355497605237,0.826565010705651,0.01583025499412353,91,1.0,1.0,1.0,1.0,1.0,1.0,0.0
79.80184354782105,1.308407208786915,0.031021976470947267,0.0036165825672444555,1.0,0.03,5,1,600,0.1,1.0,0.8,"{'clf__colsample_bytree': 1.0, 'clf__learning_rate': 0.03, 'clf__max_depth': 5, 'clf__min_child_weight': 1, 'clf__n_estimators': 600, 'clf__reg_alpha': 0.1, 'clf__reg_lambda': 1.0, 'clf__subsample': 0.8}",0.8425238016963157,0.8244475030590848,0.7925567963034271,0.8145633620016922,0.8512258730441917,0.8250634672209424,0.020768485905602027,166,1.0,1.0,1.0,1.0,1.0,1.0,0.0
84.94439005851746,1.7385243176224603,0.031766653060913086,0.003699287218202709,1.0,0.03,5,1,600,0.1,1.0,1.0,"{'clf__colsample_bytree': 1.0, 'clf__learning_rate': 0.03, 'clf__max_depth': 5, 'clf__min_child_weight': 1, 'clf__n_estimators': 600, 'clf__reg_alpha': 0.1, 'clf__reg_lambda': 1.0, 'clf__subsample': 1.0}",0.8453981556508483,0.8258577712121913,0.7880679990763875,0.8228484797968748,0.8501219898008889,0.8264588791074381,0.02193579260988871,97,1.0,1.0,1.0,1.0,1.0,1.0,0.0
107.49652581214905,1.3610022055681446,0.03504090309143067,0.0028496604970614948,1.0,0.03,5,1,600,0.1,10.0,0.8,"{'clf__colsample_bytree': 1.0, 'clf__learning_rate': 0.03, 'clf__max_depth': 5, 'clf__min_child_weight': 1, 'clf__n_estimators': 600, 'clf__reg_alpha': 0.1, 'clf__reg_lambda': 10.0, 'clf__subsample': 0.8}",0.827556589009243,0.8261874115047834,0.7986875667070678,0.7966524260061678,0.8521468025877661,0.8202461591630057,0.020629246558206825,670,1.0,1.0,1.0,1.0,1.0,1.0,0.0
114.34974942207336,1.1995944602144484,0.036993980407714844,0.003208215932870062,1.0,0.03,5,1,600,0.1,10.0,1.0,"{'clf__colsample_bytree': 1.0, 'clf__learning_rate': 0.03, 'clf__max_depth': 5, 'clf__min_child_weight': 1, 'clf__n_estimators': 600, 'clf__reg_alpha': 0.1, 'clf__reg_lambda': 10.0, 'clf__subsample': 1.0}",0.8375425549737476,0.8362302097983296,0.8009925273639136,0.8205851017980588,0.8560451176730247,0.8302791023214148,0.018459350425310394,14,1.0,1.0,1.0,1.0,1.0,1.0,0.0
93.25682606697083,0.8314122492934217,0.03783092498779297,0.0018051624405159544,1.0,0.03,5,1,1000,0.0,1.0,0.8,"{'clf__colsample_bytree': 1.0, 'clf__learning_rate': 0.03, 'clf__max_depth': 5, 'clf__min_child_weight': 1, 'clf__n_estimators': 1000, 'clf__reg_alpha': 0.0, 'clf__reg_lambda': 1.0, 'clf__subsample': 0.8}",0.8470580858965965,0.8250421354145046,0.7925567963034271,0.8016954794542057,0.8475696805811932,0.8227844355299855,0.022658640403672003,359,1.0,1.0,1.0,1.0,1.0,1.0,0.0
98.33785700798035,1.8282949706034617,0.04135608673095703,0.0031380325078587336,1.0,0.03,5,1,1000,0.0,1.0,1.0,"{'clf__colsample_bytree': 1.0, 'clf__learning_rate': 0.03, 'clf__max_depth': 5, 'clf__min_child_weight': 1, 'clf__n_estimators': 1000, 'clf__reg_alpha': 0.0, 'clf__reg_lambda': 1.0, 'clf__subsample': 1.0}",0.8354776074659036,0.8362637141945181,0.7928800653535003,0.8254538742910835,0.8478142154264308,0.8275778953462872,0.018739308539401388,50,1.0,1.0,1.0,1.0,1.0,1.0,0.0
147.0283791542053,2.0584045906708095,0.048763084411621097,0.001532705031980411,1.0,0.03,5,1,1000,0.0,10.0,0.8,"{'clf__colsample_bytree': 1.0, 'clf__learning_rate': 0.03, 'clf__max_depth': 5, 'clf__min_child_weight': 1, 'clf__n_estimators': 1000, 'clf__reg_alpha': 0.0, 'clf__reg_lambda': 10.0, 'clf__subsample': 0.8}",0.8293472753424209,0.8265057222528447,0.7986875667070678,0.7950310800310799,0.8608298719280028,0.8220803032522832,0.02388640989846745,429,1.0,1.0,1.0,1.0,1.0,1.0,0.0
155.00881390571595,2.148570754487215,0.0491180419921875,0.0017570522237311125,1.0,0.03,5,1,1000,0.0,10.0,1.0,"{'clf__colsample_bytree': 1.0, 'clf__learning_rate': 0.03, 'clf__max_depth': 5, 'clf__min_child_weight': 1, 'clf__n_estimators': 1000, 'clf__reg_alpha': 0.0, 'clf__reg_lambda': 10.0, 'clf__subsample': 1.0}",0.829237747405465,0.8343968630191795,0.7935821895642462,0.8235294563077389,0.8561275018005051,0.827374751619427,0.02018031214363223,56,1.0,1.0,1.0,1.0,1.0,1.0,0.0
99.95321011543274,1.4670880469828147,0.04245414733886719,0.0008554766350679016,1.0,0.03,5,1,1000,0.1,1.0,0.8,"{'clf__colsample_bytree': 1.0, 'clf__learning_rate': 0.03, 'clf__max_depth': 5, 'clf__min_child_weight': 1, 'clf__n_estimators': 1000, 'clf__reg_alpha': 0.1, 'clf__reg_lambda': 1.0, 'clf__subsample': 0.8}",0.8438658727845554,0.8250421354145046,0.7869435109479147,0.8042816103253769,0.8447935450537876,0.8209853349052277,0.022559555437453138,571,1.0,1.0,1.0,1.0,1.0,1.0,0.0
105.64721417427063,2.32864928164664,0.0399207592010498,0.0017769751466511561,1.0,0.03,5,1,1000,0.1,1.0,1.0,"{'clf__colsample_bytree': 1.0, 'clf__learning_rate': 0.03, 'clf__max_depth': 5, 'clf__min_child_weight': 1, 'clf__n_estimators': 1000, 'clf__reg_alpha': 0.1, 'clf__reg_lambda': 1.0, 'clf__subsample': 1.0}",0.8392112016423943,0.8327047078590017,0.795494706665653,0.8090428972945813,0.8501219898008889,0.8253151006525039,0.020085468210925123,151,1.0,1.0,1.0,1.0,1.0,1.0,0.0
149.63989048004152,1.8680241088583784,0.04846811294555664,0.0017946283284358737,1.0,0.03,5,1,1000,0.1,10.0,0.8,"{'clf__colsample_bytree': 1.0, 'clf__learning_rate': 0.03, 'clf__max_depth': 5, 'clf__min_child_weight': 1, 'clf__n_estimators': 1000, 'clf__reg_alpha': 0.1, 'clf__reg_lambda': 10.0, 'clf__subsample': 0.8}",0.8298145615605022,0.8261874115047834,0.8021305051808566,0.7979836657195567,0.8608298719280028,0.8233892031787404,0.022575617159746562,299,1.0,1.0,1.0,1.0,1.0,1.0,0.0
159.33419713973998,2.7110531751969713,0.051180791854858396,0.00230279251449415,1.0,0.03,5,1,1000,0.1,10.0,1.0,"{'clf__colsample_bytree': 1.0, 'clf__learning_rate': 0.03, 'clf__max_depth': 5, 'clf__min_child_weight': 1, 'clf__n_estimators': 1000, 'clf__reg_alpha': 0.1, 'clf__reg_lambda': 10.0, 'clf__subsample': 1.0}",0.829237747405465,0.8305280130071376,0.7965824668137927,0.8247575288002571,0.8566652422293194,0.8275541996511944,0.019111254808108068,51,1.0,1.0,1.0,1.0,1.0,1.0,0.0
40.6387101650238,0.34603426727631986,0.019454813003540038,0.0012574564342864416,1.0,0.03,5,3,300,0.0,1.0,0.8,"{'clf__colsample_bytree': 1.0, 'clf__learning_rate': 0.03, 'clf__max_depth': 5, 'clf__min_child_weight': 3, 'clf__n_estimators': 300, 'clf__reg_alpha': 0.0, 'clf__reg_lambda': 1.0, 'clf__subsample': 0.8}",0.8466447935626017,0.8271157495256167,0.7899957083805691,0.7980322545330792,0.8484987019870741,0.8220574415977883,0.024225725818207224,433,1.0,1.0,1.0,1.0,1.0,1.0,0.0
43.3419050693512,0.9254371512801656,0.019618892669677736,0.0008302983836974343,1.0,0.03,5,3,300,0.0,1.0,1.0,"{'clf__colsample_bytree': 1.0, 'clf__learning_rate': 0.03, 'clf__max_depth': 5, 'clf__min_child_weight': 3, 'clf__n_estimators': 300, 'clf__reg_alpha': 0.0, 'clf__reg_lambda': 1.0, 'clf__subsample': 1.0}",0.8417233593289931,0.8181491123195392,0.7821158086915894,0.8059612285774524,0.8282845832822493,0.8152468184399646,0.020314033697600552,1099,1.0,1.0,1.0,1.0,1.0,1.0,0.0
46.619123697280884,0.7679534853186063,0.019968605041503905,0.0020946955506615083,1.0,0.03,5,3,300,0.0,10.0,0.8,"{'clf__colsample_bytree': 1.0, 'clf__learning_rate': 0.03, 'clf__max_depth': 5, 'clf__min_child_weight': 3, 'clf__n_estimators': 300, 'clf__reg_alpha': 0.0, 'clf__reg_lambda': 10.0, 'clf__subsample': 0.8}",0.818895477390623,0.8191519971321296,0.7959849686240474,0.8067008734958158,0.8549050956686399,0.8191276824622511,0.019849879551394802,796,0.9981581327810707,0.9990795325574398,0.9981519138755981,0.9980414334996128,0.9947818326430256,0.9976425690713494,0.0014787161913786325
50.91094307899475,1.1606108119428982,0.018596887588500977,0.0023781443680103063,1.0,0.03,5,3,300,0.0,10.0,1.0,"{'clf__colsample_bytree': 1.0, 'clf__learning_rate': 0.03, 'clf__max_depth': 5, 'clf__min_child_weight': 3, 'clf__n_estimators': 300, 'clf__reg_alpha': 0.0, 'clf__reg_lambda': 10.0, 'clf__subsample': 1.0}",0.8343117387653943,0.8237054327470184,0.8060322633920765,0.7954401702029785,0.8591049781529818,0.82371891665209,0.02225707354958322,266,0.9981581327810707,1.0,0.9990771574058865,0.9990771574058865,0.9990802514078543,0.9990785398001396,0.0005824508103362562
41.25343661308288,0.6495767193879782,0.017666959762573244,0.0027650337983822887,1.0,0.03,5,3,300,0.1,1.0,0.8,"{'clf__colsample_bytree': 1.0, 'clf__learning_rate': 0.03, 'clf__max_depth': 5, 'clf__min_child_weight': 3, 'clf__n_estimators': 300, 'clf__reg_alpha': 0.1, 'clf__reg_lambda': 1.0, 'clf__subsample': 0.8}",0.8439531752574392,0.8313733609385783,0.7899957083805691,0.8010233761837312,0.8551703554108379,0.824303195234231,0.024931282215746187,217,1.0,1.0,1.0,1.0,1.0,1.0,0.0
44.179042196273805,0.6789351900316078,0.018595361709594728,0.0011464215962788378,1.0,0.03,5,3,300,0.1,1.0,1.0,"{'clf__colsample_bytree': 1.0, 'clf__learning_rate': 0.03, 'clf__max_depth': 5, 'clf__min_child_weight': 3, 'clf__n_estimators': 300, 'clf__reg_alpha': 0.1, 'clf__reg_lambda': 1.0, 'clf__subsample': 1.0}",0.8454985692006471,0.8185338647344778,0.7821158086915894,0.8059612285774524,0.834859491656982,0.8173937925722298,0.022232717083455575,961,1.0,1.0,1.0,1.0,1.0,1.0,0.0
46.80118985176087,0.6956012189640993,0.019556760787963867,0.0012328969184889516,1.0,0.03,5,3,300,0.1,10.0,0.8,"{'clf__colsample_bytree': 1.0, 'clf__learning_rate': 0.03, 'clf__max_depth': 5, 'clf__min_child_weight': 3, 'clf__n_estimators': 300, 'clf__reg_alpha': 0.1, 'clf__reg_lambda': 10.0, 'clf__subsample': 0.8}",0.827556589009243,0.8211174141543269,0.7917286812522533,0.8035467633142052,0.8467375842130838,0.8181374063886224,0.019109574813524276,892,0.9981581327810707,0.9983696231905673,0.9981519138755981,0.9980414334996128,0.9940733571586708,0.997358892101104,0.0016461985999976256
50.971502208709715,1.0635318016903748,0.020518732070922852,0.0009271958014849789,1.0,0.03,5,3,300,0.1,10.0,1.0,"{'clf__colsample_bytree': 1.0, 'clf__learning_rate': 0.03, 'clf__max_depth': 5, 'clf__min_child_weight': 3, 'clf__n_estimators': 300, 'clf__reg_alpha': 0.1, 'clf__reg_lambda': 10.0, 'clf__subsample': 1.0}",0.8305829228243022,0.8237054327470184,0.798643262241393,0.7958596806750021,0.8482697524734659,0.8194122101922364,0.019809316862381025,768,0.9981581327810707,1.0,0.9990771574058865,0.9990771574058865,0.9990802514078543,0.9990785398001396,0.0005824508103362562
56.474876928329465,1.2997882241876486,0.028011035919189454,0.0012093061744815376,1.0,0.03,5,3,600,0.0,1.0,0.8,"{'clf__colsample_bytree': 1.0, 'clf__learning_rate': 0.03, 'clf__max_depth': 5, 'clf__min_child_weight': 3, 'clf__n_estimators': 600, 'clf__reg_alpha': 0.0, 'clf__reg_lambda': 1.0, 'clf__subsample': 0.8}",0.8391657476608932,0.8327532303243879,0.7899957083805691,0.797409901728887,0.8498548142124731,0.8218358804614422,0.023727614582625352,460,1.0,1.0,1.0,1.0,1.0,1.0,0.0
59.875257396698,1.100249671144853,0.027669715881347656,0.0010012963525758657,1.0,0.03,5,3,600,0.0,1.0,1.0,"{'clf__colsample_bytree': 1.0, 'clf__learning_rate': 0.03, 'clf__max_depth': 5, 'clf__min_child_weight': 3, 'clf__n_estimators': 600, 'clf__reg_alpha': 0.0, 'clf__reg_lambda': 1.0, 'clf__subsample': 1.0}",0.8417233593289931,0.8240445129851397,0.7905277358282518,0.8197604167606062,0.8349932335913645,0.8222098516988711,0.017648308770143575,417,1.0,1.0,1.0,1.0,1.0,1.0,0.0
74.06105198860169,0.9681329610860134,0.0295839786529541,0.0020268243076049467,1.0,0.03,5,3,600,0.0,10.0,0.8,"{'clf__colsample_bytree': 1.0, 'clf__learning_rate': 0.03, 'clf__max_depth': 5, 'clf__min_child_weight': 3, 'clf__n_estimators': 600, 'clf__reg_alpha': 0.0, 'clf__reg_lambda': 10.0, 'clf__subsample': 0.8}",0.8328644421660394,0.823194463974699,0.8018749268749268,0.7939185658532869,0.8487900391126199,0.8201284875963143,0.020066099581442093,680,1.0,1.0,1.0,1.0,1.0,1.0,0.0
80.23325848579407,1.209440495923835,0.030162525177001954,0.001383173557322308,1.0,0.03,5,3,600,0.0,10.0,1.0,"{'clf__colsample_bytree': 1.0, 'clf__learning_rate': 0.03, 'clf__max_depth': 5, 'clf__min_child_weight': 3, 'clf__n_estimators': 600, 'clf__reg_alpha': 0.0, 'clf__reg_lambda': 10.0, 'clf__subsample': 1.0}",0.8421980321809089,0.8323275198275198,0.8003719635409663,0.7935676346830378,0.8648776420308187,0.8266685584526503,0.026534146017361492,87,1.0,1.0,1.0,1.0,1.0,1.0,0.0
57.58322811126709,1.1144377485671944,0.025600528717041014,0.0014014270655245665,1.0,0.03,5,3,600,0.1,1.0,0.8,"{'clf__colsample_bytree': 1.0, 'clf__learning_rate': 0.03, 'clf__max_depth': 5, 'clf__min_child_weight': 3, 'clf__n_estimators': 600, 'clf__reg_alpha': 0.1, 'clf__reg_lambda': 1.0, 'clf__subsample': 0.8}",0.8301362636314091,0.8300435527539314,0.796047685545047,0.7918375670867849,0.8651706898250234,0.8226471517684392,0.026742501545328347,369,1.0,1.0,1.0,1.0,1.0,1.0,0.0
61.79792404174805,0.7631338314761754,0.027594566345214844,0.0010610782474622142,1.0,0.03,5,3,600,0.1,1.0,1.0,"{'clf__colsample_bytree': 1.0, 'clf__learning_rate': 0.03, 'clf__max_depth': 5, 'clf__min_child_weight': 3, 'clf__n_estimators': 600, 'clf__reg_alpha': 0.1, 'clf__reg_lambda': 1.0, 'clf__subsample': 1.0}",0.8424163163369939,0.8263689921674879,0.7912017071516737,0.812865658796154,0.8421360907342217,0.8229977530373063,0.01933064764238828,340,1.0,1.0,1.0,1.0,1.0,1.0,0.0
75.1070463180542,0.8822317761569086,0.03118758201599121,0.0019131281871176851,1.0,0.03,5,3,600,0.1,10.0,0.8,"{'clf__colsample_bytree': 1.0, 'clf__learning_rate': 0.03, 'clf__max_depth': 5, 'clf__min_child_weight': 3, 'clf__n_estimators': 600, 'clf__reg_alpha': 0.1, 'clf__reg_lambda': 10.0, 'clf__subsample': 0.8}",0.8333306518626239,0.823194463974699,0.8042433917433917,0.7943350888493771,0.8568715368956444,0.8223950266651473,0.02202588802615119,398,1.0,1.0,1.0,1.0,1.0,1.0,0.0
80.86973242759704,1.6075089787977825,0.03112201690673828,0.002323810158054692,1.0,0.03,5,3,600,0.1,10.0,1.0,"{'clf__colsample_bytree': 1.0, 'clf__learning_rate': 0.03, 'clf__max_depth': 5, 'clf__min_child_weight': 3, 'clf__n_estimators': 600, 'clf__reg_alpha': 0.1, 'clf__reg_lambda': 10.0, 'clf__subsample': 1.0}",0.8459863981871024,0.8275201359862081,0.7923968499549895,0.8061473127262601,0.8607146577638078,0.8265530709236737,0.025014579098084463,92,1.0,1.0,1.0,1.0,1.0,1.0,0.0
68.2308292388916,0.9855455692842903,0.03566842079162598,0.0027075414434263594,1.0,0.03,5,3,1000,0.0,1.0,0.8,"{'clf__colsample_bytree': 1.0, 'clf__learning_rate': 0.03, 'clf__max_depth': 5, 'clf__min_child_weight': 3, 'clf__n_estimators': 1000, 'clf__reg_alpha': 0.0, 'clf__reg_lambda': 1.0, 'clf__subsample': 0.8}",0.828912487407633,0.8292785627104179,0.7845727557418617,0.8037409389798645,0.8429259335651346,0.8178861356809823,0.020919976944449723,922,1.0,1.0,1.0,1.0,1.0,1.0,0.0
72.52244777679444,1.2963413940788495,0.03593635559082031,0.0017423744402248857,1.0,0.03,5,3,1000,0.0,1.0,1.0,"{'clf__colsample_bytree': 1.0, 'clf__learning_rate': 0.03, 'clf__max_depth': 5, 'clf__min_child_weight': 3, 'clf__n_estimators': 1000, 'clf__reg_alpha': 0.0, 'clf__reg_lambda': 1.0, 'clf__subsample': 1.0}",0.8389780154486037,0.8360260808093963,0.798442648842838,0.8141583973038756,0.8394825676740569,0.8254175420157541,0.01642355432396536,143,1.0,1.0,1.0,1.0,1.0,1.0,0.0
97.62209839820862,1.4598760279367649,0.039577913284301755,0.0017643086033548119,1.0,0.03,5,3,1000,0.0,10.0,0.8,"{'clf__colsample_bytree': 1.0, 'clf__learning_rate': 0.03, 'clf__max_depth': 5, 'clf__min_child_weight': 3, 'clf__n_estimators': 1000, 'clf__reg_alpha': 0.0, 'clf__reg_lambda': 10.0, 'clf__subsample': 0.8}",0.8328644421660394,0.829873361151807,0.801729261854026,0.7851420326105059,0.8561275018005051,0.8211473199165766,0.024941890734239865,550,1.0,1.0,1.0,1.0,1.0,1.0,0.0
105.62740001678466,1.8677527203701254,0.04318075180053711,0.0016808802108387786,1.0,0.03,5,3,1000,0.0,10.0,1.0,"{'clf__colsample_bytree': 1.0, 'clf__learning_rate': 0.03, 'clf__max_depth': 5, 'clf__min_child_weight': 3, 'clf__n_estimators': 1000, 'clf__reg_alpha': 0.0, 'clf__reg_lambda': 10.0, 'clf__subsample': 1.0}",0.8347858857276667,0.8391579808301616,0.795494706665653,0.8010154354139317,0.8619122563664816,0.8264732530007789,0.024874468644916436,96,1.0,1.0,1.0,1.0,1.0,1.0,0.0
70.57298541069031,0.975101131181319,0.03733739852905273,0.0005060900030960829,1.0,0.03,5,3,1000,0.1,1.0,0.8,"{'clf__colsample_bytree': 1.0, 'clf__learning_rate': 0.03, 'clf__max_depth': 5, 'clf__min_child_weight': 3, 'clf__n_estimators': 1000, 'clf__reg_alpha': 0.1, 'clf__reg_lambda': 1.0, 'clf__subsample': 0.8}",0.8237685984777261,0.8361045884448459,0.7885167087480346,0.8007607865714574,0.8614287661616198,0.8221158896807367,0.025802568805598444,427,1.0,1.0,1.0,1.0,1.0,1.0,0.0
75.85029735565186,1.472984024404664,0.036732721328735354,0.0013676942866992059,1.0,0.03,5,3,1000,0.1,1.0,1.0,"{'clf__colsample_bytree': 1.0, 'clf__learning_rate': 0.03, 'clf__max_depth': 5, 'clf__min_child_weight': 3, 'clf__n_estimators': 1000, 'clf__reg_alpha': 0.1, 'clf__reg_lambda': 1.0, 'clf__subsample': 1.0}",0.8347896135053474,0.8323644263182344,0.7949106000494576,0.8170880016843609,0.8447199783569312,0.8247745239828662,0.017358953675481056,184,1.0,1.0,1.0,1.0,1.0,1.0,0.0
99.20792269706726,1.697382888645837,0.041724109649658205,0.002023704295769567,1.0,0.03,5,3,1000,0.1,10.0,0.8,"{'clf__colsample_bytree': 1.0, 'clf__learning_rate': 0.03, 'clf__max_depth': 5, 'clf__min_child_weight': 3, 'clf__n_estimators': 1000, 'clf__reg_alpha': 0.1, 'clf__reg_lambda': 10.0, 'clf__subsample': 0.8}",0.8298145615605022,0.8196302273115764,0.8042433917433917,0.7910717583812393,0.8530569291719985,0.8195633736337417,0.02132314972388259,749,1.0,1.0,1.0,1.0,1.0,1.0,0.0
107.2804386138916,2.1842511605003123,0.04184455871582031,0.000692971815768958,1.0,0.03,5,3,1000,0.1,10.0,1.0,"{'clf__colsample_bytree': 1.0, 'clf__learning_rate': 0.03, 'clf__max_depth': 5, 'clf__min_child_weight': 3, 'clf__n_estimators': 1000, 'clf__reg_alpha': 0.1, 'clf__reg_lambda': 10.0, 'clf__subsample': 1.0}",0.8385149572649573,0.835802276132175,0.7932569733879286,0.8194592386331089,0.8576603297122165,0.8289387550260772,0.021572163524608914,26,1.0,1.0,1.0,1.0,1.0,1.0,0.0
34.305138158798215,0.33208700403864083,0.017963743209838866,0.0006488162132136984,1.0,0.03,5,5,300,0.0,1.0,0.8,"{'clf__colsample_bytree': 1.0, 'clf__learning_rate': 0.03, 'clf__max_depth': 5, 'clf__min_child_weight': 5, 'clf__n_estimators': 300, 'clf__reg_alpha': 0.0, 'clf__reg_lambda': 1.0, 'clf__subsample': 0.8}",0.825582725621989,0.8256417713117814,0.791145357398499,0.7972893260766388,0.8553959055239433,0.8190110171865703,0.023062268801885333,813,0.9990802514078543,1.0,0.9990771574058865,0.9980414334996128,0.9981628558539307,0.9988723396334569,0.0007142223414005868
37.70587544441223,0.8823732156304025,0.017686080932617188,0.00021051004502202302,1.0,0.03,5,5,300,0.0,1.0,1.0,"{'clf__colsample_bytree': 1.0, 'clf__learning_rate': 0.03, 'clf__max_depth': 5, 'clf__min_child_weight': 5, 'clf__n_estimators': 300, 'clf__reg_alpha': 0.0, 'clf__reg_lambda': 1.0, 'clf__subsample': 1.0}",0.850399894963443,0.837888275137254,0.779053054788349,0.8174054356554131,0.8507158852677721,0.8270925091624463,0.026905297858097164,66,1.0,1.0,1.0,1.0,1.0,1.0,0.0
38.650541114807126,0.5197371417606246,0.018311738967895508,0.0014731625748997752,1.0,0.03,5,5,300,0.0,10.0,0.8,"{'clf__colsample_bytree': 1.0, 'clf__learning_rate': 0.03, 'clf__max_depth': 5, 'clf__min_child_weight': 5, 'clf__n_estimators': 300, 'clf__reg_alpha': 0.0, 'clf__reg_lambda': 10.0, 'clf__subsample': 0.8}",0.8246260683760683,0.8300435527539314,0.7942804127778964,0.7858013852307092,0.8549050956686399,0.8179313029614491,0.025100932436884372,915,0.9943611416971952,0.9954937249124116,0.9925260010106085,0.9947750439936203,0.9933642455322425,0.9941040314292156,0.001047384810290527
42.524928426742555,0.7746912256540464,0.01869192123413086,0.0015316958757274819,1.0,0.03,5,5,300,0.0,10.0,1.0,"{'clf__colsample_bytree': 1.0, 'clf__learning_rate': 0.03, 'clf__max_depth': 5, 'clf__min_child_weight': 5, 'clf__n_estimators': 300, 'clf__reg_alpha': 0.0, 'clf__reg_lambda': 10.0, 'clf__subsample': 1.0}",0.8275234773396538,0.8279077524729699,0.7888764757806466,0.8014884313249994,0.8497019238298307,0.81909961214962,0.0214878476487688,801,0.9972336184628036,0.997337026390632,0.9972242434042095,0.9980414334996128,0.9962050689153487,0.9972082781345213,0.000586182520268049
34.56160359382629,0.41192333703169254,0.017459297180175783,0.0015660435220136953,1.0,0.03,5,5,300,0.1,1.0,0.8,"{'clf__colsample_bytree': 1.0, 'clf__learning_rate': 0.03, 'clf__max_depth': 5, 'clf__min_child_weight': 5, 'clf__n_estimators': 300, 'clf__reg_alpha': 0.1, 'clf__reg_lambda': 1.0, 'clf__subsample': 0.8}",0.8357221226939536,0.8290512599169648,0.790526942036376,0.8104441898487941,0.8553959055239433,0.8242280840040064,0.022147558590492385,224,0.9990802514078543,1.0,0.9990771574058865,0.9980414334996128,0.9981628558539307,0.9988723396334569,0.0007142223414005868
37.59633674621582,0.507542134398715,0.018663978576660155,0.0008773234934615096,1.0,0.03,5,5,300,0.1,1.0,1.0,"{'clf__colsample_bytree': 1.0, 'clf__learning_rate': 0.03, 'clf__max_depth': 5, 'clf__min_child_weight': 5, 'clf__n_estimators': 300, 'clf__reg_alpha': 0.1, 'clf__reg_lambda': 1.0, 'clf__subsample': 1.0}",0.85057371186839,0.837431176908255,0.7781369116320573,0.8051457258401896,0.8446069055701146,0.8231788863638012,0.027447180632997375,323,1.0,1.0,1.0,1.0,1.0,1.0,0.0
38.6324905872345,0.477709674360524,0.017725467681884766,0.0006906760817468164,1.0,0.03,5,5,300,0.1,10.0,0.8,"{'clf__colsample_bytree': 1.0, 'clf__learning_rate': 0.03, 'clf__max_depth': 5, 'clf__min_child_weight': 5, 'clf__n_estimators': 300, 'clf__reg_alpha': 0.1, 'clf__reg_lambda': 10.0, 'clf__subsample': 0.8}",0.826026038269189,0.8250834055079339,0.8000248901192297,0.7836739622595195,0.8549050956686399,0.8179426783649024,0.024404684073092146,914,0.9943611416971952,0.9954937249124116,0.9925260010106085,0.9947750439936203,0.9933642455322425,0.9941040314292156,0.001047384810290527
42.592592334747316,0.7562827304299632,0.017936134338378908,0.0008869683804615787,1.0,0.03,5,5,300,0.1,10.0,1.0,"{'clf__colsample_bytree': 1.0, 'clf__learning_rate': 0.03, 'clf__max_depth': 5, 'clf__min_child_weight': 5, 'clf__n_estimators': 300, 'clf__reg_alpha': 0.1, 'clf__reg_lambda': 10.0, 'clf__subsample': 1.0}",0.8291618721093543,0.8210009454515559,0.7828368409991333,0.8106730217580036,0.8434970014992503,0.8174339363634596,0.02035789954252365,957,0.9972336184628036,0.997337026390632,0.9972242434042095,0.9980414334996128,0.9962050689153487,0.9972082781345213,0.000586182520268049
48.1293879032135,0.6595735372567212,0.02523326873779297,0.0014364578950757352,1.0,0.03,5,5,600,0.0,1.0,0.8,"{'clf__colsample_bytree': 1.0, 'clf__learning_rate': 0.03, 'clf__max_depth': 5, 'clf__min_child_weight': 5, 'clf__n_estimators': 600, 'clf__reg_alpha': 0.0, 'clf__reg_lambda': 1.0, 'clf__subsample': 0.8}",0.8310616220053977,0.8234341408653336,0.7894916796687579,0.8106911124391701,0.8494101636689145,0.8208177437295149,0.0200657918105598,594,1.0,1.0,1.0,1.0,1.0,1.0,0.0
52.06399750709534,0.8048229785855318,0.025946378707885742,0.0012544676418988362,1.0,0.03,5,5,600,0.0,1.0,1.0,"{'clf__colsample_bytree': 1.0, 'clf__learning_rate': 0.03, 'clf__max_depth': 5, 'clf__min_child_weight': 5, 'clf__n_estimators': 600, 'clf__reg_alpha': 0.0, 'clf__reg_lambda': 1.0, 'clf__subsample': 1.0}",0.8484717077334484,0.8397829183181735,0.7924218396475223,0.8125470324068454,0.8445444930048305,0.827553598222164,0.021611346830629447,52,1.0,1.0,1.0,1.0,1.0,1.0,0.0
60.600453567504886,0.7915701087165831,0.027987241744995117,0.0004239668821650932,1.0,0.03,5,5,600,0.0,10.0,0.8,"{'clf__colsample_bytree': 1.0, 'clf__learning_rate': 0.03, 'clf__max_depth': 5, 'clf__min_child_weight': 5, 'clf__n_estimators': 600, 'clf__reg_alpha': 0.0, 'clf__reg_lambda': 10.0, 'clf__subsample': 0.8}",0.8262240442718751,0.829873361151807,0.7955270691252,0.7963036082781052,0.8473499299260316,0.8190556025506037,0.02020012152448201,806,0.9990802514078543,1.0,1.0,1.0,1.0,0.9998160502815707,0.00036789943685828775
65.97844367027282,1.2948231915099326,0.028702211380004884,0.0019404496959872803,1.0,0.03,5,5,600,0.0,10.0,1.0,"{'clf__colsample_bytree': 1.0, 'clf__learning_rate': 0.03, 'clf__max_depth': 5, 'clf__min_child_weight': 5, 'clf__n_estimators': 600, 'clf__reg_alpha': 0.0, 'clf__reg_lambda': 10.0, 'clf__subsample': 1.0}",0.8502880002880003,0.8326569359847261,0.7814755873918449,0.791641128277596,0.8461119808294315,0.8204347265543198,0.02844927967133774,648,1.0,1.0,1.0,1.0,1.0,1.0,0.0
48.48904142379761,0.7325866574231407,0.025386619567871093,0.001146383563238113,1.0,0.03,5,5,600,0.1,1.0,0.8,"{'clf__colsample_bytree': 1.0, 'clf__learning_rate': 0.03, 'clf__max_depth': 5, 'clf__min_child_weight': 5, 'clf__n_estimators': 600, 'clf__reg_alpha': 0.1, 'clf__reg_lambda': 1.0, 'clf__subsample': 0.8}",0.8258947784683079,0.8347914183220164,0.7923653766270146,0.8135339097406168,0.8494101636689145,0.823199129365374,0.0193535670351845,321,1.0,1.0,1.0,1.0,1.0,1.0,0.0
53.04165344238281,0.9584915168461828,0.02752237319946289,0.0013896804113066497,1.0,0.03,5,5,600,0.1,1.0,1.0,"{'clf__colsample_bytree': 1.0, 'clf__learning_rate': 0.03, 'clf__max_depth': 5, 'clf__min_child_weight': 5, 'clf__n_estimators': 600, 'clf__reg_alpha': 0.1, 'clf__reg_lambda': 1.0, 'clf__subsample': 1.0}",0.843689277512807,0.8325370944151035,0.784429230208968,0.806571705977077,0.8384355133071731,0.8211325642842258,0.022349111798700652,553,1.0,1.0,1.0,1.0,1.0,1.0,0.0
61.15662851333618,0.9250016909438844,0.027138948440551758,0.0015575358746690911,1.0,0.03,5,5,600,0.1,10.0,0.8,"{'clf__colsample_bytree': 1.0, 'clf__learning_rate': 0.03, 'clf__max_depth': 5, 'clf__min_child_weight': 5, 'clf__n_estimators': 600, 'clf__reg_alpha': 0.1, 'clf__reg_lambda': 10.0, 'clf__subsample': 0.8}",0.8231283725235338,0.8268794073992429,0.7903637984528129,0.7967017578408124,0.8473499299260316,0.8168846532284867,0.020869677669237488,1000,0.9990802514078543,1.0,0.9990771574058865,0.9990771574058865,0.9990802514078543,0.9992629635254964,0.0003685208349019573
66.9023784160614,1.1424262327667847,0.027544116973876952,0.0012955362371154426,1.0,0.03,5,5,600,0.1,10.0,1.0,"{'clf__colsample_bytree': 1.0, 'clf__learning_rate': 0.03, 'clf__max_depth': 5, 'clf__min_child_weight': 5, 'clf__n_estimators': 600, 'clf__reg_alpha': 0.1, 'clf__reg_lambda': 10.0, 'clf__subsample': 1.0}",0.8464391725369356,0.8359464096689366,0.778875987597218,0.8086995063001131,0.8483270448124995,0.8236576241831406,0.02648672789989975,272,1.0,1.0,1.0,1.0,1.0,1.0,0.0
58.84376702308655,0.8059494891826073,0.03345003128051758,0.0016435833461253273,1.0,0.03,5,5,1000,0.0,1.0,0.8,"{'clf__colsample_bytree': 1.0, 'clf__learning_rate': 0.03, 'clf__max_depth': 5, 'clf__min_child_weight': 5, 'clf__n_estimators': 1000, 'clf__reg_alpha': 0.0, 'clf__reg_lambda': 1.0, 'clf__subsample': 0.8}",0.8215370903606198,0.8250443391909756,0.7939051989995386,0.8142335707085488,0.8464095394658129,0.8202259477450993,0.016965888503441613,673,1.0,1.0,1.0,1.0,1.0,1.0,0.0
63.39237594604492,1.219684987563696,0.03287649154663086,0.0012177034865246002,1.0,0.03,5,5,1000,0.0,1.0,1.0,"{'clf__colsample_bytree': 1.0, 'clf__learning_rate': 0.03, 'clf__max_depth': 5, 'clf__min_child_weight': 5, 'clf__n_estimators': 1000, 'clf__reg_alpha': 0.0, 'clf__reg_lambda': 1.0, 'clf__subsample': 1.0}",0.8312724037945634,0.8371275093592578,0.795733097925668,0.8146081408945723,0.8405986453089828,0.8238679594566088,0.016660564107091803,249,1.0,1.0,1.0,1.0,1.0,1.0,0.0
79.59542574882508,1.0586039190146945,0.03755521774291992,0.0015598372962186068,1.0,0.03,5,5,1000,0.0,10.0,0.8,"{'clf__colsample_bytree': 1.0, 'clf__learning_rate': 0.03, 'clf__max_depth': 5, 'clf__min_child_weight': 5, 'clf__n_estimators': 1000, 'clf__reg_alpha': 0.0, 'clf__reg_lambda': 10.0, 'clf__subsample': 0.8}",0.8262240442718751,0.8294342694342693,0.7971481722865874,0.8005151325282517,0.8524713093375066,0.8211585855716981,0.02038276028681614,548,1.0,1.0,1.0,1.0,1.0,1.0,0.0
87.27507128715516,2.098964285588485,0.03983826637268066,0.0014938102205331088,1.0,0.03,5,5,1000,0.0,10.0,1.0,"{'clf__colsample_bytree': 1.0, 'clf__learning_rate': 0.03, 'clf__max_depth': 5, 'clf__min_child_weight': 5, 'clf__n_estimators': 1000, 'clf__reg_alpha': 0.0, 'clf__reg_lambda': 10.0, 'clf__subsample': 1.0}",0.8371344755768948,0.8356569063774864,0.780148636815625,0.8094646799116997,0.8388299712226953,0.8202469339808802,0.022768908721840186,669,1.0,1.0,1.0,1.0,1.0,1.0,0.0
60.24080514907837,1.0263170080147461,0.03474440574645996,0.0013375512935397296,1.0,0.03,5,5,1000,0.1,1.0,0.8,"{'clf__colsample_bytree': 1.0, 'clf__learning_rate': 0.03, 'clf__max_depth': 5, 'clf__min_child_weight': 5, 'clf__n_estimators': 1000, 'clf__reg_alpha': 0.1, 'clf__reg_lambda': 1.0, 'clf__subsample': 0.8}",0.8258947784683079,0.8250443391909756,0.7947350448734601,0.8198163593795728,0.8464095394658129,0.822380012275626,0.016538965718105,401,1.0,1.0,1.0,1.0,1.0,1.0,0.0
65.85262403488159,1.3298049416062698,0.0363372802734375,0.0013171532796964701,1.0,0.03,5,5,1000,0.1,1.0,1.0,"{'clf__colsample_bytree': 1.0, 'clf__learning_rate': 0.03, 'clf__max_depth': 5, 'clf__min_child_weight': 5, 'clf__n_estimators': 1000, 'clf__reg_alpha': 0.1, 'clf__reg_lambda': 1.0, 'clf__subsample': 1.0}",0.8421399030282994,0.8401509201811566,0.7877222049371106,0.8094465627066784,0.8478142154264308,0.8254547612559351,0.02312714621853481,140,1.0,1.0,1.0,1.0,1.0,1.0,0.0
81.83916244506835,1.3870106400247746,0.0412102222442627,0.0023708736634313354,1.0,0.03,5,5,1000,0.1,10.0,0.8,"{'clf__colsample_bytree': 1.0, 'clf__learning_rate': 0.03, 'clf__max_depth': 5, 'clf__min_child_weight': 5, 'clf__n_estimators': 1000, 'clf__reg_alpha': 0.1, 'clf__reg_lambda': 10.0, 'clf__subsample': 0.8}",0.8147559236330727,0.8268794073992429,0.7926086624398442,0.8079507078957326,0.8512258730441917,0.8186841148824169,0.01968092871697818,841,1.0,1.0,1.0,1.0,1.0,1.0,0.0
89.33443994522095,1.6684965977607318,0.04027190208435059,0.001997159188889947,1.0,0.03,5,5,1000,0.1,10.0,1.0,"{'clf__colsample_bytree': 1.0, 'clf__learning_rate': 0.03, 'clf__max_depth': 5, 'clf__min_child_weight': 5, 'clf__n_estimators': 1000, 'clf__reg_alpha': 0.1, 'clf__reg_lambda': 10.0, 'clf__subsample': 1.0}",0.8427643762150804,0.8329524559163725,0.7907065665084533,0.8178094875697615,0.8417456690821178,0.8251957110583572,0.019425671602172696,160,1.0,1.0,1.0,1.0,1.0,1.0,0.0
78.21268682479858,0.7975017111230218,0.02635846138000488,0.001069724163305203,1.0,0.03,7,1,300,0.0,1.0,0.8,"{'clf__colsample_bytree': 1.0, 'clf__learning_rate': 0.03, 'clf__max_depth': 7, 'clf__min_child_weight': 1, 'clf__n_estimators': 300, 'clf__reg_alpha': 0.0, 'clf__reg_lambda': 1.0, 'clf__subsample': 0.8}",0.856471494968614,0.8273948174070547,0.7934089750127485,0.7991474884503631,0.861867202564877,0.8276579956807314,0.028236151575268265,47,1.0,1.0,1.0,1.0,1.0,1.0,0.0
84.79057245254516,1.9445387399587315,0.029347562789916994,0.00441342172669814,1.0,0.03,7,1,300,0.0,1.0,1.0,"{'clf__colsample_bytree': 1.0, 'clf__learning_rate': 0.03, 'clf__max_depth': 7, 'clf__min_child_weight': 1, 'clf__n_estimators': 300, 'clf__reg_alpha': 0.0, 'clf__reg_lambda': 1.0, 'clf__subsample': 1.0}",0.8451188826188827,0.8130105768643426,0.7824385528859431,0.8110415662129248,0.8563551615410616,0.8215929480246309,0.026381571214166833,493,1.0,1.0,1.0,1.0,1.0,1.0,0.0
96.50238351821899,1.3645096472363087,0.030419921875,0.0008679226509209273,1.0,0.03,7,1,300,0.0,10.0,0.8,"{'clf__colsample_bytree': 1.0, 'clf__learning_rate': 0.03, 'clf__max_depth': 7, 'clf__min_child_weight': 1, 'clf__n_estimators': 300, 'clf__reg_alpha': 0.0, 'clf__reg_lambda': 10.0, 'clf__subsample': 0.8}",0.841205826137333,0.8244731188523136,0.7929766982780004,0.8020856655795838,0.8538854274835583,0.822925347266158,0.02291860371280875,347,0.9990802514078543,1.0,1.0,1.0,1.0,0.9998160502815707,0.00036789943685828775
108.97665224075317,2.042914516166595,0.030840158462524414,0.0036562418591600167,1.0,0.03,7,1,300,0.0,10.0,1.0,"{'clf__colsample_bytree': 1.0, 'clf__learning_rate': 0.03, 'clf__max_depth': 7, 'clf__min_child_weight': 1, 'clf__n_estimators': 300, 'clf__reg_alpha': 0.0, 'clf__reg_lambda': 10.0, 'clf__subsample': 1.0}",0.838035678833773,0.8157025910036831,0.8014871353370774,0.7998829265226428,0.8591049781529818,0.8228426619700316,0.022715509764755764,352,1.0,1.0,1.0,1.0,1.0,1.0,0.0
80.24988722801208,1.3208316652161893,0.02892603874206543,0.003093199270934296,1.0,0.03,7,1,300,0.1,1.0,0.8,"{'clf__colsample_bytree': 1.0, 'clf__learning_rate': 0.03, 'clf__max_depth': 7, 'clf__min_child_weight': 1, 'clf__n_estimators': 300, 'clf__reg_alpha': 0.1, 'clf__reg_lambda': 1.0, 'clf__subsample': 0.8}",0.8526586579265263,0.8307060756852004,0.7919746970690368,0.8013458544505558,0.8538492506727449,0.8261069071608128,0.025588680858706192,111,1.0,1.0,1.0,1.0,1.0,1.0,0.0
87.74505620002746,1.6670137773186373,0.02918524742126465,0.003106704584792849,1.0,0.03,7,1,300,0.1,1.0,1.0,"{'clf__colsample_bytree': 1.0, 'clf__learning_rate': 0.03, 'clf__max_depth': 7, 'clf__min_child_weight': 1, 'clf__n_estimators': 300, 'clf__reg_alpha': 0.1, 'clf__reg_lambda': 1.0, 'clf__subsample': 1.0}",0.8326196939474382,0.811747234773607,0.7814797527372266,0.8086371991310856,0.8492707024746964,0.8167509166128107,0.02299686418213764,1014,1.0,1.0,1.0,1.0,1.0,1.0,0.0
99.14055738449096,1.2567018464215562,0.029500198364257813,0.002972411030035048,1.0,0.03,7,1,300,0.1,10.0,0.8,"{'clf__colsample_bytree': 1.0, 'clf__learning_rate': 0.03, 'clf__max_depth': 7, 'clf__min_child_weight': 1, 'clf__n_estimators': 300, 'clf__reg_alpha': 0.1, 'clf__reg_lambda': 10.0, 'clf__subsample': 0.8}",0.836143632376509,0.8215239156255434,0.7884279406958545,0.7990998121981366,0.8615959863400904,0.8213582574472268,0.026144038429973024,518,0.9990802514078543,1.0,1.0,0.9990771574058865,0.9990802514078543,0.999447532044319,0.00045108961166192267
110.63347988128662,2.6114217442865573,0.03184671401977539,0.0023077060608921486,1.0,0.03,7,1,300,0.1,10.0,1.0,"{'clf__colsample_bytree': 1.0, 'clf__learning_rate': 0.03, 'clf__max_depth': 7, 'clf__min_child_weight': 1, 'clf__n_estimators': 300, 'clf__reg_alpha': 0.1, 'clf__reg_lambda': 10.0, 'clf__subsample': 1.0}",0.83586285398212,0.8130522684825239,0.799163324826832,0.8037460627020627,0.8591049781529818,0.822185897629304,0.022376627063838667,420,1.0,1.0,1.0,1.0,1.0,1.0,0.0
104.54024739265442,3.5946058130978322,0.036122608184814456,0.002972109683031909,1.0,0.03,7,1,600,0.0,1.0,0.8,"{'clf__colsample_bytree': 1.0, 'clf__learning_rate': 0.03, 'clf__max_depth': 7, 'clf__min_child_weight': 1, 'clf__n_estimators': 600, 'clf__reg_alpha': 0.0, 'clf__reg_lambda': 1.0, 'clf__subsample': 0.8}",0.8526586579265263,0.8273948174070547,0.792647013482341,0.8045471397493642,0.8607262931039819,0.8275947843338536,0.026376031650000537,49,1.0,1.0,1.0,1.0,1.0,1.0,0.0
108.26497254371642,2.380783939762202,0.03875470161437988,0.003993964707544173,1.0,0.03,7,1,600,0.0,1.0,1.0,"{'clf__colsample_bytree': 1.0, 'clf__learning_rate': 0.03, 'clf__max_depth': 7, 'clf__min_child_weight': 1, 'clf__n_estimators': 600, 'clf__reg_alpha': 0.0, 'clf__reg_lambda': 1.0, 'clf__subsample': 1.0}",0.8512969026721352,0.8146731746757594,0.781340907763304,0.8071219715956558,0.8646570564430032,0.8238180026299716,0.03029721829737431,255,1.0,1.0,1.0,1.0,1.0,1.0,0.0
150.94795150756835,2.7654346290858762,0.04914693832397461,0.0027224809294372735,1.0,0.03,7,1,600,0.0,10.0,0.8,"{'clf__colsample_bytree': 1.0, 'clf__learning_rate': 0.03, 'clf__max_depth': 7, 'clf__min_child_weight': 1, 'clf__n_estimators': 600, 'clf__reg_alpha': 0.0, 'clf__reg_lambda': 10.0, 'clf__subsample': 0.8}",0.8368943105437561,0.8255904006147565,0.7986875667070678,0.800567125291234,0.8557981827225194,0.8235075171758666,0.021764757028896544,288,1.0,1.0,1.0,1.0,1.0,1.0,0.0
164.6357895851135,3.3641370328197318,0.04570856094360352,0.0008982725995703687,1.0,0.03,7,1,600,0.0,10.0,1.0,"{'clf__colsample_bytree': 1.0, 'clf__learning_rate': 0.03, 'clf__max_depth': 7, 'clf__min_child_weight': 1, 'clf__n_estimators': 600, 'clf__reg_alpha': 0.0, 'clf__reg_lambda': 10.0, 'clf__subsample': 1.0}",0.8436089985053578,0.8213279137591064,0.7870162354341214,0.7997775372775373,0.8612022504282606,0.8225865870808766,0.027277089894615306,375,1.0,1.0,1.0,1.0,1.0,1.0,0.0
105.42824373245239,1.516536394127809,0.036521196365356445,0.0010202246861873616,1.0,0.03,7,1,600,0.1,1.0,0.8,"{'clf__colsample_bytree': 1.0, 'clf__learning_rate': 0.03, 'clf__max_depth': 7, 'clf__min_child_weight': 1, 'clf__n_estimators': 600, 'clf__reg_alpha': 0.1, 'clf__reg_lambda': 1.0, 'clf__subsample': 0.8}",0.8424659028914347,0.8237586646137485,0.792647013482341,0.7985804887393799,0.8545165859840147,0.8223937311421837,0.02403568451520224,399,1.0,1.0,1.0,1.0,1.0,1.0,0.0
113.66718869209289,2.225219719861312,0.03905487060546875,0.0008046474243408675,1.0,0.03,7,1,600,0.1,1.0,1.0,"{'clf__colsample_bytree': 1.0, 'clf__learning_rate': 0.03, 'clf__max_depth': 7, 'clf__min_child_weight': 1, 'clf__n_estimators': 600, 'clf__reg_alpha': 0.1, 'clf__reg_lambda': 1.0, 'clf__subsample': 1.0}",0.8437136709143751,0.8270450023079077,0.7821122975304757,0.8044969925954878,0.8582956596888869,0.8231327246074267,0.02722234088550951,329,1.0,1.0,1.0,1.0,1.0,1.0,0.0
152.93449025154115,2.063482884019463,0.04678339958190918,0.0016495539988650699,1.0,0.03,7,1,600,0.1,10.0,0.8,"{'clf__colsample_bytree': 1.0, 'clf__learning_rate': 0.03, 'clf__max_depth': 7, 'clf__min_child_weight': 1, 'clf__n_estimators': 600, 'clf__reg_alpha': 0.1, 'clf__reg_lambda': 10.0, 'clf__subsample': 0.8}",0.8361107312642855,0.8252604802604804,0.8017938069874515,0.8069663564350471,0.8585578154240125,0.8257378380742555,0.020545855272875266,128,1.0,1.0,1.0,1.0,1.0,1.0,0.0
167.60751748085022,2.9800591708626674,0.049617958068847653,0.002535986963875301,1.0,0.03,7,1,600,0.1,10.0,1.0,"{'clf__colsample_bytree': 1.0, 'clf__learning_rate': 0.03, 'clf__max_depth': 7, 'clf__min_child_weight': 1, 'clf__n_estimators': 600, 'clf__reg_alpha': 0.1, 'clf__reg_lambda': 10.0, 'clf__subsample': 1.0}",0.8303189608778649,0.831952668949079,0.7960768126812193,0.806294032764621,0.8612022504282606,0.825168945140209,0.022687243768217364,161,1.0,1.0,1.0,1.0,1.0,1.0,0.0
117.8934865951538,2.023324557671647,0.04688992500305176,0.003515432842205298,1.0,0.03,7,1,1000,0.0,1.0,0.8,"{'clf__colsample_bytree': 1.0, 'clf__learning_rate': 0.03, 'clf__max_depth': 7, 'clf__min_child_weight': 1, 'clf__n_estimators': 1000, 'clf__reg_alpha': 0.0, 'clf__reg_lambda': 1.0, 'clf__subsample': 0.8}",0.8498796258207467,0.8143284493284493,0.792647013482341,0.8008694961114546,0.8576313699043867,0.8230711909294758,0.026107774738292035,334,1.0,1.0,1.0,1.0,1.0,1.0,0.0
125.30655789375305,2.467916510250501,0.04768366813659668,0.005095471759727563,1.0,0.03,7,1,1000,0.0,1.0,1.0,"{'clf__colsample_bytree': 1.0, 'clf__learning_rate': 0.03, 'clf__max_depth': 7, 'clf__min_child_weight': 1, 'clf__n_estimators': 1000, 'clf__reg_alpha': 0.0, 'clf__reg_lambda': 1.0, 'clf__subsample': 1.0}",0.8469854346566674,0.8237337440297621,0.7992212723031848,0.8093395438983675,0.861641545972532,0.8281843081721026,0.023180419438763526,34,1.0,1.0,1.0,1.0,1.0,1.0,0.0
194.14133939743041,3.9683048675027384,0.06113524436950683,0.0017386162875878428,1.0,0.03,7,1,1000,0.0,10.0,0.8,"{'clf__colsample_bytree': 1.0, 'clf__learning_rate': 0.03, 'clf__max_depth': 7, 'clf__min_child_weight': 1, 'clf__n_estimators': 1000, 'clf__reg_alpha': 0.0, 'clf__reg_lambda': 10.0, 'clf__subsample': 0.8}",0.8341355363776641,0.8255904006147565,0.8052380952380952,0.7952602563402003,0.8635908127187196,0.8247630202578871,0.02386529639398244,186,1.0,1.0,1.0,1.0,1.0,1.0,0.0
208.85926260948182,3.3508643521368113,0.06362385749816894,0.0027673848492217545,1.0,0.03,7,1,1000,0.0,10.0,1.0,"{'clf__colsample_bytree': 1.0, 'clf__learning_rate': 0.03, 'clf__max_depth': 7, 'clf__min_child_weight': 1, 'clf__n_estimators': 1000, 'clf__reg_alpha': 0.0, 'clf__reg_lambda': 10.0, 'clf__subsample': 1.0}",0.8318643665900798,0.8271256279320796,0.7939811646446718,0.8009732701618302,0.8566652422293194,0.8221219343115962,0.022593631718754874,426,1.0,1.0,1.0,1.0,1.0,1.0,0.0
124.6829484462738,2.580424442536773,0.04957747459411621,0.0021140366136240653,1.0,0.03,7,1,1000,0.1,1.0,0.8,"{'clf__colsample_bytree': 1.0, 'clf__learning_rate': 0.03, 'clf__max_depth': 7, 'clf__min_child_weight': 1, 'clf__n_estimators': 1000, 'clf__reg_alpha': 0.1, 'clf__reg_lambda': 1.0, 'clf__subsample': 0.8}",0.8424659028914347,0.8173046459162275,0.796047685545047,0.7978893437030474,0.8545165859840147,0.8216448328079544,0.02346249581419875,484,1.0,1.0,1.0,1.0,1.0,1.0,0.0
133.2215682029724,2.57546600696671,0.048638439178466795,0.001265047143819074,1.0,0.03,7,1,1000,0.1,1.0,1.0,"{'clf__colsample_bytree': 1.0, 'clf__learning_rate': 0.03, 'clf__max_depth': 7, 'clf__min_child_weight': 1, 'clf__n_estimators': 1000, 'clf__reg_alpha': 0.1, 'clf__reg_lambda': 1.0, 'clf__subsample': 1.0}",0.8409972351824694,0.8251295736227244,0.7897798796891439,0.8079478821275703,0.8524869888685338,0.8232683118980884,0.022484220066974744,311,1.0,1.0,1.0,1.0,1.0,1.0,0.0
198.75023374557495,2.824983412356349,0.06065311431884766,0.0016201874458565474,1.0,0.03,7,1,1000,0.1,10.0,0.8,"{'clf__colsample_bytree': 1.0, 'clf__learning_rate': 0.03, 'clf__max_depth': 7, 'clf__min_child_weight': 1, 'clf__n_estimators': 1000, 'clf__reg_alpha': 0.1, 'clf__reg_lambda': 10.0, 'clf__subsample': 0.8}",0.8333306518626239,0.8255904006147565,0.8017938069874515,0.7993231718797439,0.8585578154240125,0.8237191693537177,0.021842616922451336,265,1.0,1.0,1.0,1.0,1.0,1.0,0.0
215.3889575481415,4.316372064382955,0.06422080993652343,0.0029175268513629143,1.0,0.03,7,1,1000,0.1,10.0,1.0,"{'clf__colsample_bytree': 1.0, 'clf__learning_rate': 0.03, 'clf__max_depth': 7, 'clf__min_child_weight': 1, 'clf__n_estimators': 1000, 'clf__reg_alpha': 0.1, 'clf__reg_lambda': 10.0, 'clf__subsample': 1.0}",0.831455762619357,0.8315827101758557,0.7951742175288312,0.7997775372775373,0.8641379754476889,0.824425640609854,0.025063481596374258,208,1.0,1.0,1.0,1.0,1.0,1.0,0.0
54.47904319763184,0.780946085534999,0.022725296020507813,0.001465762408787009,1.0,0.03,7,3,300,0.0,1.0,0.8,"{'clf__colsample_bytree': 1.0, 'clf__learning_rate': 0.03, 'clf__max_depth': 7, 'clf__min_child_weight': 3, 'clf__n_estimators': 300, 'clf__reg_alpha': 0.0, 'clf__reg_lambda': 1.0, 'clf__subsample': 0.8}",0.8454985692006471,0.8334264206050339,0.795743755005393,0.8024370038071695,0.852751362991347,0.8259714223219181,0.022898176403848024,117,1.0,1.0,1.0,1.0,1.0,1.0,0.0
59.703076934814455,1.4636804843404578,0.02365703582763672,0.0018643704901360897,1.0,0.03,7,3,300,0.0,1.0,1.0,"{'clf__colsample_bytree': 1.0, 'clf__learning_rate': 0.03, 'clf__max_depth': 7, 'clf__min_child_weight': 3, 'clf__n_estimators': 300, 'clf__reg_alpha': 0.0, 'clf__reg_lambda': 1.0, 'clf__subsample': 1.0}",0.8457720361829951,0.8207842220664017,0.7738031602461664,0.7935419810694098,0.8356194554792686,0.8139041710088485,0.026672680241257813,1146,1.0,1.0,1.0,1.0,1.0,1.0,0.0
63.34290761947632,0.9279970255756939,0.025928449630737305,0.0016367874841147682,1.0,0.03,7,3,300,0.0,10.0,0.8,"{'clf__colsample_bytree': 1.0, 'clf__learning_rate': 0.03, 'clf__max_depth': 7, 'clf__min_child_weight': 3, 'clf__n_estimators': 300, 'clf__reg_alpha': 0.0, 'clf__reg_lambda': 10.0, 'clf__subsample': 0.8}",0.8353033091418196,0.8199305484513322,0.8011297278463896,0.8006529951430114,0.8585578154240125,0.823114879201313,0.021921599532760995,331,0.9981581327810707,0.9990795325574398,0.9981519138755981,0.9990771574058865,0.9958174873937601,0.998056844802751,0.001193394070713791
71.76411147117615,1.4492757613568186,0.028052759170532227,0.0017867785642020453,1.0,0.03,7,3,300,0.0,10.0,1.0,"{'clf__colsample_bytree': 1.0, 'clf__learning_rate': 0.03, 'clf__max_depth': 7, 'clf__min_child_weight': 3, 'clf__n_estimators': 300, 'clf__reg_alpha': 0.0, 'clf__reg_lambda': 10.0, 'clf__subsample': 1.0}",0.8413232128026241,0.8237472495537013,0.7959104511211593,0.7979328388246795,0.8540979858445211,0.822602347629337,0.02308592135350425,372,1.0,1.0,1.0,1.0,1.0,1.0,0.0
54.721148824691774,1.2357970749102603,0.02438344955444336,0.0032192997440747746,1.0,0.03,7,3,300,0.1,1.0,0.8,"{'clf__colsample_bytree': 1.0, 'clf__learning_rate': 0.03, 'clf__max_depth': 7, 'clf__min_child_weight': 3, 'clf__n_estimators': 300, 'clf__reg_alpha': 0.1, 'clf__reg_lambda': 1.0, 'clf__subsample': 0.8}",0.8514233019945738,0.8301315233373527,0.792647013482341,0.8024370038071695,0.850824283382423,0.825492625200772,0.024273475928021773,138,1.0,1.0,1.0,1.0,1.0,1.0,0.0
60.06286940574646,1.102131965460481,0.02444114685058594,0.002312091593298242,1.0,0.03,7,3,300,0.1,1.0,1.0,"{'clf__colsample_bytree': 1.0, 'clf__learning_rate': 0.03, 'clf__max_depth': 7, 'clf__min_child_weight': 3, 'clf__n_estimators': 300, 'clf__reg_alpha': 0.1, 'clf__reg_lambda': 1.0, 'clf__subsample': 1.0}",0.8439531752574392,0.8051498554389109,0.7745902790498871,0.7978983382209188,0.8432473373472308,0.8129677970628773,0.02697401309243558,1163,1.0,1.0,1.0,1.0,1.0,1.0,0.0
63.69600596427917,0.558664787764167,0.02463364601135254,0.0014324119500402947,1.0,0.03,7,3,300,0.1,10.0,0.8,"{'clf__colsample_bytree': 1.0, 'clf__learning_rate': 0.03, 'clf__max_depth': 7, 'clf__min_child_weight': 3, 'clf__n_estimators': 300, 'clf__reg_alpha': 0.1, 'clf__reg_lambda': 10.0, 'clf__subsample': 0.8}",0.8353033091418196,0.8126984126984127,0.7959000509943905,0.7985044253539609,0.8557981827225194,0.8196408761822205,0.022852731810011767,736,0.9981581327810707,0.9990795325574398,0.9981519138755981,0.9990771574058865,0.9958174873937601,0.998056844802751,0.001193394070713791
72.3191819190979,1.0569145944805927,0.027718019485473634,0.001795822342555214,1.0,0.03,7,3,300,0.1,10.0,1.0,"{'clf__colsample_bytree': 1.0, 'clf__learning_rate': 0.03, 'clf__max_depth': 7, 'clf__min_child_weight': 3, 'clf__n_estimators': 300, 'clf__reg_alpha': 0.1, 'clf__reg_lambda': 10.0, 'clf__subsample': 1.0}",0.8286083152284609,0.8257316479574859,0.7847090351681499,0.7967947133842284,0.8431947102868165,0.8158076844050284,0.021637973288245956,1071,0.9990802514078543,1.0,1.0,0.9990771574058865,0.9990802514078543,0.999447532044319,0.00045108961166192267
70.69857077598571,1.1228886661171602,0.031618690490722655,0.0035723114312057897,1.0,0.03,7,3,600,0.0,1.0,0.8,"{'clf__colsample_bytree': 1.0, 'clf__learning_rate': 0.03, 'clf__max_depth': 7, 'clf__min_child_weight': 3, 'clf__n_estimators': 600, 'clf__reg_alpha': 0.0, 'clf__reg_lambda': 1.0, 'clf__subsample': 0.8}",0.8291236555528188,0.8345437023674769,0.8012863998845307,0.8011551155115512,0.8541023166023166,0.8240422379837389,0.02040273720814755,234,1.0,1.0,1.0,1.0,1.0,1.0,0.0
75.8731258392334,2.137371755251531,0.033125114440917966,0.0018393825566088142,1.0,0.03,7,3,600,0.0,1.0,1.0,"{'clf__colsample_bytree': 1.0, 'clf__learning_rate': 0.03, 'clf__max_depth': 7, 'clf__min_child_weight': 3, 'clf__n_estimators': 600, 'clf__reg_alpha': 0.0, 'clf__reg_lambda': 1.0, 'clf__subsample': 1.0}",0.8411022837079175,0.8235752318628994,0.79558608831134,0.805470039998176,0.8520627246318551,0.8235592737024376,0.02111835053470356,285,1.0,1.0,1.0,1.0,1.0,1.0,0.0
93.8830623626709,1.736874764310544,0.03455638885498047,0.0009691218155785506,1.0,0.03,7,3,600,0.0,10.0,0.8,"{'clf__colsample_bytree': 1.0, 'clf__learning_rate': 0.03, 'clf__max_depth': 7, 'clf__min_child_weight': 3, 'clf__n_estimators': 600, 'clf__reg_alpha': 0.0, 'clf__reg_lambda': 10.0, 'clf__subsample': 0.8}",0.8383447996974156,0.8259439370886315,0.8054392016290245,0.781688352760459,0.8585578154240125,0.8219948213199085,0.026527230527288562,439,1.0,1.0,1.0,1.0,1.0,1.0,0.0
104.57513809204102,2.3812338374401545,0.039539527893066403,0.001760277649622848,1.0,0.03,7,3,600,0.0,10.0,1.0,"{'clf__colsample_bytree': 1.0, 'clf__learning_rate': 0.03, 'clf__max_depth': 7, 'clf__min_child_weight': 3, 'clf__n_estimators': 600, 'clf__reg_alpha': 0.0, 'clf__reg_lambda': 10.0, 'clf__subsample': 1.0}",0.8332832435427457,0.8291437114457398,0.7625732339100696,0.7952510980280734,0.8635908127187196,0.8167684199290696,0.03469391022956848,1013,1.0,1.0,1.0,1.0,1.0,1.0,0.0
71.27814469337463,1.1937984566289894,0.0329643726348877,0.001142294057635238,1.0,0.03,7,3,600,0.1,1.0,0.8,"{'clf__colsample_bytree': 1.0, 'clf__learning_rate': 0.03, 'clf__max_depth': 7, 'clf__min_child_weight': 3, 'clf__n_estimators': 600, 'clf__reg_alpha': 0.1, 'clf__reg_lambda': 1.0, 'clf__subsample': 0.8}",0.8263681204857676,0.8334264206050339,0.7981798645843596,0.7911664941003905,0.8574995388375669,0.8213280877226238,0.02418969792634666,525,1.0,1.0,1.0,1.0,1.0,1.0,0.0
77.53755197525024,1.448308514434094,0.03238534927368164,0.002740846210297789,1.0,0.03,7,3,600,0.1,1.0,1.0,"{'clf__colsample_bytree': 1.0, 'clf__learning_rate': 0.03, 'clf__max_depth': 7, 'clf__min_child_weight': 3, 'clf__n_estimators': 600, 'clf__reg_alpha': 0.1, 'clf__reg_lambda': 1.0, 'clf__subsample': 1.0}",0.8222863506133047,0.8243048949669529,0.7863024824871407,0.809321465634862,0.8556206254804386,0.8195671638365397,0.022544203363241838,748,1.0,1.0,1.0,1.0,1.0,1.0,0.0
94.11319193840026,0.4502673434804617,0.036248636245727536,0.0015319292947521242,1.0,0.03,7,3,600,0.1,10.0,0.8,"{'clf__colsample_bytree': 1.0, 'clf__learning_rate': 0.03, 'clf__max_depth': 7, 'clf__min_child_weight': 3, 'clf__n_estimators': 600, 'clf__reg_alpha': 0.1, 'clf__reg_lambda': 10.0, 'clf__subsample': 0.8}",0.8361107312642855,0.8285938135938136,0.7986875667070678,0.7996134152585765,0.8557981827225194,0.8237607419092526,0.021972873876373162,260,1.0,1.0,1.0,1.0,1.0,1.0,0.0
105.13385162353515,1.7387485019269364,0.037621927261352536,0.002099969489805832,1.0,0.03,7,3,600,0.1,10.0,1.0,"{'clf__colsample_bytree': 1.0, 'clf__learning_rate': 0.03, 'clf__max_depth': 7, 'clf__min_child_weight': 3, 'clf__n_estimators': 600, 'clf__reg_alpha': 0.1, 'clf__reg_lambda': 10.0, 'clf__subsample': 1.0}",0.8374032575234116,0.823086855772502,0.7808740883286035,0.792072766531977,0.8692137877418109,0.8205301511796611,0.03176085951863184,635,1.0,1.0,1.0,1.0,1.0,1.0,0.0
82.74924459457398,1.570342547303086,0.053371620178222653,0.018435072125646202,1.0,0.03,7,3,1000,0.0,1.0,0.8,"{'clf__colsample_bytree': 1.0, 'clf__learning_rate': 0.03, 'clf__max_depth': 7, 'clf__min_child_weight': 3, 'clf__n_estimators': 1000, 'clf__reg_alpha': 0.0, 'clf__reg_lambda': 1.0, 'clf__subsample': 0.8}",0.8199912515356123,0.8443049155527047,0.8029192010772506,0.8077849710088268,0.8602822745082848,0.827056522736536,0.021933438834614637,67,1.0,1.0,1.0,1.0,1.0,1.0,0.0
88.56833691596985,2.9197882301514966,0.041939306259155276,0.0014568370294998942,1.0,0.03,7,3,1000,0.0,1.0,1.0,"{'clf__colsample_bytree': 1.0, 'clf__learning_rate': 0.03, 'clf__max_depth': 7, 'clf__min_child_weight': 3, 'clf__n_estimators': 1000, 'clf__reg_alpha': 0.0, 'clf__reg_lambda': 1.0, 'clf__subsample': 1.0}",0.8383341790876038,0.8207091400040636,0.792005605025503,0.8119333625091032,0.8458357044624651,0.8217635982177478,0.019169423697456334,470,1.0,1.0,1.0,1.0,1.0,1.0,0.0
117.19291996955872,1.822313498977638,0.04689455032348633,0.0008965694068947609,1.0,0.03,7,3,1000,0.0,10.0,0.8,"{'clf__colsample_bytree': 1.0, 'clf__learning_rate': 0.03, 'clf__max_depth': 7, 'clf__min_child_weight': 3, 'clf__n_estimators': 1000, 'clf__reg_alpha': 0.0, 'clf__reg_lambda': 10.0, 'clf__subsample': 0.8}",0.8347695580203531,0.8272026605819278,0.8101785381219155,0.7842291760786855,0.8512258730441917,0.8215211611694148,0.022845203487221084,500,1.0,1.0,1.0,1.0,1.0,1.0,0.0
128.8069552898407,2.224644611872123,0.04980692863464355,0.0017524613833494486,1.0,0.03,7,3,1000,0.0,10.0,1.0,"{'clf__colsample_bytree': 1.0, 'clf__learning_rate': 0.03, 'clf__max_depth': 7, 'clf__min_child_weight': 3, 'clf__n_estimators': 1000, 'clf__reg_alpha': 0.0, 'clf__reg_lambda': 10.0, 'clf__subsample': 1.0}",0.8397144522144522,0.8329302647144939,0.7790580656200183,0.7952206552881544,0.8621191979078227,0.8218085271489883,0.030343968978962497,464,1.0,1.0,1.0,1.0,1.0,1.0,0.0
84.43640294075013,1.307451393545092,0.04116735458374023,0.0013359308615107479,1.0,0.03,7,3,1000,0.1,1.0,0.8,"{'clf__colsample_bytree': 1.0, 'clf__learning_rate': 0.03, 'clf__max_depth': 7, 'clf__min_child_weight': 3, 'clf__n_estimators': 1000, 'clf__reg_alpha': 0.1, 'clf__reg_lambda': 1.0, 'clf__subsample': 0.8}",0.820444163791263,0.8342388155551496,0.7937830687830687,0.7956339070495201,0.8626584169924885,0.821351674434298,0.025669361267531093,519,1.0,1.0,1.0,1.0,1.0,1.0,0.0
90.16329135894776,1.5310441384733362,0.04145913124084473,0.0025652054605850047,1.0,0.03,7,3,1000,0.1,1.0,1.0,"{'clf__colsample_bytree': 1.0, 'clf__learning_rate': 0.03, 'clf__max_depth': 7, 'clf__min_child_weight': 3, 'clf__n_estimators': 1000, 'clf__reg_alpha': 0.1, 'clf__reg_lambda': 1.0, 'clf__subsample': 1.0}",0.8352618437569894,0.8133655432428781,0.7831729554860396,0.8084453238958368,0.8498352092892032,0.8180161751341893,0.022965816104243857,905,1.0,1.0,1.0,1.0,1.0,1.0,0.0
119.46593427658081,2.089498865038636,0.04605245590209961,0.0019830700960642503,1.0,0.03,7,3,1000,0.1,10.0,0.8,"{'clf__colsample_bytree': 1.0, 'clf__learning_rate': 0.03, 'clf__max_depth': 7, 'clf__min_child_weight': 3, 'clf__n_estimators': 1000, 'clf__reg_alpha': 0.1, 'clf__reg_lambda': 10.0, 'clf__subsample': 0.8}",0.8298145615605022,0.8205153461054753,0.7960681291565105,0.7949931600547196,0.8509966954291157,0.8184775784612647,0.0211843054036189,864,1.0,1.0,1.0,1.0,1.0,1.0,0.0
131.6665728569031,2.026397032976816,0.05025672912597656,0.002651680362563734,1.0,0.03,7,3,1000,0.1,10.0,1.0,"{'clf__colsample_bytree': 1.0, 'clf__learning_rate': 0.03, 'clf__max_depth': 7, 'clf__min_child_weight': 3, 'clf__n_estimators': 1000, 'clf__reg_alpha': 0.1, 'clf__reg_lambda': 10.0, 'clf__subsample': 1.0}",0.8419401355699583,0.8329302647144939,0.7920858877446306,0.7932995131769172,0.8704494436853406,0.8261410489782681,0.029990861639515903,108,1.0,1.0,1.0,1.0,1.0,1.0,0.0
43.78973183631897,0.49860046831591354,0.022231531143188477,0.0014461016165170449,1.0,0.03,7,5,300,0.0,1.0,0.8,"{'clf__colsample_bytree': 1.0, 'clf__learning_rate': 0.03, 'clf__max_depth': 7, 'clf__min_child_weight': 5, 'clf__n_estimators': 300, 'clf__reg_alpha': 0.0, 'clf__reg_lambda': 1.0, 'clf__subsample': 0.8}",0.840269114220437,0.8332007042338481,0.7931449218279301,0.7967080424059205,0.8507638605235269,0.8228173286423324,0.023475666153102124,357,0.9990802514078543,1.0,0.9990771574058865,1.0,1.0,0.9996314817627482,0.0004513418815771679
48.33587737083435,1.1481962466751747,0.021642303466796874,0.0015538804611977663,1.0,0.03,7,5,300,0.0,1.0,1.0,"{'clf__colsample_bytree': 1.0, 'clf__learning_rate': 0.03, 'clf__max_depth': 7, 'clf__min_child_weight': 5, 'clf__n_estimators': 300, 'clf__reg_alpha': 0.0, 'clf__reg_lambda': 1.0, 'clf__subsample': 1.0}",0.8440124973139809,0.8440488187315469,0.7866699080154229,0.8065700191281586,0.8587391977316017,0.8280080881841421,0.026930589249469748,37,1.0,1.0,1.0,1.0,1.0,1.0,0.0
47.70591115951538,0.8354354678614516,0.02176203727722168,0.001395168360310235,1.0,0.03,7,5,300,0.0,10.0,0.8,"{'clf__colsample_bytree': 1.0, 'clf__learning_rate': 0.03, 'clf__max_depth': 7, 'clf__min_child_weight': 5, 'clf__n_estimators': 300, 'clf__reg_alpha': 0.0, 'clf__reg_lambda': 10.0, 'clf__subsample': 0.8}",0.8293868756197522,0.828040027605245,0.8008877150362279,0.7977439513817223,0.8585578154240125,0.8229232770133919,0.022169095616269334,348,0.996193433621131,0.9962029123641054,0.9939491354910757,0.9964045712730619,0.9947818326430256,0.9955063770784799,0.000970971359885662
55.659940576553346,0.8888790200652661,0.02381725311279297,0.001834440183603581,1.0,0.03,7,5,300,0.0,10.0,1.0,"{'clf__colsample_bytree': 1.0, 'clf__learning_rate': 0.03, 'clf__max_depth': 7, 'clf__min_child_weight': 5, 'clf__n_estimators': 300, 'clf__reg_alpha': 0.0, 'clf__reg_lambda': 10.0, 'clf__subsample': 1.0}",0.8275576653562384,0.8377977839404582,0.7988785866728503,0.796832715308144,0.8573576497057805,0.8236848801966943,0.02317075260313215,269,0.9981581327810707,0.9990795325574398,0.9972242434042095,0.9990771574058865,0.9962050689153487,0.9979488270127911,0.0011100582973464514
43.71687250137329,0.6684528135908183,0.02174849510192871,0.0012750499035671372,1.0,0.03,7,5,300,0.1,1.0,0.8,"{'clf__colsample_bytree': 1.0, 'clf__learning_rate': 0.03, 'clf__max_depth': 7, 'clf__min_child_weight': 5, 'clf__n_estimators': 300, 'clf__reg_alpha': 0.1, 'clf__reg_lambda': 1.0, 'clf__subsample': 0.8}",0.841680447984712,0.8260371795885306,0.8015050765050764,0.8046623201424526,0.8507638605235269,0.8249297769488597,0.019538155446106667,172,0.9990802514078543,1.0,0.9990771574058865,0.9990771574058865,0.9981628558539307,0.9990794844147116,0.0005809592549252828
48.715685033798216,0.3358337531688294,0.021319150924682617,0.0005687023310598019,1.0,0.03,7,5,300,0.1,1.0,1.0,"{'clf__colsample_bytree': 1.0, 'clf__learning_rate': 0.03, 'clf__max_depth': 7, 'clf__min_child_weight': 5, 'clf__n_estimators': 300, 'clf__reg_alpha': 0.1, 'clf__reg_lambda': 1.0, 'clf__subsample': 1.0}",0.8342470523597688,0.8410835148407521,0.7708003641546647,0.805053750989134,0.845733469400531,0.81938363034897,0.028113340304720576,773,1.0,1.0,1.0,1.0,1.0,1.0,0.0
48.50483675003052,0.763848091881197,0.021720743179321288,0.0013430584478397558,1.0,0.03,7,5,300,0.1,10.0,0.8,"{'clf__colsample_bytree': 1.0, 'clf__learning_rate': 0.03, 'clf__max_depth': 7, 'clf__min_child_weight': 5, 'clf__n_estimators': 300, 'clf__reg_alpha': 0.1, 'clf__reg_lambda': 10.0, 'clf__subsample': 0.8}",0.8353033091418196,0.828040027605245,0.7961707339041524,0.7911023224915266,0.8585578154240125,0.8218348417133512,0.02518576944363859,461,0.9952761117374538,0.9962029123641054,0.9925260010106085,0.9964045712730619,0.9947818326430256,0.995038285805651,0.0013897478396439988
55.798178339004515,0.5900201433827381,0.024544239044189453,0.0013498279373548568,1.0,0.03,7,5,300,0.1,10.0,1.0,"{'clf__colsample_bytree': 1.0, 'clf__learning_rate': 0.03, 'clf__max_depth': 7, 'clf__min_child_weight': 5, 'clf__n_estimators': 300, 'clf__reg_alpha': 0.1, 'clf__reg_lambda': 10.0, 'clf__subsample': 1.0}",0.8412453967601027,0.8377977839404582,0.7935519605551216,0.8004572132606678,0.8574995388375669,0.8261103786707835,0.024775306562101886,110,0.9981581327810707,0.9990795325574398,0.9972242434042095,0.9990771574058865,0.9962050689153487,0.9979488270127911,0.0011100582973464514
58.1391188621521,0.7764947865448955,0.03039102554321289,0.001595636737630418,1.0,0.03,7,5,600,0.0,1.0,0.8,"{'clf__colsample_bytree': 1.0, 'clf__learning_rate': 0.03, 'clf__max_depth': 7, 'clf__min_child_weight': 5, 'clf__n_estimators': 600, 'clf__reg_alpha': 0.0, 'clf__reg_lambda': 1.0, 'clf__subsample': 0.8}",0.830630467025364,0.823086855772502,0.7957674655787863,0.8079507078957326,0.8478587930322663,0.8210588578609302,0.0180302142072313,564,1.0,1.0,1.0,1.0,1.0,1.0,0.0
62.6605583190918,1.0298609920879132,0.031308984756469725,0.0013717208899988237,1.0,0.03,7,5,600,0.0,1.0,1.0,"{'clf__colsample_bytree': 1.0, 'clf__learning_rate': 0.03, 'clf__max_depth': 7, 'clf__min_child_weight': 5, 'clf__n_estimators': 600, 'clf__reg_alpha': 0.0, 'clf__reg_lambda': 1.0, 'clf__subsample': 1.0}",0.8375140960092416,0.8402302194961515,0.7840650527126346,0.8161725801431683,0.8559620775374199,0.8267888051797232,0.024838705929076995,80,1.0,1.0,1.0,1.0,1.0,1.0,0.0
72.30386781692505,1.4460472704400014,0.0317502498626709,0.0004090710193595885,1.0,0.03,7,5,600,0.0,10.0,0.8,"{'clf__colsample_bytree': 1.0, 'clf__learning_rate': 0.03, 'clf__max_depth': 7, 'clf__min_child_weight': 5, 'clf__n_estimators': 600, 'clf__reg_alpha': 0.0, 'clf__reg_lambda': 10.0, 'clf__subsample': 0.8}",0.8273681726685063,0.824564592584428,0.7901352813852814,0.8087680355160932,0.8509966954291157,0.820366555516685,0.02026478339795469,656,1.0,1.0,1.0,1.0,1.0,1.0,0.0
80.65272345542908,1.1239690089848433,0.03252992630004883,0.0011931232253192799,1.0,0.03,7,5,600,0.0,10.0,1.0,"{'clf__colsample_bytree': 1.0, 'clf__learning_rate': 0.03, 'clf__max_depth': 7, 'clf__min_child_weight': 5, 'clf__n_estimators': 600, 'clf__reg_alpha': 0.0, 'clf__reg_lambda': 10.0, 'clf__subsample': 1.0}",0.8336094780908249,0.8332338828324231,0.7833104520865419,0.8049801703627187,0.8609960423340705,0.8232260051413156,0.02668599519730058,319,1.0,1.0,1.0,1.0,1.0,1.0,0.0
58.510015630722044,0.9324589265495767,0.030014944076538087,0.0007417186039950683,1.0,0.03,7,5,600,0.1,1.0,0.8,"{'clf__colsample_bytree': 1.0, 'clf__learning_rate': 0.03, 'clf__max_depth': 7, 'clf__min_child_weight': 5, 'clf__n_estimators': 600, 'clf__reg_alpha': 0.1, 'clf__reg_lambda': 1.0, 'clf__subsample': 0.8}",0.8315349640228573,0.8194029542751067,0.7976636964561049,0.8141683464663123,0.8445959013927578,0.8214731725226277,0.015877264729564435,507,1.0,1.0,1.0,1.0,1.0,1.0,0.0
63.97492847442627,0.9516513072978245,0.030739545822143555,0.0007391990161343238,1.0,0.03,7,5,600,0.1,1.0,1.0,"{'clf__colsample_bytree': 1.0, 'clf__learning_rate': 0.03, 'clf__max_depth': 7, 'clf__min_child_weight': 5, 'clf__n_estimators': 600, 'clf__reg_alpha': 0.1, 'clf__reg_lambda': 1.0, 'clf__subsample': 1.0}",0.8214854934548951,0.8402302194961515,0.7840800901548565,0.8054550478442897,0.8544636751104331,0.8211429052121252,0.024877611495720875,552,1.0,1.0,1.0,1.0,1.0,1.0,0.0
72.39129152297974,0.9675465142394218,0.03102269172668457,0.000930169760828954,1.0,0.03,7,5,600,0.1,10.0,0.8,"{'clf__colsample_bytree': 1.0, 'clf__learning_rate': 0.03, 'clf__max_depth': 7, 'clf__min_child_weight': 5, 'clf__n_estimators': 600, 'clf__reg_alpha': 0.1, 'clf__reg_lambda': 10.0, 'clf__subsample': 0.8}",0.8289954951669722,0.8215651797831567,0.7949989321725064,0.7947135698545426,0.8509966954291157,0.8182539744812587,0.02141671200270267,883,1.0,1.0,1.0,1.0,1.0,1.0,0.0
80.44576420783997,1.463183020844169,0.029902219772338867,0.0017306679683023348,1.0,0.03,7,5,600,0.1,10.0,1.0,"{'clf__colsample_bytree': 1.0, 'clf__learning_rate': 0.03, 'clf__max_depth': 7, 'clf__min_child_weight': 5, 'clf__n_estimators': 600, 'clf__reg_alpha': 0.1, 'clf__reg_lambda': 10.0, 'clf__subsample': 1.0}",0.828306114665141,0.8391491690803617,0.7793614860201388,0.8026881598007396,0.8673207508139514,0.8233651360760665,0.030230790927194485,301,1.0,1.0,1.0,1.0,1.0,1.0,0.0
68.27430601119995,1.0080612955531403,0.03486323356628418,0.0011954623192696999,1.0,0.03,7,5,1000,0.0,1.0,0.8,"{'clf__colsample_bytree': 1.0, 'clf__learning_rate': 0.03, 'clf__max_depth': 7, 'clf__min_child_weight': 5, 'clf__n_estimators': 1000, 'clf__reg_alpha': 0.0, 'clf__reg_lambda': 1.0, 'clf__subsample': 0.8}",0.8245694556361358,0.8250443391909756,0.7960858976552517,0.8079507078957326,0.8445959013927578,0.8196492603541706,0.016539276209555004,734,1.0,1.0,1.0,1.0,1.0,1.0,0.0
72.89576969146728,0.8565302759496953,0.03764047622680664,0.005275263038048199,1.0,0.03,7,5,1000,0.0,1.0,1.0,"{'clf__colsample_bytree': 1.0, 'clf__learning_rate': 0.03, 'clf__max_depth': 7, 'clf__min_child_weight': 5, 'clf__n_estimators': 1000, 'clf__reg_alpha': 0.0, 'clf__reg_lambda': 1.0, 'clf__subsample': 1.0}",0.8337437899888441,0.8328422732940488,0.7955864229228714,0.8104553049289891,0.8519517297770722,0.824915904182365,0.019702904163660946,173,1.0,1.0,1.0,1.0,1.0,1.0,0.0
87.32972168922424,0.9786066891766673,0.03795299530029297,0.0020522200001334484,1.0,0.03,7,5,1000,0.0,10.0,0.8,"{'clf__colsample_bytree': 1.0, 'clf__learning_rate': 0.03, 'clf__max_depth': 7, 'clf__min_child_weight': 5, 'clf__n_estimators': 1000, 'clf__reg_alpha': 0.0, 'clf__reg_lambda': 10.0, 'clf__subsample': 0.8}",0.8231965921314195,0.8208688825793502,0.7962250424719517,0.8007891756131192,0.8471450593582596,0.8176449504308201,0.01819010990880696,945,1.0,1.0,1.0,1.0,1.0,1.0,0.0
91.86123032569886,0.9898518766654545,0.033779478073120116,0.0007656454526776886,1.0,0.03,7,5,1000,0.0,10.0,1.0,"{'clf__colsample_bytree': 1.0, 'clf__learning_rate': 0.03, 'clf__max_depth': 7, 'clf__min_child_weight': 5, 'clf__n_estimators': 1000, 'clf__reg_alpha': 0.0, 'clf__reg_lambda': 10.0, 'clf__subsample': 1.0}",0.8336094780908249,0.8310121843914516,0.7867877207750058,0.802952397588673,0.8586460967308731,0.8226015755153657,0.0251389822983783,373,1.0,1.0,1.0,1.0,1.0,1.0,0.0
65.55008945465087,1.2102365228303993,0.031584548950195315,0.0017440229162739346,1.0,0.03,7,5,1000,0.1,1.0,0.8,"{'clf__colsample_bytree': 1.0, 'clf__learning_rate': 0.03, 'clf__max_depth': 7, 'clf__min_child_weight': 5, 'clf__n_estimators': 1000, 'clf__reg_alpha': 0.1, 'clf__reg_lambda': 1.0, 'clf__subsample': 0.8}",0.8310616220053977,0.8294582461975191,0.8028387686404859,0.8212426694736715,0.8454727393107675,0.8260148091255684,0.01397025980880791,116,1.0,1.0,1.0,1.0,1.0,1.0,0.0
68.09375228881837,1.0249104517595475,0.03007850646972656,0.0015490056632829954,1.0,0.03,7,5,1000,0.1,1.0,1.0,"{'clf__colsample_bytree': 1.0, 'clf__learning_rate': 0.03, 'clf__max_depth': 7, 'clf__min_child_weight': 5, 'clf__n_estimators': 1000, 'clf__reg_alpha': 0.1, 'clf__reg_lambda': 1.0, 'clf__subsample': 1.0}",0.827845169060903,0.835815426767787,0.7955647611157138,0.8047593553523873,0.8483024822897924,0.8224574389173167,0.019554375590392137,392,1.0,1.0,1.0,1.0,1.0,1.0,0.0
81.40255870819092,1.8595658679445393,0.034879636764526364,0.002678365485674718,1.0,0.03,7,5,1000,0.1,10.0,0.8,"{'clf__colsample_bytree': 1.0, 'clf__learning_rate': 0.03, 'clf__max_depth': 7, 'clf__min_child_weight': 5, 'clf__n_estimators': 1000, 'clf__reg_alpha': 0.1, 'clf__reg_lambda': 10.0, 'clf__subsample': 0.8}",0.8290753428708222,0.8302367174958257,0.7952180223487448,0.8079507078957326,0.8543060047862565,0.8233573590794764,0.020332371992886317,302,1.0,1.0,1.0,1.0,1.0,1.0,0.0
90.82134795188904,1.5134799272682078,0.03302359580993652,0.0014499847902210987,1.0,0.03,7,5,1000,0.1,10.0,1.0,"{'clf__colsample_bytree': 1.0, 'clf__learning_rate': 0.03, 'clf__max_depth': 7, 'clf__min_child_weight': 5, 'clf__n_estimators': 1000, 'clf__reg_alpha': 0.1, 'clf__reg_lambda': 10.0, 'clf__subsample': 1.0}",0.832833090195962,0.8310121843914516,0.7791741361986936,0.7913817086600783,0.8555861528657207,0.8179974544623813,0.0283479716947077,909,1.0,1.0,1.0,1.0,1.0,1.0,0.0
19.640841484069824,0.23074074116734725,0.013831043243408203,0.0009735597769838152,1.0,0.1,3,1,300,0.0,1.0,0.8,"{'clf__colsample_bytree': 1.0, 'clf__learning_rate': 0.1, 'clf__max_depth': 3, 'clf__min_child_weight': 1, 'clf__n_estimators': 300, 'clf__reg_alpha': 0.0, 'clf__reg_lambda': 1.0, 'clf__subsample': 0.8}",0.8119375564956158,0.8313294032451907,0.7923809523809523,0.8079099913277649,0.8544501110882483,0.8196016029075543,0.02139324672417804,742,1.0,1.0,1.0,1.0,1.0,1.0,0.0
20.09340057373047,0.4624472250235647,0.014079046249389649,0.0013524089190050561,1.0,0.1,3,1,300,0.0,1.0,1.0,"{'clf__colsample_bytree': 1.0, 'clf__learning_rate': 0.1, 'clf__max_depth': 3, 'clf__min_child_weight': 1, 'clf__n_estimators': 300, 'clf__reg_alpha': 0.0, 'clf__reg_lambda': 1.0, 'clf__subsample': 1.0}",0.8232484746610729,0.8125725221933868,0.799123228923042,0.8093310710620589,0.8407682140841723,0.8170087021847466,0.014156023683381052,988,1.0,1.0,1.0,1.0,1.0,1.0,0.0
22.262842178344727,0.1842798727386288,0.014074897766113282,0.0013257231816062333,1.0,0.1,3,1,300,0.0,10.0,0.8,"{'clf__colsample_bytree': 1.0, 'clf__learning_rate': 0.1, 'clf__max_depth': 3, 'clf__min_child_weight': 1, 'clf__n_estimators': 300, 'clf__reg_alpha': 0.0, 'clf__reg_lambda': 10.0, 'clf__subsample': 0.8}",0.8179027889694691,0.8297991389633347,0.799943657066601,0.8042208901823619,0.8465216903597186,0.8196776331082971,0.01705601990208133,729,1.0,1.0,1.0,1.0,1.0,1.0,0.0
22.364050245285036,0.648619207799418,0.013496112823486329,0.0007545637196651962,1.0,0.1,3,1,300,0.0,10.0,1.0,"{'clf__colsample_bytree': 1.0, 'clf__learning_rate': 0.1, 'clf__max_depth': 3, 'clf__min_child_weight': 1, 'clf__n_estimators': 300, 'clf__reg_alpha': 0.0, 'clf__reg_lambda': 10.0, 'clf__subsample': 1.0}",0.8204580961946211,0.8203150909872405,0.7922224872598453,0.8076895670548921,0.8473041857696477,0.8175978854532493,0.01811139915547165,948,1.0,1.0,1.0,1.0,1.0,1.0,0.0
19.572228956222535,0.25640257546647255,0.012324285507202149,0.0008588092499390744,1.0,0.1,3,1,300,0.1,1.0,0.8,"{'clf__colsample_bytree': 1.0, 'clf__learning_rate': 0.1, 'clf__max_depth': 3, 'clf__min_child_weight': 1, 'clf__n_estimators': 300, 'clf__reg_alpha': 0.1, 'clf__reg_lambda': 1.0, 'clf__subsample': 0.8}",0.8151748329828609,0.8319019132314318,0.7924508004239652,0.8113042871107387,0.836279834974426,0.8174223337446845,0.015692818774331558,958,1.0,1.0,1.0,1.0,1.0,1.0,0.0
19.318512153625488,0.39235376364795405,0.010819005966186523,0.00042433672533156216,1.0,0.1,3,1,300,0.1,1.0,1.0,"{'clf__colsample_bytree': 1.0, 'clf__learning_rate': 0.1, 'clf__max_depth': 3, 'clf__min_child_weight': 1, 'clf__n_estimators': 300, 'clf__reg_alpha': 0.1, 'clf__reg_lambda': 1.0, 'clf__subsample': 1.0}",0.8098443812991164,0.8236002589374476,0.8033703445033911,0.8175941381743053,0.8464015971786272,0.8201621440185776,0.01480097935167353,677,1.0,1.0,1.0,1.0,1.0,1.0,0.0
21.235889148712157,0.2859215064342773,0.011480236053466797,0.00047389387130661727,1.0,0.1,3,1,300,0.1,10.0,0.8,"{'clf__colsample_bytree': 1.0, 'clf__learning_rate': 0.1, 'clf__max_depth': 3, 'clf__min_child_weight': 1, 'clf__n_estimators': 300, 'clf__reg_alpha': 0.1, 'clf__reg_lambda': 10.0, 'clf__subsample': 0.8}",0.8119375564956158,0.8295076314628143,0.8004111305661414,0.8001000929180531,0.839815222439585,0.8163543267764419,0.01588279907904366,1033,1.0,1.0,1.0,1.0,1.0,1.0,0.0
21.84981451034546,0.5066294791470086,0.012841081619262696,0.0013993447098544288,1.0,0.1,3,1,300,0.1,10.0,1.0,"{'clf__colsample_bytree': 1.0, 'clf__learning_rate': 0.1, 'clf__max_depth': 3, 'clf__min_child_weight': 1, 'clf__n_estimators': 300, 'clf__reg_alpha': 0.1, 'clf__reg_lambda': 10.0, 'clf__subsample': 1.0}",0.8247894535720774,0.8243260743612703,0.7985845781343632,0.8082194167989777,0.8476190177803081,0.8207077081293994,0.01672938796432562,608,1.0,1.0,1.0,1.0,1.0,1.0,0.0
25.42599754333496,1.2549214054937279,0.017557287216186525,0.0011719822427081403,1.0,0.1,3,1,600,0.0,1.0,0.8,"{'clf__colsample_bytree': 1.0, 'clf__learning_rate': 0.1, 'clf__max_depth': 3, 'clf__min_child_weight': 1, 'clf__n_estimators': 600, 'clf__reg_alpha': 0.0, 'clf__reg_lambda': 1.0, 'clf__subsample': 0.8}",0.8077639000805802,0.839833833051979,0.7988891010500407,0.8021932428210299,0.8596087942672352,0.8216577742541731,0.023920573723860254,482,1.0,1.0,1.0,1.0,1.0,1.0,0.0
26.972154712677003,0.5382844884690426,0.01677989959716797,0.0011572420417635897,1.0,0.1,3,1,600,0.0,1.0,1.0,"{'clf__colsample_bytree': 1.0, 'clf__learning_rate': 0.1, 'clf__max_depth': 3, 'clf__min_child_weight': 1, 'clf__n_estimators': 600, 'clf__reg_alpha': 0.0, 'clf__reg_lambda': 1.0, 'clf__subsample': 1.0}",0.8382778904736488,0.8259672482790248,0.803419215919216,0.8085428482769321,0.8339009406501823,0.8220216287198008,0.013774464026491025,437,1.0,1.0,1.0,1.0,1.0,1.0,0.0
35.11492805480957,0.5880439413794283,0.019629669189453126,0.0009303943134723829,1.0,0.1,3,1,600,0.0,10.0,0.8,"{'clf__colsample_bytree': 1.0, 'clf__learning_rate': 0.1, 'clf__max_depth': 3, 'clf__min_child_weight': 1, 'clf__n_estimators': 600, 'clf__reg_alpha': 0.0, 'clf__reg_lambda': 10.0, 'clf__subsample': 0.8}",0.8237699116129075,0.8297991389633347,0.7971901369168561,0.797832595403753,0.8415980684948263,0.8180379702783356,0.017715235239539426,902,1.0,1.0,1.0,1.0,1.0,1.0,0.0
36.599471712112425,0.21462186876080222,0.018398284912109375,0.000824110998901378,1.0,0.1,3,1,600,0.0,10.0,1.0,"{'clf__colsample_bytree': 1.0, 'clf__learning_rate': 0.1, 'clf__max_depth': 3, 'clf__min_child_weight': 1, 'clf__n_estimators': 600, 'clf__reg_alpha': 0.0, 'clf__reg_lambda': 10.0, 'clf__subsample': 1.0}",0.8308508165011346,0.8275191160018649,0.7887097182467824,0.8091145795015915,0.8473041857696477,0.8206996832042043,0.020074472413619825,609,1.0,1.0,1.0,1.0,1.0,1.0,0.0
26.046131372451782,0.39115403017865524,0.01776862144470215,0.000695683859399069,1.0,0.1,3,1,600,0.1,1.0,0.8,"{'clf__colsample_bytree': 1.0, 'clf__learning_rate': 0.1, 'clf__max_depth': 3, 'clf__min_child_weight': 1, 'clf__n_estimators': 600, 'clf__reg_alpha': 0.1, 'clf__reg_lambda': 1.0, 'clf__subsample': 0.8}",0.8237685984777261,0.8317394710944797,0.8059499164730316,0.8035812914518969,0.836279834974426,0.8202638224943121,0.01329421956204127,665,1.0,1.0,1.0,1.0,1.0,1.0,0.0
27.908510589599608,0.273076946970361,0.016507577896118165,0.0003226543357146642,1.0,0.1,3,1,600,0.1,1.0,1.0,"{'clf__colsample_bytree': 1.0, 'clf__learning_rate': 0.1, 'clf__max_depth': 3, 'clf__min_child_weight': 1, 'clf__n_estimators': 600, 'clf__reg_alpha': 0.1, 'clf__reg_lambda': 1.0, 'clf__subsample': 1.0}",0.8208438723173432,0.8353459503982824,0.7949989321725064,0.8185414929107591,0.838391976694729,0.821624444898724,0.015417273754807146,488,1.0,1.0,1.0,1.0,1.0,1.0,0.0
35.62251329421997,0.6487044052413858,0.018331003189086915,0.0005526641691767217,1.0,0.1,3,1,600,0.1,10.0,0.8,"{'clf__colsample_bytree': 1.0, 'clf__learning_rate': 0.1, 'clf__max_depth': 3, 'clf__min_child_weight': 1, 'clf__n_estimators': 600, 'clf__reg_alpha': 0.1, 'clf__reg_lambda': 10.0, 'clf__subsample': 0.8}",0.8085081663161943,0.8309597403425075,0.8036350491613649,0.8067411860131779,0.8416292439486401,0.8182946771563768,0.015159613965166832,881,1.0,1.0,1.0,1.0,1.0,1.0,0.0
37.3669499874115,0.8477551838005284,0.019451332092285157,0.001249157475436465,1.0,0.1,3,1,600,0.1,10.0,1.0,"{'clf__colsample_bytree': 1.0, 'clf__learning_rate': 0.1, 'clf__max_depth': 3, 'clf__min_child_weight': 1, 'clf__n_estimators': 600, 'clf__reg_alpha': 0.1, 'clf__reg_lambda': 10.0, 'clf__subsample': 1.0}",0.8308508165011346,0.8206291292248211,0.7915165343681121,0.8066280837125656,0.8479110712270296,0.8195071270067326,0.019421973432309957,756,1.0,1.0,1.0,1.0,1.0,1.0,0.0
29.780826616287232,0.4161190391663767,0.022206449508666994,0.0014474572122615086,1.0,0.1,3,1,1000,0.0,1.0,0.8,"{'clf__colsample_bytree': 1.0, 'clf__learning_rate': 0.1, 'clf__max_depth': 3, 'clf__min_child_weight': 1, 'clf__n_estimators': 1000, 'clf__reg_alpha': 0.0, 'clf__reg_lambda': 1.0, 'clf__subsample': 0.8}",0.8182172441435824,0.842808481523158,0.8086528251622591,0.8136467236467236,0.8503666718521267,0.82673838926557,0.016659128758480683,83,1.0,1.0,1.0,1.0,1.0,1.0,0.0
32.8159441947937,0.8005157767357101,0.022704124450683594,0.0010273993651382458,1.0,0.1,3,1,1000,0.0,1.0,1.0,"{'clf__colsample_bytree': 1.0, 'clf__learning_rate': 0.1, 'clf__max_depth': 3, 'clf__min_child_weight': 1, 'clf__n_estimators': 1000, 'clf__reg_alpha': 0.0, 'clf__reg_lambda': 1.0, 'clf__subsample': 1.0}",0.8324451713577695,0.8191874670274126,0.8122881580014503,0.8108684296722809,0.8329869385842568,0.8215552329286341,0.009539050373031724,497,1.0,1.0,1.0,1.0,1.0,1.0,0.0
48.68785672187805,0.7422333578062794,0.027964973449707033,0.0014879309585300248,1.0,0.1,3,1,1000,0.0,10.0,0.8,"{'clf__colsample_bytree': 1.0, 'clf__learning_rate': 0.1, 'clf__max_depth': 3, 'clf__min_child_weight': 1, 'clf__n_estimators': 1000, 'clf__reg_alpha': 0.0, 'clf__reg_lambda': 10.0, 'clf__subsample': 0.8}",0.8237699116129075,0.8282112101003711,0.7968683933432653,0.8067708841413846,0.8424877342130863,0.8196216266822031,0.01610403238946346,739,1.0,1.0,1.0,1.0,1.0,1.0,0.0
51.95440907478333,0.5285114044789307,0.02876753807067871,0.0008669809937801847,1.0,0.1,3,1,1000,0.0,10.0,1.0,"{'clf__colsample_bytree': 1.0, 'clf__learning_rate': 0.1, 'clf__max_depth': 3, 'clf__min_child_weight': 1, 'clf__n_estimators': 1000, 'clf__reg_alpha': 0.0, 'clf__reg_lambda': 10.0, 'clf__subsample': 1.0}",0.8308508165011346,0.8243142690593583,0.7859391124871001,0.7988017448641959,0.8420853030043056,0.816398249183219,0.020826717356741412,1029,1.0,1.0,1.0,1.0,1.0,1.0,0.0
34.17215104103089,0.5558775112186292,0.02432103157043457,0.0011601545405577228,1.0,0.1,3,1,1000,0.1,1.0,0.8,"{'clf__colsample_bytree': 1.0, 'clf__learning_rate': 0.1, 'clf__max_depth': 3, 'clf__min_child_weight': 1, 'clf__n_estimators': 1000, 'clf__reg_alpha': 0.1, 'clf__reg_lambda': 1.0, 'clf__subsample': 0.8}",0.8237685984777261,0.8388109331783028,0.8059499164730316,0.8106669183966185,0.8392569216656138,0.8236906576382588,0.013822366395639095,267,1.0,1.0,1.0,1.0,1.0,1.0,0.0
36.01476864814758,0.7768616056715689,0.02504453659057617,0.0013434475678358096,1.0,0.1,3,1,1000,0.1,1.0,1.0,"{'clf__colsample_bytree': 1.0, 'clf__learning_rate': 0.1, 'clf__max_depth': 3, 'clf__min_child_weight': 1, 'clf__n_estimators': 1000, 'clf__reg_alpha': 0.1, 'clf__reg_lambda': 1.0, 'clf__subsample': 1.0}",0.8208438723173432,0.8353459503982824,0.7858824840459911,0.8110903252167042,0.835345514936318,0.8177016293829279,0.018377539579194618,939,1.0,1.0,1.0,1.0,1.0,1.0,0.0
51.276139974594116,0.5726603726878186,0.027674341201782228,0.0018925217274492812,1.0,0.1,3,1,1000,0.1,10.0,0.8,"{'clf__colsample_bytree': 1.0, 'clf__learning_rate': 0.1, 'clf__max_depth': 3, 'clf__min_child_weight': 1, 'clf__n_estimators': 1000, 'clf__reg_alpha': 0.1, 'clf__reg_lambda': 10.0, 'clf__subsample': 0.8}",0.8085081663161943,0.8298105198396976,0.8062304606839051,0.8106921747718172,0.8367681617522331,0.8184018966727695,0.012433390058417348,870,1.0,1.0,1.0,1.0,1.0,1.0,0.0
53.19431824684143,0.7085048469098438,0.029251670837402342,0.001459524946653578,1.0,0.1,3,1,1000,0.1,10.0,1.0,"{'clf__colsample_bytree': 1.0, 'clf__learning_rate': 0.1, 'clf__max_depth': 3, 'clf__min_child_weight': 1, 'clf__n_estimators': 1000, 'clf__reg_alpha': 0.1, 'clf__reg_lambda': 10.0, 'clf__subsample': 1.0}",0.8308508165011346,0.8217177036068647,0.7915165343681121,0.8050758350718078,0.8479110712270296,0.8194143921549898,0.01965727576206216,767,1.0,1.0,1.0,1.0,1.0,1.0,0.0
13.64016261100769,0.13154110415734369,0.011926031112670899,0.0008464075623024435,1.0,0.1,3,3,300,0.0,1.0,0.8,"{'clf__colsample_bytree': 1.0, 'clf__learning_rate': 0.1, 'clf__max_depth': 3, 'clf__min_child_weight': 3, 'clf__n_estimators': 300, 'clf__reg_alpha': 0.0, 'clf__reg_lambda': 1.0, 'clf__subsample': 0.8}",0.8136270736190293,0.839833833051979,0.7866238016978947,0.8204854591409214,0.8500785625785625,0.8221297460176775,0.022046506499504386,424,1.0,1.0,1.0,1.0,1.0,1.0,0.0
14.699319696426391,0.23606848381573026,0.01143488883972168,0.0009942871467288142,1.0,0.1,3,3,300,0.0,1.0,1.0,"{'clf__colsample_bytree': 1.0, 'clf__learning_rate': 0.1, 'clf__max_depth': 3, 'clf__min_child_weight': 3, 'clf__n_estimators': 300, 'clf__reg_alpha': 0.0, 'clf__reg_lambda': 1.0, 'clf__subsample': 1.0}",0.8367448330683626,0.8392441322007885,0.7871719636813976,0.8017121965065096,0.833026623532578,0.8195799497979273,0.021126573283895125,745,1.0,1.0,1.0,1.0,1.0,1.0,0.0
17.183022451400756,0.2777910077642215,0.011179828643798828,0.00044277216489069314,1.0,0.1,3,3,300,0.0,10.0,0.8,"{'clf__colsample_bytree': 1.0, 'clf__learning_rate': 0.1, 'clf__max_depth': 3, 'clf__min_child_weight': 3, 'clf__n_estimators': 300, 'clf__reg_alpha': 0.0, 'clf__reg_lambda': 10.0, 'clf__subsample': 0.8}",0.8233151038461417,0.8212070963674933,0.8030073520476364,0.7981462959809292,0.8486532109200426,0.8188658118324487,0.017851364323034916,826,1.0,1.0,1.0,1.0,1.0,1.0,0.0
17.81002893447876,0.36429252604483325,0.01111741065979004,0.0010486037618804478,1.0,0.1,3,3,300,0.0,10.0,1.0,"{'clf__colsample_bytree': 1.0, 'clf__learning_rate': 0.1, 'clf__max_depth': 3, 'clf__min_child_weight': 3, 'clf__n_estimators': 300, 'clf__reg_alpha': 0.0, 'clf__reg_lambda': 10.0, 'clf__subsample': 1.0}",0.8308508165011346,0.8090534490433261,0.8060099946688578,0.8013903902754792,0.8503718368655699,0.8195352974708735,0.01844436907155476,754,1.0,1.0,1.0,1.0,1.0,1.0,0.0
14.074986028671265,0.35438401031427974,0.011133861541748048,0.0004617547208664477,1.0,0.1,3,3,300,0.1,1.0,0.8,"{'clf__colsample_bytree': 1.0, 'clf__learning_rate': 0.1, 'clf__max_depth': 3, 'clf__min_child_weight': 3, 'clf__n_estimators': 300, 'clf__reg_alpha': 0.1, 'clf__reg_lambda': 1.0, 'clf__subsample': 0.8}",0.8281675057410351,0.8350182492786133,0.8026248643885451,0.8178031314479912,0.8504230672111903,0.826807363613475,0.01608004696561519,78,1.0,1.0,1.0,1.0,1.0,1.0,0.0
14.952532386779785,0.275605030432322,0.011411476135253906,0.000863189958358585,1.0,0.1,3,3,300,0.1,1.0,1.0,"{'clf__colsample_bytree': 1.0, 'clf__learning_rate': 0.1, 'clf__max_depth': 3, 'clf__min_child_weight': 3, 'clf__n_estimators': 300, 'clf__reg_alpha': 0.1, 'clf__reg_lambda': 1.0, 'clf__subsample': 1.0}",0.8330281445208922,0.8263246256068242,0.8074598574775382,0.8032294204771692,0.8348450108685942,0.8209774117902036,0.01314411373497302,572,1.0,1.0,1.0,1.0,1.0,1.0,0.0
17.156311893463133,0.300296997836308,0.011915349960327148,0.000791551931791672,1.0,0.1,3,3,300,0.1,10.0,0.8,"{'clf__colsample_bytree': 1.0, 'clf__learning_rate': 0.1, 'clf__max_depth': 3, 'clf__min_child_weight': 3, 'clf__n_estimators': 300, 'clf__reg_alpha': 0.1, 'clf__reg_lambda': 10.0, 'clf__subsample': 0.8}",0.8085384108267135,0.8301224923340452,0.7989211120005821,0.8040428972945814,0.8347268836651524,0.815270359224215,0.01440704769632119,1098,1.0,1.0,1.0,1.0,1.0,1.0,0.0
17.891465759277345,0.29012415955572507,0.011104965209960937,0.0005523963397108502,1.0,0.1,3,3,300,0.1,10.0,1.0,"{'clf__colsample_bytree': 1.0, 'clf__learning_rate': 0.1, 'clf__max_depth': 3, 'clf__min_child_weight': 3, 'clf__n_estimators': 300, 'clf__reg_alpha': 0.1, 'clf__reg_lambda': 10.0, 'clf__subsample': 1.0}",0.822915368653665,0.8286626279841263,0.7886901085997238,0.8001629575083183,0.8473041857696477,0.8175470497030963,0.020846063355175942,950,1.0,1.0,1.0,1.0,1.0,1.0,0.0
19.405511379241943,0.34218805483951237,0.01595768928527832,0.0013792017191661691,1.0,0.1,3,3,600,0.0,1.0,0.8,"{'clf__colsample_bytree': 1.0, 'clf__learning_rate': 0.1, 'clf__max_depth': 3, 'clf__min_child_weight': 3, 'clf__n_estimators': 600, 'clf__reg_alpha': 0.0, 'clf__reg_lambda': 1.0, 'clf__subsample': 0.8}",0.8179385267620563,0.8268540712332659,0.7933919674322517,0.8216830899929491,0.8601892050780652,0.8240113720997175,0.021432521212526423,236,1.0,1.0,1.0,1.0,1.0,1.0,0.0
20.682883739471436,0.4051013873591911,0.0163877010345459,0.0001704725185167465,1.0,0.1,3,3,600,0.0,1.0,1.0,"{'clf__colsample_bytree': 1.0, 'clf__learning_rate': 0.1, 'clf__max_depth': 3, 'clf__min_child_weight': 3, 'clf__n_estimators': 600, 'clf__reg_alpha': 0.0, 'clf__reg_lambda': 1.0, 'clf__subsample': 1.0}",0.8362457150692444,0.8233416412084328,0.7964510656673144,0.8094398686372513,0.8431253214703918,0.821720722410527,0.017094645780004532,474,1.0,1.0,1.0,1.0,1.0,1.0,0.0
26.545082330703735,0.2702889421585687,0.01966238021850586,0.0015515244771136943,1.0,0.1,3,3,600,0.0,10.0,0.8,"{'clf__colsample_bytree': 1.0, 'clf__learning_rate': 0.1, 'clf__max_depth': 3, 'clf__min_child_weight': 3, 'clf__n_estimators': 600, 'clf__reg_alpha': 0.0, 'clf__reg_lambda': 10.0, 'clf__subsample': 0.8}",0.8243810981439388,0.8227242524916945,0.7940128957209652,0.8033454018891156,0.8340585377372828,0.8157044371965994,0.014728910237696723,1077,1.0,1.0,1.0,1.0,1.0,1.0,0.0
28.09912133216858,0.4201933276110896,0.019043350219726564,0.001030308333963127,1.0,0.1,3,3,600,0.0,10.0,1.0,"{'clf__colsample_bytree': 1.0, 'clf__learning_rate': 0.1, 'clf__max_depth': 3, 'clf__min_child_weight': 3, 'clf__n_estimators': 600, 'clf__reg_alpha': 0.0, 'clf__reg_lambda': 10.0, 'clf__subsample': 1.0}",0.8322779438706811,0.8249763828226035,0.8012815301714127,0.8025810623780052,0.8436789779452337,0.8209591794375873,0.01664576019804919,576,1.0,1.0,1.0,1.0,1.0,1.0,0.0
20.052735376358033,0.27242991339119094,0.017386722564697265,0.0017745928872430754,1.0,0.1,3,3,600,0.1,1.0,0.8,"{'clf__colsample_bytree': 1.0, 'clf__learning_rate': 0.1, 'clf__max_depth': 3, 'clf__min_child_weight': 3, 'clf__n_estimators': 600, 'clf__reg_alpha': 0.1, 'clf__reg_lambda': 1.0, 'clf__subsample': 0.8}",0.8105985598559856,0.8224159926763923,0.8001959444064707,0.8216503944156991,0.8531961980850582,0.8216114178879212,0.017765994181737743,490,1.0,1.0,1.0,1.0,1.0,1.0,0.0
21.954451751708984,0.2562667989058097,0.017121505737304688,0.0008171481652307798,1.0,0.1,3,3,600,0.1,1.0,1.0,"{'clf__colsample_bytree': 1.0, 'clf__learning_rate': 0.1, 'clf__max_depth': 3, 'clf__min_child_weight': 3, 'clf__n_estimators': 600, 'clf__reg_alpha': 0.1, 'clf__reg_lambda': 1.0, 'clf__subsample': 1.0}",0.8273063211298506,0.8271935565503461,0.8060160015423173,0.8125104661492802,0.8425673462522463,0.8231187383248081,0.01278614396631538,330,1.0,1.0,1.0,1.0,1.0,1.0,0.0
27.132879161834715,0.5084560830029511,0.019201946258544923,0.0008217033207926399,1.0,0.1,3,3,600,0.1,10.0,0.8,"{'clf__colsample_bytree': 1.0, 'clf__learning_rate': 0.1, 'clf__max_depth': 3, 'clf__min_child_weight': 3, 'clf__n_estimators': 600, 'clf__reg_alpha': 0.1, 'clf__reg_lambda': 10.0, 'clf__subsample': 0.8}",0.8189604003420865,0.8271513293978959,0.8038607924374597,0.8082502006650614,0.8445546183088599,0.8205554682302727,0.01450614104635423,628,1.0,1.0,1.0,1.0,1.0,1.0,0.0
29.121747970581055,0.5143878561005909,0.019005203247070314,0.00018992547919050918,1.0,0.1,3,3,600,0.1,10.0,1.0,"{'clf__colsample_bytree': 1.0, 'clf__learning_rate': 0.1, 'clf__max_depth': 3, 'clf__min_child_weight': 3, 'clf__n_estimators': 600, 'clf__reg_alpha': 0.1, 'clf__reg_lambda': 10.0, 'clf__subsample': 1.0}",0.827845169060903,0.8309165321549223,0.7994855629807086,0.8155532557310874,0.8442159692159693,0.8236032978287181,0.015118382198844772,279,1.0,1.0,1.0,1.0,1.0,1.0,0.0
24.21909852027893,0.37273809846005584,0.022014570236206055,0.0009509870505280685,1.0,0.1,3,3,1000,0.0,1.0,0.8,"{'clf__colsample_bytree': 1.0, 'clf__learning_rate': 0.1, 'clf__max_depth': 3, 'clf__min_child_weight': 3, 'clf__n_estimators': 1000, 'clf__reg_alpha': 0.0, 'clf__reg_lambda': 1.0, 'clf__subsample': 0.8}",0.8144305667472468,0.8298671096345516,0.8029807850817167,0.8300469483568075,0.8448117652666858,0.8244274350174017,0.014398514357382507,207,1.0,1.0,1.0,1.0,1.0,1.0,0.0
26.355781316757202,0.7477711987073804,0.021505451202392577,0.0010561332792644665,1.0,0.1,3,3,1000,0.0,1.0,1.0,"{'clf__colsample_bytree': 1.0, 'clf__learning_rate': 0.1, 'clf__max_depth': 3, 'clf__min_child_weight': 3, 'clf__n_estimators': 1000, 'clf__reg_alpha': 0.0, 'clf__reg_lambda': 1.0, 'clf__subsample': 1.0}",0.8230101760176017,0.8233416412084328,0.7879123834047294,0.812413739986023,0.8339310088026686,0.816121789883891,0.015660553266881583,1053,1.0,1.0,1.0,1.0,1.0,1.0,0.0
36.107401323318484,0.14263713642308265,0.02538762092590332,0.001750475258168587,1.0,0.1,3,3,1000,0.0,10.0,0.8,"{'clf__colsample_bytree': 1.0, 'clf__learning_rate': 0.1, 'clf__max_depth': 3, 'clf__min_child_weight': 3, 'clf__n_estimators': 1000, 'clf__reg_alpha': 0.0, 'clf__reg_lambda': 10.0, 'clf__subsample': 0.8}",0.8228901852878614,0.8271513293978959,0.8005693279863896,0.8127291747839686,0.8309218571270084,0.8188523749166248,0.010978272576510267,827,1.0,1.0,1.0,1.0,1.0,1.0,0.0
37.96935319900513,0.5080634817216477,0.02591996192932129,0.001648924855283994,1.0,0.1,3,3,1000,0.0,10.0,1.0,"{'clf__colsample_bytree': 1.0, 'clf__learning_rate': 0.1, 'clf__max_depth': 3, 'clf__min_child_weight': 3, 'clf__n_estimators': 1000, 'clf__reg_alpha': 0.0, 'clf__reg_lambda': 10.0, 'clf__subsample': 1.0}",0.827845169060903,0.820828851424031,0.8093124028075485,0.7956223363200108,0.8486818806143008,0.8204581280453589,0.01784561437195882,645,1.0,1.0,1.0,1.0,1.0,1.0,0.0
25.64826617240906,0.471284192755645,0.023743247985839842,0.0009397545692102867,1.0,0.1,3,3,1000,0.1,1.0,0.8,"{'clf__colsample_bytree': 1.0, 'clf__learning_rate': 0.1, 'clf__max_depth': 3, 'clf__min_child_weight': 3, 'clf__n_estimators': 1000, 'clf__reg_alpha': 0.1, 'clf__reg_lambda': 1.0, 'clf__subsample': 0.8}",0.820293740285696,0.8267730844544336,0.8017969697171659,0.8282849229947983,0.8471729032476696,0.8248643241399527,0.014601435827372776,175,1.0,1.0,1.0,1.0,1.0,1.0,0.0
27.882856464385988,0.618327453350693,0.023574304580688477,0.0014309658870573375,1.0,0.1,3,3,1000,0.1,1.0,1.0,"{'clf__colsample_bytree': 1.0, 'clf__learning_rate': 0.1, 'clf__max_depth': 3, 'clf__min_child_weight': 3, 'clf__n_estimators': 1000, 'clf__reg_alpha': 0.1, 'clf__reg_lambda': 1.0, 'clf__subsample': 1.0}",0.8264850342096319,0.8271935565503461,0.7976653609548345,0.8151318007218115,0.8425673462522463,0.8218086197377741,0.014894750619748914,463,1.0,1.0,1.0,1.0,1.0,1.0,0.0
36.77362008094788,0.5732958794776973,0.024915027618408202,0.0015673203153313546,1.0,0.1,3,3,1000,0.1,10.0,0.8,"{'clf__colsample_bytree': 1.0, 'clf__learning_rate': 0.1, 'clf__max_depth': 3, 'clf__min_child_weight': 3, 'clf__n_estimators': 1000, 'clf__reg_alpha': 0.1, 'clf__reg_lambda': 10.0, 'clf__subsample': 0.8}",0.8151748329828609,0.8268330186498346,0.8062304606839051,0.8124226641622773,0.8323882677143547,0.8186098488386465,0.009599949871669698,849,1.0,1.0,1.0,1.0,1.0,1.0,0.0
39.58757629394531,0.9168689949084742,0.02601165771484375,0.0010009972898914787,1.0,0.1,3,3,1000,0.1,10.0,1.0,"{'clf__colsample_bytree': 1.0, 'clf__learning_rate': 0.1, 'clf__max_depth': 3, 'clf__min_child_weight': 3, 'clf__n_estimators': 1000, 'clf__reg_alpha': 0.1, 'clf__reg_lambda': 10.0, 'clf__subsample': 1.0}",0.8234515888967748,0.825698419810137,0.7994855629807086,0.8116521884879695,0.8442159692159693,0.8209007458783117,0.014948377750686245,583,1.0,1.0,1.0,1.0,1.0,1.0,0.0
12.708040142059327,0.09698821026643341,0.012084007263183594,0.0007080368370548303,1.0,0.1,3,5,300,0.0,1.0,0.8,"{'clf__colsample_bytree': 1.0, 'clf__learning_rate': 0.1, 'clf__max_depth': 3, 'clf__min_child_weight': 5, 'clf__n_estimators': 300, 'clf__reg_alpha': 0.0, 'clf__reg_lambda': 1.0, 'clf__subsample': 0.8}",0.8183105822231804,0.8482739064716025,0.8015329930732774,0.8137961930948039,0.842284350445647,0.8248396050617023,0.017670703854438145,178,1.0,1.0,1.0,1.0,1.0,1.0,0.0
13.778629255294799,0.39502994841359995,0.01142120361328125,0.0015093949631700748,1.0,0.1,3,5,300,0.0,1.0,1.0,"{'clf__colsample_bytree': 1.0, 'clf__learning_rate': 0.1, 'clf__max_depth': 3, 'clf__min_child_weight': 5, 'clf__n_estimators': 300, 'clf__reg_alpha': 0.0, 'clf__reg_lambda': 1.0, 'clf__subsample': 1.0}",0.830760941211474,0.8375582412799091,0.809732865903203,0.7994044816518742,0.8273668805583699,0.820964682120966,0.014165429625525893,574,1.0,1.0,1.0,1.0,1.0,1.0,0.0
15.29511251449585,0.3985522597785757,0.011107110977172851,0.0007629340678263382,1.0,0.1,3,5,300,0.0,10.0,0.8,"{'clf__colsample_bytree': 1.0, 'clf__learning_rate': 0.1, 'clf__max_depth': 3, 'clf__min_child_weight': 5, 'clf__n_estimators': 300, 'clf__reg_alpha': 0.0, 'clf__reg_lambda': 10.0, 'clf__subsample': 0.8}",0.8154744727782235,0.8324549697238856,0.8142457100463323,0.7976507137722091,0.8346127545055477,0.8188877241652397,0.013531858126635807,823,1.0,1.0,1.0,1.0,1.0,1.0,0.0
16.292275810241698,0.2788037417296343,0.012745046615600586,0.0007813578950009663,1.0,0.1,3,5,300,0.0,10.0,1.0,"{'clf__colsample_bytree': 1.0, 'clf__learning_rate': 0.1, 'clf__max_depth': 3, 'clf__min_child_weight': 5, 'clf__n_estimators': 300, 'clf__reg_alpha': 0.0, 'clf__reg_lambda': 10.0, 'clf__subsample': 1.0}",0.83453384422762,0.8190329384367399,0.8012455122894228,0.8017457673398792,0.8492007470880709,0.8211517618763466,0.018671724659486206,549,1.0,1.0,1.0,1.0,1.0,1.0,0.0
12.846760082244874,0.2223709231121381,0.011776542663574219,0.0009623360270905792,1.0,0.1,3,5,300,0.1,1.0,0.8,"{'clf__colsample_bytree': 1.0, 'clf__learning_rate': 0.1, 'clf__max_depth': 3, 'clf__min_child_weight': 5, 'clf__n_estimators': 300, 'clf__reg_alpha': 0.1, 'clf__reg_lambda': 1.0, 'clf__subsample': 0.8}",0.8183105822231804,0.8323275198275198,0.793478048482628,0.8134070058381985,0.8420312245893642,0.8199108761921782,0.01665556065385557,703,1.0,1.0,1.0,1.0,1.0,1.0,0.0
13.717346477508546,0.2556835931051717,0.011480951309204101,0.0009283300831415439,1.0,0.1,3,5,300,0.1,1.0,1.0,"{'clf__colsample_bytree': 1.0, 'clf__learning_rate': 0.1, 'clf__max_depth': 3, 'clf__min_child_weight': 5, 'clf__n_estimators': 300, 'clf__reg_alpha': 0.1, 'clf__reg_lambda': 1.0, 'clf__subsample': 1.0}",0.8304512219628299,0.8292314849377816,0.7949617540186573,0.8066532947463266,0.8319471877134366,0.8186489886758064,0.015053941635950877,845,1.0,1.0,1.0,1.0,1.0,1.0,0.0
15.326665163040161,0.14019383722679649,0.011431169509887696,0.0005079020061811544,1.0,0.1,3,5,300,0.1,10.0,0.8,"{'clf__colsample_bytree': 1.0, 'clf__learning_rate': 0.1, 'clf__max_depth': 3, 'clf__min_child_weight': 5, 'clf__n_estimators': 300, 'clf__reg_alpha': 0.1, 'clf__reg_lambda': 10.0, 'clf__subsample': 0.8}",0.8077868633179087,0.8197112140904088,0.8051157920199629,0.792199783139062,0.838967245318612,0.8127561795771909,0.015754539238023304,1173,1.0,1.0,1.0,1.0,1.0,1.0,0.0
15.951133441925048,0.19541805280673233,0.012039375305175782,0.001014465685022224,1.0,0.1,3,5,300,0.1,10.0,1.0,"{'clf__colsample_bytree': 1.0, 'clf__learning_rate': 0.1, 'clf__max_depth': 3, 'clf__min_child_weight': 5, 'clf__n_estimators': 300, 'clf__reg_alpha': 0.1, 'clf__reg_lambda': 10.0, 'clf__subsample': 1.0}",0.827845169060903,0.8309274052175035,0.8021492010221449,0.809102006326432,0.8399326708996209,0.821991290505321,0.01411281213967138,441,1.0,1.0,1.0,1.0,1.0,1.0,0.0
17.25556640625,0.24778168585721652,0.016795635223388672,0.000529841851962984,1.0,0.1,3,5,600,0.0,1.0,0.8,"{'clf__colsample_bytree': 1.0, 'clf__learning_rate': 0.1, 'clf__max_depth': 3, 'clf__min_child_weight': 5, 'clf__n_estimators': 600, 'clf__reg_alpha': 0.0, 'clf__reg_lambda': 1.0, 'clf__subsample': 0.8}",0.8131419364671191,0.8394972232450123,0.8062304606839051,0.8251479373754951,0.8373153075712945,0.8242665730685651,0.013054331613896424,220,1.0,1.0,1.0,1.0,1.0,1.0,0.0
19.01709361076355,0.4011471731548386,0.017201948165893554,0.0012151971468442665,1.0,0.1,3,5,600,0.0,1.0,1.0,"{'clf__colsample_bytree': 1.0, 'clf__learning_rate': 0.1, 'clf__max_depth': 3, 'clf__min_child_weight': 5, 'clf__n_estimators': 600, 'clf__reg_alpha': 0.0, 'clf__reg_lambda': 1.0, 'clf__subsample': 1.0}",0.8219345862375678,0.8370185259729045,0.8000090774782986,0.809181145512827,0.8344028881477874,0.8205092446698771,0.014256254642878573,638,1.0,1.0,1.0,1.0,1.0,1.0,0.0
23.410730409622193,0.6578204495772046,0.018707084655761718,0.0008599499948959997,1.0,0.1,3,5,600,0.0,10.0,0.8,"{'clf__colsample_bytree': 1.0, 'clf__learning_rate': 0.1, 'clf__max_depth': 3, 'clf__min_child_weight': 5, 'clf__n_estimators': 600, 'clf__reg_alpha': 0.0, 'clf__reg_lambda': 10.0, 'clf__subsample': 0.8}",0.8169192834092329,0.8324549697238856,0.796620384120384,0.8143983035803802,0.8350149262430492,0.8190815734153863,0.01388404119929847,804,1.0,1.0,1.0,1.0,1.0,1.0,0.0
24.572308921813963,0.5464014381604254,0.019113683700561525,0.0006681576033801308,1.0,0.1,3,5,600,0.0,10.0,1.0,"{'clf__colsample_bytree': 1.0, 'clf__learning_rate': 0.1, 'clf__max_depth': 3, 'clf__min_child_weight': 5, 'clf__n_estimators': 600, 'clf__reg_alpha': 0.0, 'clf__reg_lambda': 10.0, 'clf__subsample': 1.0}",0.8382618357275696,0.8206872200633611,0.8006772968671197,0.8014945616301415,0.849050362782757,0.8220342554141897,0.01935467707577301,436,1.0,1.0,1.0,1.0,1.0,1.0,0.0
18.047047424316407,0.2555666658869879,0.018404102325439452,0.0006878423624518472,1.0,0.1,3,5,600,0.1,1.0,0.8,"{'clf__colsample_bytree': 1.0, 'clf__learning_rate': 0.1, 'clf__max_depth': 3, 'clf__min_child_weight': 5, 'clf__n_estimators': 600, 'clf__reg_alpha': 0.1, 'clf__reg_lambda': 1.0, 'clf__subsample': 0.8}",0.8140707820782077,0.8323275198275198,0.7991168098154904,0.8149563730882893,0.8411280897262206,0.8203199149071455,0.014795631941279737,660,1.0,1.0,1.0,1.0,1.0,1.0,0.0
19.80899477005005,0.6338665726331347,0.016832590103149414,0.001214412362600104,1.0,0.1,3,5,600,0.1,1.0,1.0,"{'clf__colsample_bytree': 1.0, 'clf__learning_rate': 0.1, 'clf__max_depth': 3, 'clf__min_child_weight': 5, 'clf__n_estimators': 600, 'clf__reg_alpha': 0.1, 'clf__reg_lambda': 1.0, 'clf__subsample': 1.0}",0.830107612499817,0.8385508275569874,0.7956674775173227,0.8201597059236273,0.832533548172749,0.8234038343341007,0.015083458348642635,298,1.0,1.0,1.0,1.0,1.0,1.0,0.0
23.66356987953186,0.24644853793246102,0.017615890502929686,0.0009588837628783263,1.0,0.1,3,5,600,0.1,10.0,0.8,"{'clf__colsample_bytree': 1.0, 'clf__learning_rate': 0.1, 'clf__max_depth': 3, 'clf__min_child_weight': 5, 'clf__n_estimators': 600, 'clf__reg_alpha': 0.1, 'clf__reg_lambda': 10.0, 'clf__subsample': 0.8}",0.8077868633179087,0.8166811973263586,0.7974831178778548,0.8023374045143942,0.8420755170755172,0.8132728200224066,0.01574932456005355,1158,1.0,1.0,1.0,1.0,1.0,1.0,0.0
25.434247541427613,0.3566525225442759,0.018404769897460937,0.0015575306221938384,1.0,0.1,3,5,600,0.1,10.0,1.0,"{'clf__colsample_bytree': 1.0, 'clf__learning_rate': 0.1, 'clf__max_depth': 3, 'clf__min_child_weight': 5, 'clf__n_estimators': 600, 'clf__reg_alpha': 0.1, 'clf__reg_lambda': 10.0, 'clf__subsample': 1.0}",0.8217874144874854,0.8234618261762878,0.8034119589629117,0.7963552838552839,0.83981260764674,0.8169658182257418,0.015465593584500312,991,1.0,1.0,1.0,1.0,1.0,1.0,0.0
22.05103259086609,0.5007755018973798,0.021833419799804688,0.0018395563844746327,1.0,0.1,3,5,1000,0.0,1.0,0.8,"{'clf__colsample_bytree': 1.0, 'clf__learning_rate': 0.1, 'clf__max_depth': 3, 'clf__min_child_weight': 5, 'clf__n_estimators': 1000, 'clf__reg_alpha': 0.0, 'clf__reg_lambda': 1.0, 'clf__subsample': 0.8}",0.8120649144771941,0.832863833160918,0.8062304606839051,0.8224800997696704,0.8394506569521367,0.8226179930087648,0.012395592060012107,371,1.0,1.0,1.0,1.0,1.0,1.0,0.0
24.219140481948852,0.5011932585622985,0.02431454658508301,0.0005356961811696723,1.0,0.1,3,5,1000,0.0,1.0,1.0,"{'clf__colsample_bytree': 1.0, 'clf__learning_rate': 0.1, 'clf__max_depth': 3, 'clf__min_child_weight': 5, 'clf__n_estimators': 1000, 'clf__reg_alpha': 0.0, 'clf__reg_lambda': 1.0, 'clf__subsample': 1.0}",0.8199767307047446,0.8336130952609788,0.8000090774782986,0.8094677738390672,0.8350430494831789,0.8196219453532537,0.013575421808489231,738,1.0,1.0,1.0,1.0,1.0,1.0,0.0
29.99654803276062,0.7612420242168795,0.02479381561279297,0.0009742037942049676,1.0,0.1,3,5,1000,0.0,10.0,0.8,"{'clf__colsample_bytree': 1.0, 'clf__learning_rate': 0.1, 'clf__max_depth': 3, 'clf__min_child_weight': 5, 'clf__n_estimators': 1000, 'clf__reg_alpha': 0.0, 'clf__reg_lambda': 10.0, 'clf__subsample': 0.8}",0.8169192834092329,0.8239511069225198,0.782828769092685,0.8102705252392158,0.8377841114971072,0.8143507592321522,0.018210821850687852,1128,1.0,1.0,1.0,1.0,1.0,1.0,0.0
34.34282736778259,0.5127010636885938,0.0291471004486084,0.0032106693751498016,1.0,0.1,3,5,1000,0.0,10.0,1.0,"{'clf__colsample_bytree': 1.0, 'clf__learning_rate': 0.1, 'clf__max_depth': 3, 'clf__min_child_weight': 5, 'clf__n_estimators': 1000, 'clf__reg_alpha': 0.0, 'clf__reg_lambda': 10.0, 'clf__subsample': 1.0}",0.827845169060903,0.8147339573260408,0.7970451426665277,0.8020544130625673,0.8459905962143688,0.8175338556660815,0.017795219588231558,951,1.0,1.0,1.0,1.0,1.0,1.0,0.0
23.361588764190675,0.56049330015703,0.02496047019958496,0.001064168708679872,1.0,0.1,3,5,1000,0.1,1.0,0.8,"{'clf__colsample_bytree': 1.0, 'clf__learning_rate': 0.1, 'clf__max_depth': 3, 'clf__min_child_weight': 5, 'clf__n_estimators': 1000, 'clf__reg_alpha': 0.1, 'clf__reg_lambda': 1.0, 'clf__subsample': 0.8}",0.8136270736190293,0.8257220751939062,0.8022480486865716,0.8122215583540153,0.8441745442625723,0.819598660023219,0.014370772327711298,743,1.0,1.0,1.0,1.0,1.0,1.0,0.0
25.59686908721924,0.551724914138841,0.02609705924987793,0.002756738044537847,1.0,0.1,3,5,1000,0.1,1.0,1.0,"{'clf__colsample_bytree': 1.0, 'clf__learning_rate': 0.1, 'clf__max_depth': 3, 'clf__min_child_weight': 5, 'clf__n_estimators': 1000, 'clf__reg_alpha': 0.1, 'clf__reg_lambda': 1.0, 'clf__subsample': 1.0}",0.8264850342096319,0.8347177270007462,0.8036912055610925,0.8166324463998883,0.8272594312215215,0.8217571688785762,0.010707431805896069,471,1.0,1.0,1.0,1.0,1.0,1.0,0.0
32.490165042877194,1.2886017054380379,0.02714228630065918,0.0008321962986937906,1.0,0.1,3,5,1000,0.1,10.0,0.8,"{'clf__colsample_bytree': 1.0, 'clf__learning_rate': 0.1, 'clf__max_depth': 3, 'clf__min_child_weight': 5, 'clf__n_estimators': 1000, 'clf__reg_alpha': 0.1, 'clf__reg_lambda': 10.0, 'clf__subsample': 0.8}",0.8169192834092329,0.8163555093924222,0.8096684064530257,0.8043703679190024,0.8340590605638926,0.8162745255475151,0.01002059614161945,1042,1.0,1.0,1.0,1.0,1.0,1.0,0.0
35.28813076019287,0.79109789456449,0.026037836074829103,0.0022767053223499,1.0,0.1,3,5,1000,0.1,10.0,1.0,"{'clf__colsample_bytree': 1.0, 'clf__learning_rate': 0.1, 'clf__max_depth': 3, 'clf__min_child_weight': 5, 'clf__n_estimators': 1000, 'clf__reg_alpha': 0.1, 'clf__reg_lambda': 10.0, 'clf__subsample': 1.0}",0.8217874144874854,0.8293983135314404,0.8026139087750648,0.8059727089306573,0.8379774364126169,0.8195499564274531,0.013511030563912507,750,1.0,1.0,1.0,1.0,1.0,1.0,0.0
27.704647636413576,0.4548875988110247,0.01492462158203125,0.0019901787928779907,1.0,0.1,5,1,300,0.0,1.0,0.8,"{'clf__colsample_bytree': 1.0, 'clf__learning_rate': 0.1, 'clf__max_depth': 5, 'clf__min_child_weight': 1, 'clf__n_estimators': 300, 'clf__reg_alpha': 0.0, 'clf__reg_lambda': 1.0, 'clf__subsample': 0.8}",0.8415827677617242,0.8361045884448459,0.7830324603731866,0.8096008454890418,0.8558621151931012,0.8252365554523801,0.02588010345779628,158,1.0,1.0,1.0,1.0,1.0,1.0,0.0
28.921967220306396,0.4841422941373396,0.013732051849365235,0.0018054207104072015,1.0,0.1,5,1,300,0.0,1.0,1.0,"{'clf__colsample_bytree': 1.0, 'clf__learning_rate': 0.1, 'clf__max_depth': 5, 'clf__min_child_weight': 1, 'clf__n_estimators': 300, 'clf__reg_alpha': 0.0, 'clf__reg_lambda': 1.0, 'clf__subsample': 1.0}",0.8439531752574392,0.8458295686066082,0.8048833883654449,0.8066918032027899,0.8507935615431904,0.8304302993950945,0.020252550327195955,12,1.0,1.0,1.0,1.0,1.0,1.0,0.0
43.63356175422668,0.8209687306351321,0.01782984733581543,0.0010038928736617614,1.0,0.1,5,1,300,0.0,10.0,0.8,"{'clf__colsample_bytree': 1.0, 'clf__learning_rate': 0.1, 'clf__max_depth': 5, 'clf__min_child_weight': 1, 'clf__n_estimators': 300, 'clf__reg_alpha': 0.0, 'clf__reg_lambda': 10.0, 'clf__subsample': 0.8}",0.8294722743473432,0.8168087093855259,0.7908021614147441,0.8255241553418412,0.837010554182714,0.8199235709344336,0.01595160264037157,702,1.0,1.0,1.0,1.0,1.0,1.0,0.0
45.88817892074585,0.7341863594287922,0.018639898300170897,0.0005870407421892803,1.0,0.1,5,1,300,0.0,10.0,1.0,"{'clf__colsample_bytree': 1.0, 'clf__learning_rate': 0.1, 'clf__max_depth': 5, 'clf__min_child_weight': 1, 'clf__n_estimators': 300, 'clf__reg_alpha': 0.0, 'clf__reg_lambda': 10.0, 'clf__subsample': 1.0}",0.8275021926542167,0.8256968353154261,0.7989992324381054,0.8177152752791303,0.8550305900882766,0.824988825155031,0.018098007582418887,169,1.0,1.0,1.0,1.0,1.0,1.0,0.0
29.932857751846313,0.5455694626279062,0.017684125900268556,0.002490289888511171,1.0,0.1,5,1,300,0.1,1.0,0.8,"{'clf__colsample_bytree': 1.0, 'clf__learning_rate': 0.1, 'clf__max_depth': 5, 'clf__min_child_weight': 1, 'clf__n_estimators': 300, 'clf__reg_alpha': 0.1, 'clf__reg_lambda': 1.0, 'clf__subsample': 0.8}",0.8405985412437025,0.8358257635611156,0.7916041435041611,0.8111328976034858,0.855434669251391,0.8269192030327712,0.022697769919599216,71,1.0,1.0,1.0,1.0,1.0,1.0,0.0
31.411186170578002,0.644842746512105,0.017059755325317384,0.0016242684036957074,1.0,0.1,5,1,300,0.1,1.0,1.0,"{'clf__colsample_bytree': 1.0, 'clf__learning_rate': 0.1, 'clf__max_depth': 5, 'clf__min_child_weight': 1, 'clf__n_estimators': 300, 'clf__reg_alpha': 0.1, 'clf__reg_lambda': 1.0, 'clf__subsample': 1.0}",0.8288949122741158,0.8474307862679956,0.8015003816819677,0.8154371885346517,0.8533460416230716,0.8293218620763605,0.019349912429259448,23,1.0,1.0,1.0,1.0,1.0,1.0,0.0
44.61002779006958,0.6101898588667986,0.01919870376586914,0.002596177041664628,1.0,0.1,5,1,300,0.1,10.0,0.8,"{'clf__colsample_bytree': 1.0, 'clf__learning_rate': 0.1, 'clf__max_depth': 5, 'clf__min_child_weight': 1, 'clf__n_estimators': 300, 'clf__reg_alpha': 0.1, 'clf__reg_lambda': 10.0, 'clf__subsample': 0.8}",0.8221442741325703,0.8130920029687867,0.7973686004189519,0.820856293239471,0.838391976694729,0.8183706294909017,0.013343330806869402,872,1.0,1.0,1.0,1.0,1.0,1.0,0.0
47.75922780036926,0.5731345217201249,0.020284223556518554,0.0025663622839358306,1.0,0.1,5,1,300,0.1,10.0,1.0,"{'clf__colsample_bytree': 1.0, 'clf__learning_rate': 0.1, 'clf__max_depth': 5, 'clf__min_child_weight': 1, 'clf__n_estimators': 300, 'clf__reg_alpha': 0.1, 'clf__reg_lambda': 10.0, 'clf__subsample': 1.0}",0.8334057195869122,0.8342684850749368,0.801923019340081,0.8115842813517232,0.8595625179120844,0.8281488046531476,0.020070287846918673,35,1.0,1.0,1.0,1.0,1.0,1.0,0.0
35.583756017684934,0.8309077264024854,0.019829416275024415,0.0023608930729253894,1.0,0.1,5,1,600,0.0,1.0,0.8,"{'clf__colsample_bytree': 1.0, 'clf__learning_rate': 0.1, 'clf__max_depth': 5, 'clf__min_child_weight': 1, 'clf__n_estimators': 600, 'clf__reg_alpha': 0.0, 'clf__reg_lambda': 1.0, 'clf__subsample': 0.8}",0.8410753204240735,0.8458978408293782,0.7913566664950817,0.8033482398807475,0.8528009295269399,0.826895799431244,0.024701132317348603,72,1.0,1.0,1.0,1.0,1.0,1.0,0.0
36.75290870666504,0.4839766073443273,0.02227773666381836,0.0037340783340686,1.0,0.1,5,1,600,0.0,1.0,1.0,"{'clf__colsample_bytree': 1.0, 'clf__learning_rate': 0.1, 'clf__max_depth': 5, 'clf__min_child_weight': 1, 'clf__n_estimators': 600, 'clf__reg_alpha': 0.0, 'clf__reg_lambda': 1.0, 'clf__subsample': 1.0}",0.841205826137333,0.8339046284029807,0.8119190258607203,0.8175074167769898,0.8502807936445929,0.8309635381645233,0.014355984714931467,9,1.0,1.0,1.0,1.0,1.0,1.0,0.0
63.07399053573609,0.6298233286761753,0.027314281463623045,0.0029210272636209012,1.0,0.1,5,1,600,0.0,10.0,0.8,"{'clf__colsample_bytree': 1.0, 'clf__learning_rate': 0.1, 'clf__max_depth': 5, 'clf__min_child_weight': 1, 'clf__n_estimators': 600, 'clf__reg_alpha': 0.0, 'clf__reg_lambda': 10.0, 'clf__subsample': 0.8}",0.8252280366520068,0.8314127591153988,0.7999799664894004,0.8202504302546225,0.837010554182714,0.8227763493388286,0.012722156030215846,360,1.0,1.0,1.0,1.0,1.0,1.0,0.0
67.0111515045166,1.928166891338684,0.028270149230957033,0.0017646492182171822,1.0,0.1,5,1,600,0.0,10.0,1.0,"{'clf__colsample_bytree': 1.0, 'clf__learning_rate': 0.1, 'clf__max_depth': 5, 'clf__min_child_weight': 1, 'clf__n_estimators': 600, 'clf__reg_alpha': 0.0, 'clf__reg_lambda': 10.0, 'clf__subsample': 1.0}",0.8297950391902005,0.8312410858063032,0.7987341252744096,0.822982731718362,0.8566652422293194,0.827883644843719,0.018531160928639354,39,1.0,1.0,1.0,1.0,1.0,1.0,0.0
38.91888475418091,0.3053923279903995,0.022965145111083985,0.0015305530394305687,1.0,0.1,5,1,600,0.1,1.0,0.8,"{'clf__colsample_bytree': 1.0, 'clf__learning_rate': 0.1, 'clf__max_depth': 5, 'clf__min_child_weight': 1, 'clf__n_estimators': 600, 'clf__reg_alpha': 0.1, 'clf__reg_lambda': 1.0, 'clf__subsample': 0.8}",0.8405985412437025,0.8418783626661341,0.7916041435041611,0.804102223947885,0.855434669251391,0.8267235881226547,0.024460618154882503,84,1.0,1.0,1.0,1.0,1.0,1.0,0.0
41.627291965484616,1.0387172344208877,0.024394989013671875,0.0010975610721735895,1.0,0.1,5,1,600,0.1,1.0,1.0,"{'clf__colsample_bytree': 1.0, 'clf__learning_rate': 0.1, 'clf__max_depth': 5, 'clf__min_child_weight': 1, 'clf__n_estimators': 600, 'clf__reg_alpha': 0.1, 'clf__reg_lambda': 1.0, 'clf__subsample': 1.0}",0.8343455269511607,0.8438989066808111,0.7983738890927878,0.8250469483568075,0.8552587968620327,0.8313848135887201,0.01931437339724222,8,1.0,1.0,1.0,1.0,1.0,1.0,0.0
65.64598083496094,0.8041198500811091,0.027598762512207033,0.0012805560970473471,1.0,0.1,5,1,600,0.1,10.0,0.8,"{'clf__colsample_bytree': 1.0, 'clf__learning_rate': 0.1, 'clf__max_depth': 5, 'clf__min_child_weight': 1, 'clf__n_estimators': 600, 'clf__reg_alpha': 0.1, 'clf__reg_lambda': 10.0, 'clf__subsample': 0.8}",0.8252280366520068,0.81333019188984,0.7920725769037587,0.8126842232786889,0.838391976694729,0.8163414010838046,0.015340262930505203,1036,1.0,1.0,1.0,1.0,1.0,1.0,0.0
69.0856617450714,1.1442259418549534,0.028093814849853516,0.0024357732873785303,1.0,0.1,5,1,600,0.1,10.0,1.0,"{'clf__colsample_bytree': 1.0, 'clf__learning_rate': 0.1, 'clf__max_depth': 5, 'clf__min_child_weight': 1, 'clf__n_estimators': 600, 'clf__reg_alpha': 0.1, 'clf__reg_lambda': 10.0, 'clf__subsample': 1.0}",0.8256270670087532,0.8305311529433069,0.8074120524652207,0.8143815761125639,0.8535654160654161,0.8263034529190522,0.015878046086874462,104,1.0,1.0,1.0,1.0,1.0,1.0,0.0
41.133398103713986,0.6296818822494259,0.03080778121948242,0.0033306304032519095,1.0,0.1,5,1,1000,0.0,1.0,0.8,"{'clf__colsample_bytree': 1.0, 'clf__learning_rate': 0.1, 'clf__max_depth': 5, 'clf__min_child_weight': 1, 'clf__n_estimators': 1000, 'clf__reg_alpha': 0.0, 'clf__reg_lambda': 1.0, 'clf__subsample': 0.8}",0.8308875269968434,0.8354360304879207,0.7921588853763889,0.8063383492932056,0.8528009295269399,0.8235243443362597,0.021598025871265025,287,1.0,1.0,1.0,1.0,1.0,1.0,0.0
43.44914836883545,1.186776775855814,0.029896306991577148,0.0026796653740845415,1.0,0.1,5,1,1000,0.0,1.0,1.0,"{'clf__colsample_bytree': 1.0, 'clf__learning_rate': 0.1, 'clf__max_depth': 5, 'clf__min_child_weight': 1, 'clf__n_estimators': 1000, 'clf__reg_alpha': 0.0, 'clf__reg_lambda': 1.0, 'clf__subsample': 1.0}",0.841205826137333,0.8398896020967321,0.8140158302863749,0.8285834535834535,0.8425484837355341,0.8332486391678856,0.010821933432445313,2,1.0,1.0,1.0,1.0,1.0,1.0,0.0
79.38224930763245,0.8283157441965613,0.03702359199523926,0.0007748923867291805,1.0,0.1,5,1,1000,0.0,10.0,0.8,"{'clf__colsample_bytree': 1.0, 'clf__learning_rate': 0.1, 'clf__max_depth': 5, 'clf__min_child_weight': 1, 'clf__n_estimators': 1000, 'clf__reg_alpha': 0.0, 'clf__reg_lambda': 10.0, 'clf__subsample': 0.8}",0.8294722743473432,0.8314127591153988,0.7999799664894004,0.8131336698516287,0.8423611111111111,0.8232719561829764,0.014929260445288545,310,1.0,1.0,1.0,1.0,1.0,1.0,0.0
85.14736857414246,0.9853604383833426,0.03992042541503906,0.0033383477011535777,1.0,0.1,5,1,1000,0.0,10.0,1.0,"{'clf__colsample_bytree': 1.0, 'clf__learning_rate': 0.1, 'clf__max_depth': 5, 'clf__min_child_weight': 1, 'clf__n_estimators': 1000, 'clf__reg_alpha': 0.0, 'clf__reg_lambda': 10.0, 'clf__subsample': 1.0}",0.8347930591882204,0.8217177690899214,0.805086106626391,0.8267564123756785,0.8597453739713843,0.8296197442503193,0.017926829108682513,19,1.0,1.0,1.0,1.0,1.0,1.0,0.0
47.61203408241272,0.6966441284806586,0.032473421096801756,0.002367844750949929,1.0,0.1,5,1,1000,0.1,1.0,0.8,"{'clf__colsample_bytree': 1.0, 'clf__learning_rate': 0.1, 'clf__max_depth': 5, 'clf__min_child_weight': 1, 'clf__n_estimators': 1000, 'clf__reg_alpha': 0.1, 'clf__reg_lambda': 1.0, 'clf__subsample': 0.8}",0.8405985412437025,0.8320806959887137,0.7856892266303401,0.810337174068284,0.8523737504893774,0.8242158776840836,0.023664463182855987,225,1.0,1.0,1.0,1.0,1.0,1.0,0.0
47.1920045375824,1.421451049037555,0.028439712524414063,0.001821191440149522,1.0,0.1,5,1,1000,0.1,1.0,1.0,"{'clf__colsample_bytree': 1.0, 'clf__learning_rate': 0.1, 'clf__max_depth': 5, 'clf__min_child_weight': 1, 'clf__n_estimators': 1000, 'clf__reg_alpha': 0.1, 'clf__reg_lambda': 1.0, 'clf__subsample': 1.0}",0.8343455269511607,0.8438989066808111,0.7983738890927878,0.8222878908403485,0.8502807936445929,0.8298374014419402,0.018346275532706728,18,1.0,1.0,1.0,1.0,1.0,1.0,0.0
83.76474123001098,1.32187883732935,0.0368682861328125,0.0006931915516116382,1.0,0.1,5,1,1000,0.1,10.0,0.8,"{'clf__colsample_bytree': 1.0, 'clf__learning_rate': 0.1, 'clf__max_depth': 5, 'clf__min_child_weight': 1, 'clf__n_estimators': 1000, 'clf__reg_alpha': 0.1, 'clf__reg_lambda': 10.0, 'clf__subsample': 0.8}",0.8215049154343368,0.8254125630978857,0.7952180223487448,0.8064665847081093,0.8466662502044573,0.8190536671587069,0.01752410640379337,807,1.0,1.0,1.0,1.0,1.0,1.0,0.0
90.04967627525329,2.0010403798208722,0.037840986251831056,0.001467543119658518,1.0,0.1,5,1,1000,0.1,10.0,1.0,"{'clf__colsample_bytree': 1.0, 'clf__learning_rate': 0.1, 'clf__max_depth': 5, 'clf__min_child_weight': 1, 'clf__n_estimators': 1000, 'clf__reg_alpha': 0.1, 'clf__reg_lambda': 10.0, 'clf__subsample': 1.0}",0.8269441694238135,0.8186770849764944,0.8074120524652207,0.8157517047222931,0.8535654160654161,0.8244700855306476,0.015831644648860443,206,1.0,1.0,1.0,1.0,1.0,1.0,0.0
20.885973072052003,0.6442111474241591,0.017238712310791014,0.002541444248729509,1.0,0.1,5,3,300,0.0,1.0,0.8,"{'clf__colsample_bytree': 1.0, 'clf__learning_rate': 0.1, 'clf__max_depth': 5, 'clf__min_child_weight': 3, 'clf__n_estimators': 300, 'clf__reg_alpha': 0.0, 'clf__reg_lambda': 1.0, 'clf__subsample': 0.8}",0.8252897755115967,0.8467637191468966,0.786568043001604,0.8099608799228752,0.8644478690879134,0.8266060573341771,0.027276990915959497,89,1.0,1.0,1.0,1.0,1.0,1.0,0.0
22.252361631393434,0.41926816316124466,0.014741230010986327,0.0016517563683709601,1.0,0.1,5,3,300,0.0,1.0,1.0,"{'clf__colsample_bytree': 1.0, 'clf__learning_rate': 0.1, 'clf__max_depth': 5, 'clf__min_child_weight': 3, 'clf__n_estimators': 300, 'clf__reg_alpha': 0.0, 'clf__reg_lambda': 1.0, 'clf__subsample': 1.0}",0.8509200560256898,0.8283538866280266,0.7914526373929854,0.8026964351239076,0.8527754513735822,0.8252396933088383,0.02480790534709391,157,1.0,1.0,1.0,1.0,1.0,1.0,0.0
29.636909532546998,0.4902360023675791,0.016371536254882812,0.0007570095341444394,1.0,0.1,5,3,300,0.0,10.0,0.8,"{'clf__colsample_bytree': 1.0, 'clf__learning_rate': 0.1, 'clf__max_depth': 5, 'clf__min_child_weight': 3, 'clf__n_estimators': 300, 'clf__reg_alpha': 0.0, 'clf__reg_lambda': 10.0, 'clf__subsample': 0.8}",0.8350897944300104,0.8193712087833175,0.800505087739473,0.8062983701681004,0.8511685530928899,0.8224866028427582,0.018635698386947692,389,1.0,1.0,1.0,1.0,1.0,1.0,0.0
31.77683820724487,0.7325005728240638,0.017348241806030274,0.0008635477674682377,1.0,0.1,5,3,300,0.0,10.0,1.0,"{'clf__colsample_bytree': 1.0, 'clf__learning_rate': 0.1, 'clf__max_depth': 5, 'clf__min_child_weight': 3, 'clf__n_estimators': 300, 'clf__reg_alpha': 0.0, 'clf__reg_lambda': 10.0, 'clf__subsample': 1.0}",0.8347858857276667,0.8397323476885338,0.8015686901435604,0.7947035138187525,0.8636574315588847,0.8268895737874796,0.02551961423551701,73,1.0,1.0,1.0,1.0,1.0,1.0,0.0
21.26036133766174,0.3888829865864283,0.01502680778503418,0.0010791224178557937,1.0,0.1,5,3,300,0.1,1.0,0.8,"{'clf__colsample_bytree': 1.0, 'clf__learning_rate': 0.1, 'clf__max_depth': 5, 'clf__min_child_weight': 3, 'clf__n_estimators': 300, 'clf__reg_alpha': 0.1, 'clf__reg_lambda': 1.0, 'clf__subsample': 0.8}",0.8252630110275916,0.8339881259759756,0.804689872739591,0.8268158937656601,0.8606896429079527,0.8302893092833543,0.01805835524229771,13,1.0,1.0,1.0,1.0,1.0,1.0,0.0
22.91234450340271,0.5955931790254044,0.016799020767211913,0.0009163259261867169,1.0,0.1,5,3,300,0.1,1.0,1.0,"{'clf__colsample_bytree': 1.0, 'clf__learning_rate': 0.1, 'clf__max_depth': 5, 'clf__min_child_weight': 3, 'clf__n_estimators': 300, 'clf__reg_alpha': 0.1, 'clf__reg_lambda': 1.0, 'clf__subsample': 1.0}",0.8385759742718241,0.8317722621795728,0.786135273026459,0.8124596283662577,0.8368664194157069,0.821161911451964,0.019824509210242747,546,1.0,1.0,1.0,1.0,1.0,1.0,0.0
30.367858982086183,0.4604087269240496,0.015994930267333986,0.0006328836266957189,1.0,0.1,5,3,300,0.1,10.0,0.8,"{'clf__colsample_bytree': 1.0, 'clf__learning_rate': 0.1, 'clf__max_depth': 5, 'clf__min_child_weight': 3, 'clf__n_estimators': 300, 'clf__reg_alpha': 0.1, 'clf__reg_lambda': 10.0, 'clf__subsample': 0.8}",0.8427077051388978,0.8227586589730933,0.7932954545454545,0.8080699363576336,0.8511685530928899,0.8236000616215939,0.021379362581506897,280,1.0,1.0,1.0,1.0,1.0,1.0,0.0
32.39945154190063,0.597936104826872,0.017572927474975585,0.0013034857257839354,1.0,0.1,5,3,300,0.1,10.0,1.0,"{'clf__colsample_bytree': 1.0, 'clf__learning_rate': 0.1, 'clf__max_depth': 5, 'clf__min_child_weight': 3, 'clf__n_estimators': 300, 'clf__reg_alpha': 0.1, 'clf__reg_lambda': 10.0, 'clf__subsample': 1.0}",0.85104593119299,0.82991045991046,0.8035056318507022,0.8234799084799085,0.8636574315588847,0.8343198725985891,0.021104116077530488,1,1.0,1.0,1.0,1.0,1.0,1.0,0.0
25.881255388259888,0.5101046682072833,0.021767616271972656,0.0016705741821958883,1.0,0.1,5,3,600,0.0,1.0,0.8,"{'clf__colsample_bytree': 1.0, 'clf__learning_rate': 0.1, 'clf__max_depth': 5, 'clf__min_child_weight': 3, 'clf__n_estimators': 600, 'clf__reg_alpha': 0.0, 'clf__reg_lambda': 1.0, 'clf__subsample': 0.8}",0.8288993458711984,0.854009360276147,0.788174248306082,0.8140756965189055,0.8686504809744247,0.8307618263893515,0.028536277083099543,10,1.0,1.0,1.0,1.0,1.0,1.0,0.0
27.66563673019409,0.5486929185282233,0.019599294662475585,0.0013779467285859252,1.0,0.1,5,3,600,0.0,1.0,1.0,"{'clf__colsample_bytree': 1.0, 'clf__learning_rate': 0.1, 'clf__max_depth': 5, 'clf__min_child_weight': 3, 'clf__n_estimators': 600, 'clf__reg_alpha': 0.0, 'clf__reg_lambda': 1.0, 'clf__subsample': 1.0}",0.8466447935626017,0.830754435866179,0.7940550834898344,0.8124076078336525,0.8527754513735822,0.82732747442517,0.021735486338266958,57,1.0,1.0,1.0,1.0,1.0,1.0,0.0
40.51906805038452,0.7555253526057915,0.025198745727539062,0.001997239341213884,1.0,0.1,5,3,600,0.0,10.0,0.8,"{'clf__colsample_bytree': 1.0, 'clf__learning_rate': 0.1, 'clf__max_depth': 5, 'clf__min_child_weight': 3, 'clf__n_estimators': 600, 'clf__reg_alpha': 0.0, 'clf__reg_lambda': 10.0, 'clf__subsample': 0.8}",0.8295347772730421,0.8193712087833175,0.800505087739473,0.8091357732481248,0.8481230272652898,0.8213339748618494,0.01656138642086769,524,1.0,1.0,1.0,1.0,1.0,1.0,0.0
43.278551959991454,0.8973226797836957,0.02270350456237793,0.0022186593981751695,1.0,0.1,5,3,600,0.0,10.0,1.0,"{'clf__colsample_bytree': 1.0, 'clf__learning_rate': 0.1, 'clf__max_depth': 5, 'clf__min_child_weight': 3, 'clf__n_estimators': 600, 'clf__reg_alpha': 0.0, 'clf__reg_lambda': 10.0, 'clf__subsample': 1.0}",0.8392467973951205,0.8424462173253261,0.7936098629722331,0.8018430219703169,0.860612322306959,0.8275516443939912,0.025552342842084484,53,1.0,1.0,1.0,1.0,1.0,1.0,0.0
27.358956861495972,0.5714923864204018,0.020741701126098633,0.0017497044061314132,1.0,0.1,5,3,600,0.1,1.0,0.8,"{'clf__colsample_bytree': 1.0, 'clf__learning_rate': 0.1, 'clf__max_depth': 5, 'clf__min_child_weight': 3, 'clf__n_estimators': 600, 'clf__reg_alpha': 0.1, 'clf__reg_lambda': 1.0, 'clf__subsample': 0.8}",0.8172462361893875,0.8247415740717411,0.7947350448734601,0.8225497298220769,0.8634894524982717,0.8245524074909876,0.022192770121341514,201,1.0,1.0,1.0,1.0,1.0,1.0,0.0
28.97845377922058,0.6481063824294465,0.020720577239990233,0.0016278927101479929,1.0,0.1,5,3,600,0.1,1.0,1.0,"{'clf__colsample_bytree': 1.0, 'clf__learning_rate': 0.1, 'clf__max_depth': 5, 'clf__min_child_weight': 3, 'clf__n_estimators': 600, 'clf__reg_alpha': 0.1, 'clf__reg_lambda': 1.0, 'clf__subsample': 1.0}",0.8385759742718241,0.8317722621795728,0.7927583474309374,0.8286405093722073,0.8358999842527639,0.8255294155014612,0.016735329899203864,136,1.0,1.0,1.0,1.0,1.0,1.0,0.0
41.61995396614075,0.6377079545398231,0.0239013671875,0.0018944985889558707,1.0,0.1,5,3,600,0.1,10.0,0.8,"{'clf__colsample_bytree': 1.0, 'clf__learning_rate': 0.1, 'clf__max_depth': 5, 'clf__min_child_weight': 3, 'clf__n_estimators': 600, 'clf__reg_alpha': 0.1, 'clf__reg_lambda': 10.0, 'clf__subsample': 0.8}",0.8320991866556383,0.828739043699793,0.7958939447459406,0.8051121509585253,0.8496911572492968,0.8223070966618389,0.01939310442025982,409,1.0,1.0,1.0,1.0,1.0,1.0,0.0
44.61817526817322,0.8000733522005378,0.024427080154418947,0.000928721590860352,1.0,0.1,5,3,600,0.1,10.0,1.0,"{'clf__colsample_bytree': 1.0, 'clf__learning_rate': 0.1, 'clf__max_depth': 5, 'clf__min_child_weight': 3, 'clf__n_estimators': 600, 'clf__reg_alpha': 0.1, 'clf__reg_lambda': 10.0, 'clf__subsample': 1.0}",0.8429288250151902,0.8261249128641857,0.7961220744859203,0.8166316236593394,0.8546152204602909,0.8272845312969853,0.02038449590561459,58,1.0,1.0,1.0,1.0,1.0,1.0,0.0
31.176045513153078,0.4184232634768063,0.02545819282531738,0.0017406497324522802,1.0,0.1,5,3,1000,0.0,1.0,0.8,"{'clf__colsample_bytree': 1.0, 'clf__learning_rate': 0.1, 'clf__max_depth': 5, 'clf__min_child_weight': 3, 'clf__n_estimators': 1000, 'clf__reg_alpha': 0.0, 'clf__reg_lambda': 1.0, 'clf__subsample': 0.8}",0.8250335938571233,0.8463875668008597,0.7844788864251401,0.8197727689206523,0.8634894524982717,0.8278324537004094,0.026713433759455056,42,1.0,1.0,1.0,1.0,1.0,1.0,0.0
32.991084051132205,0.7590654108520531,0.025281238555908202,0.0005808311009250221,1.0,0.1,5,3,1000,0.0,1.0,1.0,"{'clf__colsample_bytree': 1.0, 'clf__learning_rate': 0.1, 'clf__max_depth': 5, 'clf__min_child_weight': 3, 'clf__n_estimators': 1000, 'clf__reg_alpha': 0.0, 'clf__reg_lambda': 1.0, 'clf__subsample': 1.0}",0.8391657476608932,0.8337831322756192,0.7886528944979649,0.8193641729484452,0.8524863389225092,0.8266904572610864,0.021780252720753623,85,1.0,1.0,1.0,1.0,1.0,1.0,0.0
50.05703148841858,0.8106002836326204,0.030829763412475585,0.0014163377858198453,1.0,0.1,5,3,1000,0.0,10.0,0.8,"{'clf__colsample_bytree': 1.0, 'clf__learning_rate': 0.1, 'clf__max_depth': 5, 'clf__min_child_weight': 3, 'clf__n_estimators': 1000, 'clf__reg_alpha': 0.0, 'clf__reg_lambda': 10.0, 'clf__subsample': 0.8}",0.8221442741325703,0.828739043699793,0.7970673327614337,0.8076222917461692,0.843194027982235,0.8197533940644404,0.016110509279583296,719,1.0,1.0,1.0,1.0,1.0,1.0,0.0
53.708698415756224,0.5578056081455695,0.03029489517211914,0.0013998771590875583,1.0,0.1,5,3,1000,0.0,10.0,1.0,"{'clf__colsample_bytree': 1.0, 'clf__learning_rate': 0.1, 'clf__max_depth': 5, 'clf__min_child_weight': 3, 'clf__n_estimators': 1000, 'clf__reg_alpha': 0.0, 'clf__reg_lambda': 10.0, 'clf__subsample': 1.0}",0.8392467973951205,0.8424462173253261,0.7945215109767846,0.806843485497549,0.8636574315588847,0.829343088550733,0.02516356084074118,22,1.0,1.0,1.0,1.0,1.0,1.0,0.0
32.6162073135376,0.6166185108961053,0.028099584579467773,0.0019969744030081077,1.0,0.1,5,3,1000,0.1,1.0,0.8,"{'clf__colsample_bytree': 1.0, 'clf__learning_rate': 0.1, 'clf__max_depth': 5, 'clf__min_child_weight': 3, 'clf__n_estimators': 1000, 'clf__reg_alpha': 0.1, 'clf__reg_lambda': 1.0, 'clf__subsample': 0.8}",0.8207337844498268,0.8287912223045031,0.8010685190880201,0.8191171115855008,0.8637051533784239,0.826683158161255,0.020609812747761348,86,1.0,1.0,1.0,1.0,1.0,1.0,0.0
35.507434892654416,0.8684139015862768,0.02763228416442871,0.0019964453720961685,1.0,0.1,5,3,1000,0.1,1.0,1.0,"{'clf__colsample_bytree': 1.0, 'clf__learning_rate': 0.1, 'clf__max_depth': 5, 'clf__min_child_weight': 3, 'clf__n_estimators': 1000, 'clf__reg_alpha': 0.1, 'clf__reg_lambda': 1.0, 'clf__subsample': 1.0}",0.8360598509006854,0.830754435866179,0.7892555994011416,0.8259997418999221,0.8394825676740569,0.8243104391483971,0.018118845370027337,216,1.0,1.0,1.0,1.0,1.0,1.0,0.0
51.65018634796142,0.72461883188453,0.029964923858642578,0.00042915911140936115,1.0,0.1,5,3,1000,0.1,10.0,0.8,"{'clf__colsample_bytree': 1.0, 'clf__learning_rate': 0.1, 'clf__max_depth': 5, 'clf__min_child_weight': 3, 'clf__n_estimators': 1000, 'clf__reg_alpha': 0.1, 'clf__reg_lambda': 10.0, 'clf__subsample': 0.8}",0.8283561330324714,0.828739043699793,0.7937227684596105,0.8021735879800947,0.833917721326267,0.8173818508996472,0.016210485189106158,962,1.0,1.0,1.0,1.0,1.0,1.0,0.0
55.512005710601805,0.9820247058896185,0.033220529556274414,0.0019491057699215135,1.0,0.1,5,3,1000,0.1,10.0,1.0,"{'clf__colsample_bytree': 1.0, 'clf__learning_rate': 0.1, 'clf__max_depth': 5, 'clf__min_child_weight': 3, 'clf__n_estimators': 1000, 'clf__reg_alpha': 0.1, 'clf__reg_lambda': 10.0, 'clf__subsample': 1.0}",0.8467286160673694,0.8264452077962334,0.7921850623786538,0.8094775316641648,0.8515513500145592,0.8252775535841961,0.022345368843419946,155,1.0,1.0,1.0,1.0,1.0,1.0,0.0
17.95993037223816,0.33903566789510037,0.014857053756713867,0.0010715356199962358,1.0,0.1,5,5,300,0.0,1.0,0.8,"{'clf__colsample_bytree': 1.0, 'clf__learning_rate': 0.1, 'clf__max_depth': 5, 'clf__min_child_weight': 5, 'clf__n_estimators': 300, 'clf__reg_alpha': 0.0, 'clf__reg_lambda': 1.0, 'clf__subsample': 0.8}",0.8266397601349058,0.841763503173528,0.7918840241663656,0.7990422739254516,0.8536753943730688,0.822600991154664,0.02386494196756021,374,1.0,1.0,1.0,1.0,1.0,1.0,0.0
19.301004552841185,0.3774163791924054,0.014937257766723633,0.001042291986744832,1.0,0.1,5,5,300,0.0,1.0,1.0,"{'clf__colsample_bytree': 1.0, 'clf__learning_rate': 0.1, 'clf__max_depth': 5, 'clf__min_child_weight': 5, 'clf__n_estimators': 300, 'clf__reg_alpha': 0.0, 'clf__reg_lambda': 1.0, 'clf__subsample': 1.0}",0.8285086889592217,0.8377196734979193,0.790954809256696,0.8236514472114322,0.8417818271647994,0.8245232892180138,0.017974916170144604,203,1.0,1.0,1.0,1.0,1.0,1.0,0.0
23.889789295196532,0.49144838823852843,0.01522970199584961,0.0013226138507944217,1.0,0.1,5,5,300,0.0,10.0,0.8,"{'clf__colsample_bytree': 1.0, 'clf__learning_rate': 0.1, 'clf__max_depth': 5, 'clf__min_child_weight': 5, 'clf__n_estimators': 300, 'clf__reg_alpha': 0.0, 'clf__reg_lambda': 10.0, 'clf__subsample': 0.8}",0.8231283725235338,0.8227187577956268,0.7930716019987307,0.8142146188361747,0.8504453860094633,0.8207157474327058,0.01843988975048868,607,1.0,1.0,1.0,1.0,1.0,1.0,0.0
25.858446884155274,0.4578068581244732,0.016219425201416015,0.0010085217540655074,1.0,0.1,5,5,300,0.0,10.0,1.0,"{'clf__colsample_bytree': 1.0, 'clf__learning_rate': 0.1, 'clf__max_depth': 5, 'clf__min_child_weight': 5, 'clf__n_estimators': 300, 'clf__reg_alpha': 0.0, 'clf__reg_lambda': 10.0, 'clf__subsample': 1.0}",0.8300155004317671,0.8291187188635573,0.7870162354341214,0.7948007684491901,0.8492945991718284,0.8180491644700929,0.023433036604820604,901,1.0,1.0,1.0,1.0,1.0,1.0,0.0
18.299649143218993,0.3877190175381115,0.014457368850708007,0.0012100823462206044,1.0,0.1,5,5,300,0.1,1.0,0.8,"{'clf__colsample_bytree': 1.0, 'clf__learning_rate': 0.1, 'clf__max_depth': 5, 'clf__min_child_weight': 5, 'clf__n_estimators': 300, 'clf__reg_alpha': 0.1, 'clf__reg_lambda': 1.0, 'clf__subsample': 0.8}",0.8283561330324714,0.8215239156255434,0.8052380952380952,0.7951910497481843,0.8570620769881132,0.8214742541264816,0.02129918095801967,506,1.0,1.0,1.0,1.0,1.0,1.0,0.0
19.527482652664183,0.5246343804844238,0.014983606338500977,0.001399198268344227,1.0,0.1,5,5,300,0.1,1.0,1.0,"{'clf__colsample_bytree': 1.0, 'clf__learning_rate': 0.1, 'clf__max_depth': 5, 'clf__min_child_weight': 5, 'clf__n_estimators': 300, 'clf__reg_alpha': 0.1, 'clf__reg_lambda': 1.0, 'clf__subsample': 1.0}",0.8285086889592217,0.8411319846295,0.7868113818159614,0.8124517890273216,0.8405986453089828,0.8219004979481974,0.020414030245641968,456,1.0,1.0,1.0,1.0,1.0,1.0,0.0
24.229996585845946,0.3790094127973581,0.015004730224609375,0.0007934487581967996,1.0,0.1,5,5,300,0.1,10.0,0.8,"{'clf__colsample_bytree': 1.0, 'clf__learning_rate': 0.1, 'clf__max_depth': 5, 'clf__min_child_weight': 5, 'clf__n_estimators': 300, 'clf__reg_alpha': 0.1, 'clf__reg_lambda': 10.0, 'clf__subsample': 0.8}",0.8248070932237159,0.8234618261762878,0.7931531010478379,0.8142146188361747,0.8396526875719904,0.8190578653712015,0.015304306876190334,805,1.0,1.0,1.0,1.0,1.0,1.0,0.0
26.01520891189575,0.6931040501242353,0.01585392951965332,0.0010295190803025372,1.0,0.1,5,5,300,0.1,10.0,1.0,"{'clf__colsample_bytree': 1.0, 'clf__learning_rate': 0.1, 'clf__max_depth': 5, 'clf__min_child_weight': 5, 'clf__n_estimators': 300, 'clf__reg_alpha': 0.1, 'clf__reg_lambda': 10.0, 'clf__subsample': 1.0}",0.8337305603575638,0.8283538866280266,0.7963406853809698,0.8155408469694184,0.8489611973261599,0.8245854353324278,0.017728975086814324,198,1.0,1.0,1.0,1.0,1.0,1.0,0.0
22.592891502380372,0.3993403539521439,0.018164777755737306,0.0013507825444211952,1.0,0.1,5,5,600,0.0,1.0,0.8,"{'clf__colsample_bytree': 1.0, 'clf__learning_rate': 0.1, 'clf__max_depth': 5, 'clf__min_child_weight': 5, 'clf__n_estimators': 600, 'clf__reg_alpha': 0.0, 'clf__reg_lambda': 1.0, 'clf__subsample': 0.8}",0.8243729468386807,0.8439656731378539,0.8015716061605103,0.8029601389781126,0.8506473182529519,0.8247035366736218,0.020258729210146178,191,1.0,1.0,1.0,1.0,1.0,1.0,0.0
24.509715175628664,0.2670484755471109,0.025112247467041014,0.011319506026093802,1.0,0.1,5,5,600,0.0,1.0,1.0,"{'clf__colsample_bytree': 1.0, 'clf__learning_rate': 0.1, 'clf__max_depth': 5, 'clf__min_child_weight': 5, 'clf__n_estimators': 600, 'clf__reg_alpha': 0.0, 'clf__reg_lambda': 1.0, 'clf__subsample': 1.0}",0.8278993217886286,0.8337831322756192,0.8001623583800858,0.8214549042921191,0.833356019852822,0.823331147317855,0.012417111947869468,304,1.0,1.0,1.0,1.0,1.0,1.0,0.0
32.99640626907349,0.8216959311493818,0.022785282135009764,0.0017780095842727577,1.0,0.1,5,5,600,0.0,10.0,0.8,"{'clf__colsample_bytree': 1.0, 'clf__learning_rate': 0.1, 'clf__max_depth': 5, 'clf__min_child_weight': 5, 'clf__n_estimators': 600, 'clf__reg_alpha': 0.0, 'clf__reg_lambda': 10.0, 'clf__subsample': 0.8}",0.8227023774437566,0.8223973560188513,0.7915889281292124,0.8179105862511208,0.851973398833149,0.8213145293352181,0.019174269792972983,526,1.0,1.0,1.0,1.0,1.0,1.0,0.0
35.19920148849487,0.6076411929084493,0.02326812744140625,0.0016050542001689553,1.0,0.1,5,5,600,0.0,10.0,1.0,"{'clf__colsample_bytree': 1.0, 'clf__learning_rate': 0.1, 'clf__max_depth': 5, 'clf__min_child_weight': 5, 'clf__n_estimators': 600, 'clf__reg_alpha': 0.0, 'clf__reg_lambda': 10.0, 'clf__subsample': 1.0}",0.8248099460827656,0.8326569359847261,0.7827885738014294,0.8006238882216108,0.8391495381692097,0.8160057764519484,0.02112057414255508,1060,1.0,1.0,1.0,1.0,1.0,1.0,0.0
23.190065240859987,0.2903416149793547,0.019248104095458983,0.0008594330393329435,1.0,0.1,5,5,600,0.1,1.0,0.8,"{'clf__colsample_bytree': 1.0, 'clf__learning_rate': 0.1, 'clf__max_depth': 5, 'clf__min_child_weight': 5, 'clf__n_estimators': 600, 'clf__reg_alpha': 0.1, 'clf__reg_lambda': 1.0, 'clf__subsample': 0.8}",0.8199912515356123,0.8254897693492083,0.8067468837826335,0.7936850214890977,0.8457579451256221,0.8183341742564348,0.017594645137645394,875,1.0,1.0,1.0,1.0,1.0,1.0,0.0
25.417932558059693,0.3559330279154027,0.01841287612915039,0.0016913689817315,1.0,0.1,5,5,600,0.1,1.0,1.0,"{'clf__colsample_bytree': 1.0, 'clf__learning_rate': 0.1, 'clf__max_depth': 5, 'clf__min_child_weight': 5, 'clf__n_estimators': 600, 'clf__reg_alpha': 0.1, 'clf__reg_lambda': 1.0, 'clf__subsample': 1.0}",0.8270723895216796,0.8409262965485256,0.7945788456227562,0.8142713344244544,0.8445740830059603,0.8242845898246752,0.018325273726122485,218,1.0,1.0,1.0,1.0,1.0,1.0,0.0
33.45455756187439,0.65556847826399,0.022415637969970703,0.0025493486410980326,1.0,0.1,5,5,600,0.1,10.0,0.8,"{'clf__colsample_bytree': 1.0, 'clf__learning_rate': 0.1, 'clf__max_depth': 5, 'clf__min_child_weight': 5, 'clf__n_estimators': 600, 'clf__reg_alpha': 0.1, 'clf__reg_lambda': 10.0, 'clf__subsample': 0.8}",0.8227023774437566,0.8253830753830753,0.7915889281292124,0.8139618416291707,0.8410094779637732,0.8189291401097977,0.016220931943477967,818,1.0,1.0,1.0,1.0,1.0,1.0,0.0
35.914462375640866,0.673377675267686,0.023556852340698244,0.001060215350344329,1.0,0.1,5,5,600,0.1,10.0,1.0,"{'clf__colsample_bytree': 1.0, 'clf__learning_rate': 0.1, 'clf__max_depth': 5, 'clf__min_child_weight': 5, 'clf__n_estimators': 600, 'clf__reg_alpha': 0.1, 'clf__reg_lambda': 10.0, 'clf__subsample': 1.0}",0.8257908366748352,0.828030283723318,0.793059844600129,0.812561943324012,0.842590854068868,0.8204067524782325,0.01666514539885062,652,1.0,1.0,1.0,1.0,1.0,1.0,0.0
27.850658321380614,0.3426415860007905,0.025592660903930663,0.0010156118084464626,1.0,0.1,5,5,1000,0.0,1.0,0.8,"{'clf__colsample_bytree': 1.0, 'clf__learning_rate': 0.1, 'clf__max_depth': 5, 'clf__min_child_weight': 5, 'clf__n_estimators': 1000, 'clf__reg_alpha': 0.0, 'clf__reg_lambda': 1.0, 'clf__subsample': 0.8}",0.8207400847146824,0.8231653000221619,0.807237924273674,0.8017200263366673,0.8395570342378853,0.8184840739170143,0.013255808480272004,863,1.0,1.0,1.0,1.0,1.0,1.0,0.0
30.560536861419678,0.395215040393765,0.026091337203979492,0.0022024090015154286,1.0,0.1,5,5,1000,0.0,1.0,1.0,"{'clf__colsample_bytree': 1.0, 'clf__learning_rate': 0.1, 'clf__max_depth': 5, 'clf__min_child_weight': 5, 'clf__n_estimators': 1000, 'clf__reg_alpha': 0.0, 'clf__reg_lambda': 1.0, 'clf__subsample': 1.0}",0.8275481363716659,0.8370547512878463,0.7961451307151466,0.8176003146866487,0.8387321925372926,0.8234161051197202,0.01558972962360433,296,1.0,1.0,1.0,1.0,1.0,1.0,0.0
39.80477705001831,0.6803179168126576,0.03103466033935547,0.003215400942668253,1.0,0.1,5,5,1000,0.0,10.0,0.8,"{'clf__colsample_bytree': 1.0, 'clf__learning_rate': 0.1, 'clf__max_depth': 5, 'clf__min_child_weight': 5, 'clf__n_estimators': 1000, 'clf__reg_alpha': 0.0, 'clf__reg_lambda': 10.0, 'clf__subsample': 0.8}",0.8227023774437566,0.8257540829968775,0.7924368770897442,0.8170846633226935,0.8407203655127001,0.8197396732731544,0.015732971394162885,720,1.0,1.0,1.0,1.0,1.0,1.0,0.0
43.167304849624635,0.8016256475495794,0.03136520385742188,0.0016682792171096145,1.0,0.1,5,5,1000,0.0,10.0,1.0,"{'clf__colsample_bytree': 1.0, 'clf__learning_rate': 0.1, 'clf__max_depth': 5, 'clf__min_child_weight': 5, 'clf__n_estimators': 1000, 'clf__reg_alpha': 0.0, 'clf__reg_lambda': 10.0, 'clf__subsample': 1.0}",0.8300155004317671,0.8231256616002443,0.7926405935152959,0.8040122433950107,0.8419324547172665,0.8183452907319169,0.017785205930262164,874,1.0,1.0,1.0,1.0,1.0,1.0,0.0
28.378351879119872,0.554087877611712,0.027135944366455077,0.0019021177602128712,1.0,0.1,5,5,1000,0.1,1.0,0.8,"{'clf__colsample_bytree': 1.0, 'clf__learning_rate': 0.1, 'clf__max_depth': 5, 'clf__min_child_weight': 5, 'clf__n_estimators': 1000, 'clf__reg_alpha': 0.1, 'clf__reg_lambda': 1.0, 'clf__subsample': 0.8}",0.8288296680086121,0.8110199301050217,0.807007442726334,0.799909825728915,0.843909549903654,0.8181352832945074,0.016033134901507345,893,1.0,1.0,1.0,1.0,1.0,1.0,0.0
31.554542064666748,0.917315931527014,0.02700648307800293,0.0026566063758831342,1.0,0.1,5,5,1000,0.1,1.0,1.0,"{'clf__colsample_bytree': 1.0, 'clf__learning_rate': 0.1, 'clf__max_depth': 5, 'clf__min_child_weight': 5, 'clf__n_estimators': 1000, 'clf__reg_alpha': 0.1, 'clf__reg_lambda': 1.0, 'clf__subsample': 1.0}",0.824557193078032,0.840400634535234,0.7887038978272785,0.816953218732608,0.8335560971427005,0.8208342082631706,0.01792189185380842,591,1.0,1.0,1.0,1.0,1.0,1.0,0.0
40.931295442581174,0.7384675387225014,0.030812549591064452,0.001789848174873371,1.0,0.1,5,5,1000,0.1,10.0,0.8,"{'clf__colsample_bytree': 1.0, 'clf__learning_rate': 0.1, 'clf__max_depth': 5, 'clf__min_child_weight': 5, 'clf__n_estimators': 1000, 'clf__reg_alpha': 0.1, 'clf__reg_lambda': 10.0, 'clf__subsample': 0.8}",0.8151748329828609,0.8227242524916945,0.7997122661021485,0.8043564574685353,0.8291311999920918,0.8142198018074662,0.010984914342827527,1134,1.0,1.0,1.0,1.0,1.0,1.0,0.0
45.66912932395935,0.8242191233469616,0.033426761627197266,0.002661083283621028,1.0,0.1,5,5,1000,0.1,10.0,1.0,"{'clf__colsample_bytree': 1.0, 'clf__learning_rate': 0.1, 'clf__max_depth': 5, 'clf__min_child_weight': 5, 'clf__n_estimators': 1000, 'clf__reg_alpha': 0.1, 'clf__reg_lambda': 10.0, 'clf__subsample': 1.0}",0.8252958841194136,0.8248461803000263,0.8059462300593301,0.8112923763233886,0.8461964815042182,0.8227154304612754,0.013958874180936786,363,1.0,1.0,1.0,1.0,1.0,1.0,0.0
33.65725984573364,0.44208785464111455,0.016550350189208984,0.002140814891168535,1.0,0.1,7,1,300,0.0,1.0,0.8,"{'clf__colsample_bytree': 1.0, 'clf__learning_rate': 0.1, 'clf__max_depth': 7, 'clf__min_child_weight': 1, 'clf__n_estimators': 300, 'clf__reg_alpha': 0.0, 'clf__reg_lambda': 1.0, 'clf__subsample': 0.8}",0.8405985412437025,0.8284157509157508,0.7910504844467109,0.8074637286557028,0.8616492329514158,0.8258355476426565,0.024717394032645012,123,1.0,1.0,1.0,1.0,1.0,1.0,0.0
35.636020708084104,0.9096439060225933,0.01681036949157715,0.0023215952716460118,1.0,0.1,7,1,300,0.0,1.0,1.0,"{'clf__colsample_bytree': 1.0, 'clf__learning_rate': 0.1, 'clf__max_depth': 7, 'clf__min_child_weight': 1, 'clf__n_estimators': 300, 'clf__reg_alpha': 0.0, 'clf__reg_lambda': 1.0, 'clf__subsample': 1.0}",0.8463968926297694,0.8157675657675658,0.787266837322339,0.7962771911370042,0.8527754513735822,0.8196967876460521,0.026163759528615226,725,1.0,1.0,1.0,1.0,1.0,1.0,0.0
56.24708452224731,0.9994721450162698,0.02321910858154297,0.0032711637362003833,1.0,0.1,7,1,300,0.0,10.0,0.8,"{'clf__colsample_bytree': 1.0, 'clf__learning_rate': 0.1, 'clf__max_depth': 7, 'clf__min_child_weight': 1, 'clf__n_estimators': 300, 'clf__reg_alpha': 0.0, 'clf__reg_lambda': 10.0, 'clf__subsample': 0.8}",0.8347695580203531,0.8150592044034863,0.7920209000404012,0.8076792867292322,0.8474443597488647,0.8193946617884675,0.01963946040789411,770,1.0,1.0,1.0,1.0,1.0,1.0,0.0
61.070731210708615,0.8273203501659029,0.024295663833618163,0.0009309024107915347,1.0,0.1,7,1,300,0.0,10.0,1.0,"{'clf__colsample_bytree': 1.0, 'clf__learning_rate': 0.1, 'clf__max_depth': 7, 'clf__min_child_weight': 1, 'clf__n_estimators': 300, 'clf__reg_alpha': 0.0, 'clf__reg_lambda': 10.0, 'clf__subsample': 1.0}",0.8396257605119128,0.8318295266084743,0.8036136101925575,0.8050478796169631,0.8588931607495593,0.8278019875358934,0.021097444185785744,44,1.0,1.0,1.0,1.0,1.0,1.0,0.0
36.291674327850345,0.4897181813887457,0.0184112548828125,0.0020042212688133358,1.0,0.1,7,1,300,0.1,1.0,0.8,"{'clf__colsample_bytree': 1.0, 'clf__learning_rate': 0.1, 'clf__max_depth': 7, 'clf__min_child_weight': 1, 'clf__n_estimators': 300, 'clf__reg_alpha': 0.1, 'clf__reg_lambda': 1.0, 'clf__subsample': 0.8}",0.8347930591882204,0.8253667959284613,0.7855104370515329,0.8188258219191482,0.8597453739713843,0.8248482976117494,0.024086139369730822,177,1.0,1.0,1.0,1.0,1.0,1.0,0.0
38.99590220451355,0.90470345268839,0.0196683406829834,0.0014176672086347005,1.0,0.1,7,1,300,0.1,1.0,1.0,"{'clf__colsample_bytree': 1.0, 'clf__learning_rate': 0.1, 'clf__max_depth': 7, 'clf__min_child_weight': 1, 'clf__n_estimators': 300, 'clf__reg_alpha': 0.1, 'clf__reg_lambda': 1.0, 'clf__subsample': 1.0}",0.8368930203881659,0.814375021328893,0.7913909999657663,0.81126608719089,0.8621573378583398,0.8232164933464109,0.024237502457415024,320,1.0,1.0,1.0,1.0,1.0,1.0,0.0
57.811944246292114,1.0396900533814744,0.022079086303710936,0.0015554244907500208,1.0,0.1,7,1,300,0.1,10.0,0.8,"{'clf__colsample_bytree': 1.0, 'clf__learning_rate': 0.1, 'clf__max_depth': 7, 'clf__min_child_weight': 1, 'clf__n_estimators': 300, 'clf__reg_alpha': 0.1, 'clf__reg_lambda': 10.0, 'clf__subsample': 0.8}",0.8294722743473432,0.8288313036481936,0.7879520065820066,0.7948996648393786,0.8407847087720861,0.8163879916378016,0.02093603453106957,1031,1.0,1.0,1.0,1.0,1.0,1.0,0.0
62.857997274398805,1.3791070746458394,0.023471689224243163,0.0023693173207121,1.0,0.1,7,1,300,0.1,10.0,1.0,"{'clf__colsample_bytree': 1.0, 'clf__learning_rate': 0.1, 'clf__max_depth': 7, 'clf__min_child_weight': 1, 'clf__n_estimators': 300, 'clf__reg_alpha': 0.1, 'clf__reg_lambda': 10.0, 'clf__subsample': 1.0}",0.8309504685162856,0.838102676600162,0.7980301781851891,0.8123247148321695,0.8641379754476889,0.8287092027162991,0.022619074033439625,31,1.0,1.0,1.0,1.0,1.0,1.0,0.0
41.677570247650145,0.664627607337943,0.023752975463867187,0.001278613729726504,1.0,0.1,7,1,600,0.0,1.0,0.8,"{'clf__colsample_bytree': 1.0, 'clf__learning_rate': 0.1, 'clf__max_depth': 7, 'clf__min_child_weight': 1, 'clf__n_estimators': 600, 'clf__reg_alpha': 0.0, 'clf__reg_lambda': 1.0, 'clf__subsample': 0.8}",0.8442993117305044,0.8261059637904472,0.7920136492275448,0.7993472218510304,0.8547673883906093,0.8233067069980272,0.024460630240717048,306,1.0,1.0,1.0,1.0,1.0,1.0,0.0
43.905729341506955,1.2139050709315442,0.024283599853515626,0.002276937351575863,1.0,0.1,7,1,600,0.0,1.0,1.0,"{'clf__colsample_bytree': 1.0, 'clf__learning_rate': 0.1, 'clf__max_depth': 7, 'clf__min_child_weight': 1, 'clf__n_estimators': 600, 'clf__reg_alpha': 0.0, 'clf__reg_lambda': 1.0, 'clf__subsample': 1.0}",0.8396496672210348,0.8157675657675658,0.788119304059652,0.8066437230748692,0.8619122563664816,0.8224185032979208,0.025792182036773876,395,1.0,1.0,1.0,1.0,1.0,1.0,0.0
76.51418023109436,0.5487466779280943,0.030089759826660158,0.002004864185511967,1.0,0.1,7,1,600,0.0,10.0,0.8,"{'clf__colsample_bytree': 1.0, 'clf__learning_rate': 0.1, 'clf__max_depth': 7, 'clf__min_child_weight': 1, 'clf__n_estimators': 600, 'clf__reg_alpha': 0.0, 'clf__reg_lambda': 10.0, 'clf__subsample': 0.8}",0.8347695580203531,0.8270249273418289,0.7975426589832127,0.8063802709409003,0.8460065369935756,0.8223447904559741,0.017922992989164478,405,1.0,1.0,1.0,1.0,1.0,1.0,0.0
81.3818085193634,1.5211241980351056,0.03121461868286133,0.0038139280425804225,1.0,0.1,7,1,600,0.0,10.0,1.0,"{'clf__colsample_bytree': 1.0, 'clf__learning_rate': 0.1, 'clf__max_depth': 7, 'clf__min_child_weight': 1, 'clf__n_estimators': 600, 'clf__reg_alpha': 0.0, 'clf__reg_lambda': 10.0, 'clf__subsample': 1.0}",0.8366024032081241,0.8333289254327586,0.7958565017285184,0.814464301109215,0.8638021153070352,0.8288108493571302,0.02279176381885455,29,1.0,1.0,1.0,1.0,1.0,1.0,0.0
45.88821406364441,0.8193401706441655,0.02497420310974121,0.0009359227120847723,1.0,0.1,7,1,600,0.1,1.0,0.8,"{'clf__colsample_bytree': 1.0, 'clf__learning_rate': 0.1, 'clf__max_depth': 7, 'clf__min_child_weight': 1, 'clf__n_estimators': 600, 'clf__reg_alpha': 0.1, 'clf__reg_lambda': 1.0, 'clf__subsample': 0.8}",0.8347930591882204,0.8196384226377189,0.7872418384558754,0.807054568635938,0.8566652422293194,0.8210786262294144,0.0236565825693758,559,1.0,1.0,1.0,1.0,1.0,1.0,0.0
48.6051691532135,1.334573102516442,0.026581382751464842,0.0006198410346273901,1.0,0.1,7,1,600,0.1,1.0,1.0,"{'clf__colsample_bytree': 1.0, 'clf__learning_rate': 0.1, 'clf__max_depth': 7, 'clf__min_child_weight': 1, 'clf__n_estimators': 600, 'clf__reg_alpha': 0.1, 'clf__reg_lambda': 1.0, 'clf__subsample': 1.0}",0.8368930203881659,0.8075085107610639,0.7913909999657663,0.8100905478470457,0.8621573378583398,0.8216080833640763,0.024989577991414876,491,1.0,1.0,1.0,1.0,1.0,1.0,0.0
78.43016600608826,1.128446513742532,0.0319251537322998,0.0015370911983704275,1.0,0.1,7,1,600,0.1,10.0,0.8,"{'clf__colsample_bytree': 1.0, 'clf__learning_rate': 0.1, 'clf__max_depth': 7, 'clf__min_child_weight': 1, 'clf__n_estimators': 600, 'clf__reg_alpha': 0.1, 'clf__reg_lambda': 10.0, 'clf__subsample': 0.8}",0.8294722743473432,0.8381951102588686,0.7896115067023208,0.7950162419778376,0.8445711174584414,0.8193732501489623,0.02267249631043931,775,1.0,1.0,1.0,1.0,1.0,1.0,0.0
84.72889680862427,1.306956238781572,0.030853891372680665,0.002508024397683177,1.0,0.1,7,1,600,0.1,10.0,1.0,"{'clf__colsample_bytree': 1.0, 'clf__learning_rate': 0.1, 'clf__max_depth': 7, 'clf__min_child_weight': 1, 'clf__n_estimators': 600, 'clf__reg_alpha': 0.1, 'clf__reg_lambda': 10.0, 'clf__subsample': 1.0}",0.8382581079498888,0.8358257635611156,0.7945744978178899,0.8167402623423461,0.8626623440759877,0.8296121951494456,0.022799120479150833,20,1.0,1.0,1.0,1.0,1.0,1.0,0.0
47.65443868637085,0.7875328560944347,0.029128551483154297,0.0024646657351768382,1.0,0.1,7,1,1000,0.0,1.0,0.8,"{'clf__colsample_bytree': 1.0, 'clf__learning_rate': 0.1, 'clf__max_depth': 7, 'clf__min_child_weight': 1, 'clf__n_estimators': 1000, 'clf__reg_alpha': 0.0, 'clf__reg_lambda': 1.0, 'clf__subsample': 0.8}",0.8406172841104348,0.8254606625258799,0.7851521889987046,0.7987134955936496,0.8537857965167417,0.820745885549082,0.025538499410672277,601,1.0,1.0,1.0,1.0,1.0,1.0,0.0
49.726793956756595,1.0628012982008908,0.030705642700195313,0.0020723973076810995,1.0,0.1,7,1,1000,0.0,1.0,1.0,"{'clf__colsample_bytree': 1.0, 'clf__learning_rate': 0.1, 'clf__max_depth': 7, 'clf__min_child_weight': 1, 'clf__n_estimators': 1000, 'clf__reg_alpha': 0.0, 'clf__reg_lambda': 1.0, 'clf__subsample': 1.0}",0.8358804123095755,0.8119373776908023,0.788119304059652,0.8105162155730079,0.8558219059099341,0.8204550431085945,0.023262364179886124,646,1.0,1.0,1.0,1.0,1.0,1.0,0.0
92.0098464012146,1.5575911990572047,0.04060087203979492,0.0025197755756124927,1.0,0.1,7,1,1000,0.0,10.0,0.8,"{'clf__colsample_bytree': 1.0, 'clf__learning_rate': 0.1, 'clf__max_depth': 7, 'clf__min_child_weight': 1, 'clf__n_estimators': 1000, 'clf__reg_alpha': 0.0, 'clf__reg_lambda': 10.0, 'clf__subsample': 0.8}",0.8347695580203531,0.8273479354525897,0.7900054659923081,0.8000172566276236,0.8460065369935756,0.81962935061729,0.021197958223048468,737,1.0,1.0,1.0,1.0,1.0,1.0,0.0
98.82598562240601,1.7000406594145663,0.04229378700256348,0.001780946014887469,1.0,0.1,7,1,1000,0.0,10.0,1.0,"{'clf__colsample_bytree': 1.0, 'clf__learning_rate': 0.1, 'clf__max_depth': 7, 'clf__min_child_weight': 1, 'clf__n_estimators': 1000, 'clf__reg_alpha': 0.0, 'clf__reg_lambda': 10.0, 'clf__subsample': 1.0}",0.8425546416089926,0.8325362898769051,0.8023538772427758,0.81015590732417,0.8625369229154484,0.8300275277936583,0.02182106997290962,17,1.0,1.0,1.0,1.0,1.0,1.0,0.0
53.73655791282654,1.0141125952553722,0.030567741394042967,0.0015034769558817111,1.0,0.1,7,1,1000,0.1,1.0,0.8,"{'clf__colsample_bytree': 1.0, 'clf__learning_rate': 0.1, 'clf__max_depth': 7, 'clf__min_child_weight': 1, 'clf__n_estimators': 1000, 'clf__reg_alpha': 0.1, 'clf__reg_lambda': 1.0, 'clf__subsample': 0.8}",0.8347930591882204,0.8196384226377189,0.7880949709121566,0.8148023584462838,0.8566652422293194,0.8227988106827399,0.022667531752256262,358,1.0,1.0,1.0,1.0,1.0,1.0,0.0
54.31474175453186,2.069105334047217,0.033033895492553714,0.002461872166108738,1.0,0.1,7,1,1000,0.1,1.0,1.0,"{'clf__colsample_bytree': 1.0, 'clf__learning_rate': 0.1, 'clf__max_depth': 7, 'clf__min_child_weight': 1, 'clf__n_estimators': 1000, 'clf__reg_alpha': 0.1, 'clf__reg_lambda': 1.0, 'clf__subsample': 1.0}",0.8368930203881659,0.8138035456537147,0.7913909999657663,0.8100905478470457,0.8621573378583398,0.8228670903426064,0.02439910821882609,350,1.0,1.0,1.0,1.0,1.0,1.0,0.0
97.84947719573975,1.665845869692138,0.04198007583618164,0.0016240531900592677,1.0,0.1,7,1,1000,0.1,10.0,0.8,"{'clf__colsample_bytree': 1.0, 'clf__learning_rate': 0.1, 'clf__max_depth': 7, 'clf__min_child_weight': 1, 'clf__n_estimators': 1000, 'clf__reg_alpha': 0.1, 'clf__reg_lambda': 10.0, 'clf__subsample': 0.8}",0.8294722743473432,0.8381951102588686,0.7967895580358342,0.8031980142985835,0.8393430345043249,0.8213995982889909,0.01792303526364331,514,1.0,1.0,1.0,1.0,1.0,1.0,0.0
105.20646080970764,1.8277135800088682,0.04201431274414062,0.001621218221084027,1.0,0.1,7,1,1000,0.1,10.0,1.0,"{'clf__colsample_bytree': 1.0, 'clf__learning_rate': 0.1, 'clf__max_depth': 7, 'clf__min_child_weight': 1, 'clf__n_estimators': 1000, 'clf__reg_alpha': 0.1, 'clf__reg_lambda': 10.0, 'clf__subsample': 1.0}",0.8382581079498888,0.8365968992889679,0.8002325198909375,0.8211833960432091,0.8688036614842138,0.8330149169314435,0.022520330053438713,3,1.0,1.0,1.0,1.0,1.0,1.0,0.0
24.30646948814392,0.5976911131269353,0.014974212646484375,0.0005568719146983244,1.0,0.1,7,3,300,0.0,1.0,0.8,"{'clf__colsample_bytree': 1.0, 'clf__learning_rate': 0.1, 'clf__max_depth': 7, 'clf__min_child_weight': 3, 'clf__n_estimators': 300, 'clf__reg_alpha': 0.0, 'clf__reg_lambda': 1.0, 'clf__subsample': 0.8}",0.8282561472351638,0.8357366707366707,0.798388691435049,0.8153079192842184,0.8633774637910073,0.8282133784964218,0.02167568908103617,33,1.0,1.0,1.0,1.0,1.0,1.0,0.0
25.74333052635193,0.6938358235053568,0.01560664176940918,0.0019334920308128369,1.0,0.1,7,3,300,0.0,1.0,1.0,"{'clf__colsample_bytree': 1.0, 'clf__learning_rate': 0.1, 'clf__max_depth': 7, 'clf__min_child_weight': 3, 'clf__n_estimators': 300, 'clf__reg_alpha': 0.0, 'clf__reg_lambda': 1.0, 'clf__subsample': 1.0}",0.843880235776356,0.8203909236650635,0.7944014572535699,0.7974706259346294,0.861970236388157,0.8236226958035552,0.0261883855425139,276,1.0,1.0,1.0,1.0,1.0,1.0,0.0
34.847791242599484,0.573798100115626,0.018761348724365235,0.0010110541141638981,1.0,0.1,7,3,300,0.0,10.0,0.8,"{'clf__colsample_bytree': 1.0, 'clf__learning_rate': 0.1, 'clf__max_depth': 7, 'clf__min_child_weight': 3, 'clf__n_estimators': 300, 'clf__reg_alpha': 0.0, 'clf__reg_lambda': 10.0, 'clf__subsample': 0.8}",0.8285385629855563,0.8173492765904026,0.7949152868694648,0.8093068665113121,0.855204949733917,0.8210629885381305,0.02028427021959274,562,1.0,1.0,1.0,1.0,1.0,1.0,0.0
37.88081851005554,0.647410934811383,0.02060847282409668,0.0018102752434832187,1.0,0.1,7,3,300,0.0,10.0,1.0,"{'clf__colsample_bytree': 1.0, 'clf__learning_rate': 0.1, 'clf__max_depth': 7, 'clf__min_child_weight': 3, 'clf__n_estimators': 300, 'clf__reg_alpha': 0.0, 'clf__reg_lambda': 10.0, 'clf__subsample': 1.0}",0.8419401355699583,0.8227915795308524,0.7824966581601653,0.8106847612514045,0.8674939701634756,0.8250814209351711,0.028667088430781317,164,1.0,1.0,1.0,1.0,1.0,1.0,0.0
24.52105631828308,0.3365008244638443,0.016978979110717773,0.0019259495438795164,1.0,0.1,7,3,300,0.1,1.0,0.8,"{'clf__colsample_bytree': 1.0, 'clf__learning_rate': 0.1, 'clf__max_depth': 7, 'clf__min_child_weight': 3, 'clf__n_estimators': 300, 'clf__reg_alpha': 0.1, 'clf__reg_lambda': 1.0, 'clf__subsample': 0.8}",0.8210215258644904,0.8349384148738422,0.7874886596435962,0.8133818406962967,0.8698148026557952,0.8253290487468042,0.02707215469548271,149,1.0,1.0,1.0,1.0,1.0,1.0,0.0
26.526068687438965,0.570545988599595,0.01699514389038086,0.0016840872917578058,1.0,0.1,7,3,300,0.1,1.0,1.0,"{'clf__colsample_bytree': 1.0, 'clf__learning_rate': 0.1, 'clf__max_depth': 7, 'clf__min_child_weight': 3, 'clf__n_estimators': 300, 'clf__reg_alpha': 0.1, 'clf__reg_lambda': 1.0, 'clf__subsample': 1.0}",0.8399604356910695,0.8190713185688957,0.7975288002909252,0.7979478189355876,0.8617256483586564,0.8232468043690269,0.024814737500675414,312,1.0,1.0,1.0,1.0,1.0,1.0,0.0
35.135384273529056,0.572933872216479,0.018451976776123046,0.0009207135497182791,1.0,0.1,7,3,300,0.1,10.0,0.8,"{'clf__colsample_bytree': 1.0, 'clf__learning_rate': 0.1, 'clf__max_depth': 7, 'clf__min_child_weight': 3, 'clf__n_estimators': 300, 'clf__reg_alpha': 0.1, 'clf__reg_lambda': 10.0, 'clf__subsample': 0.8}",0.8357992362247681,0.8227242524916945,0.7955105900083099,0.814464301109215,0.8527956929430399,0.8242588145554055,0.01935087878832663,221,1.0,1.0,1.0,1.0,1.0,1.0,0.0
38.58936204910278,0.8340663745345736,0.01908001899719238,0.000939527616843281,1.0,0.1,7,3,300,0.1,10.0,1.0,"{'clf__colsample_bytree': 1.0, 'clf__learning_rate': 0.1, 'clf__max_depth': 7, 'clf__min_child_weight': 3, 'clf__n_estimators': 300, 'clf__reg_alpha': 0.1, 'clf__reg_lambda': 10.0, 'clf__subsample': 1.0}",0.8490241753994079,0.81604724957712,0.7823693238981642,0.8105737256142768,0.8618338021121936,0.8239696553202325,0.028405019304877502,238,1.0,1.0,1.0,1.0,1.0,1.0,0.0
29.58439154624939,0.5515839099726255,0.021718454360961915,0.0013063577408036684,1.0,0.1,7,3,600,0.0,1.0,0.8,"{'clf__colsample_bytree': 1.0, 'clf__learning_rate': 0.1, 'clf__max_depth': 7, 'clf__min_child_weight': 3, 'clf__n_estimators': 600, 'clf__reg_alpha': 0.0, 'clf__reg_lambda': 1.0, 'clf__subsample': 0.8}",0.8308338585788113,0.8372864955079721,0.7910504844467109,0.8134857243722695,0.858025955041186,0.8261365035893901,0.022602634942228795,109,1.0,1.0,1.0,1.0,1.0,1.0,0.0
31.06450185775757,0.6537914303878023,0.02178082466125488,0.0007993448803553729,1.0,0.1,7,3,600,0.0,1.0,1.0,"{'clf__colsample_bytree': 1.0, 'clf__learning_rate': 0.1, 'clf__max_depth': 7, 'clf__min_child_weight': 3, 'clf__n_estimators': 600, 'clf__reg_alpha': 0.0, 'clf__reg_lambda': 1.0, 'clf__subsample': 1.0}",0.8424163163369939,0.8177744306897226,0.7908722811344061,0.7985227180855364,0.8700793142694552,0.8239330121032229,0.029146995859950352,245,1.0,1.0,1.0,1.0,1.0,1.0,0.0
45.816500186920166,0.6534689472399036,0.025101184844970703,0.002394937054219105,1.0,0.1,7,3,600,0.0,10.0,0.8,"{'clf__colsample_bytree': 1.0, 'clf__learning_rate': 0.1, 'clf__max_depth': 7, 'clf__min_child_weight': 3, 'clf__n_estimators': 600, 'clf__reg_alpha': 0.0, 'clf__reg_lambda': 10.0, 'clf__subsample': 0.8}",0.8215049154343368,0.8298125143777317,0.7962598212720648,0.8133068318538029,0.8568326370044939,0.8235433439884862,0.020004057140222225,286,1.0,1.0,1.0,1.0,1.0,1.0,0.0
49.16169099807739,1.011522424175606,0.025801372528076173,0.0014517112747232182,1.0,0.1,7,3,600,0.0,10.0,1.0,"{'clf__colsample_bytree': 1.0, 'clf__learning_rate': 0.1, 'clf__max_depth': 7, 'clf__min_child_weight': 3, 'clf__n_estimators': 600, 'clf__reg_alpha': 0.0, 'clf__reg_lambda': 10.0, 'clf__subsample': 1.0}",0.8392467973951205,0.8186263186263187,0.7779838673770759,0.7962397121496454,0.85250729661694,0.8169207984330201,0.027245365887414084,994,1.0,1.0,1.0,1.0,1.0,1.0,0.0
30.49469075202942,0.4131911827554923,0.021655845642089843,0.001415185427095736,1.0,0.1,7,3,600,0.1,1.0,0.8,"{'clf__colsample_bytree': 1.0, 'clf__learning_rate': 0.1, 'clf__max_depth': 7, 'clf__min_child_weight': 3, 'clf__n_estimators': 600, 'clf__reg_alpha': 0.1, 'clf__reg_lambda': 1.0, 'clf__subsample': 0.8}",0.8210215258644904,0.8391822345550333,0.7916041435041611,0.8176977283781197,0.8698148026557952,0.8278640869915199,0.02589564442509275,41,1.0,1.0,1.0,1.0,1.0,1.0,0.0
32.82289671897888,0.6716641018158498,0.02185511589050293,0.0007708245445672408,1.0,0.1,7,3,600,0.1,1.0,1.0,"{'clf__colsample_bytree': 1.0, 'clf__learning_rate': 0.1, 'clf__max_depth': 7, 'clf__min_child_weight': 3, 'clf__n_estimators': 600, 'clf__reg_alpha': 0.1, 'clf__reg_lambda': 1.0, 'clf__subsample': 1.0}",0.8290414980107674,0.8190713185688957,0.7975288002909252,0.7891674217255613,0.8643017642560962,0.8198221605704491,0.02646016635164226,712,1.0,1.0,1.0,1.0,1.0,1.0,0.0
45.921117830276486,1.0505894730509089,0.02417588233947754,0.0023407795783838706,1.0,0.1,7,3,600,0.1,10.0,0.8,"{'clf__colsample_bytree': 1.0, 'clf__learning_rate': 0.1, 'clf__max_depth': 7, 'clf__min_child_weight': 3, 'clf__n_estimators': 600, 'clf__reg_alpha': 0.1, 'clf__reg_lambda': 10.0, 'clf__subsample': 0.8}",0.8257491531296729,0.8260575858250276,0.7967895580358342,0.8026969641425122,0.8676183177196104,0.8237823157705314,0.024915221826422203,257,1.0,1.0,1.0,1.0,1.0,1.0,0.0
50.127667140960696,0.958415810200127,0.026392650604248048,0.0007407493039877438,1.0,0.1,7,3,600,0.1,10.0,1.0,"{'clf__colsample_bytree': 1.0, 'clf__learning_rate': 0.1, 'clf__max_depth': 7, 'clf__min_child_weight': 3, 'clf__n_estimators': 600, 'clf__reg_alpha': 0.1, 'clf__reg_lambda': 10.0, 'clf__subsample': 1.0}",0.8492799992799993,0.821688634492989,0.7751232823228852,0.8125104661492802,0.8460189287903945,0.8209242622071097,0.026843606700003575,582,1.0,1.0,1.0,1.0,1.0,1.0,0.0
34.26865344047546,0.6357217592406956,0.0274838924407959,0.0007712340287074442,1.0,0.1,7,3,1000,0.0,1.0,0.8,"{'clf__colsample_bytree': 1.0, 'clf__learning_rate': 0.1, 'clf__max_depth': 7, 'clf__min_child_weight': 3, 'clf__n_estimators': 1000, 'clf__reg_alpha': 0.0, 'clf__reg_lambda': 1.0, 'clf__subsample': 0.8}",0.8191380217115511,0.8285742905707006,0.7966015881110221,0.8124662546211977,0.8561441883624983,0.822584868675394,0.01975600711559925,376,1.0,1.0,1.0,1.0,1.0,1.0,0.0
36.63939061164856,0.565956187777545,0.027716970443725585,0.0012438465639714746,1.0,0.1,7,3,1000,0.0,1.0,1.0,"{'clf__colsample_bytree': 1.0, 'clf__learning_rate': 0.1, 'clf__max_depth': 7, 'clf__min_child_weight': 3, 'clf__n_estimators': 1000, 'clf__reg_alpha': 0.0, 'clf__reg_lambda': 1.0, 'clf__subsample': 1.0}",0.8365427513421608,0.8203909236650635,0.7838422080198241,0.8104202747701252,0.8577459501755276,0.8217884215945404,0.024826344859025722,468,1.0,1.0,1.0,1.0,1.0,1.0,0.0
54.2564920425415,1.0721591933866377,0.033179283142089844,0.002347893655245545,1.0,0.1,7,3,1000,0.0,10.0,0.8,"{'clf__colsample_bytree': 1.0, 'clf__learning_rate': 0.1, 'clf__max_depth': 7, 'clf__min_child_weight': 3, 'clf__n_estimators': 1000, 'clf__reg_alpha': 0.0, 'clf__reg_lambda': 10.0, 'clf__subsample': 0.8}",0.8177379462423267,0.8317394710944797,0.7879293438687539,0.81678066298737,0.8559062620968942,0.8220187372579648,0.022139134316669366,438,1.0,1.0,1.0,1.0,1.0,1.0,0.0
59.48888163566589,0.990430695611348,0.033246612548828124,0.0016248551244415481,1.0,0.1,7,3,1000,0.0,10.0,1.0,"{'clf__colsample_bytree': 1.0, 'clf__learning_rate': 0.1, 'clf__max_depth': 7, 'clf__min_child_weight': 3, 'clf__n_estimators': 1000, 'clf__reg_alpha': 0.0, 'clf__reg_lambda': 10.0, 'clf__subsample': 1.0}",0.8382581079498888,0.8227915795308524,0.78987859500955,0.7965803914395464,0.8555861528657207,0.8206189653591116,0.024744240586908224,618,1.0,1.0,1.0,1.0,1.0,1.0,0.0
35.93410925865173,0.7466039527005784,0.02757425308227539,0.0018927776740946627,1.0,0.1,7,3,1000,0.1,1.0,0.8,"{'clf__colsample_bytree': 1.0, 'clf__learning_rate': 0.1, 'clf__max_depth': 7, 'clf__min_child_weight': 3, 'clf__n_estimators': 1000, 'clf__reg_alpha': 0.1, 'clf__reg_lambda': 1.0, 'clf__subsample': 0.8}",0.820273408116404,0.8365808530902871,0.7981805929919137,0.8142072863417092,0.8637051533784239,0.8265894587837476,0.02226062484041852,90,1.0,1.0,1.0,1.0,1.0,1.0,0.0
38.633796739578244,0.8203582138428324,0.02823810577392578,0.0014964381377597816,1.0,0.1,7,3,1000,0.1,1.0,1.0,"{'clf__colsample_bytree': 1.0, 'clf__learning_rate': 0.1, 'clf__max_depth': 7, 'clf__min_child_weight': 3, 'clf__n_estimators': 1000, 'clf__reg_alpha': 0.1, 'clf__reg_lambda': 1.0, 'clf__subsample': 1.0}",0.8347381009357113,0.8190713185688957,0.7975288002909252,0.7891674217255613,0.8584578429192171,0.8197926968880622,0.0251096299331722,716,1.0,1.0,1.0,1.0,1.0,1.0,0.0
56.69858093261719,1.0295857406124398,0.03401260375976563,0.0017650382857977843,1.0,0.1,7,3,1000,0.1,10.0,0.8,"{'clf__colsample_bytree': 1.0, 'clf__learning_rate': 0.1, 'clf__max_depth': 7, 'clf__min_child_weight': 3, 'clf__n_estimators': 1000, 'clf__reg_alpha': 0.1, 'clf__reg_lambda': 10.0, 'clf__subsample': 0.8}",0.815619683946638,0.8317394710944797,0.7979331159828343,0.8067699663356617,0.8661720000719515,0.823646847486313,0.024018074939487478,274,1.0,1.0,1.0,1.0,1.0,1.0,0.0
61.200154542922974,1.4047236109358938,0.03372082710266113,0.0009930088036238145,1.0,0.1,7,3,1000,0.1,10.0,1.0,"{'clf__colsample_bytree': 1.0, 'clf__learning_rate': 0.1, 'clf__max_depth': 7, 'clf__min_child_weight': 3, 'clf__n_estimators': 1000, 'clf__reg_alpha': 0.1, 'clf__reg_lambda': 10.0, 'clf__subsample': 1.0}",0.8492799992799993,0.819390919158361,0.7900672088432987,0.7983606602175221,0.8462873587873588,0.8206772292573081,0.024127388522760602,611,1.0,1.0,1.0,1.0,1.0,1.0,0.0
19.956438970565795,0.2638215343559444,0.014867210388183593,0.0008974809621631545,1.0,0.1,7,5,300,0.0,1.0,0.8,"{'clf__colsample_bytree': 1.0, 'clf__learning_rate': 0.1, 'clf__max_depth': 7, 'clf__min_child_weight': 5, 'clf__n_estimators': 300, 'clf__reg_alpha': 0.0, 'clf__reg_lambda': 1.0, 'clf__subsample': 0.8}",0.8257748136361565,0.8267730844544336,0.8078558781252887,0.8011429334087019,0.8441025794811049,0.8211298578211371,0.01521080698884038,555,1.0,1.0,1.0,1.0,1.0,1.0,0.0
21.692588806152344,0.3833071607511194,0.01575932502746582,0.001279054909584306,1.0,0.1,7,5,300,0.0,1.0,1.0,"{'clf__colsample_bytree': 1.0, 'clf__learning_rate': 0.1, 'clf__max_depth': 7, 'clf__min_child_weight': 5, 'clf__n_estimators': 300, 'clf__reg_alpha': 0.0, 'clf__reg_lambda': 1.0, 'clf__subsample': 1.0}",0.8352809851718708,0.8399365725675019,0.7922465381049429,0.8152204938651881,0.8352783090465314,0.823592579751207,0.01784918676350663,282,1.0,1.0,1.0,1.0,1.0,1.0,0.0
26.553463554382326,0.34590526786275705,0.016497373580932617,0.0007703622839742533,1.0,0.1,7,5,300,0.0,10.0,0.8,"{'clf__colsample_bytree': 1.0, 'clf__learning_rate': 0.1, 'clf__max_depth': 7, 'clf__min_child_weight': 5, 'clf__n_estimators': 300, 'clf__reg_alpha': 0.0, 'clf__reg_lambda': 10.0, 'clf__subsample': 0.8}",0.8260625550508199,0.840152180641099,0.7949217974180736,0.8140062424423204,0.8479267324865742,0.8246139016077774,0.01887415311944626,197,1.0,1.0,1.0,1.0,1.0,1.0,0.0
29.274404287338257,0.5223756465724088,0.017354154586791994,0.0011082251538102844,1.0,0.1,7,5,300,0.0,10.0,1.0,"{'clf__colsample_bytree': 1.0, 'clf__learning_rate': 0.1, 'clf__max_depth': 7, 'clf__min_child_weight': 5, 'clf__n_estimators': 300, 'clf__reg_alpha': 0.0, 'clf__reg_lambda': 10.0, 'clf__subsample': 1.0}",0.8315016375224764,0.8451943426943427,0.7914255743505026,0.7990122433950106,0.8431253214703918,0.8220518238865449,0.022528900926628997,434,1.0,1.0,1.0,1.0,1.0,1.0,0.0
20.678664445877075,0.3633985869110831,0.015181255340576173,0.0007781837265680404,1.0,0.1,7,5,300,0.1,1.0,0.8,"{'clf__colsample_bytree': 1.0, 'clf__learning_rate': 0.1, 'clf__max_depth': 7, 'clf__min_child_weight': 5, 'clf__n_estimators': 300, 'clf__reg_alpha': 0.1, 'clf__reg_lambda': 1.0, 'clf__subsample': 0.8}",0.8287284828102994,0.8200196112716813,0.7947785040401419,0.8205960032622981,0.8561441883624983,0.8240533579493838,0.019682071406069368,232,1.0,1.0,1.0,1.0,1.0,1.0,0.0
21.955862092971802,0.4723588621097723,0.016500282287597656,0.0011558817987415313,1.0,0.1,7,5,300,0.1,1.0,1.0,"{'clf__colsample_bytree': 1.0, 'clf__learning_rate': 0.1, 'clf__max_depth': 7, 'clf__min_child_weight': 5, 'clf__n_estimators': 300, 'clf__reg_alpha': 0.1, 'clf__reg_lambda': 1.0, 'clf__subsample': 1.0}",0.8288296680086121,0.825084653934715,0.7964465463558105,0.8067820070958575,0.83675941919863,0.818780458918725,0.01487776184371754,831,1.0,1.0,1.0,1.0,1.0,1.0,0.0
26.95933156013489,0.43079344393221347,0.01778244972229004,0.0010271057223642643,1.0,0.1,7,5,300,0.1,10.0,0.8,"{'clf__colsample_bytree': 1.0, 'clf__learning_rate': 0.1, 'clf__max_depth': 7, 'clf__min_child_weight': 5, 'clf__n_estimators': 300, 'clf__reg_alpha': 0.1, 'clf__reg_lambda': 10.0, 'clf__subsample': 0.8}",0.8151748329828609,0.8227187577956268,0.8012299225070489,0.7998836758660427,0.8357946861467989,0.8149603750596756,0.013491769337107508,1113,1.0,1.0,1.0,1.0,1.0,1.0,0.0
29.83781886100769,0.6280067350089136,0.01624126434326172,0.0007195423169025491,1.0,0.1,7,5,300,0.1,10.0,1.0,"{'clf__colsample_bytree': 1.0, 'clf__learning_rate': 0.1, 'clf__max_depth': 7, 'clf__min_child_weight': 5, 'clf__n_estimators': 300, 'clf__reg_alpha': 0.1, 'clf__reg_lambda': 10.0, 'clf__subsample': 1.0}",0.831020358593888,0.8427197591010576,0.770147548069295,0.804897567221511,0.8479626381562826,0.8193495742284067,0.028742929776616136,777,1.0,1.0,1.0,1.0,1.0,1.0,0.0
24.944872999191283,0.576755497525572,0.02106761932373047,0.0011034986490841745,1.0,0.1,7,5,600,0.0,1.0,0.8,"{'clf__colsample_bytree': 1.0, 'clf__learning_rate': 0.1, 'clf__max_depth': 7, 'clf__min_child_weight': 5, 'clf__n_estimators': 600, 'clf__reg_alpha': 0.0, 'clf__reg_lambda': 1.0, 'clf__subsample': 0.8}",0.8293717837037147,0.8173492765904026,0.8044242237860068,0.7989924680869478,0.8447979543930247,0.8189871413120192,0.016664855202486156,814,1.0,1.0,1.0,1.0,1.0,1.0,0.0
26.897228813171388,0.7803705796515996,0.022095727920532226,0.000745445576408211,1.0,0.1,7,5,600,0.0,1.0,1.0,"{'clf__colsample_bytree': 1.0, 'clf__learning_rate': 0.1, 'clf__max_depth': 7, 'clf__min_child_weight': 5, 'clf__n_estimators': 600, 'clf__reg_alpha': 0.0, 'clf__reg_lambda': 1.0, 'clf__subsample': 1.0}",0.8315096872082167,0.836110247150258,0.7922992174545217,0.8078508254506532,0.8472632586071012,0.8230066471741502,0.020025156141535088,339,1.0,1.0,1.0,1.0,1.0,1.0,0.0
35.099052047729494,0.3275430020168307,0.02279658317565918,0.0012752145407011477,1.0,0.1,7,5,600,0.0,10.0,0.8,"{'clf__colsample_bytree': 1.0, 'clf__learning_rate': 0.1, 'clf__max_depth': 7, 'clf__min_child_weight': 5, 'clf__n_estimators': 600, 'clf__reg_alpha': 0.0, 'clf__reg_lambda': 10.0, 'clf__subsample': 0.8}",0.8201874126670567,0.8380186766733,0.7965288663739064,0.8111438620671558,0.8434671588502832,0.8218691953263404,0.01724686182474112,458,1.0,1.0,1.0,1.0,1.0,1.0,0.0
38.69224138259888,0.6639893980101051,0.024626636505126955,0.0018669333403720423,1.0,0.1,7,5,600,0.0,10.0,1.0,"{'clf__colsample_bytree': 1.0, 'clf__learning_rate': 0.1, 'clf__max_depth': 7, 'clf__min_child_weight': 5, 'clf__n_estimators': 600, 'clf__reg_alpha': 0.0, 'clf__reg_lambda': 10.0, 'clf__subsample': 1.0}",0.836035738007281,0.8399180809416007,0.7922314277823804,0.7998271446862997,0.838322838650834,0.8212670460136792,0.020782742478159862,534,1.0,1.0,1.0,1.0,1.0,1.0,0.0
25.865739011764525,0.33887594348252936,0.02122945785522461,0.0012650256275188352,1.0,0.1,7,5,600,0.1,1.0,0.8,"{'clf__colsample_bytree': 1.0, 'clf__learning_rate': 0.1, 'clf__max_depth': 7, 'clf__min_child_weight': 5, 'clf__n_estimators': 600, 'clf__reg_alpha': 0.1, 'clf__reg_lambda': 1.0, 'clf__subsample': 0.8}",0.8302888424661745,0.8130076944698194,0.8043659314016811,0.8154666828498603,0.8543596340766153,0.8234977570528301,0.0175450312802094,289,1.0,1.0,1.0,1.0,1.0,1.0,0.0
27.749887704849243,0.4892417551045968,0.02061467170715332,0.0008737720194781265,1.0,0.1,7,5,600,0.1,1.0,1.0,"{'clf__colsample_bytree': 1.0, 'clf__learning_rate': 0.1, 'clf__max_depth': 7, 'clf__min_child_weight': 5, 'clf__n_estimators': 600, 'clf__reg_alpha': 0.1, 'clf__reg_lambda': 1.0, 'clf__subsample': 1.0}",0.8288296680086121,0.825084653934715,0.7897949171313657,0.8107541156265367,0.8429158324612076,0.8194758374324873,0.0180300404721169,762,1.0,1.0,1.0,1.0,1.0,1.0,0.0
35.66345338821411,0.47663773618734145,0.01965055465698242,0.0037923672066726317,1.0,0.1,7,5,600,0.1,10.0,0.8,"{'clf__colsample_bytree': 1.0, 'clf__learning_rate': 0.1, 'clf__max_depth': 7, 'clf__min_child_weight': 5, 'clf__n_estimators': 600, 'clf__reg_alpha': 0.1, 'clf__reg_lambda': 10.0, 'clf__subsample': 0.8}",0.8151748329828609,0.8284000438889623,0.8024730532625268,0.8103917801264827,0.8425807735207235,0.8198040967563113,0.014163715385064902,715,1.0,1.0,1.0,1.0,1.0,1.0,0.0
38.01829934120178,0.8105808576653455,0.01633000373840332,0.002979738072433297,1.0,0.1,7,5,600,0.1,10.0,1.0,"{'clf__colsample_bytree': 1.0, 'clf__learning_rate': 0.1, 'clf__max_depth': 7, 'clf__min_child_weight': 5, 'clf__n_estimators': 600, 'clf__reg_alpha': 0.1, 'clf__reg_lambda': 10.0, 'clf__subsample': 1.0}",0.8375436919895418,0.8365004997186458,0.7782954494998036,0.7968094217657811,0.8490997895453938,0.8196497705038333,0.027215085959577976,733,1.0,1.0,1.0,1.0,1.0,1.0,0.0
29.63549108505249,0.4209674699042014,0.025316953659057617,0.0018975658832383483,1.0,0.1,7,5,1000,0.0,1.0,0.8,"{'clf__colsample_bytree': 1.0, 'clf__learning_rate': 0.1, 'clf__max_depth': 7, 'clf__min_child_weight': 5, 'clf__n_estimators': 1000, 'clf__reg_alpha': 0.0, 'clf__reg_lambda': 1.0, 'clf__subsample': 0.8}",0.8293717837037147,0.8157523406096716,0.8044242237860068,0.8153935690567341,0.8432211790235254,0.8216326192359305,0.013383518806232527,487,1.0,1.0,1.0,1.0,1.0,1.0,0.0
31.215146207809447,0.16200489358573583,0.018628549575805665,0.004596198035135136,1.0,0.1,7,5,1000,0.0,1.0,1.0,"{'clf__colsample_bytree': 1.0, 'clf__learning_rate': 0.1, 'clf__max_depth': 7, 'clf__min_child_weight': 5, 'clf__n_estimators': 1000, 'clf__reg_alpha': 0.0, 'clf__reg_lambda': 1.0, 'clf__subsample': 1.0}",0.8315337207506973,0.8387734940634624,0.7992420670006877,0.8086960539363501,0.8345902529991336,0.8225671177500662,0.01564651263115822,379,1.0,1.0,1.0,1.0,1.0,1.0,0.0
36.262737083435056,1.1007034343763331,0.010820674896240234,0.0004884139314701666,1.0,0.1,7,5,1000,0.0,10.0,0.8,"{'clf__colsample_bytree': 1.0, 'clf__learning_rate': 0.1, 'clf__max_depth': 7, 'clf__min_child_weight': 5, 'clf__n_estimators': 1000, 'clf__reg_alpha': 0.0, 'clf__reg_lambda': 10.0, 'clf__subsample': 0.8}",0.8201874126670567,0.8227242524916945,0.8041216063516338,0.8094478085308753,0.8474566897177634,0.8207875539518048,0.014977966543709084,599,1.0,1.0,1.0,1.0,1.0,1.0,0.0
35.335113525390625,2.0523534410519786,0.009094762802124023,0.0003899393231393497,1.0,0.1,7,5,1000,0.0,10.0,1.0,"{'clf__colsample_bytree': 1.0, 'clf__learning_rate': 0.1, 'clf__max_depth': 7, 'clf__min_child_weight': 5, 'clf__n_estimators': 1000, 'clf__reg_alpha': 0.0, 'clf__reg_lambda': 10.0, 'clf__subsample': 1.0}",0.8409269640772821,0.8294582461975191,0.7961969597826309,0.7981800261047193,0.838322838650834,0.8206170069625971,0.019513662697044805,619,1.0,1.0,1.0,1.0,1.0,1.0,0.0
26.035039043426515,1.4095416161824033,0.011603546142578126,0.002363263830663092,1.0,0.1,7,5,1000,0.1,1.0,0.8,"{'clf__colsample_bytree': 1.0, 'clf__learning_rate': 0.1, 'clf__max_depth': 7, 'clf__min_child_weight': 5, 'clf__n_estimators': 1000, 'clf__reg_alpha': 0.1, 'clf__reg_lambda': 1.0, 'clf__subsample': 0.8}",0.8347896135053474,0.8130076944698194,0.807007442726334,0.8236549852982777,0.8482291918546236,0.8253377855708803,0.01486080728000146,147,1.0,1.0,1.0,1.0,1.0,1.0,0.0
25.588666343688963,0.4288221822702008,0.008789825439453124,0.0006423096772836731,1.0,0.1,7,5,1000,0.1,1.0,1.0,"{'clf__colsample_bytree': 1.0, 'clf__learning_rate': 0.1, 'clf__max_depth': 7, 'clf__min_child_weight': 5, 'clf__n_estimators': 1000, 'clf__reg_alpha': 0.1, 'clf__reg_lambda': 1.0, 'clf__subsample': 1.0}",0.8240759141494436,0.8204832393974965,0.7834086919942288,0.8064886125556052,0.834759527484542,0.8138431971162632,0.017701076529610806,1147,1.0,1.0,1.0,1.0,1.0,1.0,0.0
27.204493856430055,0.49048465228632954,0.008297014236450195,9.739816544637465e-05,1.0,0.1,7,5,1000,0.1,10.0,0.8,"{'clf__colsample_bytree': 1.0, 'clf__learning_rate': 0.1, 'clf__max_depth': 7, 'clf__min_child_weight': 5, 'clf__n_estimators': 1000, 'clf__reg_alpha': 0.1, 'clf__reg_lambda': 10.0, 'clf__subsample': 0.8}",0.8151748329828609,0.828739043699793,0.8100542176270331,0.8138962406442983,0.8270197644975847,0.818976819890314,0.007481579949852568,815,1.0,1.0,1.0,1.0,1.0,1.0,0.0
25.82971534729004,0.9996649764421215,0.008306312561035156,0.00015893536851875855,1.0,0.1,7,5,1000,0.1,10.0,1.0,"{'clf__colsample_bytree': 1.0, 'clf__learning_rate': 0.1, 'clf__max_depth': 7, 'clf__min_child_weight': 5, 'clf__n_estimators': 1000, 'clf__reg_alpha': 0.1, 'clf__reg_lambda': 10.0, 'clf__subsample': 1.0}",0.8370577539528938,0.8387588331380278,0.7907442985448144,0.7952042053723534,0.8411873379104102,0.8205904857837,0.02263072340821371,623,1.0,1.0,1.0,1.0,1.0,1.0,0.0
