mean_fit_time,std_fit_time,mean_score_time,std_score_time,param_clf__n_neighbors,param_clf__p,param_clf__weights,params,split0_test_score,split1_test_score,split2_test_score,split3_test_score,split4_test_score,mean_test_score,std_test_score,rank_test_score,split0_train_score,split1_train_score,split2_train_score,split3_train_score,split4_train_score,mean_train_score,std_train_score,param_clf__leaf_size
0.0034113407135009,5.528441046312191e-05,0.1337584495544433,0.0031855796391502,3,1,uniform,"{'clf__n_neighbors': 3, 'clf__p': 1, 'clf__weights': 'uniform'}",0.7501708401268564,0.711454494615967,0.7008833540673164,0.6912728334462246,0.7407183399972903,0.718899972450731,0.0227912299595716,8,0.8377484094803266,0.8254558125679596,0.8407639497068762,0.8356579181186179,0.8334345468744773,0.8346121273496514,0.0051768650437776,
0.0036573410034179,0.0001448673350644,0.1302053451538086,0.0028866944910659,3,1,distance,"{'clf__n_neighbors': 3, 'clf__p': 1, 'clf__weights': 'distance'}",0.7538853864205167,0.7521476894792318,0.7225995599277621,0.7117244856161578,0.734586715773345,0.7349887674434028,0.016409702809901,1,1.0,1.0,1.0,1.0,1.0,1.0,0.0,
0.0035934925079345,0.0001544080446988,0.0398506164550781,0.0068698800846598,3,2,uniform,"{'clf__n_neighbors': 3, 'clf__p': 2, 'clf__weights': 'uniform'}",0.7501851798776235,0.6690742051337695,0.6932565052626237,0.6760297801020716,0.7354925570456902,0.7048076454843557,0.0323702257045297,19,0.8167323229171985,0.8155765430335894,0.8247535133587276,0.8231139369150604,0.8078092704907525,0.8175971173430657,0.0060379108649662,
0.0042282581329345,0.0010823756326353,0.0274727344512939,0.0049380753686064,3,2,distance,"{'clf__n_neighbors': 3, 'clf__p': 2, 'clf__weights': 'distance'}",0.7503142459844203,0.6956270853329677,0.6791185269927166,0.6656519485806929,0.7201732995024149,0.7021770212786425,0.0301653284003307,23,1.0,1.0,1.0,1.0,1.0,1.0,0.0,
0.0061408996582031,0.0016966704245497,0.1176703929901123,0.0062501105357344,5,1,uniform,"{'clf__n_neighbors': 5, 'clf__p': 1, 'clf__weights': 'uniform'}",0.7279588148854204,0.6955278227845508,0.7065187018906413,0.6856142184123836,0.7232908063045054,0.7077820728555002,0.0160673473463522,15,0.7813093199694727,0.7975795123701301,0.7876490646805907,0.796409453044016,0.7828040706124647,0.7891502841353348,0.006749166272341,
0.0066904067993164,0.001196066124917,0.1200883388519287,0.0046333640002961,5,1,distance,"{'clf__n_neighbors': 5, 'clf__p': 1, 'clf__weights': 'distance'}",0.7418193662403333,0.7260143627995942,0.7094352123384381,0.7166609406721473,0.7373369320737742,0.7262533628248574,0.0121660826824238,4,1.0,1.0,1.0,1.0,1.0,1.0,0.0,
0.0070387840270996,0.0015343320648129,0.0366730690002441,0.0015249794007462,5,2,uniform,"{'clf__n_neighbors': 5, 'clf__p': 2, 'clf__weights': 'uniform'}",0.7183677723239715,0.6507507861054754,0.695541798040502,0.6931646067768343,0.7390832357533177,0.6993816398000202,0.0295128641946716,24,0.7714669900484936,0.7999312486410073,0.7857489172671498,0.7887178004742822,0.7701827036615193,0.7832095320184904,0.0111713101701193,
0.0055707454681396,0.0004700258293503,0.0367991924285888,0.0026144556375681,5,2,distance,"{'clf__n_neighbors': 5, 'clf__p': 2, 'clf__weights': 'distance'}",0.7383231609666618,0.6903283850652272,0.699624234324824,0.675363816347286,0.7506729872270013,0.7108625167862,0.0287995410608972,13,1.0,1.0,1.0,1.0,1.0,1.0,0.0,
0.005561351776123,0.0005281354812766,0.1220622539520263,0.0023590612847102,7,1,uniform,"{'clf__n_neighbors': 7, 'clf__p': 1, 'clf__weights': 'uniform'}",0.7228680766181802,0.6747677443329617,0.7213157420310604,0.7029943918510162,0.7263831337020805,0.7096658177070598,0.0192451161563924,14,0.7677471366245298,0.7756307139997811,0.7682648413741441,0.7812959654326256,0.7571098966744688,0.7700097108211098,0.008167548423982,
0.0048574447631835,0.000302590528697,0.1181668281555175,0.0096855554074236,7,1,distance,"{'clf__n_neighbors': 7, 'clf__p': 1, 'clf__weights': 'distance'}",0.7422877738949905,0.7079851243871568,0.7402223305119194,0.7216792775444009,0.7389182769279632,0.7302185566532862,0.0133317022703911,2,1.0,1.0,1.0,1.0,1.0,1.0,0.0,
0.0050986766815185,0.0003158629443914,0.0146856784820556,0.0003142724572811,7,2,uniform,"{'clf__n_neighbors': 7, 'clf__p': 2, 'clf__weights': 'uniform'}",0.7130102671569128,0.6570305606260962,0.706447993858093,0.6745976378792016,0.7395290602083353,0.6981231039457277,0.0291459407282506,27,0.7657706260592566,0.7803519994241305,0.7618535293798087,0.7660496774467362,0.7525670707508071,0.7653185806121477,0.0089593539123184,
0.0049203395843505,0.000155530700348,0.0149454593658447,0.0006654321467987,7,2,distance,"{'clf__n_neighbors': 7, 'clf__p': 2, 'clf__weights': 'distance'}",0.7195832639235937,0.6689236256936628,0.7242427229661271,0.6740889298931816,0.7339567371123369,0.7041590559177805,0.0271105503503775,21,1.0,1.0,1.0,1.0,1.0,1.0,0.0,
0.0049010276794433,4.076346970707555e-05,0.0978266716003418,0.0006621716147909,9,1,uniform,"{'clf__n_neighbors': 9, 'clf__p': 1, 'clf__weights': 'uniform'}",0.7420271941776827,0.6969816007747042,0.7123494069450746,0.6864147426647427,0.7344309823135452,0.7144407853751499,0.0212380506869725,9,0.7595677349653323,0.7610056890299435,0.7606608957568108,0.7706525708995949,0.7417210279644277,0.7587215837232218,0.0093921391732766,
0.0047949790954589,0.0005783687724234,0.0958310604095458,0.0024517507075661,9,1,distance,"{'clf__n_neighbors': 9, 'clf__p': 1, 'clf__weights': 'distance'}",0.7513194039552393,0.7184301823277796,0.7361526266999101,0.6919924556777743,0.7355742416746334,0.7266937820670674,0.0202347359352005,3,1.0,1.0,1.0,1.0,1.0,1.0,0.0,
0.0045238494873046,0.0005178927167894,0.0157651901245117,0.0066807672121211,9,2,uniform,"{'clf__n_neighbors': 9, 'clf__p': 2, 'clf__weights': 'uniform'}",0.7082300807432049,0.6825563928754468,0.7339898057147494,0.6522044436197776,0.7133714815151656,0.6980704408936689,0.028184805434713,28,0.7562053811997704,0.7548343189532284,0.7567806835944532,0.7467605950500417,0.7320000337168948,0.7493162025028777,0.0093809349333792,
0.0045520305633544,0.0001544711453288,0.0170206546783447,0.0053344591573835,9,2,distance,"{'clf__n_neighbors': 9, 'clf__p': 2, 'clf__weights': 'distance'}",0.736273854201138,0.6949359266856079,0.7347926828714599,0.671957671957672,0.7280257238603977,0.7131971719152551,0.0255066844010026,10,1.0,1.0,1.0,1.0,1.0,1.0,0.0,
0.0047861576080322,0.0003381396359026,0.0961744785308837,0.0011926645529511,11,1,uniform,"{'clf__n_neighbors': 11, 'clf__p': 1, 'clf__weights': 'uniform'}",0.7203771205935908,0.694675925925926,0.7223538972451501,0.6819425250053784,0.7364224392963296,0.711154381613275,0.0198687436547057,12,0.7393158465277354,0.7547700463803735,0.7490991857925244,0.7629415660600396,0.7358673959105266,0.7483988081342398,0.0099208013548049,
0.0043755531311035,0.0001642722072972,0.0976707935333252,0.0002589679734422,11,1,distance,"{'clf__n_neighbors': 11, 'clf__p': 1, 'clf__weights': 'distance'}",0.7320039195039195,0.7032155327571896,0.724889509828676,0.6998267028330319,0.7354703813577419,0.7190812092561117,0.0147769649538176,7,1.0,1.0,1.0,1.0,1.0,1.0,0.0,
0.0045287609100341,0.0002028926138809,0.0146469116210937,0.0005119204919533,11,2,uniform,"{'clf__n_neighbors': 11, 'clf__p': 2, 'clf__weights': 'uniform'}",0.6983206380747364,0.6673039671283745,0.7240577810509949,0.6713790396533056,0.7299890412604051,0.6982100934335633,0.0258963734542832,26,0.7334302643048041,0.7438362685509735,0.7513523454173558,0.7430430489837841,0.7229765363371815,0.7389276927188198,0.0097986057951683,
0.0044600963592529,0.0002665126443966,0.0146685600280761,0.0001405733896448,11,2,distance,"{'clf__n_neighbors': 11, 'clf__p': 2, 'clf__weights': 'distance'}",0.7113082039911308,0.6855842404954898,0.7348781206882096,0.6942053512360116,0.7395920323092452,0.7131135897440173,0.0214170432092785,11,1.0,1.0,1.0,1.0,1.0,1.0,0.0,
0.0045478343963623,0.0004086408202464,0.098417854309082,0.0010322623576968,13,1,uniform,"{'clf__n_neighbors': 13, 'clf__p': 1, 'clf__weights': 'uniform'}",0.7292509259347875,0.6791895289844709,0.7100675309225144,0.668942456914155,0.7362131893405329,0.7047327264192921,0.0266609081568856,20,0.7296409563721371,0.7463501899057792,0.7409119492768216,0.7551069881061172,0.7245887410561737,0.7393197649434058,0.0110623753454478,
0.0042894840240478,0.0002089798674023,0.0978455066680908,0.0002972482676397,13,1,distance,"{'clf__n_neighbors': 13, 'clf__p': 1, 'clf__weights': 'distance'}",0.7353578259064557,0.7016784750337381,0.7329878980135082,0.6990227855308423,0.7405312090206114,0.7219156387010311,0.0177957989482927,5,1.0,1.0,1.0,1.0,1.0,1.0,0.0,
0.0045045852661132,0.0002111185734558,0.0152109146118164,0.0002219333222566,13,2,uniform,"{'clf__n_neighbors': 13, 'clf__p': 2, 'clf__weights': 'uniform'}",0.6859903068629484,0.683840227463444,0.7040857051632913,0.6737005913476501,0.7453047802389449,0.6985843222152558,0.0253308666528416,25,0.7230703074804197,0.7346571483330993,0.7282935347792363,0.7423372140531316,0.7161099225214773,0.7288936254334729,0.0090735050791516,
0.0047296524047851,0.000239524403505,0.0148916721343994,0.0006024181717483,13,2,distance,"{'clf__n_neighbors': 13, 'clf__p': 2, 'clf__weights': 'distance'}",0.6965245775729647,0.6980092671334714,0.712675686122033,0.6894288473477271,0.742104124451199,0.7077485005254791,0.0187671247626773,16,1.0,1.0,1.0,1.0,1.0,1.0,0.0,
0.004425573348999,0.0002655117075252,0.1057746887207031,0.011803174432429,15,1,uniform,"{'clf__n_neighbors': 15, 'clf__p': 1, 'clf__weights': 'uniform'}",0.7019317092353802,0.677506539910177,0.7087051839760213,0.6667884311214883,0.7303808746742544,0.6970625477834641,0.0226642017338428,29,0.7265678240861115,0.7333407147070139,0.7356680658400171,0.7447755351025135,0.7210424367555148,0.7322789152982342,0.0080951130787189,
0.0044038772583007,0.0001983698399381,0.1006866455078125,0.0025482488988286,15,1,distance,"{'clf__n_neighbors': 15, 'clf__p': 1, 'clf__weights': 'distance'}",0.743577278717893,0.7191554690290908,0.7187062596376689,0.6755418450050086,0.7436970837390771,0.7201355872257477,0.0248847843962681,6,1.0,1.0,1.0,1.0,1.0,1.0,0.0,
0.0048319816589355,0.0007163394728613,0.014744234085083,0.0002004844465508,15,2,uniform,"{'clf__n_neighbors': 15, 'clf__p': 2, 'clf__weights': 'uniform'}",0.6914692944569387,0.6809381316080422,0.691458122590198,0.6777823197947008,0.718087811012664,0.6919471358925087,0.0141819783711935,31,0.714252757379494,0.7332467084509312,0.7173435931590524,0.7421280737637321,0.7026221748605341,0.7219186615227488,0.0140626933743447,
0.004680061340332,0.0001921638720621,0.0148266315460205,0.0025456719794658,15,2,distance,"{'clf__n_neighbors': 15, 'clf__p': 2, 'clf__weights': 'distance'}",0.7084110593020663,0.6954649696135764,0.7112853374186399,0.6920354750917878,0.7311827384501803,0.7076759159752501,0.0138554658082043,17,1.0,1.0,1.0,1.0,1.0,1.0,0.0,
0.0046083450317382,0.000303069512789,0.1042592525482177,0.0067778410007383,17,1,uniform,"{'clf__n_neighbors': 17, 'clf__p': 1, 'clf__weights': 'uniform'}",0.6970245735711247,0.666811161458324,0.698092548487275,0.6607595729936155,0.7328026526377052,0.691098101829609,0.0258209090234474,32,0.7203644819559145,0.7292827567125761,0.7353327292403881,0.7362664567964369,0.7049990156635411,0.7252490880737713,0.0116039435105666,
0.0047478199005126,0.0004979549827853,0.1029503345489502,0.0042977308494241,17,1,distance,"{'clf__n_neighbors': 17, 'clf__p': 1, 'clf__weights': 'distance'}",0.7021126315880112,0.7082312227102864,0.7189186200796108,0.6668165175746453,0.7398031579464914,0.707176429979809,0.0239084067949385,18,1.0,1.0,1.0,1.0,1.0,1.0,0.0,
0.0047081470489501,0.0001457809500218,0.0157155513763427,0.0005910058202286,17,2,uniform,"{'clf__n_neighbors': 17, 'clf__p': 2, 'clf__weights': 'uniform'}",0.6804642983127462,0.6487334338791209,0.6807925152652937,0.6831324422183537,0.7165136883691282,0.6819272756089285,0.021461274363679,38,0.7088436654084982,0.7274700156602526,0.7138633850366388,0.727855960076173,0.6893048845149483,0.7134675821393023,0.0142018786540075,
0.0045966148376464,0.000191123364085,0.0168253898620605,0.0043932675698775,17,2,distance,"{'clf__n_neighbors': 17, 'clf__p': 2, 'clf__weights': 'distance'}",0.6942410368639877,0.6593228200371059,0.7003974719534098,0.6926742919389978,0.7246195215953279,0.6942510284777658,0.0208925349560551,30,1.0,1.0,1.0,1.0,1.0,1.0,0.0,
0.0048107624053955,0.0002739763903477,0.1017494678497314,0.0035476239756646,19,1,uniform,"{'clf__n_neighbors': 19, 'clf__p': 1, 'clf__weights': 'uniform'}",0.6992780905561893,0.6451585317606199,0.688658586223124,0.6810217778820123,0.7226582571753652,0.6873550487194622,0.0253409985079637,35,0.7196187348822323,0.721991317312012,0.7200524076667435,0.7325118995111887,0.7004061088382519,0.7189160936420856,0.0103798592433958,
0.00480318069458,0.000761573298511,0.1010434627532959,0.0045239668092762,19,1,distance,"{'clf__n_neighbors': 19, 'clf__p': 1, 'clf__weights': 'distance'}",0.7054844214830865,0.687906601764661,0.7093496530191821,0.6857482979947636,0.7298150751334678,0.7036608098790321,0.0160548263264977,22,1.0,1.0,1.0,1.0,1.0,1.0,0.0,
0.0047435760498046,0.0002644267345125,0.0158301353454589,0.0007209200148423,19,2,uniform,"{'clf__n_neighbors': 19, 'clf__p': 2, 'clf__weights': 'uniform'}",0.6559426229508196,0.6529497444910979,0.6782453240895276,0.6780170800068805,0.6900951976715983,0.6710499938419849,0.0142750449226566,47,0.6977491936280291,0.7043353432326003,0.7086609896613565,0.7141104151900213,0.6916394860192832,0.7032990855462581,0.0079177806970335,
0.0044929981231689,0.0001809997476588,0.0161212921142578,0.0009236383339518,19,2,distance,"{'clf__n_neighbors': 19, 'clf__p': 2, 'clf__weights': 'distance'}",0.683171253759489,0.6460694494337903,0.6888028844687879,0.6842081119423536,0.7071332255004549,0.6818769850209752,0.019875284427837,39,1.0,1.0,1.0,1.0,1.0,1.0,0.0,
0.0045698165893554,0.0002277513939841,0.1020148277282714,0.0030042556844052,21,1,uniform,"{'clf__n_neighbors': 21, 'clf__p': 1, 'clf__weights': 'uniform'}",0.7021126315880112,0.6340905212582179,0.7090076489533012,0.6733701803355776,0.7289227044871475,0.689500737324451,0.0329367815260254,34,0.7132746189246763,0.7060124768425485,0.7093058932745943,0.722178304628575,0.6890106501678954,0.7079563887676578,0.0109095135531826,
0.0044557571411132,0.0003846002336785,0.0993254661560058,0.0020393826750843,21,1,distance,"{'clf__n_neighbors': 21, 'clf__p': 1, 'clf__weights': 'distance'}",0.7052141999013896,0.6370197308412412,0.7124961885061829,0.6699175548217938,0.7293818763009218,0.6908059100743058,0.0331525221549043,33,1.0,1.0,1.0,1.0,1.0,1.0,0.0,
0.0045708179473876,0.0002233881373053,0.0194205284118652,0.0098096137238385,21,2,uniform,"{'clf__n_neighbors': 21, 'clf__p': 2, 'clf__weights': 'uniform'}",0.6408691115086464,0.6303398850724826,0.6660873784513951,0.6784540897346999,0.692520172382175,0.6616541274298798,0.0230963366806252,53,0.6925094944923588,0.6937909622010828,0.700747878902046,0.7109536700037629,0.6823740823329751,0.6960752175864451,0.0094747603788996,
0.0047315597534179,0.0001028274317586,0.018377685546875,0.0036416458822187,21,2,distance,"{'clf__n_neighbors': 21, 'clf__p': 2, 'clf__weights': 'distance'}",0.6644722235485103,0.6367639842291399,0.665181356351242,0.6868191856777375,0.7075616496182549,0.6721596798849769,0.0237859194748115,46,1.0,1.0,1.0,1.0,1.0,1.0,0.0,
0.0048748970031738,0.0003530686441687,0.1028972148895263,0.0024949384150213,23,1,uniform,"{'clf__n_neighbors': 23, 'clf__p': 1, 'clf__weights': 'uniform'}",0.6997718127067886,0.6300038274834483,0.692753216282628,0.6738547228969812,0.7127700037044999,0.6818307166148692,0.0288030079207524,40,0.7020911283389228,0.7054956263769808,0.6958247180307611,0.7140143338543122,0.6794963250507329,0.699384426330342,0.0115491583383319,
0.0047170639038085,0.0001206694253728,0.1008886814117431,0.0029287607549809,23,1,distance,"{'clf__n_neighbors': 23, 'clf__p': 1, 'clf__weights': 'distance'}",0.6997718127067886,0.6429448665443738,0.7013558329388653,0.6662679197852975,0.7199064655487659,0.6860493795048181,0.0276340375308806,36,1.0,1.0,1.0,1.0,1.0,1.0,0.0,
0.0045867443084716,0.000152349539206,0.0190032482147216,0.0060916333964363,23,2,uniform,"{'clf__n_neighbors': 23, 'clf__p': 2, 'clf__weights': 'uniform'}",0.6534020954752662,0.6451126251015248,0.6646902377972466,0.6903806232087056,0.6858322631366962,0.6678835689438879,0.0177014089548129,50,0.6812050372896571,0.6988873581279891,0.693457142546655,0.7030431358688166,0.6754474304592882,0.6904080208584812,0.0104819521710817,
0.004294729232788,0.0005098454209813,0.0153409957885742,0.0029258588472876,23,2,distance,"{'clf__n_neighbors': 23, 'clf__p': 2, 'clf__weights': 'distance'}",0.6689464436780113,0.6548762929185573,0.6696884856413553,0.6866235577532649,0.6960052246603969,0.6752280009303171,0.0144629730787372,44,1.0,1.0,1.0,1.0,1.0,1.0,0.0,
0.0042029857635498,0.0004210940709719,0.0974373340606689,0.0022807937428416,25,1,uniform,"{'clf__n_neighbors': 25, 'clf__p': 1, 'clf__weights': 'uniform'}",0.6839549305811012,0.6332979067722884,0.6935419156258782,0.6749592840881324,0.7168048236200746,0.680511772137495,0.0274182595055739,41,0.6892063600772017,0.7010061599919271,0.6874147768488384,0.7047611387043087,0.6734204279030894,0.6911617727050732,0.0110857895389501,
0.0045037746429443,0.0002714036887261,0.0988738059997558,0.001206086898916,25,1,distance,"{'clf__n_neighbors': 25, 'clf__p': 1, 'clf__weights': 'distance'}",0.6884174275947488,0.6431683829138063,0.6935759551789537,0.6704562924418077,0.7203737944256743,0.6831983705109982,0.0256191546471486,37,1.0,1.0,1.0,1.0,1.0,1.0,0.0,
0.0042685985565185,6.972794182883026e-05,0.0155499935150146,0.0004119342807362,25,2,uniform,"{'clf__n_neighbors': 25, 'clf__p': 2, 'clf__weights': 'uniform'}",0.63744644994645,0.6245613262264511,0.6541267444598247,0.6742126742126742,0.6968497985717232,0.6574393986834246,0.0257921760114425,55,0.6674600604640745,0.691049896611513,0.6891168543483964,0.6961739339951577,0.6655233975188518,0.6818648285875987,0.012776913272547,
0.004305362701416,4.6472667840328894e-05,0.015665578842163,0.0005933396945295,25,2,distance,"{'clf__n_neighbors': 25, 'clf__p': 2, 'clf__weights': 'distance'}",0.6512194522389912,0.6310132850241545,0.6702110546070255,0.6737346703658541,0.704148950110479,0.6660654824693009,0.0243943185116992,51,1.0,1.0,1.0,1.0,1.0,1.0,0.0,
0.0042646408081054,5.555641987762275e-05,0.0979055404663085,0.0001725191698335,27,1,uniform,"{'clf__n_neighbors': 27, 'clf__p': 1, 'clf__weights': 'uniform'}",0.6744916243014908,0.616130815394996,0.7023056941213235,0.6708404065481188,0.6975824762459399,0.6722702033223739,0.0306641542356336,45,0.6898848754208274,0.7002573869214863,0.6840175817740333,0.7095826367101621,0.666918971893033,0.6901322905439085,0.0145405817147247,
0.0047538757324218,0.0006768226925883,0.0989198684692382,0.000698104614607,27,1,distance,"{'clf__n_neighbors': 27, 'clf__p': 1, 'clf__weights': 'distance'}",0.6754747095082522,0.615536338223069,0.7023056941213235,0.671330107977682,0.7131929678478293,0.6755679635356312,0.0339184650008738,43,1.0,1.0,1.0,1.0,1.0,1.0,0.0,
0.004522705078125,0.0002985972636217,0.0231266975402832,0.0168158927642355,27,2,uniform,"{'clf__n_neighbors': 27, 'clf__p': 2, 'clf__weights': 'uniform'}",0.6454900255954359,0.6211578504751493,0.6648091140617659,0.6764082014860807,0.6825067470231041,0.6580743877283071,0.0223589907619123,54,0.6633744936263892,0.6837218929350577,0.6841076351409104,0.6823502287110957,0.656184531158217,0.6739477563143341,0.0118041050371879,
0.0044579029083251,0.0001739984213333,0.0160512924194335,0.0003649513928552,27,2,distance,"{'clf__n_neighbors': 27, 'clf__p': 2, 'clf__weights': 'distance'}",0.6495758106548106,0.6370518520638737,0.687294940045556,0.6819688113785808,0.687707529776576,0.6687197887838794,0.0212153589025656,49,1.0,1.0,1.0,1.0,1.0,1.0,0.0,
0.0046907424926757,0.0001133445636228,0.1158736228942871,0.0271759588600879,29,1,uniform,"{'clf__n_neighbors': 29, 'clf__p': 1, 'clf__weights': 'uniform'}",0.6709524167801612,0.6111858847753442,0.6975808758451033,0.6621272402766416,0.70466335654775,0.6693019548450001,0.0331113402247366,48,0.6794005877471572,0.6964071752924292,0.6752931830640712,0.698372791275295,0.6660681122933094,0.6831083699344525,0.0124503490542559,
0.0046082973480224,0.0001753849980097,0.112100601196289,0.0158791712485078,29,1,distance,"{'clf__n_neighbors': 29, 'clf__p': 1, 'clf__weights': 'distance'}",0.6857658889526359,0.6134763619082275,0.7027815891939536,0.6712289480107396,0.7103585960364958,0.6767222768204105,0.0344165630668626,42,1.0,1.0,1.0,1.0,1.0,1.0,0.0,
0.0041738510131835,0.0003262145983594,0.0145691394805908,0.0024624001674762,29,2,uniform,"{'clf__n_neighbors': 29, 'clf__p': 2, 'clf__weights': 'uniform'}",0.6432005060088553,0.6123309024509273,0.6687547809776805,0.6596487008361868,0.6796919996032236,0.6527253779753746,0.0234713002662345,56,0.6540640315120365,0.6767348717683193,0.6729819123010903,0.6863604543979666,0.6457121791961672,0.667170689835116,0.0150049533009464,
0.0045217037200927,8.156990564488735e-05,0.0160487651824951,0.0003805713685062,29,2,distance,"{'clf__n_neighbors': 29, 'clf__p': 2, 'clf__weights': 'distance'}",0.650674193157391,0.6241350892789505,0.6712205345445822,0.6767779570497028,0.6887347619742716,0.6623085072009796,0.0227143269799284,52,1.0,1.0,1.0,1.0,1.0,1.0,0.0,
0.0041141510009765625,0.00014754254017628314,0.11164231300354004,0.0037920602839019695,1,1,uniform,"{'clf__leaf_size': 15, 'clf__n_neighbors': 1, 'clf__p': 1, 'clf__weights': 'uniform'}",0.7273553987228262,0.7412806818393286,0.6803290428538691,0.6867024118320832,0.6800884118503882,0.703151189419699,0.025934557283203274,67,1.0,1.0,1.0,1.0,1.0,1.0,0.0,15.0
0.0040241718292236325,0.0006053032115207684,0.10404977798461915,0.003366884797035328,1,1,distance,"{'clf__leaf_size': 15, 'clf__n_neighbors': 1, 'clf__p': 1, 'clf__weights': 'distance'}",0.7273553987228262,0.7412806818393286,0.6803290428538691,0.6867024118320832,0.6800884118503882,0.703151189419699,0.025934557283203274,67,1.0,1.0,1.0,1.0,1.0,1.0,0.0,15.0
0.003987407684326172,0.00037234539007024607,0.026267528533935547,0.0058943274069116645,1,2,uniform,"{'clf__leaf_size': 15, 'clf__n_neighbors': 1, 'clf__p': 2, 'clf__weights': 'uniform'}",0.7047224582271311,0.7017839974361714,0.6336042668789148,0.6576097707741778,0.7270613147750975,0.6849563616182985,0.03415133569166302,118,1.0,1.0,1.0,1.0,1.0,1.0,0.0,15.0
0.00360255241394043,0.0003397740771140664,0.03035874366760254,0.006038683196122194,1,2,distance,"{'clf__leaf_size': 15, 'clf__n_neighbors': 1, 'clf__p': 2, 'clf__weights': 'distance'}",0.7047224582271311,0.7017839974361714,0.6336042668789148,0.6576097707741778,0.7270613147750975,0.6849563616182985,0.03415133569166302,118,1.0,1.0,1.0,1.0,1.0,1.0,0.0,15.0
0.005019521713256836,0.0005097775181502766,5.91654143333435,0.05656642809148316,1,3,uniform,"{'clf__leaf_size': 15, 'clf__n_neighbors': 1, 'clf__p': 3, 'clf__weights': 'uniform'}",0.6998144844747298,0.6403174591817692,0.6383002645502645,0.6128857226395573,0.6906798189433372,0.6563995499579317,0.03328562550021812,229,1.0,1.0,1.0,1.0,1.0,1.0,0.0,15.0
0.005049467086791992,0.0007894923435110577,5.9301080226898195,0.014314902018293212,1,3,distance,"{'clf__leaf_size': 15, 'clf__n_neighbors': 1, 'clf__p': 3, 'clf__weights': 'distance'}",0.6998144844747298,0.6403174591817692,0.6383002645502645,0.6128857226395573,0.6906798189433372,0.6563995499579317,0.03328562550021812,229,1.0,1.0,1.0,1.0,1.0,1.0,0.0,15.0
0.005981826782226562,0.0007476650268028848,5.940827131271362,0.016883279292058746,1,4,uniform,"{'clf__leaf_size': 15, 'clf__n_neighbors': 1, 'clf__p': 4, 'clf__weights': 'uniform'}",0.6599079510038414,0.6296589987465899,0.6072145435094888,0.6041820564756345,0.6517014390338243,0.6305329977538758,0.022582635247118163,391,1.0,1.0,1.0,1.0,1.0,1.0,0.0,15.0
0.005779647827148437,0.0005006191717440884,5.9560504913330075,0.02481379601415072,1,4,distance,"{'clf__leaf_size': 15, 'clf__n_neighbors': 1, 'clf__p': 4, 'clf__weights': 'distance'}",0.6599079510038414,0.6296589987465899,0.6072145435094888,0.6041820564756345,0.6517014390338243,0.6305329977538758,0.022582635247118163,391,1.0,1.0,1.0,1.0,1.0,1.0,0.0,15.0
0.005052709579467773,0.00042989832024430016,5.925159740447998,0.024549305933115835,1,5,uniform,"{'clf__leaf_size': 15, 'clf__n_neighbors': 1, 'clf__p': 5, 'clf__weights': 'uniform'}",0.6288499321977727,0.5916217065598797,0.5900830636301995,0.5870384883315918,0.6341312045020107,0.6063448790442909,0.0206519368137832,553,1.0,1.0,1.0,1.0,1.0,1.0,0.0,15.0
0.005109214782714843,0.00084101160186857,5.89909348487854,0.019900534603160838,1,5,distance,"{'clf__leaf_size': 15, 'clf__n_neighbors': 1, 'clf__p': 5, 'clf__weights': 'distance'}",0.6288499321977727,0.5916217065598797,0.5900830636301995,0.5870384883315918,0.6341312045020107,0.6063448790442909,0.0206519368137832,553,1.0,1.0,1.0,1.0,1.0,1.0,0.0,15.0
0.004163885116577148,0.00012223314809045542,0.08823127746582031,0.0005580532929718983,3,1,uniform,"{'clf__leaf_size': 15, 'clf__n_neighbors': 3, 'clf__p': 1, 'clf__weights': 'uniform'}",0.7501708401268564,0.711454494615967,0.7008833540673164,0.6912728334462246,0.7407183399972903,0.718899972450731,0.022791229959571613,22,0.8377484094803266,0.8254558125679596,0.8407639497068762,0.8356579181186179,0.8334345468744773,0.8346121273496514,0.005176865043777693,15.0
0.004382944107055664,0.00010849723057388434,0.09188327789306641,0.0019102358697224773,3,1,distance,"{'clf__leaf_size': 15, 'clf__n_neighbors': 3, 'clf__p': 1, 'clf__weights': 'distance'}",0.7538853864205167,0.7521476894792318,0.7225995599277621,0.7117244856161578,0.734586715773345,0.7349887674434028,0.016409702809901026,1,1.0,1.0,1.0,1.0,1.0,1.0,0.0,15.0
0.004601430892944336,0.0001314892967642148,0.010453224182128906,0.0004197367041389879,3,2,uniform,"{'clf__leaf_size': 15, 'clf__n_neighbors': 3, 'clf__p': 2, 'clf__weights': 'uniform'}",0.7501851798776235,0.6690742051337695,0.6932565052626237,0.6760297801020716,0.7354925570456902,0.7048076454843557,0.03237022570452977,55,0.8167323229171985,0.8155765430335894,0.8247535133587276,0.8231139369150604,0.8078092704907525,0.8175971173430657,0.006037910864966292,15.0
0.004482936859130859,0.000247341294381921,0.012492132186889649,0.0018473707708168824,3,2,distance,"{'clf__leaf_size': 15, 'clf__n_neighbors': 3, 'clf__p': 2, 'clf__weights': 'distance'}",0.7503142459844203,0.6956270853329677,0.6791185269927166,0.6656519485806929,0.7201732995024149,0.7021770212786425,0.03016532840033073,73,1.0,1.0,1.0,1.0,1.0,1.0,0.0,15.0
0.004250764846801758,0.00016304233221126752,5.873602342605591,0.03055443314204875,3,3,uniform,"{'clf__leaf_size': 15, 'clf__n_neighbors': 3, 'clf__p': 3, 'clf__weights': 'uniform'}",0.7196021455293958,0.6432882212770734,0.6263764439166577,0.6816191997358363,0.707736191433115,0.6757244403784156,0.035978011249001095,154,0.8032302130393374,0.8114505513029753,0.8111072747768544,0.8144766795505183,0.8123404440950832,0.8105210325529537,0.0038293899190557706,15.0
0.0047607421875,0.00036092604264026563,5.917237281799316,0.039234221594114736,3,3,distance,"{'clf__leaf_size': 15, 'clf__n_neighbors': 3, 'clf__p': 3, 'clf__weights': 'distance'}",0.7068240355346802,0.6552391238489892,0.6505374120397943,0.6770943432262837,0.694910761310904,0.6769211351921303,0.021835982052914597,148,1.0,1.0,1.0,1.0,1.0,1.0,0.0,15.0
0.003948783874511719,0.00016458776210820426,5.90051417350769,0.029031056525583736,3,4,uniform,"{'clf__leaf_size': 15, 'clf__n_neighbors': 3, 'clf__p': 4, 'clf__weights': 'uniform'}",0.6718773818453583,0.6063436265626668,0.6176965649980826,0.6387367951343627,0.6650229874719055,0.6399354712024752,0.02558939986742916,343,0.7939914772362298,0.798480560387222,0.797580694459016,0.8083751316421459,0.7934994710369008,0.798385466952303,0.005359667972050042,15.0
0.0038212299346923827,0.00011967402469196862,5.904320287704468,0.007082357185283182,3,4,distance,"{'clf__leaf_size': 15, 'clf__n_neighbors': 3, 'clf__p': 4, 'clf__weights': 'distance'}",0.6867247192687718,0.6476356768279966,0.6320374186275143,0.6517498375881234,0.6539009104798579,0.6544097125584528,0.01787736316636619,253,1.0,1.0,1.0,1.0,1.0,1.0,0.0,15.0
0.003837251663208008,0.00013195046595526134,5.901957845687866,0.025954490304534724,3,5,uniform,"{'clf__leaf_size': 15, 'clf__n_neighbors': 3, 'clf__p': 5, 'clf__weights': 'uniform'}",0.6387547810710159,0.5631651085156305,0.6107692584082648,0.6347000841541017,0.6497544583257603,0.6194287380949547,0.030876987731873976,472,0.7867073192911922,0.8001450083347894,0.7931651094348539,0.7971743851372557,0.793876253953177,0.7942136152302537,0.004505668393518801,15.0
0.0038672447204589843,0.0001858129601169744,5.921731042861938,0.014561480470010007,3,5,distance,"{'clf__leaf_size': 15, 'clf__n_neighbors': 3, 'clf__p': 5, 'clf__weights': 'distance'}",0.6587829614604462,0.595656786724244,0.6069999564551706,0.6301334995584645,0.6343293580352694,0.6251805124467189,0.022088644292260897,433,1.0,1.0,1.0,1.0,1.0,1.0,0.0,15.0
0.004963350296020508,0.0013024153100334405,0.10923376083374023,0.02852261765792865,5,1,uniform,"{'clf__leaf_size': 15, 'clf__n_neighbors': 5, 'clf__p': 1, 'clf__weights': 'uniform'}",0.7279588148854204,0.6955278227845508,0.7065187018906413,0.6856142184123836,0.7232908063045054,0.7077820728555002,0.016067347346352203,43,0.7813093199694727,0.7975795123701301,0.7876490646805907,0.796409453044016,0.7828040706124647,0.7891502841353348,0.00674916627234104,15.0
0.0047244071960449215,0.00035933761706546686,0.09394159317016601,0.0030371021595473227,5,1,distance,"{'clf__leaf_size': 15, 'clf__n_neighbors': 5, 'clf__p': 1, 'clf__weights': 'distance'}",0.7418193662403333,0.7260143627995942,0.7094352123384381,0.7166609406721473,0.7373369320737742,0.7262533628248574,0.012166082682423841,10,1.0,1.0,1.0,1.0,1.0,1.0,0.0,15.0
0.004641675949096679,0.001130073227039124,0.010879230499267579,0.0005325451875835539,5,2,uniform,"{'clf__leaf_size': 15, 'clf__n_neighbors': 5, 'clf__p': 2, 'clf__weights': 'uniform'}",0.7183677723239715,0.6507507861054754,0.695541798040502,0.6931646067768343,0.7390832357533177,0.6993816398000202,0.029512864194671695,76,0.7714669900484936,0.7999312486410073,0.7857489172671498,0.7887178004742822,0.7701827036615193,0.7832095320184904,0.011171310170119344,15.0
0.004370212554931641,0.0004126332052300163,0.011070585250854493,0.0005885771158104599,5,2,distance,"{'clf__leaf_size': 15, 'clf__n_neighbors': 5, 'clf__p': 2, 'clf__weights': 'distance'}",0.7383231609666618,0.6903283850652272,0.699624234324824,0.675363816347286,0.7506729872270013,0.7108625167862,0.028799541060897226,37,1.0,1.0,1.0,1.0,1.0,1.0,0.0,15.0
0.004801750183105469,0.0011736999937039614,5.931483030319214,0.026297783924672403,5,3,uniform,"{'clf__leaf_size': 15, 'clf__n_neighbors': 5, 'clf__p': 3, 'clf__weights': 'uniform'}",0.709452572145997,0.6326223287352447,0.6729115353037767,0.6723819583632668,0.7067475056192094,0.678823180033499,0.02803170762296455,145,0.7504566612786996,0.7655924352528879,0.7749437275619304,0.7633683752941404,0.750927361796658,0.7610577122368632,0.009313759495104853,15.0
0.004137563705444336,0.0007113514101006998,5.944951057434082,0.06497235955282024,5,3,distance,"{'clf__leaf_size': 15, 'clf__n_neighbors': 5, 'clf__p': 3, 'clf__weights': 'distance'}",0.7307277765067745,0.6669249667079947,0.6829062187505895,0.6643592696316587,0.7005010998964804,0.6890838662986996,0.024515522923617007,109,1.0,1.0,1.0,1.0,1.0,1.0,0.0,15.0
0.0045374870300292965,0.0008984346471114708,5.955594778060913,0.06475929576019836,5,4,uniform,"{'clf__leaf_size': 15, 'clf__n_neighbors': 5, 'clf__p': 4, 'clf__weights': 'uniform'}",0.6590575710487843,0.6389479348861116,0.6209702697642662,0.682949471042986,0.668056402804024,0.6539963299092344,0.021811744701703318,256,0.7334878229558259,0.7524070632074613,0.7557621914234915,0.7658496161400319,0.7267840214568297,0.746858143036728,0.014508511016908816,15.0
0.0038061618804931642,0.00032508921522434917,5.916786432266235,0.008694350492053074,5,4,distance,"{'clf__leaf_size': 15, 'clf__n_neighbors': 5, 'clf__p': 4, 'clf__weights': 'distance'}",0.6756904353253237,0.6501389158105576,0.6405559068805851,0.672150583951012,0.681688449277622,0.6640448582490202,0.015860167908765398,202,1.0,1.0,1.0,1.0,1.0,1.0,0.0,15.0
0.004003190994262695,0.0002547191885206988,5.9969395160675045,0.11658196331738079,5,5,uniform,"{'clf__leaf_size': 15, 'clf__n_neighbors': 5, 'clf__p': 5, 'clf__weights': 'uniform'}",0.6736589731321859,0.6157452987080937,0.6043417162547369,0.6706983521945473,0.6338152971250954,0.6396519274829318,0.028187812300553377,346,0.7318245244282928,0.7493958330081524,0.7385381257903519,0.738785552534249,0.7166421589666561,0.7350372389455405,0.010781241013104504,15.0
0.004017829895019531,0.00037488217445162463,5.928759813308716,0.030133554892158968,5,5,distance,"{'clf__leaf_size': 15, 'clf__n_neighbors': 5, 'clf__p': 5, 'clf__weights': 'distance'}",0.6822040278562017,0.6059759809438142,0.6374212232381439,0.6556212238432066,0.6373027266814014,0.6437050365125535,0.02501249835393597,322,1.0,1.0,1.0,1.0,1.0,1.0,0.0,15.0
0.004211711883544922,0.00030858148922482704,0.08854150772094727,0.0018766086931720593,7,1,uniform,"{'clf__leaf_size': 15, 'clf__n_neighbors': 7, 'clf__p': 1, 'clf__weights': 'uniform'}",0.7228680766181802,0.6747677443329617,0.7213157420310604,0.7029943918510162,0.7263831337020805,0.7096658177070598,0.019245116156392485,40,0.7677471366245298,0.7756307139997811,0.7682648413741441,0.7812959654326256,0.7571098966744688,0.7700097108211098,0.008167548423982039,15.0
0.004506587982177734,0.0006565089941993273,0.09206962585449219,0.00409570785118887,7,1,distance,"{'clf__leaf_size': 15, 'clf__n_neighbors': 7, 'clf__p': 1, 'clf__weights': 'distance'}",0.7422877738949905,0.7079851243871568,0.7402223305119194,0.7216792775444009,0.7389182769279632,0.7302185566532862,0.01333170227039114,4,1.0,1.0,1.0,1.0,1.0,1.0,0.0,15.0
0.004567384719848633,0.0011103635738161338,0.010987234115600587,0.0003997899363256332,7,2,uniform,"{'clf__leaf_size': 15, 'clf__n_neighbors': 7, 'clf__p': 2, 'clf__weights': 'uniform'}",0.7130102671569128,0.6570305606260962,0.706447993858093,0.6745976378792016,0.7395290602083353,0.6981231039457277,0.029145940728250656,85,0.7657706260592566,0.7803519994241305,0.7618535293798087,0.7660496774467362,0.7525670707508071,0.7653185806121477,0.00895935391231841,15.0
0.0043179988861083984,0.00040400054610269936,0.011108207702636718,0.00044639253631384543,7,2,distance,"{'clf__leaf_size': 15, 'clf__n_neighbors': 7, 'clf__p': 2, 'clf__weights': 'distance'}",0.7195832639235937,0.6689236256936628,0.7242427229661271,0.6740889298931816,0.7339567371123369,0.7041590559177805,0.027110550350377557,61,1.0,1.0,1.0,1.0,1.0,1.0,0.0,15.0
0.0042359352111816405,0.0006072564999198215,5.915797424316406,0.012473727690281796,7,3,uniform,"{'clf__leaf_size': 15, 'clf__n_neighbors': 7, 'clf__p': 3, 'clf__weights': 'uniform'}",0.708277354829079,0.6217427162854853,0.6563979233470759,0.7032374534453847,0.6778049053332215,0.6734920706480492,0.031886078106992836,166,0.7562851539591307,0.7510480747522204,0.7579589668309026,0.7596728168577598,0.7413461834139096,0.7532622391627846,0.006620992065922648,15.0
0.004140329360961914,0.0005495275151382769,5.933355665206909,0.027701663160412893,7,3,distance,"{'clf__leaf_size': 15, 'clf__n_neighbors': 7, 'clf__p': 3, 'clf__weights': 'distance'}",0.7088101807453475,0.6547688413285884,0.6693884997307763,0.6943188369985998,0.6889107544642004,0.6832394226535025,0.019032620223809905,124,1.0,1.0,1.0,1.0,1.0,1.0,0.0,15.0
0.003972768783569336,0.00032405300371416475,5.907471752166748,0.009121615565352658,7,4,uniform,"{'clf__leaf_size': 15, 'clf__n_neighbors': 7, 'clf__p': 4, 'clf__weights': 'uniform'}",0.6706355625119926,0.6209344764120475,0.6009420703170704,0.703802630355981,0.6507364931517879,0.649410246549776,0.03625144956033662,277,0.7182661325878071,0.7327864722971152,0.7490640359213564,0.7237706334802523,0.7129419655630208,0.7273658479699103,0.012680483424717488,15.0
0.0038210868835449217,0.0003417843684394723,5.909310626983642,0.021344687530205058,7,4,distance,"{'clf__leaf_size': 15, 'clf__n_neighbors': 7, 'clf__p': 4, 'clf__weights': 'distance'}",0.6759821341840148,0.6299017923573839,0.6127595972309628,0.6949494321317795,0.6605976638304224,0.6548381239469127,0.029938542237743032,247,1.0,1.0,1.0,1.0,1.0,1.0,0.0,15.0
0.003866767883300781,0.0003648817507571084,5.925001239776611,0.018295973361598994,7,5,uniform,"{'clf__leaf_size': 15, 'clf__n_neighbors': 7, 'clf__p': 5, 'clf__weights': 'uniform'}",0.6685693199798503,0.6092085485848935,0.6053085683467262,0.6920294061587088,0.6401199475177412,0.6430471581175838,0.03355134150576042,331,0.6928619257180173,0.7179282022911616,0.7330889876073667,0.7082722350011625,0.6965491029432126,0.7097400907121842,0.014650906932552039,15.0
0.003831338882446289,0.00033569208600062834,5.909114170074463,0.011087078650054658,7,5,distance,"{'clf__leaf_size': 15, 'clf__n_neighbors': 7, 'clf__p': 5, 'clf__weights': 'distance'}",0.6741089909680457,0.6276140313024818,0.6084459932109538,0.6769717200686429,0.6308601563920713,0.6436001783884391,0.027196063074444665,325,1.0,1.0,1.0,1.0,1.0,1.0,0.0,15.0
0.0047930717468261715,0.0008237963225282474,0.09218811988830566,0.003685602304837815,9,1,uniform,"{'clf__leaf_size': 15, 'clf__n_neighbors': 9, 'clf__p': 1, 'clf__weights': 'uniform'}",0.7420271941776827,0.6969816007747042,0.7123494069450746,0.6864147426647427,0.7344309823135452,0.7144407853751499,0.021238050686972588,25,0.7595677349653323,0.7610056890299435,0.7606608957568108,0.7706525708995949,0.7417210279644277,0.7587215837232218,0.009392139173276646,15.0
0.0041770458221435545,0.0002930292719549672,0.08963212966918946,0.0022248136096974483,9,1,distance,"{'clf__leaf_size': 15, 'clf__n_neighbors': 9, 'clf__p': 1, 'clf__weights': 'distance'}",0.7513194039552393,0.7184301823277796,0.7361526266999101,0.6919924556777743,0.7355742416746334,0.7266937820670674,0.020234735935200563,7,1.0,1.0,1.0,1.0,1.0,1.0,0.0,15.0
0.00432744026184082,0.0002514883022193679,0.011603736877441406,0.0021274537740461692,9,2,uniform,"{'clf__leaf_size': 15, 'clf__n_neighbors': 9, 'clf__p': 2, 'clf__weights': 'uniform'}",0.7082300807432049,0.6825563928754468,0.7339898057147494,0.6522044436197776,0.7133714815151656,0.6980704408936689,0.028184805434713054,88,0.7562053811997704,0.7548343189532284,0.7567806835944532,0.7467605950500417,0.7320000337168948,0.7493162025028777,0.009380934933379275,15.0
0.0042496204376220705,0.00021391216791261875,0.011599874496459961,0.001468397646821833,9,2,distance,"{'clf__leaf_size': 15, 'clf__n_neighbors': 9, 'clf__p': 2, 'clf__weights': 'distance'}",0.736273854201138,0.6949359266856079,0.7347926828714599,0.671957671957672,0.7280257238603977,0.7131971719152551,0.0255066844010026,28,1.0,1.0,1.0,1.0,1.0,1.0,0.0,15.0
0.004006814956665039,0.0003516133444662966,5.922430038452148,0.03224883620842268,9,3,uniform,"{'clf__leaf_size': 15, 'clf__n_neighbors': 9, 'clf__p': 3, 'clf__weights': 'uniform'}",0.6781367597544068,0.6512553486370841,0.6520035525625776,0.683746800410463,0.6869167707471959,0.6704118464223454,0.015593232513153912,178,0.728761315080699,0.7420505223089217,0.7399484491822693,0.7366383834854042,0.7229075008382954,0.7340612341791178,0.00717808656605935,15.0
0.0038867950439453124,0.0003612862263954861,5.911052322387695,0.00725796771790735,9,3,distance,"{'clf__leaf_size': 15, 'clf__n_neighbors': 9, 'clf__p': 3, 'clf__weights': 'distance'}",0.6945932193049593,0.6561838352750805,0.6662765822248582,0.6827099470987417,0.6963175602752746,0.6792162288357829,0.01574191251242441,142,1.0,1.0,1.0,1.0,1.0,1.0,0.0,15.0
0.004154729843139649,0.0006408030647603602,5.909451103210449,0.022911644246009513,9,4,uniform,"{'clf__leaf_size': 15, 'clf__n_neighbors': 9, 'clf__p': 4, 'clf__weights': 'uniform'}",0.6650922419435892,0.6257070588366966,0.6295544162958828,0.6819925400355348,0.6340410068620833,0.6472774527947573,0.022258011653007587,298,0.7118655488670044,0.726384002620349,0.7191019425389006,0.7084561154003894,0.7013228951530033,0.7134261009159294,0.008645762698250061,15.0
0.0038881301879882812,0.00024123450562687636,5.915965604782104,0.022490898070775926,9,4,distance,"{'clf__leaf_size': 15, 'clf__n_neighbors': 9, 'clf__p': 4, 'clf__weights': 'distance'}",0.6753376872099386,0.6242482557327393,0.6292841890437675,0.6954371946757382,0.6410312013137396,0.6530677055951847,0.027684723120563807,259,1.0,1.0,1.0,1.0,1.0,1.0,0.0,15.0
0.0037147998809814453,0.00013520044726419205,5.916243314743042,0.008226653874852857,9,5,uniform,"{'clf__leaf_size': 15, 'clf__n_neighbors': 9, 'clf__p': 5, 'clf__weights': 'uniform'}",0.6777191375216558,0.5824804873742185,0.6308930088775263,0.6593730302669535,0.609559793626261,0.632005091533323,0.03404847313533231,385,0.6911337202512282,0.7040574952162806,0.7102002349239611,0.6867058726301076,0.6818436919047763,0.6947882029852708,0.010674176146940053,15.0
0.0037059783935546875,0.00013639659983999186,5.909631252288818,0.00957255628057149,9,5,distance,"{'clf__leaf_size': 15, 'clf__n_neighbors': 9, 'clf__p': 5, 'clf__weights': 'distance'}",0.6799844502213632,0.5923254818945243,0.642065577156855,0.659295065988778,0.6187606184553012,0.6384862387433643,0.030619719395471475,355,1.0,1.0,1.0,1.0,1.0,1.0,0.0,15.0
0.0039041519165039064,0.00028371375745753837,0.08743629455566407,0.0005889618521636866,11,1,uniform,"{'clf__leaf_size': 15, 'clf__n_neighbors': 11, 'clf__p': 1, 'clf__weights': 'uniform'}",0.7203771205935908,0.694675925925926,0.7223538972451501,0.6819425250053784,0.7364224392963296,0.711154381613275,0.019868743654705794,34,0.7393158465277354,0.7547700463803735,0.7490991857925244,0.7629415660600396,0.7358673959105266,0.7483988081342398,0.009920801354804906,15.0
0.0036745071411132812,0.0002747731249840936,0.08757829666137695,0.000327696670862864,11,1,distance,"{'clf__leaf_size': 15, 'clf__n_neighbors': 11, 'clf__p': 1, 'clf__weights': 'distance'}",0.7320039195039195,0.7032155327571896,0.724889509828676,0.6998267028330319,0.7354703813577419,0.7190812092561117,0.014776964953817608,19,1.0,1.0,1.0,1.0,1.0,1.0,0.0,15.0
0.0038074970245361326,0.0002050429388320419,0.010464620590209962,0.0001645723441388344,11,2,uniform,"{'clf__leaf_size': 15, 'clf__n_neighbors': 11, 'clf__p': 2, 'clf__weights': 'uniform'}",0.6983206380747364,0.6673039671283745,0.7240577810509949,0.6713790396533056,0.7299890412604051,0.6982100934335633,0.02589637345428321,82,0.7334302643048041,0.7438362685509735,0.7513523454173558,0.7430430489837841,0.7229765363371815,0.7389276927188198,0.009798605795168325,15.0
0.0036980152130126954,0.00019029403049470627,0.010400962829589844,0.00012902859304434464,11,2,distance,"{'clf__leaf_size': 15, 'clf__n_neighbors': 11, 'clf__p': 2, 'clf__weights': 'distance'}",0.7113082039911308,0.6855842404954898,0.7348781206882096,0.6942053512360116,0.7395920323092452,0.7131135897440173,0.021417043209278595,31,1.0,1.0,1.0,1.0,1.0,1.0,0.0,15.0
0.004227304458618164,0.0005496534954040296,5.914798784255981,0.011529503799145736,11,3,uniform,"{'clf__leaf_size': 15, 'clf__n_neighbors': 11, 'clf__p': 3, 'clf__weights': 'uniform'}",0.6753147688631559,0.6267277139863578,0.6718242326631222,0.6844463822881088,0.6860542912266872,0.6688734778054864,0.02174469266950551,187,0.7199728449607056,0.7255227123221001,0.7201269324356406,0.7213689882361001,0.6994883057523162,0.7172959567413726,0.009127559154674952,15.0
0.0035927295684814453,0.0001243279167798589,5.912425518035889,0.00872826108695573,11,3,distance,"{'clf__leaf_size': 15, 'clf__n_neighbors': 11, 'clf__p': 3, 'clf__weights': 'distance'}",0.6812193701374255,0.6575380359612725,0.6788931023589723,0.6779769964507285,0.6808975895777578,0.6753050188972314,0.008965889660602964,160,1.0,1.0,1.0,1.0,1.0,1.0,0.0,15.0
0.003817892074584961,0.0002210055918561763,5.9112523078918455,0.027884781810930633,11,4,uniform,"{'clf__leaf_size': 15, 'clf__n_neighbors': 11, 'clf__p': 4, 'clf__weights': 'uniform'}",0.650012687020272,0.6140737328564205,0.635911487841018,0.688526591502174,0.6371130158345172,0.6451275030108803,0.024579867720547214,310,0.693841840463645,0.7150628430583893,0.7075173082523981,0.7032663137640458,0.6891662294701657,0.7017709070017288,0.009313226344214765,15.0
0.00373988151550293,0.0001553490821332844,5.941953945159912,0.043652558116647255,11,4,distance,"{'clf__leaf_size': 15, 'clf__n_neighbors': 11, 'clf__p': 4, 'clf__weights': 'distance'}",0.6603937703839724,0.6466982645348939,0.6396330934522758,0.7019092133796776,0.6304996218695423,0.6558267927240725,0.025025899723793127,235,1.0,1.0,1.0,1.0,1.0,1.0,0.0,15.0
0.003755617141723633,2.660153092702457e-05,5.919889974594116,0.013685277993075203,11,5,uniform,"{'clf__leaf_size': 15, 'clf__n_neighbors': 11, 'clf__p': 5, 'clf__weights': 'uniform'}",0.6526428422601086,0.5428492513462224,0.6140843642679574,0.6801932374035096,0.6054829981058588,0.6190505386767313,0.04665243767234197,478,0.6819506283945939,0.6978901073838549,0.6929251237891312,0.6840528524147368,0.6720850597977217,0.6857807543560078,0.00897670323429254,15.0
0.003980159759521484,0.0004134808121658026,5.930868005752563,0.02356120817335203,11,5,distance,"{'clf__leaf_size': 15, 'clf__n_neighbors': 11, 'clf__p': 5, 'clf__weights': 'distance'}",0.6681603806799599,0.574725748798225,0.6337158964763506,0.6739717121407113,0.5985340362900162,0.6298215548770526,0.03859721366537591,400,1.0,1.0,1.0,1.0,1.0,1.0,0.0,15.0
0.0037520408630371095,5.214632385581234e-05,0.08765926361083984,0.0006356013702543668,13,1,uniform,"{'clf__leaf_size': 15, 'clf__n_neighbors': 13, 'clf__p': 1, 'clf__weights': 'uniform'}",0.7292509259347875,0.6791895289844709,0.7100675309225144,0.668942456914155,0.7362131893405329,0.7047327264192921,0.026660908156885647,58,0.7296409563721371,0.7463501899057792,0.7409119492768216,0.7551069881061172,0.7245887410561737,0.7393197649434058,0.011062375345447803,15.0
0.0041576862335205075,0.0003203106041509977,0.08992137908935546,0.0030469965621256105,13,1,distance,"{'clf__leaf_size': 15, 'clf__n_neighbors': 13, 'clf__p': 1, 'clf__weights': 'distance'}",0.7353578259064557,0.7016784750337381,0.7329878980135082,0.6990227855308423,0.7405312090206114,0.7219156387010311,0.01779579894829272,13,1.0,1.0,1.0,1.0,1.0,1.0,0.0,15.0
0.004471445083618164,0.00039085148437921854,0.012470245361328125,0.0016672788626142972,13,2,uniform,"{'clf__leaf_size': 15, 'clf__n_neighbors': 13, 'clf__p': 2, 'clf__weights': 'uniform'}",0.6859903068629484,0.683840227463444,0.7040857051632913,0.6737005913476501,0.7453047802389449,0.6985843222152558,0.02533086665284162,79,0.7230703074804197,0.7346571483330993,0.7282935347792363,0.7423372140531316,0.7161099225214773,0.7288936254334729,0.00907350507915163,15.0
0.004227066040039062,0.0002876377072512465,0.01173405647277832,0.000564687776456189,13,2,distance,"{'clf__leaf_size': 15, 'clf__n_neighbors': 13, 'clf__p': 2, 'clf__weights': 'distance'}",0.6965245775729647,0.6980092671334714,0.712675686122033,0.6894288473477271,0.742104124451199,0.7077485005254791,0.018767124762677313,46,1.0,1.0,1.0,1.0,1.0,1.0,0.0,15.0
0.00417943000793457,0.00032555731429878733,5.914209318161011,0.037426008273427416,13,3,uniform,"{'clf__leaf_size': 15, 'clf__n_neighbors': 13, 'clf__p': 3, 'clf__weights': 'uniform'}",0.637500786319241,0.6298223215235664,0.6476230694980695,0.6556861209035122,0.6612791940609141,0.6463822984610605,0.011516355477454724,304,0.705039654638523,0.7155494273277013,0.709631594264778,0.7071155054980334,0.6987403821207248,0.7072153127699521,0.005511148356368566,15.0
0.004193925857543945,0.0004857560656054727,5.89759087562561,0.007293438474947629,13,3,distance,"{'clf__leaf_size': 15, 'clf__n_neighbors': 13, 'clf__p': 3, 'clf__weights': 'distance'}",0.6481481481481481,0.6381847319347319,0.670598338191351,0.6635691999288682,0.6570794912771725,0.6555159818960543,0.011396785099718082,241,1.0,1.0,1.0,1.0,1.0,1.0,0.0,15.0
0.0038593292236328127,6.327709939148365e-05,5.897552013397217,0.010189732681456414,13,4,uniform,"{'clf__leaf_size': 15, 'clf__n_neighbors': 13, 'clf__p': 4, 'clf__weights': 'uniform'}",0.6337266914521936,0.5917800147845371,0.6265024353866305,0.661841053828087,0.6249690171778179,0.6277638425258533,0.022365374814963694,409,0.6818067658197512,0.7005646832875849,0.6865999122078713,0.6855943027925133,0.6673388949894116,0.6843809118194264,0.010633600562116503,15.0
0.004138565063476563,0.0003435636906792969,5.895085096359253,0.00965542575553534,13,4,distance,"{'clf__leaf_size': 15, 'clf__n_neighbors': 13, 'clf__p': 4, 'clf__weights': 'distance'}",0.6538661296312865,0.6009412589929928,0.6415849984550417,0.6555472755806213,0.6139588212334114,0.6331796967786707,0.02194376954620802,373,1.0,1.0,1.0,1.0,1.0,1.0,0.0,15.0
0.004162120819091797,0.0003638102963927246,5.920760011672973,0.03329976008836908,13,5,uniform,"{'clf__leaf_size': 15, 'clf__n_neighbors': 13, 'clf__p': 5, 'clf__weights': 'uniform'}",0.6260262681715022,0.5725537427389544,0.615963305426221,0.6794078742608154,0.6078583409632385,0.6203619063121464,0.03458270858882549,463,0.6551555392423771,0.6807918119673336,0.6696305851868809,0.6746507140276895,0.6630579032428616,0.6686573107334286,0.008919254050054084,15.0
0.003961944580078125,0.000498282363954685,5.918366146087647,0.018663492942910438,13,5,distance,"{'clf__leaf_size': 15, 'clf__n_neighbors': 13, 'clf__p': 5, 'clf__weights': 'distance'}",0.6459718960203956,0.5960589197006854,0.6270753133861305,0.6718494935136774,0.5914189191792715,0.6264749083600321,0.030309736836390565,421,1.0,1.0,1.0,1.0,1.0,1.0,0.0,15.0
0.0037434577941894533,4.9000070362448613e-05,0.0877659797668457,0.00048301959880623843,15,1,uniform,"{'clf__leaf_size': 15, 'clf__n_neighbors': 15, 'clf__p': 1, 'clf__weights': 'uniform'}",0.7019317092353802,0.677506539910177,0.7087051839760213,0.6667884311214883,0.7303808746742544,0.6970625477834641,0.022664201733842804,91,0.7265678240861115,0.7333407147070139,0.7356680658400171,0.7447755351025135,0.7210424367555148,0.7322789152982342,0.008095113078718977,15.0
0.004500436782836914,0.0007733990519647659,0.08948287963867188,0.0018568442337344657,15,1,distance,"{'clf__leaf_size': 15, 'clf__n_neighbors': 15, 'clf__p': 1, 'clf__weights': 'distance'}",0.743577278717893,0.7191554690290908,0.7187062596376689,0.6755418450050086,0.7436970837390771,0.7201355872257477,0.024884784396268102,16,1.0,1.0,1.0,1.0,1.0,1.0,0.0,15.0
0.0040283679962158205,0.00024309845791565661,0.011122560501098633,0.00042780467116702083,15,2,uniform,"{'clf__leaf_size': 15, 'clf__n_neighbors': 15, 'clf__p': 2, 'clf__weights': 'uniform'}",0.6914692944569387,0.6809381316080422,0.691458122590198,0.6777823197947008,0.718087811012664,0.6919471358925087,0.014181978371193543,97,0.714252757379494,0.7332467084509312,0.7173435931590524,0.7421280737637321,0.7026221748605341,0.7219186615227488,0.014062693374344796,15.0
0.0041371345520019535,0.0003033976459540044,0.011276674270629884,0.00021210092002651063,15,2,distance,"{'clf__leaf_size': 15, 'clf__n_neighbors': 15, 'clf__p': 2, 'clf__weights': 'distance'}",0.7084110593020663,0.6954649696135764,0.7112853374186399,0.6920354750917878,0.7311827384501803,0.7076759159752501,0.01385546580820437,49,1.0,1.0,1.0,1.0,1.0,1.0,0.0,15.0
0.004064750671386719,0.00029667623913789504,5.893700170516968,0.016903052030362433,15,3,uniform,"{'clf__leaf_size': 15, 'clf__n_neighbors': 15, 'clf__p': 3, 'clf__weights': 'uniform'}",0.6402658437403029,0.6369264496780112,0.639244660465427,0.6654232626888038,0.665155515908415,0.6494031464961919,0.013016407864743266,280,0.6910783366277542,0.7079850562598893,0.6940900359022462,0.7008935698834167,0.6855874449929449,0.6959268887332503,0.007795561666093446,15.0
0.004132556915283203,0.000496159142809303,5.90134859085083,0.027698058191100692,15,3,distance,"{'clf__leaf_size': 15, 'clf__n_neighbors': 15, 'clf__p': 3, 'clf__weights': 'distance'}",0.6457727139092899,0.6406873427947899,0.652088356406592,0.6842269266210776,0.6718548043749542,0.6589260288213407,0.016490614251692015,220,1.0,1.0,1.0,1.0,1.0,1.0,0.0,15.0
0.004104042053222656,0.00033630782887928486,5.8910585880279545,0.007040884226132791,15,4,uniform,"{'clf__leaf_size': 15, 'clf__n_neighbors': 15, 'clf__p': 4, 'clf__weights': 'uniform'}",0.6168720935398833,0.5725720239617396,0.6046537576818759,0.6714875201288245,0.6182588472547489,0.6167688485134144,0.031926473358163794,496,0.6745672445551094,0.6852931154701463,0.6698056377996134,0.679749916087411,0.6675191716763372,0.6753870171177234,0.006494497455910769,15.0
0.004075956344604492,0.0003539850159550107,5.900829410552978,0.017984257936875876,15,4,distance,"{'clf__leaf_size': 15, 'clf__n_neighbors': 15, 'clf__p': 4, 'clf__weights': 'distance'}",0.6306104466055125,0.5974344291269,0.6185087041054262,0.6773763911694947,0.6101483162630573,0.6268156574540782,0.027498547353900175,415,1.0,1.0,1.0,1.0,1.0,1.0,0.0,15.0
0.003770303726196289,2.177397404273508e-05,5.904345226287842,0.0070019549976205716,15,5,uniform,"{'clf__leaf_size': 15, 'clf__n_neighbors': 15, 'clf__p': 5, 'clf__weights': 'uniform'}",0.6178717668862931,0.5437063594585367,0.6084044949672514,0.641353508981985,0.6032561921315078,0.6029184644851148,0.032363985756609315,568,0.6601447102915684,0.6657418495617105,0.6590418649064792,0.656475294763947,0.6479988304042956,0.6578805099856002,0.00579479472242894,15.0
0.004355669021606445,0.0008099197533376214,5.9093873500823975,0.036032883388616654,15,5,distance,"{'clf__leaf_size': 15, 'clf__n_neighbors': 15, 'clf__p': 5, 'clf__weights': 'distance'}",0.635466382655304,0.5683499639370226,0.6319746975500918,0.6430600887715254,0.5971187368115889,0.6151939739451067,0.0282494568663177,508,1.0,1.0,1.0,1.0,1.0,1.0,0.0,15.0
0.00394287109375,0.00013128276967939455,0.08870511054992676,0.0013321288530938943,17,1,uniform,"{'clf__leaf_size': 15, 'clf__n_neighbors': 17, 'clf__p': 1, 'clf__weights': 'uniform'}",0.6970245735711247,0.666811161458324,0.698092548487275,0.6607595729936155,0.7328026526377052,0.691098101829609,0.02582090902344747,100,0.7203644819559145,0.7292827567125761,0.7353327292403881,0.7362664567964369,0.7049990156635411,0.7252490880737713,0.011603943510566633,15.0
0.0041216850280761715,0.000205776179276371,0.09264216423034669,0.002527997121202121,17,1,distance,"{'clf__leaf_size': 15, 'clf__n_neighbors': 17, 'clf__p': 1, 'clf__weights': 'distance'}",0.7021126315880112,0.7082312227102864,0.7189186200796108,0.6668165175746453,0.7398031579464914,0.707176429979809,0.023908406794938504,52,1.0,1.0,1.0,1.0,1.0,1.0,0.0,15.0
0.004631757736206055,0.0005704522918833208,0.012210702896118164,0.000513412067347014,17,2,uniform,"{'clf__leaf_size': 15, 'clf__n_neighbors': 17, 'clf__p': 2, 'clf__weights': 'uniform'}",0.6804642983127462,0.6487334338791209,0.6807925152652937,0.6831324422183537,0.7165136883691282,0.6819272756089285,0.021461274363679006,130,0.7088436654084982,0.7274700156602526,0.7138633850366388,0.727855960076173,0.6893048845149483,0.7134675821393023,0.014201878654007526,15.0
0.00471029281616211,0.00047946830098854554,0.012348413467407227,0.0007001684489371193,17,2,distance,"{'clf__leaf_size': 15, 'clf__n_neighbors': 17, 'clf__p': 2, 'clf__weights': 'distance'}",0.6942410368639877,0.6593228200371059,0.7003974719534098,0.6926742919389978,0.7246195215953279,0.6942510284777658,0.020892534956055128,94,1.0,1.0,1.0,1.0,1.0,1.0,0.0,15.0
0.00442209243774414,0.0004512622357447081,5.930510091781616,0.017883601750006344,17,3,uniform,"{'clf__leaf_size': 15, 'clf__n_neighbors': 17, 'clf__p': 3, 'clf__weights': 'uniform'}",0.6441906476581042,0.6302274674701788,0.6289345484135785,0.6699668587179208,0.6539413217506873,0.645452168802094,0.015357411819675922,307,0.7013912771555062,0.7013371831342885,0.6838619009247535,0.685370189075136,0.688489214888839,0.6920899530357045,0.007718125151956726,15.0
0.004292678833007812,0.00017890872985732166,5.910189008712768,0.018952972487534633,17,3,distance,"{'clf__leaf_size': 15, 'clf__n_neighbors': 17, 'clf__p': 3, 'clf__weights': 'distance'}",0.6494397281680144,0.6317120591272878,0.6532561848817214,0.6684519578527883,0.6518391427367407,0.6509398145533105,0.011703045445588915,271,1.0,1.0,1.0,1.0,1.0,1.0,0.0,15.0
0.004210996627807617,0.00035290934880681746,5.911074590682984,0.017193656749240067,17,4,uniform,"{'clf__leaf_size': 15, 'clf__n_neighbors': 17, 'clf__p': 4, 'clf__weights': 'uniform'}",0.6126524646339414,0.5893576169124637,0.6251003625176064,0.6581576767543553,0.6133373881483055,0.6197211017933345,0.022445335310382952,469,0.654197474676405,0.6772295862271076,0.6564008588863889,0.6596406973810708,0.6530756535212172,0.6601088541384378,0.008848708209189735,15.0
0.00399937629699707,0.00011276332789713888,5.908751392364502,0.007511637374119375,17,4,distance,"{'clf__leaf_size': 15, 'clf__n_neighbors': 17, 'clf__p': 4, 'clf__weights': 'distance'}",0.6273166098014887,0.5944600764051363,0.6228679728679729,0.6524236154562794,0.6210811549657913,0.6236298858993337,0.018442478801375742,451,1.0,1.0,1.0,1.0,1.0,1.0,0.0,15.0
0.003927373886108398,0.00014740852933915012,5.90753321647644,0.018442191698973858,17,5,uniform,"{'clf__leaf_size': 15, 'clf__n_neighbors': 17, 'clf__p': 5, 'clf__weights': 'uniform'}",0.6140847727105037,0.5557245675763507,0.6026410621147463,0.6324244700527045,0.6056703583517334,0.6021090461612078,0.025404443671086026,574,0.6541928664953618,0.6516211234688896,0.6409731556164195,0.6386927136845199,0.6369738362884242,0.644490739110723,0.00703516847566741,15.0
0.0041659832000732425,0.0008293761615436981,5.937570858001709,0.03811020401798738,17,5,distance,"{'clf__leaf_size': 15, 'clf__n_neighbors': 17, 'clf__p': 5, 'clf__weights': 'distance'}",0.6317835653477476,0.5749565217391306,0.6147680325472513,0.6425778296172849,0.6120253688406567,0.6152222636184141,0.023040660308523066,505,1.0,1.0,1.0,1.0,1.0,1.0,0.0,15.0
0.003966999053955078,0.0003992210831231773,0.08799386024475098,0.0006235263695381077,19,1,uniform,"{'clf__leaf_size': 15, 'clf__n_neighbors': 19, 'clf__p': 1, 'clf__weights': 'uniform'}",0.6992780905561893,0.6451585317606199,0.688658586223124,0.6810217778820123,0.7226582571753652,0.6873550487194622,0.025340998507963737,112,0.7196187348822323,0.721991317312012,0.7200524076667435,0.7325118995111887,0.7004061088382519,0.7189160936420856,0.01037985924339589,15.0
0.004252243041992188,0.00038438962196786703,0.08989095687866211,0.0015552576482269237,19,1,distance,"{'clf__leaf_size': 15, 'clf__n_neighbors': 19, 'clf__p': 1, 'clf__weights': 'distance'}",0.7054844214830865,0.687906601764661,0.7093496530191821,0.6857482979947636,0.7298150751334678,0.7036608098790321,0.01605482632649779,64,1.0,1.0,1.0,1.0,1.0,1.0,0.0,15.0
0.0044155120849609375,0.00020074130790876925,0.012034130096435548,0.0007102808300108764,19,2,uniform,"{'clf__leaf_size': 15, 'clf__n_neighbors': 19, 'clf__p': 2, 'clf__weights': 'uniform'}",0.6559426229508196,0.6529497444910979,0.6782453240895276,0.6780170800068805,0.6900951976715983,0.6710499938419849,0.0142750449226566,175,0.6977491936280291,0.7043353432326003,0.7086609896613565,0.7141104151900213,0.6916394860192832,0.7032990855462581,0.00791778069703351,15.0
0.004466438293457031,0.00016675736501107143,0.012863349914550782,0.0012924103714744577,19,2,distance,"{'clf__leaf_size': 15, 'clf__n_neighbors': 19, 'clf__p': 2, 'clf__weights': 'distance'}",0.683171253759489,0.6460694494337903,0.6888028844687879,0.6842081119423536,0.7071332255004549,0.6818769850209752,0.019875284427837016,133,1.0,1.0,1.0,1.0,1.0,1.0,0.0,15.0
0.004478025436401367,0.00018632160418149396,5.893229055404663,0.010764847379119839,19,3,uniform,"{'clf__leaf_size': 15, 'clf__n_neighbors': 19, 'clf__p': 3, 'clf__weights': 'uniform'}",0.6360680809485957,0.6304115226337448,0.6487842298187126,0.6800844645889803,0.6484398337150254,0.6487576263410118,0.01719928241535981,283,0.6756905442045124,0.6859734818066849,0.673434570805618,0.6756324932137004,0.6752684436258924,0.6771999067312816,0.004463605814509671,15.0
0.00404205322265625,0.00030004045993326845,5.897785568237305,0.011861510245241248,19,3,distance,"{'clf__leaf_size': 15, 'clf__n_neighbors': 19, 'clf__p': 3, 'clf__weights': 'distance'}",0.6565722453646982,0.6425539596398371,0.6716014175778124,0.6840642681339776,0.6484398337150254,0.6606463448862702,0.015240369763908196,217,1.0,1.0,1.0,1.0,1.0,1.0,0.0,15.0
0.003871583938598633,0.00016709387815977045,5.896872854232788,0.008817152940008963,19,4,uniform,"{'clf__leaf_size': 15, 'clf__n_neighbors': 19, 'clf__p': 4, 'clf__weights': 'uniform'}",0.5997856452493656,0.585506428395768,0.6198357116371422,0.6675702252881013,0.623085862851241,0.6191567746843235,0.02781131909672511,475,0.6507672266726005,0.6659434650944197,0.6431457620538206,0.6492270429373936,0.6462358244268581,0.6510638642370186,0.007885058510867392,15.0
0.004454565048217773,0.00041240309665950455,5.901153087615967,0.006480390226744397,19,4,distance,"{'clf__leaf_size': 15, 'clf__n_neighbors': 19, 'clf__p': 4, 'clf__weights': 'distance'}",0.5997856452493656,0.5976790376523897,0.6224788312294144,0.6748922792000164,0.6288292460542036,0.6247330078770779,0.0279001834625067,436,1.0,1.0,1.0,1.0,1.0,1.0,0.0,15.0
0.0038054943084716796,6.661461179405969e-05,5.942203521728516,0.021718681975707362,19,5,uniform,"{'clf__leaf_size': 15, 'clf__n_neighbors': 19, 'clf__p': 5, 'clf__weights': 'uniform'}",0.6028213927635574,0.5421924788245738,0.6007144387369668,0.6252196335025174,0.6064059397392731,0.5954707767133777,0.02801669803644453,604,0.6374870230151702,0.6451556810357376,0.6393897536447167,0.6318110899781156,0.6244442531927779,0.6356575601733037,0.0070430687731586235,15.0
0.00377960205078125,0.0001611811448439612,5.948002195358276,0.014581298860247636,19,5,distance,"{'clf__leaf_size': 15, 'clf__n_neighbors': 19, 'clf__p': 5, 'clf__weights': 'distance'}",0.6140163995992859,0.5519302638193284,0.5954236877877377,0.6248809690649438,0.6037526836307324,0.5980008007804056,0.02506496716979799,592,1.0,1.0,1.0,1.0,1.0,1.0,0.0,15.0
0.0039231300354003905,0.0003496721497877131,0.08801956176757812,0.0004324730172124448,21,1,uniform,"{'clf__leaf_size': 15, 'clf__n_neighbors': 21, 'clf__p': 1, 'clf__weights': 'uniform'}",0.7021126315880112,0.6340905212582179,0.7090076489533012,0.6733701803355776,0.7289227044871475,0.689500737324451,0.032936781526025416,106,0.7132746189246763,0.7060124768425485,0.7093058932745943,0.722178304628575,0.6890106501678954,0.7079563887676578,0.010909513553182646,15.0
0.003939390182495117,0.00011618869031603691,0.09045467376708985,0.0013608749260768211,21,1,distance,"{'clf__leaf_size': 15, 'clf__n_neighbors': 21, 'clf__p': 1, 'clf__weights': 'distance'}",0.7052141999013896,0.6370197308412412,0.7124961885061829,0.6699175548217938,0.7293818763009218,0.6908059100743058,0.03315252215490432,103,1.0,1.0,1.0,1.0,1.0,1.0,0.0,15.0
0.004408645629882813,0.0003977883320777921,0.011591386795043946,0.0003199153906239436,21,2,uniform,"{'clf__leaf_size': 15, 'clf__n_neighbors': 21, 'clf__p': 2, 'clf__weights': 'uniform'}",0.6408691115086464,0.6303398850724826,0.6660873784513951,0.6784540897346999,0.692520172382175,0.6616541274298798,0.023096336680625273,211,0.6925094944923588,0.6937909622010828,0.700747878902046,0.7109536700037629,0.6823740823329751,0.6960752175864451,0.009474760378899688,15.0
0.004617929458618164,0.00042440446530719514,0.01263580322265625,0.00023894502691901417,21,2,distance,"{'clf__leaf_size': 15, 'clf__n_neighbors': 21, 'clf__p': 2, 'clf__weights': 'distance'}",0.6644722235485103,0.6367639842291399,0.665181356351242,0.6868191856777375,0.7075616496182549,0.6721596798849769,0.023785919474811578,172,1.0,1.0,1.0,1.0,1.0,1.0,0.0,15.0
0.0044253826141357425,0.0003059409502951793,5.917261457443237,0.020227256572815697,21,3,uniform,"{'clf__leaf_size': 15, 'clf__n_neighbors': 21, 'clf__p': 3, 'clf__weights': 'uniform'}",0.6244396284829723,0.6326074373430883,0.6455553182128174,0.6808501898124539,0.6565822821516601,0.6480069712005985,0.01975241177610811,295,0.6704327549833693,0.6839131104992187,0.6618495497732786,0.6627664169838033,0.667124460178292,0.6692172584835925,0.007971471515953114,15.0
0.004185342788696289,0.00019767627021793316,5.916622829437256,0.00805122985929441,21,3,distance,"{'clf__leaf_size': 15, 'clf__n_neighbors': 21, 'clf__p': 3, 'clf__weights': 'distance'}",0.6362660691448861,0.6329406271165706,0.6484648043317746,0.6843208568406951,0.6565822821516601,0.6517149279171173,0.0183768476592025,268,1.0,1.0,1.0,1.0,1.0,1.0,0.0,15.0
0.004356813430786133,0.0005003695985099954,5.9398308277130125,0.03437483846304278,21,4,uniform,"{'clf__leaf_size': 15, 'clf__n_neighbors': 21, 'clf__p': 4, 'clf__weights': 'uniform'}",0.6041524717995306,0.6008125903800484,0.6025534360714152,0.6610942872898016,0.5921864791620889,0.612159852940577,0.02481401334163195,520,0.6470401047144207,0.6659308151329413,0.6309329365704782,0.6357956861705871,0.6373893507934271,0.6434177786763708,0.012411829645434644,15.0
0.00413661003112793,0.0004416404493875267,5.907663869857788,0.009860693835980113,21,4,distance,"{'clf__leaf_size': 15, 'clf__n_neighbors': 21, 'clf__p': 4, 'clf__weights': 'distance'}",0.6097172337337714,0.6192108314802823,0.6149917833688464,0.6786316915006994,0.6133297258297259,0.627176253182665,0.025907971977344034,412,1.0,1.0,1.0,1.0,1.0,1.0,0.0,15.0
0.00373225212097168,3.7694090457580095e-05,5.921421527862549,0.022641782284480487,21,5,uniform,"{'clf__leaf_size': 15, 'clf__n_neighbors': 21, 'clf__p': 5, 'clf__weights': 'uniform'}",0.5872323668179646,0.5288132547516816,0.591857537739257,0.6483659056257716,0.595472582972583,0.5903483295814516,0.03792321049275071,616,0.6247354312874847,0.6354854244842328,0.6295666035342115,0.6168111065023466,0.6207134876938096,0.6254624107004171,0.006560960863236341,15.0
0.003931713104248047,0.00042852953487339626,5.9231311798095705,0.01747835077139268,21,5,distance,"{'clf__leaf_size': 15, 'clf__n_neighbors': 21, 'clf__p': 5, 'clf__weights': 'distance'}",0.5965972197593039,0.5253531562733088,0.5837771100554269,0.6431845291520021,0.5956384727804165,0.5889100976040916,0.03772508224481605,628,1.0,1.0,1.0,1.0,1.0,1.0,0.0,15.0
0.004729557037353516,0.001004516269122953,0.09227914810180664,0.0032861564286245227,23,1,uniform,"{'clf__leaf_size': 15, 'clf__n_neighbors': 23, 'clf__p': 1, 'clf__weights': 'uniform'}",0.6997718127067886,0.6300038274834483,0.692753216282628,0.6738547228969812,0.7127700037044999,0.6818307166148692,0.028803007920752476,136,0.7020911283389228,0.7054956263769808,0.6958247180307611,0.7140143338543122,0.6794963250507329,0.699384426330342,0.011549158338331934,15.0
0.00471200942993164,0.00079987339867886,0.09423942565917968,0.0024859677176793534,23,1,distance,"{'clf__leaf_size': 15, 'clf__n_neighbors': 23, 'clf__p': 1, 'clf__weights': 'distance'}",0.6997718127067886,0.6429448665443738,0.7013558329388653,0.6662679197852975,0.7199064655487659,0.6860493795048181,0.02763403753088068,115,1.0,1.0,1.0,1.0,1.0,1.0,0.0,15.0
0.004164743423461914,0.00016500690632065265,0.012891912460327148,0.001853179698522403,23,2,uniform,"{'clf__leaf_size': 15, 'clf__n_neighbors': 23, 'clf__p': 2, 'clf__weights': 'uniform'}",0.6534020954752662,0.6451126251015248,0.6646902377972466,0.6903806232087056,0.6858322631366962,0.6678835689438879,0.01770140895481297,193,0.6812050372896571,0.6988873581279891,0.693457142546655,0.7030431358688166,0.6754474304592882,0.6904080208584812,0.010481952171081797,15.0
0.004284429550170899,0.0004625791201279317,0.013264274597167969,0.000992273786833809,23,2,distance,"{'clf__leaf_size': 15, 'clf__n_neighbors': 23, 'clf__p': 2, 'clf__weights': 'distance'}",0.6689464436780113,0.6548762929185573,0.6696884856413553,0.6866235577532649,0.6960052246603969,0.6752280009303171,0.014462973078737233,163,1.0,1.0,1.0,1.0,1.0,1.0,0.0,15.0
0.004718923568725586,0.0006047229326147801,5.89675874710083,0.01264095288175585,23,3,uniform,"{'clf__leaf_size': 15, 'clf__n_neighbors': 23, 'clf__p': 3, 'clf__weights': 'uniform'}",0.6157630594766518,0.6128942423085019,0.6483308748359528,0.6757574102619259,0.6518837909092163,0.6409258755584497,0.023694241953520375,337,0.6660450606596855,0.6807167160323595,0.6540029008480921,0.6539946858134698,0.6556588945721394,0.6620836515851493,0.010343029101339508,15.0
0.004132699966430664,0.0004569746061333552,5.905148649215699,0.00970566026164421,23,3,distance,"{'clf__leaf_size': 15, 'clf__n_neighbors': 23, 'clf__p': 3, 'clf__weights': 'distance'}",0.622585643879095,0.625534188034188,0.6453773553559187,0.6696426000223469,0.6573332805619101,0.6440946135706918,0.018092719614342244,319,1.0,1.0,1.0,1.0,1.0,1.0,0.0,15.0
0.0038354873657226564,0.00013507294394580804,5.908594465255737,0.014458278146325734,23,4,uniform,"{'clf__leaf_size': 15, 'clf__n_neighbors': 23, 'clf__p': 4, 'clf__weights': 'uniform'}",0.6074107260656589,0.5886065171839078,0.604260538027747,0.6528708258464628,0.6209050888718536,0.614810739199126,0.021626092962396887,514,0.6361578440716832,0.6541449513471687,0.6373737759448918,0.623739050751068,0.6347326328870705,0.6372296510003763,0.009752213312464363,15.0
0.003767251968383789,5.763223621268512e-05,5.918859624862671,0.024132590856255257,23,4,distance,"{'clf__leaf_size': 15, 'clf__n_neighbors': 23, 'clf__p': 4, 'clf__weights': 'distance'}",0.6074107260656589,0.6198552072627515,0.6123267526030131,0.6685569631139561,0.6203703703703703,0.62570400388315,0.021966461018163096,424,1.0,1.0,1.0,1.0,1.0,1.0,0.0,15.0
0.0038633346557617188,0.00016894031638116675,5.912193489074707,0.01639004796040757,23,5,uniform,"{'clf__leaf_size': 15, 'clf__n_neighbors': 23, 'clf__p': 5, 'clf__weights': 'uniform'}",0.5820598555211558,0.5230933503272397,0.5963703996242848,0.6185621717041248,0.5895299980011967,0.5819231550356003,0.031843269579587864,643,0.6103498407952355,0.6330293876120524,0.6287452588254131,0.6151054186774261,0.6174094775143903,0.6209278766849033,0.008552578833377374,15.0
0.0037653446197509766,4.207206423020474e-05,5.915915822982788,0.012278259605773289,23,5,distance,"{'clf__leaf_size': 15, 'clf__n_neighbors': 23, 'clf__p': 5, 'clf__weights': 'distance'}",0.5822456129499438,0.5398806371415356,0.5872901163008115,0.6311787592577114,0.5993080531536492,0.5879806357607302,0.02946647393016387,631,1.0,1.0,1.0,1.0,1.0,1.0,0.0,15.0
0.004180145263671875,0.0004977851615690375,0.08826732635498047,0.0004873780328940228,25,1,uniform,"{'clf__leaf_size': 15, 'clf__n_neighbors': 25, 'clf__p': 1, 'clf__weights': 'uniform'}",0.6839549305811012,0.6332979067722884,0.6935419156258782,0.6749592840881324,0.7168048236200746,0.680511772137495,0.027418259505573934,139,0.6892063600772017,0.7010061599919271,0.6874147768488384,0.7047611387043087,0.6734204279030894,0.6911617727050732,0.011085789538950197,15.0
0.004019641876220703,0.0002758268488131745,0.09421172142028808,0.002691887346671085,25,1,distance,"{'clf__leaf_size': 15, 'clf__n_neighbors': 25, 'clf__p': 1, 'clf__weights': 'distance'}",0.6884174275947488,0.6431683829138063,0.6935759551789537,0.6704562924418077,0.7203737944256743,0.6831983705109982,0.025619154647148625,127,1.0,1.0,1.0,1.0,1.0,1.0,0.0,15.0
0.004616451263427734,0.0006703581978488094,0.012902450561523438,0.0020384840234612778,25,2,uniform,"{'clf__leaf_size': 15, 'clf__n_neighbors': 25, 'clf__p': 2, 'clf__weights': 'uniform'}",0.63744644994645,0.6245613262264511,0.6541267444598247,0.6742126742126742,0.6968497985717232,0.6574393986834246,0.02579217601144255,226,0.6674600604640745,0.691049896611513,0.6891168543483964,0.6961739339951577,0.6655233975188518,0.6818648285875987,0.012776913272547059,15.0
0.004689788818359375,0.0002532601331256086,0.013077020645141602,0.00024875479887634643,25,2,distance,"{'clf__leaf_size': 15, 'clf__n_neighbors': 25, 'clf__p': 2, 'clf__weights': 'distance'}",0.6512194522389912,0.6310132850241545,0.6702110546070255,0.6737346703658541,0.704148950110479,0.6660654824693009,0.024394318511699254,196,1.0,1.0,1.0,1.0,1.0,1.0,0.0,15.0
0.0045074462890625,0.0008669004659991021,5.900731611251831,0.02664851583398798,25,3,uniform,"{'clf__leaf_size': 15, 'clf__n_neighbors': 25, 'clf__p': 3, 'clf__weights': 'uniform'}",0.6189371346221823,0.596382400280638,0.6257976219533457,0.6592594926070784,0.6610710368650113,0.6322895372656511,0.024760885757753127,382,0.6523837940365707,0.6730332426544836,0.6481113660544607,0.6493813032915177,0.6387490133441842,0.6523317438762434,0.011309836587624028,15.0
0.00424504280090332,0.0005444452669807078,5.900857067108154,0.010885696081930992,25,3,distance,"{'clf__leaf_size': 15, 'clf__n_neighbors': 25, 'clf__p': 3, 'clf__weights': 'distance'}",0.6266506845295015,0.6092878254750175,0.6372707676757752,0.659053261977574,0.6683714439858895,0.6401267967287515,0.021432572572800936,340,1.0,1.0,1.0,1.0,1.0,1.0,0.0,15.0
0.003899669647216797,9.491558321001447e-05,5.913051700592041,0.024681266131345705,25,4,uniform,"{'clf__leaf_size': 15, 'clf__n_neighbors': 25, 'clf__p': 4, 'clf__weights': 'uniform'}",0.5749110877459092,0.5859996793136434,0.6100947578854315,0.6653805753070459,0.6111880206368572,0.6095148241777775,0.031223384415404825,529,0.633995848448921,0.6406375138564786,0.6342173821951376,0.625240326931372,0.6320397465724267,0.6332261636008673,0.004933238578368779,15.0
0.0041084766387939455,0.0001893382438472861,5.9086709976196286,0.012420451302225693,25,4,distance,"{'clf__leaf_size': 15, 'clf__n_neighbors': 25, 'clf__p': 4, 'clf__weights': 'distance'}",0.5901361662859214,0.6043691858140526,0.6089540104356267,0.6684021319450805,0.6134120013142499,0.6170546991589863,0.02683646370133755,490,1.0,1.0,1.0,1.0,1.0,1.0,0.0,15.0
0.004116964340209961,0.00041991059349986564,5.9204975128173825,0.018912503640727236,25,5,uniform,"{'clf__leaf_size': 15, 'clf__n_neighbors': 25, 'clf__p': 5, 'clf__weights': 'uniform'}",0.5955828664799253,0.5231927564453337,0.601783852949133,0.6063877335751773,0.5696641989699386,0.5793222816839017,0.03080671891944186,652,0.6081793675419503,0.6245880332082014,0.6205923124086866,0.6054513268453708,0.6108290095056726,0.6139280099019764,0.007383141240313986,15.0
0.004005575180053711,0.0004304652457021724,5.924638652801514,0.020628057604911453,25,5,distance,"{'clf__leaf_size': 15, 'clf__n_neighbors': 25, 'clf__p': 5, 'clf__weights': 'distance'}",0.604447220529062,0.5223043240284619,0.5965271480630957,0.6308080808080808,0.5906542367016675,0.5889482020260736,0.03603949632863168,625,1.0,1.0,1.0,1.0,1.0,1.0,0.0,15.0
0.0039122581481933595,9.184104009660863e-05,0.08847532272338868,0.0006710038631038873,27,1,uniform,"{'clf__leaf_size': 15, 'clf__n_neighbors': 27, 'clf__p': 1, 'clf__weights': 'uniform'}",0.6744916243014908,0.616130815394996,0.7023056941213235,0.6708404065481188,0.6975824762459399,0.6722702033223739,0.0306641542356336,169,0.6898848754208274,0.7002573869214863,0.6840175817740333,0.7095826367101621,0.666918971893033,0.6901322905439085,0.014540581714724755,15.0
0.004320192337036133,0.0004462377919550024,0.08966870307922363,0.0007458667623409572,27,1,distance,"{'clf__leaf_size': 15, 'clf__n_neighbors': 27, 'clf__p': 1, 'clf__weights': 'distance'}",0.6754747095082522,0.615536338223069,0.7023056941213235,0.671330107977682,0.7131929678478293,0.6755679635356312,0.033918465000873824,157,1.0,1.0,1.0,1.0,1.0,1.0,0.0,15.0
0.004255342483520508,0.0003752003231460536,0.012856101989746094,0.0014259660476345032,27,2,uniform,"{'clf__leaf_size': 15, 'clf__n_neighbors': 27, 'clf__p': 2, 'clf__weights': 'uniform'}",0.6454900255954359,0.6211578504751493,0.6648091140617659,0.6764082014860807,0.6825067470231041,0.6580743877283071,0.022358990761912303,223,0.6633744936263892,0.6837218929350577,0.6841076351409104,0.6823502287110957,0.656184531158217,0.6739477563143341,0.011804105037187918,15.0
0.004286623001098633,0.0002337985929969441,0.01251358985900879,0.0003678590659875625,27,2,distance,"{'clf__leaf_size': 15, 'clf__n_neighbors': 27, 'clf__p': 2, 'clf__weights': 'distance'}",0.6495758106548106,0.6370518520638737,0.687294940045556,0.6819688113785808,0.687707529776576,0.6687197887838794,0.02121535890256563,190,1.0,1.0,1.0,1.0,1.0,1.0,0.0,15.0
0.004347372055053711,0.0002917495098660909,5.933578777313232,0.02357047014963224,27,3,uniform,"{'clf__leaf_size': 15, 'clf__n_neighbors': 27, 'clf__p': 3, 'clf__weights': 'uniform'}",0.5922413272491719,0.6010151821645657,0.6333273547559262,0.6513870289309517,0.6406618876941458,0.6237265561589523,0.02302697848216854,448,0.6462366025042368,0.6719029830402001,0.6585548335936764,0.6464402597615446,0.6448515739504496,0.6535972505700214,0.010407362659399103,15.0
0.004113197326660156,0.00022935188227888613,5.922471189498902,0.014963151927355858,27,3,distance,"{'clf__leaf_size': 15, 'clf__n_neighbors': 27, 'clf__p': 3, 'clf__weights': 'distance'}",0.6041205452301709,0.6132727511787722,0.6340053540873214,0.6498277020388261,0.6507781096181592,0.63040089243065,0.018919058789568073,397,1.0,1.0,1.0,1.0,1.0,1.0,0.0,15.0
0.004232168197631836,0.0009313506057335527,5.905716276168823,0.008828855278826682,27,4,uniform,"{'clf__leaf_size': 15, 'clf__n_neighbors': 27, 'clf__p': 4, 'clf__weights': 'uniform'}",0.5802965431599469,0.5770648383316211,0.6099855925976948,0.6449019152820322,0.6046262626262626,0.6033750303995116,0.024472801485009698,559,0.6240020129327137,0.6382718199179077,0.6273280827385523,0.6257686463585923,0.6303408630668854,0.6291422850029302,0.005017572354309987,15.0
0.0039694786071777345,0.00014006407903668358,5.913689708709716,0.021764225681925466,27,4,distance,"{'clf__leaf_size': 15, 'clf__n_neighbors': 27, 'clf__p': 4, 'clf__weights': 'distance'}",0.5940237106176385,0.5771351639131729,0.6067087495658924,0.6539722635495296,0.6096180767923888,0.6082915928877244,0.025554976640812733,535,1.0,1.0,1.0,1.0,1.0,1.0,0.0,15.0
0.0039958000183105465,0.0004725665685436803,5.91922779083252,0.014818364935008967,27,5,uniform,"{'clf__leaf_size': 15, 'clf__n_neighbors': 27, 'clf__p': 5, 'clf__weights': 'uniform'}",0.5623727361862795,0.5155842777911743,0.6022151727313353,0.6092612935709171,0.5951639127298605,0.5769194786019133,0.034618893936773976,658,0.5990538418518021,0.6185489341745783,0.6135966015514974,0.6060949842825548,0.6086056645473561,0.6091800052815577,0.006628266121143509,15.0
0.003984785079956055,0.00042158959707601845,5.916783046722412,0.011264559657701437,27,5,distance,"{'clf__leaf_size': 15, 'clf__n_neighbors': 27, 'clf__p': 5, 'clf__weights': 'distance'}",0.5829646546256961,0.5151710721343873,0.6011790144108645,0.6188952190835681,0.5908564814814815,0.5818132883471996,0.03542425976992646,646,1.0,1.0,1.0,1.0,1.0,1.0,0.0,15.0
0.0037699222564697267,3.804712340843069e-05,0.08822369575500488,0.0002521817226002074,29,1,uniform,"{'clf__leaf_size': 15, 'clf__n_neighbors': 29, 'clf__p': 1, 'clf__weights': 'uniform'}",0.6709524167801612,0.6111858847753442,0.6975808758451033,0.6621272402766416,0.70466335654775,0.6693019548450001,0.03311134022473663,184,0.6794005877471572,0.6964071752924292,0.6752931830640712,0.698372791275295,0.6660681122933094,0.6831083699344525,0.012450349054255929,15.0
0.004120302200317383,0.0005360981455037189,0.08959941864013672,0.0007231920133178811,29,1,distance,"{'clf__leaf_size': 15, 'clf__n_neighbors': 29, 'clf__p': 1, 'clf__weights': 'distance'}",0.6857658889526359,0.6134763619082275,0.7027815891939536,0.6712289480107396,0.7103585960364958,0.6767222768204105,0.03441656306686264,151,1.0,1.0,1.0,1.0,1.0,1.0,0.0,15.0
0.004065322875976563,0.00020010949567372886,0.011903619766235352,0.00015953888203669745,29,2,uniform,"{'clf__leaf_size': 15, 'clf__n_neighbors': 29, 'clf__p': 2, 'clf__weights': 'uniform'}",0.6432005060088553,0.6123309024509273,0.6687547809776805,0.6596487008361868,0.6796919996032236,0.6527253779753746,0.023471300266234556,262,0.6540640315120365,0.6767348717683193,0.6729819123010903,0.6863604543979666,0.6457121791961672,0.667170689835116,0.01500495330094645,15.0
0.003882169723510742,6.290600903474105e-05,0.012013959884643554,0.00049125923227037,29,2,distance,"{'clf__leaf_size': 15, 'clf__n_neighbors': 29, 'clf__p': 2, 'clf__weights': 'distance'}",0.650674193157391,0.6241350892789505,0.6712205345445822,0.6767779570497028,0.6887347619742716,0.6623085072009796,0.0227143269799284,205,1.0,1.0,1.0,1.0,1.0,1.0,0.0,15.0
0.003796291351318359,0.00010815265931580741,5.907094192504883,0.015220621389838655,29,3,uniform,"{'clf__leaf_size': 15, 'clf__n_neighbors': 29, 'clf__p': 3, 'clf__weights': 'uniform'}",0.5996648397678607,0.6059543346555365,0.622197384658685,0.652876762275158,0.63998915388443,0.624136495048334,0.020052544827337423,445,0.6379867813212518,0.6541078788211983,0.6495352480367251,0.6418878024038595,0.639389640742808,0.6445814702651685,0.006212780968128304,15.0
0.0040912628173828125,0.0003968747206570287,5.900025749206543,0.02091289263571157,29,3,distance,"{'clf__leaf_size': 15, 'clf__n_neighbors': 29, 'clf__p': 3, 'clf__weights': 'distance'}",0.6125307954096124,0.6117761069340016,0.6298283311806767,0.6547780941842108,0.6608201854608351,0.6339467026338672,0.02060712659507049,367,1.0,1.0,1.0,1.0,1.0,1.0,0.0,15.0
0.00384373664855957,7.02687790245948e-05,5.8986656188964846,0.008843475983585246,29,4,uniform,"{'clf__leaf_size': 15, 'clf__n_neighbors': 29, 'clf__p': 4, 'clf__weights': 'uniform'}",0.5850766083675024,0.5690788237798845,0.615698348537966,0.6322784553463711,0.6092158564814815,0.6022696185026412,0.022478166086089296,571,0.619009519985091,0.6306608908297052,0.622060980282842,0.62264546362001,0.6215356787985509,0.6231825067032399,0.003939500633973133,15.0
0.004062747955322266,0.0003320408430317746,5.917194175720215,0.03026031575670295,29,4,distance,"{'clf__leaf_size': 15, 'clf__n_neighbors': 29, 'clf__p': 4, 'clf__weights': 'distance'}",0.5949608728841199,0.570370698082044,0.6113159881192668,0.6479155298483029,0.6219753752673343,0.6093076928402136,0.025988417843707746,532,1.0,1.0,1.0,1.0,1.0,1.0,0.0,15.0
0.003802776336669922,4.8863595506566845e-05,5.903960132598877,0.008153996515428336,29,5,uniform,"{'clf__leaf_size': 15, 'clf__n_neighbors': 29, 'clf__p': 5, 'clf__weights': 'uniform'}",0.5599679103406866,0.5326755278429743,0.5873850506549274,0.6007772198714001,0.5936969168160936,0.5749005251052164,0.025237687806431718,667,0.5993094316420057,0.6195564549488247,0.6102629662566986,0.5995024670313058,0.6026815394269577,0.6062625718611585,0.007740793917693495,15.0
0.0037450313568115233,3.083717367700391e-05,5.919358539581299,0.013711513595099948,29,5,distance,"{'clf__leaf_size': 15, 'clf__n_neighbors': 29, 'clf__p': 5, 'clf__weights': 'distance'}",0.5883961692785222,0.5271126275158533,0.5954268645739861,0.6176640667972068,0.5857920410478333,0.5828783538426803,0.03005416124399568,637,1.0,1.0,1.0,1.0,1.0,1.0,0.0,15.0
0.003780221939086914,0.00013640656815956176,0.08879890441894531,0.0003767448593321122,31,1,uniform,"{'clf__leaf_size': 15, 'clf__n_neighbors': 31, 'clf__p': 1, 'clf__weights': 'uniform'}",0.6535975232198143,0.5841549707602339,0.6857036123790816,0.6544873345021462,0.6961895126816757,0.6548265907085904,0.03914175609034946,250,0.6719813696319789,0.69732465588394,0.6709037699088675,0.6931920194939527,0.6618757026919551,0.6790555035221388,0.013749492351374177,15.0
0.004170656204223633,0.00026996576939303707,0.09106693267822266,0.001152380585034394,31,1,distance,"{'clf__leaf_size': 15, 'clf__n_neighbors': 31, 'clf__p': 1, 'clf__weights': 'distance'}",0.6734897839664472,0.5835569315445476,0.703423588718627,0.6743666809789609,0.7147087900955096,0.6699091550608184,0.04608605322550395,181,1.0,1.0,1.0,1.0,1.0,1.0,0.0,15.0
0.004255533218383789,0.0002559325445526089,0.01232147216796875,0.0002527209947549891,31,2,uniform,"{'clf__leaf_size': 15, 'clf__n_neighbors': 31, 'clf__p': 2, 'clf__weights': 'uniform'}",0.6325352822580645,0.6137236574845402,0.6664913156070721,0.6472915135932803,0.6834094437753737,0.6486902425436663,0.024527137589126155,286,0.6473698219070337,0.6741074392317798,0.6655845973260063,0.6734531552637355,0.6454383535648368,0.6611906734586784,0.01245527506447699,15.0
0.004142475128173828,0.00027372473133772165,0.012813282012939454,0.0006179418154082731,31,2,distance,"{'clf__leaf_size': 15, 'clf__n_neighbors': 31, 'clf__p': 2, 'clf__weights': 'distance'}",0.6489117471675612,0.6138049832627692,0.6713706541200614,0.675231203047344,0.6969006222108161,0.6612438419617104,0.028185565273853998,214,1.0,1.0,1.0,1.0,1.0,1.0,0.0,15.0
0.004322052001953125,0.00028735407529788986,5.908806228637696,0.02299576243735715,31,3,uniform,"{'clf__leaf_size': 15, 'clf__n_neighbors': 31, 'clf__p': 3, 'clf__weights': 'uniform'}",0.5922940848761195,0.6190377527959531,0.6225138165430633,0.6558987471268173,0.6283444890673806,0.6236177780818667,0.02033603637864654,454,0.6442614465687645,0.6532767867655315,0.6527786535080483,0.64460247399209,0.6349923366950286,0.6459823395058926,0.006708867385178926,15.0
0.004302406311035156,0.0004634732717640431,5.900633192062378,0.005879877173748542,31,3,distance,"{'clf__leaf_size': 15, 'clf__n_neighbors': 31, 'clf__p': 3, 'clf__weights': 'distance'}",0.6042140998536347,0.623580734091418,0.627335045634291,0.6523722069176615,0.6577129097252936,0.6330429992444598,0.019674569315411897,376,1.0,1.0,1.0,1.0,1.0,1.0,0.0,15.0
0.0042191028594970705,0.0006542027932576524,5.8996257305145265,0.008706026088505962,31,4,uniform,"{'clf__leaf_size': 15, 'clf__n_neighbors': 31, 'clf__p': 4, 'clf__weights': 'uniform'}",0.5775848946135831,0.559862580957699,0.5979416356706617,0.6282589701544627,0.61859624106652,0.5964488644925853,0.025294358974319028,598,0.6055096449397388,0.6250852031745655,0.617376674166023,0.6145254645633305,0.6158404293626276,0.6156674832412571,0.006263075575800748,15.0
0.004033899307250977,0.00037149441978513937,5.893634939193726,0.009109926666151253,31,4,distance,"{'clf__leaf_size': 15, 'clf__n_neighbors': 31, 'clf__p': 4, 'clf__weights': 'distance'}",0.5903640641165453,0.5636985191941576,0.6139712015626649,0.6446077684640993,0.6236813601703308,0.6072645827015596,0.027902086874913978,541,1.0,1.0,1.0,1.0,1.0,1.0,0.0,15.0
0.0037858963012695314,5.8605672820319226e-05,5.918247890472412,0.020577957468720365,31,5,uniform,"{'clf__leaf_size': 15, 'clf__n_neighbors': 31, 'clf__p': 5, 'clf__weights': 'uniform'}",0.527560995450726,0.5428106144874777,0.5963263996227502,0.5854140509235695,0.590643013317432,0.5685510147603912,0.02788060358870893,691,0.5999361523741626,0.6085650262340735,0.6088010809162374,0.5967847730861267,0.5965306476132657,0.6021235360447732,0.005489077146982554,15.0
0.004049921035766601,0.000389641630177427,5.907271957397461,0.015664669532838696,31,5,distance,"{'clf__leaf_size': 15, 'clf__n_neighbors': 31, 'clf__p': 5, 'clf__weights': 'distance'}",0.5671843853342682,0.5320511212925007,0.5976461005262849,0.6186960890451548,0.5866857484504543,0.5804526889297325,0.029379522513984284,649,1.0,1.0,1.0,1.0,1.0,1.0,0.0,15.0
0.004107379913330078,0.00043537064646414624,0.08845224380493164,0.0003515818249296917,33,1,uniform,"{'clf__leaf_size': 15, 'clf__n_neighbors': 33, 'clf__p': 1, 'clf__weights': 'uniform'}",0.6480340994953573,0.5753502231794461,0.6975893965206734,0.6436649013295884,0.6785778327295866,0.6486432906509304,0.04168651413286884,289,0.6635241892254088,0.6971102096621046,0.6695793168243399,0.6908416650470502,0.6560267042224524,0.6754164169962712,0.015874613059086853,15.0
0.004239416122436524,0.00043786727389955564,0.09145970344543457,0.0022764851831047423,33,1,distance,"{'clf__leaf_size': 15, 'clf__n_neighbors': 33, 'clf__p': 1, 'clf__weights': 'distance'}",0.6629244383934649,0.5747366025982014,0.7039066103963132,0.671330107977682,0.7121465690795672,0.6650088656890457,0.048843386551322095,199,1.0,1.0,1.0,1.0,1.0,1.0,0.0,15.0
0.004178285598754883,0.00012080206155411716,0.012404918670654297,0.00011559707043734332,33,2,uniform,"{'clf__leaf_size': 15, 'clf__n_neighbors': 33, 'clf__p': 2, 'clf__weights': 'uniform'}",0.6269273354212141,0.6077458741281951,0.6579601473170055,0.6577049209813185,0.665034513315442,0.643074558232635,0.02203050897668354,328,0.6408145469264619,0.6792196086810238,0.6578843320289727,0.6637481454839725,0.6358213668726692,0.65549759999862,0.015743239082636074,15.0
0.004086828231811524,5.98240818452911e-05,0.012572050094604492,0.0003754168654103467,33,2,distance,"{'clf__leaf_size': 15, 'clf__n_neighbors': 33, 'clf__p': 2, 'clf__weights': 'distance'}",0.6432292667586785,0.6140790163460278,0.6535614287652574,0.6700232431712784,0.6817000317317374,0.6525185973545959,0.023336449112324246,265,1.0,1.0,1.0,1.0,1.0,1.0,0.0,15.0
0.0039650917053222655,7.00508354429854e-05,5.923231029510498,0.021758629517205405,33,3,uniform,"{'clf__leaf_size': 15, 'clf__n_neighbors': 33, 'clf__p': 3, 'clf__weights': 'uniform'}",0.5962825754002224,0.5955947632728358,0.6203733405003996,0.6539467761392895,0.6338815556028672,0.620015802183123,0.022375661510426328,466,0.6338524914315221,0.6479288590840194,0.6357998598112187,0.6422906931934305,0.6316969828198132,0.6383137772680008,0.005971105084831671,15.0
0.0039866924285888675,0.00025229451787469416,5.925175380706787,0.020439393913903425,33,3,distance,"{'clf__leaf_size': 15, 'clf__n_neighbors': 33, 'clf__p': 3, 'clf__weights': 'distance'}",0.5962825754002224,0.6080139930931713,0.6280009775171066,0.65228614197455,0.6484198918396327,0.6266007159649366,0.021920009999880478,418,1.0,1.0,1.0,1.0,1.0,1.0,0.0,15.0
0.0038210868835449217,6.912517357485683e-05,5.905715656280518,0.005165528252561585,33,4,uniform,"{'clf__leaf_size': 15, 'clf__n_neighbors': 33, 'clf__p': 4, 'clf__weights': 'uniform'}",0.5538074630287745,0.5707562776866867,0.6075344611528822,0.614885764762247,0.6101952919348188,0.5914358517130818,0.024513346006745085,613,0.6043985884935527,0.6163494425030449,0.621116089587063,0.6111464167726305,0.6011415692375908,0.6108304213187763,0.007370166183027619,15.0
0.004254865646362305,0.000623182665175773,5.919071102142334,0.009066499173986381,33,4,distance,"{'clf__leaf_size': 15, 'clf__n_neighbors': 33, 'clf__p': 4, 'clf__weights': 'distance'}",0.5730438112256293,0.5737930388011844,0.6194348368502782,0.6214091257645264,0.6163597214586769,0.600808106820059,0.022422666125848385,580,1.0,1.0,1.0,1.0,1.0,1.0,0.0,15.0
0.003963184356689453,0.00029321156158977846,5.925138711929321,0.02248511637178141,33,5,uniform,"{'clf__leaf_size': 15, 'clf__n_neighbors': 33, 'clf__p': 5, 'clf__weights': 'uniform'}",0.5540034562211982,0.5335654251908841,0.5999663551068736,0.5695756366636112,0.5734564609156431,0.566113466819642,0.0219906871119206,700,0.583272800150379,0.5974240461322746,0.5970355628052108,0.5853065284034921,0.5926854780876215,0.5911448831157956,0.005874648997499356,15.0
0.004572820663452148,0.0009162628105588736,5.951921176910401,0.024935242765306596,33,5,distance,"{'clf__leaf_size': 15, 'clf__n_neighbors': 33, 'clf__p': 5, 'clf__weights': 'distance'}",0.5789763344750533,0.5272248127414305,0.5990705202863538,0.5952746572096713,0.5755665333646985,0.5752225716154415,0.02564685046826467,664,1.0,1.0,1.0,1.0,1.0,1.0,0.0,15.0
0.003740549087524414,4.4744250464670905e-05,0.0885500431060791,0.00031308164822853806,35,1,uniform,"{'clf__leaf_size': 15, 'clf__n_neighbors': 35, 'clf__p': 1, 'clf__weights': 'uniform'}",0.6482012093911358,0.5825911514867511,0.690975796870749,0.6453096745027125,0.6658501125207279,0.6465855889544152,0.03589188944867277,301,0.6649351503132561,0.6938615540040808,0.67487593663967,0.6866639732494788,0.653495561214056,0.6747664350841083,0.014527843659650739,15.0
0.004080724716186523,0.00014376639529049473,0.09078216552734375,0.000975431638719791,35,1,distance,"{'clf__leaf_size': 15, 'clf__n_neighbors': 35, 'clf__p': 1, 'clf__weights': 'distance'}",0.6664574274927191,0.5855092370434021,0.712097423510467,0.6546259227004042,0.6917434298692321,0.6620866881232449,0.04317283493627718,208,1.0,1.0,1.0,1.0,1.0,1.0,0.0,15.0
0.004219865798950196,0.0001901092162454865,0.012569570541381836,0.00025633279900695664,35,2,uniform,"{'clf__leaf_size': 15, 'clf__n_neighbors': 35, 'clf__p': 2, 'clf__weights': 'uniform'}",0.6269273354212141,0.5928510019235825,0.6591006827827744,0.6362804746679995,0.6615981535442486,0.6353515296679638,0.025024117905112518,364,0.6296715192851313,0.6742709744243487,0.6535910883564552,0.6628906325003378,0.6452024224299124,0.6531253273992371,0.01520243430049086,15.0
0.004184293746948242,0.00017776546815852684,0.012949848175048828,0.00023703361702884552,35,2,distance,"{'clf__leaf_size': 15, 'clf__n_neighbors': 35, 'clf__p': 2, 'clf__weights': 'distance'}",0.6284351578469225,0.6184347885740192,0.6546827646721339,0.6679792812166113,0.6721025003873156,0.6483268985394005,0.02135936332561707,292,1.0,1.0,1.0,1.0,1.0,1.0,0.0,15.0
0.004259490966796875,0.00031247126970619193,5.8935764789581295,0.01210971622089337,35,3,uniform,"{'clf__leaf_size': 15, 'clf__n_neighbors': 35, 'clf__p': 3, 'clf__weights': 'uniform'}",0.5868648082933797,0.5988461514973596,0.6181149458688185,0.6459203482089054,0.6250112215573885,0.6149514950851704,0.02058406883187806,511,0.6229492600731745,0.6512033398986146,0.6346496372235747,0.6384039167783273,0.6267106158276323,0.6347833539602646,0.009878837710857869,15.0
0.0041275501251220705,0.0004857051543381292,5.896362209320069,0.009392098792266821,35,3,distance,"{'clf__leaf_size': 15, 'clf__n_neighbors': 35, 'clf__p': 3, 'clf__weights': 'distance'}",0.6053900149862264,0.6109551679239811,0.6268971462841721,0.656545195418452,0.6473692454207602,0.6294313540067185,0.0199133421972595,403,1.0,1.0,1.0,1.0,1.0,1.0,0.0,15.0
0.004101705551147461,0.0004434191111997178,5.9015155792236325,0.009822796295561487,35,4,uniform,"{'clf__leaf_size': 15, 'clf__n_neighbors': 35, 'clf__p': 4, 'clf__weights': 'uniform'}",0.5670531674208145,0.5776317840002893,0.6219254492841912,0.6118041234110477,0.6048475532665256,0.5966524154765735,0.020848792203827397,595,0.5907419070376283,0.6150388493775678,0.6213140503090963,0.6060281782731284,0.6069056754646166,0.6080057320924075,0.010293071181314008,15.0
0.0038239002227783204,0.00014919979420005672,5.905947208404541,0.006343660591096971,35,4,distance,"{'clf__leaf_size': 15, 'clf__n_neighbors': 35, 'clf__p': 4, 'clf__weights': 'distance'}",0.5699031398828559,0.5818911341559877,0.6185135639621702,0.6247355841340804,0.6208847000185583,0.6031856244307305,0.022688247459421555,565,1.0,1.0,1.0,1.0,1.0,1.0,0.0,15.0
0.0038321495056152345,6.041498568016539e-05,5.92955322265625,0.00580274220560696,35,5,uniform,"{'clf__leaf_size': 15, 'clf__n_neighbors': 35, 'clf__p': 5, 'clf__weights': 'uniform'}",0.5526158958164062,0.5297997039284793,0.5906000820286534,0.5661608523875382,0.5796440972222222,0.56376412627666,0.021241239710741655,703,0.5839887724018901,0.5942119560053827,0.5827872433387731,0.5776199350115934,0.5787862007705095,0.5834788215056298,0.005870021239841283,15.0
0.0037193775177001955,4.3607898705584165e-05,5.944462871551513,0.03158321810558255,35,5,distance,"{'clf__leaf_size': 15, 'clf__n_neighbors': 35, 'clf__p': 5, 'clf__weights': 'distance'}",0.5583220734289206,0.5314517162851023,0.5906000820286534,0.5871811532882012,0.5796440972222222,0.56943982445062,0.0220605493234631,679,1.0,1.0,1.0,1.0,1.0,1.0,0.0,15.0
0.0041466236114501955,0.0006565637547989796,0.0914501667022705,0.0026290036390983085,37,1,uniform,"{'clf__leaf_size': 15, 'clf__n_neighbors': 37, 'clf__p': 1, 'clf__weights': 'uniform'}",0.6522691601157073,0.58138190404099,0.6651349918253724,0.6416242330810675,0.6835949411897702,0.6448010460505815,0.03465916355715538,316,0.6451382330756023,0.6832908527032158,0.6687468101378162,0.6764968411245957,0.6395519308846348,0.662644933585173,0.017292388803355346,15.0
0.004403114318847656,0.0004751260334847894,0.12200932502746582,0.03798271520076611,37,1,distance,"{'clf__leaf_size': 15, 'clf__n_neighbors': 37, 'clf__p': 1, 'clf__weights': 'distance'}",0.6721061168985697,0.5791941115619392,0.6842614450822603,0.6479018445322793,0.6941999697816726,0.6555326975713441,0.041184916496088186,238,1.0,1.0,1.0,1.0,1.0,1.0,0.0,15.0
0.0050182342529296875,0.0007820362721428115,0.013796091079711914,0.0020397118581595656,37,2,uniform,"{'clf__leaf_size': 15, 'clf__n_neighbors': 37, 'clf__p': 2, 'clf__weights': 'uniform'}",0.6170761982954102,0.5750833650100259,0.6365489808262197,0.6389083118583574,0.6590276476710903,0.6253289007322207,0.028420475388773035,430,0.6269529780310075,0.6649040941581444,0.64648276208335,0.6562763135645363,0.6334042310030336,0.6456040757680144,0.01402753804607667,15.0
0.004385805130004883,0.0008614768010780409,0.013997220993041992,0.0022728077754400207,37,2,distance,"{'clf__leaf_size': 15, 'clf__n_neighbors': 37, 'clf__p': 2, 'clf__weights': 'distance'}",0.6398762157382848,0.5899983288020314,0.646021047761521,0.6451104593840343,0.6724652423225405,0.6386942588016824,0.026862685699951695,349,1.0,1.0,1.0,1.0,1.0,1.0,0.0,15.0
0.004361629486083984,0.0006495741206004602,5.9081823348999025,0.02182919223264974,37,3,uniform,"{'clf__leaf_size': 15, 'clf__n_neighbors': 37, 'clf__p': 3, 'clf__weights': 'uniform'}",0.5971774640088593,0.5803698160048539,0.6094008667408117,0.6398197731801628,0.6291792736932195,0.6111894387255814,0.02141361147961169,523,0.6210898152390445,0.6402961565760863,0.6241411865492763,0.6390893439821546,0.6246782728659537,0.6298589550425031,0.008130995179915276,15.0
0.004108619689941406,0.00031171813352826836,5.949377059936523,0.04956965300398354,37,3,distance,"{'clf__leaf_size': 15, 'clf__n_neighbors': 37, 'clf__p': 3, 'clf__weights': 'distance'}",0.6001190476190476,0.6054629196577854,0.6219940653492423,0.6601327115955807,0.640559302864627,0.6256536094172566,0.02228927206593256,427,1.0,1.0,1.0,1.0,1.0,1.0,0.0,15.0
0.00409698486328125,0.0004190274729112617,5.9209565162658695,0.01714047778347801,37,4,uniform,"{'clf__leaf_size': 15, 'clf__n_neighbors': 37, 'clf__p': 4, 'clf__weights': 'uniform'}",0.5654498030741115,0.5527274475539714,0.6031802009118173,0.6038755104544578,0.5918666355667893,0.5834199195122295,0.02071328005701175,634,0.5851071734527387,0.6015802704278417,0.6157772361969805,0.6008390712219753,0.6002191601588787,0.600704582291683,0.009710660223375722,15.0
0.006539821624755859,0.005364333162696063,5.927753829956055,0.015077127005715951,37,4,distance,"{'clf__leaf_size': 15, 'clf__n_neighbors': 37, 'clf__p': 4, 'clf__weights': 'distance'}",0.5683885066489629,0.5709443478954587,0.6051305960944516,0.6100458150814754,0.6234056248762132,0.5955829781193123,0.022004689102152947,601,1.0,1.0,1.0,1.0,1.0,1.0,0.0,15.0
0.00383148193359375,0.00012035898840837322,5.90903868675232,0.009348844805230709,37,5,uniform,"{'clf__leaf_size': 15, 'clf__n_neighbors': 37, 'clf__p': 5, 'clf__weights': 'uniform'}",0.5268974859583375,0.5282970112648296,0.5955487803345914,0.5858192431561996,0.5660886276938539,0.5605302296815624,0.0285197149378289,715,0.5792283305881422,0.5929746091030388,0.5913860832648348,0.5673698189827431,0.5746447599576681,0.5811207203792853,0.009803048962119379,15.0
0.0037990570068359374,8.648209278792936e-05,5.936152362823487,0.02320355895575751,37,5,distance,"{'clf__leaf_size': 15, 'clf__n_neighbors': 37, 'clf__p': 5, 'clf__weights': 'distance'}",0.548544202974384,0.5289779628665625,0.5986460335897342,0.5927466874464218,0.574371496419143,0.568657276659249,0.02642446305181823,685,1.0,1.0,1.0,1.0,1.0,1.0,0.0,15.0
0.00439000129699707,0.0005906881381160721,0.08986496925354004,0.002300660438372358,39,1,uniform,"{'clf__leaf_size': 15, 'clf__n_neighbors': 39, 'clf__p': 1, 'clf__weights': 'uniform'}",0.6418987893311755,0.5845702444450555,0.6687283456130808,0.6478487088764844,0.668932614555256,0.6423957405642103,0.030891363178874157,334,0.6507233846548373,0.6759572276652767,0.6629144933979277,0.6747197466867537,0.6400448005022512,0.6608719305814093,0.013858301437140922,15.0
0.004242324829101562,0.0003830755409663279,0.09378790855407715,0.0042805616635413265,39,1,distance,"{'clf__leaf_size': 15, 'clf__n_neighbors': 39, 'clf__p': 1, 'clf__weights': 'distance'}",0.6652285186162248,0.5951994349529114,0.6815984051765449,0.6492040424067513,0.685750204028194,0.6553961210361253,0.032761529096765836,244,1.0,1.0,1.0,1.0,1.0,1.0,0.0,15.0
0.005164432525634766,0.00045885054880906944,0.012761783599853516,0.00043149804097054835,39,2,uniform,"{'clf__leaf_size': 15, 'clf__n_neighbors': 39, 'clf__p': 2, 'clf__weights': 'uniform'}",0.6184396842476467,0.5560076083171598,0.6495380699784272,0.6390136785429906,0.6549292870153525,0.6235856656203154,0.03602012890043854,457,0.6293365172271869,0.6602806234929296,0.6431913195181893,0.6509512604580172,0.6283932423222102,0.6424305926037066,0.012331310569112467,15.0
0.004554128646850586,0.0007299465612174256,0.013989782333374024,0.00185011440080255,39,2,distance,"{'clf__leaf_size': 15, 'clf__n_neighbors': 39, 'clf__p': 2, 'clf__weights': 'distance'}",0.6311758211954177,0.5855221283772897,0.6495380699784272,0.6362830303935363,0.6748520533520533,0.6354742206593449,0.029198450300443563,361,1.0,1.0,1.0,1.0,1.0,1.0,0.0,15.0
0.004264259338378906,0.0005309506194386799,5.8983752727508545,0.012651780960725337,39,3,uniform,"{'clf__leaf_size': 15, 'clf__n_neighbors': 39, 'clf__p': 3, 'clf__weights': 'uniform'}",0.5894089278859116,0.5804599417217173,0.5833921983813288,0.6300651430999024,0.6133403361344538,0.5993333094446628,0.01923257017127239,586,0.6209236879981946,0.639236580641331,0.6152251915882904,0.6307130713071307,0.6198645060912379,0.6251926075252369,0.008644887744004745,15.0
0.003862285614013672,0.000177441261972749,5.917113590240478,0.01958314229754022,39,3,distance,"{'clf__leaf_size': 15, 'clf__n_neighbors': 39, 'clf__p': 3, 'clf__weights': 'distance'}",0.6017817563792139,0.5910192703043018,0.6048407434151709,0.658628523773752,0.6305537819411293,0.6173648151627136,0.024373815134660526,484,1.0,1.0,1.0,1.0,1.0,1.0,0.0,15.0
0.0037528514862060548,3.8585408276384296e-05,5.916977977752685,0.007658794371869181,39,4,uniform,"{'clf__leaf_size': 15, 'clf__n_neighbors': 39, 'clf__p': 4, 'clf__weights': 'uniform'}",0.5526063930844496,0.5595612683937023,0.6048421238361816,0.5884111182373919,0.5886207428365972,0.5788083292776646,0.019612477088404287,655,0.5875722587189702,0.5911858093377245,0.6216937573884379,0.5936743453447474,0.5916782151518507,0.5971608771883462,0.012423532011354103,15.0
0.004037284851074218,0.0005766770612938806,5.912346649169922,0.011263259054268521,39,4,distance,"{'clf__leaf_size': 15, 'clf__n_neighbors': 39, 'clf__p': 4, 'clf__weights': 'distance'}",0.5669853507966546,0.5595612683937023,0.6062424242424244,0.5820040548269148,0.5956541177594641,0.582089443203832,0.01733797247515431,640,1.0,1.0,1.0,1.0,1.0,1.0,0.0,15.0
0.003894805908203125,0.00018621391562788776,5.917971801757813,0.016644402967822373,39,5,uniform,"{'clf__leaf_size': 15, 'clf__n_neighbors': 39, 'clf__p': 5, 'clf__weights': 'uniform'}",0.5229544335637066,0.5473125694364632,0.5769177663281192,0.5671870882740447,0.5538632559749295,0.5536470227154526,0.01847738059153144,721,0.5776454667937794,0.5886195135415682,0.5867222639314436,0.5712261410814455,0.568660370638306,0.5785747511973085,0.008005495566320459,15.0
0.004168558120727539,0.0005102870214019852,5.910872268676758,0.005041239272902317,39,5,distance,"{'clf__leaf_size': 15, 'clf__n_neighbors': 39, 'clf__p': 5, 'clf__weights': 'distance'}",0.5401382104309651,0.545209478021978,0.5804399265755582,0.5785962022065505,0.5700595700595701,0.5628886774589243,0.01694893638351983,706,1.0,1.0,1.0,1.0,1.0,1.0,0.0,15.0
0.0038655757904052734,0.00013982338847215092,0.09113574028015137,0.0026402780933391244,41,1,uniform,"{'clf__leaf_size': 15, 'clf__n_neighbors': 41, 'clf__p': 1, 'clf__weights': 'uniform'}",0.6422009035461137,0.5782149637534917,0.6472472295726468,0.6289118335660888,0.6445399159663866,0.6282229692809456,0.02578690763135623,406,0.6522926294747927,0.6749018244736318,0.6581611903368642,0.6685420335969167,0.6312243203686314,0.6570243996501673,0.015110157133805063,15.0
0.004347753524780273,0.0006802408118310345,0.09173908233642578,0.0025130560091448126,41,1,distance,"{'clf__leaf_size': 15, 'clf__n_neighbors': 41, 'clf__p': 1, 'clf__weights': 'distance'}",0.6642998892699731,0.5864587260662996,0.6939485018074512,0.6385178295154842,0.668932614555256,0.6504315122428928,0.03650425798787076,274,1.0,1.0,1.0,1.0,1.0,1.0,0.0,15.0
0.004781389236450195,0.0008958324170526839,0.01420125961303711,0.0014539373975604982,41,2,uniform,"{'clf__leaf_size': 15, 'clf__n_neighbors': 41, 'clf__p': 2, 'clf__weights': 'uniform'}",0.6147388325959755,0.5681421836624972,0.6438642751632673,0.6168582418848944,0.6392141556075982,0.6165635377828466,0.02685674843957356,499,0.6248026166800487,0.6537116974619651,0.6386649856939547,0.6435280094899876,0.628201291687511,0.6377817202026934,0.010467147775476249,15.0
0.00442814826965332,0.0005860453411106361,0.015017032623291016,0.001817584653099808,41,2,distance,"{'clf__leaf_size': 15, 'clf__n_neighbors': 41, 'clf__p': 2, 'clf__weights': 'distance'}",0.632294120742565,0.5967684852264133,0.6522618606596935,0.645642579091064,0.6586586000520427,0.6371251291543557,0.021987975415631474,358,1.0,1.0,1.0,1.0,1.0,1.0,0.0,15.0
0.00448455810546875,0.0005918788472742858,5.903648042678833,0.01815007276729654,41,3,uniform,"{'clf__leaf_size': 15, 'clf__n_neighbors': 41, 'clf__p': 3, 'clf__weights': 'uniform'}",0.5836923149921825,0.576759973912704,0.5970959162663005,0.6482769564984907,0.6263847388617609,0.6064419801062877,0.026958473770954394,550,0.6083947833198405,0.6372894345460174,0.6193079825641884,0.62421795762362,0.6081405484516429,0.6194701413010618,0.010873072202319081,15.0
0.0038473129272460936,0.0001992284993939893,5.9133477210998535,0.015561594744629618,41,3,distance,"{'clf__leaf_size': 15, 'clf__n_neighbors': 41, 'clf__p': 3, 'clf__weights': 'distance'}",0.5956213913205438,0.5888131510190651,0.6201365759116938,0.6579352977506777,0.6240858505564388,0.6173184533116839,0.024440876786561413,487,1.0,1.0,1.0,1.0,1.0,1.0,0.0,15.0
0.0039673328399658205,0.0001420510139297307,5.911059474945068,0.01892884351275105,41,4,uniform,"{'clf__leaf_size': 15, 'clf__n_neighbors': 41, 'clf__p': 4, 'clf__weights': 'uniform'}",0.5489704943620186,0.5564817841373618,0.5762217203086767,0.5871503107650924,0.5704283508831203,0.567850532091254,0.01367411900965354,694,0.5848779697409745,0.5934298179720734,0.6147024476435666,0.5911591198979591,0.5873551962810344,0.5943049103071216,0.010619670868411799,15.0
0.0042492389678955075,0.0008248612839717169,5.904721975326538,0.018148361953032842,41,4,distance,"{'clf__leaf_size': 15, 'clf__n_neighbors': 41, 'clf__p': 4, 'clf__weights': 'distance'}",0.5750771259391949,0.5564817841373618,0.5837121760693997,0.5894183332446069,0.5771428400738745,0.5763664518928875,0.011153263399264283,661,1.0,1.0,1.0,1.0,1.0,1.0,0.0,15.0
0.003838634490966797,0.00012280446434911722,5.9321112632751465,0.027244514984230018,41,5,uniform,"{'clf__leaf_size': 15, 'clf__n_neighbors': 41, 'clf__p': 5, 'clf__weights': 'uniform'}",0.5284203255661482,0.5475055289317483,0.5661156422902567,0.5646223780870255,0.558108235913084,0.5529544221576526,0.013910665261754392,724,0.5737779242093553,0.5832429971010091,0.5786362025189118,0.5685912611191355,0.5648138298687306,0.5738124429634285,0.006639894225280718,15.0
0.003819561004638672,3.577251302068442e-05,5.932783412933349,0.01614327479338546,41,5,distance,"{'clf__leaf_size': 15, 'clf__n_neighbors': 41, 'clf__p': 5, 'clf__weights': 'distance'}",0.5259107907673481,0.5530327722233966,0.5831221075949992,0.5834128245720893,0.5662079817865274,0.5623372953888721,0.021469200973787444,712,1.0,1.0,1.0,1.0,1.0,1.0,0.0,15.0
0.003876352310180664,0.00012010661953743897,0.09251194000244141,0.003650202512558258,43,1,uniform,"{'clf__leaf_size': 15, 'clf__n_neighbors': 43, 'clf__p': 1, 'clf__weights': 'uniform'}",0.6320484889981638,0.5791613813592632,0.6626691753860594,0.6277347331668515,0.655420275923021,0.6314068109666717,0.02931710336723982,388,0.6407629503821362,0.6650855606327838,0.6449297841255223,0.6563189310836892,0.6351717480595009,0.6484537948567265,0.010830110878361136,15.0
0.004096317291259766,0.0001212152882813536,0.09496078491210938,0.004092537823544697,43,1,distance,"{'clf__leaf_size': 15, 'clf__n_neighbors': 43, 'clf__p': 1, 'clf__weights': 'distance'}",0.6414827092916677,0.5874015687929193,0.6916027634642677,0.6303033009012117,0.6732694424620667,0.6448119569824267,0.036101927135775876,313,1.0,1.0,1.0,1.0,1.0,1.0,0.0,15.0
0.0040875434875488285,7.20946561046486e-05,0.01309809684753418,0.00032154698371094877,43,2,uniform,"{'clf__leaf_size': 15, 'clf__n_neighbors': 43, 'clf__p': 2, 'clf__weights': 'uniform'}",0.6031327915781697,0.5531837385334559,0.6294801063109228,0.6330885435182876,0.6358076705675025,0.6109385701016677,0.031143001760158846,526,0.6222070521540473,0.6558704944263172,0.6323543986581405,0.6386287031263607,0.6236753997197139,0.6345472096169159,0.01221986269056,15.0
0.004018545150756836,7.78958414485698e-05,0.01346573829650879,0.00040525673326823205,43,2,distance,"{'clf__leaf_size': 15, 'clf__n_neighbors': 43, 'clf__p': 2, 'clf__weights': 'distance'}",0.6270142222154607,0.5681421836624972,0.6358949815254551,0.6330885435182876,0.6567947903198709,0.6241869442483143,0.029761038025235272,442,1.0,1.0,1.0,1.0,1.0,1.0,0.0,15.0
0.0038887500762939454,0.00019571099058568797,5.907705354690552,0.009486211243129242,43,3,uniform,"{'clf__leaf_size': 15, 'clf__n_neighbors': 43, 'clf__p': 3, 'clf__weights': 'uniform'}",0.5840529902641703,0.5807932901233599,0.5714122531334556,0.6427765401157214,0.620229933189492,0.5998530013652399,0.02712725062676208,583,0.6091281478378252,0.6302583961043684,0.6135370246583481,0.6256996869485927,0.6001011762416055,0.6157448863581481,0.010982910070571755,15.0
0.003950357437133789,0.00014344368166554117,5.911441373825073,0.007566895929568125,43,3,distance,"{'clf__leaf_size': 15, 'clf__n_neighbors': 43, 'clf__p': 3, 'clf__weights': 'distance'}",0.5959931687086859,0.5959668060574431,0.6132630132821412,0.6625018148409961,0.620229933189492,0.6175909472157517,0.024399790192664576,481,1.0,1.0,1.0,1.0,1.0,1.0,0.0,15.0
0.004293680191040039,0.000448142611912684,5.916814804077148,0.007280432857354178,43,4,uniform,"{'clf__leaf_size': 15, 'clf__n_neighbors': 43, 'clf__p': 4, 'clf__weights': 'uniform'}",0.5486892205018042,0.5596408983668842,0.5661307297504572,0.591424730819442,0.5769815738795518,0.5685734306636279,0.014656176349196562,688,0.5807596815790022,0.5991291497772173,0.6139763727897041,0.5887147861212513,0.5769014291730681,0.5918962838880486,0.013407730470359838,15.0
0.0039097309112548825,0.00017687493938346122,5.939931917190552,0.0198738190682843,43,4,distance,"{'clf__leaf_size': 15, 'clf__n_neighbors': 43, 'clf__p': 4, 'clf__weights': 'distance'}",0.551196893048924,0.5596408983668842,0.5734276745036856,0.5884747881504306,0.5816180221071525,0.5708716552354154,0.013748556948279918,676,1.0,1.0,1.0,1.0,1.0,1.0,0.0,15.0
0.004285478591918945,0.0005505187028291984,5.9333127498626705,0.029962115686748995,43,5,uniform,"{'clf__leaf_size': 15, 'clf__n_neighbors': 43, 'clf__p': 5, 'clf__weights': 'uniform'}",0.5094521461931945,0.5324248120300752,0.549620170113198,0.5722520233389798,0.5574809665673618,0.5442460236485618,0.021627464647781137,742,0.5690577842967374,0.5743400265053588,0.5770012077055638,0.5740946108048588,0.5585471177656801,0.5706081494156398,0.006554778873354758,15.0
0.003732776641845703,2.2887488195663684e-05,5.9308256149292,0.021964884061405517,43,5,distance,"{'clf__leaf_size': 15, 'clf__n_neighbors': 43, 'clf__p': 5, 'clf__weights': 'distance'}",0.5229186457046959,0.5330128205128205,0.568180841585097,0.5834128245720893,0.5610480249131188,0.5537146314575643,0.022458808001219945,718,1.0,1.0,1.0,1.0,1.0,1.0,0.0,15.0
0.003805208206176758,0.00012935418850163724,0.08921799659729004,0.0003744815234768948,45,1,uniform,"{'clf__leaf_size': 15, 'clf__n_neighbors': 45, 'clf__p': 1, 'clf__weights': 'uniform'}",0.6292682368035191,0.5651497795857976,0.6629944369275631,0.6190281119445624,0.6449279123678775,0.6242736955258639,0.03308773644063561,439,0.6285816509004253,0.6667288336485688,0.6409958341826335,0.6489421327133452,0.6244546374512872,0.6419406177792519,0.015156457221265024,15.0
0.003973722457885742,0.00026218855479633203,0.09070329666137696,0.0007351057077841647,45,1,distance,"{'clf__leaf_size': 15, 'clf__n_neighbors': 45, 'clf__p': 1, 'clf__weights': 'distance'}",0.6418636076131332,0.5758106510149378,0.6916027634642677,0.6221818525389954,0.66110413080895,0.6385126010880569,0.038828854456803466,352,1.0,1.0,1.0,1.0,1.0,1.0,0.0,15.0
0.003989458084106445,0.00013466551672161166,0.012981939315795898,0.0003721660226290176,45,2,uniform,"{'clf__leaf_size': 15, 'clf__n_neighbors': 45, 'clf__p': 2, 'clf__weights': 'uniform'}",0.5964760625271217,0.5386161811388808,0.5990968690453723,0.6158387664966612,0.6260245478335442,0.595210485408316,0.03031386931015268,607,0.6110664323579925,0.6543280362257793,0.6332384195535805,0.6362475110027397,0.6194805143503026,0.6308721826980789,0.0148775545721178,15.0
0.003936052322387695,0.0001124287577861767,0.013396215438842774,0.0006816810279222413,45,2,distance,"{'clf__leaf_size': 15, 'clf__n_neighbors': 45, 'clf__p': 2, 'clf__weights': 'distance'}",0.6202840602462838,0.5653183138787935,0.6291170962994983,0.6264770960570091,0.6439608934196005,0.6170314919802371,0.027001133012139262,493,1.0,1.0,1.0,1.0,1.0,1.0,0.0,15.0
0.0039961814880371095,0.000254804992908219,5.901246404647827,0.0199691462897528,45,3,uniform,"{'clf__leaf_size': 15, 'clf__n_neighbors': 45, 'clf__p': 3, 'clf__weights': 'uniform'}",0.5903893824377947,0.5716989118429351,0.6029432959525338,0.6392489753404335,0.5859546450159011,0.5980470421179197,0.02289393977157508,589,0.6028817798267513,0.6290388801821595,0.6061937251657433,0.6208038332653719,0.5956851835745354,0.6109206804029123,0.012206836327554661,15.0
0.0041347980499267575,0.0003548302452801453,5.902149868011475,0.009502913494238829,45,3,distance,"{'clf__leaf_size': 15, 'clf__n_neighbors': 45, 'clf__p': 3, 'clf__weights': 'distance'}",0.5950090764692534,0.5837217128937282,0.6096673571400786,0.6424073006000138,0.603142024818402,0.6067894943842952,0.019804620860018052,544,1.0,1.0,1.0,1.0,1.0,1.0,0.0,15.0
0.003854846954345703,0.00013980330408846058,5.906882810592651,0.010179438964371353,45,4,uniform,"{'clf__leaf_size': 15, 'clf__n_neighbors': 45, 'clf__p': 4, 'clf__weights': 'uniform'}",0.5334995165990201,0.5631650228212413,0.5796391168226721,0.5949097092613329,0.572978506346811,0.5688383743702154,0.020467208015182488,682,0.5683708076104578,0.583224067797403,0.5931439716607613,0.5807115379951581,0.5771615723915137,0.5805223914910587,0.00806963708070755,15.0
0.003814506530761719,1.0714945808463317e-05,5.9101893424987795,0.007253499827022151,45,4,distance,"{'clf__leaf_size': 15, 'clf__n_neighbors': 45, 'clf__p': 4, 'clf__weights': 'distance'}",0.5429324302390066,0.5619534179617525,0.5763765667197726,0.6043203692766366,0.5730415197806502,0.5717248607955637,0.020051554974298755,673,1.0,1.0,1.0,1.0,1.0,1.0,0.0,15.0
0.003929567337036133,0.00014239689304134705,5.928867387771606,0.016975307200730372,45,5,uniform,"{'clf__leaf_size': 15, 'clf__n_neighbors': 45, 'clf__p': 5, 'clf__weights': 'uniform'}",0.5130512602574248,0.527243307164567,0.5499574880311657,0.5695759564358267,0.5608333506540178,0.5441322725086004,0.021030961327728036,745,0.5618550234902633,0.5661736011796297,0.5526249092013116,0.5534548086056956,0.5588332008691008,0.5585883086692002,0.00510260750001641,15.0
0.004189062118530274,0.0004924928604012286,5.94305272102356,0.020345597959722822,45,5,distance,"{'clf__leaf_size': 15, 'clf__n_neighbors': 45, 'clf__p': 5, 'clf__weights': 'distance'}",0.5151780411633916,0.5330128205128205,0.5464866605365115,0.5881087591582719,0.5737905484340743,0.5513153659610139,0.026544654526491924,727,1.0,1.0,1.0,1.0,1.0,1.0,0.0,15.0
0.003839588165283203,0.00019689994919175628,0.09231972694396973,0.002679029177761079,47,1,uniform,"{'clf__leaf_size': 15, 'clf__n_neighbors': 47, 'clf__p': 1, 'clf__weights': 'uniform'}",0.6292682368035191,0.5607134815014975,0.6695728388134454,0.6155588306458246,0.6365456989247312,0.6223318173378036,0.03556558762286697,460,0.6212046205937027,0.6672064938264951,0.6377293361400437,0.6442042435291652,0.6198631912653239,0.638041577070946,0.017335542307911386,15.0
0.0040471553802490234,0.0001237170524766257,0.09323515892028808,0.0015746596630382484,47,1,distance,"{'clf__leaf_size': 15, 'clf__n_neighbors': 47, 'clf__p': 1, 'clf__weights': 'distance'}",0.6340157683486238,0.5819809152750218,0.6819308319452967,0.6216336460068379,0.6496087256696584,0.6338339774490878,0.03286265748813185,370,1.0,1.0,1.0,1.0,1.0,1.0,0.0,15.0
0.0043947696685791016,0.00038496206980816465,0.015192985534667969,0.0015644212984701673,47,2,uniform,"{'clf__leaf_size': 15, 'clf__n_neighbors': 47, 'clf__p': 2, 'clf__weights': 'uniform'}",0.5808723901748101,0.5500120657362513,0.5992700534759358,0.6187973818832373,0.6086305644444462,0.5915164911429361,0.024220530329305958,610,0.6033178425964727,0.6465132112173771,0.6273487873397454,0.6245564726157891,0.6250254021051407,0.625352343174905,0.013696916746225364,15.0
0.004024887084960937,0.0002529032357358469,0.014704656600952149,0.0010509984927329847,47,2,distance,"{'clf__leaf_size': 15, 'clf__n_neighbors': 47, 'clf__p': 2, 'clf__weights': 'distance'}",0.6234652691547315,0.5649635667754735,0.6291170962994983,0.6294673736312106,0.6351157949518605,0.616425820162555,0.025993780526404615,502,1.0,1.0,1.0,1.0,1.0,1.0,0.0,15.0
0.003947544097900391,9.999553756581496e-05,5.904716968536377,0.012900972409601249,47,3,uniform,"{'clf__leaf_size': 15, 'clf__n_neighbors': 47, 'clf__p': 3, 'clf__weights': 'uniform'}",0.5903893824377947,0.5851021678712341,0.5937063078037594,0.6395484667350296,0.6004912369777865,0.6018475123651209,0.019499620297270374,577,0.6050572998711577,0.6196078791063593,0.6078722731049339,0.6066721132897603,0.5907599594070418,0.6059939049558507,0.00918998206404274,15.0
0.0039402484893798825,0.00015548047523479292,5.9048844337463375,0.008537749390044893,47,3,distance,"{'clf__leaf_size': 15, 'clf__n_neighbors': 47, 'clf__p': 3, 'clf__weights': 'distance'}",0.5923124593608716,0.5851021678712341,0.6166772509255922,0.6377189727565667,0.607049595253345,0.607772089233522,0.018598737728285623,538,1.0,1.0,1.0,1.0,1.0,1.0,0.0,15.0
0.0038424968719482423,0.00010929869081027638,5.900287055969239,0.005705747849200147,47,4,uniform,"{'clf__leaf_size': 15, 'clf__n_neighbors': 47, 'clf__p': 4, 'clf__weights': 'uniform'}",0.5239515733586879,0.5583750107130262,0.5638143221528564,0.5979855490725056,0.5686417931854038,0.562553649696496,0.023671314289323096,709,0.5638788869844118,0.5714322887849529,0.5903516566109847,0.5731039240658798,0.579124169964857,0.5755781852822173,0.008843228702970002,15.0
0.003969669342041016,0.0003988805389597724,5.904970121383667,0.014883202992120006,47,4,distance,"{'clf__leaf_size': 15, 'clf__n_neighbors': 47, 'clf__p': 4, 'clf__weights': 'distance'}",0.5492691329405326,0.5547568077724011,0.5810846797559396,0.5979855490725056,0.5771906254279641,0.5720573589938687,0.017881422227570266,670,1.0,1.0,1.0,1.0,1.0,1.0,0.0,15.0
0.004195022583007813,0.0008516240813803358,5.908619356155396,0.011863726077917693,47,5,uniform,"{'clf__leaf_size': 15, 'clf__n_neighbors': 47, 'clf__p': 5, 'clf__weights': 'uniform'}",0.5056142242250408,0.5460240692284323,0.5605191306278262,0.5708006323527051,0.5545843838826506,0.547508488063331,0.022446389237530454,736,0.5552236333930006,0.5671885722192263,0.5531066110932408,0.5535315221640971,0.5584574969542146,0.557501567164756,0.005196493955235892,15.0
0.0039538383483886715,0.00028281724382000356,5.921387338638306,0.0221831560419705,47,5,distance,"{'clf__leaf_size': 15, 'clf__n_neighbors': 47, 'clf__p': 5, 'clf__weights': 'distance'}",0.509149178577152,0.546383292238818,0.5458148045210302,0.5811941832975975,0.5566620600008381,0.5478407037270872,0.023210055408103624,733,1.0,1.0,1.0,1.0,1.0,1.0,0.0,15.0
0.003929519653320312,9.977304509235282e-05,0.08929109573364258,0.0003514637276442158,49,1,uniform,"{'clf__leaf_size': 15, 'clf__n_neighbors': 49, 'clf__p': 1, 'clf__weights': 'uniform'}",0.6167641139888121,0.5607134815014975,0.6489867546076885,0.6152936812611003,0.6286902654867256,0.6140896593691648,0.029286869737397404,517,0.6213946490745325,0.6619708720445706,0.6387244097706163,0.6368803772595337,0.6164262783331258,0.6350793172964758,0.01596804458797799,15.0
0.004161643981933594,0.0002560155265969096,0.09200987815856934,0.0017119732399916675,49,1,distance,"{'clf__leaf_size': 15, 'clf__n_neighbors': 49, 'clf__p': 1, 'clf__weights': 'distance'}",0.6328069682446344,0.5779590404522257,0.6764599667379425,0.6184781488352917,0.6577027027027027,0.6326813653945594,0.033878941069846055,379,1.0,1.0,1.0,1.0,1.0,1.0,0.0,15.0
0.004077768325805664,0.0002481947989537443,0.013777351379394532,0.0005692678549759155,49,2,uniform,"{'clf__leaf_size': 15, 'clf__n_neighbors': 49, 'clf__p': 2, 'clf__weights': 'uniform'}",0.585773365530331,0.5405541656350048,0.6153410418264409,0.6112382987382987,0.5978423869910651,0.5901498517442281,0.026897507189807636,622,0.6007154366671954,0.6451792255562849,0.6245580935096866,0.621276847591544,0.6209984663145606,0.6225456139278542,0.014120131177855154,15.0
0.00418558120727539,0.0005112041410007795,0.013911962509155273,0.0004561658131870263,49,2,distance,"{'clf__leaf_size': 15, 'clf__n_neighbors': 49, 'clf__p': 2, 'clf__weights': 'distance'}",0.6022315229506879,0.5560076083171598,0.6291170962994983,0.6112382987382987,0.6336661042369705,0.606452126108523,0.027711628584384994,547,1.0,1.0,1.0,1.0,1.0,1.0,0.0,15.0
0.004395055770874024,0.0003167391819392038,5.912737560272217,0.008212036341239149,49,3,uniform,"{'clf__leaf_size': 15, 'clf__n_neighbors': 49, 'clf__p': 3, 'clf__weights': 'uniform'}",0.5890809873521012,0.5793357479814475,0.5813075702939295,0.6090108134151241,0.592954652101282,0.590337954228777,0.01058016181348571,619,0.5914864468287219,0.6087071394420706,0.613617677949868,0.6029229851357976,0.5821374498494482,0.5997743398411812,0.011498660313783032,15.0
0.004078722000122071,0.000498003956893513,5.9230735301971436,0.031465327537814246,49,3,distance,"{'clf__leaf_size': 15, 'clf__n_neighbors': 49, 'clf__p': 3, 'clf__weights': 'distance'}",0.5884569277283263,0.5817047993708907,0.6089763883806436,0.6377189727565667,0.5992954519418032,0.6032305080356462,0.019593717436074562,562,1.0,1.0,1.0,1.0,1.0,1.0,0.0,15.0
0.004178285598754883,0.0004257638639288175,5.9082560539245605,0.008800661000576346,49,4,uniform,"{'clf__leaf_size': 15, 'clf__n_neighbors': 49, 'clf__p': 4, 'clf__weights': 'uniform'}",0.5218245926126085,0.5547568077724011,0.5358545312938267,0.5779910604247768,0.5650706763802918,0.551099533696781,0.020105496587041007,730,0.5584748919395839,0.5757036654521922,0.5796529898902331,0.569787797892449,0.5644830256585904,0.5696204741666098,0.007593444087407358,15.0
0.003958988189697266,0.0004093058176632845,5.940670537948608,0.033468132752502926,49,4,distance,"{'clf__leaf_size': 15, 'clf__n_neighbors': 49, 'clf__p': 4, 'clf__weights': 'distance'}",0.5355021699537809,0.551097653960098,0.5723024898302511,0.6043200808060571,0.5717522003354373,0.5669949189771248,0.02318829884190734,697,1.0,1.0,1.0,1.0,1.0,1.0,0.0,15.0
0.0037885665893554687,3.2781852367855513e-05,5.918855953216553,0.017375668415522124,49,5,uniform,"{'clf__leaf_size': 15, 'clf__n_neighbors': 49, 'clf__p': 5, 'clf__weights': 'uniform'}",0.5052779366036672,0.5300879601122058,0.533043660134917,0.5576821059910909,0.5481464528010204,0.5348476231285801,0.017880422332531426,748,0.544986458975997,0.5636743452062745,0.5583182828806239,0.5512956883978893,0.5551958688992651,0.5546941288720099,0.0063216892237659365,15.0
0.0037693500518798826,4.760578462952107e-05,5.946554136276245,0.03249363921913297,49,5,distance,"{'clf__leaf_size': 15, 'clf__n_neighbors': 49, 'clf__p': 5, 'clf__weights': 'distance'}",0.505199635953988,0.5451428074409906,0.540798007532659,0.5802465451070968,0.5504693896484941,0.5443712771366458,0.023966655235034457,739,1.0,1.0,1.0,1.0,1.0,1.0,0.0,15.0
0.004190492630004883,0.0008579864089091121,0.08704972267150879,0.0004453573542637741,1,1,uniform,"{'clf__leaf_size': 30, 'clf__n_neighbors': 1, 'clf__p': 1, 'clf__weights': 'uniform'}",0.7273553987228262,0.7412806818393286,0.6803290428538691,0.6867024118320832,0.6800884118503882,0.703151189419699,0.025934557283203274,67,1.0,1.0,1.0,1.0,1.0,1.0,0.0,30.0
0.004111194610595703,0.00023014962231007594,0.08721776008605957,0.00039042526755613346,1,1,distance,"{'clf__leaf_size': 30, 'clf__n_neighbors': 1, 'clf__p': 1, 'clf__weights': 'distance'}",0.7273553987228262,0.7412806818393286,0.6803290428538691,0.6867024118320832,0.6800884118503882,0.703151189419699,0.025934557283203274,67,1.0,1.0,1.0,1.0,1.0,1.0,0.0,30.0
0.004876232147216797,0.0008714068225238402,0.01044449806213379,0.0006804439615466176,1,2,uniform,"{'clf__leaf_size': 30, 'clf__n_neighbors': 1, 'clf__p': 2, 'clf__weights': 'uniform'}",0.7047224582271311,0.7017839974361714,0.6336042668789148,0.6576097707741778,0.7270613147750975,0.6849563616182985,0.03415133569166302,118,1.0,1.0,1.0,1.0,1.0,1.0,0.0,30.0
0.004175615310668945,0.0004965515396955604,0.010419988632202148,0.0006238440804646008,1,2,distance,"{'clf__leaf_size': 30, 'clf__n_neighbors': 1, 'clf__p': 2, 'clf__weights': 'distance'}",0.7047224582271311,0.7017839974361714,0.6336042668789148,0.6576097707741778,0.7270613147750975,0.6849563616182985,0.03415133569166302,118,1.0,1.0,1.0,1.0,1.0,1.0,0.0,30.0
0.004071283340454102,0.00027691151093109335,5.895419502258301,0.005493888233137684,1,3,uniform,"{'clf__leaf_size': 30, 'clf__n_neighbors': 1, 'clf__p': 3, 'clf__weights': 'uniform'}",0.6998144844747298,0.6403174591817692,0.6383002645502645,0.6128857226395573,0.6906798189433372,0.6563995499579317,0.03328562550021812,229,1.0,1.0,1.0,1.0,1.0,1.0,0.0,30.0
0.0038446903228759764,0.00013570004733605808,5.895632934570313,0.004226827369977748,1,3,distance,"{'clf__leaf_size': 30, 'clf__n_neighbors': 1, 'clf__p': 3, 'clf__weights': 'distance'}",0.6998144844747298,0.6403174591817692,0.6383002645502645,0.6128857226395573,0.6906798189433372,0.6563995499579317,0.03328562550021812,229,1.0,1.0,1.0,1.0,1.0,1.0,0.0,30.0
0.004101800918579102,0.0004439434200344,5.912784719467163,0.013479157464034342,1,4,uniform,"{'clf__leaf_size': 30, 'clf__n_neighbors': 1, 'clf__p': 4, 'clf__weights': 'uniform'}",0.6599079510038414,0.6296589987465899,0.6072145435094888,0.6041820564756345,0.6517014390338243,0.6305329977538758,0.022582635247118163,391,1.0,1.0,1.0,1.0,1.0,1.0,0.0,30.0
0.003755950927734375,7.141670843104845e-05,5.925540781021118,0.037015319047139124,1,4,distance,"{'clf__leaf_size': 30, 'clf__n_neighbors': 1, 'clf__p': 4, 'clf__weights': 'distance'}",0.6599079510038414,0.6296589987465899,0.6072145435094888,0.6041820564756345,0.6517014390338243,0.6305329977538758,0.022582635247118163,391,1.0,1.0,1.0,1.0,1.0,1.0,0.0,30.0
0.004072380065917969,0.0003913452669401285,5.945727252960205,0.02979019555962929,1,5,uniform,"{'clf__leaf_size': 30, 'clf__n_neighbors': 1, 'clf__p': 5, 'clf__weights': 'uniform'}",0.6288499321977727,0.5916217065598797,0.5900830636301995,0.5870384883315918,0.6341312045020107,0.6063448790442909,0.0206519368137832,553,1.0,1.0,1.0,1.0,1.0,1.0,0.0,30.0
0.004061269760131836,0.00042742317863910445,5.929919195175171,0.014816422822296971,1,5,distance,"{'clf__leaf_size': 30, 'clf__n_neighbors': 1, 'clf__p': 5, 'clf__weights': 'distance'}",0.6288499321977727,0.5916217065598797,0.5900830636301995,0.5870384883315918,0.6341312045020107,0.6063448790442909,0.0206519368137832,553,1.0,1.0,1.0,1.0,1.0,1.0,0.0,30.0
0.004055547714233399,0.00040094027820093345,0.08724508285522461,0.0005637359704647356,3,1,uniform,"{'clf__leaf_size': 30, 'clf__n_neighbors': 3, 'clf__p': 1, 'clf__weights': 'uniform'}",0.7501708401268564,0.711454494615967,0.7008833540673164,0.6912728334462246,0.7407183399972903,0.718899972450731,0.022791229959571613,22,0.8377484094803266,0.8254558125679596,0.8407639497068762,0.8356579181186179,0.8334345468744773,0.8346121273496514,0.005176865043777693,30.0
0.004039907455444336,0.00026370295968042756,0.08804783821105958,0.001235918880231514,3,1,distance,"{'clf__leaf_size': 30, 'clf__n_neighbors': 3, 'clf__p': 1, 'clf__weights': 'distance'}",0.7538853864205167,0.7521476894792318,0.7225995599277621,0.7117244856161578,0.734586715773345,0.7349887674434028,0.016409702809901026,1,1.0,1.0,1.0,1.0,1.0,1.0,0.0,30.0
0.004795885086059571,0.00038615368874401286,0.010241365432739258,0.00022000279505715763,3,2,uniform,"{'clf__leaf_size': 30, 'clf__n_neighbors': 3, 'clf__p': 2, 'clf__weights': 'uniform'}",0.7501851798776235,0.6690742051337695,0.6932565052626237,0.6760297801020716,0.7354925570456902,0.7048076454843557,0.03237022570452977,55,0.8167323229171985,0.8155765430335894,0.8247535133587276,0.8231139369150604,0.8078092704907525,0.8175971173430657,0.006037910864966292,30.0
0.004524612426757812,0.0005624691078804048,0.010442590713500977,0.0005500236443678091,3,2,distance,"{'clf__leaf_size': 30, 'clf__n_neighbors': 3, 'clf__p': 2, 'clf__weights': 'distance'}",0.7503142459844203,0.6956270853329677,0.6791185269927166,0.6656519485806929,0.7201732995024149,0.7021770212786425,0.03016532840033073,73,1.0,1.0,1.0,1.0,1.0,1.0,0.0,30.0
0.004310035705566406,0.00044308930580117683,5.913753366470337,0.01882320269454964,3,3,uniform,"{'clf__leaf_size': 30, 'clf__n_neighbors': 3, 'clf__p': 3, 'clf__weights': 'uniform'}",0.7196021455293958,0.6432882212770734,0.6263764439166577,0.6816191997358363,0.707736191433115,0.6757244403784156,0.035978011249001095,154,0.8032302130393374,0.8114505513029753,0.8111072747768544,0.8144766795505183,0.8123404440950832,0.8105210325529537,0.0038293899190557706,30.0
0.003722858428955078,3.087696416554726e-05,5.905844640731812,0.009476568279744675,3,3,distance,"{'clf__leaf_size': 30, 'clf__n_neighbors': 3, 'clf__p': 3, 'clf__weights': 'distance'}",0.7068240355346802,0.6552391238489892,0.6505374120397943,0.6770943432262837,0.694910761310904,0.6769211351921303,0.021835982052914597,148,1.0,1.0,1.0,1.0,1.0,1.0,0.0,30.0
0.0038482189178466798,3.7755627737819184e-05,5.908332061767578,0.012015365864850787,3,4,uniform,"{'clf__leaf_size': 30, 'clf__n_neighbors': 3, 'clf__p': 4, 'clf__weights': 'uniform'}",0.6718773818453583,0.6063436265626668,0.6176965649980826,0.6387367951343627,0.6650229874719055,0.6399354712024752,0.02558939986742916,343,0.7939914772362298,0.798480560387222,0.797580694459016,0.8083751316421459,0.7934994710369008,0.798385466952303,0.005359667972050042,30.0
0.004142475128173828,0.0008555344920562315,5.925710201263428,0.016896948235622256,3,4,distance,"{'clf__leaf_size': 30, 'clf__n_neighbors': 3, 'clf__p': 4, 'clf__weights': 'distance'}",0.6867247192687718,0.6476356768279966,0.6320374186275143,0.6517498375881234,0.6539009104798579,0.6544097125584528,0.01787736316636619,253,1.0,1.0,1.0,1.0,1.0,1.0,0.0,30.0
0.003885507583618164,0.0001632163512018557,5.9314799308776855,0.026305714032036055,3,5,uniform,"{'clf__leaf_size': 30, 'clf__n_neighbors': 3, 'clf__p': 5, 'clf__weights': 'uniform'}",0.6387547810710159,0.5631651085156305,0.6107692584082648,0.6347000841541017,0.6497544583257603,0.6194287380949547,0.030876987731873976,472,0.7867073192911922,0.8001450083347894,0.7931651094348539,0.7971743851372557,0.793876253953177,0.7942136152302537,0.004505668393518801,30.0
0.0039043426513671875,0.00037238741280990113,5.913547945022583,0.01164194213237086,3,5,distance,"{'clf__leaf_size': 30, 'clf__n_neighbors': 3, 'clf__p': 5, 'clf__weights': 'distance'}",0.6587829614604462,0.595656786724244,0.6069999564551706,0.6301334995584645,0.6343293580352694,0.6251805124467189,0.022088644292260897,433,1.0,1.0,1.0,1.0,1.0,1.0,0.0,30.0
0.004407501220703125,0.0007549196917899664,0.08697504997253418,0.00045291810632817236,5,1,uniform,"{'clf__leaf_size': 30, 'clf__n_neighbors': 5, 'clf__p': 1, 'clf__weights': 'uniform'}",0.7279588148854204,0.6955278227845508,0.7065187018906413,0.6856142184123836,0.7232908063045054,0.7077820728555002,0.016067347346352203,43,0.7813093199694727,0.7975795123701301,0.7876490646805907,0.796409453044016,0.7828040706124647,0.7891502841353348,0.00674916627234104,30.0
0.004530096054077148,0.0006318062224406288,0.08762607574462891,0.0005094702702300376,5,1,distance,"{'clf__leaf_size': 30, 'clf__n_neighbors': 5, 'clf__p': 1, 'clf__weights': 'distance'}",0.7418193662403333,0.7260143627995942,0.7094352123384381,0.7166609406721473,0.7373369320737742,0.7262533628248574,0.012166082682423841,10,1.0,1.0,1.0,1.0,1.0,1.0,0.0,30.0
0.00398106575012207,0.0002371977735999553,0.010569429397583008,0.0005334459915230482,5,2,uniform,"{'clf__leaf_size': 30, 'clf__n_neighbors': 5, 'clf__p': 2, 'clf__weights': 'uniform'}",0.7183677723239715,0.6507507861054754,0.695541798040502,0.6931646067768343,0.7390832357533177,0.6993816398000202,0.029512864194671695,76,0.7714669900484936,0.7999312486410073,0.7857489172671498,0.7887178004742822,0.7701827036615193,0.7832095320184904,0.011171310170119344,30.0
0.004297924041748047,0.00044103718678213064,0.011348199844360352,0.0005576770575495967,5,2,distance,"{'clf__leaf_size': 30, 'clf__n_neighbors': 5, 'clf__p': 2, 'clf__weights': 'distance'}",0.7383231609666618,0.6903283850652272,0.699624234324824,0.675363816347286,0.7506729872270013,0.7108625167862,0.028799541060897226,37,1.0,1.0,1.0,1.0,1.0,1.0,0.0,30.0
0.004072952270507813,0.000264219526876933,5.9023724555969235,0.012545748173296161,5,3,uniform,"{'clf__leaf_size': 30, 'clf__n_neighbors': 5, 'clf__p': 3, 'clf__weights': 'uniform'}",0.709452572145997,0.6326223287352447,0.6729115353037767,0.6723819583632668,0.7067475056192094,0.678823180033499,0.02803170762296455,145,0.7504566612786996,0.7655924352528879,0.7749437275619304,0.7633683752941404,0.750927361796658,0.7610577122368632,0.009313759495104853,30.0
0.004160785675048828,0.000553876740110494,5.9003167152404785,0.00888518066764084,5,3,distance,"{'clf__leaf_size': 30, 'clf__n_neighbors': 5, 'clf__p': 3, 'clf__weights': 'distance'}",0.7307277765067745,0.6669249667079947,0.6829062187505895,0.6643592696316587,0.7005010998964804,0.6890838662986996,0.024515522923617007,109,1.0,1.0,1.0,1.0,1.0,1.0,0.0,30.0
0.004019355773925782,0.0003915124794037434,5.925551462173462,0.033133406430880766,5,4,uniform,"{'clf__leaf_size': 30, 'clf__n_neighbors': 5, 'clf__p': 4, 'clf__weights': 'uniform'}",0.6590575710487843,0.6389479348861116,0.6209702697642662,0.682949471042986,0.668056402804024,0.6539963299092344,0.021811744701703318,256,0.7334878229558259,0.7524070632074613,0.7557621914234915,0.7658496161400319,0.7267840214568297,0.746858143036728,0.014508511016908816,30.0
0.004150247573852539,0.00041293025828798593,5.922381401062012,0.023933376328134696,5,4,distance,"{'clf__leaf_size': 30, 'clf__n_neighbors': 5, 'clf__p': 4, 'clf__weights': 'distance'}",0.6756904353253237,0.6501389158105576,0.6405559068805851,0.672150583951012,0.681688449277622,0.6640448582490202,0.015860167908765398,202,1.0,1.0,1.0,1.0,1.0,1.0,0.0,30.0
0.003908586502075195,0.00012498477710033636,5.914456939697265,0.011555222206577643,5,5,uniform,"{'clf__leaf_size': 30, 'clf__n_neighbors': 5, 'clf__p': 5, 'clf__weights': 'uniform'}",0.6736589731321859,0.6157452987080937,0.6043417162547369,0.6706983521945473,0.6338152971250954,0.6396519274829318,0.028187812300553377,346,0.7318245244282928,0.7493958330081524,0.7385381257903519,0.738785552534249,0.7166421589666561,0.7350372389455405,0.010781241013104504,30.0
0.0037492752075195313,5.28882274019764e-05,5.901731491088867,0.009420044862409807,5,5,distance,"{'clf__leaf_size': 30, 'clf__n_neighbors': 5, 'clf__p': 5, 'clf__weights': 'distance'}",0.6822040278562017,0.6059759809438142,0.6374212232381439,0.6556212238432066,0.6373027266814014,0.6437050365125535,0.02501249835393597,322,1.0,1.0,1.0,1.0,1.0,1.0,0.0,30.0
0.003759145736694336,5.742473696024384e-05,0.08739094734191895,0.0005001776410130777,7,1,uniform,"{'clf__leaf_size': 30, 'clf__n_neighbors': 7, 'clf__p': 1, 'clf__weights': 'uniform'}",0.7228680766181802,0.6747677443329617,0.7213157420310604,0.7029943918510162,0.7263831337020805,0.7096658177070598,0.019245116156392485,40,0.7677471366245298,0.7756307139997811,0.7682648413741441,0.7812959654326256,0.7571098966744688,0.7700097108211098,0.008167548423982039,30.0
0.004013872146606446,0.00017796305071607766,0.08846769332885743,0.0010879632278264794,7,1,distance,"{'clf__leaf_size': 30, 'clf__n_neighbors': 7, 'clf__p': 1, 'clf__weights': 'distance'}",0.7422877738949905,0.7079851243871568,0.7402223305119194,0.7216792775444009,0.7389182769279632,0.7302185566532862,0.01333170227039114,4,1.0,1.0,1.0,1.0,1.0,1.0,0.0,30.0
0.004089641571044922,0.0001323134531028745,0.010610389709472656,0.0003564720358633179,7,2,uniform,"{'clf__leaf_size': 30, 'clf__n_neighbors': 7, 'clf__p': 2, 'clf__weights': 'uniform'}",0.7130102671569128,0.6570305606260962,0.706447993858093,0.6745976378792016,0.7395290602083353,0.6981231039457277,0.029145940728250656,85,0.7657706260592566,0.7803519994241305,0.7618535293798087,0.7660496774467362,0.7525670707508071,0.7653185806121477,0.00895935391231841,30.0
0.0038485050201416014,4.8645196549992135e-05,0.010595035552978516,0.00027835217073176455,7,2,distance,"{'clf__leaf_size': 30, 'clf__n_neighbors': 7, 'clf__p': 2, 'clf__weights': 'distance'}",0.7195832639235937,0.6689236256936628,0.7242427229661271,0.6740889298931816,0.7339567371123369,0.7041590559177805,0.027110550350377557,61,1.0,1.0,1.0,1.0,1.0,1.0,0.0,30.0
0.004262018203735352,0.0005368511206620616,5.908410978317261,0.02152772306564948,7,3,uniform,"{'clf__leaf_size': 30, 'clf__n_neighbors': 7, 'clf__p': 3, 'clf__weights': 'uniform'}",0.708277354829079,0.6217427162854853,0.6563979233470759,0.7032374534453847,0.6778049053332215,0.6734920706480492,0.031886078106992836,166,0.7562851539591307,0.7510480747522204,0.7579589668309026,0.7596728168577598,0.7413461834139096,0.7532622391627846,0.006620992065922648,30.0
0.003972625732421875,0.00036148070458774065,5.89369535446167,0.01183240514433043,7,3,distance,"{'clf__leaf_size': 30, 'clf__n_neighbors': 7, 'clf__p': 3, 'clf__weights': 'distance'}",0.7088101807453475,0.6547688413285884,0.6693884997307763,0.6943188369985998,0.6889107544642004,0.6832394226535025,0.019032620223809905,124,1.0,1.0,1.0,1.0,1.0,1.0,0.0,30.0
0.003914451599121094,0.00013954398081269704,5.894851541519165,0.00955895713327034,7,4,uniform,"{'clf__leaf_size': 30, 'clf__n_neighbors': 7, 'clf__p': 4, 'clf__weights': 'uniform'}",0.6706355625119926,0.6209344764120475,0.6009420703170704,0.703802630355981,0.6507364931517879,0.649410246549776,0.03625144956033662,277,0.7182661325878071,0.7327864722971152,0.7490640359213564,0.7237706334802523,0.7129419655630208,0.7273658479699103,0.012680483424717488,30.0
0.004230880737304687,0.0008094703330519086,5.905820035934449,0.024041045959467128,7,4,distance,"{'clf__leaf_size': 30, 'clf__n_neighbors': 7, 'clf__p': 4, 'clf__weights': 'distance'}",0.6759821341840148,0.6299017923573839,0.6127595972309628,0.6949494321317795,0.6605976638304224,0.6548381239469127,0.029938542237743032,247,1.0,1.0,1.0,1.0,1.0,1.0,0.0,30.0
0.003894662857055664,0.00012577863374653428,5.910095596313477,0.014108251215371652,7,5,uniform,"{'clf__leaf_size': 30, 'clf__n_neighbors': 7, 'clf__p': 5, 'clf__weights': 'uniform'}",0.6685693199798503,0.6092085485848935,0.6053085683467262,0.6920294061587088,0.6401199475177412,0.6430471581175838,0.03355134150576042,331,0.6928619257180173,0.7179282022911616,0.7330889876073667,0.7082722350011625,0.6965491029432126,0.7097400907121842,0.014650906932552039,30.0
0.003810262680053711,7.120579123824302e-05,5.932010269165039,0.016879304103985675,7,5,distance,"{'clf__leaf_size': 30, 'clf__n_neighbors': 7, 'clf__p': 5, 'clf__weights': 'distance'}",0.6741089909680457,0.6276140313024818,0.6084459932109538,0.6769717200686429,0.6308601563920713,0.6436001783884391,0.027196063074444665,325,1.0,1.0,1.0,1.0,1.0,1.0,0.0,30.0
0.00399174690246582,0.0003796417306733868,0.08760261535644531,0.00019880775931504745,9,1,uniform,"{'clf__leaf_size': 30, 'clf__n_neighbors': 9, 'clf__p': 1, 'clf__weights': 'uniform'}",0.7420271941776827,0.6969816007747042,0.7123494069450746,0.6864147426647427,0.7344309823135452,0.7144407853751499,0.021238050686972588,25,0.7595677349653323,0.7610056890299435,0.7606608957568108,0.7706525708995949,0.7417210279644277,0.7587215837232218,0.009392139173276646,30.0
0.004088878631591797,0.0002398611770982134,0.08812513351440429,0.0007515296347301266,9,1,distance,"{'clf__leaf_size': 30, 'clf__n_neighbors': 9, 'clf__p': 1, 'clf__weights': 'distance'}",0.7513194039552393,0.7184301823277796,0.7361526266999101,0.6919924556777743,0.7355742416746334,0.7266937820670674,0.020234735935200563,7,1.0,1.0,1.0,1.0,1.0,1.0,0.0,30.0
0.004019594192504883,0.00021628949794359775,0.011046314239501953,0.00022618405567447278,9,2,uniform,"{'clf__leaf_size': 30, 'clf__n_neighbors': 9, 'clf__p': 2, 'clf__weights': 'uniform'}",0.7082300807432049,0.6825563928754468,0.7339898057147494,0.6522044436197776,0.7133714815151656,0.6980704408936689,0.028184805434713054,88,0.7562053811997704,0.7548343189532284,0.7567806835944532,0.7467605950500417,0.7320000337168948,0.7493162025028777,0.009380934933379275,30.0
0.0039014339447021483,0.00016884220003315553,0.010790252685546875,0.00030562667766355936,9,2,distance,"{'clf__leaf_size': 30, 'clf__n_neighbors': 9, 'clf__p': 2, 'clf__weights': 'distance'}",0.736273854201138,0.6949359266856079,0.7347926828714599,0.671957671957672,0.7280257238603977,0.7131971719152551,0.0255066844010026,28,1.0,1.0,1.0,1.0,1.0,1.0,0.0,30.0
0.0038396358489990235,0.0001665305288478687,5.904554271697998,0.007750119208707425,9,3,uniform,"{'clf__leaf_size': 30, 'clf__n_neighbors': 9, 'clf__p': 3, 'clf__weights': 'uniform'}",0.6781367597544068,0.6512553486370841,0.6520035525625776,0.683746800410463,0.6869167707471959,0.6704118464223454,0.015593232513153912,178,0.728761315080699,0.7420505223089217,0.7399484491822693,0.7366383834854042,0.7229075008382954,0.7340612341791178,0.00717808656605935,30.0
0.004490041732788086,0.000641151058257696,5.905153131484985,0.0055189281966543284,9,3,distance,"{'clf__leaf_size': 30, 'clf__n_neighbors': 9, 'clf__p': 3, 'clf__weights': 'distance'}",0.6945932193049593,0.6561838352750805,0.6662765822248582,0.6827099470987417,0.6963175602752746,0.6792162288357829,0.01574191251242441,142,1.0,1.0,1.0,1.0,1.0,1.0,0.0,30.0
0.0038967132568359375,0.0003746325688743888,5.934849262237549,0.022323738750624263,9,4,uniform,"{'clf__leaf_size': 30, 'clf__n_neighbors': 9, 'clf__p': 4, 'clf__weights': 'uniform'}",0.6650922419435892,0.6257070588366966,0.6295544162958828,0.6819925400355348,0.6340410068620833,0.6472774527947573,0.022258011653007587,298,0.7118655488670044,0.726384002620349,0.7191019425389006,0.7084561154003894,0.7013228951530033,0.7134261009159294,0.008645762698250061,30.0
0.0037591934204101564,4.9369205700448524e-05,5.919141674041748,0.013723616812935336,9,4,distance,"{'clf__leaf_size': 30, 'clf__n_neighbors': 9, 'clf__p': 4, 'clf__weights': 'distance'}",0.6753376872099386,0.6242482557327393,0.6292841890437675,0.6954371946757382,0.6410312013137396,0.6530677055951847,0.027684723120563807,259,1.0,1.0,1.0,1.0,1.0,1.0,0.0,30.0
0.003959798812866211,0.000417020242371809,5.91926908493042,0.018605245320073408,9,5,uniform,"{'clf__leaf_size': 30, 'clf__n_neighbors': 9, 'clf__p': 5, 'clf__weights': 'uniform'}",0.6777191375216558,0.5824804873742185,0.6308930088775263,0.6593730302669535,0.609559793626261,0.632005091533323,0.03404847313533231,385,0.6911337202512282,0.7040574952162806,0.7102002349239611,0.6867058726301076,0.6818436919047763,0.6947882029852708,0.010674176146940053,30.0
0.0038423538208007812,9.027636933890507e-05,5.9238097190856935,0.03263909417788143,9,5,distance,"{'clf__leaf_size': 30, 'clf__n_neighbors': 9, 'clf__p': 5, 'clf__weights': 'distance'}",0.6799844502213632,0.5923254818945243,0.642065577156855,0.659295065988778,0.6187606184553012,0.6384862387433643,0.030619719395471475,355,1.0,1.0,1.0,1.0,1.0,1.0,0.0,30.0
0.0037793636322021483,9.349661716360393e-05,0.08762407302856445,0.0006674584734942818,11,1,uniform,"{'clf__leaf_size': 30, 'clf__n_neighbors': 11, 'clf__p': 1, 'clf__weights': 'uniform'}",0.7203771205935908,0.694675925925926,0.7223538972451501,0.6819425250053784,0.7364224392963296,0.711154381613275,0.019868743654705794,34,0.7393158465277354,0.7547700463803735,0.7490991857925244,0.7629415660600396,0.7358673959105266,0.7483988081342398,0.009920801354804906,30.0
0.003997993469238281,0.00011067629782386844,0.08802008628845215,0.00039023652098393375,11,1,distance,"{'clf__leaf_size': 30, 'clf__n_neighbors': 11, 'clf__p': 1, 'clf__weights': 'distance'}",0.7320039195039195,0.7032155327571896,0.724889509828676,0.6998267028330319,0.7354703813577419,0.7190812092561117,0.014776964953817608,19,1.0,1.0,1.0,1.0,1.0,1.0,0.0,30.0
0.003852510452270508,0.00020606508826567546,0.011129236221313477,0.0004254918346826155,11,2,uniform,"{'clf__leaf_size': 30, 'clf__n_neighbors': 11, 'clf__p': 2, 'clf__weights': 'uniform'}",0.6983206380747364,0.6673039671283745,0.7240577810509949,0.6713790396533056,0.7299890412604051,0.6982100934335633,0.02589637345428321,82,0.7334302643048041,0.7438362685509735,0.7513523454173558,0.7430430489837841,0.7229765363371815,0.7389276927188198,0.009798605795168325,30.0
0.003980064392089843,0.00023563349036593317,0.011247348785400391,0.0002201115341007122,11,2,distance,"{'clf__leaf_size': 30, 'clf__n_neighbors': 11, 'clf__p': 2, 'clf__weights': 'distance'}",0.7113082039911308,0.6855842404954898,0.7348781206882096,0.6942053512360116,0.7395920323092452,0.7131135897440173,0.021417043209278595,31,1.0,1.0,1.0,1.0,1.0,1.0,0.0,30.0
0.003849363327026367,0.00010003000301367461,5.908624458312988,0.016148089839034704,11,3,uniform,"{'clf__leaf_size': 30, 'clf__n_neighbors': 11, 'clf__p': 3, 'clf__weights': 'uniform'}",0.6753147688631559,0.6267277139863578,0.6718242326631222,0.6844463822881088,0.6860542912266872,0.6688734778054864,0.02174469266950551,187,0.7199728449607056,0.7255227123221001,0.7201269324356406,0.7213689882361001,0.6994883057523162,0.7172959567413726,0.009127559154674952,30.0
0.0042514801025390625,0.0008471983919088315,5.890518474578857,0.006574843327917348,11,3,distance,"{'clf__leaf_size': 30, 'clf__n_neighbors': 11, 'clf__p': 3, 'clf__weights': 'distance'}",0.6812193701374255,0.6575380359612725,0.6788931023589723,0.6779769964507285,0.6808975895777578,0.6753050188972314,0.008965889660602964,160,1.0,1.0,1.0,1.0,1.0,1.0,0.0,30.0
0.004047107696533203,0.00022133132128633227,5.931312417984008,0.03932593912258369,11,4,uniform,"{'clf__leaf_size': 30, 'clf__n_neighbors': 11, 'clf__p': 4, 'clf__weights': 'uniform'}",0.650012687020272,0.6140737328564205,0.635911487841018,0.688526591502174,0.6371130158345172,0.6451275030108803,0.024579867720547214,310,0.693841840463645,0.7150628430583893,0.7075173082523981,0.7032663137640458,0.6891662294701657,0.7017709070017288,0.009313226344214765,30.0
0.003822517395019531,7.752049486947956e-05,5.923981094360352,0.03529859847574814,11,4,distance,"{'clf__leaf_size': 30, 'clf__n_neighbors': 11, 'clf__p': 4, 'clf__weights': 'distance'}",0.6603937703839724,0.6466982645348939,0.6396330934522758,0.7019092133796776,0.6304996218695423,0.6558267927240725,0.025025899723793127,235,1.0,1.0,1.0,1.0,1.0,1.0,0.0,30.0
0.004067564010620117,0.0003479739083236016,5.915216398239136,0.024737381706883166,11,5,uniform,"{'clf__leaf_size': 30, 'clf__n_neighbors': 11, 'clf__p': 5, 'clf__weights': 'uniform'}",0.6526428422601086,0.5428492513462224,0.6140843642679574,0.6801932374035096,0.6054829981058588,0.6190505386767313,0.04665243767234197,478,0.6819506283945939,0.6978901073838549,0.6929251237891312,0.6840528524147368,0.6720850597977217,0.6857807543560078,0.00897670323429254,30.0
0.003916311264038086,0.0003740308784453264,5.92091736793518,0.01317811987897598,11,5,distance,"{'clf__leaf_size': 30, 'clf__n_neighbors': 11, 'clf__p': 5, 'clf__weights': 'distance'}",0.6681603806799599,0.574725748798225,0.6337158964763506,0.6739717121407113,0.5985340362900162,0.6298215548770526,0.03859721366537591,400,1.0,1.0,1.0,1.0,1.0,1.0,0.0,30.0
0.003897571563720703,0.00015297695566760772,0.08747057914733887,0.0003204637823526904,13,1,uniform,"{'clf__leaf_size': 30, 'clf__n_neighbors': 13, 'clf__p': 1, 'clf__weights': 'uniform'}",0.7292509259347875,0.6791895289844709,0.7100675309225144,0.668942456914155,0.7362131893405329,0.7047327264192921,0.026660908156885647,58,0.7296409563721371,0.7463501899057792,0.7409119492768216,0.7551069881061172,0.7245887410561737,0.7393197649434058,0.011062375345447803,30.0
0.004142189025878906,0.000147167320585635,0.09023909568786621,0.0014854903512408581,13,1,distance,"{'clf__leaf_size': 30, 'clf__n_neighbors': 13, 'clf__p': 1, 'clf__weights': 'distance'}",0.7353578259064557,0.7016784750337381,0.7329878980135082,0.6990227855308423,0.7405312090206114,0.7219156387010311,0.01779579894829272,13,1.0,1.0,1.0,1.0,1.0,1.0,0.0,30.0
0.004327106475830078,0.0004036613247108487,0.010686588287353516,0.00015378788624647308,13,2,uniform,"{'clf__leaf_size': 30, 'clf__n_neighbors': 13, 'clf__p': 2, 'clf__weights': 'uniform'}",0.6859903068629484,0.683840227463444,0.7040857051632913,0.6737005913476501,0.7453047802389449,0.6985843222152558,0.02533086665284162,79,0.7230703074804197,0.7346571483330993,0.7282935347792363,0.7423372140531316,0.7161099225214773,0.7288936254334729,0.00907350507915163,30.0
0.0040623188018798825,5.928096623679888e-05,0.010886049270629883,0.00013000741038865193,13,2,distance,"{'clf__leaf_size': 30, 'clf__n_neighbors': 13, 'clf__p': 2, 'clf__weights': 'distance'}",0.6965245775729647,0.6980092671334714,0.712675686122033,0.6894288473477271,0.742104124451199,0.7077485005254791,0.018767124762677313,46,1.0,1.0,1.0,1.0,1.0,1.0,0.0,30.0
0.00401759147644043,0.00016027503448765875,5.893662548065185,0.00888340478726036,13,3,uniform,"{'clf__leaf_size': 30, 'clf__n_neighbors': 13, 'clf__p': 3, 'clf__weights': 'uniform'}",0.637500786319241,0.6298223215235664,0.6476230694980695,0.6556861209035122,0.6612791940609141,0.6463822984610605,0.011516355477454724,304,0.705039654638523,0.7155494273277013,0.709631594264778,0.7071155054980334,0.6987403821207248,0.7072153127699521,0.005511148356368566,30.0
0.003864955902099609,0.0001388104335885197,5.890531587600708,0.007243464567889164,13,3,distance,"{'clf__leaf_size': 30, 'clf__n_neighbors': 13, 'clf__p': 3, 'clf__weights': 'distance'}",0.6481481481481481,0.6381847319347319,0.670598338191351,0.6635691999288682,0.6570794912771725,0.6555159818960543,0.011396785099718082,241,1.0,1.0,1.0,1.0,1.0,1.0,0.0,30.0
0.004282903671264648,0.0006904621710406814,5.9042802333831785,0.015384448953644339,13,4,uniform,"{'clf__leaf_size': 30, 'clf__n_neighbors': 13, 'clf__p': 4, 'clf__weights': 'uniform'}",0.6337266914521936,0.5917800147845371,0.6265024353866305,0.661841053828087,0.6249690171778179,0.6277638425258533,0.022365374814963694,409,0.6818067658197512,0.7005646832875849,0.6865999122078713,0.6855943027925133,0.6673388949894116,0.6843809118194264,0.010633600562116503,30.0
0.003968954086303711,0.0004481603187414839,5.905896902084351,0.004747503285723619,13,4,distance,"{'clf__leaf_size': 30, 'clf__n_neighbors': 13, 'clf__p': 4, 'clf__weights': 'distance'}",0.6538661296312865,0.6009412589929928,0.6415849984550417,0.6555472755806213,0.6139588212334114,0.6331796967786707,0.02194376954620802,373,1.0,1.0,1.0,1.0,1.0,1.0,0.0,30.0
0.003850364685058594,0.0001535967615084938,5.920301151275635,0.024769453580779248,13,5,uniform,"{'clf__leaf_size': 30, 'clf__n_neighbors': 13, 'clf__p': 5, 'clf__weights': 'uniform'}",0.6260262681715022,0.5725537427389544,0.615963305426221,0.6794078742608154,0.6078583409632385,0.6203619063121464,0.03458270858882549,463,0.6551555392423771,0.6807918119673336,0.6696305851868809,0.6746507140276895,0.6630579032428616,0.6686573107334286,0.008919254050054084,30.0
0.004146099090576172,0.0005925971936961568,5.898947668075562,0.007037332728926769,13,5,distance,"{'clf__leaf_size': 30, 'clf__n_neighbors': 13, 'clf__p': 5, 'clf__weights': 'distance'}",0.6459718960203956,0.5960589197006854,0.6270753133861305,0.6718494935136774,0.5914189191792715,0.6264749083600321,0.030309736836390565,421,1.0,1.0,1.0,1.0,1.0,1.0,0.0,30.0
0.003891468048095703,9.233554811372712e-05,0.08756041526794434,0.0002552669243279911,15,1,uniform,"{'clf__leaf_size': 30, 'clf__n_neighbors': 15, 'clf__p': 1, 'clf__weights': 'uniform'}",0.7019317092353802,0.677506539910177,0.7087051839760213,0.6667884311214883,0.7303808746742544,0.6970625477834641,0.022664201733842804,91,0.7265678240861115,0.7333407147070139,0.7356680658400171,0.7447755351025135,0.7210424367555148,0.7322789152982342,0.008095113078718977,30.0
0.0041278362274169925,0.000502754781289894,0.08945045471191407,0.0023983027117026904,15,1,distance,"{'clf__leaf_size': 30, 'clf__n_neighbors': 15, 'clf__p': 1, 'clf__weights': 'distance'}",0.743577278717893,0.7191554690290908,0.7187062596376689,0.6755418450050086,0.7436970837390771,0.7201355872257477,0.024884784396268102,16,1.0,1.0,1.0,1.0,1.0,1.0,0.0,30.0
0.003892326354980469,6.942568897174337e-05,0.011036157608032227,0.0004389996318340923,15,2,uniform,"{'clf__leaf_size': 30, 'clf__n_neighbors': 15, 'clf__p': 2, 'clf__weights': 'uniform'}",0.6914692944569387,0.6809381316080422,0.691458122590198,0.6777823197947008,0.718087811012664,0.6919471358925087,0.014181978371193543,97,0.714252757379494,0.7332467084509312,0.7173435931590524,0.7421280737637321,0.7026221748605341,0.7219186615227488,0.014062693374344796,30.0
0.003920078277587891,0.0001547767435167698,0.011427927017211913,0.00031743094389948223,15,2,distance,"{'clf__leaf_size': 30, 'clf__n_neighbors': 15, 'clf__p': 2, 'clf__weights': 'distance'}",0.7084110593020663,0.6954649696135764,0.7112853374186399,0.6920354750917878,0.7311827384501803,0.7076759159752501,0.01385546580820437,49,1.0,1.0,1.0,1.0,1.0,1.0,0.0,30.0
0.003858661651611328,0.0001268064665928591,5.925399398803711,0.023378577244007888,15,3,uniform,"{'clf__leaf_size': 30, 'clf__n_neighbors': 15, 'clf__p': 3, 'clf__weights': 'uniform'}",0.6402658437403029,0.6369264496780112,0.639244660465427,0.6654232626888038,0.665155515908415,0.6494031464961919,0.013016407864743266,280,0.6910783366277542,0.7079850562598893,0.6940900359022462,0.7008935698834167,0.6855874449929449,0.6959268887332503,0.007795561666093446,30.0
0.003928613662719726,0.0002940709071974483,5.913509702682495,0.015065216505412087,15,3,distance,"{'clf__leaf_size': 30, 'clf__n_neighbors': 15, 'clf__p': 3, 'clf__weights': 'distance'}",0.6457727139092899,0.6406873427947899,0.652088356406592,0.6842269266210776,0.6718548043749542,0.6589260288213407,0.016490614251692015,220,1.0,1.0,1.0,1.0,1.0,1.0,0.0,30.0
0.003931379318237305,0.0004016012907766757,5.918054914474487,0.021824952653856648,15,4,uniform,"{'clf__leaf_size': 30, 'clf__n_neighbors': 15, 'clf__p': 4, 'clf__weights': 'uniform'}",0.6168720935398833,0.5725720239617396,0.6046537576818759,0.6714875201288245,0.6182588472547489,0.6167688485134144,0.031926473358163794,496,0.6745672445551094,0.6852931154701463,0.6698056377996134,0.679749916087411,0.6675191716763372,0.6753870171177234,0.006494497455910769,30.0
0.0040343284606933595,0.00036703052797250037,5.915310716629028,0.01459806217777639,15,4,distance,"{'clf__leaf_size': 30, 'clf__n_neighbors': 15, 'clf__p': 4, 'clf__weights': 'distance'}",0.6306104466055125,0.5974344291269,0.6185087041054262,0.6773763911694947,0.6101483162630573,0.6268156574540782,0.027498547353900175,415,1.0,1.0,1.0,1.0,1.0,1.0,0.0,30.0
0.0037776470184326173,6.605332410837185e-05,5.910823726654053,0.012426570746261764,15,5,uniform,"{'clf__leaf_size': 30, 'clf__n_neighbors': 15, 'clf__p': 5, 'clf__weights': 'uniform'}",0.6178717668862931,0.5437063594585367,0.6084044949672514,0.641353508981985,0.6032561921315078,0.6029184644851148,0.032363985756609315,568,0.6601447102915684,0.6657418495617105,0.6590418649064792,0.656475294763947,0.6479988304042956,0.6578805099856002,0.00579479472242894,30.0
0.003994464874267578,0.00038835320196531245,5.934564447402954,0.0388296975000872,15,5,distance,"{'clf__leaf_size': 30, 'clf__n_neighbors': 15, 'clf__p': 5, 'clf__weights': 'distance'}",0.635466382655304,0.5683499639370226,0.6319746975500918,0.6430600887715254,0.5971187368115889,0.6151939739451067,0.0282494568663177,508,1.0,1.0,1.0,1.0,1.0,1.0,0.0,30.0
0.003786134719848633,9.200985356321831e-05,0.08792386054992676,0.0004872468892766105,17,1,uniform,"{'clf__leaf_size': 30, 'clf__n_neighbors': 17, 'clf__p': 1, 'clf__weights': 'uniform'}",0.6970245735711247,0.666811161458324,0.698092548487275,0.6607595729936155,0.7328026526377052,0.691098101829609,0.02582090902344747,100,0.7203644819559145,0.7292827567125761,0.7353327292403881,0.7362664567964369,0.7049990156635411,0.7252490880737713,0.011603943510566633,30.0
0.004123830795288086,0.0001724452163258644,0.08840904235839844,0.0003632806852175119,17,1,distance,"{'clf__leaf_size': 30, 'clf__n_neighbors': 17, 'clf__p': 1, 'clf__weights': 'distance'}",0.7021126315880112,0.7082312227102864,0.7189186200796108,0.6668165175746453,0.7398031579464914,0.707176429979809,0.023908406794938504,52,1.0,1.0,1.0,1.0,1.0,1.0,0.0,30.0
0.003910684585571289,8.01504400748264e-05,0.011285209655761718,0.0003894083463262453,17,2,uniform,"{'clf__leaf_size': 30, 'clf__n_neighbors': 17, 'clf__p': 2, 'clf__weights': 'uniform'}",0.6804642983127462,0.6487334338791209,0.6807925152652937,0.6831324422183537,0.7165136883691282,0.6819272756089285,0.021461274363679006,130,0.7088436654084982,0.7274700156602526,0.7138633850366388,0.727855960076173,0.6893048845149483,0.7134675821393023,0.014201878654007526,30.0
0.0039307594299316405,0.0002439345480991193,0.011735486984252929,0.00034252303415602107,17,2,distance,"{'clf__leaf_size': 30, 'clf__n_neighbors': 17, 'clf__p': 2, 'clf__weights': 'distance'}",0.6942410368639877,0.6593228200371059,0.7003974719534098,0.6926742919389978,0.7246195215953279,0.6942510284777658,0.020892534956055128,94,1.0,1.0,1.0,1.0,1.0,1.0,0.0,30.0
0.004037380218505859,0.00020372724588382278,5.905042695999145,0.0060018108005229645,17,3,uniform,"{'clf__leaf_size': 30, 'clf__n_neighbors': 17, 'clf__p': 3, 'clf__weights': 'uniform'}",0.6441906476581042,0.6302274674701788,0.6289345484135785,0.6699668587179208,0.6539413217506873,0.645452168802094,0.015357411819675922,307,0.7013912771555062,0.7013371831342885,0.6838619009247535,0.685370189075136,0.688489214888839,0.6920899530357045,0.007718125151956726,30.0
0.003922605514526367,0.0001612520296153371,5.898101282119751,0.00775226722300526,17,3,distance,"{'clf__leaf_size': 30, 'clf__n_neighbors': 17, 'clf__p': 3, 'clf__weights': 'distance'}",0.6494397281680144,0.6317120591272878,0.6532561848817214,0.6684519578527883,0.6518391427367407,0.6509398145533105,0.011703045445588915,271,1.0,1.0,1.0,1.0,1.0,1.0,0.0,30.0
0.003767871856689453,5.8040034403695746e-05,5.897764825820923,0.015579744191000833,17,4,uniform,"{'clf__leaf_size': 30, 'clf__n_neighbors': 17, 'clf__p': 4, 'clf__weights': 'uniform'}",0.6126524646339414,0.5893576169124637,0.6251003625176064,0.6581576767543553,0.6133373881483055,0.6197211017933345,0.022445335310382952,469,0.654197474676405,0.6772295862271076,0.6564008588863889,0.6596406973810708,0.6530756535212172,0.6601088541384378,0.008848708209189735,30.0
0.004363822937011719,0.0006316227079755559,5.919273948669433,0.03332020421529495,17,4,distance,"{'clf__leaf_size': 30, 'clf__n_neighbors': 17, 'clf__p': 4, 'clf__weights': 'distance'}",0.6273166098014887,0.5944600764051363,0.6228679728679729,0.6524236154562794,0.6210811549657913,0.6236298858993337,0.018442478801375742,451,1.0,1.0,1.0,1.0,1.0,1.0,0.0,30.0
0.003919219970703125,0.0001689941834366636,5.949679327011109,0.029545948848013284,17,5,uniform,"{'clf__leaf_size': 30, 'clf__n_neighbors': 17, 'clf__p': 5, 'clf__weights': 'uniform'}",0.6140847727105037,0.5557245675763507,0.6026410621147463,0.6324244700527045,0.6056703583517334,0.6021090461612078,0.025404443671086026,574,0.6541928664953618,0.6516211234688896,0.6409731556164195,0.6386927136845199,0.6369738362884242,0.644490739110723,0.00703516847566741,30.0
0.003961372375488281,0.0003766481567193546,5.944447088241577,0.03235926758332141,17,5,distance,"{'clf__leaf_size': 30, 'clf__n_neighbors': 17, 'clf__p': 5, 'clf__weights': 'distance'}",0.6317835653477476,0.5749565217391306,0.6147680325472513,0.6425778296172849,0.6120253688406567,0.6152222636184141,0.023040660308523066,505,1.0,1.0,1.0,1.0,1.0,1.0,0.0,30.0
0.004224824905395508,0.0005827799187335398,0.09012517929077149,0.0024967543834126973,19,1,uniform,"{'clf__leaf_size': 30, 'clf__n_neighbors': 19, 'clf__p': 1, 'clf__weights': 'uniform'}",0.6992780905561893,0.6451585317606199,0.688658586223124,0.6810217778820123,0.7226582571753652,0.6873550487194622,0.025340998507963737,112,0.7196187348822323,0.721991317312012,0.7200524076667435,0.7325118995111887,0.7004061088382519,0.7189160936420856,0.01037985924339589,30.0
0.004178810119628906,0.0004638114273365812,0.09233016967773437,0.0035987457953692435,19,1,distance,"{'clf__leaf_size': 30, 'clf__n_neighbors': 19, 'clf__p': 1, 'clf__weights': 'distance'}",0.7054844214830865,0.687906601764661,0.7093496530191821,0.6857482979947636,0.7298150751334678,0.7036608098790321,0.01605482632649779,64,1.0,1.0,1.0,1.0,1.0,1.0,0.0,30.0
0.004603910446166992,0.00029616437659137697,0.011561298370361328,0.0003161343548878876,19,2,uniform,"{'clf__leaf_size': 30, 'clf__n_neighbors': 19, 'clf__p': 2, 'clf__weights': 'uniform'}",0.6559426229508196,0.6529497444910979,0.6782453240895276,0.6780170800068805,0.6900951976715983,0.6710499938419849,0.0142750449226566,175,0.6977491936280291,0.7043353432326003,0.7086609896613565,0.7141104151900213,0.6916394860192832,0.7032990855462581,0.00791778069703351,30.0
0.00416254997253418,0.00035382640947526214,0.011307573318481446,0.0001823925878332774,19,2,distance,"{'clf__leaf_size': 30, 'clf__n_neighbors': 19, 'clf__p': 2, 'clf__weights': 'distance'}",0.683171253759489,0.6460694494337903,0.6888028844687879,0.6842081119423536,0.7071332255004549,0.6818769850209752,0.019875284427837016,133,1.0,1.0,1.0,1.0,1.0,1.0,0.0,30.0
0.00399932861328125,0.0003080444659765373,5.917423057556152,0.032501884442478424,19,3,uniform,"{'clf__leaf_size': 30, 'clf__n_neighbors': 19, 'clf__p': 3, 'clf__weights': 'uniform'}",0.6360680809485957,0.6304115226337448,0.6487842298187126,0.6800844645889803,0.6484398337150254,0.6487576263410118,0.01719928241535981,283,0.6756905442045124,0.6859734818066849,0.673434570805618,0.6756324932137004,0.6752684436258924,0.6771999067312816,0.004463605814509671,30.0
0.003987026214599609,0.0003563525475897675,5.909141302108765,0.006373016731075522,19,3,distance,"{'clf__leaf_size': 30, 'clf__n_neighbors': 19, 'clf__p': 3, 'clf__weights': 'distance'}",0.6565722453646982,0.6425539596398371,0.6716014175778124,0.6840642681339776,0.6484398337150254,0.6606463448862702,0.015240369763908196,217,1.0,1.0,1.0,1.0,1.0,1.0,0.0,30.0
0.004020214080810547,0.00028850913944006523,5.910384845733643,0.01502437956031563,19,4,uniform,"{'clf__leaf_size': 30, 'clf__n_neighbors': 19, 'clf__p': 4, 'clf__weights': 'uniform'}",0.5997856452493656,0.585506428395768,0.6198357116371422,0.6675702252881013,0.623085862851241,0.6191567746843235,0.02781131909672511,475,0.6507672266726005,0.6659434650944197,0.6431457620538206,0.6492270429373936,0.6462358244268581,0.6510638642370186,0.007885058510867392,30.0
0.004020547866821289,0.0004135047211872051,5.908550357818603,0.014821478104604663,19,4,distance,"{'clf__leaf_size': 30, 'clf__n_neighbors': 19, 'clf__p': 4, 'clf__weights': 'distance'}",0.5997856452493656,0.5976790376523897,0.6224788312294144,0.6748922792000164,0.6288292460542036,0.6247330078770779,0.0279001834625067,436,1.0,1.0,1.0,1.0,1.0,1.0,0.0,30.0
0.0037746429443359375,2.2000235065017103e-05,5.918455743789673,0.009294971793989614,19,5,uniform,"{'clf__leaf_size': 30, 'clf__n_neighbors': 19, 'clf__p': 5, 'clf__weights': 'uniform'}",0.6028213927635574,0.5421924788245738,0.6007144387369668,0.6252196335025174,0.6064059397392731,0.5954707767133777,0.02801669803644453,604,0.6374870230151702,0.6451556810357376,0.6393897536447167,0.6318110899781156,0.6244442531927779,0.6356575601733037,0.0070430687731586235,30.0
0.0040032386779785155,0.00043340312432567384,5.919094705581665,0.010217561538564271,19,5,distance,"{'clf__leaf_size': 30, 'clf__n_neighbors': 19, 'clf__p': 5, 'clf__weights': 'distance'}",0.6140163995992859,0.5519302638193284,0.5954236877877377,0.6248809690649438,0.6037526836307324,0.5980008007804056,0.02506496716979799,592,1.0,1.0,1.0,1.0,1.0,1.0,0.0,30.0
0.004102039337158203,0.0003994548406703181,0.0877523422241211,0.0002583607396622211,21,1,uniform,"{'clf__leaf_size': 30, 'clf__n_neighbors': 21, 'clf__p': 1, 'clf__weights': 'uniform'}",0.7021126315880112,0.6340905212582179,0.7090076489533012,0.6733701803355776,0.7289227044871475,0.689500737324451,0.032936781526025416,106,0.7132746189246763,0.7060124768425485,0.7093058932745943,0.722178304628575,0.6890106501678954,0.7079563887676578,0.010909513553182646,30.0
0.004362630844116211,0.00047593518780866985,0.08997588157653809,0.0028192221443364878,21,1,distance,"{'clf__leaf_size': 30, 'clf__n_neighbors': 21, 'clf__p': 1, 'clf__weights': 'distance'}",0.7052141999013896,0.6370197308412412,0.7124961885061829,0.6699175548217938,0.7293818763009218,0.6908059100743058,0.03315252215490432,103,1.0,1.0,1.0,1.0,1.0,1.0,0.0,30.0
0.004656410217285157,0.0007115808111860478,0.013122034072875977,0.0012635409259395517,21,2,uniform,"{'clf__leaf_size': 30, 'clf__n_neighbors': 21, 'clf__p': 2, 'clf__weights': 'uniform'}",0.6408691115086464,0.6303398850724826,0.6660873784513951,0.6784540897346999,0.692520172382175,0.6616541274298798,0.023096336680625273,211,0.6925094944923588,0.6937909622010828,0.700747878902046,0.7109536700037629,0.6823740823329751,0.6960752175864451,0.009474760378899688,30.0
0.004665803909301758,0.0006883559084014932,0.012686443328857423,0.0016215464188044399,21,2,distance,"{'clf__leaf_size': 30, 'clf__n_neighbors': 21, 'clf__p': 2, 'clf__weights': 'distance'}",0.6644722235485103,0.6367639842291399,0.665181356351242,0.6868191856777375,0.7075616496182549,0.6721596798849769,0.023785919474811578,172,1.0,1.0,1.0,1.0,1.0,1.0,0.0,30.0
0.004385900497436523,0.0006286464448766552,5.905545711517334,0.01965749408774559,21,3,uniform,"{'clf__leaf_size': 30, 'clf__n_neighbors': 21, 'clf__p': 3, 'clf__weights': 'uniform'}",0.6244396284829723,0.6326074373430883,0.6455553182128174,0.6808501898124539,0.6565822821516601,0.6480069712005985,0.01975241177610811,295,0.6704327549833693,0.6839131104992187,0.6618495497732786,0.6627664169838033,0.667124460178292,0.6692172584835925,0.007971471515953114,30.0
0.0039713382720947266,0.00022409149833329972,5.919436836242676,0.022683752989086592,21,3,distance,"{'clf__leaf_size': 30, 'clf__n_neighbors': 21, 'clf__p': 3, 'clf__weights': 'distance'}",0.6362660691448861,0.6329406271165706,0.6484648043317746,0.6843208568406951,0.6565822821516601,0.6517149279171173,0.0183768476592025,268,1.0,1.0,1.0,1.0,1.0,1.0,0.0,30.0
0.003891754150390625,0.00015452653956353932,5.923437833786011,0.013891274453772659,21,4,uniform,"{'clf__leaf_size': 30, 'clf__n_neighbors': 21, 'clf__p': 4, 'clf__weights': 'uniform'}",0.6041524717995306,0.6008125903800484,0.6025534360714152,0.6610942872898016,0.5921864791620889,0.612159852940577,0.02481401334163195,520,0.6470401047144207,0.6659308151329413,0.6309329365704782,0.6357956861705871,0.6373893507934271,0.6434177786763708,0.012411829645434644,30.0
0.004223775863647461,0.00047335890083956267,5.920969772338867,0.01355339188653901,21,4,distance,"{'clf__leaf_size': 30, 'clf__n_neighbors': 21, 'clf__p': 4, 'clf__weights': 'distance'}",0.6097172337337714,0.6192108314802823,0.6149917833688464,0.6786316915006994,0.6133297258297259,0.627176253182665,0.025907971977344034,412,1.0,1.0,1.0,1.0,1.0,1.0,0.0,30.0
0.0043185710906982425,0.0005116888110348723,5.9126049995422365,0.009619668624315361,21,5,uniform,"{'clf__leaf_size': 30, 'clf__n_neighbors': 21, 'clf__p': 5, 'clf__weights': 'uniform'}",0.5872323668179646,0.5288132547516816,0.591857537739257,0.6483659056257716,0.595472582972583,0.5903483295814516,0.03792321049275071,616,0.6247354312874847,0.6354854244842328,0.6295666035342115,0.6168111065023466,0.6207134876938096,0.6254624107004171,0.006560960863236341,30.0
0.003920221328735351,0.0001958209805157767,5.9111456871032715,0.011824513537938957,21,5,distance,"{'clf__leaf_size': 30, 'clf__n_neighbors': 21, 'clf__p': 5, 'clf__weights': 'distance'}",0.5965972197593039,0.5253531562733088,0.5837771100554269,0.6431845291520021,0.5956384727804165,0.5889100976040916,0.03772508224481605,628,1.0,1.0,1.0,1.0,1.0,1.0,0.0,30.0
0.0037508487701416017,3.9185861446672274e-05,0.08820390701293945,0.0006279379624391889,23,1,uniform,"{'clf__leaf_size': 30, 'clf__n_neighbors': 23, 'clf__p': 1, 'clf__weights': 'uniform'}",0.6997718127067886,0.6300038274834483,0.692753216282628,0.6738547228969812,0.7127700037044999,0.6818307166148692,0.028803007920752476,136,0.7020911283389228,0.7054956263769808,0.6958247180307611,0.7140143338543122,0.6794963250507329,0.699384426330342,0.011549158338331934,30.0
0.004155635833740234,0.0003376594319967585,0.09034314155578613,0.0013232164090648238,23,1,distance,"{'clf__leaf_size': 30, 'clf__n_neighbors': 23, 'clf__p': 1, 'clf__weights': 'distance'}",0.6997718127067886,0.6429448665443738,0.7013558329388653,0.6662679197852975,0.7199064655487659,0.6860493795048181,0.02763403753088068,115,1.0,1.0,1.0,1.0,1.0,1.0,0.0,30.0
0.004394626617431641,0.0004607602378101637,0.011968088150024415,0.0003769893812655919,23,2,uniform,"{'clf__leaf_size': 30, 'clf__n_neighbors': 23, 'clf__p': 2, 'clf__weights': 'uniform'}",0.6534020954752662,0.6451126251015248,0.6646902377972466,0.6903806232087056,0.6858322631366962,0.6678835689438879,0.01770140895481297,193,0.6812050372896571,0.6988873581279891,0.693457142546655,0.7030431358688166,0.6754474304592882,0.6904080208584812,0.010481952171081797,30.0
0.004402828216552734,0.00039500795313594306,0.012004232406616211,0.0004731057462896961,23,2,distance,"{'clf__leaf_size': 30, 'clf__n_neighbors': 23, 'clf__p': 2, 'clf__weights': 'distance'}",0.6689464436780113,0.6548762929185573,0.6696884856413553,0.6866235577532649,0.6960052246603969,0.6752280009303171,0.014462973078737233,163,1.0,1.0,1.0,1.0,1.0,1.0,0.0,30.0
0.004083156585693359,0.0002708518168020497,5.899142265319824,0.015959485947119437,23,3,uniform,"{'clf__leaf_size': 30, 'clf__n_neighbors': 23, 'clf__p': 3, 'clf__weights': 'uniform'}",0.6157630594766518,0.6128942423085019,0.6483308748359528,0.6757574102619259,0.6518837909092163,0.6409258755584497,0.023694241953520375,337,0.6660450606596855,0.6807167160323595,0.6540029008480921,0.6539946858134698,0.6556588945721394,0.6620836515851493,0.010343029101339508,30.0
0.003949737548828125,0.000228510724646471,5.908986377716064,0.01376842371595324,23,3,distance,"{'clf__leaf_size': 30, 'clf__n_neighbors': 23, 'clf__p': 3, 'clf__weights': 'distance'}",0.622585643879095,0.625534188034188,0.6453773553559187,0.6696426000223469,0.6573332805619101,0.6440946135706918,0.018092719614342244,319,1.0,1.0,1.0,1.0,1.0,1.0,0.0,30.0
0.003982686996459961,0.0005252278851534309,5.914785146713257,0.011391485565678762,23,4,uniform,"{'clf__leaf_size': 30, 'clf__n_neighbors': 23, 'clf__p': 4, 'clf__weights': 'uniform'}",0.6074107260656589,0.5886065171839078,0.604260538027747,0.6528708258464628,0.6209050888718536,0.614810739199126,0.021626092962396887,514,0.6361578440716832,0.6541449513471687,0.6373737759448918,0.623739050751068,0.6347326328870705,0.6372296510003763,0.009752213312464363,30.0
0.004170703887939453,0.0008305638456597726,5.904090404510498,0.012045525814686132,23,4,distance,"{'clf__leaf_size': 30, 'clf__n_neighbors': 23, 'clf__p': 4, 'clf__weights': 'distance'}",0.6074107260656589,0.6198552072627515,0.6123267526030131,0.6685569631139561,0.6203703703703703,0.62570400388315,0.021966461018163096,424,1.0,1.0,1.0,1.0,1.0,1.0,0.0,30.0
0.004071664810180664,0.0003993995096296978,5.91392674446106,0.02390009833678264,23,5,uniform,"{'clf__leaf_size': 30, 'clf__n_neighbors': 23, 'clf__p': 5, 'clf__weights': 'uniform'}",0.5820598555211558,0.5230933503272397,0.5963703996242848,0.6185621717041248,0.5895299980011967,0.5819231550356003,0.031843269579587864,643,0.6103498407952355,0.6330293876120524,0.6287452588254131,0.6151054186774261,0.6174094775143903,0.6209278766849033,0.008552578833377374,30.0
0.0038974761962890627,0.00014107446320693753,5.9249919891357425,0.007055346310318278,23,5,distance,"{'clf__leaf_size': 30, 'clf__n_neighbors': 23, 'clf__p': 5, 'clf__weights': 'distance'}",0.5822456129499438,0.5398806371415356,0.5872901163008115,0.6311787592577114,0.5993080531536492,0.5879806357607302,0.02946647393016387,631,1.0,1.0,1.0,1.0,1.0,1.0,0.0,30.0
0.004023694992065429,0.00036680434870400917,0.08793206214904785,0.00012953651553882062,25,1,uniform,"{'clf__leaf_size': 30, 'clf__n_neighbors': 25, 'clf__p': 1, 'clf__weights': 'uniform'}",0.6839549305811012,0.6332979067722884,0.6935419156258782,0.6749592840881324,0.7168048236200746,0.680511772137495,0.027418259505573934,139,0.6892063600772017,0.7010061599919271,0.6874147768488384,0.7047611387043087,0.6734204279030894,0.6911617727050732,0.011085789538950197,30.0
0.004277515411376953,0.0005141814563889995,0.08986196517944336,0.0010356896336344288,25,1,distance,"{'clf__leaf_size': 30, 'clf__n_neighbors': 25, 'clf__p': 1, 'clf__weights': 'distance'}",0.6884174275947488,0.6431683829138063,0.6935759551789537,0.6704562924418077,0.7203737944256743,0.6831983705109982,0.025619154647148625,127,1.0,1.0,1.0,1.0,1.0,1.0,0.0,30.0
0.004207515716552734,0.0005007580422296162,0.01153249740600586,0.00011224866216601832,25,2,uniform,"{'clf__leaf_size': 30, 'clf__n_neighbors': 25, 'clf__p': 2, 'clf__weights': 'uniform'}",0.63744644994645,0.6245613262264511,0.6541267444598247,0.6742126742126742,0.6968497985717232,0.6574393986834246,0.02579217601144255,226,0.6674600604640745,0.691049896611513,0.6891168543483964,0.6961739339951577,0.6655233975188518,0.6818648285875987,0.012776913272547059,30.0
0.003850841522216797,5.795162673143608e-05,0.01202545166015625,0.00029462311374226044,25,2,distance,"{'clf__leaf_size': 30, 'clf__n_neighbors': 25, 'clf__p': 2, 'clf__weights': 'distance'}",0.6512194522389912,0.6310132850241545,0.6702110546070255,0.6737346703658541,0.704148950110479,0.6660654824693009,0.024394318511699254,196,1.0,1.0,1.0,1.0,1.0,1.0,0.0,30.0
0.004049825668334961,0.0005401221316139745,5.931548309326172,0.04533411888966907,25,3,uniform,"{'clf__leaf_size': 30, 'clf__n_neighbors': 25, 'clf__p': 3, 'clf__weights': 'uniform'}",0.6189371346221823,0.596382400280638,0.6257976219533457,0.6592594926070784,0.6610710368650113,0.6322895372656511,0.024760885757753127,382,0.6523837940365707,0.6730332426544836,0.6481113660544607,0.6493813032915177,0.6387490133441842,0.6523317438762434,0.011309836587624028,30.0
0.003941917419433593,0.00042910089700935207,5.91273307800293,0.010595336382063374,25,3,distance,"{'clf__leaf_size': 30, 'clf__n_neighbors': 25, 'clf__p': 3, 'clf__weights': 'distance'}",0.6266506845295015,0.6092878254750175,0.6372707676757752,0.659053261977574,0.6683714439858895,0.6401267967287515,0.021432572572800936,340,1.0,1.0,1.0,1.0,1.0,1.0,0.0,30.0
0.0038022994995117188,0.0001397243534431706,5.916451930999756,0.0261747476785819,25,4,uniform,"{'clf__leaf_size': 30, 'clf__n_neighbors': 25, 'clf__p': 4, 'clf__weights': 'uniform'}",0.5749110877459092,0.5859996793136434,0.6100947578854315,0.6653805753070459,0.6111880206368572,0.6095148241777775,0.031223384415404825,529,0.633995848448921,0.6406375138564786,0.6342173821951376,0.625240326931372,0.6320397465724267,0.6332261636008673,0.004933238578368779,30.0
0.004023981094360351,0.0004323544701128673,5.912047719955444,0.012661861640130398,25,4,distance,"{'clf__leaf_size': 30, 'clf__n_neighbors': 25, 'clf__p': 4, 'clf__weights': 'distance'}",0.5901361662859214,0.6043691858140526,0.6089540104356267,0.6684021319450805,0.6134120013142499,0.6170546991589863,0.02683646370133755,490,1.0,1.0,1.0,1.0,1.0,1.0,0.0,30.0
0.0040719032287597655,0.000293056971769799,5.94471845626831,0.028743367956259033,25,5,uniform,"{'clf__leaf_size': 30, 'clf__n_neighbors': 25, 'clf__p': 5, 'clf__weights': 'uniform'}",0.5955828664799253,0.5231927564453337,0.601783852949133,0.6063877335751773,0.5696641989699386,0.5793222816839017,0.03080671891944186,652,0.6081793675419503,0.6245880332082014,0.6205923124086866,0.6054513268453708,0.6108290095056726,0.6139280099019764,0.007383141240313986,30.0
0.0037993907928466795,4.242896926512902e-05,5.939976501464844,0.03332419503909883,25,5,distance,"{'clf__leaf_size': 30, 'clf__n_neighbors': 25, 'clf__p': 5, 'clf__weights': 'distance'}",0.604447220529062,0.5223043240284619,0.5965271480630957,0.6308080808080808,0.5906542367016675,0.5889482020260736,0.03603949632863168,625,1.0,1.0,1.0,1.0,1.0,1.0,0.0,30.0
0.003835439682006836,8.566243847187034e-05,0.08840007781982422,0.0006080412614095517,27,1,uniform,"{'clf__leaf_size': 30, 'clf__n_neighbors': 27, 'clf__p': 1, 'clf__weights': 'uniform'}",0.6744916243014908,0.616130815394996,0.7023056941213235,0.6708404065481188,0.6975824762459399,0.6722702033223739,0.0306641542356336,169,0.6898848754208274,0.7002573869214863,0.6840175817740333,0.7095826367101621,0.666918971893033,0.6901322905439085,0.014540581714724755,30.0
0.004034280776977539,0.000124775264893144,0.08885664939880371,0.00020467717209155453,27,1,distance,"{'clf__leaf_size': 30, 'clf__n_neighbors': 27, 'clf__p': 1, 'clf__weights': 'distance'}",0.6754747095082522,0.615536338223069,0.7023056941213235,0.671330107977682,0.7131929678478293,0.6755679635356312,0.033918465000873824,157,1.0,1.0,1.0,1.0,1.0,1.0,0.0,30.0
0.004115581512451172,4.8828450961813106e-05,0.01177530288696289,0.0001181178097566855,27,2,uniform,"{'clf__leaf_size': 30, 'clf__n_neighbors': 27, 'clf__p': 2, 'clf__weights': 'uniform'}",0.6454900255954359,0.6211578504751493,0.6648091140617659,0.6764082014860807,0.6825067470231041,0.6580743877283071,0.022358990761912303,223,0.6633744936263892,0.6837218929350577,0.6841076351409104,0.6823502287110957,0.656184531158217,0.6739477563143341,0.011804105037187918,30.0
0.004209709167480469,0.00014254627143447775,0.012521982192993164,0.0006610750222311384,27,2,distance,"{'clf__leaf_size': 30, 'clf__n_neighbors': 27, 'clf__p': 2, 'clf__weights': 'distance'}",0.6495758106548106,0.6370518520638737,0.687294940045556,0.6819688113785808,0.687707529776576,0.6687197887838794,0.02121535890256563,190,1.0,1.0,1.0,1.0,1.0,1.0,0.0,30.0
0.003937292098999024,0.0001701301522548389,5.904363965988159,0.006541818124889508,27,3,uniform,"{'clf__leaf_size': 30, 'clf__n_neighbors': 27, 'clf__p': 3, 'clf__weights': 'uniform'}",0.5922413272491719,0.6010151821645657,0.6333273547559262,0.6513870289309517,0.6406618876941458,0.6237265561589523,0.02302697848216854,448,0.6462366025042368,0.6719029830402001,0.6585548335936764,0.6464402597615446,0.6448515739504496,0.6535972505700214,0.010407362659399103,30.0
0.004281425476074218,0.0005412219714252837,5.895740938186646,0.007131552134094865,27,3,distance,"{'clf__leaf_size': 30, 'clf__n_neighbors': 27, 'clf__p': 3, 'clf__weights': 'distance'}",0.6041205452301709,0.6132727511787722,0.6340053540873214,0.6498277020388261,0.6507781096181592,0.63040089243065,0.018919058789568073,397,1.0,1.0,1.0,1.0,1.0,1.0,0.0,30.0
0.003796291351318359,4.918949137952304e-05,5.911336517333984,0.004306005394974078,27,4,uniform,"{'clf__leaf_size': 30, 'clf__n_neighbors': 27, 'clf__p': 4, 'clf__weights': 'uniform'}",0.5802965431599469,0.5770648383316211,0.6099855925976948,0.6449019152820322,0.6046262626262626,0.6033750303995116,0.024472801485009698,559,0.6240020129327137,0.6382718199179077,0.6273280827385523,0.6257686463585923,0.6303408630668854,0.6291422850029302,0.005017572354309987,30.0
0.0038452625274658205,0.00013257568604331066,5.9253558158874515,0.025266816461520045,27,4,distance,"{'clf__leaf_size': 30, 'clf__n_neighbors': 27, 'clf__p': 4, 'clf__weights': 'distance'}",0.5940237106176385,0.5771351639131729,0.6067087495658924,0.6539722635495296,0.6096180767923888,0.6082915928877244,0.025554976640812733,535,1.0,1.0,1.0,1.0,1.0,1.0,0.0,30.0
0.0041371345520019535,0.0004883238002744557,5.947655057907104,0.02542695616471771,27,5,uniform,"{'clf__leaf_size': 30, 'clf__n_neighbors': 27, 'clf__p': 5, 'clf__weights': 'uniform'}",0.5623727361862795,0.5155842777911743,0.6022151727313353,0.6092612935709171,0.5951639127298605,0.5769194786019133,0.034618893936773976,658,0.5990538418518021,0.6185489341745783,0.6135966015514974,0.6060949842825548,0.6086056645473561,0.6091800052815577,0.006628266121143509,30.0
0.003772115707397461,0.00015279640911006906,5.926692152023316,0.014476137925110712,27,5,distance,"{'clf__leaf_size': 30, 'clf__n_neighbors': 27, 'clf__p': 5, 'clf__weights': 'distance'}",0.5829646546256961,0.5151710721343873,0.6011790144108645,0.6188952190835681,0.5908564814814815,0.5818132883471996,0.03542425976992646,646,1.0,1.0,1.0,1.0,1.0,1.0,0.0,30.0
0.00402379035949707,0.0005150864861460539,0.09097232818603515,0.0024426340698153887,29,1,uniform,"{'clf__leaf_size': 30, 'clf__n_neighbors': 29, 'clf__p': 1, 'clf__weights': 'uniform'}",0.6709524167801612,0.6111858847753442,0.6975808758451033,0.6621272402766416,0.70466335654775,0.6693019548450001,0.03311134022473663,184,0.6794005877471572,0.6964071752924292,0.6752931830640712,0.698372791275295,0.6660681122933094,0.6831083699344525,0.012450349054255929,30.0
0.004106712341308594,0.00016246769175762052,0.09424424171447754,0.003708081668884267,29,1,distance,"{'clf__leaf_size': 30, 'clf__n_neighbors': 29, 'clf__p': 1, 'clf__weights': 'distance'}",0.6857658889526359,0.6134763619082275,0.7027815891939536,0.6712289480107396,0.7103585960364958,0.6767222768204105,0.03441656306686264,151,1.0,1.0,1.0,1.0,1.0,1.0,0.0,30.0
0.004316520690917969,0.0003820269032254172,0.011968898773193359,6.252122548646454e-05,29,2,uniform,"{'clf__leaf_size': 30, 'clf__n_neighbors': 29, 'clf__p': 2, 'clf__weights': 'uniform'}",0.6432005060088553,0.6123309024509273,0.6687547809776805,0.6596487008361868,0.6796919996032236,0.6527253779753746,0.023471300266234556,262,0.6540640315120365,0.6767348717683193,0.6729819123010903,0.6863604543979666,0.6457121791961672,0.667170689835116,0.01500495330094645,30.0
0.004044008255004883,0.00014690503922660793,0.012472057342529297,0.0004767431071034905,29,2,distance,"{'clf__leaf_size': 30, 'clf__n_neighbors': 29, 'clf__p': 2, 'clf__weights': 'distance'}",0.650674193157391,0.6241350892789505,0.6712205345445822,0.6767779570497028,0.6887347619742716,0.6623085072009796,0.0227143269799284,205,1.0,1.0,1.0,1.0,1.0,1.0,0.0,30.0
0.0042644977569580075,0.0003854087650194564,5.90318865776062,0.02584611571840676,29,3,uniform,"{'clf__leaf_size': 30, 'clf__n_neighbors': 29, 'clf__p': 3, 'clf__weights': 'uniform'}",0.5996648397678607,0.6059543346555365,0.622197384658685,0.652876762275158,0.63998915388443,0.624136495048334,0.020052544827337423,445,0.6379867813212518,0.6541078788211983,0.6495352480367251,0.6418878024038595,0.639389640742808,0.6445814702651685,0.006212780968128304,30.0
0.003934526443481445,0.000158595537034627,5.901584720611572,0.005569333297169337,29,3,distance,"{'clf__leaf_size': 30, 'clf__n_neighbors': 29, 'clf__p': 3, 'clf__weights': 'distance'}",0.6125307954096124,0.6117761069340016,0.6298283311806767,0.6547780941842108,0.6608201854608351,0.6339467026338672,0.02060712659507049,367,1.0,1.0,1.0,1.0,1.0,1.0,0.0,30.0
0.004056072235107422,0.0005355496001861165,5.895184850692749,0.00494803534091175,29,4,uniform,"{'clf__leaf_size': 30, 'clf__n_neighbors': 29, 'clf__p': 4, 'clf__weights': 'uniform'}",0.5850766083675024,0.5690788237798845,0.615698348537966,0.6322784553463711,0.6092158564814815,0.6022696185026412,0.022478166086089296,571,0.619009519985091,0.6306608908297052,0.622060980282842,0.62264546362001,0.6215356787985509,0.6231825067032399,0.003939500633973133,30.0
0.003985834121704101,0.0003663666339545377,5.9037384510040285,0.013448515153272547,29,4,distance,"{'clf__leaf_size': 30, 'clf__n_neighbors': 29, 'clf__p': 4, 'clf__weights': 'distance'}",0.5949608728841199,0.570370698082044,0.6113159881192668,0.6479155298483029,0.6219753752673343,0.6093076928402136,0.025988417843707746,532,1.0,1.0,1.0,1.0,1.0,1.0,0.0,30.0
0.004309797286987304,0.0007982933307216076,5.909268617630005,0.021733779001124796,29,5,uniform,"{'clf__leaf_size': 30, 'clf__n_neighbors': 29, 'clf__p': 5, 'clf__weights': 'uniform'}",0.5599679103406866,0.5326755278429743,0.5873850506549274,0.6007772198714001,0.5936969168160936,0.5749005251052164,0.025237687806431718,667,0.5993094316420057,0.6195564549488247,0.6102629662566986,0.5995024670313058,0.6026815394269577,0.6062625718611585,0.007740793917693495,30.0
0.0038648605346679687,0.00014607621302686948,5.91245322227478,0.01788486226602658,29,5,distance,"{'clf__leaf_size': 30, 'clf__n_neighbors': 29, 'clf__p': 5, 'clf__weights': 'distance'}",0.5883961692785222,0.5271126275158533,0.5954268645739861,0.6176640667972068,0.5857920410478333,0.5828783538426803,0.03005416124399568,637,1.0,1.0,1.0,1.0,1.0,1.0,0.0,30.0
0.004077625274658203,0.00046392571007959453,0.08837881088256835,0.00038246574904635876,31,1,uniform,"{'clf__leaf_size': 30, 'clf__n_neighbors': 31, 'clf__p': 1, 'clf__weights': 'uniform'}",0.6535975232198143,0.5841549707602339,0.6857036123790816,0.6544873345021462,0.6961895126816757,0.6548265907085904,0.03914175609034946,250,0.6719813696319789,0.69732465588394,0.6709037699088675,0.6931920194939527,0.6618757026919551,0.6790555035221388,0.013749492351374177,30.0
0.004117012023925781,0.00011175632792161672,0.08981304168701172,0.00079033635687752,31,1,distance,"{'clf__leaf_size': 30, 'clf__n_neighbors': 31, 'clf__p': 1, 'clf__weights': 'distance'}",0.6734897839664472,0.5835569315445476,0.703423588718627,0.6743666809789609,0.7147087900955096,0.6699091550608184,0.04608605322550395,181,1.0,1.0,1.0,1.0,1.0,1.0,0.0,30.0
0.003997182846069336,0.00019322866696058378,0.012036943435668945,0.0002572651852555876,31,2,uniform,"{'clf__leaf_size': 30, 'clf__n_neighbors': 31, 'clf__p': 2, 'clf__weights': 'uniform'}",0.6325352822580645,0.6137236574845402,0.6664913156070721,0.6472915135932803,0.6834094437753737,0.6486902425436663,0.024527137589126155,286,0.6473698219070337,0.6741074392317798,0.6655845973260063,0.6734531552637355,0.6454383535648368,0.6611906734586784,0.01245527506447699,30.0
0.004101371765136719,0.0002379930800132713,0.01250615119934082,0.0004336999126684206,31,2,distance,"{'clf__leaf_size': 30, 'clf__n_neighbors': 31, 'clf__p': 2, 'clf__weights': 'distance'}",0.6489117471675612,0.6138049832627692,0.6713706541200614,0.675231203047344,0.6969006222108161,0.6612438419617104,0.028185565273853998,214,1.0,1.0,1.0,1.0,1.0,1.0,0.0,30.0
0.003976106643676758,0.00013176927037127976,5.914619827270508,0.014877879959480117,31,3,uniform,"{'clf__leaf_size': 30, 'clf__n_neighbors': 31, 'clf__p': 3, 'clf__weights': 'uniform'}",0.5922940848761195,0.6190377527959531,0.6225138165430633,0.6558987471268173,0.6283444890673806,0.6236177780818667,0.02033603637864654,454,0.6442614465687645,0.6532767867655315,0.6527786535080483,0.64460247399209,0.6349923366950286,0.6459823395058926,0.006708867385178926,30.0
0.004023599624633789,0.0003931177637729926,5.929688739776611,0.033673467531162654,31,3,distance,"{'clf__leaf_size': 30, 'clf__n_neighbors': 31, 'clf__p': 3, 'clf__weights': 'distance'}",0.6042140998536347,0.623580734091418,0.627335045634291,0.6523722069176615,0.6577129097252936,0.6330429992444598,0.019674569315411897,376,1.0,1.0,1.0,1.0,1.0,1.0,0.0,30.0
0.004027891159057617,0.0004356774612867311,5.92783637046814,0.00846441429012728,31,4,uniform,"{'clf__leaf_size': 30, 'clf__n_neighbors': 31, 'clf__p': 4, 'clf__weights': 'uniform'}",0.5775848946135831,0.559862580957699,0.5979416356706617,0.6282589701544627,0.61859624106652,0.5964488644925853,0.025294358974319028,598,0.6055096449397388,0.6250852031745655,0.617376674166023,0.6145254645633305,0.6158404293626276,0.6156674832412571,0.006263075575800748,30.0
0.00382847785949707,8.380844096986286e-05,5.922619867324829,0.02818805255454187,31,4,distance,"{'clf__leaf_size': 30, 'clf__n_neighbors': 31, 'clf__p': 4, 'clf__weights': 'distance'}",0.5903640641165453,0.5636985191941576,0.6139712015626649,0.6446077684640993,0.6236813601703308,0.6072645827015596,0.027902086874913978,541,1.0,1.0,1.0,1.0,1.0,1.0,0.0,30.0
0.004149103164672851,0.00036754744870456674,5.919900751113891,0.018075810833893934,31,5,uniform,"{'clf__leaf_size': 30, 'clf__n_neighbors': 31, 'clf__p': 5, 'clf__weights': 'uniform'}",0.527560995450726,0.5428106144874777,0.5963263996227502,0.5854140509235695,0.590643013317432,0.5685510147603912,0.02788060358870893,691,0.5999361523741626,0.6085650262340735,0.6088010809162374,0.5967847730861267,0.5965306476132657,0.6021235360447732,0.005489077146982554,30.0
0.003911828994750977,0.0001738828133278048,5.921405506134033,0.007069468111914922,31,5,distance,"{'clf__leaf_size': 30, 'clf__n_neighbors': 31, 'clf__p': 5, 'clf__weights': 'distance'}",0.5671843853342682,0.5320511212925007,0.5976461005262849,0.6186960890451548,0.5866857484504543,0.5804526889297325,0.029379522513984284,649,1.0,1.0,1.0,1.0,1.0,1.0,0.0,30.0
0.0038691043853759767,0.00018842076554800497,0.08863492012023926,0.00023860930443572368,33,1,uniform,"{'clf__leaf_size': 30, 'clf__n_neighbors': 33, 'clf__p': 1, 'clf__weights': 'uniform'}",0.6480340994953573,0.5753502231794461,0.6975893965206734,0.6436649013295884,0.6785778327295866,0.6486432906509304,0.04168651413286884,289,0.6635241892254088,0.6971102096621046,0.6695793168243399,0.6908416650470502,0.6560267042224524,0.6754164169962712,0.015874613059086853,30.0
0.004096364974975586,0.0003576864385327674,0.09005799293518066,0.0008620874880277617,33,1,distance,"{'clf__leaf_size': 30, 'clf__n_neighbors': 33, 'clf__p': 1, 'clf__weights': 'distance'}",0.6629244383934649,0.5747366025982014,0.7039066103963132,0.671330107977682,0.7121465690795672,0.6650088656890457,0.048843386551322095,199,1.0,1.0,1.0,1.0,1.0,1.0,0.0,30.0
0.003720378875732422,5.715139512643277e-05,0.012126731872558593,0.00039688653389472644,33,2,uniform,"{'clf__leaf_size': 30, 'clf__n_neighbors': 33, 'clf__p': 2, 'clf__weights': 'uniform'}",0.6269273354212141,0.6077458741281951,0.6579601473170055,0.6577049209813185,0.665034513315442,0.643074558232635,0.02203050897668354,328,0.6408145469264619,0.6792196086810238,0.6578843320289727,0.6637481454839725,0.6358213668726692,0.65549759999862,0.015743239082636074,30.0
0.004106283187866211,0.0002020764203351029,0.012491178512573243,0.0005974598415568284,33,2,distance,"{'clf__leaf_size': 30, 'clf__n_neighbors': 33, 'clf__p': 2, 'clf__weights': 'distance'}",0.6432292667586785,0.6140790163460278,0.6535614287652574,0.6700232431712784,0.6817000317317374,0.6525185973545959,0.023336449112324246,265,1.0,1.0,1.0,1.0,1.0,1.0,0.0,30.0
0.00399470329284668,0.00019230269738747244,5.9075860500335695,0.01861989285647542,33,3,uniform,"{'clf__leaf_size': 30, 'clf__n_neighbors': 33, 'clf__p': 3, 'clf__weights': 'uniform'}",0.5962825754002224,0.5955947632728358,0.6203733405003996,0.6539467761392895,0.6338815556028672,0.620015802183123,0.022375661510426328,466,0.6338524914315221,0.6479288590840194,0.6357998598112187,0.6422906931934305,0.6316969828198132,0.6383137772680008,0.005971105084831671,30.0
0.0038482666015625,0.00022540316914505568,5.899301958084107,0.006025122088196912,33,3,distance,"{'clf__leaf_size': 30, 'clf__n_neighbors': 33, 'clf__p': 3, 'clf__weights': 'distance'}",0.5962825754002224,0.6080139930931713,0.6280009775171066,0.65228614197455,0.6484198918396327,0.6266007159649366,0.021920009999880478,418,1.0,1.0,1.0,1.0,1.0,1.0,0.0,30.0
0.004303932189941406,0.0008134234949121236,5.909115362167358,0.028948069879781026,33,4,uniform,"{'clf__leaf_size': 30, 'clf__n_neighbors': 33, 'clf__p': 4, 'clf__weights': 'uniform'}",0.5538074630287745,0.5707562776866867,0.6075344611528822,0.614885764762247,0.6101952919348188,0.5914358517130818,0.024513346006745085,613,0.6043985884935527,0.6163494425030449,0.621116089587063,0.6111464167726305,0.6011415692375908,0.6108304213187763,0.007370166183027619,30.0
0.003920507431030273,0.0002910261598427752,5.9231616973876955,0.02834587194860643,33,4,distance,"{'clf__leaf_size': 30, 'clf__n_neighbors': 33, 'clf__p': 4, 'clf__weights': 'distance'}",0.5730438112256293,0.5737930388011844,0.6194348368502782,0.6214091257645264,0.6163597214586769,0.600808106820059,0.022422666125848385,580,1.0,1.0,1.0,1.0,1.0,1.0,0.0,30.0
0.004087686538696289,0.00040046143264595326,5.936945104598999,0.017293061164583314,33,5,uniform,"{'clf__leaf_size': 30, 'clf__n_neighbors': 33, 'clf__p': 5, 'clf__weights': 'uniform'}",0.5540034562211982,0.5335654251908841,0.5999663551068736,0.5695756366636112,0.5734564609156431,0.566113466819642,0.0219906871119206,700,0.583272800150379,0.5974240461322746,0.5970355628052108,0.5853065284034921,0.5926854780876215,0.5911448831157956,0.005874648997499356,30.0
0.004133987426757813,0.00031617861327476666,5.947912740707397,0.012073942187878788,33,5,distance,"{'clf__leaf_size': 30, 'clf__n_neighbors': 33, 'clf__p': 5, 'clf__weights': 'distance'}",0.5789763344750533,0.5272248127414305,0.5990705202863538,0.5952746572096713,0.5755665333646985,0.5752225716154415,0.02564685046826467,664,1.0,1.0,1.0,1.0,1.0,1.0,0.0,30.0
0.003817462921142578,0.00012479354087885976,0.08872056007385254,0.00027776777470006733,35,1,uniform,"{'clf__leaf_size': 30, 'clf__n_neighbors': 35, 'clf__p': 1, 'clf__weights': 'uniform'}",0.6482012093911358,0.5825911514867511,0.690975796870749,0.6453096745027125,0.6658501125207279,0.6465855889544152,0.03589188944867277,301,0.6649351503132561,0.6938615540040808,0.67487593663967,0.6866639732494788,0.653495561214056,0.6747664350841083,0.014527843659650739,30.0
0.004078340530395508,0.00021217632231761187,0.09341669082641602,0.0034118449638040494,35,1,distance,"{'clf__leaf_size': 30, 'clf__n_neighbors': 35, 'clf__p': 1, 'clf__weights': 'distance'}",0.6664574274927191,0.5855092370434021,0.712097423510467,0.6546259227004042,0.6917434298692321,0.6620866881232449,0.04317283493627718,208,1.0,1.0,1.0,1.0,1.0,1.0,0.0,30.0
0.004307603836059571,0.0001390098170916152,0.014003229141235352,0.0015203091878326516,35,2,uniform,"{'clf__leaf_size': 30, 'clf__n_neighbors': 35, 'clf__p': 2, 'clf__weights': 'uniform'}",0.6269273354212141,0.5928510019235825,0.6591006827827744,0.6362804746679995,0.6615981535442486,0.6353515296679638,0.025024117905112518,364,0.6296715192851313,0.6742709744243487,0.6535910883564552,0.6628906325003378,0.6452024224299124,0.6531253273992371,0.01520243430049086,30.0
0.004050111770629883,0.00016937968683707763,0.014226388931274415,0.0019236260449494794,35,2,distance,"{'clf__leaf_size': 30, 'clf__n_neighbors': 35, 'clf__p': 2, 'clf__weights': 'distance'}",0.6284351578469225,0.6184347885740192,0.6546827646721339,0.6679792812166113,0.6721025003873156,0.6483268985394005,0.02135936332561707,292,1.0,1.0,1.0,1.0,1.0,1.0,0.0,30.0
0.004347467422485351,0.00044031974573116963,5.916601705551147,0.025688221987507212,35,3,uniform,"{'clf__leaf_size': 30, 'clf__n_neighbors': 35, 'clf__p': 3, 'clf__weights': 'uniform'}",0.5868648082933797,0.5988461514973596,0.6181149458688185,0.6459203482089054,0.6250112215573885,0.6149514950851704,0.02058406883187806,511,0.6229492600731745,0.6512033398986146,0.6346496372235747,0.6384039167783273,0.6267106158276323,0.6347833539602646,0.009878837710857869,30.0
0.004553508758544922,0.0008282147442643571,5.9128447532653805,0.005097984110195297,35,3,distance,"{'clf__leaf_size': 30, 'clf__n_neighbors': 35, 'clf__p': 3, 'clf__weights': 'distance'}",0.6053900149862264,0.6109551679239811,0.6268971462841721,0.656545195418452,0.6473692454207602,0.6294313540067185,0.0199133421972595,403,1.0,1.0,1.0,1.0,1.0,1.0,0.0,30.0
0.0039653778076171875,0.00040788972156318744,5.925912952423095,0.024663785848669507,35,4,uniform,"{'clf__leaf_size': 30, 'clf__n_neighbors': 35, 'clf__p': 4, 'clf__weights': 'uniform'}",0.5670531674208145,0.5776317840002893,0.6219254492841912,0.6118041234110477,0.6048475532665256,0.5966524154765735,0.020848792203827397,595,0.5907419070376283,0.6150388493775678,0.6213140503090963,0.6060281782731284,0.6069056754646166,0.6080057320924075,0.010293071181314008,30.0
0.00385589599609375,0.00014844373451001428,5.923951292037964,0.02188316264833866,35,4,distance,"{'clf__leaf_size': 30, 'clf__n_neighbors': 35, 'clf__p': 4, 'clf__weights': 'distance'}",0.5699031398828559,0.5818911341559877,0.6185135639621702,0.6247355841340804,0.6208847000185583,0.6031856244307305,0.022688247459421555,565,1.0,1.0,1.0,1.0,1.0,1.0,0.0,30.0
0.003792476654052734,4.690206743977497e-05,5.924412584304809,0.01557343366053894,35,5,uniform,"{'clf__leaf_size': 30, 'clf__n_neighbors': 35, 'clf__p': 5, 'clf__weights': 'uniform'}",0.5526158958164062,0.5297997039284793,0.5906000820286534,0.5661608523875382,0.5796440972222222,0.56376412627666,0.021241239710741655,703,0.5839887724018901,0.5942119560053827,0.5827872433387731,0.5776199350115934,0.5787862007705095,0.5834788215056298,0.005870021239841283,30.0
0.004115104675292969,0.00046709223898105864,5.924886798858642,0.016380663267551956,35,5,distance,"{'clf__leaf_size': 30, 'clf__n_neighbors': 35, 'clf__p': 5, 'clf__weights': 'distance'}",0.5583220734289206,0.5314517162851023,0.5906000820286534,0.5871811532882012,0.5796440972222222,0.56943982445062,0.0220605493234631,679,1.0,1.0,1.0,1.0,1.0,1.0,0.0,30.0
0.004463005065917969,0.0006887722590440255,0.08893313407897949,0.00031649290405789997,37,1,uniform,"{'clf__leaf_size': 30, 'clf__n_neighbors': 37, 'clf__p': 1, 'clf__weights': 'uniform'}",0.6522691601157073,0.58138190404099,0.6651349918253724,0.6416242330810675,0.6835949411897702,0.6448010460505815,0.03465916355715538,316,0.6451382330756023,0.6832908527032158,0.6687468101378162,0.6764968411245957,0.6395519308846348,0.662644933585173,0.017292388803355346,30.0
0.004285383224487305,0.0005404061886985608,0.09262700080871582,0.003467397522092282,37,1,distance,"{'clf__leaf_size': 30, 'clf__n_neighbors': 37, 'clf__p': 1, 'clf__weights': 'distance'}",0.6721061168985697,0.5791941115619392,0.6842614450822603,0.6479018445322793,0.6941999697816726,0.6555326975713441,0.041184916496088186,238,1.0,1.0,1.0,1.0,1.0,1.0,0.0,30.0
0.004551744461059571,0.0004637922884130548,0.01304621696472168,0.001481083351090505,37,2,uniform,"{'clf__leaf_size': 30, 'clf__n_neighbors': 37, 'clf__p': 2, 'clf__weights': 'uniform'}",0.6170761982954102,0.5750833650100259,0.6365489808262197,0.6389083118583574,0.6590276476710903,0.6253289007322207,0.028420475388773035,430,0.6269529780310075,0.6649040941581444,0.64648276208335,0.6562763135645363,0.6334042310030336,0.6456040757680144,0.01402753804607667,30.0
0.004680728912353516,0.0006673231444334879,0.014431524276733398,0.00202972057841856,37,2,distance,"{'clf__leaf_size': 30, 'clf__n_neighbors': 37, 'clf__p': 2, 'clf__weights': 'distance'}",0.6398762157382848,0.5899983288020314,0.646021047761521,0.6451104593840343,0.6724652423225405,0.6386942588016824,0.026862685699951695,349,1.0,1.0,1.0,1.0,1.0,1.0,0.0,30.0
0.004392147064208984,0.0004724288299531524,5.900460290908813,0.014531595192070557,37,3,uniform,"{'clf__leaf_size': 30, 'clf__n_neighbors': 37, 'clf__p': 3, 'clf__weights': 'uniform'}",0.5971774640088593,0.5803698160048539,0.6094008667408117,0.6398197731801628,0.6291792736932195,0.6111894387255814,0.02141361147961169,523,0.6210898152390445,0.6402961565760863,0.6241411865492763,0.6390893439821546,0.6246782728659537,0.6298589550425031,0.008130995179915276,30.0
0.003800106048583984,6.15091101392073e-05,5.916289234161377,0.024117535554418403,37,3,distance,"{'clf__leaf_size': 30, 'clf__n_neighbors': 37, 'clf__p': 3, 'clf__weights': 'distance'}",0.6001190476190476,0.6054629196577854,0.6219940653492423,0.6601327115955807,0.640559302864627,0.6256536094172566,0.02228927206593256,427,1.0,1.0,1.0,1.0,1.0,1.0,0.0,30.0
0.003972244262695312,0.00041418975317007484,5.9188032150268555,0.007234359485236484,37,4,uniform,"{'clf__leaf_size': 30, 'clf__n_neighbors': 37, 'clf__p': 4, 'clf__weights': 'uniform'}",0.5654498030741115,0.5527274475539714,0.6031802009118173,0.6038755104544578,0.5918666355667893,0.5834199195122295,0.02071328005701175,634,0.5851071734527387,0.6015802704278417,0.6157772361969805,0.6008390712219753,0.6002191601588787,0.600704582291683,0.009710660223375722,30.0
0.004155540466308593,0.0003519550730969249,5.92169976234436,0.022445789037506426,37,4,distance,"{'clf__leaf_size': 30, 'clf__n_neighbors': 37, 'clf__p': 4, 'clf__weights': 'distance'}",0.5683885066489629,0.5709443478954587,0.6051305960944516,0.6100458150814754,0.6234056248762132,0.5955829781193123,0.022004689102152947,601,1.0,1.0,1.0,1.0,1.0,1.0,0.0,30.0
0.003801298141479492,9.484486460411296e-05,5.9191278457641605,0.010337845415414684,37,5,uniform,"{'clf__leaf_size': 30, 'clf__n_neighbors': 37, 'clf__p': 5, 'clf__weights': 'uniform'}",0.5268974859583375,0.5282970112648296,0.5955487803345914,0.5858192431561996,0.5660886276938539,0.5605302296815624,0.0285197149378289,715,0.5792283305881422,0.5929746091030388,0.5913860832648348,0.5673698189827431,0.5746447599576681,0.5811207203792853,0.009803048962119379,30.0
0.00416712760925293,0.0004780553135224119,5.932977199554443,0.020828475759306606,37,5,distance,"{'clf__leaf_size': 30, 'clf__n_neighbors': 37, 'clf__p': 5, 'clf__weights': 'distance'}",0.548544202974384,0.5289779628665625,0.5986460335897342,0.5927466874464218,0.574371496419143,0.568657276659249,0.02642446305181823,685,1.0,1.0,1.0,1.0,1.0,1.0,0.0,30.0
0.0038007259368896484,0.00013078275943538973,0.08882417678833007,0.000287913968129355,39,1,uniform,"{'clf__leaf_size': 30, 'clf__n_neighbors': 39, 'clf__p': 1, 'clf__weights': 'uniform'}",0.6418987893311755,0.5845702444450555,0.6687283456130808,0.6478487088764844,0.668932614555256,0.6423957405642103,0.030891363178874157,334,0.6507233846548373,0.6759572276652767,0.6629144933979277,0.6747197466867537,0.6400448005022512,0.6608719305814093,0.013858301437140922,30.0
0.0039672374725341795,0.0001300048569278512,0.08996720314025879,0.0005898317097450365,39,1,distance,"{'clf__leaf_size': 30, 'clf__n_neighbors': 39, 'clf__p': 1, 'clf__weights': 'distance'}",0.6652285186162248,0.5951994349529114,0.6815984051765449,0.6492040424067513,0.685750204028194,0.6553961210361253,0.032761529096765836,244,1.0,1.0,1.0,1.0,1.0,1.0,0.0,30.0
0.004079246520996093,0.00015039459088208443,0.012995481491088867,0.00036233587766167395,39,2,uniform,"{'clf__leaf_size': 30, 'clf__n_neighbors': 39, 'clf__p': 2, 'clf__weights': 'uniform'}",0.6184396842476467,0.5560076083171598,0.6495380699784272,0.6390136785429906,0.6549292870153525,0.6235856656203154,0.03602012890043854,457,0.6293365172271869,0.6602806234929296,0.6431913195181893,0.6509512604580172,0.6283932423222102,0.6424305926037066,0.012331310569112467,30.0
0.003820323944091797,4.1678022665868426e-05,0.013093328475952149,0.0005010549314820536,39,2,distance,"{'clf__leaf_size': 30, 'clf__n_neighbors': 39, 'clf__p': 2, 'clf__weights': 'distance'}",0.6311758211954177,0.5855221283772897,0.6495380699784272,0.6362830303935363,0.6748520533520533,0.6354742206593449,0.029198450300443563,361,1.0,1.0,1.0,1.0,1.0,1.0,0.0,30.0
0.00398707389831543,0.00021395726328212025,5.904765558242798,0.01096097343612389,39,3,uniform,"{'clf__leaf_size': 30, 'clf__n_neighbors': 39, 'clf__p': 3, 'clf__weights': 'uniform'}",0.5894089278859116,0.5804599417217173,0.5833921983813288,0.6300651430999024,0.6133403361344538,0.5993333094446628,0.01923257017127239,586,0.6209236879981946,0.639236580641331,0.6152251915882904,0.6307130713071307,0.6198645060912379,0.6251926075252369,0.008644887744004745,30.0
0.0037830352783203127,4.711850882697126e-05,5.8971930027008055,0.0036369816931490716,39,3,distance,"{'clf__leaf_size': 30, 'clf__n_neighbors': 39, 'clf__p': 3, 'clf__weights': 'distance'}",0.6017817563792139,0.5910192703043018,0.6048407434151709,0.658628523773752,0.6305537819411293,0.6173648151627136,0.024373815134660526,484,1.0,1.0,1.0,1.0,1.0,1.0,0.0,30.0
0.003961801528930664,0.0003824180498010399,5.89491639137268,0.013103327330808255,39,4,uniform,"{'clf__leaf_size': 30, 'clf__n_neighbors': 39, 'clf__p': 4, 'clf__weights': 'uniform'}",0.5526063930844496,0.5595612683937023,0.6048421238361816,0.5884111182373919,0.5886207428365972,0.5788083292776646,0.019612477088404287,655,0.5875722587189702,0.5911858093377245,0.6216937573884379,0.5936743453447474,0.5916782151518507,0.5971608771883462,0.012423532011354103,30.0
0.004200363159179687,0.0008315595124968326,5.904008531570435,0.014028913735496865,39,4,distance,"{'clf__leaf_size': 30, 'clf__n_neighbors': 39, 'clf__p': 4, 'clf__weights': 'distance'}",0.5669853507966546,0.5595612683937023,0.6062424242424244,0.5820040548269148,0.5956541177594641,0.582089443203832,0.01733797247515431,640,1.0,1.0,1.0,1.0,1.0,1.0,0.0,30.0
0.003907966613769531,0.00017260750337822026,5.913305377960205,0.01956384893447177,39,5,uniform,"{'clf__leaf_size': 30, 'clf__n_neighbors': 39, 'clf__p': 5, 'clf__weights': 'uniform'}",0.5229544335637066,0.5473125694364632,0.5769177663281192,0.5671870882740447,0.5538632559749295,0.5536470227154526,0.01847738059153144,721,0.5776454667937794,0.5886195135415682,0.5867222639314436,0.5712261410814455,0.568660370638306,0.5785747511973085,0.008005495566320459,30.0
0.0039136409759521484,0.00014730679899138102,5.9383337020874025,0.019128925233876715,39,5,distance,"{'clf__leaf_size': 30, 'clf__n_neighbors': 39, 'clf__p': 5, 'clf__weights': 'distance'}",0.5401382104309651,0.545209478021978,0.5804399265755582,0.5785962022065505,0.5700595700595701,0.5628886774589243,0.01694893638351983,706,1.0,1.0,1.0,1.0,1.0,1.0,0.0,30.0
0.004135847091674805,0.000660694354305765,0.08900861740112305,0.000559169989496876,41,1,uniform,"{'clf__leaf_size': 30, 'clf__n_neighbors': 41, 'clf__p': 1, 'clf__weights': 'uniform'}",0.6422009035461137,0.5782149637534917,0.6472472295726468,0.6289118335660888,0.6445399159663866,0.6282229692809456,0.02578690763135623,406,0.6522926294747927,0.6749018244736318,0.6581611903368642,0.6685420335969167,0.6312243203686314,0.6570243996501673,0.015110157133805063,30.0
0.004430723190307617,0.0004740449790157348,0.09025697708129883,0.00044472264021567647,41,1,distance,"{'clf__leaf_size': 30, 'clf__n_neighbors': 41, 'clf__p': 1, 'clf__weights': 'distance'}",0.6642998892699731,0.5864587260662996,0.6939485018074512,0.6385178295154842,0.668932614555256,0.6504315122428928,0.03650425798787076,274,1.0,1.0,1.0,1.0,1.0,1.0,0.0,30.0
0.004296350479125977,0.0006190593825932753,0.012962627410888671,0.0003892150231786076,41,2,uniform,"{'clf__leaf_size': 30, 'clf__n_neighbors': 41, 'clf__p': 2, 'clf__weights': 'uniform'}",0.6147388325959755,0.5681421836624972,0.6438642751632673,0.6168582418848944,0.6392141556075982,0.6165635377828466,0.02685674843957356,499,0.6248026166800487,0.6537116974619651,0.6386649856939547,0.6435280094899876,0.628201291687511,0.6377817202026934,0.010467147775476249,30.0
0.00467066764831543,0.0007092958642652594,0.01349496841430664,0.0004940202794782487,41,2,distance,"{'clf__leaf_size': 30, 'clf__n_neighbors': 41, 'clf__p': 2, 'clf__weights': 'distance'}",0.632294120742565,0.5967684852264133,0.6522618606596935,0.645642579091064,0.6586586000520427,0.6371251291543557,0.021987975415631474,358,1.0,1.0,1.0,1.0,1.0,1.0,0.0,30.0
0.004376459121704102,0.0004461078416643222,5.910576725006104,0.00839099649668352,41,3,uniform,"{'clf__leaf_size': 30, 'clf__n_neighbors': 41, 'clf__p': 3, 'clf__weights': 'uniform'}",0.5836923149921825,0.576759973912704,0.5970959162663005,0.6482769564984907,0.6263847388617609,0.6064419801062877,0.026958473770954394,550,0.6083947833198405,0.6372894345460174,0.6193079825641884,0.62421795762362,0.6081405484516429,0.6194701413010618,0.010873072202319081,30.0
0.0039676189422607425,0.0004925084002755841,5.92383975982666,0.025170101130998067,41,3,distance,"{'clf__leaf_size': 30, 'clf__n_neighbors': 41, 'clf__p': 3, 'clf__weights': 'distance'}",0.5956213913205438,0.5888131510190651,0.6201365759116938,0.6579352977506777,0.6240858505564388,0.6173184533116839,0.024440876786561413,487,1.0,1.0,1.0,1.0,1.0,1.0,0.0,30.0
0.003751993179321289,0.00012093327376470481,5.9077764511108395,0.008105648504484452,41,4,uniform,"{'clf__leaf_size': 30, 'clf__n_neighbors': 41, 'clf__p': 4, 'clf__weights': 'uniform'}",0.5489704943620186,0.5564817841373618,0.5762217203086767,0.5871503107650924,0.5704283508831203,0.567850532091254,0.01367411900965354,694,0.5848779697409745,0.5934298179720734,0.6147024476435666,0.5911591198979591,0.5873551962810344,0.5943049103071216,0.010619670868411799,30.0
0.0039618492126464845,0.0003940457871089887,5.928021430969238,0.019419780566594446,41,4,distance,"{'clf__leaf_size': 30, 'clf__n_neighbors': 41, 'clf__p': 4, 'clf__weights': 'distance'}",0.5750771259391949,0.5564817841373618,0.5837121760693997,0.5894183332446069,0.5771428400738745,0.5763664518928875,0.011153263399264283,661,1.0,1.0,1.0,1.0,1.0,1.0,0.0,30.0
0.004141044616699219,0.00041807980744796046,5.951638269424438,0.025116009127272253,41,5,uniform,"{'clf__leaf_size': 30, 'clf__n_neighbors': 41, 'clf__p': 5, 'clf__weights': 'uniform'}",0.5284203255661482,0.5475055289317483,0.5661156422902567,0.5646223780870255,0.558108235913084,0.5529544221576526,0.013910665261754392,724,0.5737779242093553,0.5832429971010091,0.5786362025189118,0.5685912611191355,0.5648138298687306,0.5738124429634285,0.006639894225280718,30.0
0.004011631011962891,0.0004350539257564293,5.936816310882568,0.043461821897519126,41,5,distance,"{'clf__leaf_size': 30, 'clf__n_neighbors': 41, 'clf__p': 5, 'clf__weights': 'distance'}",0.5259107907673481,0.5530327722233966,0.5831221075949992,0.5834128245720893,0.5662079817865274,0.5623372953888721,0.021469200973787444,712,1.0,1.0,1.0,1.0,1.0,1.0,0.0,30.0
0.0037615299224853516,4.418868237423909e-05,0.0889847755432129,0.0006227891866888737,43,1,uniform,"{'clf__leaf_size': 30, 'clf__n_neighbors': 43, 'clf__p': 1, 'clf__weights': 'uniform'}",0.6320484889981638,0.5791613813592632,0.6626691753860594,0.6277347331668515,0.655420275923021,0.6314068109666717,0.02931710336723982,388,0.6407629503821362,0.6650855606327838,0.6449297841255223,0.6563189310836892,0.6351717480595009,0.6484537948567265,0.010830110878361136,30.0
0.004471206665039062,0.0009174379216849105,0.09019670486450196,0.00022386057769370005,43,1,distance,"{'clf__leaf_size': 30, 'clf__n_neighbors': 43, 'clf__p': 1, 'clf__weights': 'distance'}",0.6414827092916677,0.5874015687929193,0.6916027634642677,0.6303033009012117,0.6732694424620667,0.6448119569824267,0.036101927135775876,313,1.0,1.0,1.0,1.0,1.0,1.0,0.0,30.0
0.003959941864013672,0.00019242405341592125,0.012767791748046875,0.00033666530294799356,43,2,uniform,"{'clf__leaf_size': 30, 'clf__n_neighbors': 43, 'clf__p': 2, 'clf__weights': 'uniform'}",0.6031327915781697,0.5531837385334559,0.6294801063109228,0.6330885435182876,0.6358076705675025,0.6109385701016677,0.031143001760158846,526,0.6222070521540473,0.6558704944263172,0.6323543986581405,0.6386287031263607,0.6236753997197139,0.6345472096169159,0.01221986269056,30.0
0.0039652824401855465,0.00020835533718948336,0.012958621978759766,0.0001406362952733076,43,2,distance,"{'clf__leaf_size': 30, 'clf__n_neighbors': 43, 'clf__p': 2, 'clf__weights': 'distance'}",0.6270142222154607,0.5681421836624972,0.6358949815254551,0.6330885435182876,0.6567947903198709,0.6241869442483143,0.029761038025235272,442,1.0,1.0,1.0,1.0,1.0,1.0,0.0,30.0
0.0039012908935546877,0.00015165246397860367,5.901840543746948,0.005782703670663458,43,3,uniform,"{'clf__leaf_size': 30, 'clf__n_neighbors': 43, 'clf__p': 3, 'clf__weights': 'uniform'}",0.5840529902641703,0.5807932901233599,0.5714122531334556,0.6427765401157214,0.620229933189492,0.5998530013652399,0.02712725062676208,583,0.6091281478378252,0.6302583961043684,0.6135370246583481,0.6256996869485927,0.6001011762416055,0.6157448863581481,0.010982910070571755,30.0
0.004506397247314453,0.0012062417690591773,5.902290010452271,0.010385913660102256,43,3,distance,"{'clf__leaf_size': 30, 'clf__n_neighbors': 43, 'clf__p': 3, 'clf__weights': 'distance'}",0.5959931687086859,0.5959668060574431,0.6132630132821412,0.6625018148409961,0.620229933189492,0.6175909472157517,0.024399790192664576,481,1.0,1.0,1.0,1.0,1.0,1.0,0.0,30.0
0.0039519786834716795,0.00014760882220485758,5.93787260055542,0.019620988189265127,43,4,uniform,"{'clf__leaf_size': 30, 'clf__n_neighbors': 43, 'clf__p': 4, 'clf__weights': 'uniform'}",0.5486892205018042,0.5596408983668842,0.5661307297504572,0.591424730819442,0.5769815738795518,0.5685734306636279,0.014656176349196562,688,0.5807596815790022,0.5991291497772173,0.6139763727897041,0.5887147861212513,0.5769014291730681,0.5918962838880486,0.013407730470359838,30.0
0.0041122913360595705,0.0004200610982904223,5.932340145111084,0.022605719506413716,43,4,distance,"{'clf__leaf_size': 30, 'clf__n_neighbors': 43, 'clf__p': 4, 'clf__weights': 'distance'}",0.551196893048924,0.5596408983668842,0.5734276745036856,0.5884747881504306,0.5816180221071525,0.5708716552354154,0.013748556948279918,676,1.0,1.0,1.0,1.0,1.0,1.0,0.0,30.0
0.003953027725219727,0.00037150986764100045,5.929482555389404,0.026494925274287075,43,5,uniform,"{'clf__leaf_size': 30, 'clf__n_neighbors': 43, 'clf__p': 5, 'clf__weights': 'uniform'}",0.5094521461931945,0.5324248120300752,0.549620170113198,0.5722520233389798,0.5574809665673618,0.5442460236485618,0.021627464647781137,742,0.5690577842967374,0.5743400265053588,0.5770012077055638,0.5740946108048588,0.5585471177656801,0.5706081494156398,0.006554778873354758,30.0
0.0039745807647705075,0.0003847760207643468,5.915810871124267,0.01024761479075757,43,5,distance,"{'clf__leaf_size': 30, 'clf__n_neighbors': 43, 'clf__p': 5, 'clf__weights': 'distance'}",0.5229186457046959,0.5330128205128205,0.568180841585097,0.5834128245720893,0.5610480249131188,0.5537146314575643,0.022458808001219945,718,1.0,1.0,1.0,1.0,1.0,1.0,0.0,30.0
0.003915739059448242,0.0002198304838721485,0.09195728302001953,0.0025518057286600285,45,1,uniform,"{'clf__leaf_size': 30, 'clf__n_neighbors': 45, 'clf__p': 1, 'clf__weights': 'uniform'}",0.6292682368035191,0.5651497795857976,0.6629944369275631,0.6190281119445624,0.6449279123678775,0.6242736955258639,0.03308773644063561,439,0.6285816509004253,0.6667288336485688,0.6409958341826335,0.6489421327133452,0.6244546374512872,0.6419406177792519,0.015156457221265024,30.0
0.004488611221313476,0.0005355643110357685,0.09333076477050781,0.0017290550934995954,45,1,distance,"{'clf__leaf_size': 30, 'clf__n_neighbors': 45, 'clf__p': 1, 'clf__weights': 'distance'}",0.6418636076131332,0.5758106510149378,0.6916027634642677,0.6221818525389954,0.66110413080895,0.6385126010880569,0.038828854456803466,352,1.0,1.0,1.0,1.0,1.0,1.0,0.0,30.0
0.004519367218017578,0.0003152937146456596,0.01525735855102539,0.0014647275085695466,45,2,uniform,"{'clf__leaf_size': 30, 'clf__n_neighbors': 45, 'clf__p': 2, 'clf__weights': 'uniform'}",0.5964760625271217,0.5386161811388808,0.5990968690453723,0.6158387664966612,0.6260245478335442,0.595210485408316,0.03031386931015268,607,0.6110664323579925,0.6543280362257793,0.6332384195535805,0.6362475110027397,0.6194805143503026,0.6308721826980789,0.0148775545721178,30.0
0.004531192779541016,0.00022613252020031653,0.014583587646484375,0.0014485505296900948,45,2,distance,"{'clf__leaf_size': 30, 'clf__n_neighbors': 45, 'clf__p': 2, 'clf__weights': 'distance'}",0.6202840602462838,0.5653183138787935,0.6291170962994983,0.6264770960570091,0.6439608934196005,0.6170314919802371,0.027001133012139262,493,1.0,1.0,1.0,1.0,1.0,1.0,0.0,30.0
0.0046880245208740234,0.0005547363115969219,5.902094793319702,0.007911343952111358,45,3,uniform,"{'clf__leaf_size': 30, 'clf__n_neighbors': 45, 'clf__p': 3, 'clf__weights': 'uniform'}",0.5903893824377947,0.5716989118429351,0.6029432959525338,0.6392489753404335,0.5859546450159011,0.5980470421179197,0.02289393977157508,589,0.6028817798267513,0.6290388801821595,0.6061937251657433,0.6208038332653719,0.5956851835745354,0.6109206804029123,0.012206836327554661,30.0
0.003840208053588867,0.00011071877471871678,5.916702604293823,0.017562622890249308,45,3,distance,"{'clf__leaf_size': 30, 'clf__n_neighbors': 45, 'clf__p': 3, 'clf__weights': 'distance'}",0.5950090764692534,0.5837217128937282,0.6096673571400786,0.6424073006000138,0.603142024818402,0.6067894943842952,0.019804620860018052,544,1.0,1.0,1.0,1.0,1.0,1.0,0.0,30.0
0.0037697792053222657,3.534537543690576e-05,5.900069808959961,0.007183239994632142,45,4,uniform,"{'clf__leaf_size': 30, 'clf__n_neighbors': 45, 'clf__p': 4, 'clf__weights': 'uniform'}",0.5334995165990201,0.5631650228212413,0.5796391168226721,0.5949097092613329,0.572978506346811,0.5688383743702154,0.020467208015182488,682,0.5683708076104578,0.583224067797403,0.5931439716607613,0.5807115379951581,0.5771615723915137,0.5805223914910587,0.00806963708070755,30.0
0.003809213638305664,9.227002311655089e-05,5.916893768310547,0.031369656993798456,45,4,distance,"{'clf__leaf_size': 30, 'clf__n_neighbors': 45, 'clf__p': 4, 'clf__weights': 'distance'}",0.5429324302390066,0.5619534179617525,0.5763765667197726,0.6043203692766366,0.5730415197806502,0.5717248607955637,0.020051554974298755,673,1.0,1.0,1.0,1.0,1.0,1.0,0.0,30.0
0.0037686824798583984,5.634936237613689e-05,5.905615949630738,0.01265922710764584,45,5,uniform,"{'clf__leaf_size': 30, 'clf__n_neighbors': 45, 'clf__p': 5, 'clf__weights': 'uniform'}",0.5130512602574248,0.527243307164567,0.5499574880311657,0.5695759564358267,0.5608333506540178,0.5441322725086004,0.021030961327728036,745,0.5618550234902633,0.5661736011796297,0.5526249092013116,0.5534548086056956,0.5588332008691008,0.5585883086692002,0.00510260750001641,30.0
0.004457664489746094,0.0006971537885190698,5.915011978149414,0.016303173952510665,45,5,distance,"{'clf__leaf_size': 30, 'clf__n_neighbors': 45, 'clf__p': 5, 'clf__weights': 'distance'}",0.5151780411633916,0.5330128205128205,0.5464866605365115,0.5881087591582719,0.5737905484340743,0.5513153659610139,0.026544654526491924,727,1.0,1.0,1.0,1.0,1.0,1.0,0.0,30.0
0.0038063526153564453,5.278244886170381e-05,0.08894248008728027,0.0002072919446099527,47,1,uniform,"{'clf__leaf_size': 30, 'clf__n_neighbors': 47, 'clf__p': 1, 'clf__weights': 'uniform'}",0.6292682368035191,0.5607134815014975,0.6695728388134454,0.6155588306458246,0.6365456989247312,0.6223318173378036,0.03556558762286697,460,0.6212046205937027,0.6672064938264951,0.6377293361400437,0.6442042435291652,0.6198631912653239,0.638041577070946,0.017335542307911386,30.0
0.004115772247314453,0.0001002430795333171,0.09081053733825684,0.0004764009626385625,47,1,distance,"{'clf__leaf_size': 30, 'clf__n_neighbors': 47, 'clf__p': 1, 'clf__weights': 'distance'}",0.6340157683486238,0.5819809152750218,0.6819308319452967,0.6216336460068379,0.6496087256696584,0.6338339774490878,0.03286265748813185,370,1.0,1.0,1.0,1.0,1.0,1.0,0.0,30.0
0.004175329208374023,0.00016023449862063218,0.0134521484375,0.00036252877672856003,47,2,uniform,"{'clf__leaf_size': 30, 'clf__n_neighbors': 47, 'clf__p': 2, 'clf__weights': 'uniform'}",0.5808723901748101,0.5500120657362513,0.5992700534759358,0.6187973818832373,0.6086305644444462,0.5915164911429361,0.024220530329305958,610,0.6033178425964727,0.6465132112173771,0.6273487873397454,0.6245564726157891,0.6250254021051407,0.625352343174905,0.013696916746225364,30.0
0.004459476470947266,0.00025846094178256205,0.01356959342956543,0.00020762165577256836,47,2,distance,"{'clf__leaf_size': 30, 'clf__n_neighbors': 47, 'clf__p': 2, 'clf__weights': 'distance'}",0.6234652691547315,0.5649635667754735,0.6291170962994983,0.6294673736312106,0.6351157949518605,0.616425820162555,0.025993780526404615,502,1.0,1.0,1.0,1.0,1.0,1.0,0.0,30.0
0.004289817810058594,0.00017600739677017213,5.909914112091064,0.005321371347761825,47,3,uniform,"{'clf__leaf_size': 30, 'clf__n_neighbors': 47, 'clf__p': 3, 'clf__weights': 'uniform'}",0.5903893824377947,0.5851021678712341,0.5937063078037594,0.6395484667350296,0.6004912369777865,0.6018475123651209,0.019499620297270374,577,0.6050572998711577,0.6196078791063593,0.6078722731049339,0.6066721132897603,0.5907599594070418,0.6059939049558507,0.00918998206404274,30.0
0.004003047943115234,0.0004653856157660131,5.906593132019043,0.05821540144526374,47,3,distance,"{'clf__leaf_size': 30, 'clf__n_neighbors': 47, 'clf__p': 3, 'clf__weights': 'distance'}",0.5923124593608716,0.5851021678712341,0.6166772509255922,0.6377189727565667,0.607049595253345,0.607772089233522,0.018598737728285623,538,1.0,1.0,1.0,1.0,1.0,1.0,0.0,30.0
0.004121828079223633,0.00047591638833540545,5.910941028594971,0.009914015854642052,47,4,uniform,"{'clf__leaf_size': 30, 'clf__n_neighbors': 47, 'clf__p': 4, 'clf__weights': 'uniform'}",0.5239515733586879,0.5583750107130262,0.5638143221528564,0.5979855490725056,0.5686417931854038,0.562553649696496,0.023671314289323096,709,0.5638788869844118,0.5714322887849529,0.5903516566109847,0.5731039240658798,0.579124169964857,0.5755781852822173,0.008843228702970002,30.0
0.003964281082153321,0.00045404251921940254,5.928977394104004,0.0314131591601938,47,4,distance,"{'clf__leaf_size': 30, 'clf__n_neighbors': 47, 'clf__p': 4, 'clf__weights': 'distance'}",0.5492691329405326,0.5547568077724011,0.5810846797559396,0.5979855490725056,0.5771906254279641,0.5720573589938687,0.017881422227570266,670,1.0,1.0,1.0,1.0,1.0,1.0,0.0,30.0
0.003772068023681641,4.253467636036826e-05,5.91511869430542,0.01078888758476743,47,5,uniform,"{'clf__leaf_size': 30, 'clf__n_neighbors': 47, 'clf__p': 5, 'clf__weights': 'uniform'}",0.5056142242250408,0.5460240692284323,0.5605191306278262,0.5708006323527051,0.5545843838826506,0.547508488063331,0.022446389237530454,736,0.5552236333930006,0.5671885722192263,0.5531066110932408,0.5535315221640971,0.5584574969542146,0.557501567164756,0.005196493955235892,30.0
0.0038591861724853516,0.0002186643153119974,5.940235424041748,0.030770844111000752,47,5,distance,"{'clf__leaf_size': 30, 'clf__n_neighbors': 47, 'clf__p': 5, 'clf__weights': 'distance'}",0.509149178577152,0.546383292238818,0.5458148045210302,0.5811941832975975,0.5566620600008381,0.5478407037270872,0.023210055408103624,733,1.0,1.0,1.0,1.0,1.0,1.0,0.0,30.0
0.003733253479003906,3.108217579274777e-05,0.0890040397644043,0.0002215868995234371,49,1,uniform,"{'clf__leaf_size': 30, 'clf__n_neighbors': 49, 'clf__p': 1, 'clf__weights': 'uniform'}",0.6167641139888121,0.5607134815014975,0.6489867546076885,0.6152936812611003,0.6286902654867256,0.6140896593691648,0.029286869737397404,517,0.6213946490745325,0.6619708720445706,0.6387244097706163,0.6368803772595337,0.6164262783331258,0.6350793172964758,0.01596804458797799,30.0
0.00411076545715332,0.000194239685165807,0.09068784713745118,0.0003566935605386086,49,1,distance,"{'clf__leaf_size': 30, 'clf__n_neighbors': 49, 'clf__p': 1, 'clf__weights': 'distance'}",0.6328069682446344,0.5779590404522257,0.6764599667379425,0.6184781488352917,0.6577027027027027,0.6326813653945594,0.033878941069846055,379,1.0,1.0,1.0,1.0,1.0,1.0,0.0,30.0
0.003908920288085938,0.00012980768673600846,0.013242626190185547,0.0003167911936411132,49,2,uniform,"{'clf__leaf_size': 30, 'clf__n_neighbors': 49, 'clf__p': 2, 'clf__weights': 'uniform'}",0.585773365530331,0.5405541656350048,0.6153410418264409,0.6112382987382987,0.5978423869910651,0.5901498517442281,0.026897507189807636,622,0.6007154366671954,0.6451792255562849,0.6245580935096866,0.621276847591544,0.6209984663145606,0.6225456139278542,0.014120131177855154,30.0
0.004557466506958008,0.000572418184945684,0.01347503662109375,0.00012055520344560646,49,2,distance,"{'clf__leaf_size': 30, 'clf__n_neighbors': 49, 'clf__p': 2, 'clf__weights': 'distance'}",0.6022315229506879,0.5560076083171598,0.6291170962994983,0.6112382987382987,0.6336661042369705,0.606452126108523,0.027711628584384994,547,1.0,1.0,1.0,1.0,1.0,1.0,0.0,30.0
0.0039956092834472655,0.0002072095528061487,5.910120964050293,0.02189727727034637,49,3,uniform,"{'clf__leaf_size': 30, 'clf__n_neighbors': 49, 'clf__p': 3, 'clf__weights': 'uniform'}",0.5890809873521012,0.5793357479814475,0.5813075702939295,0.6090108134151241,0.592954652101282,0.590337954228777,0.01058016181348571,619,0.5914864468287219,0.6087071394420706,0.613617677949868,0.6029229851357976,0.5821374498494482,0.5997743398411812,0.011498660313783032,30.0
0.003909921646118164,0.00014665844441894097,5.907373046875,0.00987576948831332,49,3,distance,"{'clf__leaf_size': 30, 'clf__n_neighbors': 49, 'clf__p': 3, 'clf__weights': 'distance'}",0.5884569277283263,0.5817047993708907,0.6089763883806436,0.6377189727565667,0.5992954519418032,0.6032305080356462,0.019593717436074562,562,1.0,1.0,1.0,1.0,1.0,1.0,0.0,30.0
0.003760671615600586,6.306080826539519e-05,5.917076110839844,0.01638804428259746,49,4,uniform,"{'clf__leaf_size': 30, 'clf__n_neighbors': 49, 'clf__p': 4, 'clf__weights': 'uniform'}",0.5218245926126085,0.5547568077724011,0.5358545312938267,0.5779910604247768,0.5650706763802918,0.551099533696781,0.020105496587041007,730,0.5584748919395839,0.5757036654521922,0.5796529898902331,0.569787797892449,0.5644830256585904,0.5696204741666098,0.007593444087407358,30.0
0.004068231582641602,0.0004022860529793944,5.943807554244995,0.024346174717128584,49,4,distance,"{'clf__leaf_size': 30, 'clf__n_neighbors': 49, 'clf__p': 4, 'clf__weights': 'distance'}",0.5355021699537809,0.551097653960098,0.5723024898302511,0.6043200808060571,0.5717522003354373,0.5669949189771248,0.02318829884190734,697,1.0,1.0,1.0,1.0,1.0,1.0,0.0,30.0
0.003965425491333008,0.00039367617447203657,5.973296689987182,0.0277952645329292,49,5,uniform,"{'clf__leaf_size': 30, 'clf__n_neighbors': 49, 'clf__p': 5, 'clf__weights': 'uniform'}",0.5052779366036672,0.5300879601122058,0.533043660134917,0.5576821059910909,0.5481464528010204,0.5348476231285801,0.017880422332531426,748,0.544986458975997,0.5636743452062745,0.5583182828806239,0.5512956883978893,0.5551958688992651,0.5546941288720099,0.0063216892237659365,30.0
0.003946065902709961,0.0004051016656640263,5.942296981811523,0.026451062571126276,49,5,distance,"{'clf__leaf_size': 30, 'clf__n_neighbors': 49, 'clf__p': 5, 'clf__weights': 'distance'}",0.505199635953988,0.5451428074409906,0.540798007532659,0.5802465451070968,0.5504693896484941,0.5443712771366458,0.023966655235034457,739,1.0,1.0,1.0,1.0,1.0,1.0,0.0,30.0
0.0038516044616699217,0.00010329248237979533,0.08742289543151856,0.0009432162789397824,1,1,uniform,"{'clf__leaf_size': 50, 'clf__n_neighbors': 1, 'clf__p': 1, 'clf__weights': 'uniform'}",0.7273553987228262,0.7412806818393286,0.6803290428538691,0.6867024118320832,0.6800884118503882,0.703151189419699,0.025934557283203274,67,1.0,1.0,1.0,1.0,1.0,1.0,0.0,50.0
0.004079484939575195,0.0002101097110050233,0.08705730438232422,0.0006315897146373313,1,1,distance,"{'clf__leaf_size': 50, 'clf__n_neighbors': 1, 'clf__p': 1, 'clf__weights': 'distance'}",0.7273553987228262,0.7412806818393286,0.6803290428538691,0.6867024118320832,0.6800884118503882,0.703151189419699,0.025934557283203274,67,1.0,1.0,1.0,1.0,1.0,1.0,0.0,50.0
0.004067897796630859,0.00014762588862849593,0.010267353057861328,0.00046901210818786946,1,2,uniform,"{'clf__leaf_size': 50, 'clf__n_neighbors': 1, 'clf__p': 2, 'clf__weights': 'uniform'}",0.7047224582271311,0.7017839974361714,0.6336042668789148,0.6576097707741778,0.7270613147750975,0.6849563616182985,0.03415133569166302,118,1.0,1.0,1.0,1.0,1.0,1.0,0.0,50.0
0.004316473007202148,0.0005952002163936314,0.010056018829345703,0.00026624940476982733,1,2,distance,"{'clf__leaf_size': 50, 'clf__n_neighbors': 1, 'clf__p': 2, 'clf__weights': 'distance'}",0.7047224582271311,0.7017839974361714,0.6336042668789148,0.6576097707741778,0.7270613147750975,0.6849563616182985,0.03415133569166302,118,1.0,1.0,1.0,1.0,1.0,1.0,0.0,50.0
0.004059600830078125,0.00022513821861475873,5.913261079788208,0.014406871062566112,1,3,uniform,"{'clf__leaf_size': 50, 'clf__n_neighbors': 1, 'clf__p': 3, 'clf__weights': 'uniform'}",0.6998144844747298,0.6403174591817692,0.6383002645502645,0.6128857226395573,0.6906798189433372,0.6563995499579317,0.03328562550021812,229,1.0,1.0,1.0,1.0,1.0,1.0,0.0,50.0
0.004004573822021485,0.0003848021682962842,5.911378383636475,0.0129218349430507,1,3,distance,"{'clf__leaf_size': 50, 'clf__n_neighbors': 1, 'clf__p': 3, 'clf__weights': 'distance'}",0.6998144844747298,0.6403174591817692,0.6383002645502645,0.6128857226395573,0.6906798189433372,0.6563995499579317,0.03328562550021812,229,1.0,1.0,1.0,1.0,1.0,1.0,0.0,50.0
0.003808116912841797,0.0001379435258291546,5.925261974334717,0.02127229905588746,1,4,uniform,"{'clf__leaf_size': 50, 'clf__n_neighbors': 1, 'clf__p': 4, 'clf__weights': 'uniform'}",0.6599079510038414,0.6296589987465899,0.6072145435094888,0.6041820564756345,0.6517014390338243,0.6305329977538758,0.022582635247118163,391,1.0,1.0,1.0,1.0,1.0,1.0,0.0,50.0
0.003776264190673828,6.139607559565637e-05,5.911527824401856,0.0068830183606954885,1,4,distance,"{'clf__leaf_size': 50, 'clf__n_neighbors': 1, 'clf__p': 4, 'clf__weights': 'distance'}",0.6599079510038414,0.6296589987465899,0.6072145435094888,0.6041820564756345,0.6517014390338243,0.6305329977538758,0.022582635247118163,391,1.0,1.0,1.0,1.0,1.0,1.0,0.0,50.0
0.003958463668823242,0.00020354591557096796,5.9221796035766605,0.014064787360656339,1,5,uniform,"{'clf__leaf_size': 50, 'clf__n_neighbors': 1, 'clf__p': 5, 'clf__weights': 'uniform'}",0.6288499321977727,0.5916217065598797,0.5900830636301995,0.5870384883315918,0.6341312045020107,0.6063448790442909,0.0206519368137832,553,1.0,1.0,1.0,1.0,1.0,1.0,0.0,50.0
0.0037447452545166016,7.939941509375088e-05,5.926192998886108,0.020618709351032136,1,5,distance,"{'clf__leaf_size': 50, 'clf__n_neighbors': 1, 'clf__p': 5, 'clf__weights': 'distance'}",0.6288499321977727,0.5916217065598797,0.5900830636301995,0.5870384883315918,0.6341312045020107,0.6063448790442909,0.0206519368137832,553,1.0,1.0,1.0,1.0,1.0,1.0,0.0,50.0
0.003978729248046875,0.0004516403866078687,0.0882840633392334,0.0026638307466524094,3,1,uniform,"{'clf__leaf_size': 50, 'clf__n_neighbors': 3, 'clf__p': 1, 'clf__weights': 'uniform'}",0.7501708401268564,0.711454494615967,0.7008833540673164,0.6912728334462246,0.7407183399972903,0.718899972450731,0.022791229959571613,22,0.8377484094803266,0.8254558125679596,0.8407639497068762,0.8356579181186179,0.8334345468744773,0.8346121273496514,0.005176865043777693,50.0
0.004452848434448242,0.0003396366376845769,0.09084010124206543,0.0028412534634346624,3,1,distance,"{'clf__leaf_size': 50, 'clf__n_neighbors': 3, 'clf__p': 1, 'clf__weights': 'distance'}",0.7538853864205167,0.7521476894792318,0.7225995599277621,0.7117244856161578,0.734586715773345,0.7349887674434028,0.016409702809901026,1,1.0,1.0,1.0,1.0,1.0,1.0,0.0,50.0
0.004726505279541016,0.0006807249612009871,0.010720539093017577,0.00022202479245860807,3,2,uniform,"{'clf__leaf_size': 50, 'clf__n_neighbors': 3, 'clf__p': 2, 'clf__weights': 'uniform'}",0.7501851798776235,0.6690742051337695,0.6932565052626237,0.6760297801020716,0.7354925570456902,0.7048076454843557,0.03237022570452977,55,0.8167323229171985,0.8155765430335894,0.8247535133587276,0.8231139369150604,0.8078092704907525,0.8175971173430657,0.006037910864966292,50.0
0.00467534065246582,0.000700919585286891,0.011249780654907227,0.0019719061309693905,3,2,distance,"{'clf__leaf_size': 50, 'clf__n_neighbors': 3, 'clf__p': 2, 'clf__weights': 'distance'}",0.7503142459844203,0.6956270853329677,0.6791185269927166,0.6656519485806929,0.7201732995024149,0.7021770212786425,0.03016532840033073,73,1.0,1.0,1.0,1.0,1.0,1.0,0.0,50.0
0.00422215461730957,0.0003973356173019109,5.916800308227539,0.021738673437075542,3,3,uniform,"{'clf__leaf_size': 50, 'clf__n_neighbors': 3, 'clf__p': 3, 'clf__weights': 'uniform'}",0.7196021455293958,0.6432882212770734,0.6263764439166577,0.6816191997358363,0.707736191433115,0.6757244403784156,0.035978011249001095,154,0.8032302130393374,0.8114505513029753,0.8111072747768544,0.8144766795505183,0.8123404440950832,0.8105210325529537,0.0038293899190557706,50.0
0.004124832153320312,0.0005962391618084411,5.94227442741394,0.025950190402482948,3,3,distance,"{'clf__leaf_size': 50, 'clf__n_neighbors': 3, 'clf__p': 3, 'clf__weights': 'distance'}",0.7068240355346802,0.6552391238489892,0.6505374120397943,0.6770943432262837,0.694910761310904,0.6769211351921303,0.021835982052914597,148,1.0,1.0,1.0,1.0,1.0,1.0,0.0,50.0
0.004140615463256836,0.0004667286635125023,5.911418199539185,0.013784481944627457,3,4,uniform,"{'clf__leaf_size': 50, 'clf__n_neighbors': 3, 'clf__p': 4, 'clf__weights': 'uniform'}",0.6718773818453583,0.6063436265626668,0.6176965649980826,0.6387367951343627,0.6650229874719055,0.6399354712024752,0.02558939986742916,343,0.7939914772362298,0.798480560387222,0.797580694459016,0.8083751316421459,0.7934994710369008,0.798385466952303,0.005359667972050042,50.0
0.004419517517089844,0.00040524441218530517,5.920915985107422,0.0233033919055845,3,4,distance,"{'clf__leaf_size': 50, 'clf__n_neighbors': 3, 'clf__p': 4, 'clf__weights': 'distance'}",0.6867247192687718,0.6476356768279966,0.6320374186275143,0.6517498375881234,0.6539009104798579,0.6544097125584528,0.01787736316636619,253,1.0,1.0,1.0,1.0,1.0,1.0,0.0,50.0
0.003947639465332031,0.00039011809564924954,5.92899899482727,0.025799019181603555,3,5,uniform,"{'clf__leaf_size': 50, 'clf__n_neighbors': 3, 'clf__p': 5, 'clf__weights': 'uniform'}",0.6387547810710159,0.5631651085156305,0.6107692584082648,0.6347000841541017,0.6497544583257603,0.6194287380949547,0.030876987731873976,472,0.7867073192911922,0.8001450083347894,0.7931651094348539,0.7971743851372557,0.793876253953177,0.7942136152302537,0.004505668393518801,50.0
0.003705406188964844,3.1539308770954034e-05,5.918786096572876,0.011532389703206821,3,5,distance,"{'clf__leaf_size': 50, 'clf__n_neighbors': 3, 'clf__p': 5, 'clf__weights': 'distance'}",0.6587829614604462,0.595656786724244,0.6069999564551706,0.6301334995584645,0.6343293580352694,0.6251805124467189,0.022088644292260897,433,1.0,1.0,1.0,1.0,1.0,1.0,0.0,50.0
0.0037940025329589845,4.81108134787968e-05,0.0869478702545166,0.0004026553234221218,5,1,uniform,"{'clf__leaf_size': 50, 'clf__n_neighbors': 5, 'clf__p': 1, 'clf__weights': 'uniform'}",0.7279588148854204,0.6955278227845508,0.7065187018906413,0.6856142184123836,0.7232908063045054,0.7077820728555002,0.016067347346352203,43,0.7813093199694727,0.7975795123701301,0.7876490646805907,0.796409453044016,0.7828040706124647,0.7891502841353348,0.00674916627234104,50.0
0.003989315032958985,0.00021424896852380881,0.08751029968261718,0.00042539512256367233,5,1,distance,"{'clf__leaf_size': 50, 'clf__n_neighbors': 5, 'clf__p': 1, 'clf__weights': 'distance'}",0.7418193662403333,0.7260143627995942,0.7094352123384381,0.7166609406721473,0.7373369320737742,0.7262533628248574,0.012166082682423841,10,1.0,1.0,1.0,1.0,1.0,1.0,0.0,50.0
0.00397195816040039,0.00022748843875911926,0.01059865951538086,0.0004751743650255438,5,2,uniform,"{'clf__leaf_size': 50, 'clf__n_neighbors': 5, 'clf__p': 2, 'clf__weights': 'uniform'}",0.7183677723239715,0.6507507861054754,0.695541798040502,0.6931646067768343,0.7390832357533177,0.6993816398000202,0.029512864194671695,76,0.7714669900484936,0.7999312486410073,0.7857489172671498,0.7887178004742822,0.7701827036615193,0.7832095320184904,0.011171310170119344,50.0
0.0038290023803710938,8.01686504949474e-05,0.010421228408813477,0.0002507667256723221,5,2,distance,"{'clf__leaf_size': 50, 'clf__n_neighbors': 5, 'clf__p': 2, 'clf__weights': 'distance'}",0.7383231609666618,0.6903283850652272,0.699624234324824,0.675363816347286,0.7506729872270013,0.7108625167862,0.028799541060897226,37,1.0,1.0,1.0,1.0,1.0,1.0,0.0,50.0
0.003979015350341797,0.0002633768680721148,5.904465532302856,0.009374075006986803,5,3,uniform,"{'clf__leaf_size': 50, 'clf__n_neighbors': 5, 'clf__p': 3, 'clf__weights': 'uniform'}",0.709452572145997,0.6326223287352447,0.6729115353037767,0.6723819583632668,0.7067475056192094,0.678823180033499,0.02803170762296455,145,0.7504566612786996,0.7655924352528879,0.7749437275619304,0.7633683752941404,0.750927361796658,0.7610577122368632,0.009313759495104853,50.0
0.003730440139770508,3.524036297991795e-05,5.89654049873352,0.004837361833496686,5,3,distance,"{'clf__leaf_size': 50, 'clf__n_neighbors': 5, 'clf__p': 3, 'clf__weights': 'distance'}",0.7307277765067745,0.6669249667079947,0.6829062187505895,0.6643592696316587,0.7005010998964804,0.6890838662986996,0.024515522923617007,109,1.0,1.0,1.0,1.0,1.0,1.0,0.0,50.0
0.003746509552001953,6.335100636833598e-05,5.906594228744507,0.02087331122522197,5,4,uniform,"{'clf__leaf_size': 50, 'clf__n_neighbors': 5, 'clf__p': 4, 'clf__weights': 'uniform'}",0.6590575710487843,0.6389479348861116,0.6209702697642662,0.682949471042986,0.668056402804024,0.6539963299092344,0.021811744701703318,256,0.7334878229558259,0.7524070632074613,0.7557621914234915,0.7658496161400319,0.7267840214568297,0.746858143036728,0.014508511016908816,50.0
0.003764486312866211,9.092443164207192e-05,5.910549736022949,0.00864313474752871,5,4,distance,"{'clf__leaf_size': 50, 'clf__n_neighbors': 5, 'clf__p': 4, 'clf__weights': 'distance'}",0.6756904353253237,0.6501389158105576,0.6405559068805851,0.672150583951012,0.681688449277622,0.6640448582490202,0.015860167908765398,202,1.0,1.0,1.0,1.0,1.0,1.0,0.0,50.0
0.004067850112915039,0.0004460295474531971,5.917745637893677,0.026552326289815895,5,5,uniform,"{'clf__leaf_size': 50, 'clf__n_neighbors': 5, 'clf__p': 5, 'clf__weights': 'uniform'}",0.6736589731321859,0.6157452987080937,0.6043417162547369,0.6706983521945473,0.6338152971250954,0.6396519274829318,0.028187812300553377,346,0.7318245244282928,0.7493958330081524,0.7385381257903519,0.738785552534249,0.7166421589666561,0.7350372389455405,0.010781241013104504,50.0
0.003952312469482422,0.00020078425416468525,5.925669384002686,0.008343964476879035,5,5,distance,"{'clf__leaf_size': 50, 'clf__n_neighbors': 5, 'clf__p': 5, 'clf__weights': 'distance'}",0.6822040278562017,0.6059759809438142,0.6374212232381439,0.6556212238432066,0.6373027266814014,0.6437050365125535,0.02501249835393597,322,1.0,1.0,1.0,1.0,1.0,1.0,0.0,50.0
0.004283285140991211,0.00030521920014500644,0.09084267616271972,0.002261185125056125,7,1,uniform,"{'clf__leaf_size': 50, 'clf__n_neighbors': 7, 'clf__p': 1, 'clf__weights': 'uniform'}",0.7228680766181802,0.6747677443329617,0.7213157420310604,0.7029943918510162,0.7263831337020805,0.7096658177070598,0.019245116156392485,40,0.7677471366245298,0.7756307139997811,0.7682648413741441,0.7812959654326256,0.7571098966744688,0.7700097108211098,0.008167548423982039,50.0
0.004495811462402344,0.0004226994632200078,0.09233064651489258,0.0029681180347193607,7,1,distance,"{'clf__leaf_size': 50, 'clf__n_neighbors': 7, 'clf__p': 1, 'clf__weights': 'distance'}",0.7422877738949905,0.7079851243871568,0.7402223305119194,0.7216792775444009,0.7389182769279632,0.7302185566532862,0.01333170227039114,4,1.0,1.0,1.0,1.0,1.0,1.0,0.0,50.0
0.004687738418579101,0.00037321796114237106,0.011798810958862305,0.00156157220729544,7,2,uniform,"{'clf__leaf_size': 50, 'clf__n_neighbors': 7, 'clf__p': 2, 'clf__weights': 'uniform'}",0.7130102671569128,0.6570305606260962,0.706447993858093,0.6745976378792016,0.7395290602083353,0.6981231039457277,0.029145940728250656,85,0.7657706260592566,0.7803519994241305,0.7618535293798087,0.7660496774467362,0.7525670707508071,0.7653185806121477,0.00895935391231841,50.0
0.004338550567626953,0.00027456088958135327,0.012668323516845704,0.0017192478858002647,7,2,distance,"{'clf__leaf_size': 50, 'clf__n_neighbors': 7, 'clf__p': 2, 'clf__weights': 'distance'}",0.7195832639235937,0.6689236256936628,0.7242427229661271,0.6740889298931816,0.7339567371123369,0.7041590559177805,0.027110550350377557,61,1.0,1.0,1.0,1.0,1.0,1.0,0.0,50.0
0.00452728271484375,0.0007879980591279866,5.907475185394287,0.006366505690704386,7,3,uniform,"{'clf__leaf_size': 50, 'clf__n_neighbors': 7, 'clf__p': 3, 'clf__weights': 'uniform'}",0.708277354829079,0.6217427162854853,0.6563979233470759,0.7032374534453847,0.6778049053332215,0.6734920706480492,0.031886078106992836,166,0.7562851539591307,0.7510480747522204,0.7579589668309026,0.7596728168577598,0.7413461834139096,0.7532622391627846,0.006620992065922648,50.0
0.003889799118041992,0.00012458396257964452,5.905925178527832,0.007273894134175135,7,3,distance,"{'clf__leaf_size': 50, 'clf__n_neighbors': 7, 'clf__p': 3, 'clf__weights': 'distance'}",0.7088101807453475,0.6547688413285884,0.6693884997307763,0.6943188369985998,0.6889107544642004,0.6832394226535025,0.019032620223809905,124,1.0,1.0,1.0,1.0,1.0,1.0,0.0,50.0
0.003983545303344727,0.0005765977814041404,5.92344970703125,0.02741333950926716,7,4,uniform,"{'clf__leaf_size': 50, 'clf__n_neighbors': 7, 'clf__p': 4, 'clf__weights': 'uniform'}",0.6706355625119926,0.6209344764120475,0.6009420703170704,0.703802630355981,0.6507364931517879,0.649410246549776,0.03625144956033662,277,0.7182661325878071,0.7327864722971152,0.7490640359213564,0.7237706334802523,0.7129419655630208,0.7273658479699103,0.012680483424717488,50.0
0.003999185562133789,0.00032576802735065477,5.9184637546539305,0.014751408359825585,7,4,distance,"{'clf__leaf_size': 50, 'clf__n_neighbors': 7, 'clf__p': 4, 'clf__weights': 'distance'}",0.6759821341840148,0.6299017923573839,0.6127595972309628,0.6949494321317795,0.6605976638304224,0.6548381239469127,0.029938542237743032,247,1.0,1.0,1.0,1.0,1.0,1.0,0.0,50.0
0.003796958923339844,7.768094418674088e-05,5.918711614608765,0.013327483182144856,7,5,uniform,"{'clf__leaf_size': 50, 'clf__n_neighbors': 7, 'clf__p': 5, 'clf__weights': 'uniform'}",0.6685693199798503,0.6092085485848935,0.6053085683467262,0.6920294061587088,0.6401199475177412,0.6430471581175838,0.03355134150576042,331,0.6928619257180173,0.7179282022911616,0.7330889876073667,0.7082722350011625,0.6965491029432126,0.7097400907121842,0.014650906932552039,50.0
0.003740739822387695,2.2857566064226446e-05,5.93679404258728,0.02561768344535288,7,5,distance,"{'clf__leaf_size': 50, 'clf__n_neighbors': 7, 'clf__p': 5, 'clf__weights': 'distance'}",0.6741089909680457,0.6276140313024818,0.6084459932109538,0.6769717200686429,0.6308601563920713,0.6436001783884391,0.027196063074444665,325,1.0,1.0,1.0,1.0,1.0,1.0,0.0,50.0
0.003726816177368164,3.9578518222030303e-05,0.0870856761932373,0.0003218763985233832,9,1,uniform,"{'clf__leaf_size': 50, 'clf__n_neighbors': 9, 'clf__p': 1, 'clf__weights': 'uniform'}",0.7420271941776827,0.6969816007747042,0.7123494069450746,0.6864147426647427,0.7344309823135452,0.7144407853751499,0.021238050686972588,25,0.7595677349653323,0.7610056890299435,0.7606608957568108,0.7706525708995949,0.7417210279644277,0.7587215837232218,0.009392139173276646,50.0
0.0037876129150390624,0.00016956067860993324,0.08791055679321289,0.0006927225389070771,9,1,distance,"{'clf__leaf_size': 50, 'clf__n_neighbors': 9, 'clf__p': 1, 'clf__weights': 'distance'}",0.7513194039552393,0.7184301823277796,0.7361526266999101,0.6919924556777743,0.7355742416746334,0.7266937820670674,0.020234735935200563,7,1.0,1.0,1.0,1.0,1.0,1.0,0.0,50.0
0.0040318965911865234,0.00014976414441202263,0.010937309265136719,0.000507512565493687,9,2,uniform,"{'clf__leaf_size': 50, 'clf__n_neighbors': 9, 'clf__p': 2, 'clf__weights': 'uniform'}",0.7082300807432049,0.6825563928754468,0.7339898057147494,0.6522044436197776,0.7133714815151656,0.6980704408936689,0.028184805434713054,88,0.7562053811997704,0.7548343189532284,0.7567806835944532,0.7467605950500417,0.7320000337168948,0.7493162025028777,0.009380934933379275,50.0
0.003880739212036133,4.554456393139648e-05,0.010861587524414063,0.00047457847660511325,9,2,distance,"{'clf__leaf_size': 50, 'clf__n_neighbors': 9, 'clf__p': 2, 'clf__weights': 'distance'}",0.736273854201138,0.6949359266856079,0.7347926828714599,0.671957671957672,0.7280257238603977,0.7131971719152551,0.0255066844010026,28,1.0,1.0,1.0,1.0,1.0,1.0,0.0,50.0
0.0037981986999511717,0.0001455025751976294,5.919938611984253,0.025520413072946974,9,3,uniform,"{'clf__leaf_size': 50, 'clf__n_neighbors': 9, 'clf__p': 3, 'clf__weights': 'uniform'}",0.6781367597544068,0.6512553486370841,0.6520035525625776,0.683746800410463,0.6869167707471959,0.6704118464223454,0.015593232513153912,178,0.728761315080699,0.7420505223089217,0.7399484491822693,0.7366383834854042,0.7229075008382954,0.7340612341791178,0.00717808656605935,50.0
0.004028511047363281,0.0003798273733386697,5.9034178256988525,0.025201713625045086,9,3,distance,"{'clf__leaf_size': 50, 'clf__n_neighbors': 9, 'clf__p': 3, 'clf__weights': 'distance'}",0.6945932193049593,0.6561838352750805,0.6662765822248582,0.6827099470987417,0.6963175602752746,0.6792162288357829,0.01574191251242441,142,1.0,1.0,1.0,1.0,1.0,1.0,0.0,50.0
0.004271364212036133,0.0005934652246627601,5.914385795593262,0.010696161712950505,9,4,uniform,"{'clf__leaf_size': 50, 'clf__n_neighbors': 9, 'clf__p': 4, 'clf__weights': 'uniform'}",0.6650922419435892,0.6257070588366966,0.6295544162958828,0.6819925400355348,0.6340410068620833,0.6472774527947573,0.022258011653007587,298,0.7118655488670044,0.726384002620349,0.7191019425389006,0.7084561154003894,0.7013228951530033,0.7134261009159294,0.008645762698250061,50.0
0.0040532112121582035,0.0004148853384148296,5.918691730499267,0.011755788094692195,9,4,distance,"{'clf__leaf_size': 50, 'clf__n_neighbors': 9, 'clf__p': 4, 'clf__weights': 'distance'}",0.6753376872099386,0.6242482557327393,0.6292841890437675,0.6954371946757382,0.6410312013137396,0.6530677055951847,0.027684723120563807,259,1.0,1.0,1.0,1.0,1.0,1.0,0.0,50.0
0.004033899307250977,0.0003975932046877157,5.91095609664917,0.011502690212338592,9,5,uniform,"{'clf__leaf_size': 50, 'clf__n_neighbors': 9, 'clf__p': 5, 'clf__weights': 'uniform'}",0.6777191375216558,0.5824804873742185,0.6308930088775263,0.6593730302669535,0.609559793626261,0.632005091533323,0.03404847313533231,385,0.6911337202512282,0.7040574952162806,0.7102002349239611,0.6867058726301076,0.6818436919047763,0.6947882029852708,0.010674176146940053,50.0
0.00404973030090332,0.0003810746829638789,5.929481840133667,0.02201706089448312,9,5,distance,"{'clf__leaf_size': 50, 'clf__n_neighbors': 9, 'clf__p': 5, 'clf__weights': 'distance'}",0.6799844502213632,0.5923254818945243,0.642065577156855,0.659295065988778,0.6187606184553012,0.6384862387433643,0.030619719395471475,355,1.0,1.0,1.0,1.0,1.0,1.0,0.0,50.0
0.0039978504180908205,0.0005325834628660653,0.08898744583129883,0.0022797511756316438,11,1,uniform,"{'clf__leaf_size': 50, 'clf__n_neighbors': 11, 'clf__p': 1, 'clf__weights': 'uniform'}",0.7203771205935908,0.694675925925926,0.7223538972451501,0.6819425250053784,0.7364224392963296,0.711154381613275,0.019868743654705794,34,0.7393158465277354,0.7547700463803735,0.7490991857925244,0.7629415660600396,0.7358673959105266,0.7483988081342398,0.009920801354804906,50.0
0.0041768550872802734,0.00039459639061800467,0.0902226448059082,0.0024164103889380262,11,1,distance,"{'clf__leaf_size': 50, 'clf__n_neighbors': 11, 'clf__p': 1, 'clf__weights': 'distance'}",0.7320039195039195,0.7032155327571896,0.724889509828676,0.6998267028330319,0.7354703813577419,0.7190812092561117,0.014776964953817608,19,1.0,1.0,1.0,1.0,1.0,1.0,0.0,50.0
0.004357147216796875,9.889393439144391e-05,0.012049484252929687,0.0012523171426281584,11,2,uniform,"{'clf__leaf_size': 50, 'clf__n_neighbors': 11, 'clf__p': 2, 'clf__weights': 'uniform'}",0.6983206380747364,0.6673039671283745,0.7240577810509949,0.6713790396533056,0.7299890412604051,0.6982100934335633,0.02589637345428321,82,0.7334302643048041,0.7438362685509735,0.7513523454173558,0.7430430489837841,0.7229765363371815,0.7389276927188198,0.009798605795168325,50.0
0.004178142547607422,0.00016378898975143454,0.012209701538085937,0.0015324968782308862,11,2,distance,"{'clf__leaf_size': 50, 'clf__n_neighbors': 11, 'clf__p': 2, 'clf__weights': 'distance'}",0.7113082039911308,0.6855842404954898,0.7348781206882096,0.6942053512360116,0.7395920323092452,0.7131135897440173,0.021417043209278595,31,1.0,1.0,1.0,1.0,1.0,1.0,0.0,50.0
0.004252481460571289,0.000525429792107814,5.908065366744995,0.02820317489126737,11,3,uniform,"{'clf__leaf_size': 50, 'clf__n_neighbors': 11, 'clf__p': 3, 'clf__weights': 'uniform'}",0.6753147688631559,0.6267277139863578,0.6718242326631222,0.6844463822881088,0.6860542912266872,0.6688734778054864,0.02174469266950551,187,0.7199728449607056,0.7255227123221001,0.7201269324356406,0.7213689882361001,0.6994883057523162,0.7172959567413726,0.009127559154674952,50.0
0.0037690162658691405,3.8819816475038046e-05,5.903060531616211,0.008231451415725823,11,3,distance,"{'clf__leaf_size': 50, 'clf__n_neighbors': 11, 'clf__p': 3, 'clf__weights': 'distance'}",0.6812193701374255,0.6575380359612725,0.6788931023589723,0.6779769964507285,0.6808975895777578,0.6753050188972314,0.008965889660602964,160,1.0,1.0,1.0,1.0,1.0,1.0,0.0,50.0
0.0039711475372314455,0.0004092554297602959,5.901902580261231,0.01605378073347723,11,4,uniform,"{'clf__leaf_size': 50, 'clf__n_neighbors': 11, 'clf__p': 4, 'clf__weights': 'uniform'}",0.650012687020272,0.6140737328564205,0.635911487841018,0.688526591502174,0.6371130158345172,0.6451275030108803,0.024579867720547214,310,0.693841840463645,0.7150628430583893,0.7075173082523981,0.7032663137640458,0.6891662294701657,0.7017709070017288,0.009313226344214765,50.0
0.003938817977905273,0.0003009069391873505,5.891598510742187,0.0017790116576076812,11,4,distance,"{'clf__leaf_size': 50, 'clf__n_neighbors': 11, 'clf__p': 4, 'clf__weights': 'distance'}",0.6603937703839724,0.6466982645348939,0.6396330934522758,0.7019092133796776,0.6304996218695423,0.6558267927240725,0.025025899723793127,235,1.0,1.0,1.0,1.0,1.0,1.0,0.0,50.0
0.0037295341491699217,4.293160660233205e-05,5.908817529678345,0.012068618285193991,11,5,uniform,"{'clf__leaf_size': 50, 'clf__n_neighbors': 11, 'clf__p': 5, 'clf__weights': 'uniform'}",0.6526428422601086,0.5428492513462224,0.6140843642679574,0.6801932374035096,0.6054829981058588,0.6190505386767313,0.04665243767234197,478,0.6819506283945939,0.6978901073838549,0.6929251237891312,0.6840528524147368,0.6720850597977217,0.6857807543560078,0.00897670323429254,50.0
0.0042399406433105465,0.0008048574861792795,5.921394348144531,0.020340515392417647,11,5,distance,"{'clf__leaf_size': 50, 'clf__n_neighbors': 11, 'clf__p': 5, 'clf__weights': 'distance'}",0.6681603806799599,0.574725748798225,0.6337158964763506,0.6739717121407113,0.5985340362900162,0.6298215548770526,0.03859721366537591,400,1.0,1.0,1.0,1.0,1.0,1.0,0.0,50.0
0.0038248538970947266,6.463871974492321e-05,0.08772311210632325,0.0006510302372980966,13,1,uniform,"{'clf__leaf_size': 50, 'clf__n_neighbors': 13, 'clf__p': 1, 'clf__weights': 'uniform'}",0.7292509259347875,0.6791895289844709,0.7100675309225144,0.668942456914155,0.7362131893405329,0.7047327264192921,0.026660908156885647,58,0.7296409563721371,0.7463501899057792,0.7409119492768216,0.7551069881061172,0.7245887410561737,0.7393197649434058,0.011062375345447803,50.0
0.004224109649658203,0.000324161966576451,0.09006714820861816,0.002119635219439693,13,1,distance,"{'clf__leaf_size': 50, 'clf__n_neighbors': 13, 'clf__p': 1, 'clf__weights': 'distance'}",0.7353578259064557,0.7016784750337381,0.7329878980135082,0.6990227855308423,0.7405312090206114,0.7219156387010311,0.01779579894829272,13,1.0,1.0,1.0,1.0,1.0,1.0,0.0,50.0
0.00400395393371582,0.0001758764845315257,0.010925960540771485,0.00022871152183728252,13,2,uniform,"{'clf__leaf_size': 50, 'clf__n_neighbors': 13, 'clf__p': 2, 'clf__weights': 'uniform'}",0.6859903068629484,0.683840227463444,0.7040857051632913,0.6737005913476501,0.7453047802389449,0.6985843222152558,0.02533086665284162,79,0.7230703074804197,0.7346571483330993,0.7282935347792363,0.7423372140531316,0.7161099225214773,0.7288936254334729,0.00907350507915163,50.0
0.00406794548034668,0.00041567731658964923,0.011117506027221679,0.00041327942772621974,13,2,distance,"{'clf__leaf_size': 50, 'clf__n_neighbors': 13, 'clf__p': 2, 'clf__weights': 'distance'}",0.6965245775729647,0.6980092671334714,0.712675686122033,0.6894288473477271,0.742104124451199,0.7077485005254791,0.018767124762677313,46,1.0,1.0,1.0,1.0,1.0,1.0,0.0,50.0
0.003907299041748047,0.00011172372969948114,5.908248424530029,0.0045623731553330205,13,3,uniform,"{'clf__leaf_size': 50, 'clf__n_neighbors': 13, 'clf__p': 3, 'clf__weights': 'uniform'}",0.637500786319241,0.6298223215235664,0.6476230694980695,0.6556861209035122,0.6612791940609141,0.6463822984610605,0.011516355477454724,304,0.705039654638523,0.7155494273277013,0.709631594264778,0.7071155054980334,0.6987403821207248,0.7072153127699521,0.005511148356368566,50.0
0.004183244705200195,0.00038781859369294545,5.920917320251465,0.02599932353323716,13,3,distance,"{'clf__leaf_size': 50, 'clf__n_neighbors': 13, 'clf__p': 3, 'clf__weights': 'distance'}",0.6481481481481481,0.6381847319347319,0.670598338191351,0.6635691999288682,0.6570794912771725,0.6555159818960543,0.011396785099718082,241,1.0,1.0,1.0,1.0,1.0,1.0,0.0,50.0
0.004056596755981445,0.0003626351635519976,5.903971099853516,0.012681882871912317,13,4,uniform,"{'clf__leaf_size': 50, 'clf__n_neighbors': 13, 'clf__p': 4, 'clf__weights': 'uniform'}",0.6337266914521936,0.5917800147845371,0.6265024353866305,0.661841053828087,0.6249690171778179,0.6277638425258533,0.022365374814963694,409,0.6818067658197512,0.7005646832875849,0.6865999122078713,0.6855943027925133,0.6673388949894116,0.6843809118194264,0.010633600562116503,50.0
0.004445362091064453,0.0007275879806675684,5.917556476593018,0.015598090193443668,13,4,distance,"{'clf__leaf_size': 50, 'clf__n_neighbors': 13, 'clf__p': 4, 'clf__weights': 'distance'}",0.6538661296312865,0.6009412589929928,0.6415849984550417,0.6555472755806213,0.6139588212334114,0.6331796967786707,0.02194376954620802,373,1.0,1.0,1.0,1.0,1.0,1.0,0.0,50.0
0.00395655632019043,0.0003478287334953079,5.922245979309082,0.020762570807082832,13,5,uniform,"{'clf__leaf_size': 50, 'clf__n_neighbors': 13, 'clf__p': 5, 'clf__weights': 'uniform'}",0.6260262681715022,0.5725537427389544,0.615963305426221,0.6794078742608154,0.6078583409632385,0.6203619063121464,0.03458270858882549,463,0.6551555392423771,0.6807918119673336,0.6696305851868809,0.6746507140276895,0.6630579032428616,0.6686573107334286,0.008919254050054084,50.0
0.0037795543670654298,4.4401861531400945e-05,5.913462543487549,0.01104364898451526,13,5,distance,"{'clf__leaf_size': 50, 'clf__n_neighbors': 13, 'clf__p': 5, 'clf__weights': 'distance'}",0.6459718960203956,0.5960589197006854,0.6270753133861305,0.6718494935136774,0.5914189191792715,0.6264749083600321,0.030309736836390565,421,1.0,1.0,1.0,1.0,1.0,1.0,0.0,50.0
0.0037518978118896485,2.5673419187855905e-05,0.0877260684967041,0.0005391584569082113,15,1,uniform,"{'clf__leaf_size': 50, 'clf__n_neighbors': 15, 'clf__p': 1, 'clf__weights': 'uniform'}",0.7019317092353802,0.677506539910177,0.7087051839760213,0.6667884311214883,0.7303808746742544,0.6970625477834641,0.022664201733842804,91,0.7265678240861115,0.7333407147070139,0.7356680658400171,0.7447755351025135,0.7210424367555148,0.7322789152982342,0.008095113078718977,50.0
0.004093360900878906,0.00038173968180677084,0.09029326438903809,0.002032463772730782,15,1,distance,"{'clf__leaf_size': 50, 'clf__n_neighbors': 15, 'clf__p': 1, 'clf__weights': 'distance'}",0.743577278717893,0.7191554690290908,0.7187062596376689,0.6755418450050086,0.7436970837390771,0.7201355872257477,0.024884784396268102,16,1.0,1.0,1.0,1.0,1.0,1.0,0.0,50.0
0.004317092895507813,0.00015684162136607669,0.011387491226196289,0.0006355808004467668,15,2,uniform,"{'clf__leaf_size': 50, 'clf__n_neighbors': 15, 'clf__p': 2, 'clf__weights': 'uniform'}",0.6914692944569387,0.6809381316080422,0.691458122590198,0.6777823197947008,0.718087811012664,0.6919471358925087,0.014181978371193543,97,0.714252757379494,0.7332467084509312,0.7173435931590524,0.7421280737637321,0.7026221748605341,0.7219186615227488,0.014062693374344796,50.0
0.004205322265625,0.00017092378089948688,0.011496019363403321,0.0006148030218762893,15,2,distance,"{'clf__leaf_size': 50, 'clf__n_neighbors': 15, 'clf__p': 2, 'clf__weights': 'distance'}",0.7084110593020663,0.6954649696135764,0.7112853374186399,0.6920354750917878,0.7311827384501803,0.7076759159752501,0.01385546580820437,49,1.0,1.0,1.0,1.0,1.0,1.0,0.0,50.0
0.00408782958984375,8.045312632830437e-05,5.899537038803101,0.010528572979609175,15,3,uniform,"{'clf__leaf_size': 50, 'clf__n_neighbors': 15, 'clf__p': 3, 'clf__weights': 'uniform'}",0.6402658437403029,0.6369264496780112,0.639244660465427,0.6654232626888038,0.665155515908415,0.6494031464961919,0.013016407864743266,280,0.6910783366277542,0.7079850562598893,0.6940900359022462,0.7008935698834167,0.6855874449929449,0.6959268887332503,0.007795561666093446,50.0
0.003792572021484375,0.00017245726724165978,5.911419820785523,0.016955378548796595,15,3,distance,"{'clf__leaf_size': 50, 'clf__n_neighbors': 15, 'clf__p': 3, 'clf__weights': 'distance'}",0.6457727139092899,0.6406873427947899,0.652088356406592,0.6842269266210776,0.6718548043749542,0.6589260288213407,0.016490614251692015,220,1.0,1.0,1.0,1.0,1.0,1.0,0.0,50.0
0.0037544727325439452,4.087487504051108e-05,5.909432363510132,0.019975405432632997,15,4,uniform,"{'clf__leaf_size': 50, 'clf__n_neighbors': 15, 'clf__p': 4, 'clf__weights': 'uniform'}",0.6168720935398833,0.5725720239617396,0.6046537576818759,0.6714875201288245,0.6182588472547489,0.6167688485134144,0.031926473358163794,496,0.6745672445551094,0.6852931154701463,0.6698056377996134,0.679749916087411,0.6675191716763372,0.6753870171177234,0.006494497455910769,50.0
0.004059219360351562,0.0004431073685035264,5.939962530136109,0.03296976391713606,15,4,distance,"{'clf__leaf_size': 50, 'clf__n_neighbors': 15, 'clf__p': 4, 'clf__weights': 'distance'}",0.6306104466055125,0.5974344291269,0.6185087041054262,0.6773763911694947,0.6101483162630573,0.6268156574540782,0.027498547353900175,415,1.0,1.0,1.0,1.0,1.0,1.0,0.0,50.0
0.003925466537475586,0.00017589705182725662,5.960973405838013,0.02405313749260563,15,5,uniform,"{'clf__leaf_size': 50, 'clf__n_neighbors': 15, 'clf__p': 5, 'clf__weights': 'uniform'}",0.6178717668862931,0.5437063594585367,0.6084044949672514,0.641353508981985,0.6032561921315078,0.6029184644851148,0.032363985756609315,568,0.6601447102915684,0.6657418495617105,0.6590418649064792,0.656475294763947,0.6479988304042956,0.6578805099856002,0.00579479472242894,50.0
0.004178428649902343,0.00047595000232148843,5.936075592041016,0.013850957219812046,15,5,distance,"{'clf__leaf_size': 50, 'clf__n_neighbors': 15, 'clf__p': 5, 'clf__weights': 'distance'}",0.635466382655304,0.5683499639370226,0.6319746975500918,0.6430600887715254,0.5971187368115889,0.6151939739451067,0.0282494568663177,508,1.0,1.0,1.0,1.0,1.0,1.0,0.0,50.0
0.004046487808227539,0.00042834015182637914,0.09149489402770997,0.006718941913372415,17,1,uniform,"{'clf__leaf_size': 50, 'clf__n_neighbors': 17, 'clf__p': 1, 'clf__weights': 'uniform'}",0.6970245735711247,0.666811161458324,0.698092548487275,0.6607595729936155,0.7328026526377052,0.691098101829609,0.02582090902344747,100,0.7203644819559145,0.7292827567125761,0.7353327292403881,0.7362664567964369,0.7049990156635411,0.7252490880737713,0.011603943510566633,50.0
0.004062128067016601,0.000149375768109358,0.08856801986694336,0.000596402622616096,17,1,distance,"{'clf__leaf_size': 50, 'clf__n_neighbors': 17, 'clf__p': 1, 'clf__weights': 'distance'}",0.7021126315880112,0.7082312227102864,0.7189186200796108,0.6668165175746453,0.7398031579464914,0.707176429979809,0.023908406794938504,52,1.0,1.0,1.0,1.0,1.0,1.0,0.0,50.0
0.004555749893188477,0.0005635416673031278,0.011245298385620116,0.0005398688394325958,17,2,uniform,"{'clf__leaf_size': 50, 'clf__n_neighbors': 17, 'clf__p': 2, 'clf__weights': 'uniform'}",0.6804642983127462,0.6487334338791209,0.6807925152652937,0.6831324422183537,0.7165136883691282,0.6819272756089285,0.021461274363679006,130,0.7088436654084982,0.7274700156602526,0.7138633850366388,0.727855960076173,0.6893048845149483,0.7134675821393023,0.014201878654007526,50.0
0.004329156875610351,0.0004875218271149559,0.011592769622802734,0.0005005081566420075,17,2,distance,"{'clf__leaf_size': 50, 'clf__n_neighbors': 17, 'clf__p': 2, 'clf__weights': 'distance'}",0.6942410368639877,0.6593228200371059,0.7003974719534098,0.6926742919389978,0.7246195215953279,0.6942510284777658,0.020892534956055128,94,1.0,1.0,1.0,1.0,1.0,1.0,0.0,50.0
0.004502296447753906,0.0006651978679980598,5.923379564285279,0.02932401697840676,17,3,uniform,"{'clf__leaf_size': 50, 'clf__n_neighbors': 17, 'clf__p': 3, 'clf__weights': 'uniform'}",0.6441906476581042,0.6302274674701788,0.6289345484135785,0.6699668587179208,0.6539413217506873,0.645452168802094,0.015357411819675922,307,0.7013912771555062,0.7013371831342885,0.6838619009247535,0.685370189075136,0.688489214888839,0.6920899530357045,0.007718125151956726,50.0
0.003847551345825195,0.00015388986816346716,5.913180828094482,0.006349295703316305,17,3,distance,"{'clf__leaf_size': 50, 'clf__n_neighbors': 17, 'clf__p': 3, 'clf__weights': 'distance'}",0.6494397281680144,0.6317120591272878,0.6532561848817214,0.6684519578527883,0.6518391427367407,0.6509398145533105,0.011703045445588915,271,1.0,1.0,1.0,1.0,1.0,1.0,0.0,50.0
0.0037519454956054686,5.52212429090367e-05,5.926087713241577,0.02295487861908169,17,4,uniform,"{'clf__leaf_size': 50, 'clf__n_neighbors': 17, 'clf__p': 4, 'clf__weights': 'uniform'}",0.6126524646339414,0.5893576169124637,0.6251003625176064,0.6581576767543553,0.6133373881483055,0.6197211017933345,0.022445335310382952,469,0.654197474676405,0.6772295862271076,0.6564008588863889,0.6596406973810708,0.6530756535212172,0.6601088541384378,0.008848708209189735,50.0
0.0037433147430419923,3.090132893278093e-05,5.9203051090240475,0.025474825129796794,17,4,distance,"{'clf__leaf_size': 50, 'clf__n_neighbors': 17, 'clf__p': 4, 'clf__weights': 'distance'}",0.6273166098014887,0.5944600764051363,0.6228679728679729,0.6524236154562794,0.6210811549657913,0.6236298858993337,0.018442478801375742,451,1.0,1.0,1.0,1.0,1.0,1.0,0.0,50.0
0.0037961959838867187,3.364443506554344e-05,5.921193170547485,0.02186977333535814,17,5,uniform,"{'clf__leaf_size': 50, 'clf__n_neighbors': 17, 'clf__p': 5, 'clf__weights': 'uniform'}",0.6140847727105037,0.5557245675763507,0.6026410621147463,0.6324244700527045,0.6056703583517334,0.6021090461612078,0.025404443671086026,574,0.6541928664953618,0.6516211234688896,0.6409731556164195,0.6386927136845199,0.6369738362884242,0.644490739110723,0.00703516847566741,50.0
0.00394287109375,0.0004965472399444055,5.935905075073242,0.0266797825799158,17,5,distance,"{'clf__leaf_size': 50, 'clf__n_neighbors': 17, 'clf__p': 5, 'clf__weights': 'distance'}",0.6317835653477476,0.5749565217391306,0.6147680325472513,0.6425778296172849,0.6120253688406567,0.6152222636184141,0.023040660308523066,505,1.0,1.0,1.0,1.0,1.0,1.0,0.0,50.0
0.004088926315307617,0.0003707564954754651,0.08996448516845704,0.003305894574326071,19,1,uniform,"{'clf__leaf_size': 50, 'clf__n_neighbors': 19, 'clf__p': 1, 'clf__weights': 'uniform'}",0.6992780905561893,0.6451585317606199,0.688658586223124,0.6810217778820123,0.7226582571753652,0.6873550487194622,0.025340998507963737,112,0.7196187348822323,0.721991317312012,0.7200524076667435,0.7325118995111887,0.7004061088382519,0.7189160936420856,0.01037985924339589,50.0
0.0043185710906982425,0.0003712917755059407,0.09288516044616699,0.00522555852017076,19,1,distance,"{'clf__leaf_size': 50, 'clf__n_neighbors': 19, 'clf__p': 1, 'clf__weights': 'distance'}",0.7054844214830865,0.687906601764661,0.7093496530191821,0.6857482979947636,0.7298150751334678,0.7036608098790321,0.01605482632649779,64,1.0,1.0,1.0,1.0,1.0,1.0,0.0,50.0
0.0042003154754638675,0.00024694560862339977,0.011934185028076172,0.0007735189211388407,19,2,uniform,"{'clf__leaf_size': 50, 'clf__n_neighbors': 19, 'clf__p': 2, 'clf__weights': 'uniform'}",0.6559426229508196,0.6529497444910979,0.6782453240895276,0.6780170800068805,0.6900951976715983,0.6710499938419849,0.0142750449226566,175,0.6977491936280291,0.7043353432326003,0.7086609896613565,0.7141104151900213,0.6916394860192832,0.7032990855462581,0.00791778069703351,50.0
0.004210233688354492,0.00023122988743021344,0.01379389762878418,0.0016786208502016068,19,2,distance,"{'clf__leaf_size': 50, 'clf__n_neighbors': 19, 'clf__p': 2, 'clf__weights': 'distance'}",0.683171253759489,0.6460694494337903,0.6888028844687879,0.6842081119423536,0.7071332255004549,0.6818769850209752,0.019875284427837016,133,1.0,1.0,1.0,1.0,1.0,1.0,0.0,50.0
0.004153108596801758,0.0005148582525410938,5.903698587417603,0.01990881685933914,19,3,uniform,"{'clf__leaf_size': 50, 'clf__n_neighbors': 19, 'clf__p': 3, 'clf__weights': 'uniform'}",0.6360680809485957,0.6304115226337448,0.6487842298187126,0.6800844645889803,0.6484398337150254,0.6487576263410118,0.01719928241535981,283,0.6756905442045124,0.6859734818066849,0.673434570805618,0.6756324932137004,0.6752684436258924,0.6771999067312816,0.004463605814509671,50.0
0.0038825035095214843,0.00017011118670253752,5.9313301086425785,0.02155114180282506,19,3,distance,"{'clf__leaf_size': 50, 'clf__n_neighbors': 19, 'clf__p': 3, 'clf__weights': 'distance'}",0.6565722453646982,0.6425539596398371,0.6716014175778124,0.6840642681339776,0.6484398337150254,0.6606463448862702,0.015240369763908196,217,1.0,1.0,1.0,1.0,1.0,1.0,0.0,50.0
0.003973054885864258,0.00041306645731276537,5.915541267395019,0.007720737482696403,19,4,uniform,"{'clf__leaf_size': 50, 'clf__n_neighbors': 19, 'clf__p': 4, 'clf__weights': 'uniform'}",0.5997856452493656,0.585506428395768,0.6198357116371422,0.6675702252881013,0.623085862851241,0.6191567746843235,0.02781131909672511,475,0.6507672266726005,0.6659434650944197,0.6431457620538206,0.6492270429373936,0.6462358244268581,0.6510638642370186,0.007885058510867392,50.0
0.004042530059814453,0.00036014733078215195,5.923169374465942,0.023052698245941885,19,4,distance,"{'clf__leaf_size': 50, 'clf__n_neighbors': 19, 'clf__p': 4, 'clf__weights': 'distance'}",0.5997856452493656,0.5976790376523897,0.6224788312294144,0.6748922792000164,0.6288292460542036,0.6247330078770779,0.0279001834625067,436,1.0,1.0,1.0,1.0,1.0,1.0,0.0,50.0
0.004489374160766601,0.0003925631344699748,5.909825611114502,0.01103704184486282,19,5,uniform,"{'clf__leaf_size': 50, 'clf__n_neighbors': 19, 'clf__p': 5, 'clf__weights': 'uniform'}",0.6028213927635574,0.5421924788245738,0.6007144387369668,0.6252196335025174,0.6064059397392731,0.5954707767133777,0.02801669803644453,604,0.6374870230151702,0.6451556810357376,0.6393897536447167,0.6318110899781156,0.6244442531927779,0.6356575601733037,0.0070430687731586235,50.0
0.003763723373413086,3.445701983644178e-05,5.9281023979187015,0.0331498828130512,19,5,distance,"{'clf__leaf_size': 50, 'clf__n_neighbors': 19, 'clf__p': 5, 'clf__weights': 'distance'}",0.6140163995992859,0.5519302638193284,0.5954236877877377,0.6248809690649438,0.6037526836307324,0.5980008007804056,0.02506496716979799,592,1.0,1.0,1.0,1.0,1.0,1.0,0.0,50.0
0.0037415027618408203,3.983716910739425e-05,0.09062776565551758,0.005314076705836844,21,1,uniform,"{'clf__leaf_size': 50, 'clf__n_neighbors': 21, 'clf__p': 1, 'clf__weights': 'uniform'}",0.7021126315880112,0.6340905212582179,0.7090076489533012,0.6733701803355776,0.7289227044871475,0.689500737324451,0.032936781526025416,106,0.7132746189246763,0.7060124768425485,0.7093058932745943,0.722178304628575,0.6890106501678954,0.7079563887676578,0.010909513553182646,50.0
0.004152059555053711,0.0004793988558583053,0.08866934776306153,0.000500185550744234,21,1,distance,"{'clf__leaf_size': 50, 'clf__n_neighbors': 21, 'clf__p': 1, 'clf__weights': 'distance'}",0.7052141999013896,0.6370197308412412,0.7124961885061829,0.6699175548217938,0.7293818763009218,0.6908059100743058,0.03315252215490432,103,1.0,1.0,1.0,1.0,1.0,1.0,0.0,50.0
0.003835105895996094,0.0002455148632423664,0.011295366287231445,0.00026975518834411217,21,2,uniform,"{'clf__leaf_size': 50, 'clf__n_neighbors': 21, 'clf__p': 2, 'clf__weights': 'uniform'}",0.6408691115086464,0.6303398850724826,0.6660873784513951,0.6784540897346999,0.692520172382175,0.6616541274298798,0.023096336680625273,211,0.6925094944923588,0.6937909622010828,0.700747878902046,0.7109536700037629,0.6823740823329751,0.6960752175864451,0.009474760378899688,50.0
0.0039556026458740234,0.00020617779254512522,0.011519336700439453,0.0005540558180405828,21,2,distance,"{'clf__leaf_size': 50, 'clf__n_neighbors': 21, 'clf__p': 2, 'clf__weights': 'distance'}",0.6644722235485103,0.6367639842291399,0.665181356351242,0.6868191856777375,0.7075616496182549,0.6721596798849769,0.023785919474811578,172,1.0,1.0,1.0,1.0,1.0,1.0,0.0,50.0
0.003972625732421875,0.00023031963313171049,5.909699964523315,0.011342149840053994,21,3,uniform,"{'clf__leaf_size': 50, 'clf__n_neighbors': 21, 'clf__p': 3, 'clf__weights': 'uniform'}",0.6244396284829723,0.6326074373430883,0.6455553182128174,0.6808501898124539,0.6565822821516601,0.6480069712005985,0.01975241177610811,295,0.6704327549833693,0.6839131104992187,0.6618495497732786,0.6627664169838033,0.667124460178292,0.6692172584835925,0.007971471515953114,50.0
0.004053306579589844,0.0003500200545598643,5.896925354003907,0.018118188744288746,21,3,distance,"{'clf__leaf_size': 50, 'clf__n_neighbors': 21, 'clf__p': 3, 'clf__weights': 'distance'}",0.6362660691448861,0.6329406271165706,0.6484648043317746,0.6843208568406951,0.6565822821516601,0.6517149279171173,0.0183768476592025,268,1.0,1.0,1.0,1.0,1.0,1.0,0.0,50.0
0.0038268566131591797,0.00010518026866317655,5.901807832717895,0.01803701290763878,21,4,uniform,"{'clf__leaf_size': 50, 'clf__n_neighbors': 21, 'clf__p': 4, 'clf__weights': 'uniform'}",0.6041524717995306,0.6008125903800484,0.6025534360714152,0.6610942872898016,0.5921864791620889,0.612159852940577,0.02481401334163195,520,0.6470401047144207,0.6659308151329413,0.6309329365704782,0.6357956861705871,0.6373893507934271,0.6434177786763708,0.012411829645434644,50.0
0.003749990463256836,5.279183892481214e-05,5.904482793807984,0.010239899857363097,21,4,distance,"{'clf__leaf_size': 50, 'clf__n_neighbors': 21, 'clf__p': 4, 'clf__weights': 'distance'}",0.6097172337337714,0.6192108314802823,0.6149917833688464,0.6786316915006994,0.6133297258297259,0.627176253182665,0.025907971977344034,412,1.0,1.0,1.0,1.0,1.0,1.0,0.0,50.0
0.004168415069580078,0.00044514350320845755,5.937553548812867,0.03219434653403967,21,5,uniform,"{'clf__leaf_size': 50, 'clf__n_neighbors': 21, 'clf__p': 5, 'clf__weights': 'uniform'}",0.5872323668179646,0.5288132547516816,0.591857537739257,0.6483659056257716,0.595472582972583,0.5903483295814516,0.03792321049275071,616,0.6247354312874847,0.6354854244842328,0.6295666035342115,0.6168111065023466,0.6207134876938096,0.6254624107004171,0.006560960863236341,50.0
0.003971004486083984,0.0003684007778775858,5.941839551925659,0.016587818249961625,21,5,distance,"{'clf__leaf_size': 50, 'clf__n_neighbors': 21, 'clf__p': 5, 'clf__weights': 'distance'}",0.5965972197593039,0.5253531562733088,0.5837771100554269,0.6431845291520021,0.5956384727804165,0.5889100976040916,0.03772508224481605,628,1.0,1.0,1.0,1.0,1.0,1.0,0.0,50.0
0.003879737854003906,0.00022270405728563156,0.08822741508483886,0.0005088550391053932,23,1,uniform,"{'clf__leaf_size': 50, 'clf__n_neighbors': 23, 'clf__p': 1, 'clf__weights': 'uniform'}",0.6997718127067886,0.6300038274834483,0.692753216282628,0.6738547228969812,0.7127700037044999,0.6818307166148692,0.028803007920752476,136,0.7020911283389228,0.7054956263769808,0.6958247180307611,0.7140143338543122,0.6794963250507329,0.699384426330342,0.011549158338331934,50.0
0.004142951965332031,0.00037382480409058885,0.08920888900756836,0.0007006764102631527,23,1,distance,"{'clf__leaf_size': 50, 'clf__n_neighbors': 23, 'clf__p': 1, 'clf__weights': 'distance'}",0.6997718127067886,0.6429448665443738,0.7013558329388653,0.6662679197852975,0.7199064655487659,0.6860493795048181,0.02763403753088068,115,1.0,1.0,1.0,1.0,1.0,1.0,0.0,50.0
0.00450601577758789,0.0002905838208616268,0.012203025817871093,0.0006965217905439569,23,2,uniform,"{'clf__leaf_size': 50, 'clf__n_neighbors': 23, 'clf__p': 2, 'clf__weights': 'uniform'}",0.6534020954752662,0.6451126251015248,0.6646902377972466,0.6903806232087056,0.6858322631366962,0.6678835689438879,0.01770140895481297,193,0.6812050372896571,0.6988873581279891,0.693457142546655,0.7030431358688166,0.6754474304592882,0.6904080208584812,0.010481952171081797,50.0
0.004476737976074219,0.0003147773748107716,0.011743927001953125,0.00039419659796012654,23,2,distance,"{'clf__leaf_size': 50, 'clf__n_neighbors': 23, 'clf__p': 2, 'clf__weights': 'distance'}",0.6689464436780113,0.6548762929185573,0.6696884856413553,0.6866235577532649,0.6960052246603969,0.6752280009303171,0.014462973078737233,163,1.0,1.0,1.0,1.0,1.0,1.0,0.0,50.0
0.004660367965698242,0.0008274526779577944,5.909615802764892,0.005444591656385765,23,3,uniform,"{'clf__leaf_size': 50, 'clf__n_neighbors': 23, 'clf__p': 3, 'clf__weights': 'uniform'}",0.6157630594766518,0.6128942423085019,0.6483308748359528,0.6757574102619259,0.6518837909092163,0.6409258755584497,0.023694241953520375,337,0.6660450606596855,0.6807167160323595,0.6540029008480921,0.6539946858134698,0.6556588945721394,0.6620836515851493,0.010343029101339508,50.0
0.00425567626953125,0.0005235466492724582,5.923285961151123,0.025903755951253802,23,3,distance,"{'clf__leaf_size': 50, 'clf__n_neighbors': 23, 'clf__p': 3, 'clf__weights': 'distance'}",0.622585643879095,0.625534188034188,0.6453773553559187,0.6696426000223469,0.6573332805619101,0.6440946135706918,0.018092719614342244,319,1.0,1.0,1.0,1.0,1.0,1.0,0.0,50.0
0.003916025161743164,0.00013174424760721651,5.907291030883789,0.006751556270841387,23,4,uniform,"{'clf__leaf_size': 50, 'clf__n_neighbors': 23, 'clf__p': 4, 'clf__weights': 'uniform'}",0.6074107260656589,0.5886065171839078,0.604260538027747,0.6528708258464628,0.6209050888718536,0.614810739199126,0.021626092962396887,514,0.6361578440716832,0.6541449513471687,0.6373737759448918,0.623739050751068,0.6347326328870705,0.6372296510003763,0.009752213312464363,50.0
0.0038709163665771483,0.0001926631845256582,5.924895238876343,0.02462191787948655,23,4,distance,"{'clf__leaf_size': 50, 'clf__n_neighbors': 23, 'clf__p': 4, 'clf__weights': 'distance'}",0.6074107260656589,0.6198552072627515,0.6123267526030131,0.6685569631139561,0.6203703703703703,0.62570400388315,0.021966461018163096,424,1.0,1.0,1.0,1.0,1.0,1.0,0.0,50.0
0.003876495361328125,0.00014527056694195762,5.930721855163574,0.012326666798406135,23,5,uniform,"{'clf__leaf_size': 50, 'clf__n_neighbors': 23, 'clf__p': 5, 'clf__weights': 'uniform'}",0.5820598555211558,0.5230933503272397,0.5963703996242848,0.6185621717041248,0.5895299980011967,0.5819231550356003,0.031843269579587864,643,0.6103498407952355,0.6330293876120524,0.6287452588254131,0.6151054186774261,0.6174094775143903,0.6209278766849033,0.008552578833377374,50.0
0.003778219223022461,6.083347108415318e-05,5.9140221118927006,0.014599646557772832,23,5,distance,"{'clf__leaf_size': 50, 'clf__n_neighbors': 23, 'clf__p': 5, 'clf__weights': 'distance'}",0.5822456129499438,0.5398806371415356,0.5872901163008115,0.6311787592577114,0.5993080531536492,0.5879806357607302,0.02946647393016387,631,1.0,1.0,1.0,1.0,1.0,1.0,0.0,50.0
0.004109573364257812,0.0005554671409926566,0.08958759307861328,0.0023820852544165455,25,1,uniform,"{'clf__leaf_size': 50, 'clf__n_neighbors': 25, 'clf__p': 1, 'clf__weights': 'uniform'}",0.6839549305811012,0.6332979067722884,0.6935419156258782,0.6749592840881324,0.7168048236200746,0.680511772137495,0.027418259505573934,139,0.6892063600772017,0.7010061599919271,0.6874147768488384,0.7047611387043087,0.6734204279030894,0.6911617727050732,0.011085789538950197,50.0
0.004157209396362304,0.0006534889045859564,0.09056682586669922,0.002606299540365735,25,1,distance,"{'clf__leaf_size': 50, 'clf__n_neighbors': 25, 'clf__p': 1, 'clf__weights': 'distance'}",0.6884174275947488,0.6431683829138063,0.6935759551789537,0.6704562924418077,0.7203737944256743,0.6831983705109982,0.025619154647148625,127,1.0,1.0,1.0,1.0,1.0,1.0,0.0,50.0
0.004544830322265625,0.000610407822966413,0.013393163681030273,0.0018977680213209532,25,2,uniform,"{'clf__leaf_size': 50, 'clf__n_neighbors': 25, 'clf__p': 2, 'clf__weights': 'uniform'}",0.63744644994645,0.6245613262264511,0.6541267444598247,0.6742126742126742,0.6968497985717232,0.6574393986834246,0.02579217601144255,226,0.6674600604640745,0.691049896611513,0.6891168543483964,0.6961739339951577,0.6655233975188518,0.6818648285875987,0.012776913272547059,50.0
0.004381132125854492,6.342246112467256e-05,0.012979507446289062,0.0013893418866111847,25,2,distance,"{'clf__leaf_size': 50, 'clf__n_neighbors': 25, 'clf__p': 2, 'clf__weights': 'distance'}",0.6512194522389912,0.6310132850241545,0.6702110546070255,0.6737346703658541,0.704148950110479,0.6660654824693009,0.024394318511699254,196,1.0,1.0,1.0,1.0,1.0,1.0,0.0,50.0
0.00398406982421875,0.00023869829935160028,5.919181966781617,0.024897711524488126,25,3,uniform,"{'clf__leaf_size': 50, 'clf__n_neighbors': 25, 'clf__p': 3, 'clf__weights': 'uniform'}",0.6189371346221823,0.596382400280638,0.6257976219533457,0.6592594926070784,0.6610710368650113,0.6322895372656511,0.024760885757753127,382,0.6523837940365707,0.6730332426544836,0.6481113660544607,0.6493813032915177,0.6387490133441842,0.6523317438762434,0.011309836587624028,50.0
0.004615020751953125,0.0007704067531852159,5.906437015533447,0.011677651606116795,25,3,distance,"{'clf__leaf_size': 50, 'clf__n_neighbors': 25, 'clf__p': 3, 'clf__weights': 'distance'}",0.6266506845295015,0.6092878254750175,0.6372707676757752,0.659053261977574,0.6683714439858895,0.6401267967287515,0.021432572572800936,340,1.0,1.0,1.0,1.0,1.0,1.0,0.0,50.0
0.003864765167236328,0.00018258181337882186,5.918606233596802,0.019207208836975565,25,4,uniform,"{'clf__leaf_size': 50, 'clf__n_neighbors': 25, 'clf__p': 4, 'clf__weights': 'uniform'}",0.5749110877459092,0.5859996793136434,0.6100947578854315,0.6653805753070459,0.6111880206368572,0.6095148241777775,0.031223384415404825,529,0.633995848448921,0.6406375138564786,0.6342173821951376,0.625240326931372,0.6320397465724267,0.6332261636008673,0.004933238578368779,50.0
0.004168319702148438,0.000540916522851729,5.914333915710449,0.016967932172717158,25,4,distance,"{'clf__leaf_size': 50, 'clf__n_neighbors': 25, 'clf__p': 4, 'clf__weights': 'distance'}",0.5901361662859214,0.6043691858140526,0.6089540104356267,0.6684021319450805,0.6134120013142499,0.6170546991589863,0.02683646370133755,490,1.0,1.0,1.0,1.0,1.0,1.0,0.0,50.0
0.004046297073364258,0.00039134579565459714,5.930969524383545,0.031594478477193065,25,5,uniform,"{'clf__leaf_size': 50, 'clf__n_neighbors': 25, 'clf__p': 5, 'clf__weights': 'uniform'}",0.5955828664799253,0.5231927564453337,0.601783852949133,0.6063877335751773,0.5696641989699386,0.5793222816839017,0.03080671891944186,652,0.6081793675419503,0.6245880332082014,0.6205923124086866,0.6054513268453708,0.6108290095056726,0.6139280099019764,0.007383141240313986,50.0
0.0042247772216796875,0.00047360154533689476,5.935842275619507,0.028119930054086445,25,5,distance,"{'clf__leaf_size': 50, 'clf__n_neighbors': 25, 'clf__p': 5, 'clf__weights': 'distance'}",0.604447220529062,0.5223043240284619,0.5965271480630957,0.6308080808080808,0.5906542367016675,0.5889482020260736,0.03603949632863168,625,1.0,1.0,1.0,1.0,1.0,1.0,0.0,50.0
0.003957986831665039,0.00026247293359890476,0.08820033073425293,0.0004723582199290382,27,1,uniform,"{'clf__leaf_size': 50, 'clf__n_neighbors': 27, 'clf__p': 1, 'clf__weights': 'uniform'}",0.6744916243014908,0.616130815394996,0.7023056941213235,0.6708404065481188,0.6975824762459399,0.6722702033223739,0.0306641542356336,169,0.6898848754208274,0.7002573869214863,0.6840175817740333,0.7095826367101621,0.666918971893033,0.6901322905439085,0.014540581714724755,50.0
0.004074907302856446,0.0001301103815032858,0.08937907218933105,0.0006503944696616239,27,1,distance,"{'clf__leaf_size': 50, 'clf__n_neighbors': 27, 'clf__p': 1, 'clf__weights': 'distance'}",0.6754747095082522,0.615536338223069,0.7023056941213235,0.671330107977682,0.7131929678478293,0.6755679635356312,0.033918465000873824,157,1.0,1.0,1.0,1.0,1.0,1.0,0.0,50.0
0.004002666473388672,0.00022168480006555454,0.011972951889038085,0.0004287347976852764,27,2,uniform,"{'clf__leaf_size': 50, 'clf__n_neighbors': 27, 'clf__p': 2, 'clf__weights': 'uniform'}",0.6454900255954359,0.6211578504751493,0.6648091140617659,0.6764082014860807,0.6825067470231041,0.6580743877283071,0.022358990761912303,223,0.6633744936263892,0.6837218929350577,0.6841076351409104,0.6823502287110957,0.656184531158217,0.6739477563143341,0.011804105037187918,50.0
0.004079151153564453,0.00024498788772345557,0.012203454971313477,0.0004893503787167304,27,2,distance,"{'clf__leaf_size': 50, 'clf__n_neighbors': 27, 'clf__p': 2, 'clf__weights': 'distance'}",0.6495758106548106,0.6370518520638737,0.687294940045556,0.6819688113785808,0.687707529776576,0.6687197887838794,0.02121535890256563,190,1.0,1.0,1.0,1.0,1.0,1.0,0.0,50.0
0.004114913940429688,0.00026186042971475953,5.898332643508911,0.010435237256143372,27,3,uniform,"{'clf__leaf_size': 50, 'clf__n_neighbors': 27, 'clf__p': 3, 'clf__weights': 'uniform'}",0.5922413272491719,0.6010151821645657,0.6333273547559262,0.6513870289309517,0.6406618876941458,0.6237265561589523,0.02302697848216854,448,0.6462366025042368,0.6719029830402001,0.6585548335936764,0.6464402597615446,0.6448515739504496,0.6535972505700214,0.010407362659399103,50.0
0.003875923156738281,7.011474929765265e-05,5.901608943939209,0.022683212036789833,27,3,distance,"{'clf__leaf_size': 50, 'clf__n_neighbors': 27, 'clf__p': 3, 'clf__weights': 'distance'}",0.6041205452301709,0.6132727511787722,0.6340053540873214,0.6498277020388261,0.6507781096181592,0.63040089243065,0.018919058789568073,397,1.0,1.0,1.0,1.0,1.0,1.0,0.0,50.0
0.003974246978759766,0.00045222307941400036,5.897569799423218,0.011664070213571565,27,4,uniform,"{'clf__leaf_size': 50, 'clf__n_neighbors': 27, 'clf__p': 4, 'clf__weights': 'uniform'}",0.5802965431599469,0.5770648383316211,0.6099855925976948,0.6449019152820322,0.6046262626262626,0.6033750303995116,0.024472801485009698,559,0.6240020129327137,0.6382718199179077,0.6273280827385523,0.6257686463585923,0.6303408630668854,0.6291422850029302,0.005017572354309987,50.0
0.0037477493286132814,5.7179197693569817e-05,5.915071725845337,0.01245900667938687,27,4,distance,"{'clf__leaf_size': 50, 'clf__n_neighbors': 27, 'clf__p': 4, 'clf__weights': 'distance'}",0.5940237106176385,0.5771351639131729,0.6067087495658924,0.6539722635495296,0.6096180767923888,0.6082915928877244,0.025554976640812733,535,1.0,1.0,1.0,1.0,1.0,1.0,0.0,50.0
0.003914308547973633,0.00030322732136935896,5.906795167922974,0.009671459105247346,27,5,uniform,"{'clf__leaf_size': 50, 'clf__n_neighbors': 27, 'clf__p': 5, 'clf__weights': 'uniform'}",0.5623727361862795,0.5155842777911743,0.6022151727313353,0.6092612935709171,0.5951639127298605,0.5769194786019133,0.034618893936773976,658,0.5990538418518021,0.6185489341745783,0.6135966015514974,0.6060949842825548,0.6086056645473561,0.6091800052815577,0.006628266121143509,50.0
0.00424647331237793,0.0008053233154667312,5.923972177505493,0.028225201401566067,27,5,distance,"{'clf__leaf_size': 50, 'clf__n_neighbors': 27, 'clf__p': 5, 'clf__weights': 'distance'}",0.5829646546256961,0.5151710721343873,0.6011790144108645,0.6188952190835681,0.5908564814814815,0.5818132883471996,0.03542425976992646,646,1.0,1.0,1.0,1.0,1.0,1.0,0.0,50.0
0.0038176536560058593,4.539119080228425e-05,0.08867883682250977,0.0005394013674870596,29,1,uniform,"{'clf__leaf_size': 50, 'clf__n_neighbors': 29, 'clf__p': 1, 'clf__weights': 'uniform'}",0.6709524167801612,0.6111858847753442,0.6975808758451033,0.6621272402766416,0.70466335654775,0.6693019548450001,0.03311134022473663,184,0.6794005877471572,0.6964071752924292,0.6752931830640712,0.698372791275295,0.6660681122933094,0.6831083699344525,0.012450349054255929,50.0
0.004178285598754883,0.0004060433737747977,0.08920130729675294,0.00040276867375497,29,1,distance,"{'clf__leaf_size': 50, 'clf__n_neighbors': 29, 'clf__p': 1, 'clf__weights': 'distance'}",0.6857658889526359,0.6134763619082275,0.7027815891939536,0.6712289480107396,0.7103585960364958,0.6767222768204105,0.03441656306686264,151,1.0,1.0,1.0,1.0,1.0,1.0,0.0,50.0
0.004243993759155273,0.0003810199112076467,0.01207871437072754,0.0003104211877567347,29,2,uniform,"{'clf__leaf_size': 50, 'clf__n_neighbors': 29, 'clf__p': 2, 'clf__weights': 'uniform'}",0.6432005060088553,0.6123309024509273,0.6687547809776805,0.6596487008361868,0.6796919996032236,0.6527253779753746,0.023471300266234556,262,0.6540640315120365,0.6767348717683193,0.6729819123010903,0.6863604543979666,0.6457121791961672,0.667170689835116,0.01500495330094645,50.0
0.004277086257934571,0.0003622647285255433,0.012099599838256836,0.00019792824059892928,29,2,distance,"{'clf__leaf_size': 50, 'clf__n_neighbors': 29, 'clf__p': 2, 'clf__weights': 'distance'}",0.650674193157391,0.6241350892789505,0.6712205345445822,0.6767779570497028,0.6887347619742716,0.6623085072009796,0.0227143269799284,205,1.0,1.0,1.0,1.0,1.0,1.0,0.0,50.0
0.004198551177978516,0.00038520164710007204,5.924700784683227,0.02204405131632489,29,3,uniform,"{'clf__leaf_size': 50, 'clf__n_neighbors': 29, 'clf__p': 3, 'clf__weights': 'uniform'}",0.5996648397678607,0.6059543346555365,0.622197384658685,0.652876762275158,0.63998915388443,0.624136495048334,0.020052544827337423,445,0.6379867813212518,0.6541078788211983,0.6495352480367251,0.6418878024038595,0.639389640742808,0.6445814702651685,0.006212780968128304,50.0
0.00382847785949707,0.00011337172214434624,5.926703310012817,0.024778043115753053,29,3,distance,"{'clf__leaf_size': 50, 'clf__n_neighbors': 29, 'clf__p': 3, 'clf__weights': 'distance'}",0.6125307954096124,0.6117761069340016,0.6298283311806767,0.6547780941842108,0.6608201854608351,0.6339467026338672,0.02060712659507049,367,1.0,1.0,1.0,1.0,1.0,1.0,0.0,50.0
0.004197406768798828,0.0004551839258788184,5.913270330429077,0.01139845480416361,29,4,uniform,"{'clf__leaf_size': 50, 'clf__n_neighbors': 29, 'clf__p': 4, 'clf__weights': 'uniform'}",0.5850766083675024,0.5690788237798845,0.615698348537966,0.6322784553463711,0.6092158564814815,0.6022696185026412,0.022478166086089296,571,0.619009519985091,0.6306608908297052,0.622060980282842,0.62264546362001,0.6215356787985509,0.6231825067032399,0.003939500633973133,50.0
0.003839254379272461,0.00012718088195866264,5.936646175384522,0.02491984701932242,29,4,distance,"{'clf__leaf_size': 50, 'clf__n_neighbors': 29, 'clf__p': 4, 'clf__weights': 'distance'}",0.5949608728841199,0.570370698082044,0.6113159881192668,0.6479155298483029,0.6219753752673343,0.6093076928402136,0.025988417843707746,532,1.0,1.0,1.0,1.0,1.0,1.0,0.0,50.0
0.003798103332519531,6.146218256972643e-05,5.917307281494141,0.019650274963296587,29,5,uniform,"{'clf__leaf_size': 50, 'clf__n_neighbors': 29, 'clf__p': 5, 'clf__weights': 'uniform'}",0.5599679103406866,0.5326755278429743,0.5873850506549274,0.6007772198714001,0.5936969168160936,0.5749005251052164,0.025237687806431718,667,0.5993094316420057,0.6195564549488247,0.6102629662566986,0.5995024670313058,0.6026815394269577,0.6062625718611585,0.007740793917693495,50.0
0.0038034915924072266,3.479343217900264e-05,5.922723293304443,0.017481869264260583,29,5,distance,"{'clf__leaf_size': 50, 'clf__n_neighbors': 29, 'clf__p': 5, 'clf__weights': 'distance'}",0.5883961692785222,0.5271126275158533,0.5954268645739861,0.6176640667972068,0.5857920410478333,0.5828783538426803,0.03005416124399568,637,1.0,1.0,1.0,1.0,1.0,1.0,0.0,50.0
0.003766155242919922,2.0486580304034257e-05,0.08846588134765625,0.00033880061611044613,31,1,uniform,"{'clf__leaf_size': 50, 'clf__n_neighbors': 31, 'clf__p': 1, 'clf__weights': 'uniform'}",0.6535975232198143,0.5841549707602339,0.6857036123790816,0.6544873345021462,0.6961895126816757,0.6548265907085904,0.03914175609034946,250,0.6719813696319789,0.69732465588394,0.6709037699088675,0.6931920194939527,0.6618757026919551,0.6790555035221388,0.013749492351374177,50.0
0.0039923667907714845,0.00010189256966036774,0.08967289924621583,0.0005679626507246925,31,1,distance,"{'clf__leaf_size': 50, 'clf__n_neighbors': 31, 'clf__p': 1, 'clf__weights': 'distance'}",0.6734897839664472,0.5835569315445476,0.703423588718627,0.6743666809789609,0.7147087900955096,0.6699091550608184,0.04608605322550395,181,1.0,1.0,1.0,1.0,1.0,1.0,0.0,50.0
0.004525089263916015,0.0005942518799222697,0.012030267715454101,0.00010892703807048915,31,2,uniform,"{'clf__leaf_size': 50, 'clf__n_neighbors': 31, 'clf__p': 2, 'clf__weights': 'uniform'}",0.6325352822580645,0.6137236574845402,0.6664913156070721,0.6472915135932803,0.6834094437753737,0.6486902425436663,0.024527137589126155,286,0.6473698219070337,0.6741074392317798,0.6655845973260063,0.6734531552637355,0.6454383535648368,0.6611906734586784,0.01245527506447699,50.0
0.003961324691772461,0.00015552298121090442,0.012905693054199219,0.00044189996005544854,31,2,distance,"{'clf__leaf_size': 50, 'clf__n_neighbors': 31, 'clf__p': 2, 'clf__weights': 'distance'}",0.6489117471675612,0.6138049832627692,0.6713706541200614,0.675231203047344,0.6969006222108161,0.6612438419617104,0.028185565273853998,214,1.0,1.0,1.0,1.0,1.0,1.0,0.0,50.0
0.004200267791748047,0.00043350452228111975,5.909171676635742,0.020218723065718102,31,3,uniform,"{'clf__leaf_size': 50, 'clf__n_neighbors': 31, 'clf__p': 3, 'clf__weights': 'uniform'}",0.5922940848761195,0.6190377527959531,0.6225138165430633,0.6558987471268173,0.6283444890673806,0.6236177780818667,0.02033603637864654,454,0.6442614465687645,0.6532767867655315,0.6527786535080483,0.64460247399209,0.6349923366950286,0.6459823395058926,0.006708867385178926,50.0
0.0038197994232177734,8.399654035389802e-05,5.911017370223999,0.009591789876709268,31,3,distance,"{'clf__leaf_size': 50, 'clf__n_neighbors': 31, 'clf__p': 3, 'clf__weights': 'distance'}",0.6042140998536347,0.623580734091418,0.627335045634291,0.6523722069176615,0.6577129097252936,0.6330429992444598,0.019674569315411897,376,1.0,1.0,1.0,1.0,1.0,1.0,0.0,50.0
0.0038096427917480467,6.039842387339828e-05,5.913539981842041,0.013291028213430143,31,4,uniform,"{'clf__leaf_size': 50, 'clf__n_neighbors': 31, 'clf__p': 4, 'clf__weights': 'uniform'}",0.5775848946135831,0.559862580957699,0.5979416356706617,0.6282589701544627,0.61859624106652,0.5964488644925853,0.025294358974319028,598,0.6055096449397388,0.6250852031745655,0.617376674166023,0.6145254645633305,0.6158404293626276,0.6156674832412571,0.006263075575800748,50.0
0.004181957244873047,0.0003997799890640936,5.922428894042969,0.02050298444184395,31,4,distance,"{'clf__leaf_size': 50, 'clf__n_neighbors': 31, 'clf__p': 4, 'clf__weights': 'distance'}",0.5903640641165453,0.5636985191941576,0.6139712015626649,0.6446077684640993,0.6236813601703308,0.6072645827015596,0.027902086874913978,541,1.0,1.0,1.0,1.0,1.0,1.0,0.0,50.0
0.0041161060333251955,0.0006688299486663791,5.941452550888061,0.02859317488720483,31,5,uniform,"{'clf__leaf_size': 50, 'clf__n_neighbors': 31, 'clf__p': 5, 'clf__weights': 'uniform'}",0.527560995450726,0.5428106144874777,0.5963263996227502,0.5854140509235695,0.590643013317432,0.5685510147603912,0.02788060358870893,691,0.5999361523741626,0.6085650262340735,0.6088010809162374,0.5967847730861267,0.5965306476132657,0.6021235360447732,0.005489077146982554,50.0
0.003840208053588867,0.00014007638352454016,5.956518316268921,0.04920604730048374,31,5,distance,"{'clf__leaf_size': 50, 'clf__n_neighbors': 31, 'clf__p': 5, 'clf__weights': 'distance'}",0.5671843853342682,0.5320511212925007,0.5976461005262849,0.6186960890451548,0.5866857484504543,0.5804526889297325,0.029379522513984284,649,1.0,1.0,1.0,1.0,1.0,1.0,0.0,50.0
0.004204463958740234,0.0005007492061643131,0.08898653984069824,0.0004727090145065422,33,1,uniform,"{'clf__leaf_size': 50, 'clf__n_neighbors': 33, 'clf__p': 1, 'clf__weights': 'uniform'}",0.6480340994953573,0.5753502231794461,0.6975893965206734,0.6436649013295884,0.6785778327295866,0.6486432906509304,0.04168651413286884,289,0.6635241892254088,0.6971102096621046,0.6695793168243399,0.6908416650470502,0.6560267042224524,0.6754164169962712,0.015874613059086853,50.0
0.004436397552490234,0.0005263657766083398,0.09016146659851074,0.0006784461239630325,33,1,distance,"{'clf__leaf_size': 50, 'clf__n_neighbors': 33, 'clf__p': 1, 'clf__weights': 'distance'}",0.6629244383934649,0.5747366025982014,0.7039066103963132,0.671330107977682,0.7121465690795672,0.6650088656890457,0.048843386551322095,199,1.0,1.0,1.0,1.0,1.0,1.0,0.0,50.0
0.004102087020874024,8.940354658577132e-05,0.012505578994750976,0.000495122696211156,33,2,uniform,"{'clf__leaf_size': 50, 'clf__n_neighbors': 33, 'clf__p': 2, 'clf__weights': 'uniform'}",0.6269273354212141,0.6077458741281951,0.6579601473170055,0.6577049209813185,0.665034513315442,0.643074558232635,0.02203050897668354,328,0.6408145469264619,0.6792196086810238,0.6578843320289727,0.6637481454839725,0.6358213668726692,0.65549759999862,0.015743239082636074,50.0
0.0039403438568115234,8.984148612876018e-05,0.012317848205566407,0.0004605072821568007,33,2,distance,"{'clf__leaf_size': 50, 'clf__n_neighbors': 33, 'clf__p': 2, 'clf__weights': 'distance'}",0.6432292667586785,0.6140790163460278,0.6535614287652574,0.6700232431712784,0.6817000317317374,0.6525185973545959,0.023336449112324246,265,1.0,1.0,1.0,1.0,1.0,1.0,0.0,50.0
0.004156970977783203,0.00045542805597416586,5.908475923538208,0.00883804081466802,33,3,uniform,"{'clf__leaf_size': 50, 'clf__n_neighbors': 33, 'clf__p': 3, 'clf__weights': 'uniform'}",0.5962825754002224,0.5955947632728358,0.6203733405003996,0.6539467761392895,0.6338815556028672,0.620015802183123,0.022375661510426328,466,0.6338524914315221,0.6479288590840194,0.6357998598112187,0.6422906931934305,0.6316969828198132,0.6383137772680008,0.005971105084831671,50.0
0.004052543640136718,0.000543964799345137,5.926412963867188,0.030163281832549214,33,3,distance,"{'clf__leaf_size': 50, 'clf__n_neighbors': 33, 'clf__p': 3, 'clf__weights': 'distance'}",0.5962825754002224,0.6080139930931713,0.6280009775171066,0.65228614197455,0.6484198918396327,0.6266007159649366,0.021920009999880478,418,1.0,1.0,1.0,1.0,1.0,1.0,0.0,50.0
0.003807544708251953,5.82223832823813e-05,5.906532096862793,0.00845045783383436,33,4,uniform,"{'clf__leaf_size': 50, 'clf__n_neighbors': 33, 'clf__p': 4, 'clf__weights': 'uniform'}",0.5538074630287745,0.5707562776866867,0.6075344611528822,0.614885764762247,0.6101952919348188,0.5914358517130818,0.024513346006745085,613,0.6043985884935527,0.6163494425030449,0.621116089587063,0.6111464167726305,0.6011415692375908,0.6108304213187763,0.007370166183027619,50.0
0.004102754592895508,0.0006055880794177653,5.916016292572022,0.00840869138428764,33,4,distance,"{'clf__leaf_size': 50, 'clf__n_neighbors': 33, 'clf__p': 4, 'clf__weights': 'distance'}",0.5730438112256293,0.5737930388011844,0.6194348368502782,0.6214091257645264,0.6163597214586769,0.600808106820059,0.022422666125848385,580,1.0,1.0,1.0,1.0,1.0,1.0,0.0,50.0
0.003778886795043945,8.244587548783078e-05,5.922994899749756,0.011315883328922385,33,5,uniform,"{'clf__leaf_size': 50, 'clf__n_neighbors': 33, 'clf__p': 5, 'clf__weights': 'uniform'}",0.5540034562211982,0.5335654251908841,0.5999663551068736,0.5695756366636112,0.5734564609156431,0.566113466819642,0.0219906871119206,700,0.583272800150379,0.5974240461322746,0.5970355628052108,0.5853065284034921,0.5926854780876215,0.5911448831157956,0.005874648997499356,50.0
0.004011869430541992,0.0005082814145031701,5.9446861743927,0.021208681061553044,33,5,distance,"{'clf__leaf_size': 50, 'clf__n_neighbors': 33, 'clf__p': 5, 'clf__weights': 'distance'}",0.5789763344750533,0.5272248127414305,0.5990705202863538,0.5952746572096713,0.5755665333646985,0.5752225716154415,0.02564685046826467,664,1.0,1.0,1.0,1.0,1.0,1.0,0.0,50.0
0.003968143463134765,0.00027728765861332683,0.0886922836303711,0.0006123651430181823,35,1,uniform,"{'clf__leaf_size': 50, 'clf__n_neighbors': 35, 'clf__p': 1, 'clf__weights': 'uniform'}",0.6482012093911358,0.5825911514867511,0.690975796870749,0.6453096745027125,0.6658501125207279,0.6465855889544152,0.03589188944867277,301,0.6649351503132561,0.6938615540040808,0.67487593663967,0.6866639732494788,0.653495561214056,0.6747664350841083,0.014527843659650739,50.0
0.00431976318359375,0.0005437697077580766,0.0893941879272461,0.00019765901597703563,35,1,distance,"{'clf__leaf_size': 50, 'clf__n_neighbors': 35, 'clf__p': 1, 'clf__weights': 'distance'}",0.6664574274927191,0.5855092370434021,0.712097423510467,0.6546259227004042,0.6917434298692321,0.6620866881232449,0.04317283493627718,208,1.0,1.0,1.0,1.0,1.0,1.0,0.0,50.0
0.003970956802368164,8.129068071942305e-05,0.012449502944946289,0.0004600721010295374,35,2,uniform,"{'clf__leaf_size': 50, 'clf__n_neighbors': 35, 'clf__p': 2, 'clf__weights': 'uniform'}",0.6269273354212141,0.5928510019235825,0.6591006827827744,0.6362804746679995,0.6615981535442486,0.6353515296679638,0.025024117905112518,364,0.6296715192851313,0.6742709744243487,0.6535910883564552,0.6628906325003378,0.6452024224299124,0.6531253273992371,0.01520243430049086,50.0
0.004452276229858399,0.000828776498803751,0.01279153823852539,0.00039221917477971264,35,2,distance,"{'clf__leaf_size': 50, 'clf__n_neighbors': 35, 'clf__p': 2, 'clf__weights': 'distance'}",0.6284351578469225,0.6184347885740192,0.6546827646721339,0.6679792812166113,0.6721025003873156,0.6483268985394005,0.02135936332561707,292,1.0,1.0,1.0,1.0,1.0,1.0,0.0,50.0
0.0042092323303222655,0.0007454256432718085,5.9172043800354,0.02014397476111108,35,3,uniform,"{'clf__leaf_size': 50, 'clf__n_neighbors': 35, 'clf__p': 3, 'clf__weights': 'uniform'}",0.5868648082933797,0.5988461514973596,0.6181149458688185,0.6459203482089054,0.6250112215573885,0.6149514950851704,0.02058406883187806,511,0.6229492600731745,0.6512033398986146,0.6346496372235747,0.6384039167783273,0.6267106158276323,0.6347833539602646,0.009878837710857869,50.0
0.004448223114013672,0.0005411213831389357,5.9106471061706545,0.006385764218525169,35,3,distance,"{'clf__leaf_size': 50, 'clf__n_neighbors': 35, 'clf__p': 3, 'clf__weights': 'distance'}",0.6053900149862264,0.6109551679239811,0.6268971462841721,0.656545195418452,0.6473692454207602,0.6294313540067185,0.0199133421972595,403,1.0,1.0,1.0,1.0,1.0,1.0,0.0,50.0
0.0037871837615966798,3.9240424435645935e-05,5.918629741668701,0.024829568435062323,35,4,uniform,"{'clf__leaf_size': 50, 'clf__n_neighbors': 35, 'clf__p': 4, 'clf__weights': 'uniform'}",0.5670531674208145,0.5776317840002893,0.6219254492841912,0.6118041234110477,0.6048475532665256,0.5966524154765735,0.020848792203827397,595,0.5907419070376283,0.6150388493775678,0.6213140503090963,0.6060281782731284,0.6069056754646166,0.6080057320924075,0.010293071181314008,50.0
0.004130506515502929,0.000397421805353147,5.921247673034668,0.016740274796929865,35,4,distance,"{'clf__leaf_size': 50, 'clf__n_neighbors': 35, 'clf__p': 4, 'clf__weights': 'distance'}",0.5699031398828559,0.5818911341559877,0.6185135639621702,0.6247355841340804,0.6208847000185583,0.6031856244307305,0.022688247459421555,565,1.0,1.0,1.0,1.0,1.0,1.0,0.0,50.0
0.004182338714599609,0.00048709712766529536,5.913544797897339,0.012567306906957561,35,5,uniform,"{'clf__leaf_size': 50, 'clf__n_neighbors': 35, 'clf__p': 5, 'clf__weights': 'uniform'}",0.5526158958164062,0.5297997039284793,0.5906000820286534,0.5661608523875382,0.5796440972222222,0.56376412627666,0.021241239710741655,703,0.5839887724018901,0.5942119560053827,0.5827872433387731,0.5776199350115934,0.5787862007705095,0.5834788215056298,0.005870021239841283,50.0
0.0038533687591552736,0.00014820965688779945,5.95167121887207,0.027018450172181664,35,5,distance,"{'clf__leaf_size': 50, 'clf__n_neighbors': 35, 'clf__p': 5, 'clf__weights': 'distance'}",0.5583220734289206,0.5314517162851023,0.5906000820286534,0.5871811532882012,0.5796440972222222,0.56943982445062,0.0220605493234631,679,1.0,1.0,1.0,1.0,1.0,1.0,0.0,50.0
0.00399322509765625,0.0002428852528604213,0.09051837921142578,0.002542627259470112,37,1,uniform,"{'clf__leaf_size': 50, 'clf__n_neighbors': 37, 'clf__p': 1, 'clf__weights': 'uniform'}",0.6522691601157073,0.58138190404099,0.6651349918253724,0.6416242330810675,0.6835949411897702,0.6448010460505815,0.03465916355715538,316,0.6451382330756023,0.6832908527032158,0.6687468101378162,0.6764968411245957,0.6395519308846348,0.662644933585173,0.017292388803355346,50.0
0.003980398178100586,0.0001918368098216722,0.09255843162536621,0.002802564810037713,37,1,distance,"{'clf__leaf_size': 50, 'clf__n_neighbors': 37, 'clf__p': 1, 'clf__weights': 'distance'}",0.6721061168985697,0.5791941115619392,0.6842614450822603,0.6479018445322793,0.6941999697816726,0.6555326975713441,0.041184916496088186,238,1.0,1.0,1.0,1.0,1.0,1.0,0.0,50.0
0.004184103012084961,0.000398117668607858,0.012470817565917969,0.00010646243611129927,37,2,uniform,"{'clf__leaf_size': 50, 'clf__n_neighbors': 37, 'clf__p': 2, 'clf__weights': 'uniform'}",0.6170761982954102,0.5750833650100259,0.6365489808262197,0.6389083118583574,0.6590276476710903,0.6253289007322207,0.028420475388773035,430,0.6269529780310075,0.6649040941581444,0.64648276208335,0.6562763135645363,0.6334042310030336,0.6456040757680144,0.01402753804607667,50.0
0.0038985252380371095,0.00018758131383727825,0.013572025299072265,0.0012231607991350733,37,2,distance,"{'clf__leaf_size': 50, 'clf__n_neighbors': 37, 'clf__p': 2, 'clf__weights': 'distance'}",0.6398762157382848,0.5899983288020314,0.646021047761521,0.6451104593840343,0.6724652423225405,0.6386942588016824,0.026862685699951695,349,1.0,1.0,1.0,1.0,1.0,1.0,0.0,50.0
0.0041534423828125,0.0005093470736462018,5.8932883739471436,0.009784292421550224,37,3,uniform,"{'clf__leaf_size': 50, 'clf__n_neighbors': 37, 'clf__p': 3, 'clf__weights': 'uniform'}",0.5971774640088593,0.5803698160048539,0.6094008667408117,0.6398197731801628,0.6291792736932195,0.6111894387255814,0.02141361147961169,523,0.6210898152390445,0.6402961565760863,0.6241411865492763,0.6390893439821546,0.6246782728659537,0.6298589550425031,0.008130995179915276,50.0
0.0038111209869384766,0.00012822779799288655,5.904789972305298,0.01868945838150339,37,3,distance,"{'clf__leaf_size': 50, 'clf__n_neighbors': 37, 'clf__p': 3, 'clf__weights': 'distance'}",0.6001190476190476,0.6054629196577854,0.6219940653492423,0.6601327115955807,0.640559302864627,0.6256536094172566,0.02228927206593256,427,1.0,1.0,1.0,1.0,1.0,1.0,0.0,50.0
0.00381317138671875,0.0001810460079579105,5.917102813720703,0.012685377355679435,37,4,uniform,"{'clf__leaf_size': 50, 'clf__n_neighbors': 37, 'clf__p': 4, 'clf__weights': 'uniform'}",0.5654498030741115,0.5527274475539714,0.6031802009118173,0.6038755104544578,0.5918666355667893,0.5834199195122295,0.02071328005701175,634,0.5851071734527387,0.6015802704278417,0.6157772361969805,0.6008390712219753,0.6002191601588787,0.600704582291683,0.009710660223375722,50.0
0.004016876220703125,0.0004302423490836759,5.912772083282471,0.01634024275020788,37,4,distance,"{'clf__leaf_size': 50, 'clf__n_neighbors': 37, 'clf__p': 4, 'clf__weights': 'distance'}",0.5683885066489629,0.5709443478954587,0.6051305960944516,0.6100458150814754,0.6234056248762132,0.5955829781193123,0.022004689102152947,601,1.0,1.0,1.0,1.0,1.0,1.0,0.0,50.0
0.004275846481323242,0.0005846020914795917,5.920881080627441,0.02058217671048638,37,5,uniform,"{'clf__leaf_size': 50, 'clf__n_neighbors': 37, 'clf__p': 5, 'clf__weights': 'uniform'}",0.5268974859583375,0.5282970112648296,0.5955487803345914,0.5858192431561996,0.5660886276938539,0.5605302296815624,0.0285197149378289,715,0.5792283305881422,0.5929746091030388,0.5913860832648348,0.5673698189827431,0.5746447599576681,0.5811207203792853,0.009803048962119379,50.0
0.003970432281494141,0.0004104584621567076,5.971616792678833,0.013575496518871697,37,5,distance,"{'clf__leaf_size': 50, 'clf__n_neighbors': 37, 'clf__p': 5, 'clf__weights': 'distance'}",0.548544202974384,0.5289779628665625,0.5986460335897342,0.5927466874464218,0.574371496419143,0.568657276659249,0.02642446305181823,685,1.0,1.0,1.0,1.0,1.0,1.0,0.0,50.0
0.0038169384002685546,5.232852774331962e-05,0.08884716033935547,0.0005855827837992361,39,1,uniform,"{'clf__leaf_size': 50, 'clf__n_neighbors': 39, 'clf__p': 1, 'clf__weights': 'uniform'}",0.6418987893311755,0.5845702444450555,0.6687283456130808,0.6478487088764844,0.668932614555256,0.6423957405642103,0.030891363178874157,334,0.6507233846548373,0.6759572276652767,0.6629144933979277,0.6747197466867537,0.6400448005022512,0.6608719305814093,0.013858301437140922,50.0
0.004110145568847656,6.586938824007944e-05,0.0906257152557373,0.001733490327744607,39,1,distance,"{'clf__leaf_size': 50, 'clf__n_neighbors': 39, 'clf__p': 1, 'clf__weights': 'distance'}",0.6652285186162248,0.5951994349529114,0.6815984051765449,0.6492040424067513,0.685750204028194,0.6553961210361253,0.032761529096765836,244,1.0,1.0,1.0,1.0,1.0,1.0,0.0,50.0
0.004412174224853516,0.0006261909003839057,0.012447500228881836,0.000116291442658942,39,2,uniform,"{'clf__leaf_size': 50, 'clf__n_neighbors': 39, 'clf__p': 2, 'clf__weights': 'uniform'}",0.6184396842476467,0.5560076083171598,0.6495380699784272,0.6390136785429906,0.6549292870153525,0.6235856656203154,0.03602012890043854,457,0.6293365172271869,0.6602806234929296,0.6431913195181893,0.6509512604580172,0.6283932423222102,0.6424305926037066,0.012331310569112467,50.0
0.004070281982421875,0.0001966813111368438,0.01328592300415039,0.0005203101771037533,39,2,distance,"{'clf__leaf_size': 50, 'clf__n_neighbors': 39, 'clf__p': 2, 'clf__weights': 'distance'}",0.6311758211954177,0.5855221283772897,0.6495380699784272,0.6362830303935363,0.6748520533520533,0.6354742206593449,0.029198450300443563,361,1.0,1.0,1.0,1.0,1.0,1.0,0.0,50.0
0.003891468048095703,8.29310162729952e-05,5.916708850860596,0.014597203859513382,39,3,uniform,"{'clf__leaf_size': 50, 'clf__n_neighbors': 39, 'clf__p': 3, 'clf__weights': 'uniform'}",0.5894089278859116,0.5804599417217173,0.5833921983813288,0.6300651430999024,0.6133403361344538,0.5993333094446628,0.01923257017127239,586,0.6209236879981946,0.639236580641331,0.6152251915882904,0.6307130713071307,0.6198645060912379,0.6251926075252369,0.008644887744004745,50.0
0.0040473461151123045,0.00036341612755728226,5.912138748168945,0.004765496780691636,39,3,distance,"{'clf__leaf_size': 50, 'clf__n_neighbors': 39, 'clf__p': 3, 'clf__weights': 'distance'}",0.6017817563792139,0.5910192703043018,0.6048407434151709,0.658628523773752,0.6305537819411293,0.6173648151627136,0.024373815134660526,484,1.0,1.0,1.0,1.0,1.0,1.0,0.0,50.0
0.003996086120605469,0.00039351471187538164,5.911842203140258,0.007373389490438061,39,4,uniform,"{'clf__leaf_size': 50, 'clf__n_neighbors': 39, 'clf__p': 4, 'clf__weights': 'uniform'}",0.5526063930844496,0.5595612683937023,0.6048421238361816,0.5884111182373919,0.5886207428365972,0.5788083292776646,0.019612477088404287,655,0.5875722587189702,0.5911858093377245,0.6216937573884379,0.5936743453447474,0.5916782151518507,0.5971608771883462,0.012423532011354103,50.0
0.003776693344116211,3.972216668047315e-05,5.917979621887207,0.020186123797854706,39,4,distance,"{'clf__leaf_size': 50, 'clf__n_neighbors': 39, 'clf__p': 4, 'clf__weights': 'distance'}",0.5669853507966546,0.5595612683937023,0.6062424242424244,0.5820040548269148,0.5956541177594641,0.582089443203832,0.01733797247515431,640,1.0,1.0,1.0,1.0,1.0,1.0,0.0,50.0
0.0038784027099609377,0.00014651999375799696,5.9175848960876465,0.015829061568374513,39,5,uniform,"{'clf__leaf_size': 50, 'clf__n_neighbors': 39, 'clf__p': 5, 'clf__weights': 'uniform'}",0.5229544335637066,0.5473125694364632,0.5769177663281192,0.5671870882740447,0.5538632559749295,0.5536470227154526,0.01847738059153144,721,0.5776454667937794,0.5886195135415682,0.5867222639314436,0.5712261410814455,0.568660370638306,0.5785747511973085,0.008005495566320459,50.0
0.003982639312744141,0.0004047436269021371,5.925332546234131,0.030134171954846627,39,5,distance,"{'clf__leaf_size': 50, 'clf__n_neighbors': 39, 'clf__p': 5, 'clf__weights': 'distance'}",0.5401382104309651,0.545209478021978,0.5804399265755582,0.5785962022065505,0.5700595700595701,0.5628886774589243,0.01694893638351983,706,1.0,1.0,1.0,1.0,1.0,1.0,0.0,50.0
0.0040833473205566405,0.0005233731153300346,0.09051995277404785,0.0038250031952223452,41,1,uniform,"{'clf__leaf_size': 50, 'clf__n_neighbors': 41, 'clf__p': 1, 'clf__weights': 'uniform'}",0.6422009035461137,0.5782149637534917,0.6472472295726468,0.6289118335660888,0.6445399159663866,0.6282229692809456,0.02578690763135623,406,0.6522926294747927,0.6749018244736318,0.6581611903368642,0.6685420335969167,0.6312243203686314,0.6570243996501673,0.015110157133805063,50.0
0.003912544250488282,7.857440121608115e-05,0.09051117897033692,0.00046704379158701826,41,1,distance,"{'clf__leaf_size': 50, 'clf__n_neighbors': 41, 'clf__p': 1, 'clf__weights': 'distance'}",0.6642998892699731,0.5864587260662996,0.6939485018074512,0.6385178295154842,0.668932614555256,0.6504315122428928,0.03650425798787076,274,1.0,1.0,1.0,1.0,1.0,1.0,0.0,50.0
0.004006624221801758,0.000299246072138418,0.013104486465454101,0.0003266210414449508,41,2,uniform,"{'clf__leaf_size': 50, 'clf__n_neighbors': 41, 'clf__p': 2, 'clf__weights': 'uniform'}",0.6147388325959755,0.5681421836624972,0.6438642751632673,0.6168582418848944,0.6392141556075982,0.6165635377828466,0.02685674843957356,499,0.6248026166800487,0.6537116974619651,0.6386649856939547,0.6435280094899876,0.628201291687511,0.6377817202026934,0.010467147775476249,50.0
0.0038614273071289062,0.00010199456528829823,0.012937831878662109,0.00014131842906282564,41,2,distance,"{'clf__leaf_size': 50, 'clf__n_neighbors': 41, 'clf__p': 2, 'clf__weights': 'distance'}",0.632294120742565,0.5967684852264133,0.6522618606596935,0.645642579091064,0.6586586000520427,0.6371251291543557,0.021987975415631474,358,1.0,1.0,1.0,1.0,1.0,1.0,0.0,50.0
0.004126262664794922,0.00021626919741227123,5.909647703170776,0.00993588600272203,41,3,uniform,"{'clf__leaf_size': 50, 'clf__n_neighbors': 41, 'clf__p': 3, 'clf__weights': 'uniform'}",0.5836923149921825,0.576759973912704,0.5970959162663005,0.6482769564984907,0.6263847388617609,0.6064419801062877,0.026958473770954394,550,0.6083947833198405,0.6372894345460174,0.6193079825641884,0.62421795762362,0.6081405484516429,0.6194701413010618,0.010873072202319081,50.0
0.004256391525268554,0.0008223815508575486,5.909127998352051,0.004715050720963528,41,3,distance,"{'clf__leaf_size': 50, 'clf__n_neighbors': 41, 'clf__p': 3, 'clf__weights': 'distance'}",0.5956213913205438,0.5888131510190651,0.6201365759116938,0.6579352977506777,0.6240858505564388,0.6173184533116839,0.024440876786561413,487,1.0,1.0,1.0,1.0,1.0,1.0,0.0,50.0
0.0038022994995117188,5.8289320052203534e-05,5.925549411773682,0.02200730104234017,41,4,uniform,"{'clf__leaf_size': 50, 'clf__n_neighbors': 41, 'clf__p': 4, 'clf__weights': 'uniform'}",0.5489704943620186,0.5564817841373618,0.5762217203086767,0.5871503107650924,0.5704283508831203,0.567850532091254,0.01367411900965354,694,0.5848779697409745,0.5934298179720734,0.6147024476435666,0.5911591198979591,0.5873551962810344,0.5943049103071216,0.010619670868411799,50.0
0.004017829895019531,0.000384284246201246,5.916190576553345,0.008737788992212479,41,4,distance,"{'clf__leaf_size': 50, 'clf__n_neighbors': 41, 'clf__p': 4, 'clf__weights': 'distance'}",0.5750771259391949,0.5564817841373618,0.5837121760693997,0.5894183332446069,0.5771428400738745,0.5763664518928875,0.011153263399264283,661,1.0,1.0,1.0,1.0,1.0,1.0,0.0,50.0
0.003848361968994141,0.00013238483532654297,5.911995840072632,0.005890156862047324,41,5,uniform,"{'clf__leaf_size': 50, 'clf__n_neighbors': 41, 'clf__p': 5, 'clf__weights': 'uniform'}",0.5284203255661482,0.5475055289317483,0.5661156422902567,0.5646223780870255,0.558108235913084,0.5529544221576526,0.013910665261754392,724,0.5737779242093553,0.5832429971010091,0.5786362025189118,0.5685912611191355,0.5648138298687306,0.5738124429634285,0.006639894225280718,50.0
0.004342126846313477,0.0008035934959868578,5.943770980834961,0.024724299627571222,41,5,distance,"{'clf__leaf_size': 50, 'clf__n_neighbors': 41, 'clf__p': 5, 'clf__weights': 'distance'}",0.5259107907673481,0.5530327722233966,0.5831221075949992,0.5834128245720893,0.5662079817865274,0.5623372953888721,0.021469200973787444,712,1.0,1.0,1.0,1.0,1.0,1.0,0.0,50.0
0.0037986278533935548,7.209434072181017e-05,0.08909845352172852,0.00044687663775933316,43,1,uniform,"{'clf__leaf_size': 50, 'clf__n_neighbors': 43, 'clf__p': 1, 'clf__weights': 'uniform'}",0.6320484889981638,0.5791613813592632,0.6626691753860594,0.6277347331668515,0.655420275923021,0.6314068109666717,0.02931710336723982,388,0.6407629503821362,0.6650855606327838,0.6449297841255223,0.6563189310836892,0.6351717480595009,0.6484537948567265,0.010830110878361136,50.0
0.0041869163513183595,0.0001946445775344288,0.09162101745605469,0.001568042773703804,43,1,distance,"{'clf__leaf_size': 50, 'clf__n_neighbors': 43, 'clf__p': 1, 'clf__weights': 'distance'}",0.6414827092916677,0.5874015687929193,0.6916027634642677,0.6303033009012117,0.6732694424620667,0.6448119569824267,0.036101927135775876,313,1.0,1.0,1.0,1.0,1.0,1.0,0.0,50.0
0.0038837432861328126,0.00018843423221413924,0.013094282150268555,0.0004933806355974475,43,2,uniform,"{'clf__leaf_size': 50, 'clf__n_neighbors': 43, 'clf__p': 2, 'clf__weights': 'uniform'}",0.6031327915781697,0.5531837385334559,0.6294801063109228,0.6330885435182876,0.6358076705675025,0.6109385701016677,0.031143001760158846,526,0.6222070521540473,0.6558704944263172,0.6323543986581405,0.6386287031263607,0.6236753997197139,0.6345472096169159,0.01221986269056,50.0
0.004456520080566406,0.0005605729958998176,0.013370275497436523,0.00043421355595100515,43,2,distance,"{'clf__leaf_size': 50, 'clf__n_neighbors': 43, 'clf__p': 2, 'clf__weights': 'distance'}",0.6270142222154607,0.5681421836624972,0.6358949815254551,0.6330885435182876,0.6567947903198709,0.6241869442483143,0.029761038025235272,442,1.0,1.0,1.0,1.0,1.0,1.0,0.0,50.0
0.0038907527923583984,0.00015011080639273716,5.897933578491211,0.009133933167386393,43,3,uniform,"{'clf__leaf_size': 50, 'clf__n_neighbors': 43, 'clf__p': 3, 'clf__weights': 'uniform'}",0.5840529902641703,0.5807932901233599,0.5714122531334556,0.6427765401157214,0.620229933189492,0.5998530013652399,0.02712725062676208,583,0.6091281478378252,0.6302583961043684,0.6135370246583481,0.6256996869485927,0.6001011762416055,0.6157448863581481,0.010982910070571755,50.0
0.003915929794311523,0.00019482364234683688,5.906392908096313,0.005568665370076061,43,3,distance,"{'clf__leaf_size': 50, 'clf__n_neighbors': 43, 'clf__p': 3, 'clf__weights': 'distance'}",0.5959931687086859,0.5959668060574431,0.6132630132821412,0.6625018148409961,0.620229933189492,0.6175909472157517,0.024399790192664576,481,1.0,1.0,1.0,1.0,1.0,1.0,0.0,50.0
0.0037607669830322264,1.882595131355607e-05,5.933168411254883,0.053759970724805546,43,4,uniform,"{'clf__leaf_size': 50, 'clf__n_neighbors': 43, 'clf__p': 4, 'clf__weights': 'uniform'}",0.5486892205018042,0.5596408983668842,0.5661307297504572,0.591424730819442,0.5769815738795518,0.5685734306636279,0.014656176349196562,688,0.5807596815790022,0.5991291497772173,0.6139763727897041,0.5887147861212513,0.5769014291730681,0.5918962838880486,0.013407730470359838,50.0
0.003909921646118164,0.0002825285150924463,5.9135583400726315,0.015728878222760704,43,4,distance,"{'clf__leaf_size': 50, 'clf__n_neighbors': 43, 'clf__p': 4, 'clf__weights': 'distance'}",0.551196893048924,0.5596408983668842,0.5734276745036856,0.5884747881504306,0.5816180221071525,0.5708716552354154,0.013748556948279918,676,1.0,1.0,1.0,1.0,1.0,1.0,0.0,50.0
0.003999662399291992,0.00043213858831834775,5.912736654281616,0.011273400831528781,43,5,uniform,"{'clf__leaf_size': 50, 'clf__n_neighbors': 43, 'clf__p': 5, 'clf__weights': 'uniform'}",0.5094521461931945,0.5324248120300752,0.549620170113198,0.5722520233389798,0.5574809665673618,0.5442460236485618,0.021627464647781137,742,0.5690577842967374,0.5743400265053588,0.5770012077055638,0.5740946108048588,0.5585471177656801,0.5706081494156398,0.006554778873354758,50.0
0.00434260368347168,0.0008228769237152172,5.911749219894409,0.014659618173969064,43,5,distance,"{'clf__leaf_size': 50, 'clf__n_neighbors': 43, 'clf__p': 5, 'clf__weights': 'distance'}",0.5229186457046959,0.5330128205128205,0.568180841585097,0.5834128245720893,0.5610480249131188,0.5537146314575643,0.022458808001219945,718,1.0,1.0,1.0,1.0,1.0,1.0,0.0,50.0
0.0037853240966796873,5.79872804521755e-05,0.08932361602783204,0.00038292486888290473,45,1,uniform,"{'clf__leaf_size': 50, 'clf__n_neighbors': 45, 'clf__p': 1, 'clf__weights': 'uniform'}",0.6292682368035191,0.5651497795857976,0.6629944369275631,0.6190281119445624,0.6449279123678775,0.6242736955258639,0.03308773644063561,439,0.6285816509004253,0.6667288336485688,0.6409958341826335,0.6489421327133452,0.6244546374512872,0.6419406177792519,0.015156457221265024,50.0
0.004123878479003906,0.0003423351547307309,0.09137940406799316,0.0012131233343892869,45,1,distance,"{'clf__leaf_size': 50, 'clf__n_neighbors': 45, 'clf__p': 1, 'clf__weights': 'distance'}",0.6418636076131332,0.5758106510149378,0.6916027634642677,0.6221818525389954,0.66110413080895,0.6385126010880569,0.038828854456803466,352,1.0,1.0,1.0,1.0,1.0,1.0,0.0,50.0
0.004435253143310547,0.00037831186722148103,0.013771724700927735,0.00044890156155429187,45,2,uniform,"{'clf__leaf_size': 50, 'clf__n_neighbors': 45, 'clf__p': 2, 'clf__weights': 'uniform'}",0.5964760625271217,0.5386161811388808,0.5990968690453723,0.6158387664966612,0.6260245478335442,0.595210485408316,0.03031386931015268,607,0.6110664323579925,0.6543280362257793,0.6332384195535805,0.6362475110027397,0.6194805143503026,0.6308721826980789,0.0148775545721178,50.0
0.004656839370727539,0.00029607615150690895,0.013646697998046875,0.0005868719618190665,45,2,distance,"{'clf__leaf_size': 50, 'clf__n_neighbors': 45, 'clf__p': 2, 'clf__weights': 'distance'}",0.6202840602462838,0.5653183138787935,0.6291170962994983,0.6264770960570091,0.6439608934196005,0.6170314919802371,0.027001133012139262,493,1.0,1.0,1.0,1.0,1.0,1.0,0.0,50.0
0.0041427135467529295,0.00021954653653325358,5.908640766143799,0.011817351230618325,45,3,uniform,"{'clf__leaf_size': 50, 'clf__n_neighbors': 45, 'clf__p': 3, 'clf__weights': 'uniform'}",0.5903893824377947,0.5716989118429351,0.6029432959525338,0.6392489753404335,0.5859546450159011,0.5980470421179197,0.02289393977157508,589,0.6028817798267513,0.6290388801821595,0.6061937251657433,0.6208038332653719,0.5956851835745354,0.6109206804029123,0.012206836327554661,50.0
0.003805398941040039,7.646199434558506e-05,5.9201194763183596,0.0040393199802269495,45,3,distance,"{'clf__leaf_size': 50, 'clf__n_neighbors': 45, 'clf__p': 3, 'clf__weights': 'distance'}",0.5950090764692534,0.5837217128937282,0.6096673571400786,0.6424073006000138,0.603142024818402,0.6067894943842952,0.019804620860018052,544,1.0,1.0,1.0,1.0,1.0,1.0,0.0,50.0
0.00382080078125,0.00014499579125535272,5.923047351837158,0.017017922776541048,45,4,uniform,"{'clf__leaf_size': 50, 'clf__n_neighbors': 45, 'clf__p': 4, 'clf__weights': 'uniform'}",0.5334995165990201,0.5631650228212413,0.5796391168226721,0.5949097092613329,0.572978506346811,0.5688383743702154,0.020467208015182488,682,0.5683708076104578,0.583224067797403,0.5931439716607613,0.5807115379951581,0.5771615723915137,0.5805223914910587,0.00806963708070755,50.0
0.004373884201049805,0.00047168363406991466,5.927865123748779,0.03219380015833402,45,4,distance,"{'clf__leaf_size': 50, 'clf__n_neighbors': 45, 'clf__p': 4, 'clf__weights': 'distance'}",0.5429324302390066,0.5619534179617525,0.5763765667197726,0.6043203692766366,0.5730415197806502,0.5717248607955637,0.020051554974298755,673,1.0,1.0,1.0,1.0,1.0,1.0,0.0,50.0
0.003811168670654297,8.555784834992676e-05,5.921159887313843,0.020989007796436154,45,5,uniform,"{'clf__leaf_size': 50, 'clf__n_neighbors': 45, 'clf__p': 5, 'clf__weights': 'uniform'}",0.5130512602574248,0.527243307164567,0.5499574880311657,0.5695759564358267,0.5608333506540178,0.5441322725086004,0.021030961327728036,745,0.5618550234902633,0.5661736011796297,0.5526249092013116,0.5534548086056956,0.5588332008691008,0.5585883086692002,0.00510260750001641,50.0
0.0037753105163574217,3.780431631368901e-05,5.925588512420655,0.024758223662889257,45,5,distance,"{'clf__leaf_size': 50, 'clf__n_neighbors': 45, 'clf__p': 5, 'clf__weights': 'distance'}",0.5151780411633916,0.5330128205128205,0.5464866605365115,0.5881087591582719,0.5737905484340743,0.5513153659610139,0.026544654526491924,727,1.0,1.0,1.0,1.0,1.0,1.0,0.0,50.0
0.0037973403930664064,5.7117130444434194e-05,0.08890323638916016,0.00025274728269072277,47,1,uniform,"{'clf__leaf_size': 50, 'clf__n_neighbors': 47, 'clf__p': 1, 'clf__weights': 'uniform'}",0.6292682368035191,0.5607134815014975,0.6695728388134454,0.6155588306458246,0.6365456989247312,0.6223318173378036,0.03556558762286697,460,0.6212046205937027,0.6672064938264951,0.6377293361400437,0.6442042435291652,0.6198631912653239,0.638041577070946,0.017335542307911386,50.0
0.003869915008544922,0.00017978269731252561,0.09061145782470703,0.0005939267614879132,47,1,distance,"{'clf__leaf_size': 50, 'clf__n_neighbors': 47, 'clf__p': 1, 'clf__weights': 'distance'}",0.6340157683486238,0.5819809152750218,0.6819308319452967,0.6216336460068379,0.6496087256696584,0.6338339774490878,0.03286265748813185,370,1.0,1.0,1.0,1.0,1.0,1.0,0.0,50.0
0.004053497314453125,0.00011572441932058481,0.013532686233520507,0.00044375638804870294,47,2,uniform,"{'clf__leaf_size': 50, 'clf__n_neighbors': 47, 'clf__p': 2, 'clf__weights': 'uniform'}",0.5808723901748101,0.5500120657362513,0.5992700534759358,0.6187973818832373,0.6086305644444462,0.5915164911429361,0.024220530329305958,610,0.6033178425964727,0.6465132112173771,0.6273487873397454,0.6245564726157891,0.6250254021051407,0.625352343174905,0.013696916746225364,50.0
0.004042959213256836,0.00021652915459916886,0.013784646987915039,0.0005756128650500201,47,2,distance,"{'clf__leaf_size': 50, 'clf__n_neighbors': 47, 'clf__p': 2, 'clf__weights': 'distance'}",0.6234652691547315,0.5649635667754735,0.6291170962994983,0.6294673736312106,0.6351157949518605,0.616425820162555,0.025993780526404615,502,1.0,1.0,1.0,1.0,1.0,1.0,0.0,50.0
0.004209184646606445,0.00019281738173152906,5.9119873046875,0.03420168644831449,47,3,uniform,"{'clf__leaf_size': 50, 'clf__n_neighbors': 47, 'clf__p': 3, 'clf__weights': 'uniform'}",0.5903893824377947,0.5851021678712341,0.5937063078037594,0.6395484667350296,0.6004912369777865,0.6018475123651209,0.019499620297270374,577,0.6050572998711577,0.6196078791063593,0.6078722731049339,0.6066721132897603,0.5907599594070418,0.6059939049558507,0.00918998206404274,50.0
0.003828287124633789,7.788883566557273e-05,5.9066136360168455,0.01125189921708861,47,3,distance,"{'clf__leaf_size': 50, 'clf__n_neighbors': 47, 'clf__p': 3, 'clf__weights': 'distance'}",0.5923124593608716,0.5851021678712341,0.6166772509255922,0.6377189727565667,0.607049595253345,0.607772089233522,0.018598737728285623,538,1.0,1.0,1.0,1.0,1.0,1.0,0.0,50.0
0.00421595573425293,0.0004910784050237498,5.9056459903717045,0.018320845459274333,47,4,uniform,"{'clf__leaf_size': 50, 'clf__n_neighbors': 47, 'clf__p': 4, 'clf__weights': 'uniform'}",0.5239515733586879,0.5583750107130262,0.5638143221528564,0.5979855490725056,0.5686417931854038,0.562553649696496,0.023671314289323096,709,0.5638788869844118,0.5714322887849529,0.5903516566109847,0.5731039240658798,0.579124169964857,0.5755781852822173,0.008843228702970002,50.0
0.003958320617675782,0.00043366622733537967,5.920658540725708,0.021775974095180232,47,4,distance,"{'clf__leaf_size': 50, 'clf__n_neighbors': 47, 'clf__p': 4, 'clf__weights': 'distance'}",0.5492691329405326,0.5547568077724011,0.5810846797559396,0.5979855490725056,0.5771906254279641,0.5720573589938687,0.017881422227570266,670,1.0,1.0,1.0,1.0,1.0,1.0,0.0,50.0
0.004007673263549805,0.00038755591186690125,5.814981508255005,0.20638369012494434,47,5,uniform,"{'clf__leaf_size': 50, 'clf__n_neighbors': 47, 'clf__p': 5, 'clf__weights': 'uniform'}",0.5056142242250408,0.5460240692284323,0.5605191306278262,0.5708006323527051,0.5545843838826506,0.547508488063331,0.022446389237530454,736,0.5552236333930006,0.5671885722192263,0.5531066110932408,0.5535315221640971,0.5584574969542146,0.557501567164756,0.005196493955235892,50.0
0.0037889957427978517,3.131241160986772e-05,5.800227975845337,0.21674931114768728,47,5,distance,"{'clf__leaf_size': 50, 'clf__n_neighbors': 47, 'clf__p': 5, 'clf__weights': 'distance'}",0.509149178577152,0.546383292238818,0.5458148045210302,0.5811941832975975,0.5566620600008381,0.5478407037270872,0.023210055408103624,733,1.0,1.0,1.0,1.0,1.0,1.0,0.0,50.0
0.004444789886474609,0.0007930350213012666,0.089286470413208,0.0005161185177269089,49,1,uniform,"{'clf__leaf_size': 50, 'clf__n_neighbors': 49, 'clf__p': 1, 'clf__weights': 'uniform'}",0.6167641139888121,0.5607134815014975,0.6489867546076885,0.6152936812611003,0.6286902654867256,0.6140896593691648,0.029286869737397404,517,0.6213946490745325,0.6619708720445706,0.6387244097706163,0.6368803772595337,0.6164262783331258,0.6350793172964758,0.01596804458797799,50.0
0.004329872131347656,0.00047605592149180373,0.09130535125732422,0.0016906961192006834,49,1,distance,"{'clf__leaf_size': 50, 'clf__n_neighbors': 49, 'clf__p': 1, 'clf__weights': 'distance'}",0.6328069682446344,0.5779590404522257,0.6764599667379425,0.6184781488352917,0.6577027027027027,0.6326813653945594,0.033878941069846055,379,1.0,1.0,1.0,1.0,1.0,1.0,0.0,50.0
0.004626131057739258,0.0005214652137707996,0.013704013824462891,0.0004334227710487143,49,2,uniform,"{'clf__leaf_size': 50, 'clf__n_neighbors': 49, 'clf__p': 2, 'clf__weights': 'uniform'}",0.585773365530331,0.5405541656350048,0.6153410418264409,0.6112382987382987,0.5978423869910651,0.5901498517442281,0.026897507189807636,622,0.6007154366671954,0.6451792255562849,0.6245580935096866,0.621276847591544,0.6209984663145606,0.6225456139278542,0.014120131177855154,50.0
0.0047245979309082035,0.0008216055006878832,0.013584423065185546,0.0002330852704858364,49,2,distance,"{'clf__leaf_size': 50, 'clf__n_neighbors': 49, 'clf__p': 2, 'clf__weights': 'distance'}",0.6022315229506879,0.5560076083171598,0.6291170962994983,0.6112382987382987,0.6336661042369705,0.606452126108523,0.027711628584384994,547,1.0,1.0,1.0,1.0,1.0,1.0,0.0,50.0
0.004425525665283203,0.0005379192352120435,5.8735514163970945,0.007073772891189837,49,3,uniform,"{'clf__leaf_size': 50, 'clf__n_neighbors': 49, 'clf__p': 3, 'clf__weights': 'uniform'}",0.5890809873521012,0.5793357479814475,0.5813075702939295,0.6090108134151241,0.592954652101282,0.590337954228777,0.01058016181348571,619,0.5914864468287219,0.6087071394420706,0.613617677949868,0.6029229851357976,0.5821374498494482,0.5997743398411812,0.011498660313783032,50.0
0.0040417671203613285,0.0005467192152748579,5.690376663208008,0.3513456731622831,49,3,distance,"{'clf__leaf_size': 50, 'clf__n_neighbors': 49, 'clf__p': 3, 'clf__weights': 'distance'}",0.5884569277283263,0.5817047993708907,0.6089763883806436,0.6377189727565667,0.5992954519418032,0.6032305080356462,0.019593717436074562,562,1.0,1.0,1.0,1.0,1.0,1.0,0.0,50.0
0.004030990600585938,0.0003902907158878156,5.6901579856872555,0.346998621611007,49,4,uniform,"{'clf__leaf_size': 50, 'clf__n_neighbors': 49, 'clf__p': 4, 'clf__weights': 'uniform'}",0.5218245926126085,0.5547568077724011,0.5358545312938267,0.5779910604247768,0.5650706763802918,0.551099533696781,0.020105496587041007,730,0.5584748919395839,0.5757036654521922,0.5796529898902331,0.569787797892449,0.5644830256585904,0.5696204741666098,0.007593444087407358,50.0
0.003781414031982422,5.438297999968128e-05,5.693634128570556,0.345806475626271,49,4,distance,"{'clf__leaf_size': 50, 'clf__n_neighbors': 49, 'clf__p': 4, 'clf__weights': 'distance'}",0.5355021699537809,0.551097653960098,0.5723024898302511,0.6043200808060571,0.5717522003354373,0.5669949189771248,0.02318829884190734,697,1.0,1.0,1.0,1.0,1.0,1.0,0.0,50.0
0.003981590270996094,0.0003451932510708306,5.492962646484375,0.7220000373512904,49,5,uniform,"{'clf__leaf_size': 50, 'clf__n_neighbors': 49, 'clf__p': 5, 'clf__weights': 'uniform'}",0.5052779366036672,0.5300879601122058,0.533043660134917,0.5576821059910909,0.5481464528010204,0.5348476231285801,0.017880422332531426,748,0.544986458975997,0.5636743452062745,0.5583182828806239,0.5512956883978893,0.5551958688992651,0.5546941288720099,0.0063216892237659365,50.0
0.003847074508666992,0.0001344861194331279,5.448015975952148,0.8079692468503805,49,5,distance,"{'clf__leaf_size': 50, 'clf__n_neighbors': 49, 'clf__p': 5, 'clf__weights': 'distance'}",0.505199635953988,0.5451428074409906,0.540798007532659,0.5802465451070968,0.5504693896484941,0.5443712771366458,0.023966655235034457,739,1.0,1.0,1.0,1.0,1.0,1.0,0.0,50.0
