mean_fit_time,std_fit_time,mean_score_time,std_score_time,param_clf__activation,param_clf__alpha,param_clf__hidden_layer_sizes,param_clf__learning_rate_init,params,split0_test_score,split1_test_score,split2_test_score,split3_test_score,split4_test_score,mean_test_score,std_test_score,rank_test_score,split0_train_score,split1_train_score,split2_train_score,split3_train_score,split4_train_score,mean_train_score,std_train_score,param_clf__early_stopping
9.50838313102722,0.3700351995921935,0.0052896976470947,0.000116831681981,relu,1e-05,"(64,)",0.0001,"{'clf__activation': 'relu', 'clf__alpha': 1e-05, 'clf__hidden_layer_sizes': (64,), 'clf__learning_rate_init': 0.0001}",0.8102246685464034,0.767407777197717,0.795273210302816,0.7645792464912933,0.8277700767203202,0.7930509958517099,0.0243864840509292,26,1.0,1.0,1.0,1.0,1.0,1.0,0.0,
2.2609769344329838,0.1083874298571699,0.0053125858306884,6.568812187939179e-05,relu,1e-05,"(64,)",0.001,"{'clf__activation': 'relu', 'clf__alpha': 1e-05, 'clf__hidden_layer_sizes': (64,), 'clf__learning_rate_init': 0.001}",0.8183413898524659,0.7688400081094685,0.795614550361075,0.7783718476634518,0.8143666230185345,0.7951068838009991,0.019396122007446,20,1.0,1.0,1.0,1.0,1.0,1.0,0.0,
0.7320379257202149,0.0283544130310554,0.0051856994628906,0.0001362705661197,relu,1e-05,"(64,)",0.01,"{'clf__activation': 'relu', 'clf__alpha': 1e-05, 'clf__hidden_layer_sizes': (64,), 'clf__learning_rate_init': 0.01}",0.8165582313618085,0.7792412896596529,0.766576924049611,0.7557062218826925,0.8234397033227753,0.7883044740553081,0.0270171535249783,35,1.0,1.0,1.0,1.0,1.0,1.0,0.0,
11.919672775268555,0.3216324776371123,0.0061355113983154,0.0001306917837188,relu,1e-05,"(128,)",0.0001,"{'clf__activation': 'relu', 'clf__alpha': 1e-05, 'clf__hidden_layer_sizes': (128,), 'clf__learning_rate_init': 0.0001}",0.8067308004906089,0.7685156023815818,0.789827404034032,0.7707032906843541,0.8420588156280502,0.7955671826437254,0.0270889072408437,14,1.0,1.0,1.0,1.0,1.0,1.0,0.0,
3.05558032989502,0.138279832642359,0.0061639308929443,9.573372591438836e-05,relu,1e-05,"(128,)",0.001,"{'clf__activation': 'relu', 'clf__alpha': 1e-05, 'clf__hidden_layer_sizes': (128,), 'clf__learning_rate_init': 0.001}",0.8302734185798701,0.7867627843568291,0.7758665749617237,0.7738295082669726,0.8253740816306632,0.7984212735592118,0.0244556853301956,9,1.0,1.0,1.0,1.0,1.0,1.0,0.0,
1.0563440322875977,0.0492591786426581,0.0061445236206054,0.0001473011649691,relu,1e-05,"(128,)",0.01,"{'clf__activation': 'relu', 'clf__alpha': 1e-05, 'clf__hidden_layer_sizes': (128,), 'clf__learning_rate_init': 0.01}",0.8054238414278982,0.77237370815192,0.7761715221110413,0.7711261001074488,0.822370808188832,0.7894931959974281,0.0207008063509571,33,1.0,1.0,1.0,1.0,1.0,1.0,0.0,
8.289311599731445,0.5255167826175676,0.0056048393249511,0.0001011723952045,relu,1e-05,"(64, 32)",0.0001,"{'clf__activation': 'relu', 'clf__alpha': 1e-05, 'clf__hidden_layer_sizes': (64, 32), 'clf__learning_rate_init': 0.0001}",0.8086063186184544,0.774773839842333,0.7551462356694685,0.7667320210273323,0.8230140517876366,0.785654493389045,0.0258059111680506,42,1.0,1.0,1.0,1.0,1.0,1.0,0.0,
1.848602819442749,0.0256575667345318,0.0055659770965576,0.0001869337042946,relu,1e-05,"(64, 32)",0.001,"{'clf__activation': 'relu', 'clf__alpha': 1e-05, 'clf__hidden_layer_sizes': (64, 32), 'clf__learning_rate_init': 0.001}",0.8184666131181431,0.7770364059948595,0.7588932232556667,0.7564158144849089,0.820481968697288,0.7862588051101733,0.0280467453645734,41,1.0,1.0,1.0,1.0,1.0,1.0,0.0,
0.6899474620819092,0.016254614669527,0.0055367469787597,0.0001338208802278,relu,1e-05,"(64, 32)",0.01,"{'clf__activation': 'relu', 'clf__alpha': 1e-05, 'clf__hidden_layer_sizes': (64, 32), 'clf__learning_rate_init': 0.01}",0.8126091071548469,0.7872102119860447,0.7603277740175254,0.778053506603084,0.8446609915749386,0.796572318267288,0.0293733263545776,13,1.0,1.0,1.0,1.0,1.0,1.0,0.0,
9.732104110717774,0.2009445504674989,0.0062499523162841,0.0002918346409444,relu,1e-05,"(128, 64)",0.0001,"{'clf__activation': 'relu', 'clf__alpha': 1e-05, 'clf__hidden_layer_sizes': (128, 64), 'clf__learning_rate_init': 0.0001}",0.7993215596692418,0.7878464561500276,0.7693586015148126,0.7816398215196609,0.8269562335018421,0.7930245344711171,0.0195320930380551,27,1.0,1.0,1.0,1.0,1.0,1.0,0.0,
2.302898979187012,0.0593039958943113,0.0063148975372314,0.0001729062164331,relu,1e-05,"(128, 64)",0.001,"{'clf__activation': 'relu', 'clf__alpha': 1e-05, 'clf__hidden_layer_sizes': (128, 64), 'clf__learning_rate_init': 0.001}",0.8160986711649512,0.7960392052473876,0.7810853239322757,0.7847323862821064,0.8397848855588687,0.8035480944371178,0.0218431332733838,4,1.0,1.0,1.0,1.0,1.0,1.0,0.0,
0.9300166130065918,0.1164223518081019,0.0063161373138427,0.0001350076145592,relu,1e-05,"(128, 64)",0.01,"{'clf__activation': 'relu', 'clf__alpha': 1e-05, 'clf__hidden_layer_sizes': (128, 64), 'clf__learning_rate_init': 0.01}",0.8081490877543509,0.8044897850169872,0.7733018361599195,0.7918653627411645,0.861150958381872,0.8077914060108589,0.0293306656909886,1,0.9750707118931072,0.984581520984678,1.0,1.0,1.0,0.991930446575557,0.0103306382988922,
9.823603248596193,0.2537323920046176,0.0054628372192382,0.00021197524357,relu,0.0001,"(64,)",0.0001,"{'clf__activation': 'relu', 'clf__alpha': 0.0001, 'clf__hidden_layer_sizes': (64,), 'clf__learning_rate_init': 0.0001}",0.8102246685464034,0.767407777197717,0.795273210302816,0.7645792464912933,0.8152863634949599,0.7905542532066379,0.0211250155054235,31,1.0,1.0,1.0,1.0,1.0,1.0,0.0,
2.342464113235473,0.0897916124016577,0.005353307723999,8.550151646552111e-05,relu,0.0001,"(64,)",0.001,"{'clf__activation': 'relu', 'clf__alpha': 0.0001, 'clf__hidden_layer_sizes': (64,), 'clf__learning_rate_init': 0.001}",0.8183413898524659,0.7688400081094685,0.795614550361075,0.774129401083544,0.8130015506534896,0.7939853800120085,0.0199200089586592,24,1.0,1.0,1.0,1.0,1.0,1.0,0.0,
0.7170085906982422,0.1011314634962273,0.0052679538726806,0.0001700511619639,relu,0.0001,"(64,)",0.01,"{'clf__activation': 'relu', 'clf__alpha': 0.0001, 'clf__hidden_layer_sizes': (64,), 'clf__learning_rate_init': 0.01}",0.8112950969402583,0.7478314431434658,0.7663285298314427,0.7557062218826925,0.8234397033227753,0.7809201990241269,0.0305747277602455,51,1.0,0.997865165005341,1.0,1.0,1.0,0.999573033001068,0.0008539339978636,
11.99000072479248,0.4049468430968429,0.0058743476867675,8.336559187743268e-05,relu,0.0001,"(128,)",0.0001,"{'clf__activation': 'relu', 'clf__alpha': 0.0001, 'clf__hidden_layer_sizes': (128,), 'clf__learning_rate_init': 0.0001}",0.8067308004906089,0.7685156023815818,0.789827404034032,0.7707032906843541,0.8420588156280502,0.7955671826437254,0.0270889072408437,14,1.0,1.0,1.0,1.0,1.0,1.0,0.0,
2.910340356826782,0.2167907988392305,0.005905532836914,0.0001542134865293,relu,0.0001,"(128,)",0.001,"{'clf__activation': 'relu', 'clf__alpha': 0.0001, 'clf__hidden_layer_sizes': (128,), 'clf__learning_rate_init': 0.001}",0.8302734185798701,0.7867627843568291,0.7845827414929927,0.7738295082669726,0.8253740816306632,0.8001645068654655,0.0230564479223136,6,1.0,1.0,1.0,1.0,1.0,1.0,0.0,
1.0687293529510498,0.0533098854988792,0.0060774803161621,0.0001026423854753,relu,0.0001,"(128,)",0.01,"{'clf__activation': 'relu', 'clf__alpha': 0.0001, 'clf__hidden_layer_sizes': (128,), 'clf__learning_rate_init': 0.01}",0.8027147520944722,0.7972481168642325,0.7761715221110413,0.7711261001074488,0.8210134940175435,0.7936547970389476,0.0182027477100443,25,1.0,1.0,1.0,1.0,1.0,1.0,0.0,
8.343276643753052,0.3168113327817085,0.0055954456329345,7.515625270126139e-05,relu,0.0001,"(64, 32)",0.0001,"{'clf__activation': 'relu', 'clf__alpha': 0.0001, 'clf__hidden_layer_sizes': (64, 32), 'clf__learning_rate_init': 0.0001}",0.8086063186184544,0.774773839842333,0.7515739895417367,0.7667320210273323,0.8230140517876366,0.7849400441634986,0.0266754569632442,43,1.0,1.0,1.0,1.0,1.0,1.0,0.0,
1.8349451541900637,0.0454783973764528,0.0055254459381103,0.0001781465537541,relu,0.0001,"(64, 32)",0.001,"{'clf__activation': 'relu', 'clf__alpha': 0.0001, 'clf__hidden_layer_sizes': (64, 32), 'clf__learning_rate_init': 0.001}",0.8184666131181431,0.7770364059948595,0.7556748878926788,0.7564158144849089,0.8163370688767704,0.7847861580734722,0.0277208734663466,44,1.0,1.0,1.0,1.0,1.0,1.0,0.0,
0.6825533866882324,0.0726419080840601,0.0055084705352783,0.0001001247218222,relu,0.0001,"(64, 32)",0.01,"{'clf__activation': 'relu', 'clf__alpha': 0.0001, 'clf__hidden_layer_sizes': (64, 32), 'clf__learning_rate_init': 0.01}",0.7905780582774001,0.778474722665969,0.7365444391204846,0.7713868399364174,0.8469137334935279,0.7847795586987598,0.0358887751498107,45,0.9886407303733707,1.0,1.0,1.0,1.0,0.9977281460746742,0.0045437078506516,
9.791580247879027,0.2174227635156869,0.0061705589294433,0.0001510763101361,relu,0.0001,"(128, 64)",0.0001,"{'clf__activation': 'relu', 'clf__alpha': 0.0001, 'clf__hidden_layer_sizes': (128, 64), 'clf__learning_rate_init': 0.0001}",0.7993215596692418,0.787442257126765,0.770256535107582,0.7846352631340283,0.8357260707551405,0.7954763371585516,0.0221492236171182,16,1.0,1.0,1.0,1.0,1.0,1.0,0.0,
2.2865665435791014,0.0631847967359424,0.0062918186187744,0.0001462535355565,relu,0.0001,"(128, 64)",0.001,"{'clf__activation': 'relu', 'clf__alpha': 0.0001, 'clf__hidden_layer_sizes': (128, 64), 'clf__learning_rate_init': 0.001}",0.8190785615089298,0.7899931441449608,0.779368301010777,0.7930752209836368,0.8449747824747825,0.8052980020246174,0.0237492533455292,3,1.0,1.0,1.0,1.0,1.0,1.0,0.0,
0.980668830871582,0.053817293173439,0.0063865184783935,0.0001300869098641,relu,0.0001,"(128, 64)",0.01,"{'clf__activation': 'relu', 'clf__alpha': 0.0001, 'clf__hidden_layer_sizes': (128, 64), 'clf__learning_rate_init': 0.01}",0.8155133723282934,0.7738195185690283,0.7782826837027034,0.7384764211974525,0.8646298424284303,0.7941443676451816,0.0428682849802358,23,1.0,0.9888007343326491,1.0,0.9664881666924334,1.0,0.9910577802050164,0.0130280470433066,
9.453239107131958,0.3329809814619461,0.0053149700164794,0.0001071236299448,relu,0.001,"(64,)",0.0001,"{'clf__activation': 'relu', 'clf__alpha': 0.001, 'clf__hidden_layer_sizes': (64,), 'clf__learning_rate_init': 0.0001}",0.8114683115626512,0.767407777197717,0.795273210302816,0.7645792464912933,0.8219809838215104,0.7921419058751976,0.0230007082962585,28,1.0,1.0,1.0,1.0,1.0,1.0,0.0,
2.316654825210571,0.0669192731355784,0.005377197265625,4.1420821428901895e-05,relu,0.001,"(64,)",0.001,"{'clf__activation': 'relu', 'clf__alpha': 0.001, 'clf__hidden_layer_sizes': (64,), 'clf__learning_rate_init': 0.001}",0.8091717885237959,0.7688400081094685,0.795614550361075,0.7685249264388215,0.8130015506534896,0.7910305648173301,0.0191403537348453,30,1.0,1.0,1.0,1.0,1.0,1.0,0.0,
0.7543385982513428,0.0371884537159974,0.0053168773651123,0.0001231444862829,relu,0.001,"(64,)",0.01,"{'clf__activation': 'relu', 'clf__alpha': 0.001, 'clf__hidden_layer_sizes': (64,), 'clf__learning_rate_init': 0.01}",0.808606030122841,0.7834868650204403,0.7675545627361997,0.7440865471632266,0.8281345390035264,0.7863737088092467,0.0296274913401814,40,1.0,1.0,1.0,1.0,1.0,1.0,0.0,
12.097319889068604,0.2027085679350312,0.0059324264526367,0.0001213609679005,relu,0.001,"(128,)",0.0001,"{'clf__activation': 'relu', 'clf__alpha': 0.001, 'clf__hidden_layer_sizes': (128,), 'clf__learning_rate_init': 0.0001}",0.8036755587576889,0.7685156023815818,0.789827404034032,0.7677266853287714,0.8420588156280502,0.7943608132260248,0.0274217702156745,22,1.0,1.0,1.0,1.0,1.0,1.0,0.0,
3.044291925430298,0.1285365744472213,0.0060410499572753,0.0001132537941093,relu,0.001,"(128,)",0.001,"{'clf__activation': 'relu', 'clf__alpha': 0.001, 'clf__hidden_layer_sizes': (128,), 'clf__learning_rate_init': 0.001}",0.8302734185798701,0.7867627843568291,0.7758665749617237,0.7683664617639581,0.8280915329368241,0.7978721545198411,0.0262347185489327,10,1.0,1.0,1.0,1.0,1.0,1.0,0.0,
1.0636399745941163,0.0504344831747919,0.0060195922851562,0.0001790536545199,relu,0.001,"(128,)",0.01,"{'clf__activation': 'relu', 'clf__alpha': 0.001, 'clf__hidden_layer_sizes': (128,), 'clf__learning_rate_init': 0.01}",0.8146402636998082,0.7729010455898575,0.765045115545673,0.776165224969081,0.8193865473294404,0.789627639426772,0.022700396460697,32,1.0,1.0,1.0,1.0,1.0,1.0,0.0,
8.556923294067383,0.2144483069266163,0.0055048465728759,0.0001109720038373,relu,0.001,"(64, 32)",0.0001,"{'clf__activation': 'relu', 'clf__alpha': 0.001, 'clf__hidden_layer_sizes': (64, 32), 'clf__learning_rate_init': 0.0001}",0.8113083283769159,0.774773839842333,0.752035349351008,0.7605062692195328,0.8230140517876366,0.7843275677154853,0.0280218516195515,46,1.0,1.0,1.0,1.0,1.0,1.0,0.0,
1.8566574573516843,0.0328555974213439,0.0055887699127197,0.0001219356621245,relu,0.001,"(64, 32)",0.001,"{'clf__activation': 'relu', 'clf__alpha': 0.001, 'clf__hidden_layer_sizes': (64, 32), 'clf__learning_rate_init': 0.001}",0.8184666131181431,0.7770364059948595,0.7516317733990148,0.7690063366445296,0.820481968697288,0.787324619570767,0.0275122505767607,38,1.0,1.0,1.0,1.0,1.0,1.0,0.0,
0.689032793045044,0.0657950683890325,0.0054673671722412,0.0001410876787582,relu,0.001,"(64, 32)",0.01,"{'clf__activation': 'relu', 'clf__alpha': 0.001, 'clf__hidden_layer_sizes': (64, 32), 'clf__learning_rate_init': 0.01}",0.7848027101634204,0.7815187016665383,0.7502737383899356,0.7694781309048105,0.8554284396900776,0.7883003441629565,0.0356782953241718,36,0.9944187091198604,1.0,1.0,1.0,1.0,0.998883741823972,0.0022325163520558,
9.64958734512329,0.1534703154385412,0.006085729598999,8.367922891237885e-05,relu,0.001,"(128, 64)",0.0001,"{'clf__activation': 'relu', 'clf__alpha': 0.001, 'clf__hidden_layer_sizes': (128, 64), 'clf__learning_rate_init': 0.0001}",0.8045227571307132,0.7822880624446813,0.770256535107582,0.7868325791855204,0.8296795763783282,0.794715902049365,0.0206566770656682,21,1.0,1.0,1.0,1.0,1.0,1.0,0.0,
2.340730094909668,0.08169082759723,0.0062771797180175,8.391298967173777e-05,relu,0.001,"(128, 64)",0.001,"{'clf__activation': 'relu', 'clf__alpha': 0.001, 'clf__hidden_layer_sizes': (128, 64), 'clf__learning_rate_init': 0.001}",0.8010507493526362,0.7929778369919215,0.7675313062460045,0.7905874647851381,0.8455459916912461,0.7995386698133892,0.0255601250865856,7,1.0,1.0,1.0,1.0,1.0,1.0,0.0,
0.9322450637817384,0.2042681574434383,0.0063275337219238,0.0002043178283436,relu,0.001,"(128, 64)",0.01,"{'clf__activation': 'relu', 'clf__alpha': 0.001, 'clf__hidden_layer_sizes': (128, 64), 'clf__learning_rate_init': 0.01}",0.7940893776035285,0.747246577111329,0.7700248206410177,0.7861065775344045,0.807374486519705,0.7809683678819969,0.0207497739508148,50,0.969970677740043,0.9538236298314922,1.0,1.0,0.9644348167288976,0.9776458248600866,0.0189755310202844,
9.64055380821228,0.2275156574226446,0.0053219318389892,8.861764255576005e-05,relu,0.01,"(64,)",0.0001,"{'clf__activation': 'relu', 'clf__alpha': 0.01, 'clf__hidden_layer_sizes': (64,), 'clf__learning_rate_init': 0.0001}",0.8102246685464034,0.7616221675901649,0.7984382585843575,0.7645792464912933,0.8219809838215104,0.7913690650067459,0.0242700191108606,29,1.0,1.0,1.0,1.0,1.0,1.0,0.0,
2.3219390869140626,0.0970172591264209,0.0054107189178466,9.467077913203053e-05,relu,0.01,"(64,)",0.001,"{'clf__activation': 'relu', 'clf__alpha': 0.01, 'clf__hidden_layer_sizes': (64,), 'clf__learning_rate_init': 0.001}",0.823420031224263,0.7688400081094685,0.7990705415439765,0.781388509887275,0.8150500905217886,0.7975538362573543,0.020313941290827,11,1.0,1.0,1.0,1.0,1.0,1.0,0.0,
0.7726426124572754,0.0364640613056773,0.0053677082061767,0.0002273728577201,relu,0.01,"(64,)",0.01,"{'clf__activation': 'relu', 'clf__alpha': 0.01, 'clf__hidden_layer_sizes': (64,), 'clf__learning_rate_init': 0.01}",0.8159817351598173,0.7826295853269538,0.7448327917312966,0.7613339275103982,0.8338603352222804,0.7877276749901492,0.0331333840414586,37,1.0,1.0,1.0,1.0,1.0,1.0,0.0,
11.81561632156372,0.3075765373081207,0.0057665824890136,0.0001316107182753,relu,0.01,"(128,)",0.0001,"{'clf__activation': 'relu', 'clf__alpha': 0.01, 'clf__hidden_layer_sizes': (128,), 'clf__learning_rate_init': 0.0001}",0.8067308004906089,0.7675007223951829,0.789827404034032,0.7707032906843541,0.8420588156280502,0.7953642066464456,0.0272938699251009,18,1.0,1.0,1.0,1.0,1.0,1.0,0.0,
3.0929250717163086,0.1630001613719541,0.0061418056488037,0.0002251438337514,relu,0.01,"(128,)",0.001,"{'clf__activation': 'relu', 'clf__alpha': 0.01, 'clf__hidden_layer_sizes': (128,), 'clf__learning_rate_init': 0.001}",0.8302734185798701,0.7867627843568291,0.7847036116328245,0.7738295082669726,0.8322296198185763,0.8015597885310146,0.0246461420001845,5,1.0,1.0,1.0,1.0,1.0,1.0,0.0,
1.3534523963928222,0.070382055592647,0.0059484481811523,0.0001476658976525,relu,0.01,"(128,)",0.01,"{'clf__activation': 'relu', 'clf__alpha': 0.01, 'clf__hidden_layer_sizes': (128,), 'clf__learning_rate_init': 0.01}",0.8161357879723589,0.7904311193784879,0.7827215314007767,0.7830139116546884,0.8247445631312909,0.7994093827075206,0.0176042555359453,8,1.0,1.0,1.0,1.0,1.0,1.0,0.0,
8.452957248687744,0.4463075820039339,0.0054634094238281,0.0001237613735363,relu,0.01,"(64, 32)",0.0001,"{'clf__activation': 'relu', 'clf__alpha': 0.01, 'clf__hidden_layer_sizes': (64, 32), 'clf__learning_rate_init': 0.0001}",0.8031481692410382,0.774773839842333,0.7515739895417367,0.7605062692195328,0.8246983512110435,0.7829401238111368,0.0272246765284059,48,1.0,1.0,1.0,1.0,1.0,1.0,0.0,
1.8660999298095704,0.0639687577276479,0.0054858684539794,0.0001519417942143,relu,0.01,"(64, 32)",0.001,"{'clf__activation': 'relu', 'clf__alpha': 0.01, 'clf__hidden_layer_sizes': (64, 32), 'clf__learning_rate_init': 0.001}",0.8120563567078867,0.7813458498702816,0.7576073926073926,0.7605769230769232,0.8326626425217976,0.7888498329568563,0.0292911669307085,34,1.0,1.0,1.0,1.0,1.0,1.0,0.0,
0.7299313545227051,0.0348392059455962,0.0054139614105224,0.0002009400158155,relu,0.01,"(64, 32)",0.01,"{'clf__activation': 'relu', 'clf__alpha': 0.01, 'clf__hidden_layer_sizes': (64, 32), 'clf__learning_rate_init': 0.01}",0.8077433310884015,0.7800676869400249,0.7668226229329674,0.7909619984055275,0.8409259259259259,0.7973043130585694,0.0256057722968809,12,1.0,1.0,1.0,1.0,1.0,1.0,0.0,
9.510841369628906,0.1021765559878866,0.0059018611907958,0.0003120854722034,relu,0.01,"(128, 64)",0.0001,"{'clf__activation': 'relu', 'clf__alpha': 0.01, 'clf__hidden_layer_sizes': (128, 64), 'clf__learning_rate_init': 0.0001}",0.7993215596692418,0.7844680777716492,0.7661912833520317,0.7898280207998878,0.8357260707551405,0.7951070024695902,0.0229993233772578,19,1.0,1.0,1.0,1.0,1.0,1.0,0.0,
2.2756771564483644,0.0617792154660887,0.0061945438385009,8.200218394960687e-05,relu,0.01,"(128, 64)",0.001,"{'clf__activation': 'relu', 'clf__alpha': 0.01, 'clf__hidden_layer_sizes': (128, 64), 'clf__learning_rate_init': 0.001}",0.8164754842998003,0.7900788584857013,0.7788199965826228,0.7936022850883531,0.8479968366532725,0.8053946922219499,0.0245665493734208,2,1.0,1.0,1.0,1.0,1.0,1.0,0.0,
0.9772993564605712,0.1881801518890831,0.0063528060913085,0.0001394818866626,relu,0.01,"(128, 64)",0.01,"{'clf__activation': 'relu', 'clf__alpha': 0.01, 'clf__hidden_layer_sizes': (128, 64), 'clf__learning_rate_init': 0.01}",0.8072267948054501,0.7576878348937173,0.758614724710058,0.7873057661726945,0.8661095315631417,0.7953889304290123,0.039951447565723,17,1.0,0.9813807692219256,0.9737553332851308,1.0,1.0,0.9910272205014112,0.0112508170911297,
11.807544708251951,0.3359659965728905,0.0056836128234863,0.0001461597598436,tanh,1e-05,"(64,)",0.0001,"{'clf__activation': 'tanh', 'clf__alpha': 1e-05, 'clf__hidden_layer_sizes': (64,), 'clf__learning_rate_init': 0.0001}",0.7913892486668768,0.7642521651661818,0.7394071286420644,0.7919419916947176,0.8174512916889058,0.7808883651717492,0.0267086313525924,52,1.0,1.0,1.0,1.0,1.0,1.0,0.0,
2.9064448356628416,0.1004834624867338,0.0056699752807617,0.0001320237666694,tanh,1e-05,"(64,)",0.001,"{'clf__activation': 'tanh', 'clf__alpha': 1e-05, 'clf__hidden_layer_sizes': (64,), 'clf__learning_rate_init': 0.001}",0.7835319898890118,0.7615907128642676,0.7508859933777569,0.7771430757810054,0.8189640741511668,0.7784231692126418,0.0232934810657953,58,1.0,1.0,1.0,1.0,1.0,1.0,0.0,
0.9539024829864502,0.0350955028026496,0.0057570934295654,6.982237785920376e-05,tanh,1e-05,"(64,)",0.01,"{'clf__activation': 'tanh', 'clf__alpha': 1e-05, 'clf__hidden_layer_sizes': (64,), 'clf__learning_rate_init': 0.01}",0.7535471461442588,0.7727089996406832,0.7545882279703896,0.7659566129975025,0.8083029616333179,0.7710207896772305,0.0199690439763849,75,1.0,1.0,1.0,1.0,1.0,1.0,0.0,
15.506425857543944,0.1999907788563157,0.0068553447723388,0.0002429441380501,tanh,1e-05,"(128,)",0.0001,"{'clf__activation': 'tanh', 'clf__alpha': 1e-05, 'clf__hidden_layer_sizes': (128,), 'clf__learning_rate_init': 0.0001}",0.7584723941359013,0.7699021331552253,0.7528191871488971,0.7754785048333204,0.8115624495716531,0.7736469337689995,0.020586530572826,69,1.0,1.0,1.0,1.0,1.0,1.0,0.0,
3.813252019882202,0.1512907972280352,0.0067988395690917,0.000178755470891,tanh,1e-05,"(128,)",0.001,"{'clf__activation': 'tanh', 'clf__alpha': 1e-05, 'clf__hidden_layer_sizes': (128,), 'clf__learning_rate_init': 0.001}",0.7590250965250965,0.7660382806403451,0.7528644407954752,0.7835425610216109,0.8068359805632015,0.7736612719091459,0.019509161842237,66,1.0,1.0,1.0,1.0,1.0,1.0,0.0,
1.4024927139282226,0.0342823972886459,0.0066836833953857,0.0001261082930398,tanh,1e-05,"(128,)",0.01,"{'clf__activation': 'tanh', 'clf__alpha': 1e-05, 'clf__hidden_layer_sizes': (128,), 'clf__learning_rate_init': 0.01}",0.7720444936570247,0.7587063422014879,0.7520313300997674,0.7829493809188339,0.8223505667814975,0.7776164227317223,0.0247903956852271,61,1.0,1.0,1.0,1.0,1.0,1.0,0.0,
10.156025505065918,0.2458483712508703,0.0058451652526855,0.0001874915338344,tanh,1e-05,"(64, 32)",0.0001,"{'clf__activation': 'tanh', 'clf__alpha': 1e-05, 'clf__hidden_layer_sizes': (64, 32), 'clf__learning_rate_init': 0.0001}",0.7404958894616928,0.7500531167932943,0.733184293230384,0.7450046234351325,0.8155338612228618,0.7568543568286731,0.029859097939516,91,1.0,1.0,1.0,1.0,1.0,1.0,0.0,
2.296622800827026,0.0859902527961203,0.0062264919281005,0.0001232436717423,tanh,1e-05,"(64, 32)",0.001,"{'clf__activation': 'tanh', 'clf__alpha': 1e-05, 'clf__hidden_layer_sizes': (64, 32), 'clf__learning_rate_init': 0.001}",0.7619421089665991,0.7433897974050104,0.7214684769759027,0.7470335759212565,0.8339410978189528,0.7615550114175443,0.0384387114288696,86,1.0,1.0,1.0,1.0,1.0,1.0,0.0,
0.7332248210906982,0.0186805092476717,0.0060604095458984,0.0001432282146683,tanh,1e-05,"(64, 32)",0.01,"{'clf__activation': 'tanh', 'clf__alpha': 1e-05, 'clf__hidden_layer_sizes': (64, 32), 'clf__learning_rate_init': 0.01}",0.7784032438478747,0.724387226717403,0.714950323210908,0.7450656374614776,0.8120701058201057,0.7549753074115538,0.0359012974983098,96,1.0,1.0,1.0,1.0,1.0,1.0,0.0,
12.79638614654541,0.2710289424214868,0.0073693752288818,0.0001067909365637,tanh,1e-05,"(128, 64)",0.0001,"{'clf__activation': 'tanh', 'clf__alpha': 1e-05, 'clf__hidden_layer_sizes': (128, 64), 'clf__learning_rate_init': 0.0001}",0.7599429387190436,0.7426563051925116,0.743410411076216,0.7491600043198916,0.8184839886561016,0.7627307295927528,0.0285538770787903,83,1.0,1.0,1.0,1.0,1.0,1.0,0.0,
2.85600175857544,0.1056551589008754,0.0073915481567382,6.312171392884476e-05,tanh,1e-05,"(128, 64)",0.001,"{'clf__activation': 'tanh', 'clf__alpha': 1e-05, 'clf__hidden_layer_sizes': (128, 64), 'clf__learning_rate_init': 0.001}",0.7690308140419814,0.7453044991300024,0.7634048459697488,0.7443443076460288,0.8129397831644655,0.7670048499904454,0.0249458936572665,77,1.0,1.0,1.0,1.0,1.0,1.0,0.0,
1.2031059741973875,0.1200784635456302,0.007521915435791,9.439839132092144e-05,tanh,1e-05,"(128, 64)",0.01,"{'clf__activation': 'tanh', 'clf__alpha': 1e-05, 'clf__hidden_layer_sizes': (128, 64), 'clf__learning_rate_init': 0.01}",0.7602763256161315,0.7624251379038613,0.7501132757144838,0.7681997344618704,0.8390006559448557,0.7760030259282406,0.0320361048114768,62,1.0,1.0,1.0,1.0,1.0,1.0,0.0,
11.840191316604614,0.2104861705293305,0.0056287765502929,0.0001297639764701,tanh,0.0001,"(64,)",0.0001,"{'clf__activation': 'tanh', 'clf__alpha': 0.0001, 'clf__hidden_layer_sizes': (64,), 'clf__learning_rate_init': 0.0001}",0.7913892486668768,0.7642521651661818,0.7394071286420644,0.7919419916947176,0.8174512916889058,0.7808883651717492,0.0267086313525924,52,1.0,1.0,1.0,1.0,1.0,1.0,0.0,
2.812517213821411,0.1117932356586283,0.0057483196258544,0.0001952647522401,tanh,0.0001,"(64,)",0.001,"{'clf__activation': 'tanh', 'clf__alpha': 0.0001, 'clf__hidden_layer_sizes': (64,), 'clf__learning_rate_init': 0.001}",0.7835319898890118,0.7615907128642676,0.7508859933777569,0.7771430757810054,0.8189640741511668,0.7784231692126418,0.0232934810657953,58,1.0,1.0,1.0,1.0,1.0,1.0,0.0,
0.9322221755981446,0.0476539257287873,0.0055566310882568,0.0002567400104573,tanh,0.0001,"(64,)",0.01,"{'clf__activation': 'tanh', 'clf__alpha': 0.0001, 'clf__hidden_layer_sizes': (64,), 'clf__learning_rate_init': 0.01}",0.7535471461442588,0.7686475998850244,0.7545882279703896,0.7662143492496073,0.8147371169617633,0.7715468880422087,0.0224224199217695,73,1.0,1.0,1.0,1.0,1.0,1.0,0.0,
15.011274194717409,0.3675989607720672,0.0066746711730957,0.000354764717875,tanh,0.0001,"(128,)",0.0001,"{'clf__activation': 'tanh', 'clf__alpha': 0.0001, 'clf__hidden_layer_sizes': (128,), 'clf__learning_rate_init': 0.0001}",0.7584723941359013,0.7699021331552253,0.7528191871488971,0.7754785048333204,0.8115624495716531,0.7736469337689995,0.020586530572826,69,1.0,1.0,1.0,1.0,1.0,1.0,0.0,
3.8588863372802735,0.1621570801956034,0.0067159175872802,0.0001790741997304,tanh,0.0001,"(128,)",0.001,"{'clf__activation': 'tanh', 'clf__alpha': 0.0001, 'clf__hidden_layer_sizes': (128,), 'clf__learning_rate_init': 0.001}",0.7590250965250965,0.7660382806403451,0.7528644407954752,0.7835425610216109,0.8068359805632015,0.7736612719091459,0.019509161842237,66,1.0,1.0,1.0,1.0,1.0,1.0,0.0,
1.36874361038208,0.0509948778332151,0.0067783832550048,8.831709017470963e-05,tanh,0.0001,"(128,)",0.01,"{'clf__activation': 'tanh', 'clf__alpha': 0.0001, 'clf__hidden_layer_sizes': (128,), 'clf__learning_rate_init': 0.01}",0.7720444936570247,0.7587063422014879,0.7520313300997674,0.7855960250886653,0.8223505667814975,0.7781457515656885,0.0249264969734126,60,1.0,1.0,1.0,1.0,1.0,1.0,0.0,
10.21266360282898,0.2501798195613345,0.0059786796569824,0.0002452883712755,tanh,0.0001,"(64, 32)",0.0001,"{'clf__activation': 'tanh', 'clf__alpha': 0.0001, 'clf__hidden_layer_sizes': (64, 32), 'clf__learning_rate_init': 0.0001}",0.7404958894616928,0.7500531167932943,0.733184293230384,0.7450046234351325,0.8155338612228618,0.7568543568286731,0.029859097939516,91,1.0,1.0,1.0,1.0,1.0,1.0,0.0,
2.1954731941223145,0.0235046105215873,0.0058790683746337,8.483261382946523e-05,tanh,0.0001,"(64, 32)",0.001,"{'clf__activation': 'tanh', 'clf__alpha': 0.0001, 'clf__hidden_layer_sizes': (64, 32), 'clf__learning_rate_init': 0.001}",0.7619421089665991,0.7433897974050104,0.7214684769759027,0.7470335759212565,0.8339410978189528,0.7615550114175443,0.0384387114288696,86,1.0,1.0,1.0,1.0,1.0,1.0,0.0,
0.7387208461761474,0.0179287466651559,0.0059856414794921,7.983720865687033e-05,tanh,0.0001,"(64, 32)",0.01,"{'clf__activation': 'tanh', 'clf__alpha': 0.0001, 'clf__hidden_layer_sizes': (64, 32), 'clf__learning_rate_init': 0.01}",0.7743450687529635,0.724387226717403,0.7148749080206034,0.7450656374614776,0.8173758203831082,0.7552097322671111,0.0371769045749019,94,1.0,1.0,1.0,1.0,1.0,1.0,0.0,
12.68339900970459,0.3413803402144766,0.0075067043304443,0.0002609740526806,tanh,0.0001,"(128, 64)",0.0001,"{'clf__activation': 'tanh', 'clf__alpha': 0.0001, 'clf__hidden_layer_sizes': (128, 64), 'clf__learning_rate_init': 0.0001}",0.7599429387190436,0.7426563051925116,0.743410411076216,0.7491600043198916,0.8184839886561016,0.7627307295927528,0.0285538770787903,83,1.0,1.0,1.0,1.0,1.0,1.0,0.0,
2.8687249660491942,0.0935040168908321,0.007214879989624,0.0001805051678944,tanh,0.0001,"(128, 64)",0.001,"{'clf__activation': 'tanh', 'clf__alpha': 0.0001, 'clf__hidden_layer_sizes': (128, 64), 'clf__learning_rate_init': 0.001}",0.7690308140419814,0.7453044991300024,0.7634048459697488,0.7443443076460288,0.8129397831644655,0.7670048499904454,0.0249458936572665,77,1.0,1.0,1.0,1.0,1.0,1.0,0.0,
1.0722630977630616,0.1133315329613997,0.0072420120239257,0.0001151095566467,tanh,0.0001,"(128, 64)",0.01,"{'clf__activation': 'tanh', 'clf__alpha': 0.0001, 'clf__hidden_layer_sizes': (128, 64), 'clf__learning_rate_init': 0.01}",0.7602763256161315,0.7624251379038613,0.7501132757144838,0.7681997344618704,0.785794921592256,0.7653618790577206,0.0117691958675552,80,1.0,1.0,1.0,1.0,0.9724794610104855,0.9944958922020972,0.0110082155958057,
11.699427461624143,0.2897534964160552,0.0056193351745605,0.000149023429402,tanh,0.001,"(64,)",0.0001,"{'clf__activation': 'tanh', 'clf__alpha': 0.001, 'clf__hidden_layer_sizes': (64,), 'clf__learning_rate_init': 0.0001}",0.7913892486668768,0.7642521651661818,0.7394071286420644,0.7919419916947176,0.8174512916889058,0.7808883651717492,0.0267086313525924,52,1.0,1.0,1.0,1.0,1.0,1.0,0.0,
2.797517919540405,0.1208553216537245,0.0057289123535156,9.862502607774397e-05,tanh,0.001,"(64,)",0.001,"{'clf__activation': 'tanh', 'clf__alpha': 0.001, 'clf__hidden_layer_sizes': (64,), 'clf__learning_rate_init': 0.001}",0.7835319898890118,0.7658745981493479,0.7508859933777569,0.7771430757810054,0.8189640741511668,0.7792799462696578,0.022730578590068,55,1.0,1.0,1.0,1.0,1.0,1.0,0.0,
0.9245816707611084,0.0286858195251955,0.0054284572601318,0.000133798722264,tanh,0.001,"(64,)",0.01,"{'clf__activation': 'tanh', 'clf__alpha': 0.001, 'clf__hidden_layer_sizes': (64,), 'clf__learning_rate_init': 0.01}",0.7636962904820048,0.7792589867979659,0.7574098991905683,0.766716146431021,0.807992654285457,0.7750147954374034,0.0179580669122573,63,1.0,1.0,1.0,1.0,1.0,1.0,0.0,
14.499624252319336,0.4395057591117538,0.0035669803619384,0.000175819501465,tanh,0.001,"(128,)",0.0001,"{'clf__activation': 'tanh', 'clf__alpha': 0.001, 'clf__hidden_layer_sizes': (128,), 'clf__learning_rate_init': 0.0001}",0.7584723941359013,0.7699021331552253,0.7528191871488971,0.7754785048333204,0.8115624495716531,0.7736469337689995,0.020586530572826,69,1.0,1.0,1.0,1.0,1.0,1.0,0.0,
3.886463117599488,0.1361574317553863,0.0066637516021728,0.0001351400083917,tanh,0.001,"(128,)",0.001,"{'clf__activation': 'tanh', 'clf__alpha': 0.001, 'clf__hidden_layer_sizes': (128,), 'clf__learning_rate_init': 0.001}",0.7590250965250965,0.7660382806403451,0.7528644407954752,0.7835425610216109,0.8068359805632015,0.7736612719091459,0.019509161842237,66,1.0,1.0,1.0,1.0,1.0,1.0,0.0,
1.4271962642669678,0.0672702815363075,0.0067365169525146,0.000141826152993,tanh,0.001,"(128,)",0.01,"{'clf__activation': 'tanh', 'clf__alpha': 0.001, 'clf__hidden_layer_sizes': (128,), 'clf__learning_rate_init': 0.01}",0.7747452611305609,0.7595561822407879,0.7520313300997674,0.7855960250886653,0.8223505667814975,0.7788558730682558,0.0246825822493246,57,1.0,1.0,1.0,1.0,1.0,1.0,0.0,
10.289692687988282,0.1986866951972939,0.005478811264038,0.0001577276413444,tanh,0.001,"(64, 32)",0.0001,"{'clf__activation': 'tanh', 'clf__alpha': 0.001, 'clf__hidden_layer_sizes': (64, 32), 'clf__learning_rate_init': 0.0001}",0.7404958894616928,0.7500531167932943,0.733184293230384,0.7450046234351325,0.8155338612228618,0.7568543568286731,0.029859097939516,91,1.0,1.0,1.0,1.0,1.0,1.0,0.0,
2.242022752761841,0.092988865288243,0.0059637546539306,0.0001913188339296,tanh,0.001,"(64, 32)",0.001,"{'clf__activation': 'tanh', 'clf__alpha': 0.001, 'clf__hidden_layer_sizes': (64, 32), 'clf__learning_rate_init': 0.001}",0.7619421089665991,0.7433897974050104,0.7214684769759027,0.7470335759212565,0.8339410978189528,0.7615550114175443,0.0384387114288696,86,1.0,1.0,1.0,1.0,1.0,1.0,0.0,
0.7571067333221435,0.0168585707213061,0.0060364246368408,0.0001920183390698,tanh,0.001,"(64, 32)",0.01,"{'clf__activation': 'tanh', 'clf__alpha': 0.001, 'clf__hidden_layer_sizes': (64, 32), 'clf__learning_rate_init': 0.01}",0.7710583503735193,0.7264059798089479,0.7112105755625542,0.7569135951910533,0.8273245297460292,0.7585826061364208,0.0404062530206988,90,1.0,1.0,1.0,1.0,1.0,1.0,0.0,
11.29661431312561,0.4059923739780843,0.0037261962890625,0.0002855327579957,tanh,0.001,"(128, 64)",0.0001,"{'clf__activation': 'tanh', 'clf__alpha': 0.001, 'clf__hidden_layer_sizes': (128, 64), 'clf__learning_rate_init': 0.0001}",0.7599429387190436,0.7426563051925116,0.743410411076216,0.7491600043198916,0.8184839886561016,0.7627307295927528,0.0285538770787903,83,1.0,1.0,1.0,1.0,1.0,1.0,0.0,
2.8836366176605224,0.0842719540897339,0.0072689533233642,0.0001164204928298,tanh,0.001,"(128, 64)",0.001,"{'clf__activation': 'tanh', 'clf__alpha': 0.001, 'clf__hidden_layer_sizes': (128, 64), 'clf__learning_rate_init': 0.001}",0.7690308140419814,0.7453044991300024,0.7634048459697488,0.7443443076460288,0.8129397831644655,0.7670048499904454,0.0249458936572665,77,1.0,1.0,1.0,1.0,1.0,1.0,0.0,
1.165358018875122,0.0719982331814037,0.007391881942749,0.000271397740499,tanh,0.001,"(128, 64)",0.01,"{'clf__activation': 'tanh', 'clf__alpha': 0.001, 'clf__hidden_layer_sizes': (128, 64), 'clf__learning_rate_init': 0.01}",0.7602763256161315,0.7624251379038613,0.7526949982250918,0.7681997344618704,0.7922098220052185,0.7671612036424348,0.0134730456203579,76,1.0,1.0,1.0,1.0,1.0,1.0,0.0,
10.04732904434204,0.2248790116998421,0.0028089046478271,0.0001501226660689,tanh,0.01,"(64,)",0.0001,"{'clf__activation': 'tanh', 'clf__alpha': 0.01, 'clf__hidden_layer_sizes': (64,), 'clf__learning_rate_init': 0.0001}",0.7949422392864675,0.7616010339395392,0.7394071286420644,0.7919419916947176,0.8205266421579485,0.7816838071441474,0.028214951815701,49,1.0,1.0,1.0,1.0,1.0,1.0,0.0,
2.810367679595948,0.1030909998458723,0.0055011272430419,0.0001219052263891,tanh,0.01,"(64,)",0.001,"{'clf__activation': 'tanh', 'clf__alpha': 0.01, 'clf__hidden_layer_sizes': (64,), 'clf__learning_rate_init': 0.001}",0.7835319898890118,0.7658745981493479,0.74686986863711,0.7771430757810054,0.8216232744001112,0.7790085613713172,0.0246793507578649,56,1.0,1.0,1.0,1.0,1.0,1.0,0.0,
1.1018693923950196,0.0646665054812184,0.0056181907653808,0.000278771604409,tanh,0.01,"(64,)",0.01,"{'clf__activation': 'tanh', 'clf__alpha': 0.01, 'clf__hidden_layer_sizes': (64,), 'clf__learning_rate_init': 0.01}",0.7590005232862376,0.7704017196674072,0.754316095370187,0.771872295341272,0.815913143582093,0.7743007554494394,0.0218457066141623,64,1.0,1.0,1.0,1.0,1.0,1.0,0.0,
10.289320039749146,0.1042893205610057,0.0028297901153564,6.278824688114462e-05,tanh,0.01,"(128,)",0.0001,"{'clf__activation': 'tanh', 'clf__alpha': 0.01, 'clf__hidden_layer_sizes': (128,), 'clf__learning_rate_init': 0.0001}",0.7584723941359013,0.7699021331552253,0.7537192225439543,0.7754785048333204,0.8115624495716531,0.773826940848011,0.0204067774907487,65,1.0,1.0,1.0,1.0,1.0,1.0,0.0,
3.7912384033203126,0.1416164355157289,0.0067197322845458,0.0001091786958525,tanh,0.01,"(128,)",0.001,"{'clf__activation': 'tanh', 'clf__alpha': 0.01, 'clf__hidden_layer_sizes': (128,), 'clf__learning_rate_init': 0.001}",0.7590250965250965,0.7646181553910697,0.7519359426434136,0.7780022351456217,0.8037065534652896,0.7714575966340982,0.0182497534227492,74,1.0,1.0,1.0,1.0,1.0,1.0,0.0,
2.0132964611053468,0.1229172961964047,0.0065233707427978,0.0001354013514933,tanh,0.01,"(128,)",0.01,"{'clf__activation': 'tanh', 'clf__alpha': 0.01, 'clf__hidden_layer_sizes': (128,), 'clf__learning_rate_init': 0.01}",0.7810229266674582,0.7717612274006476,0.758020513806888,0.7779326033653335,0.8322204122398117,0.7841915366960277,0.0252801196602951,47,1.0,1.0,1.0,1.0,1.0,1.0,0.0,
7.347036600112915,0.1201816451275424,0.002683401107788,9.867741472151226e-05,tanh,0.01,"(64, 32)",0.0001,"{'clf__activation': 'tanh', 'clf__alpha': 0.01, 'clf__hidden_layer_sizes': (64, 32), 'clf__learning_rate_init': 0.0001}",0.737360297668018,0.744273802380238,0.733184293230384,0.7450046234351325,0.8155338612228618,0.7550713755873268,0.0305495201613604,95,1.0,1.0,1.0,1.0,1.0,1.0,0.0,
2.1995757579803468,0.1143308594047201,0.0060359001159667,0.0001345229037098,tanh,0.01,"(64, 32)",0.001,"{'clf__activation': 'tanh', 'clf__alpha': 0.01, 'clf__hidden_layer_sizes': (64, 32), 'clf__learning_rate_init': 0.001}",0.7588386431338707,0.7433897974050104,0.7237066130216815,0.7470335759212565,0.8285492966217826,0.7603035852207203,0.035947547674841,89,1.0,1.0,1.0,1.0,1.0,1.0,0.0,
0.8231303691864014,0.0118202410417428,0.0059942245483398,0.0001400665302807,tanh,0.01,"(64, 32)",0.01,"{'clf__activation': 'tanh', 'clf__alpha': 0.01, 'clf__hidden_layer_sizes': (64, 32), 'clf__learning_rate_init': 0.01}",0.7694284513509764,0.7278540036952647,0.7195907771279804,0.7591909543066984,0.8427345497172289,0.7637597472396298,0.0436580985425139,82,1.0,1.0,1.0,1.0,1.0,1.0,0.0,
7.361816787719727,0.2253485902696329,0.0029374122619628,6.343188914610249e-06,tanh,0.01,"(128, 64)",0.0001,"{'clf__activation': 'tanh', 'clf__alpha': 0.01, 'clf__hidden_layer_sizes': (128, 64), 'clf__learning_rate_init': 0.0001}",0.765468206701128,0.7426563051925116,0.743410411076216,0.7491600043198916,0.8184839886561016,0.7638357831891698,0.0285315115858305,81,1.0,1.0,1.0,1.0,1.0,1.0,0.0,
2.510078477859497,0.2267784081380766,0.0051660537719726,0.0010950961138006,tanh,0.01,"(128, 64)",0.001,"{'clf__activation': 'tanh', 'clf__alpha': 0.01, 'clf__hidden_layer_sizes': (128, 64), 'clf__learning_rate_init': 0.001}",0.773145141072975,0.7505763589839607,0.7634048459697488,0.7539733811132261,0.822340398286903,0.7726880250853627,0.0260419208617469,72,1.0,1.0,1.0,1.0,1.0,1.0,0.0,
1.6578966140747071,0.592443898212447,0.0062928676605224,0.0008660727474254,tanh,0.01,"(128, 64)",0.01,"{'clf__activation': 'tanh', 'clf__alpha': 0.01, 'clf__hidden_layer_sizes': (128, 64), 'clf__learning_rate_init': 0.01}",0.7737770812740272,0.7951106241731993,0.7565857456088456,0.778873096287957,0.8285498450144584,0.7865792784716975,0.0243195634250735,39,1.0,1.0,1.0,1.0,0.9971450962830272,0.9994290192566057,0.001141961486789,
0.4570014953613281,0.11346158793180473,0.004851675033569336,0.00020780509740332266,relu,1e-05,"(32,)",0.0001,"{'clf__activation': 'relu', 'clf__alpha': 1e-05, 'clf__early_stopping': True, 'clf__hidden_layer_sizes': (32,), 'clf__learning_rate_init': 0.0001}",0.5854657681141338,0.7081118067873463,0.648895558921749,0.6167397488978469,0.648750388025284,0.641592654149272,0.040736365757099186,986,0.6770096371882086,0.7684669253845775,0.6674223826258355,0.6943401972177174,0.671384911399551,0.695724810763178,0.03751545882887547,True
0.3491658687591553,0.13639964771846652,0.004666805267333984,0.00020298207887251845,relu,1e-05,"(32,)",0.0005,"{'clf__activation': 'relu', 'clf__alpha': 1e-05, 'clf__early_stopping': True, 'clf__hidden_layer_sizes': (32,), 'clf__learning_rate_init': 0.0005}",0.8213690476190476,0.7630933993337924,0.7279360912273052,0.722763449194029,0.6687247279690989,0.7407773430686546,0.050346810571535894,888,0.9019673699762476,0.8881561694670286,0.8728814429416232,0.7954360596965255,0.6734131334271161,0.8263708351017083,0.08490997479713779,True
0.2588542938232422,0.05631891188133383,0.0045054912567138675,9.969370752053422e-05,relu,1e-05,"(32,)",0.001,"{'clf__activation': 'relu', 'clf__alpha': 1e-05, 'clf__early_stopping': True, 'clf__hidden_layer_sizes': (32,), 'clf__learning_rate_init': 0.001}",0.8153462219617724,0.7565840687201434,0.7467710808772245,0.7746827328221227,0.707443245314008,0.7601654699390543,0.035291742314182056,776,0.8911826922629585,0.8935140654189253,0.9099158255997337,0.8974312498185286,0.7471216986819313,0.8678331063564155,0.06070084697670804,True
0.14229764938354492,0.03562839112759091,0.004496431350708008,7.279456091010665e-05,relu,1e-05,"(32,)",0.005,"{'clf__activation': 'relu', 'clf__alpha': 1e-05, 'clf__early_stopping': True, 'clf__hidden_layer_sizes': (32,), 'clf__learning_rate_init': 0.005}",0.7800131907877792,0.7509316843823887,0.7756076398175544,0.7920933898673624,0.8563013110958316,0.7909894431901832,0.03529464780980215,198,0.8547355056177545,0.8374754529962083,0.9324167459276971,0.9192862039629452,0.9050036712397325,0.8897835159488675,0.03710566130280119,True
0.13694286346435547,0.023603119752146136,0.004447269439697266,0.00014988436888682688,relu,1e-05,"(32,)",0.01,"{'clf__activation': 'relu', 'clf__alpha': 1e-05, 'clf__early_stopping': True, 'clf__hidden_layer_sizes': (32,), 'clf__learning_rate_init': 0.01}",0.7684659198754218,0.7836534035788385,0.7646370781322237,0.7833243554476613,0.8502842235186256,0.7900729961105541,0.031067664514371804,216,0.8043396342912382,0.8722573998135147,0.9241516287273956,0.9471578121781182,0.9106640084402866,0.8917140966901107,0.04999631578419392,True
0.8633121490478516,0.23494362860294765,0.005455923080444336,0.0003884909530778308,relu,1e-05,"(64,)",0.0001,"{'clf__activation': 'relu', 'clf__alpha': 1e-05, 'clf__early_stopping': True, 'clf__hidden_layer_sizes': (64,), 'clf__learning_rate_init': 0.0001}",0.6150240970648755,0.6592434799582446,0.6899217261740086,0.7210336714591525,0.5431274693283427,0.6456700887969247,0.06209070714136992,983,0.7314202670396994,0.7611959044176484,0.7919837999370923,0.8541942865799356,0.6923858484698148,0.766236021288838,0.05493813263253468,True
0.5113265991210938,0.05094807343121818,0.005501556396484375,0.00018708488203736132,relu,1e-05,"(64,)",0.0005,"{'clf__activation': 'relu', 'clf__alpha': 1e-05, 'clf__early_stopping': True, 'clf__hidden_layer_sizes': (64,), 'clf__learning_rate_init': 0.0005}",0.8057046075886698,0.7594370649799593,0.7620573713685271,0.7568431531272539,0.7721988136282413,0.7712482021385303,0.01799792936416554,553,0.9005937405747217,0.9046257414311951,0.8762834559938256,0.9133717470509182,0.8895207162231041,0.8968790802547529,0.012838557385035431,True
0.304874324798584,0.04662035994935902,0.004945993423461914,0.00016422426796778043,relu,1e-05,"(64,)",0.001,"{'clf__activation': 'relu', 'clf__alpha': 1e-05, 'clf__early_stopping': True, 'clf__hidden_layer_sizes': (64,), 'clf__learning_rate_init': 0.001}",0.8026263429933154,0.7509579660523057,0.734620400010012,0.7537754175994578,0.7796878695175453,0.7643335992345273,0.023980595535225448,693,0.88094399080727,0.8935422203151469,0.846485129653307,0.9204656119920434,0.884028224915103,0.885093035536574,0.023797170752158987,True
0.2040471076965332,0.029681982309028472,0.0049534797668457035,0.00015441895591411628,relu,1e-05,"(64,)",0.005,"{'clf__activation': 'relu', 'clf__alpha': 1e-05, 'clf__early_stopping': True, 'clf__hidden_layer_sizes': (64,), 'clf__learning_rate_init': 0.005}",0.8144527667448391,0.7523010584803038,0.7961300341437327,0.7399810443928092,0.8477089009540535,0.7901147609431477,0.039721210028836815,214,0.9508591133360683,0.8821233292179309,0.9502952315768292,0.8564667431274609,0.8716001722690946,0.9022689179054769,0.04027850497154782,True
0.20688238143920898,0.06324498586315584,0.004858160018920898,0.00012404610505199702,relu,1e-05,"(64,)",0.01,"{'clf__activation': 'relu', 'clf__alpha': 1e-05, 'clf__early_stopping': True, 'clf__hidden_layer_sizes': (64,), 'clf__learning_rate_init': 0.01}",0.8067018747554994,0.7662822079857763,0.7527796821829265,0.7751358836161251,0.813182706163492,0.7828164709407639,0.02335466852256336,343,0.8839965556654634,0.9757813187333771,0.8387713351838857,0.9081401784611147,0.8767811259091077,0.8966941027905897,0.04538414201532063,True
0.9772197246551514,0.1805379061000842,0.005763721466064453,0.00017229858652394574,relu,1e-05,"(128,)",0.0001,"{'clf__activation': 'relu', 'clf__alpha': 1e-05, 'clf__early_stopping': True, 'clf__hidden_layer_sizes': (128,), 'clf__learning_rate_init': 0.0001}",0.7303205897743713,0.6583565104746374,0.7083019742634565,0.7054760052791414,0.7504115206715718,0.7105733200926357,0.030772629793752167,940,0.7489127447012279,0.757384777194719,0.8262394899686236,0.8354806380555821,0.808309898943059,0.7952655097726423,0.035581817860332855,True
0.8276029109954834,0.15265774431787665,0.0058077812194824215,0.00018000489670354263,relu,1e-05,"(128,)",0.0005,"{'clf__activation': 'relu', 'clf__alpha': 1e-05, 'clf__early_stopping': True, 'clf__hidden_layer_sizes': (128,), 'clf__learning_rate_init': 0.0005}",0.79753640072789,0.754661543378401,0.762263790941297,0.7558226273736579,0.8285319686263083,0.7797632662095109,0.02899569953509653,386,0.9331490632851767,0.9313790453507517,0.9613165415262266,0.8999848670120748,0.9449502344711294,0.9341559503290717,0.020152430335586675,True
0.5729857921600342,0.17519319987870308,0.006000804901123047,0.00035188347918694625,relu,1e-05,"(128,)",0.001,"{'clf__activation': 'relu', 'clf__alpha': 1e-05, 'clf__early_stopping': True, 'clf__hidden_layer_sizes': (128,), 'clf__learning_rate_init': 0.001}",0.8069886636291228,0.7633954281013104,0.770426483892459,0.7617984426474993,0.8261283899562525,0.7857474816453288,0.026037316708069372,284,0.9279568111122034,0.9393753082629908,0.976001851855132,0.9019222828155774,0.9196022269645326,0.9329716962020873,0.024740890827764643,True
0.31823506355285647,0.03369878951086012,0.00603175163269043,0.00013485701768252284,relu,1e-05,"(128,)",0.005,"{'clf__activation': 'relu', 'clf__alpha': 1e-05, 'clf__early_stopping': True, 'clf__hidden_layer_sizes': (128,), 'clf__learning_rate_init': 0.005}",0.8025329548578632,0.7782152430358042,0.7285777405847288,0.7321275691023598,0.8291544421876176,0.7741215899536746,0.03921815518068305,491,0.8846647347434173,0.9251789741741071,0.9071132429817713,0.9226449580372726,0.9612841476976361,0.920177211526841,0.02511051925074006,True
0.31873259544372556,0.030804090066302907,0.005866289138793945,0.00023160413231836308,relu,1e-05,"(128,)",0.01,"{'clf__activation': 'relu', 'clf__alpha': 1e-05, 'clf__early_stopping': True, 'clf__hidden_layer_sizes': (128,), 'clf__learning_rate_init': 0.01}",0.7864548555974975,0.7652145068553737,0.7559916891284815,0.764443551694098,0.7956468831468831,0.7735502972844668,0.01493659713408944,511,0.8800890172941447,0.9517408497877767,0.9469176223706643,0.9599030928769381,0.8851038923749819,0.9247508949409011,0.03470465851931689,True
1.6191781520843507,0.3963225646401536,0.007235813140869141,0.0002299886209327272,relu,1e-05,"(256,)",0.0001,"{'clf__activation': 'relu', 'clf__alpha': 1e-05, 'clf__early_stopping': True, 'clf__hidden_layer_sizes': (256,), 'clf__learning_rate_init': 0.0001}",0.7831992245511696,0.7088803766885958,0.7275747328704543,0.6609847876509058,0.7954080862431099,0.7352094416008471,0.04937145688537965,900,0.8665938055387564,0.8588228987175154,0.7999811682329331,0.8038268083554542,0.8814194872823342,0.8421288336253987,0.03365844013802536,True
1.033374547958374,0.2511693095240925,0.007214212417602539,0.0003692455154749513,relu,1e-05,"(256,)",0.0005,"{'clf__activation': 'relu', 'clf__alpha': 1e-05, 'clf__early_stopping': True, 'clf__hidden_layer_sizes': (256,), 'clf__learning_rate_init': 0.0005}",0.819899484638051,0.7613141675768451,0.7730012095015241,0.7477152993703441,0.8184165817193341,0.7840693485612197,0.02975046195725748,324,0.9508563800924483,0.9230754391129893,0.8767726097527571,0.9415359909373285,0.8928543685567312,0.9170189576904508,0.02823626367487261,True
0.8225902080535888,0.12457195865631793,0.007168292999267578,0.00041004909909392263,relu,1e-05,"(256,)",0.001,"{'clf__activation': 'relu', 'clf__alpha': 1e-05, 'clf__early_stopping': True, 'clf__hidden_layer_sizes': (256,), 'clf__learning_rate_init': 0.001}",0.821629642687757,0.7542053881339595,0.778681924555035,0.7614974245768948,0.8180405551941011,0.7868109870295494,0.028133993281041006,269,0.9546545198352401,0.9408922127826634,0.8778367473037283,0.9443007371638857,0.9576915644772912,0.9350751563125618,0.029291767949749987,True
0.6224511623382568,0.1239444834275115,0.006882333755493164,0.0005276631515875932,relu,1e-05,"(256,)",0.005,"{'clf__activation': 'relu', 'clf__alpha': 1e-05, 'clf__early_stopping': True, 'clf__hidden_layer_sizes': (256,), 'clf__learning_rate_init': 0.005}",0.7969887946053524,0.7746683498826821,0.768802749611375,0.7575212174422008,0.8043227049784545,0.7804607633040129,0.017539966818782976,374,0.9778097226352778,0.938705556540091,0.9394907991611245,0.9096628222524994,0.9307356811330368,0.939280916344406,0.022068513979674083,True
0.6413579940795898,0.1092892008683705,0.007430934906005859,0.00021218345922711322,relu,1e-05,"(256,)",0.01,"{'clf__activation': 'relu', 'clf__alpha': 1e-05, 'clf__early_stopping': True, 'clf__hidden_layer_sizes': (256,), 'clf__learning_rate_init': 0.01}",0.8118703161340477,0.7503981222352623,0.7768457066419715,0.7534927017676626,0.8424025551546697,0.7870018803867228,0.03536529906258654,263,0.9775359401741166,0.8907407750654133,0.8663766270451442,0.9513525379490773,0.9490151706394605,0.9270042101746423,0.041524738999252846,True
0.58916015625,0.13796268245291554,0.005076932907104492,0.00021326172875057723,relu,1e-05,"(32, 16)",0.0001,"{'clf__activation': 'relu', 'clf__alpha': 1e-05, 'clf__early_stopping': True, 'clf__hidden_layer_sizes': (32, 16), 'clf__learning_rate_init': 0.0001}",0.47985390834074065,0.6482571926486583,0.6134066624833131,0.6423267975079048,0.5414613240740331,0.58506117701093,0.06487845680534188,991,0.5022102461664203,0.6728693009075823,0.6390672289749763,0.6943750374026496,0.6596058661236002,0.6336255359150458,0.0681250952037515,True
0.44535050392150877,0.06798536339045176,0.005192852020263672,0.0002512804513127641,relu,1e-05,"(32, 16)",0.0005,"{'clf__activation': 'relu', 'clf__alpha': 1e-05, 'clf__early_stopping': True, 'clf__hidden_layer_sizes': (32, 16), 'clf__learning_rate_init': 0.0005}",0.7358737765683867,0.7644155586557055,0.7212984377882146,0.7062840385421031,0.7107729813148684,0.7277289585738557,0.020980877213690286,928,0.8552803340341069,0.8578084435580757,0.8217285720292942,0.8166911602984648,0.8070095301421596,0.8317036080124203,0.020842249685956632,True
0.3242970943450928,0.0968521253623926,0.004996490478515625,0.0001848100750844276,relu,1e-05,"(32, 16)",0.001,"{'clf__activation': 'relu', 'clf__alpha': 1e-05, 'clf__early_stopping': True, 'clf__hidden_layer_sizes': (32, 16), 'clf__learning_rate_init': 0.001}",0.774156280119779,0.7744804413580766,0.7368512876376573,0.7097163332394543,0.6806744936037159,0.7351757671917365,0.036566970801823445,904,0.8898190574103363,0.9306334709347337,0.8123411693625513,0.8347591183593248,0.7548878692411538,0.84448813706162,0.061044574236250905,True
0.2586352348327637,0.07723229975203602,0.005131244659423828,0.0002697480068344118,relu,1e-05,"(32, 16)",0.005,"{'clf__activation': 'relu', 'clf__alpha': 1e-05, 'clf__early_stopping': True, 'clf__hidden_layer_sizes': (32, 16), 'clf__learning_rate_init': 0.005}",0.8154402162652988,0.7855803729850273,0.7656099696552772,0.7626908555306614,0.79125845616777,0.784115974120807,0.019161813941438264,323,0.9480257519379696,0.9112915973356255,0.9236801793741305,0.9787785136752731,0.8696905165638423,0.9262933117773683,0.03650411400576859,True
0.22366604804992676,0.030365258715271726,0.005139923095703125,0.00013176785541759302,relu,1e-05,"(32, 16)",0.01,"{'clf__activation': 'relu', 'clf__alpha': 1e-05, 'clf__early_stopping': True, 'clf__hidden_layer_sizes': (32, 16), 'clf__learning_rate_init': 0.01}",0.7819281761964305,0.816357066015164,0.7297880115875092,0.7828646301287812,0.7793503245657347,0.7780576416987239,0.027700405405349276,421,0.9628677651225931,0.9306213023630683,0.960974438924596,0.9607764223459055,0.8724717620731983,0.9375423381658722,0.03467663153712661,True
0.9167150497436524,0.12696086811848417,0.00543665885925293,0.0002875656216749491,relu,1e-05,"(64, 32)",0.0001,"{'clf__activation': 'relu', 'clf__alpha': 1e-05, 'clf__early_stopping': True, 'clf__hidden_layer_sizes': (64, 32), 'clf__learning_rate_init': 0.0001}",0.7192688157886593,0.6778781422819482,0.6829793953978043,0.669502587932614,0.6955652479580021,0.6890388378718055,0.017316977936686465,957,0.7879621884344294,0.7581386639673915,0.8160230630223094,0.775854264384061,0.7443817264028252,0.7764719812422033,0.024749098906299213,True
0.47525844573974607,0.08925415009018675,0.00554656982421875,0.00021008208147946906,relu,1e-05,"(64, 32)",0.0005,"{'clf__activation': 'relu', 'clf__alpha': 1e-05, 'clf__early_stopping': True, 'clf__hidden_layer_sizes': (64, 32), 'clf__learning_rate_init': 0.0005}",0.8022994652406417,0.7256469835242932,0.6883855504520586,0.7285453200917886,0.7689956489780707,0.7427745936573706,0.039203952236988256,883,0.9087571322049951,0.865769734967164,0.8101350709673842,0.8497922954197714,0.8779944082680791,0.8624897283654788,0.032539395061742235,True
0.38147792816162107,0.08233789037530065,0.005277585983276367,3.5127529008028644e-05,relu,1e-05,"(64, 32)",0.001,"{'clf__activation': 'relu', 'clf__alpha': 1e-05, 'clf__early_stopping': True, 'clf__hidden_layer_sizes': (64, 32), 'clf__learning_rate_init': 0.001}",0.8062956471469597,0.7338734183369596,0.7724079119321329,0.7311338732064847,0.7842608386638237,0.765594337857272,0.029138290893913878,660,0.8683872099517579,0.8746987832438787,0.9508684106787266,0.8431246578645062,0.8911784002167491,0.8856514923911238,0.03608418512786309,True
0.3427001476287842,0.03823193662437238,0.005375909805297852,0.0002570523551920113,relu,1e-05,"(64, 32)",0.005,"{'clf__activation': 'relu', 'clf__alpha': 1e-05, 'clf__early_stopping': True, 'clf__hidden_layer_sizes': (64, 32), 'clf__learning_rate_init': 0.005}",0.7795375810873012,0.778106635851555,0.786621495561991,0.8061935806638213,0.8246736759129788,0.7950265938155294,0.0178912897333442,135,0.9796913747846766,0.9292650305526711,0.9805856982109536,0.9592428610624404,0.9837652644710096,0.9665100458163502,0.020540774721340017,True
0.27179808616638185,0.03284365561737139,0.005409431457519531,0.00017324475035645224,relu,1e-05,"(64, 32)",0.01,"{'clf__activation': 'relu', 'clf__alpha': 1e-05, 'clf__early_stopping': True, 'clf__hidden_layer_sizes': (64, 32), 'clf__learning_rate_init': 0.01}",0.8013739302442988,0.7813275298739503,0.7555182815831903,0.7553647229994427,0.8162855719534218,0.7819740073308608,0.02433934200615956,351,0.9342336751664656,0.9340714408156269,0.9649753119439506,0.9159729574544204,0.9419185507261951,0.9382343872213319,0.015859112148800654,True
1.449899959564209,0.47483630802390714,0.006133460998535156,0.00030597546973894175,relu,1e-05,"(128, 64)",0.0001,"{'clf__activation': 'relu', 'clf__alpha': 1e-05, 'clf__early_stopping': True, 'clf__hidden_layer_sizes': (128, 64), 'clf__learning_rate_init': 0.0001}",0.7803173737514989,0.6568518518518518,0.7910216094178358,0.7040388292708067,0.793186763952893,0.7450832856489773,0.055018448704630164,878,0.8597153467759361,0.76435269780073,0.9219689265519133,0.8233418456344131,0.8675797826863625,0.847391719889871,0.05214415605576368,True
0.6925223350524903,0.18325932397264486,0.005915784835815429,0.00018390228822003627,relu,1e-05,"(128, 64)",0.0005,"{'clf__activation': 'relu', 'clf__alpha': 1e-05, 'clf__early_stopping': True, 'clf__hidden_layer_sizes': (128, 64), 'clf__learning_rate_init': 0.0005}",0.7556890332295729,0.7427795442501325,0.7797016794342522,0.7728000872189902,0.8486331264944693,0.7799206941254834,0.03671181765059288,383,0.8397732162768554,0.8737330135031722,0.9393885023888892,0.9227883977243873,0.9516394496592516,0.9054645159105112,0.042202638161547644,True
0.7575100421905517,0.21817782320970705,0.006322622299194336,0.00017161560772980337,relu,1e-05,"(128, 64)",0.001,"{'clf__activation': 'relu', 'clf__alpha': 1e-05, 'clf__early_stopping': True, 'clf__hidden_layer_sizes': (128, 64), 'clf__learning_rate_init': 0.001}",0.8151389542539588,0.7782199878974072,0.7689849458717384,0.7814850014100533,0.8393230691175897,0.7966303917101495,0.02644930276263955,110,0.9752365215617619,0.9491870034378483,0.9214522479681124,0.9792670740101119,0.9417063773604515,0.9533698448676573,0.02154568938540471,True
0.4985334873199463,0.07882158744036313,0.006079530715942383,0.00019154938586299258,relu,1e-05,"(128, 64)",0.005,"{'clf__activation': 'relu', 'clf__alpha': 1e-05, 'clf__early_stopping': True, 'clf__hidden_layer_sizes': (128, 64), 'clf__learning_rate_init': 0.005}",0.8236563026745316,0.8124251582368707,0.7812646315810399,0.7930596627448993,0.8401661117242055,0.8101143733923095,0.02104757140334777,2,0.9787198361342059,0.9418988741103776,0.9549150799978199,0.955616703796474,0.9704862678483157,0.9603273523774387,0.012904098076901304,True
0.5700165748596191,0.14193544336474842,0.006178426742553711,0.00033835305688706234,relu,1e-05,"(128, 64)",0.01,"{'clf__activation': 'relu', 'clf__alpha': 1e-05, 'clf__early_stopping': True, 'clf__hidden_layer_sizes': (128, 64), 'clf__learning_rate_init': 0.01}",0.7997452361655759,0.7801446330646042,0.780455439700964,0.7656022408963586,0.833752583988814,0.7919400267632634,0.023553841522871485,184,0.9717090965154161,0.951675848188626,0.9047936260642365,0.9837329773995398,0.9601921778092446,0.9544207451954125,0.02706210965688504,True
2.2101399898529053,0.19563493160726902,0.008035039901733399,0.00035439144546107337,relu,1e-05,"(256, 128)",0.0001,"{'clf__activation': 'relu', 'clf__alpha': 1e-05, 'clf__early_stopping': True, 'clf__hidden_layer_sizes': (256, 128), 'clf__learning_rate_init': 0.0001}",0.7990156418554476,0.74146189541873,0.7475129498233157,0.7370815116782858,0.7390864378681083,0.7528316873287776,0.023356021528542423,859,0.8848151848226724,0.8734268053859549,0.8577364187330451,0.8713037871728193,0.8403086667110565,0.8655181725651095,0.015260860851608672,True
1.4597936153411866,0.29483050874799943,0.008041143417358398,0.0002012136984831946,relu,1e-05,"(256, 128)",0.0005,"{'clf__activation': 'relu', 'clf__alpha': 1e-05, 'clf__early_stopping': True, 'clf__hidden_layer_sizes': (256, 128), 'clf__learning_rate_init': 0.0005}",0.8143264179329502,0.7670899470899472,0.7578750802393408,0.7866895246786012,0.8427582788645425,0.7937478497610763,0.03121800425992409,154,0.926487187463618,0.915110145250404,0.968681903921303,0.9714952904058446,0.9376649605505205,0.943887897518338,0.022568028607141844,True
1.179872751235962,0.19002741017954383,0.007969093322753907,0.00015481878181550942,relu,1e-05,"(256, 128)",0.001,"{'clf__activation': 'relu', 'clf__alpha': 1e-05, 'clf__early_stopping': True, 'clf__hidden_layer_sizes': (256, 128), 'clf__learning_rate_init': 0.001}",0.822661951800322,0.7964915719809049,0.7684254244362935,0.7840985087794189,0.84780790662981,0.8038970727253499,0.028232408430111024,30,0.9120557693396171,0.9589485076963407,0.9767267221286131,0.954304335801688,0.967133646049221,0.953833796203096,0.02223851286907119,True
0.9260940074920654,0.11932139353976343,0.007910728454589844,0.0001219325853273732,relu,1e-05,"(256, 128)",0.005,"{'clf__activation': 'relu', 'clf__alpha': 1e-05, 'clf__early_stopping': True, 'clf__hidden_layer_sizes': (256, 128), 'clf__learning_rate_init': 0.005}",0.8084204897964068,0.8176293551892144,0.7389042061085072,0.8005210155430057,0.8274667905716215,0.7985883714417511,0.031174115575585137,81,0.9688619228034293,0.9716768736022868,0.9657282865281764,0.95719843017119,0.9092258577891135,0.9545382741788393,0.023170698675162846,True
0.9767907142639161,0.20204941090439507,0.007824182510375977,0.00022723484533808579,relu,1e-05,"(256, 128)",0.01,"{'clf__activation': 'relu', 'clf__alpha': 1e-05, 'clf__early_stopping': True, 'clf__hidden_layer_sizes': (256, 128), 'clf__learning_rate_init': 0.01}",0.8154882169713984,0.8137009647429514,0.7970050422388422,0.793566827419917,0.8039315072271874,0.8047385117200593,0.0087309342426649,24,0.9666838030480194,0.958020061017019,0.944721699792406,0.9759304254555702,0.8793249130566201,0.9449361804739269,0.03437928054436652,True
1.2204803466796874,0.2769944272586455,0.005242347717285156,0.0002621077613319646,relu,1e-05,"(64, 32, 16)",0.0001,"{'clf__activation': 'relu', 'clf__alpha': 1e-05, 'clf__early_stopping': True, 'clf__hidden_layer_sizes': (64, 32, 16), 'clf__learning_rate_init': 0.0001}",0.717809721486192,0.6518608983182715,0.6485746512859463,0.7055566540504237,0.7176779908198758,0.6882959831921418,0.03142481025232173,961,0.811810415540848,0.7127709199833361,0.6948353803868565,0.7916355508658676,0.7664150888277935,0.7554934711209402,0.044948304167405126,True
0.7464280128479004,0.16838049701873437,0.005277061462402343,0.0004273371301460048,relu,1e-05,"(64, 32, 16)",0.0005,"{'clf__activation': 'relu', 'clf__alpha': 1e-05, 'clf__early_stopping': True, 'clf__hidden_layer_sizes': (64, 32, 16), 'clf__learning_rate_init': 0.0005}",0.7438837246809485,0.7670588235294118,0.7374799923802622,0.7810582903081493,0.7781025777305342,0.7615166817258612,0.017755930597276023,755,0.8122401884667183,0.9422276876873598,0.9078645852935832,0.8935374355660937,0.850817528868793,0.8813374851765097,0.04531235314473916,True
0.6209425926208496,0.12412397800194874,0.005569314956665039,0.00016669579161617484,relu,1e-05,"(64, 32, 16)",0.001,"{'clf__activation': 'relu', 'clf__alpha': 1e-05, 'clf__early_stopping': True, 'clf__hidden_layer_sizes': (64, 32, 16), 'clf__learning_rate_init': 0.001}",0.7965527556898719,0.7564030621211894,0.7501670473471248,0.7689487028538781,0.8047459362872187,0.7753635008598566,0.02166943087454742,469,0.9297534096775857,0.9359601420614759,0.9607890615222856,0.9283705333811394,0.8706414610185473,0.9251029215322066,0.02963016987288182,True
0.37971038818359376,0.040583774500936844,0.00573883056640625,0.00020048309694197251,relu,1e-05,"(64, 32, 16)",0.005,"{'clf__activation': 'relu', 'clf__alpha': 1e-05, 'clf__early_stopping': True, 'clf__hidden_layer_sizes': (64, 32, 16), 'clf__learning_rate_init': 0.005}",0.8153141448521204,0.7952902757619739,0.7783043489073087,0.7534499288687746,0.8443607461831042,0.7973438889146564,0.031070616682136464,99,0.9536869593703469,0.9376243922825303,0.9775971336807413,0.9269432641067895,0.9314676760286817,0.945463885093818,0.018441960485722303,True
0.3223438262939453,0.061940079280993356,0.005802297592163086,0.0003174786168052759,relu,1e-05,"(64, 32, 16)",0.01,"{'clf__activation': 'relu', 'clf__alpha': 1e-05, 'clf__early_stopping': True, 'clf__hidden_layer_sizes': (64, 32, 16), 'clf__learning_rate_init': 0.01}",0.7778699412437705,0.7953038714015541,0.7488803852229763,0.7374316213428211,0.7956971638106242,0.7710365966043493,0.023932951615224397,560,0.910278561272291,0.9274771527253758,0.9794485358252467,0.8847160278143175,0.8403333879165205,0.9084507331107503,0.0460637439669093,True
1.6136691570281982,0.15342444112808237,0.006419992446899414,0.0003512934328865752,relu,1e-05,"(128, 64, 32)",0.0001,"{'clf__activation': 'relu', 'clf__alpha': 1e-05, 'clf__early_stopping': True, 'clf__hidden_layer_sizes': (128, 64, 32), 'clf__learning_rate_init': 0.0001}",0.7870054364240411,0.7146393514328292,0.7560295116129365,0.7591014757291157,0.8178367667142555,0.7669225083826356,0.03437714395119347,640,0.8285230063527753,0.8382737383755924,0.8637770411871293,0.8739578235738996,0.8815231756820541,0.8572109570342901,0.020475701406333775,True
0.8090152740478516,0.08859817624982007,0.006310224533081055,0.0001147392477303906,relu,1e-05,"(128, 64, 32)",0.0005,"{'clf__activation': 'relu', 'clf__alpha': 1e-05, 'clf__early_stopping': True, 'clf__hidden_layer_sizes': (128, 64, 32), 'clf__learning_rate_init': 0.0005}",0.8023655716779883,0.7399831535357924,0.7839322004715719,0.7637205290275588,0.82281481960058,0.7825632548626983,0.028921644396848745,348,0.9228040253044439,0.913024661864309,0.9324828971608508,0.9068582756950275,0.8824432352406804,0.9115226190530622,0.016948310711341296,True
0.5746959209442138,0.13672759924603883,0.006387519836425781,0.00029567639053399407,relu,1e-05,"(128, 64, 32)",0.001,"{'clf__activation': 'relu', 'clf__alpha': 1e-05, 'clf__early_stopping': True, 'clf__hidden_layer_sizes': (128, 64, 32), 'clf__learning_rate_init': 0.001}",0.8079818134674409,0.7835201793721972,0.7802801324238879,0.7688508403934879,0.8229069826596751,0.7927079896633378,0.01976512047211273,172,0.9088245795861389,0.9614574221803514,0.8979189126529624,0.8875445286699778,0.8625847295168454,0.9036660345212552,0.032701868620302096,True
0.5485397338867187,0.07601551805354405,0.006197357177734375,0.00026843245322724245,relu,1e-05,"(128, 64, 32)",0.005,"{'clf__activation': 'relu', 'clf__alpha': 1e-05, 'clf__early_stopping': True, 'clf__hidden_layer_sizes': (128, 64, 32), 'clf__learning_rate_init': 0.005}",0.8167409346818187,0.7811111111111111,0.7781055393509836,0.7738034953197718,0.8264041959569483,0.7952330552841267,0.02184598835741803,128,0.9711392939774951,0.9779338646001121,0.9804995125705597,0.971733891100448,0.8985778816009036,0.9599768887699037,0.030907266277649854,True
0.5032844543457031,0.0937260444037025,0.0062106609344482425,0.0006669894230725174,relu,1e-05,"(128, 64, 32)",0.01,"{'clf__activation': 'relu', 'clf__alpha': 1e-05, 'clf__early_stopping': True, 'clf__hidden_layer_sizes': (128, 64, 32), 'clf__learning_rate_init': 0.01}",0.7836776661884266,0.7950951862255855,0.7936857358956022,0.7425018399789042,0.8333626211121674,0.7896646098801371,0.02903565793652693,227,0.9375203366978415,0.9031301283249048,0.977121129002154,0.8765475165303427,0.9406314558574946,0.9269901132825474,0.0344204736132058,True
8.007073831558227,0.3484891135836158,0.005378437042236328,0.0002702561998825879,relu,1e-05,"(32,)",0.0001,"{'clf__activation': 'relu', 'clf__alpha': 1e-05, 'clf__early_stopping': False, 'clf__hidden_layer_sizes': (32,), 'clf__learning_rate_init': 0.0001}",0.810784181501518,0.7790352073389946,0.7714924530963464,0.7983514543258061,0.8301725135596619,0.7979671619644655,0.021264700596975005,90,0.9990802514078543,0.9985736545607096,0.998572700082591,1.0,0.9974696927755571,0.9987392597653425,0.0008213049120539491,False
3.0799865245819094,0.07588339851414254,0.0051267147064208984,9.391138049099555e-05,relu,1e-05,"(32,)",0.0005,"{'clf__activation': 'relu', 'clf__alpha': 1e-05, 'clf__early_stopping': False, 'clf__hidden_layer_sizes': (32,), 'clf__learning_rate_init': 0.0005}",0.7949177280442079,0.7692479121050549,0.7813241141051321,0.7887649199118477,0.821775873286723,0.7912061094905931,0.017516062586201336,193,1.0,1.0,1.0,1.0,1.0,1.0,0.0,False
1.9664278030395508,0.04410467268837963,0.004989004135131836,0.00011452935695735459,relu,1e-05,"(32,)",0.001,"{'clf__activation': 'relu', 'clf__alpha': 1e-05, 'clf__early_stopping': False, 'clf__hidden_layer_sizes': (32,), 'clf__learning_rate_init': 0.001}",0.794704331757861,0.7551462904911181,0.7694772249221754,0.7746196288112035,0.8310367829235754,0.7849968517811867,0.026281217669039833,302,1.0,1.0,1.0,1.0,1.0,1.0,0.0,False
0.8602114677429199,0.06442950496401212,0.0050160884857177734,0.00014303119838216156,relu,1e-05,"(32,)",0.005,"{'clf__activation': 'relu', 'clf__alpha': 1e-05, 'clf__early_stopping': False, 'clf__hidden_layer_sizes': (32,), 'clf__learning_rate_init': 0.005}",0.7943821824930837,0.7646754941079795,0.7733103541324744,0.7765105356689516,0.8256646069146069,0.7869086346634192,0.02165744923739667,265,1.0,1.0,1.0,1.0,1.0,1.0,0.0,False
0.6021860599517822,0.031760815082719746,0.0048348426818847655,0.00020007739414069637,relu,1e-05,"(32,)",0.01,"{'clf__activation': 'relu', 'clf__alpha': 1e-05, 'clf__early_stopping': False, 'clf__hidden_layer_sizes': (32,), 'clf__learning_rate_init': 0.01}",0.8060769107247867,0.7565035362465268,0.740933140933141,0.7530273464017438,0.8131185627199446,0.7739318994052287,0.02965994798998037,497,1.0,1.0,1.0,1.0,1.0,1.0,0.0,False
10.055913400650024,0.44755306867271016,0.005927419662475586,0.0003485174573010874,relu,1e-05,"(64,)",0.0001,"{'clf__activation': 'relu', 'clf__alpha': 1e-05, 'clf__early_stopping': False, 'clf__hidden_layer_sizes': (64,), 'clf__learning_rate_init': 0.0001}",0.8102246685464034,0.767407777197717,0.795273210302816,0.7645792464912933,0.8277700767203202,0.7930509958517099,0.02438648405092928,166,1.0,1.0,1.0,1.0,1.0,1.0,0.0,False
3.7268630981445314,0.08579434216669136,0.005514335632324219,9.092765747294084e-05,relu,1e-05,"(64,)",0.0005,"{'clf__activation': 'relu', 'clf__alpha': 1e-05, 'clf__early_stopping': False, 'clf__hidden_layer_sizes': (64,), 'clf__learning_rate_init': 0.0005}",0.8045216669666246,0.7729019728234117,0.8001527563728856,0.7628101067727635,0.8085823116441611,0.7897937629159693,0.01838847322570951,222,1.0,1.0,1.0,1.0,1.0,1.0,0.0,False
2.3993672370910644,0.15443465810852036,0.005684041976928711,0.0003284562407631019,relu,1e-05,"(64,)",0.001,"{'clf__activation': 'relu', 'clf__alpha': 1e-05, 'clf__early_stopping': False, 'clf__hidden_layer_sizes': (64,), 'clf__learning_rate_init': 0.001}",0.8183413898524659,0.7688400081094685,0.795614550361075,0.7783718476634518,0.8143666230185345,0.7951068838009991,0.01939612200744607,132,1.0,1.0,1.0,1.0,1.0,1.0,0.0,False
0.9958913326263428,0.04975086868396483,0.0054932117462158205,0.00011749478514747111,relu,1e-05,"(64,)",0.005,"{'clf__activation': 'relu', 'clf__alpha': 1e-05, 'clf__early_stopping': False, 'clf__hidden_layer_sizes': (64,), 'clf__learning_rate_init': 0.005}",0.7895410624075051,0.7745067931324728,0.7649261703172341,0.7727185249414159,0.8174171568997044,0.7838219415396666,0.018592766650937818,332,1.0,1.0,1.0,1.0,1.0,1.0,0.0,False
0.7492813110351563,0.0269566806525782,0.005372428894042968,9.296803472272813e-05,relu,1e-05,"(64,)",0.01,"{'clf__activation': 'relu', 'clf__alpha': 1e-05, 'clf__early_stopping': False, 'clf__hidden_layer_sizes': (64,), 'clf__learning_rate_init': 0.01}",0.8165582313618085,0.7792412896596529,0.766576924049611,0.7557062218826925,0.8234397033227753,0.7883044740553081,0.027017153524978382,248,1.0,1.0,1.0,1.0,1.0,1.0,0.0,False
13.149560689926147,0.5931017246529293,0.006337213516235352,0.0004867192379401323,relu,1e-05,"(128,)",0.0001,"{'clf__activation': 'relu', 'clf__alpha': 1e-05, 'clf__early_stopping': False, 'clf__hidden_layer_sizes': (128,), 'clf__learning_rate_init': 0.0001}",0.8067308004906089,0.7685156023815818,0.789827404034032,0.7707032906843541,0.8420588156280502,0.7955671826437254,0.027088907240843785,122,1.0,1.0,1.0,1.0,1.0,1.0,0.0,False
4.578361368179321,0.3043246125590509,0.0062042236328125,0.00029261541044844024,relu,1e-05,"(128,)",0.0005,"{'clf__activation': 'relu', 'clf__alpha': 1e-05, 'clf__early_stopping': False, 'clf__hidden_layer_sizes': (128,), 'clf__learning_rate_init': 0.0005}",0.8307118211734452,0.7854270517842321,0.7899556032598786,0.7677266853287714,0.8413476920878318,0.803033770726832,0.02814837949902434,34,1.0,1.0,1.0,1.0,1.0,1.0,0.0,False
3.162291240692139,0.13461618958095703,0.006099176406860351,0.00022137112558371402,relu,1e-05,"(128,)",0.001,"{'clf__activation': 'relu', 'clf__alpha': 1e-05, 'clf__early_stopping': False, 'clf__hidden_layer_sizes': (128,), 'clf__learning_rate_init': 0.001}",0.8302734185798701,0.7867627843568291,0.7758665749617237,0.7738295082669726,0.8253740816306632,0.7984212735592118,0.024455685330195626,84,1.0,1.0,1.0,1.0,1.0,1.0,0.0,False
1.3985963821411134,0.04886635007947885,0.006129312515258789,0.0001626415566845214,relu,1e-05,"(128,)",0.005,"{'clf__activation': 'relu', 'clf__alpha': 1e-05, 'clf__early_stopping': False, 'clf__hidden_layer_sizes': (128,), 'clf__learning_rate_init': 0.005}",0.8221469988488166,0.796053037536455,0.7846446283163608,0.7618235639552651,0.8231510945610472,0.797563864643589,0.023261965442839642,93,1.0,1.0,1.0,1.0,1.0,1.0,0.0,False
1.0956470012664794,0.06276163909010725,0.00605478286743164,0.00019869711120218156,relu,1e-05,"(128,)",0.01,"{'clf__activation': 'relu', 'clf__alpha': 1e-05, 'clf__early_stopping': False, 'clf__hidden_layer_sizes': (128,), 'clf__learning_rate_init': 0.01}",0.8054238414278982,0.77237370815192,0.7761715221110413,0.7711261001074488,0.822370808188832,0.7894931959974281,0.020700806350957186,232,1.0,1.0,1.0,1.0,1.0,1.0,0.0,False
18.15048575401306,0.46449469564674517,0.007609510421752929,0.0005875201670025836,relu,1e-05,"(256,)",0.0001,"{'clf__activation': 'relu', 'clf__alpha': 1e-05, 'clf__early_stopping': False, 'clf__hidden_layer_sizes': (256,), 'clf__learning_rate_init': 0.0001}",0.8181227475413841,0.7819223981993766,0.794995199078223,0.7716046776203939,0.8127366691611291,0.7958763383201013,0.017684885318756026,118,1.0,1.0,1.0,1.0,1.0,1.0,0.0,False
6.895768356323242,0.44618486988259376,0.007376766204833985,9.425052828220348e-05,relu,1e-05,"(256,)",0.0005,"{'clf__activation': 'relu', 'clf__alpha': 1e-05, 'clf__early_stopping': False, 'clf__hidden_layer_sizes': (256,), 'clf__learning_rate_init': 0.0005}",0.8099458248141619,0.7687006568585516,0.7887679094357423,0.7719673886893333,0.8365676503134432,0.7951898860222465,0.02534585778666839,129,1.0,1.0,1.0,1.0,1.0,1.0,0.0,False
4.8266637325286865,0.11448074666129546,0.007776594161987305,0.000498910017683211,relu,1e-05,"(256,)",0.001,"{'clf__activation': 'relu', 'clf__alpha': 1e-05, 'clf__early_stopping': False, 'clf__hidden_layer_sizes': (256,), 'clf__learning_rate_init': 0.001}",0.8094065801929029,0.7738851755873033,0.7890636795536697,0.7599885544544988,0.8213772673728444,0.7907442514322438,0.02244829542374834,202,1.0,1.0,1.0,1.0,1.0,1.0,0.0,False
2.147187280654907,0.09732329406043196,0.007113265991210938,0.00025717651494221703,relu,1e-05,"(256,)",0.005,"{'clf__activation': 'relu', 'clf__alpha': 1e-05, 'clf__early_stopping': False, 'clf__hidden_layer_sizes': (256,), 'clf__learning_rate_init': 0.005}",0.8273653501754772,0.7905855565430033,0.7795984532706717,0.7821558274512912,0.8495415830433102,0.8058493540967506,0.027768419013043805,16,1.0,1.0,1.0,1.0,1.0,1.0,0.0,False
1.8338804721832276,0.13931233149139466,0.0071109294891357425,0.00018625906402241447,relu,1e-05,"(256,)",0.01,"{'clf__activation': 'relu', 'clf__alpha': 1e-05, 'clf__early_stopping': False, 'clf__hidden_layer_sizes': (256,), 'clf__learning_rate_init': 0.01}",0.8244330539007667,0.7924899714942946,0.7624578079625881,0.7710702509501874,0.8447185323732591,0.7990339233362191,0.03128834233752257,76,1.0,1.0,1.0,1.0,1.0,1.0,0.0,False
8.085814142227173,0.3919803608829052,0.005527019500732422,0.00032231613626014993,relu,1e-05,"(32, 16)",0.0001,"{'clf__activation': 'relu', 'clf__alpha': 1e-05, 'clf__early_stopping': False, 'clf__hidden_layer_sizes': (32, 16), 'clf__learning_rate_init': 0.0001}",0.8062269126067487,0.7788514549970414,0.768670296757269,0.7678735599290287,0.822446722576988,0.7888137893734152,0.021807763144358564,241,1.0,1.0,1.0,1.0,1.0,1.0,0.0,False
2.8845810413360597,0.131322749815862,0.005499553680419922,0.0004180294708850073,relu,1e-05,"(32, 16)",0.0005,"{'clf__activation': 'relu', 'clf__alpha': 1e-05, 'clf__early_stopping': False, 'clf__hidden_layer_sizes': (32, 16), 'clf__learning_rate_init': 0.0005}",0.7907218046649862,0.7967371551760182,0.7606901745314318,0.7825754755996691,0.8223155602246195,0.790608034039345,0.020012728944725045,206,1.0,1.0,1.0,1.0,1.0,1.0,0.0,False
1.7286670207977295,0.04942830690526656,0.005048942565917969,0.0001031510646394569,relu,1e-05,"(32, 16)",0.001,"{'clf__activation': 'relu', 'clf__alpha': 1e-05, 'clf__early_stopping': False, 'clf__hidden_layer_sizes': (32, 16), 'clf__learning_rate_init': 0.001}",0.8045950044440171,0.7689096923172939,0.7621391284012643,0.7886164122485123,0.8498540833436774,0.794822864150953,0.03131187926011001,137,1.0,1.0,1.0,1.0,1.0,1.0,0.0,False
0.7192638874053955,0.028927843891134192,0.005023527145385742,6.466717093186771e-05,relu,1e-05,"(32, 16)",0.005,"{'clf__activation': 'relu', 'clf__alpha': 1e-05, 'clf__early_stopping': False, 'clf__hidden_layer_sizes': (32, 16), 'clf__learning_rate_init': 0.005}",0.8183492732803819,0.7857084310817307,0.7713526014565583,0.7602217008556243,0.8182032647641636,0.7907670542876917,0.023870708886131076,201,1.0,1.0,1.0,1.0,1.0,1.0,0.0,False
0.5211465358734131,0.09047150810414555,0.005322980880737305,0.00014932476707501003,relu,1e-05,"(32, 16)",0.01,"{'clf__activation': 'relu', 'clf__alpha': 1e-05, 'clf__early_stopping': False, 'clf__hidden_layer_sizes': (32, 16), 'clf__learning_rate_init': 0.01}",0.8334645083279454,0.7610111115791641,0.7553532541486879,0.7745051963219413,0.8382084007084007,0.792508494217228,0.0359516126421197,174,1.0,0.9479234978754133,1.0,1.0,1.0,0.9895846995750827,0.02083060084983468,False
9.014628219604493,0.4192684305647658,0.006008577346801758,0.00037908135417809665,relu,1e-05,"(64, 32)",0.0001,"{'clf__activation': 'relu', 'clf__alpha': 1e-05, 'clf__early_stopping': False, 'clf__hidden_layer_sizes': (64, 32), 'clf__learning_rate_init': 0.0001}",0.8086063186184544,0.774773839842333,0.7551462356694685,0.7667320210273323,0.8230140517876366,0.785654493389045,0.02580591116805061,292,1.0,1.0,1.0,1.0,1.0,1.0,0.0,False
2.968999147415161,0.12654915850394266,0.005834245681762695,0.00023756722080599856,relu,1e-05,"(64, 32)",0.0005,"{'clf__activation': 'relu', 'clf__alpha': 1e-05, 'clf__early_stopping': False, 'clf__hidden_layer_sizes': (64, 32), 'clf__learning_rate_init': 0.0005}",0.8135992627698789,0.7870362781987182,0.7454514454982852,0.7820057020513902,0.8252062478606805,0.7906597872757906,0.027754259674009612,204,1.0,1.0,1.0,1.0,1.0,1.0,0.0,False
1.8596630096435547,0.06328871626589137,0.005554723739624024,7.79838562944727e-05,relu,1e-05,"(64, 32)",0.001,"{'clf__activation': 'relu', 'clf__alpha': 1e-05, 'clf__early_stopping': False, 'clf__hidden_layer_sizes': (64, 32), 'clf__learning_rate_init': 0.001}",0.8184666131181431,0.7770364059948595,0.7588932232556667,0.7564158144849089,0.820481968697288,0.7862588051101733,0.02804674536457346,277,1.0,1.0,1.0,1.0,1.0,1.0,0.0,False
0.8727312564849854,0.05999998365972341,0.005521583557128906,6.779853090180115e-05,relu,1e-05,"(64, 32)",0.005,"{'clf__activation': 'relu', 'clf__alpha': 1e-05, 'clf__early_stopping': False, 'clf__hidden_layer_sizes': (64, 32), 'clf__learning_rate_init': 0.005}",0.802676833808784,0.7963044933126432,0.7695952693003807,0.7761128345972288,0.840454595912817,0.7970288053863708,0.024933114013780483,106,1.0,1.0,1.0,1.0,1.0,1.0,0.0,False
0.7081997394561768,0.02537958792322534,0.00551762580871582,5.9686718700772e-05,relu,1e-05,"(64, 32)",0.01,"{'clf__activation': 'relu', 'clf__alpha': 1e-05, 'clf__early_stopping': False, 'clf__hidden_layer_sizes': (64, 32), 'clf__learning_rate_init': 0.01}",0.8126091071548469,0.7872102119860447,0.7603277740175254,0.778053506603084,0.8446609915749386,0.796572318267288,0.02937332635457765,111,1.0,1.0,1.0,1.0,1.0,1.0,0.0,False
10.575544548034667,0.21371795731696286,0.006419992446899414,0.00013830452780812363,relu,1e-05,"(128, 64)",0.0001,"{'clf__activation': 'relu', 'clf__alpha': 1e-05, 'clf__early_stopping': False, 'clf__hidden_layer_sizes': (128, 64), 'clf__learning_rate_init': 0.0001}",0.7993215596692418,0.7878464561500276,0.7693586015148126,0.7816398215196609,0.8269562335018421,0.7930245344711171,0.019532093038055146,167,1.0,1.0,1.0,1.0,1.0,1.0,0.0,False
3.686043548583984,0.14519085456406708,0.0072272300720214845,0.00024224216527474142,relu,1e-05,"(128, 64)",0.0005,"{'clf__activation': 'relu', 'clf__alpha': 1e-05, 'clf__early_stopping': False, 'clf__hidden_layer_sizes': (128, 64), 'clf__learning_rate_init': 0.0005}",0.8027177177177177,0.7812915195018776,0.7631535138074255,0.7953984589737322,0.8552411350993702,0.7995604690200248,0.03094138984064197,68,1.0,1.0,1.0,1.0,1.0,1.0,0.0,False
2.408325719833374,0.10096032409333981,0.006593751907348633,0.00010847425967130131,relu,1e-05,"(128, 64)",0.001,"{'clf__activation': 'relu', 'clf__alpha': 1e-05, 'clf__early_stopping': False, 'clf__hidden_layer_sizes': (128, 64), 'clf__learning_rate_init': 0.001}",0.8160986711649512,0.7960392052473876,0.7810853239322757,0.7847323862821064,0.8397848855588687,0.8035480944371178,0.021843133273383872,31,1.0,1.0,1.0,1.0,1.0,1.0,0.0,False
1.076823902130127,0.17832180968968356,0.0064141273498535155,8.36189939551694e-05,relu,1e-05,"(128, 64)",0.005,"{'clf__activation': 'relu', 'clf__alpha': 1e-05, 'clf__early_stopping': False, 'clf__hidden_layer_sizes': (128, 64), 'clf__learning_rate_init': 0.005}",0.7979579646775148,0.7764834944500367,0.791643318467185,0.7652728801335612,0.8368387537663468,0.7936392822989289,0.024445052884755885,157,1.0,0.9771722138598404,1.0,1.0,1.0,0.9954344427719681,0.009131114456063827,False
0.9791421890258789,0.1448058896116877,0.006730365753173828,0.00046952751844153045,relu,1e-05,"(128, 64)",0.01,"{'clf__activation': 'relu', 'clf__alpha': 1e-05, 'clf__early_stopping': False, 'clf__hidden_layer_sizes': (128, 64), 'clf__learning_rate_init': 0.01}",0.8081490877543509,0.8044897850169872,0.7733018361599195,0.7918653627411645,0.861150958381872,0.8077914060108589,0.029330665690988637,9,0.9750707118931072,0.984581520984678,1.0,1.0,1.0,0.991930446575557,0.010330638298892234,False
15.996210289001464,0.4268407474808071,0.007748746871948242,0.0001793186440006584,relu,1e-05,"(256, 128)",0.0001,"{'clf__activation': 'relu', 'clf__alpha': 1e-05, 'clf__early_stopping': False, 'clf__hidden_layer_sizes': (256, 128), 'clf__learning_rate_init': 0.0001}",0.8333780580886192,0.800744180593574,0.7807459534433219,0.762908377525059,0.8421309024984691,0.8039814944298087,0.03018909335841635,28,1.0,1.0,1.0,1.0,1.0,1.0,0.0,False
5.877923774719238,0.11936474978186086,0.008144283294677734,8.191884741672415e-05,relu,1e-05,"(256, 128)",0.0005,"{'clf__activation': 'relu', 'clf__alpha': 1e-05, 'clf__early_stopping': False, 'clf__hidden_layer_sizes': (256, 128), 'clf__learning_rate_init': 0.0005}",0.827993293641195,0.8067645840908173,0.773290219120102,0.7734494935414925,0.8443073232694136,0.805160982732604,0.028557612141523508,23,1.0,1.0,1.0,1.0,1.0,1.0,0.0,False
4.221483659744263,0.19054446284128268,0.008612966537475586,0.00025163350594684336,relu,1e-05,"(256, 128)",0.001,"{'clf__activation': 'relu', 'clf__alpha': 1e-05, 'clf__early_stopping': False, 'clf__hidden_layer_sizes': (256, 128), 'clf__learning_rate_init': 0.001}",0.8341628208034242,0.8102490601503759,0.7768962779192957,0.7671972813852379,0.8432500065837829,0.8063510893684234,0.030168935249303523,13,1.0,1.0,1.0,1.0,1.0,1.0,0.0,False
2.4782354831695557,0.16852337633512618,0.008977413177490234,0.0001733886392342782,relu,1e-05,"(256, 128)",0.005,"{'clf__activation': 'relu', 'clf__alpha': 1e-05, 'clf__early_stopping': False, 'clf__hidden_layer_sizes': (256, 128), 'clf__learning_rate_init': 0.005}",0.816617661605026,0.7838639900092828,0.773090026162518,0.7800414945772877,0.8566960629460629,0.8020618470600354,0.0311518654766328,43,1.0,1.0,1.0,1.0,1.0,1.0,0.0,False
2.085380697250366,0.275609771387904,0.008910655975341797,0.00034879942252778756,relu,1e-05,"(256, 128)",0.01,"{'clf__activation': 'relu', 'clf__alpha': 1e-05, 'clf__early_stopping': False, 'clf__hidden_layer_sizes': (256, 128), 'clf__learning_rate_init': 0.01}",0.8101503625489919,0.7899093727410401,0.7487987887502225,0.7295741402636471,0.8587295916643742,0.7874324511936552,0.045707034236469275,258,0.9724119773917008,0.9778566410421985,0.9840905817408108,0.9802843291858068,1.0,0.9829287058721035,0.009339156132796364,False
8.981482124328613,0.2640388512968778,0.005857086181640625,0.0004002059811157764,relu,1e-05,"(64, 32, 16)",0.0001,"{'clf__activation': 'relu', 'clf__alpha': 1e-05, 'clf__early_stopping': False, 'clf__hidden_layer_sizes': (64, 32, 16), 'clf__learning_rate_init': 0.0001}",0.7687548017685004,0.7544261430751371,0.7607032696240137,0.7660074085036124,0.8263881046489742,0.7752559455240475,0.026030593730599103,470,0.9990802514078543,1.0,1.0,1.0,0.9990802514078543,0.9996321005631417,0.0004505829484800417,False
3.1323359489440916,0.08592126861071694,0.005677604675292968,9.018182045406457e-05,relu,1e-05,"(64, 32, 16)",0.0005,"{'clf__activation': 'relu', 'clf__alpha': 1e-05, 'clf__early_stopping': False, 'clf__hidden_layer_sizes': (64, 32, 16), 'clf__learning_rate_init': 0.0005}",0.77460933536276,0.751787672745584,0.7505403108305002,0.7826536127047476,0.8273975739785896,0.7773977011244363,0.0279734868851163,440,1.0,1.0,1.0,1.0,1.0,1.0,0.0,False
1.9630760669708252,0.10077481839984152,0.005777549743652344,0.00010514485320000442,relu,1e-05,"(64, 32, 16)",0.001,"{'clf__activation': 'relu', 'clf__alpha': 1e-05, 'clf__early_stopping': False, 'clf__hidden_layer_sizes': (64, 32, 16), 'clf__learning_rate_init': 0.001}",0.8132454402281162,0.7591376271209601,0.7600729629882366,0.7744949343112448,0.851468187609492,0.79168383045161,0.035757608478439264,187,1.0,1.0,1.0,1.0,1.0,1.0,0.0,False
0.8122447967529297,0.10856291083901759,0.005635738372802734,0.00014836694503174612,relu,1e-05,"(64, 32, 16)",0.005,"{'clf__activation': 'relu', 'clf__alpha': 1e-05, 'clf__early_stopping': False, 'clf__hidden_layer_sizes': (64, 32, 16), 'clf__learning_rate_init': 0.005}",0.814383988741914,0.7604359235808618,0.7708982276962419,0.7695946189960274,0.8115806274114913,0.7853786772853073,0.022842115321709024,297,1.0,1.0,1.0,1.0,0.9909860452654424,0.9981972090530885,0.0036055818938230287,False
0.6389658451080322,0.17684308456368586,0.005867815017700196,0.00013562212814532035,relu,1e-05,"(64, 32, 16)",0.01,"{'clf__activation': 'relu', 'clf__alpha': 1e-05, 'clf__early_stopping': False, 'clf__hidden_layer_sizes': (64, 32, 16), 'clf__learning_rate_init': 0.01}",0.7885167128039303,0.752035804408281,0.7857072550084516,0.7604117051678971,0.8398062745935382,0.7852955503964196,0.030683483821072274,298,1.0,0.9686361225040521,0.9872458722151025,0.9985778365587629,1.0,0.9908919662555835,0.01211281752971426,False
9.946989345550538,0.16196006998087117,0.006081008911132812,0.00016458948894135207,relu,1e-05,"(128, 64, 32)",0.0001,"{'clf__activation': 'relu', 'clf__alpha': 1e-05, 'clf__early_stopping': False, 'clf__hidden_layer_sizes': (128, 64, 32), 'clf__learning_rate_init': 0.0001}",0.8004732737648304,0.784291494375528,0.7660902796170872,0.7702193078271009,0.8515921913789213,0.7945333093926934,0.030971182024759812,141,1.0,1.0,1.0,1.0,1.0,1.0,0.0,False
3.2038628578186037,0.09115921599530201,0.006037759780883789,0.0008028248730484458,relu,1e-05,"(128, 64, 32)",0.0005,"{'clf__activation': 'relu', 'clf__alpha': 1e-05, 'clf__early_stopping': False, 'clf__hidden_layer_sizes': (128, 64, 32), 'clf__learning_rate_init': 0.0005}",0.7929062418518578,0.7876582747130692,0.7664275588286961,0.7640869831272309,0.845792703967675,0.7913743524977058,0.0294769602819857,190,1.0,1.0,1.0,1.0,1.0,1.0,0.0,False
2.2020254135131836,0.0672947805572224,0.006350564956665039,0.00024127877276734186,relu,1e-05,"(128, 64, 32)",0.001,"{'clf__activation': 'relu', 'clf__alpha': 1e-05, 'clf__early_stopping': False, 'clf__hidden_layer_sizes': (128, 64, 32), 'clf__learning_rate_init': 0.001}",0.7774308064458011,0.784058333126155,0.7541975796196253,0.7695921317244847,0.8365497252636627,0.7843657152359458,0.02792752592907836,316,1.0,1.0,1.0,1.0,1.0,1.0,0.0,False
1.236147928237915,0.03911470745499158,0.006606149673461914,3.514176629570352e-05,relu,1e-05,"(128, 64, 32)",0.005,"{'clf__activation': 'relu', 'clf__alpha': 1e-05, 'clf__early_stopping': False, 'clf__hidden_layer_sizes': (128, 64, 32), 'clf__learning_rate_init': 0.005}",0.8116821532338314,0.7791211261190978,0.7554625058683313,0.7945461874108439,0.8589909914723741,0.7999605928208956,0.03483004979687594,66,1.0,1.0,1.0,1.0,1.0,1.0,0.0,False
1.034343671798706,0.22182602537814639,0.006502389907836914,0.00012774475477841932,relu,1e-05,"(128, 64, 32)",0.01,"{'clf__activation': 'relu', 'clf__alpha': 1e-05, 'clf__early_stopping': False, 'clf__hidden_layer_sizes': (128, 64, 32), 'clf__learning_rate_init': 0.01}",0.7557199818921354,0.7905112905112905,0.7496854748384761,0.7576517505882607,0.8210792641895358,0.7749295524039398,0.027119660570518424,478,0.9374388166128351,0.9924722367481882,1.0,0.9903508365340574,0.9988915373137222,0.9838306854417607,0.023484762145189752,False
0.5225434303283691,0.11403053263172479,0.005044031143188477,7.970164428738275e-05,relu,0.0001,"(32,)",0.0001,"{'clf__activation': 'relu', 'clf__alpha': 0.0001, 'clf__early_stopping': True, 'clf__hidden_layer_sizes': (32,), 'clf__learning_rate_init': 0.0001}",0.5854657681141338,0.7081118067873463,0.648895558921749,0.6167397488978469,0.648750388025284,0.641592654149272,0.040736365757099186,986,0.6770096371882086,0.7684669253845775,0.6674223826258355,0.6943401972177174,0.671384911399551,0.695724810763178,0.03751545882887547,True
0.40396881103515625,0.15491828770186974,0.004932689666748047,0.00018161790307335234,relu,0.0001,"(32,)",0.0005,"{'clf__activation': 'relu', 'clf__alpha': 0.0001, 'clf__early_stopping': True, 'clf__hidden_layer_sizes': (32,), 'clf__learning_rate_init': 0.0005}",0.8213690476190476,0.7630933993337924,0.7279360912273052,0.722763449194029,0.6687247279690989,0.7407773430686546,0.050346810571535894,888,0.9019673699762476,0.8881561694670286,0.8728814429416232,0.7954360596965255,0.6734131334271161,0.8263708351017083,0.08490997479713779,True
0.30230259895324707,0.06569460011217344,0.004919528961181641,8.226912822894834e-05,relu,0.0001,"(32,)",0.001,"{'clf__activation': 'relu', 'clf__alpha': 0.0001, 'clf__early_stopping': True, 'clf__hidden_layer_sizes': (32,), 'clf__learning_rate_init': 0.001}",0.8153462219617724,0.7565840687201434,0.7467710808772245,0.7746827328221227,0.707443245314008,0.7601654699390543,0.035291742314182056,776,0.8911826922629585,0.8935140654189253,0.9099158255997337,0.8974312498185286,0.7471216986819313,0.8678331063564155,0.06070084697670804,True
0.17005033493041993,0.02196510557445122,0.004891300201416015,9.881748052584496e-05,relu,0.0001,"(32,)",0.005,"{'clf__activation': 'relu', 'clf__alpha': 0.0001, 'clf__early_stopping': True, 'clf__hidden_layer_sizes': (32,), 'clf__learning_rate_init': 0.005}",0.7800131907877792,0.7509316843823887,0.7756076398175544,0.7920933898673624,0.8563013110958316,0.7909894431901832,0.03529464780980215,198,0.8547355056177545,0.8374754529962083,0.9324167459276971,0.9192862039629452,0.9050036712397325,0.8897835159488675,0.03710566130280119,True
0.15748167037963867,0.026744188635140703,0.004960870742797852,0.00013031956916582701,relu,0.0001,"(32,)",0.01,"{'clf__activation': 'relu', 'clf__alpha': 0.0001, 'clf__early_stopping': True, 'clf__hidden_layer_sizes': (32,), 'clf__learning_rate_init': 0.01}",0.7684659198754218,0.7836534035788385,0.7646370781322237,0.7833243554476613,0.8502842235186256,0.7900729961105541,0.031067664514371804,216,0.8043396342912382,0.8722573998135147,0.9241516287273956,0.9471578121781182,0.9106640084402866,0.8917140966901107,0.04999631578419392,True
0.9136971950531005,0.2534422901083863,0.005365991592407226,0.0002470313150123864,relu,0.0001,"(64,)",0.0001,"{'clf__activation': 'relu', 'clf__alpha': 0.0001, 'clf__early_stopping': True, 'clf__hidden_layer_sizes': (64,), 'clf__learning_rate_init': 0.0001}",0.6150240970648755,0.6592434799582446,0.6899217261740086,0.7210336714591525,0.5431274693283427,0.6456700887969247,0.06209070714136992,983,0.7314202670396994,0.7611959044176484,0.7919837999370923,0.8541942865799356,0.6923858484698148,0.766236021288838,0.05493813263253468,True
0.5664742469787598,0.05301719530418037,0.005172920227050781,0.000236923172429834,relu,0.0001,"(64,)",0.0005,"{'clf__activation': 'relu', 'clf__alpha': 0.0001, 'clf__early_stopping': True, 'clf__hidden_layer_sizes': (64,), 'clf__learning_rate_init': 0.0005}",0.8057046075886698,0.7594370649799593,0.7620573713685271,0.7568431531272539,0.7721988136282413,0.7712482021385303,0.01799792936416554,553,0.9012901279168483,0.9046257414311951,0.8762834559938256,0.9133717470509182,0.8902597438132365,0.8971661632412047,0.01279890174450089,True
0.3425924301147461,0.04606463023818085,0.0052472114562988285,0.00016634801709750673,relu,0.0001,"(64,)",0.001,"{'clf__activation': 'relu', 'clf__alpha': 0.0001, 'clf__early_stopping': True, 'clf__hidden_layer_sizes': (64,), 'clf__learning_rate_init': 0.001}",0.8026263429933154,0.7509579660523057,0.734620400010012,0.7537754175994578,0.7796878695175453,0.7643335992345273,0.023980595535225448,693,0.88094399080727,0.8935422203151469,0.846485129653307,0.9204656119920434,0.884028224915103,0.885093035536574,0.023797170752158987,True
0.2375716209411621,0.045586775502181924,0.005278778076171875,0.00014741514639977256,relu,0.0001,"(64,)",0.005,"{'clf__activation': 'relu', 'clf__alpha': 0.0001, 'clf__early_stopping': True, 'clf__hidden_layer_sizes': (64,), 'clf__learning_rate_init': 0.005}",0.8144527667448391,0.7523010584803038,0.7961300341437327,0.7399810443928092,0.8477089009540535,0.7901147609431477,0.039721210028836815,214,0.9515691644692794,0.8821233292179309,0.9502952315768292,0.8564667431274609,0.8716001722690946,0.9024109281321191,0.04045045413456149,True
0.23689074516296388,0.06950562623345485,0.005255365371704101,0.00023992632007424056,relu,0.0001,"(64,)",0.01,"{'clf__activation': 'relu', 'clf__alpha': 0.0001, 'clf__early_stopping': True, 'clf__hidden_layer_sizes': (64,), 'clf__learning_rate_init': 0.01}",0.8067018747554994,0.7662822079857763,0.7527796821829265,0.7751358836161251,0.813182706163492,0.7828164709407639,0.02335466852256336,343,0.885294927829521,0.9757813187333771,0.8387713351838857,0.9081401784611147,0.8767811259091077,0.8969537772234013,0.04531440844825612,True
1.0365288734436036,0.20665672718251363,0.00629582405090332,0.00021220703289783665,relu,0.0001,"(128,)",0.0001,"{'clf__activation': 'relu', 'clf__alpha': 0.0001, 'clf__early_stopping': True, 'clf__hidden_layer_sizes': (128,), 'clf__learning_rate_init': 0.0001}",0.7303205897743713,0.6583565104746374,0.7083019742634565,0.7054760052791414,0.7504115206715718,0.7105733200926357,0.030772629793752167,940,0.7489127447012279,0.757384777194719,0.8262394899686236,0.8354806380555821,0.808309898943059,0.7952655097726423,0.035581817860332855,True
0.931964111328125,0.20231391280992234,0.0063326358795166016,0.0004129080505985825,relu,0.0001,"(128,)",0.0005,"{'clf__activation': 'relu', 'clf__alpha': 0.0001, 'clf__early_stopping': True, 'clf__hidden_layer_sizes': (128,), 'clf__learning_rate_init': 0.0005}",0.79753640072789,0.754661543378401,0.762263790941297,0.7558226273736579,0.8285319686263083,0.7797632662095109,0.02899569953509653,386,0.9331490632851767,0.9313790453507517,0.9613165415262266,0.8999848670120748,0.9449502344711294,0.9341559503290717,0.020152430335586675,True
0.6189074516296387,0.19577288054341074,0.006158161163330078,0.0003577247933333776,relu,0.0001,"(128,)",0.001,"{'clf__activation': 'relu', 'clf__alpha': 0.0001, 'clf__early_stopping': True, 'clf__hidden_layer_sizes': (128,), 'clf__learning_rate_init': 0.001}",0.8069886636291228,0.7633954281013104,0.770426483892459,0.7617984426474993,0.8261283899562525,0.7857474816453288,0.026037316708069372,284,0.9279568111122034,0.9393753082629908,0.9767106994738481,0.9019222828155774,0.9196022269645326,0.9331134657258305,0.024987853102855326,True
0.3061499118804932,0.029120909394278336,0.005970287322998047,0.00023684153641627975,relu,0.0001,"(128,)",0.005,"{'clf__activation': 'relu', 'clf__alpha': 0.0001, 'clf__early_stopping': True, 'clf__hidden_layer_sizes': (128,), 'clf__learning_rate_init': 0.005}",0.8025329548578632,0.7782152430358042,0.7285777405847288,0.7321275691023598,0.8291544421876176,0.7741215899536746,0.03921815518068305,491,0.8846647347434173,0.9251789741741071,0.9071132429817713,0.9226449580372726,0.9612841476976361,0.920177211526841,0.02511051925074006,True
0.3376466274261475,0.04205061983258904,0.006159067153930664,0.0002560760717698481,relu,0.0001,"(128,)",0.01,"{'clf__activation': 'relu', 'clf__alpha': 0.0001, 'clf__early_stopping': True, 'clf__hidden_layer_sizes': (128,), 'clf__learning_rate_init': 0.01}",0.7864548555974975,0.7652145068553737,0.7559916891284815,0.7683727765226778,0.7956468831468831,0.7743361422501828,0.014534757061408304,488,0.8800890172941447,0.9517408497877767,0.9469176223706643,0.96040929135964,0.8851038923749819,0.9248521346374415,0.03480764164017093,True
1.6582714557647704,0.37491206549780687,0.0070880413055419925,0.0001967734037400039,relu,0.0001,"(256,)",0.0001,"{'clf__activation': 'relu', 'clf__alpha': 0.0001, 'clf__early_stopping': True, 'clf__hidden_layer_sizes': (256,), 'clf__learning_rate_init': 0.0001}",0.7831992245511696,0.7088803766885958,0.7275747328704543,0.6609847876509058,0.7954080862431099,0.7352094416008471,0.04937145688537965,900,0.8665938055387564,0.8588228987175154,0.7999811682329331,0.8038268083554542,0.8814194872823342,0.8421288336253987,0.03365844013802536,True
1.0989276885986328,0.24247769275425507,0.0073359966278076175,0.000732879719087881,relu,0.0001,"(256,)",0.0005,"{'clf__activation': 'relu', 'clf__alpha': 0.0001, 'clf__early_stopping': True, 'clf__hidden_layer_sizes': (256,), 'clf__learning_rate_init': 0.0005}",0.819899484638051,0.7613141675768451,0.7730012095015241,0.7477152993703441,0.8184165817193341,0.7840693485612197,0.02975046195725748,324,0.9508563800924483,0.9230754391129893,0.8767726097527571,0.9415359909373285,0.8928543685567312,0.9170189576904508,0.02823626367487261,True
0.9076601028442383,0.12693944863360393,0.0073874473571777345,0.00041832153431054425,relu,0.0001,"(256,)",0.001,"{'clf__activation': 'relu', 'clf__alpha': 0.0001, 'clf__early_stopping': True, 'clf__hidden_layer_sizes': (256,), 'clf__learning_rate_init': 0.001}",0.821629642687757,0.7542053881339595,0.778681924555035,0.7557503210926818,0.8180405551941011,0.7856615663327069,0.029240350799516403,288,0.9546545198352401,0.9408922127826634,0.8778367473037283,0.9484087301099837,0.9576915644772912,0.9358967549017814,0.029595053894419406,True
0.6870597839355469,0.11598015599987742,0.007479810714721679,0.0002058364458145642,relu,0.0001,"(256,)",0.005,"{'clf__activation': 'relu', 'clf__alpha': 0.0001, 'clf__early_stopping': True, 'clf__hidden_layer_sizes': (256,), 'clf__learning_rate_init': 0.005}",0.7969887946053524,0.7746683498826821,0.768802749611375,0.7575212174422008,0.8043227049784545,0.7804607633040129,0.017539966818782976,374,0.9778097226352778,0.938705556540091,0.9394907991611245,0.9096628222524994,0.9307356811330368,0.939280916344406,0.022068513979674083,True
0.6593364238739013,0.10884144008845947,0.006871652603149414,0.0004910541983214946,relu,0.0001,"(256,)",0.01,"{'clf__activation': 'relu', 'clf__alpha': 0.0001, 'clf__early_stopping': True, 'clf__hidden_layer_sizes': (256,), 'clf__learning_rate_init': 0.01}",0.8118703161340477,0.7503981222352623,0.7768457066419715,0.7534927017676626,0.8413118167345826,0.7867837327027054,0.035024615253377064,270,0.9775359401741166,0.8900423044033303,0.8663766270451442,0.9513525379490773,0.9511292997916039,0.9272873418726544,0.041880311001130294,True
0.5775252342224121,0.12299616027116728,0.004906606674194336,0.00011056119142062455,relu,0.0001,"(32, 16)",0.0001,"{'clf__activation': 'relu', 'clf__alpha': 0.0001, 'clf__early_stopping': True, 'clf__hidden_layer_sizes': (32, 16), 'clf__learning_rate_init': 0.0001}",0.47985390834074065,0.6482571926486583,0.6134066624833131,0.6423267975079048,0.5414613240740331,0.58506117701093,0.06487845680534188,991,0.5022102461664203,0.6728693009075823,0.6390672289749763,0.6943750374026496,0.6596058661236002,0.6336255359150458,0.0681250952037515,True
0.42860984802246094,0.059169216715540804,0.004775619506835938,0.0002723334943942637,relu,0.0001,"(32, 16)",0.0005,"{'clf__activation': 'relu', 'clf__alpha': 0.0001, 'clf__early_stopping': True, 'clf__hidden_layer_sizes': (32, 16), 'clf__learning_rate_init': 0.0005}",0.7358737765683867,0.7644155586557055,0.7212984377882146,0.7062840385421031,0.7107729813148684,0.7277289585738557,0.020980877213690286,928,0.8552803340341069,0.8578084435580757,0.8217285720292942,0.8166911602984648,0.8070095301421596,0.8317036080124203,0.020842249685956632,True
0.3082120895385742,0.08675978254550183,0.004907941818237305,0.0002915710709003208,relu,0.0001,"(32, 16)",0.001,"{'clf__activation': 'relu', 'clf__alpha': 0.0001, 'clf__early_stopping': True, 'clf__hidden_layer_sizes': (32, 16), 'clf__learning_rate_init': 0.001}",0.774156280119779,0.7744804413580766,0.7368512876376573,0.7097163332394543,0.6806744936037159,0.7351757671917365,0.036566970801823445,904,0.8898190574103363,0.9306334709347337,0.8123411693625513,0.8347591183593248,0.7548878692411538,0.84448813706162,0.061044574236250905,True
0.22031106948852539,0.03214114092245353,0.004940938949584961,0.00018673818595009098,relu,0.0001,"(32, 16)",0.005,"{'clf__activation': 'relu', 'clf__alpha': 0.0001, 'clf__early_stopping': True, 'clf__hidden_layer_sizes': (32, 16), 'clf__learning_rate_init': 0.005}",0.8154402162652988,0.7855803729850273,0.7656099696552772,0.7856420161883737,0.79125845616777,0.7887062062523494,0.015961312667286794,242,0.9480257519379696,0.9112915973356255,0.9236801793741305,0.9363179109672455,0.8696905165638423,0.9178011912357628,0.02701098780466499,True
0.21163225173950195,0.03283312248652375,0.005015945434570313,0.00015556344394297738,relu,0.0001,"(32, 16)",0.01,"{'clf__activation': 'relu', 'clf__alpha': 0.0001, 'clf__early_stopping': True, 'clf__hidden_layer_sizes': (32, 16), 'clf__learning_rate_init': 0.01}",0.7819281761964305,0.816357066015164,0.7297880115875092,0.7801937295178317,0.7793503245657347,0.7775234615765341,0.027628214888019958,438,0.9642701256419809,0.9306213023630683,0.960974438924596,0.9612516075171902,0.8724717620731983,0.9379178473040067,0.03494837048149858,True
0.9184224128723144,0.10272360687909855,0.005514001846313477,0.00016333051609381872,relu,0.0001,"(64, 32)",0.0001,"{'clf__activation': 'relu', 'clf__alpha': 0.0001, 'clf__early_stopping': True, 'clf__hidden_layer_sizes': (64, 32), 'clf__learning_rate_init': 0.0001}",0.7192688157886593,0.6778781422819482,0.6829793953978043,0.669502587932614,0.6955652479580021,0.6890388378718055,0.017316977936686465,957,0.7866198213989968,0.7581386639673915,0.8160230630223094,0.775854264384061,0.7443817264028252,0.7762035078351168,0.024629993471557747,True
0.470693302154541,0.0873287775600346,0.005352020263671875,0.00016010172400220108,relu,0.0001,"(64, 32)",0.0005,"{'clf__activation': 'relu', 'clf__alpha': 0.0001, 'clf__early_stopping': True, 'clf__hidden_layer_sizes': (64, 32), 'clf__learning_rate_init': 0.0005}",0.8022994652406417,0.7256469835242932,0.6883855504520586,0.7285453200917886,0.7689956489780707,0.7427745936573706,0.039203952236988256,883,0.9087571322049951,0.865769734967164,0.8101350709673842,0.8497922954197714,0.8782552086068957,0.8625418884332421,0.03256440639691668,True
0.431841516494751,0.15800200106739978,0.005290508270263672,0.00014130246742029696,relu,0.0001,"(64, 32)",0.001,"{'clf__activation': 'relu', 'clf__alpha': 0.0001, 'clf__early_stopping': True, 'clf__hidden_layer_sizes': (64, 32), 'clf__learning_rate_init': 0.001}",0.8062956471469597,0.7338734183369596,0.7688126685540775,0.7311338732064847,0.8006880329777526,0.7681607280444468,0.03180984197941329,618,0.8683872099517579,0.8735200402477253,0.9788929178465435,0.8431246578645062,0.9245755447947982,0.8977000741410663,0.0484498976256203,True
0.317891263961792,0.03669931266499595,0.0053443431854248045,0.00024707198522330395,relu,0.0001,"(64, 32)",0.005,"{'clf__activation': 'relu', 'clf__alpha': 0.0001, 'clf__early_stopping': True, 'clf__hidden_layer_sizes': (64, 32), 'clf__learning_rate_init': 0.005}",0.794577929137616,0.778106635851555,0.786621495561991,0.8061935806638213,0.8292861014544892,0.7989571485338945,0.01776682926754833,78,0.9698481777358323,0.9292650305526711,0.9805856982109536,0.9592428610624404,0.952630025703445,0.9583143586530685,0.01735556838151647,True
0.2679128646850586,0.02217466272673489,0.00541839599609375,0.00025973064823343244,relu,0.0001,"(64, 32)",0.01,"{'clf__activation': 'relu', 'clf__alpha': 0.0001, 'clf__early_stopping': True, 'clf__hidden_layer_sizes': (64, 32), 'clf__learning_rate_init': 0.01}",0.7951407024733215,0.7813275298739503,0.7555659779381991,0.7553647229994427,0.8205046380605707,0.7815807142690969,0.02475097545705153,357,0.9366474155892055,0.9352856683386124,0.9637015802482201,0.9159729574544204,0.9426196633931638,0.9388454570047244,0.01531486998736035,True
1.5478803157806396,0.49382113466452343,0.0067943096160888675,0.00040123733480719356,relu,0.0001,"(128, 64)",0.0001,"{'clf__activation': 'relu', 'clf__alpha': 0.0001, 'clf__early_stopping': True, 'clf__hidden_layer_sizes': (128, 64), 'clf__learning_rate_init': 0.0001}",0.7803173737514989,0.6568518518518518,0.7915520289973909,0.7040388292708067,0.793186763952893,0.7451893695648882,0.05510736200912231,877,0.8597153467759361,0.76435269780073,0.9221391029954551,0.8233418456344131,0.868425191828355,0.847594837006978,0.052259198924122,True
0.7892342567443847,0.27291778324999577,0.006694126129150391,0.0003934874386653312,relu,0.0001,"(128, 64)",0.0005,"{'clf__activation': 'relu', 'clf__alpha': 0.0001, 'clf__early_stopping': True, 'clf__hidden_layer_sizes': (128, 64), 'clf__learning_rate_init': 0.0005}",0.7556890332295729,0.733651401442994,0.772773368606702,0.7728000872189902,0.8486331264944693,0.7767094033985458,0.03872891571241924,450,0.8397732162768554,0.8645272138032748,0.9607316867465405,0.9227883977243873,0.9507325946378999,0.9077106218377915,0.04768597403258977,True
0.7636312961578369,0.18072904269910292,0.006904315948486328,0.00043115117488479345,relu,0.0001,"(128, 64)",0.001,"{'clf__activation': 'relu', 'clf__alpha': 0.0001, 'clf__early_stopping': True, 'clf__hidden_layer_sizes': (128, 64), 'clf__learning_rate_init': 0.001}",0.8249582581597894,0.786485364788117,0.7689849458717384,0.7810493202271391,0.8393230691175897,0.8001601916328749,0.02710275749714039,62,0.9752365215617619,0.9491870034378483,0.9221833477858681,0.9747819123802091,0.9402358578016524,0.9523249285934678,0.020463451877020162,True
0.49907445907592773,0.0841223882446611,0.0066964149475097655,0.0002771575691586589,relu,0.0001,"(128, 64)",0.005,"{'clf__activation': 'relu', 'clf__alpha': 0.0001, 'clf__early_stopping': True, 'clf__hidden_layer_sizes': (128, 64), 'clf__learning_rate_init': 0.005}",0.8277164846221716,0.8167777356214743,0.7658994708994709,0.7930596627448993,0.8359858006356151,0.8078878309047262,0.025473903368051797,8,0.9555196481598497,0.9457958029781357,0.9499777160874214,0.955616703796474,0.9793359353696346,0.9572491612783031,0.011640747865445793,True
0.5356384754180908,0.1785922648008882,0.006641674041748047,0.00020400230515139577,relu,0.0001,"(128, 64)",0.01,"{'clf__activation': 'relu', 'clf__alpha': 0.0001, 'clf__early_stopping': True, 'clf__hidden_layer_sizes': (128, 64), 'clf__learning_rate_init': 0.01}",0.7899222488038278,0.7491507233053494,0.7730031203716055,0.7532970315228379,0.837235905220094,0.7805218058447428,0.03189583415933896,373,0.9713064235704117,0.951394790308387,0.9072164384847311,0.8668319693621604,0.9771855488326254,0.9347870341116631,0.04191693211867047,True
2.342099189758301,0.24054705409696142,0.008061408996582031,0.00021732158862765557,relu,0.0001,"(256, 128)",0.0001,"{'clf__activation': 'relu', 'clf__alpha': 0.0001, 'clf__early_stopping': True, 'clf__hidden_layer_sizes': (256, 128), 'clf__learning_rate_init': 0.0001}",0.7990156418554476,0.74146189541873,0.7475129498233157,0.7370815116782858,0.7390864378681083,0.7528316873287776,0.023356021528542423,859,0.8839664866766721,0.8734268053859549,0.8577364187330451,0.8711927668358874,0.8395549791484287,0.8651754913559977,0.015291459968434753,True
1.630947208404541,0.3438903735914785,0.008135747909545899,0.00012212370286065506,relu,0.0001,"(256, 128)",0.0005,"{'clf__activation': 'relu', 'clf__alpha': 0.0001, 'clf__early_stopping': True, 'clf__hidden_layer_sizes': (256, 128), 'clf__learning_rate_init': 0.0005}",0.8112917680194597,0.7670899470899472,0.7578750802393408,0.781752795184378,0.8427582788645425,0.7921535738795336,0.031107823302543358,180,0.9257556170804168,0.9137371591588965,0.968681903921303,0.9714952904058446,0.9376649605505205,0.9434669862233962,0.02303300512728949,True
1.360184907913208,0.1815998049039326,0.008379888534545899,0.00023533980927116155,relu,0.0001,"(256, 128)",0.001,"{'clf__activation': 'relu', 'clf__alpha': 0.0001, 'clf__early_stopping': True, 'clf__hidden_layer_sizes': (256, 128), 'clf__learning_rate_init': 0.001}",0.8136568166139206,0.7930390791202722,0.7651035884994069,0.7891786131464372,0.84780790662981,0.8017572008019694,0.02771274858835082,46,0.9277465433829736,0.950363238356611,0.9767267221286131,0.9708821340042716,0.9674424650093478,0.9586322205763634,0.017761716668325774,True
1.0219408512115478,0.10891634804375898,0.008625984191894531,0.000315491766433443,relu,0.0001,"(256, 128)",0.005,"{'clf__activation': 'relu', 'clf__alpha': 0.0001, 'clf__early_stopping': True, 'clf__hidden_layer_sizes': (256, 128), 'clf__learning_rate_init': 0.005}",0.8090949324306489,0.8149375943198365,0.7401229628812125,0.7693659430348121,0.8274667905716215,0.7921976446476263,0.0324949084606646,179,0.9737483287726006,0.9734267830434773,0.9616740795760371,0.9139049559128887,0.9098836168699967,0.946527552835,0.02863902363461602,True
1.1357088565826416,0.19735308558719533,0.008213186264038086,0.00022368596270912327,relu,0.0001,"(256, 128)",0.01,"{'clf__activation': 'relu', 'clf__alpha': 0.0001, 'clf__early_stopping': True, 'clf__hidden_layer_sizes': (256, 128), 'clf__learning_rate_init': 0.01}",0.773645856964029,0.8386596243739101,0.7934540095243219,0.7739786469545397,0.8350693092437098,0.8029614894121021,0.028618429623783987,35,0.9697884781578809,0.9768828545416118,0.9490897007655675,0.9562719483245095,0.9002612724481168,0.9504588508475373,0.02693446125160461,True
1.3372622966766357,0.2550981086318146,0.005588388442993164,0.00012776767791299138,relu,0.0001,"(64, 32, 16)",0.0001,"{'clf__activation': 'relu', 'clf__alpha': 0.0001, 'clf__early_stopping': True, 'clf__hidden_layer_sizes': (64, 32, 16), 'clf__learning_rate_init': 0.0001}",0.717809721486192,0.6518608983182715,0.6485746512859463,0.7055566540504237,0.7176779908198758,0.6882959831921418,0.03142481025232173,961,0.8121037330875189,0.7127709199833361,0.6948353803868565,0.7916355508658676,0.7639142987046784,0.7550519766056515,0.044912198310888274,True
0.7754667282104493,0.1472404790193687,0.005599164962768554,0.00027160581745385885,relu,0.0001,"(64, 32, 16)",0.0005,"{'clf__activation': 'relu', 'clf__alpha': 0.0001, 'clf__early_stopping': True, 'clf__hidden_layer_sizes': (64, 32, 16), 'clf__learning_rate_init': 0.0005}",0.7438837246809485,0.7628246279544791,0.7374799923802622,0.7801936714910124,0.7781025777305342,0.7604969188474473,0.017373063307925617,767,0.8126137621780303,0.9416415802065974,0.9054768800795568,0.8981196122825963,0.8515615948600649,0.881882685921369,0.04496443390399941,True
0.6075334548950195,0.057240109113838096,0.005530738830566406,0.00021535882408417928,relu,0.0001,"(64, 32, 16)",0.001,"{'clf__activation': 'relu', 'clf__alpha': 0.0001, 'clf__early_stopping': True, 'clf__hidden_layer_sizes': (64, 32, 16), 'clf__learning_rate_init': 0.001}",0.793286733653706,0.7595850079610574,0.7401414676490365,0.7537700564096607,0.8018027304379696,0.7697171992222861,0.023734788090226503,584,0.9300907729593684,0.9348988478523115,0.9237137876872936,0.9439407812355042,0.8766944348064918,0.9218677249081939,0.023531606772433367,True
0.4048012256622314,0.0665229861942781,0.005629301071166992,0.00018698115959356912,relu,0.0001,"(64, 32, 16)",0.005,"{'clf__activation': 'relu', 'clf__alpha': 0.0001, 'clf__early_stopping': True, 'clf__hidden_layer_sizes': (64, 32, 16), 'clf__learning_rate_init': 0.005}",0.7981336577878806,0.8136777461219027,0.7787107305281706,0.7520213613147173,0.850408312251284,0.798590361600791,0.03309625138563387,80,0.9570209509892643,0.9833328830297745,0.9526952875909238,0.9268179270940788,0.9331406967532794,0.9506015490914642,0.01993727525366087,True
0.33550047874450684,0.06118765272750679,0.005596065521240234,0.00037097629359571606,relu,0.0001,"(64, 32, 16)",0.01,"{'clf__activation': 'relu', 'clf__alpha': 0.0001, 'clf__early_stopping': True, 'clf__hidden_layer_sizes': (64, 32, 16), 'clf__learning_rate_init': 0.01}",0.786820616094593,0.7810538360369426,0.7342630610808477,0.7362631127228646,0.8286392881608724,0.7734079828192241,0.03521624955877003,516,0.9579163748224275,0.8995582059777537,0.8928588978697576,0.9073886214968215,0.9684754646714873,0.9252395129676495,0.031508135170280116,True
1.6381590366363525,0.13948554469119323,0.006039953231811524,4.283064855797216e-05,relu,0.0001,"(128, 64, 32)",0.0001,"{'clf__activation': 'relu', 'clf__alpha': 0.0001, 'clf__early_stopping': True, 'clf__hidden_layer_sizes': (128, 64, 32), 'clf__learning_rate_init': 0.0001}",0.7843910159782936,0.7146393514328292,0.7560295116129365,0.7518084241367375,0.8178367667142555,0.7649410139750105,0.03452071922917051,679,0.8282855344159694,0.8629721641730608,0.8646013510057712,0.8732698249318385,0.8815231756820541,0.8621304100417388,0.018179414889721263,True
0.9046266555786133,0.23182375165631552,0.006215286254882812,0.00016577992510830765,relu,0.0001,"(128, 64, 32)",0.0005,"{'clf__activation': 'relu', 'clf__alpha': 0.0001, 'clf__early_stopping': True, 'clf__hidden_layer_sizes': (128, 64, 32), 'clf__learning_rate_init': 0.0005}",0.797509190742949,0.7399831535357924,0.7839322004715719,0.7637205290275588,0.82281481960058,0.7815919786756904,0.028315507885309312,356,0.9781459547274379,0.9142104255633613,0.9360540076014829,0.9085528713568459,0.8824432352406804,0.9238812988979618,0.03205753362651067,True
0.5786696434020996,0.09244496153005606,0.006230783462524414,0.00027285613848983205,relu,0.0001,"(128, 64, 32)",0.001,"{'clf__activation': 'relu', 'clf__alpha': 0.0001, 'clf__early_stopping': True, 'clf__hidden_layer_sizes': (128, 64, 32), 'clf__learning_rate_init': 0.001}",0.8107191095235449,0.7839999271647987,0.7802801324238879,0.7688508403934879,0.8229069826596751,0.7933513984330789,0.020168070317773006,161,0.9083196787687564,0.9609425868610055,0.8960005756109038,0.8844103752066068,0.8615696990588855,0.9022485831012317,0.033147715291942166,True
0.5892436981201172,0.09060708054720906,0.006111812591552734,0.00020093288692406806,relu,0.0001,"(128, 64, 32)",0.005,"{'clf__activation': 'relu', 'clf__alpha': 0.0001, 'clf__early_stopping': True, 'clf__hidden_layer_sizes': (128, 64, 32), 'clf__learning_rate_init': 0.005}",0.823485711536446,0.7840947797112181,0.7925601447477543,0.7652068435828169,0.8345774281918051,0.7999849815540081,0.02555804089144398,65,0.9850752660795995,0.9865026236223511,0.977416736523546,0.9701947431051445,0.9041552893486934,0.964668931735867,0.030815809630442816,True
0.619172191619873,0.18290937709364394,0.006209802627563476,0.0002409709399811888,relu,0.0001,"(128, 64, 32)",0.01,"{'clf__activation': 'relu', 'clf__alpha': 0.0001, 'clf__early_stopping': True, 'clf__hidden_layer_sizes': (128, 64, 32), 'clf__learning_rate_init': 0.01}",0.793362088148818,0.7672034474917723,0.7724110134267074,0.7766762718600952,0.836923629506013,0.7893152900866813,0.025366763652042604,234,0.9042512221858984,0.9828423352047754,0.9856405142122875,0.9630251307362094,0.9396379448879992,0.955079429445434,0.03029798378073007,True
8.2024507522583,0.09631156195259406,0.005588150024414063,0.000423704378309989,relu,0.0001,"(32,)",0.0001,"{'clf__activation': 'relu', 'clf__alpha': 0.0001, 'clf__early_stopping': False, 'clf__hidden_layer_sizes': (32,), 'clf__learning_rate_init': 0.0001}",0.8042994554002751,0.7790352073389946,0.7714924530963464,0.7929095130875317,0.8301725135596619,0.7955818284965619,0.02065789176327933,121,0.9990802514078543,0.9985736545607096,0.998572700082591,1.0,0.9974696927755571,0.9987392597653425,0.0008213049120539491,False
2.9948352336883546,0.11455692815755764,0.005041360855102539,8.971143379389377e-05,relu,0.0001,"(32,)",0.0005,"{'clf__activation': 'relu', 'clf__alpha': 0.0001, 'clf__early_stopping': False, 'clf__hidden_layer_sizes': (32,), 'clf__learning_rate_init': 0.0005}",0.8017802050397624,0.7596920893496235,0.7813208770544868,0.7914298568840602,0.821397896184612,0.791124184902509,0.02056318686841514,195,1.0,1.0,1.0,1.0,1.0,1.0,0.0,False
1.9264999389648438,0.0597680761239857,0.005001878738403321,7.985173196374749e-05,relu,0.0001,"(32,)",0.001,"{'clf__activation': 'relu', 'clf__alpha': 0.0001, 'clf__early_stopping': False, 'clf__hidden_layer_sizes': (32,), 'clf__learning_rate_init': 0.001}",0.8004432494835338,0.7551462904911181,0.7694772249221754,0.7746196288112035,0.825296401940358,0.7849965591296778,0.02490881983686199,303,1.0,1.0,1.0,1.0,1.0,1.0,0.0,False
0.8088384628295898,0.02238215864691535,0.00484933853149414,0.00010055235100463833,relu,0.0001,"(32,)",0.005,"{'clf__activation': 'relu', 'clf__alpha': 0.0001, 'clf__early_stopping': False, 'clf__hidden_layer_sizes': (32,), 'clf__learning_rate_init': 0.005}",0.7943821824930837,0.7646754941079795,0.7671256300179824,0.7730353149217246,0.8217061717352415,0.7841849586552023,0.0214838509623068,322,1.0,1.0,1.0,1.0,1.0,1.0,0.0,False
0.5991476535797119,0.02482700614435002,0.004901361465454101,0.00014488078531493516,relu,0.0001,"(32,)",0.01,"{'clf__activation': 'relu', 'clf__alpha': 0.0001, 'clf__early_stopping': False, 'clf__hidden_layer_sizes': (32,), 'clf__learning_rate_init': 0.01}",0.8021793215750425,0.7565035362465268,0.7303272762232662,0.7527770263274787,0.8131185627199446,0.7709811446184517,0.03144078985041695,562,1.0,1.0,1.0,1.0,1.0,1.0,0.0,False
10.222716188430786,0.15348375878138446,0.005365610122680664,0.00013449200288850869,relu,0.0001,"(64,)",0.0001,"{'clf__activation': 'relu', 'clf__alpha': 0.0001, 'clf__early_stopping': False, 'clf__hidden_layer_sizes': (64,), 'clf__learning_rate_init': 0.0001}",0.8102246685464034,0.767407777197717,0.795273210302816,0.7645792464912933,0.8152863634949599,0.7905542532066379,0.02112501550542352,208,1.0,1.0,1.0,1.0,1.0,1.0,0.0,False
3.792751836776733,0.13463650368387414,0.005798768997192383,0.00016732258686566438,relu,0.0001,"(64,)",0.0005,"{'clf__activation': 'relu', 'clf__alpha': 0.0001, 'clf__early_stopping': False, 'clf__hidden_layer_sizes': (64,), 'clf__learning_rate_init': 0.0005}",0.7990147467484965,0.7729019728234117,0.7934509516930857,0.7628101067727635,0.8085823116441611,0.7873520179363837,0.01694137429231742,261,1.0,1.0,1.0,1.0,1.0,1.0,0.0,False
2.2480854034423827,0.08503768297223924,0.005431461334228516,6.501432906728453e-05,relu,0.0001,"(64,)",0.001,"{'clf__activation': 'relu', 'clf__alpha': 0.0001, 'clf__early_stopping': False, 'clf__hidden_layer_sizes': (64,), 'clf__learning_rate_init': 0.001}",0.8183413898524659,0.7688400081094685,0.795614550361075,0.774129401083544,0.8130015506534896,0.7939853800120085,0.019920008958659294,152,1.0,1.0,1.0,1.0,1.0,1.0,0.0,False
0.9425891876220703,0.05227834523097687,0.00513153076171875,0.0001268917704037365,relu,0.0001,"(64,)",0.005,"{'clf__activation': 'relu', 'clf__alpha': 0.0001, 'clf__early_stopping': False, 'clf__hidden_layer_sizes': (64,), 'clf__learning_rate_init': 0.005}",0.7895410624075051,0.7718927227485457,0.7642857142857143,0.7803695546648659,0.8220765498960925,0.7856331208005447,0.020077903096922714,293,1.0,1.0,1.0,1.0,1.0,1.0,0.0,False
0.6917943000793457,0.07478081950842515,0.005099296569824219,0.0002124228459875589,relu,0.0001,"(64,)",0.01,"{'clf__activation': 'relu', 'clf__alpha': 0.0001, 'clf__early_stopping': False, 'clf__hidden_layer_sizes': (64,), 'clf__learning_rate_init': 0.01}",0.8112950969402583,0.7478314431434658,0.7663285298314427,0.7557062218826925,0.8234397033227753,0.7809201990241269,0.030574727760245595,366,1.0,0.997865165005341,1.0,1.0,1.0,0.9995730330010681,0.0008539339978636208,False
12.847278356552124,0.362746370838675,0.00686030387878418,0.0005169437881690715,relu,0.0001,"(128,)",0.0001,"{'clf__activation': 'relu', 'clf__alpha': 0.0001, 'clf__early_stopping': False, 'clf__hidden_layer_sizes': (128,), 'clf__learning_rate_init': 0.0001}",0.8067308004906089,0.7685156023815818,0.789827404034032,0.7707032906843541,0.8420588156280502,0.7955671826437254,0.027088907240843785,122,1.0,1.0,1.0,1.0,1.0,1.0,0.0,False
4.795259952545166,0.30024618535709857,0.006594133377075195,0.00017928692884588434,relu,0.0001,"(128,)",0.0005,"{'clf__activation': 'relu', 'clf__alpha': 0.0001, 'clf__early_stopping': False, 'clf__hidden_layer_sizes': (128,), 'clf__learning_rate_init': 0.0005}",0.8307118211734452,0.7854270517842321,0.7899556032598786,0.7677266853287714,0.8386330252730093,0.8024908373638674,0.027420914693383293,38,1.0,1.0,1.0,1.0,1.0,1.0,0.0,False
3.084715414047241,0.22481061307894923,0.006676149368286133,0.00016426900993167883,relu,0.0001,"(128,)",0.001,"{'clf__activation': 'relu', 'clf__alpha': 0.0001, 'clf__early_stopping': False, 'clf__hidden_layer_sizes': (128,), 'clf__learning_rate_init': 0.001}",0.8302734185798701,0.7867627843568291,0.7845827414929927,0.7738295082669726,0.8253740816306632,0.8001645068654655,0.023056447922313667,61,1.0,1.0,1.0,1.0,1.0,1.0,0.0,False
1.3717688083648683,0.06542084305673398,0.006198263168334961,0.0001805400568800015,relu,0.0001,"(128,)",0.005,"{'clf__activation': 'relu', 'clf__alpha': 0.0001, 'clf__early_stopping': False, 'clf__hidden_layer_sizes': (128,), 'clf__learning_rate_init': 0.005}",0.8207492993059557,0.7915884634049358,0.7846446283163608,0.7618235639552651,0.8255825227287177,0.796877695542247,0.02366531902058166,108,1.0,1.0,1.0,1.0,1.0,1.0,0.0,False
1.1429782390594483,0.05662938607416572,0.006455087661743164,0.00024700314841680004,relu,0.0001,"(128,)",0.01,"{'clf__activation': 'relu', 'clf__alpha': 0.0001, 'clf__early_stopping': False, 'clf__hidden_layer_sizes': (128,), 'clf__learning_rate_init': 0.01}",0.8027147520944722,0.7972481168642325,0.7761715221110413,0.7711261001074488,0.8210134940175435,0.7936547970389476,0.018202747710044362,156,1.0,1.0,1.0,1.0,1.0,1.0,0.0,False
18.656392049789428,0.3277809169641402,0.0075571537017822266,0.00035311618695840346,relu,0.0001,"(256,)",0.0001,"{'clf__activation': 'relu', 'clf__alpha': 0.0001, 'clf__early_stopping': False, 'clf__hidden_layer_sizes': (256,), 'clf__learning_rate_init': 0.0001}",0.8191288024151253,0.786137633605988,0.8001820052736509,0.7599983268483697,0.8127366691611291,0.7956366874608525,0.021096319700255255,120,1.0,1.0,1.0,1.0,1.0,1.0,0.0,False
7.076987409591675,0.2746758294913654,0.007258319854736328,0.00016535538386415805,relu,0.0001,"(256,)",0.0005,"{'clf__activation': 'relu', 'clf__alpha': 0.0001, 'clf__early_stopping': False, 'clf__hidden_layer_sizes': (256,), 'clf__learning_rate_init': 0.0005}",0.8099458248141619,0.7687006568585516,0.7941310882475133,0.7719673886893333,0.8307232935670015,0.7950936504353123,0.023334091676013972,133,1.0,1.0,1.0,1.0,1.0,1.0,0.0,False
4.913349580764771,0.2303335588140543,0.007483768463134766,0.0002801099677938006,relu,0.0001,"(256,)",0.001,"{'clf__activation': 'relu', 'clf__alpha': 0.0001, 'clf__early_stopping': False, 'clf__hidden_layer_sizes': (256,), 'clf__learning_rate_init': 0.001}",0.8128346458063528,0.7727537480260562,0.7890636795536697,0.7599885544544988,0.8213772673728444,0.7912035790426843,0.023228033542192803,194,1.0,1.0,1.0,1.0,1.0,1.0,0.0,False
2.3747584342956545,0.0358903165686293,0.007624292373657226,0.00034125488786079306,relu,0.0001,"(256,)",0.005,"{'clf__activation': 'relu', 'clf__alpha': 0.0001, 'clf__early_stopping': False, 'clf__hidden_layer_sizes': (256,), 'clf__learning_rate_init': 0.005}",0.8329089405797195,0.7936911656878517,0.7795984532706717,0.785177383692518,0.8495415830433102,0.8081835052548142,0.027850502626576738,7,1.0,1.0,1.0,1.0,1.0,1.0,0.0,False
2.0280996322631837,0.09726722888790898,0.0075149059295654295,0.0003038817552688973,relu,0.0001,"(256,)",0.01,"{'clf__activation': 'relu', 'clf__alpha': 0.0001, 'clf__early_stopping': False, 'clf__hidden_layer_sizes': (256,), 'clf__learning_rate_init': 0.01}",0.8244330539007667,0.7924899714942946,0.772098967675587,0.7710702509501874,0.8461594447896219,0.8012503377620916,0.02963663360308301,49,1.0,1.0,1.0,1.0,1.0,1.0,0.0,False
8.260473728179932,0.30192459213702966,0.0061417102813720705,0.0004343744003193052,relu,0.0001,"(32, 16)",0.0001,"{'clf__activation': 'relu', 'clf__alpha': 0.0001, 'clf__early_stopping': False, 'clf__hidden_layer_sizes': (32, 16), 'clf__learning_rate_init': 0.0001}",0.8062269126067487,0.7788514549970414,0.7640045972881987,0.7678735599290287,0.822446722576988,0.7878806494796011,0.022730044582620214,251,1.0,1.0,0.998572700082591,1.0,1.0,0.9997145400165183,0.00057091996696359,False
2.82541708946228,0.11258920647252087,0.005298757553100586,6.50250298805227e-05,relu,0.0001,"(32, 16)",0.0005,"{'clf__activation': 'relu', 'clf__alpha': 0.0001, 'clf__early_stopping': False, 'clf__hidden_layer_sizes': (32, 16), 'clf__learning_rate_init': 0.0005}",0.7872206365582975,0.7998026507806527,0.7642143053502848,0.7825754755996691,0.8223155602246195,0.7912257257027047,0.019290546128856063,192,1.0,1.0,1.0,1.0,1.0,1.0,0.0,False
1.7218423366546631,0.050605222089258384,0.0051823616027832035,0.0001388571255643966,relu,0.0001,"(32, 16)",0.001,"{'clf__activation': 'relu', 'clf__alpha': 0.0001, 'clf__early_stopping': False, 'clf__hidden_layer_sizes': (32, 16), 'clf__learning_rate_init': 0.001}",0.8045950044440171,0.7685176919547487,0.7613949492088092,0.7886164122485123,0.8498540833436774,0.7945956282399529,0.03153277424464023,140,1.0,1.0,1.0,1.0,1.0,1.0,0.0,False
0.7441281795501709,0.04073407014030162,0.005204534530639649,0.00016155054323250788,relu,0.0001,"(32, 16)",0.005,"{'clf__activation': 'relu', 'clf__alpha': 0.0001, 'clf__early_stopping': False, 'clf__hidden_layer_sizes': (32, 16), 'clf__learning_rate_init': 0.005}",0.8223657020826832,0.7813469453922957,0.7630617914178964,0.7637576054841233,0.8212215714961815,0.7903507231746361,0.026498739101526284,211,1.0,1.0,1.0,1.0,1.0,1.0,0.0,False
0.5032256126403809,0.07032898652125939,0.005173778533935547,9.894682408224688e-05,relu,0.0001,"(32, 16)",0.01,"{'clf__activation': 'relu', 'clf__alpha': 0.0001, 'clf__early_stopping': False, 'clf__hidden_layer_sizes': (32, 16), 'clf__learning_rate_init': 0.01}",0.8328622092542247,0.776227577227082,0.7547619047619047,0.7692408319888371,0.8382084007084007,0.7942601847880898,0.03444653553097051,146,1.0,0.9518227360971891,1.0,1.0,1.0,0.9903645472194379,0.01927090556112434,False
9.103678369522095,0.42526927214495147,0.0059567451477050785,0.00014879218921676467,relu,0.0001,"(64, 32)",0.0001,"{'clf__activation': 'relu', 'clf__alpha': 0.0001, 'clf__early_stopping': False, 'clf__hidden_layer_sizes': (64, 32), 'clf__learning_rate_init': 0.0001}",0.8086063186184544,0.774773839842333,0.7515739895417367,0.7667320210273323,0.8230140517876366,0.7849400441634986,0.026675456963244214,304,1.0,1.0,1.0,1.0,1.0,1.0,0.0,False
3.0261977672576905,0.10411913547611314,0.005676651000976562,6.119264460558097e-05,relu,0.0001,"(64, 32)",0.0005,"{'clf__activation': 'relu', 'clf__alpha': 0.0001, 'clf__early_stopping': False, 'clf__hidden_layer_sizes': (64, 32), 'clf__learning_rate_init': 0.0005}",0.8135992627698789,0.7839880952380952,0.7560462521349618,0.7820057020513902,0.8266998978448966,0.7924678420078446,0.025005060595284213,175,1.0,1.0,1.0,1.0,1.0,1.0,0.0,False
1.885578489303589,0.057497785384656205,0.005657482147216797,0.0002616035471065738,relu,0.0001,"(64, 32)",0.001,"{'clf__activation': 'relu', 'clf__alpha': 0.0001, 'clf__early_stopping': False, 'clf__hidden_layer_sizes': (64, 32), 'clf__learning_rate_init': 0.001}",0.8184666131181431,0.7770364059948595,0.7556748878926788,0.7564158144849089,0.8163370688767704,0.7847861580734722,0.027720873466346694,307,1.0,1.0,1.0,1.0,1.0,1.0,0.0,False
0.9054957866668701,0.04975616894054263,0.005619335174560547,4.2779070339587966e-05,relu,0.0001,"(64, 32)",0.005,"{'clf__activation': 'relu', 'clf__alpha': 0.0001, 'clf__early_stopping': False, 'clf__hidden_layer_sizes': (64, 32), 'clf__learning_rate_init': 0.005}",0.8002424764381427,0.8063219926771253,0.7641439808639602,0.7740190312831822,0.840454595912817,0.7970364154350456,0.026808026384208625,105,1.0,1.0,1.0,1.0,1.0,1.0,0.0,False
0.6980587482452393,0.07847432283667545,0.00565791130065918,0.00017417439173738927,relu,0.0001,"(64, 32)",0.01,"{'clf__activation': 'relu', 'clf__alpha': 0.0001, 'clf__early_stopping': False, 'clf__hidden_layer_sizes': (64, 32), 'clf__learning_rate_init': 0.01}",0.7905780582774001,0.778474722665969,0.7365444391204846,0.7713868399364174,0.8469137334935279,0.7847795586987598,0.035888775149810766,308,0.9886407303733709,1.0,1.0,1.0,1.0,0.9977281460746742,0.004543707850651658,False
10.58690390586853,0.2243973263418458,0.00666351318359375,0.00010557549426036269,relu,0.0001,"(128, 64)",0.0001,"{'clf__activation': 'relu', 'clf__alpha': 0.0001, 'clf__early_stopping': False, 'clf__hidden_layer_sizes': (128, 64), 'clf__learning_rate_init': 0.0001}",0.7993215596692418,0.787442257126765,0.770256535107582,0.7846352631340283,0.8357260707551405,0.7954763371585516,0.022149223617118203,125,1.0,1.0,1.0,1.0,1.0,1.0,0.0,False
3.7585633754730225,0.11041733796421899,0.007023334503173828,0.000243706475491964,relu,0.0001,"(128, 64)",0.0005,"{'clf__activation': 'relu', 'clf__alpha': 0.0001, 'clf__early_stopping': False, 'clf__hidden_layer_sizes': (128, 64), 'clf__learning_rate_init': 0.0005}",0.8080827600191576,0.7812915195018776,0.7631535138074255,0.7946461540836184,0.8552411350993702,0.8004830165022898,0.03115150701096596,58,1.0,1.0,1.0,1.0,1.0,1.0,0.0,False
2.4762764453887938,0.10388688667792902,0.006739616394042969,0.00020446980843670038,relu,0.0001,"(128, 64)",0.001,"{'clf__activation': 'relu', 'clf__alpha': 0.0001, 'clf__early_stopping': False, 'clf__hidden_layer_sizes': (128, 64), 'clf__learning_rate_init': 0.001}",0.8190785615089298,0.7899931441449608,0.779368301010777,0.7930752209836368,0.8449747824747825,0.8052980020246174,0.023749253345529298,22,1.0,1.0,1.0,1.0,1.0,1.0,0.0,False
1.165487003326416,0.053574691666550704,0.00669245719909668,0.00022196979193923072,relu,0.0001,"(128, 64)",0.005,"{'clf__activation': 'relu', 'clf__alpha': 0.0001, 'clf__early_stopping': False, 'clf__hidden_layer_sizes': (128, 64), 'clf__learning_rate_init': 0.005}",0.8157877299605669,0.7868105082390796,0.783859625693712,0.7681589762749861,0.8329952776217521,0.7975224235580194,0.02347583440489541,97,1.0,1.0,1.0,1.0,1.0,1.0,0.0,False
1.0331263542175293,0.02097887613569992,0.00682363510131836,0.00033347328386286424,relu,0.0001,"(128, 64)",0.01,"{'clf__activation': 'relu', 'clf__alpha': 0.0001, 'clf__early_stopping': False, 'clf__hidden_layer_sizes': (128, 64), 'clf__learning_rate_init': 0.01}",0.8155133723282934,0.7738195185690283,0.7782826837027034,0.7384764211974525,0.8646298424284303,0.7941443676451816,0.042868284980235816,149,1.0,0.9888007343326493,1.0,0.9664881666924334,1.0,0.9910577802050164,0.013028047043306677,False
15.913436031341552,0.16375739506774403,0.007987499237060547,0.00017163567880494916,relu,0.0001,"(256, 128)",0.0001,"{'clf__activation': 'relu', 'clf__alpha': 0.0001, 'clf__early_stopping': False, 'clf__hidden_layer_sizes': (256, 128), 'clf__learning_rate_init': 0.0001}",0.8266047780577144,0.800744180593574,0.7804644176989177,0.7599063872552669,0.8421309024984691,0.8019701332207884,0.02984329271317196,44,1.0,1.0,1.0,1.0,1.0,1.0,0.0,False
6.034140539169312,0.19097201330686334,0.008521509170532227,0.00013948806472041057,relu,0.0001,"(256, 128)",0.0005,"{'clf__activation': 'relu', 'clf__alpha': 0.0001, 'clf__early_stopping': False, 'clf__hidden_layer_sizes': (256, 128), 'clf__learning_rate_init': 0.0005}",0.8377976442903905,0.8098761261261261,0.773290219120102,0.7650988411387909,0.8443073232694136,0.8060740307889646,0.03236162143911652,15,1.0,1.0,1.0,1.0,1.0,1.0,0.0,False
4.201828098297119,0.09856292473087759,0.008685159683227538,0.00021280855063765267,relu,0.0001,"(256, 128)",0.001,"{'clf__activation': 'relu', 'clf__alpha': 0.0001, 'clf__early_stopping': False, 'clf__hidden_layer_sizes': (256, 128), 'clf__learning_rate_init': 0.001}",0.8254051403873119,0.8147708874384932,0.7768962779192957,0.7671972813852379,0.8432500065837829,0.8055039187428242,0.02895685776523602,17,1.0,1.0,1.0,1.0,1.0,1.0,0.0,False
2.498144197463989,0.047363873802537745,0.009233236312866211,0.00040735997765828407,relu,0.0001,"(256, 128)",0.005,"{'clf__activation': 'relu', 'clf__alpha': 0.0001, 'clf__early_stopping': False, 'clf__hidden_layer_sizes': (256, 128), 'clf__learning_rate_init': 0.005}",0.8048326072094112,0.7884288126236603,0.769619635175762,0.7854624425140521,0.8609723325512799,0.8018631660148332,0.03159690495285757,45,1.0,1.0,1.0,1.0,1.0,1.0,0.0,False
2.3082946300506593,0.32597893522339466,0.008880949020385743,0.00034638422687702686,relu,0.0001,"(256, 128)",0.01,"{'clf__activation': 'relu', 'clf__alpha': 0.0001, 'clf__early_stopping': False, 'clf__hidden_layer_sizes': (256, 128), 'clf__learning_rate_init': 0.01}",0.7935047918538485,0.8013396825186836,0.7464849466147085,0.776930524075013,0.8616981132075472,0.79599161165396,0.03785859327578039,116,0.9910302201902942,1.0,0.9834577669654307,1.0,1.0,0.994897597431145,0.00669223226930012,False
9.381450510025024,0.24706855455454338,0.006305074691772461,0.0001731705946407122,relu,0.0001,"(64, 32, 16)",0.0001,"{'clf__activation': 'relu', 'clf__alpha': 0.0001, 'clf__early_stopping': False, 'clf__hidden_layer_sizes': (64, 32, 16), 'clf__learning_rate_init': 0.0001}",0.7679535210817378,0.7574178499527657,0.7633538541706681,0.7668558964726664,0.8219071251329315,0.7754976493621538,0.023493761359855515,468,0.9990802514078543,1.0,1.0,1.0,0.9990802514078543,0.9996321005631417,0.0004505829484800417,False
3.1231488227844237,0.04917595535955624,0.006062126159667969,0.0001315315002057792,relu,0.0001,"(64, 32, 16)",0.0005,"{'clf__activation': 'relu', 'clf__alpha': 0.0001, 'clf__early_stopping': False, 'clf__hidden_layer_sizes': (64, 32, 16), 'clf__learning_rate_init': 0.0005}",0.7757072189606435,0.7448355412286789,0.7440209633871605,0.777924232051688,0.8456672991777356,0.7776310509611813,0.036980810162706615,435,1.0,1.0,1.0,1.0,1.0,1.0,0.0,False
2.0716931343078615,0.0489895677772951,0.006089925765991211,0.00022130212349329468,relu,0.0001,"(64, 32, 16)",0.001,"{'clf__activation': 'relu', 'clf__alpha': 0.0001, 'clf__early_stopping': False, 'clf__hidden_layer_sizes': (64, 32, 16), 'clf__learning_rate_init': 0.001}",0.800136622503853,0.7594457655021036,0.7529413977281276,0.7767592679501336,0.8480155305190369,0.787459716840651,0.0344049587642717,257,1.0,1.0,1.0,1.0,1.0,1.0,0.0,False
0.8042929172515869,0.13434493228547562,0.005923795700073242,0.0001842327114859191,relu,0.0001,"(64, 32, 16)",0.005,"{'clf__activation': 'relu', 'clf__alpha': 0.0001, 'clf__early_stopping': False, 'clf__hidden_layer_sizes': (64, 32, 16), 'clf__learning_rate_init': 0.005}",0.7375727761171976,0.7720521722384994,0.7809065989613261,0.7792901322313087,0.8426359368791205,0.7824915232854905,0.03393165269705584,349,0.9623798143723411,1.0,1.0,1.0,1.0,0.9924759628744682,0.01504807425106356,False
0.6021682262420655,0.19681860232325823,0.006069707870483399,0.00025170947741361686,relu,0.0001,"(64, 32, 16)",0.01,"{'clf__activation': 'relu', 'clf__alpha': 0.0001, 'clf__early_stopping': False, 'clf__hidden_layer_sizes': (64, 32, 16), 'clf__learning_rate_init': 0.01}",0.7914783027188681,0.730458998816918,0.7578217505355521,0.7928759671311806,0.8236204190486531,0.7792510876502343,0.032073865123619184,402,0.989484767150466,0.9582034135554988,0.9597762000674622,0.9786172609345425,0.9796170680592435,0.9731397419534427,0.012172074384509027,False
10.02487292289734,0.06973272033760763,0.006267261505126953,0.00015831851074255216,relu,0.0001,"(128, 64, 32)",0.0001,"{'clf__activation': 'relu', 'clf__alpha': 0.0001, 'clf__early_stopping': False, 'clf__hidden_layer_sizes': (128, 64, 32), 'clf__learning_rate_init': 0.0001}",0.7978603425462099,0.794165793235249,0.7660902796170872,0.7619468512973532,0.848258858045588,0.7936644249482974,0.030869879134560737,155,1.0,1.0,1.0,1.0,1.0,1.0,0.0,False
3.3577116966247558,0.11933707355523124,0.006712675094604492,0.0003192328799901188,relu,0.0001,"(128, 64, 32)",0.0005,"{'clf__activation': 'relu', 'clf__alpha': 0.0001, 'clf__early_stopping': False, 'clf__hidden_layer_sizes': (128, 64, 32), 'clf__learning_rate_init': 0.0005}",0.7995304422205181,0.7778518374811686,0.7732656491908795,0.7629254650578181,0.8395205365020213,0.7906187860904812,0.02720972317080743,205,1.0,1.0,1.0,1.0,1.0,1.0,0.0,False
2.252397346496582,0.07664159664996084,0.006733036041259766,0.00016352849303868824,relu,0.0001,"(128, 64, 32)",0.001,"{'clf__activation': 'relu', 'clf__alpha': 0.0001, 'clf__early_stopping': False, 'clf__hidden_layer_sizes': (128, 64, 32), 'clf__learning_rate_init': 0.001}",0.776854062914235,0.7793468935934689,0.7619742302071012,0.7669349689810048,0.8365497252636627,0.7843319761918945,0.026870013840858954,317,1.0,1.0,1.0,1.0,1.0,1.0,0.0,False
1.186845064163208,0.222525569598219,0.006749773025512695,0.0002646364004558964,relu,0.0001,"(128, 64, 32)",0.005,"{'clf__activation': 'relu', 'clf__alpha': 0.0001, 'clf__early_stopping': False, 'clf__hidden_layer_sizes': (128, 64, 32), 'clf__learning_rate_init': 0.005}",0.7861781579772066,0.7829140783839785,0.7723300970873785,0.7919701496231725,0.83772126247736,0.7942227491098193,0.02266752991521325,148,1.0,1.0,0.9942361591708587,1.0,0.9899442058105645,0.9968360729962846,0.00410581751810195,False
0.9684563159942627,0.2765793038338559,0.006694936752319336,0.00022753046366402532,relu,0.0001,"(128, 64, 32)",0.01,"{'clf__activation': 'relu', 'clf__alpha': 0.0001, 'clf__early_stopping': False, 'clf__hidden_layer_sizes': (128, 64, 32), 'clf__learning_rate_init': 0.01}",0.8020380812788376,0.7878614139627355,0.7408033950938968,0.7619939271255062,0.7958630019447861,0.7777119638811524,0.022950079027172915,431,0.9621070786858388,1.0,0.9865916753685119,0.9911858021531155,0.9339678607957058,0.9747704834006343,0.023962252012428086,False
0.5412007331848144,0.11532230956582383,0.0052890777587890625,0.00015171509211380957,relu,0.001,"(32,)",0.0001,"{'clf__activation': 'relu', 'clf__alpha': 0.001, 'clf__early_stopping': True, 'clf__hidden_layer_sizes': (32,), 'clf__learning_rate_init': 0.0001}",0.5854657681141338,0.7081118067873463,0.648895558921749,0.6167397488978469,0.648750388025284,0.641592654149272,0.040736365757099186,986,0.6770096371882086,0.7684669253845775,0.6674223826258355,0.6943401972177174,0.671384911399551,0.695724810763178,0.03751545882887547,True
0.43344593048095703,0.17555408339286002,0.005099201202392578,0.0001757006529762724,relu,0.001,"(32,)",0.0005,"{'clf__activation': 'relu', 'clf__alpha': 0.001, 'clf__early_stopping': True, 'clf__hidden_layer_sizes': (32,), 'clf__learning_rate_init': 0.0005}",0.8228323211875843,0.7630933993337924,0.7279360912273052,0.722763449194029,0.6687247279690989,0.7410699977823619,0.05081648360814336,887,0.9042053739212393,0.8881561694670286,0.8728814429416232,0.7954360596965255,0.6734131334271161,0.8268184358907064,0.0853122461504009,True
0.3129304885864258,0.06873782006260701,0.004968976974487305,6.574607497158427e-05,relu,0.001,"(32,)",0.001,"{'clf__activation': 'relu', 'clf__alpha': 0.001, 'clf__early_stopping': True, 'clf__hidden_layer_sizes': (32,), 'clf__learning_rate_init': 0.001}",0.8153462219617724,0.7565840687201434,0.7501081669089764,0.7746827328221227,0.707443245314008,0.7608328871454046,0.0350629372275502,761,0.893233633969143,0.8949034296405324,0.9099158255997337,0.8974312498185286,0.7471216986819313,0.8685211675419737,0.060981753603528754,True
0.17284092903137208,0.01990652480844864,0.005011701583862304,7.678834347057354e-05,relu,0.001,"(32,)",0.005,"{'clf__activation': 'relu', 'clf__alpha': 0.001, 'clf__early_stopping': True, 'clf__hidden_layer_sizes': (32,), 'clf__learning_rate_init': 0.005}",0.7800131907877792,0.7509316843823887,0.7649600797296681,0.7965337292214949,0.8563013110958316,0.7897479990434324,0.03658224487026098,223,0.8547355056177545,0.8374754529962083,0.9209088280017955,0.9095762938008063,0.9050036712397325,0.8855399503312593,0.0330655393569826,True
0.16671862602233886,0.02685351627495287,0.005022668838500976,0.00022452644080059176,relu,0.001,"(32,)",0.01,"{'clf__activation': 'relu', 'clf__alpha': 0.001, 'clf__early_stopping': True, 'clf__hidden_layer_sizes': (32,), 'clf__learning_rate_init': 0.01}",0.7684659198754218,0.7836534035788385,0.7576290215609102,0.7882789589497897,0.8502842235186256,0.7896623054967172,0.03221321324457175,228,0.8043396342912382,0.8722573998135147,0.925753354482249,0.9473304310732644,0.9106640084402866,0.8920689656201105,0.0502457499688286,True
0.9498966217041016,0.2543186600001945,0.0054512500762939455,0.00024246479782302522,relu,0.001,"(64,)",0.0001,"{'clf__activation': 'relu', 'clf__alpha': 0.001, 'clf__early_stopping': True, 'clf__hidden_layer_sizes': (64,), 'clf__learning_rate_init': 0.0001}",0.6150240970648755,0.6592434799582446,0.6899217261740086,0.7210336714591525,0.5431274693283427,0.6456700887969247,0.06209070714136992,983,0.7307784337378059,0.7611959044176484,0.7919837999370923,0.8541942865799356,0.6923858484698148,0.7661076546284593,0.05502002084106306,True
0.5835043430328369,0.051542660359698636,0.005370712280273438,0.0002982496774531554,relu,0.001,"(64,)",0.0005,"{'clf__activation': 'relu', 'clf__alpha': 0.001, 'clf__early_stopping': True, 'clf__hidden_layer_sizes': (64,), 'clf__learning_rate_init': 0.0005}",0.8057046075886698,0.7594370649799593,0.7620573713685271,0.7568431531272539,0.7721988136282413,0.7712482021385303,0.01799792936416554,553,0.9005937405747217,0.9046257414311951,0.8762834559938256,0.9133717470509182,0.8902597438132365,0.8970268857727793,0.01275698741860451,True
0.35897011756896974,0.04835534633240111,0.005485153198242188,0.00015997425447913623,relu,0.001,"(64,)",0.001,"{'clf__activation': 'relu', 'clf__alpha': 0.001, 'clf__early_stopping': True, 'clf__hidden_layer_sizes': (64,), 'clf__learning_rate_init': 0.001}",0.8026263429933154,0.7509579660523057,0.734620400010012,0.7537754175994578,0.7828356538636912,0.7649631561037564,0.02441284707459989,678,0.88094399080727,0.8935422203151469,0.846485129653307,0.9204656119920434,0.884028224915103,0.885093035536574,0.023797170752158987,True
0.24213695526123047,0.04566046978913022,0.0051533222198486325,0.00010318359466093678,relu,0.001,"(64,)",0.005,"{'clf__activation': 'relu', 'clf__alpha': 0.001, 'clf__early_stopping': True, 'clf__hidden_layer_sizes': (64,), 'clf__learning_rate_init': 0.005}",0.812008541176203,0.754982179545114,0.7905058545469503,0.7399810443928092,0.8477089009540535,0.789037304123026,0.03882900662015213,236,0.9490051946172853,0.8821233292179309,0.9501091128562277,0.8580629145834413,0.8716001722690946,0.9021801447087959,0.039429714284004234,True
0.21848459243774415,0.02971432047227921,0.005511713027954101,0.00019954204508049685,relu,0.001,"(64,)",0.01,"{'clf__activation': 'relu', 'clf__alpha': 0.001, 'clf__early_stopping': True, 'clf__hidden_layer_sizes': (64,), 'clf__learning_rate_init': 0.01}",0.8096920585870042,0.7654899551958375,0.7527796821829265,0.7751358836161251,0.813182706163492,0.7832560571490771,0.024103308989238948,338,0.8817818545091273,0.9430042181308688,0.8387713351838857,0.9081401784611147,0.875808848633342,0.8895012869836677,0.034729159022829366,True
1.0714747428894043,0.18600984435137768,0.006331157684326172,0.00021181106567382812,relu,0.001,"(128,)",0.0001,"{'clf__activation': 'relu', 'clf__alpha': 0.001, 'clf__early_stopping': True, 'clf__hidden_layer_sizes': (128,), 'clf__learning_rate_init': 0.0001}",0.7303205897743713,0.6583565104746374,0.7083019742634565,0.7054760052791414,0.7504115206715718,0.7105733200926357,0.030772629793752167,940,0.7489127447012279,0.757384777194719,0.8262394899686236,0.8354806380555821,0.808309898943059,0.7952655097726423,0.035581817860332855,True
0.9134106159210205,0.17622902593043263,0.006425046920776367,0.0004425751336419513,relu,0.001,"(128,)",0.0005,"{'clf__activation': 'relu', 'clf__alpha': 0.001, 'clf__early_stopping': True, 'clf__hidden_layer_sizes': (128,), 'clf__learning_rate_init': 0.0005}",0.79753640072789,0.754661543378401,0.762263790941297,0.7558226273736579,0.8285319686263083,0.7797632662095109,0.02899569953509653,386,0.9331490632851767,0.9313790453507517,0.9613165415262266,0.8999848670120748,0.9449502344711294,0.9341559503290717,0.020152430335586675,True
0.5961514949798584,0.2123324099675424,0.006063938140869141,0.0002079613624229885,relu,0.001,"(128,)",0.001,"{'clf__activation': 'relu', 'clf__alpha': 0.001, 'clf__early_stopping': True, 'clf__hidden_layer_sizes': (128,), 'clf__learning_rate_init': 0.001}",0.7937103248429906,0.7633954281013104,0.770426483892459,0.7617984426474993,0.8261283899562525,0.7830918138881023,0.024358429794712044,339,0.9068280600160569,0.9393753082629908,0.9767106994738481,0.9019222828155774,0.9196022269645326,0.9288877155066011,0.027191949747658616,True
0.34351387023925783,0.053764446607547645,0.00598907470703125,0.0001917135046835883,relu,0.001,"(128,)",0.005,"{'clf__activation': 'relu', 'clf__alpha': 0.001, 'clf__early_stopping': True, 'clf__hidden_layer_sizes': (128,), 'clf__learning_rate_init': 0.005}",0.8025329548578632,0.7782152430358042,0.7285777405847288,0.7321275691023598,0.8291544421876176,0.7741215899536746,0.03921815518068305,491,0.882266101866626,0.9251789741741071,0.906113266068768,0.9226449580372726,0.960248000035266,0.9192902600364079,0.02556516722765901,True
0.4101219177246094,0.08914083318183649,0.006580543518066406,0.00032405361415415156,relu,0.001,"(128,)",0.01,"{'clf__activation': 'relu', 'clf__alpha': 0.001, 'clf__early_stopping': True, 'clf__hidden_layer_sizes': (128,), 'clf__learning_rate_init': 0.01}",0.7864548555974975,0.7652145068553737,0.7517019073219213,0.7683727765226778,0.8448108241650465,0.7833109740925034,0.032686023083481695,337,0.8800890172941447,0.9517408497877767,0.9489879959651756,0.9606212282619047,0.9810590994715463,0.9444996381561095,0.034111020098363434,True
1.643916416168213,0.3755125715197521,0.0067728996276855465,0.0002462351072596184,relu,0.001,"(256,)",0.0001,"{'clf__activation': 'relu', 'clf__alpha': 0.001, 'clf__early_stopping': True, 'clf__hidden_layer_sizes': (256,), 'clf__learning_rate_init': 0.0001}",0.7831992245511696,0.7088803766885958,0.7275747328704543,0.6609847876509058,0.7954080862431099,0.7352094416008471,0.04937145688537965,900,0.8665938055387564,0.8588228987175154,0.7999811682329331,0.8038268083554542,0.882709088498023,0.8423867538685365,0.03396210231744781,True
1.0720430374145509,0.19884993080623758,0.006871175765991211,0.00029109795085912064,relu,0.001,"(256,)",0.0005,"{'clf__activation': 'relu', 'clf__alpha': 0.001, 'clf__early_stopping': True, 'clf__hidden_layer_sizes': (256,), 'clf__learning_rate_init': 0.0005}",0.819899484638051,0.7613141675768451,0.7730012095015241,0.7477152993703441,0.8184165817193341,0.7840693485612197,0.02975046195725748,324,0.9508563800924483,0.9230754391129893,0.8767726097527571,0.9430104779830274,0.8928543685567312,0.9173138550995906,0.028497271157309004,True
0.9168929100036621,0.11138673545808332,0.007375764846801758,0.0005171395028762567,relu,0.001,"(256,)",0.001,"{'clf__activation': 'relu', 'clf__alpha': 0.001, 'clf__early_stopping': True, 'clf__hidden_layer_sizes': (256,), 'clf__learning_rate_init': 0.001}",0.821629642687757,0.7542053881339595,0.778681924555035,0.7557503210926818,0.8180405551941011,0.7856615663327069,0.029240350799516403,288,0.9546545198352401,0.9408922127826634,0.8776623738373932,0.9484087301099837,0.9576915644772912,0.9358618802085144,0.02966347467682498,True
0.6714528560638428,0.13162651330453815,0.007516384124755859,0.000232715781775894,relu,0.001,"(256,)",0.005,"{'clf__activation': 'relu', 'clf__alpha': 0.001, 'clf__early_stopping': True, 'clf__hidden_layer_sizes': (256,), 'clf__learning_rate_init': 0.005}",0.7969887946053524,0.7746683498826821,0.768802749611375,0.7511871636043697,0.8043227049784545,0.7791939525364467,0.01929222126891926,403,0.9778097226352778,0.938705556540091,0.9394907991611245,0.9096628222524994,0.9307356811330368,0.939280916344406,0.022068513979674083,True
0.6860035419464111,0.11272907528301,0.007338666915893554,0.0002946606952872628,relu,0.001,"(256,)",0.01,"{'clf__activation': 'relu', 'clf__alpha': 0.001, 'clf__early_stopping': True, 'clf__hidden_layer_sizes': (256,), 'clf__learning_rate_init': 0.01}",0.8009005568655441,0.7503981222352623,0.7704974849711692,0.7508062225046737,0.8341022520210238,0.7813409277195346,0.032167505712471366,361,0.9771383596442502,0.8900423044033303,0.8663766270451442,0.9520740745772422,0.9481295216083765,0.9267521774556687,0.041544623092025716,True
0.6007294654846191,0.1272530755033648,0.005064582824707032,0.0004511644508223947,relu,0.001,"(32, 16)",0.0001,"{'clf__activation': 'relu', 'clf__alpha': 0.001, 'clf__early_stopping': True, 'clf__hidden_layer_sizes': (32, 16), 'clf__learning_rate_init': 0.0001}",0.47985390834074065,0.6482571926486583,0.6134066624833131,0.6331902695427787,0.5414613240740331,0.5832338714179048,0.0633505072049108,995,0.5022102461664203,0.6728693009075823,0.6400039743170315,0.6943750374026496,0.6596058661236002,0.6338128849834568,0.06814108883386481,True
0.47147693634033205,0.07371551817383235,0.004912614822387695,0.0001849323028690306,relu,0.001,"(32, 16)",0.0005,"{'clf__activation': 'relu', 'clf__alpha': 0.001, 'clf__early_stopping': True, 'clf__hidden_layer_sizes': (32, 16), 'clf__learning_rate_init': 0.0005}",0.7358737765683867,0.7644155586557055,0.7212984377882146,0.7497137910747181,0.7107729813148684,0.7364149090803787,0.019220851319302276,898,0.8553233105388081,0.8594619245160239,0.8217285720292942,0.889823256061431,0.8070095301421596,0.8466693186575434,0.02931124126013624,True
0.3251235008239746,0.09601827261666218,0.0049000740051269535,0.00016585206609218419,relu,0.001,"(32, 16)",0.001,"{'clf__activation': 'relu', 'clf__alpha': 0.001, 'clf__early_stopping': True, 'clf__hidden_layer_sizes': (32, 16), 'clf__learning_rate_init': 0.001}",0.7869531974127575,0.7744804413580766,0.7368512876376573,0.7097163332394543,0.6806744936037159,0.7377351506503323,0.03953324282632474,896,0.885821002422928,0.9356150341853593,0.8123411693625513,0.8347591183593248,0.7548878692411538,0.8446848387142636,0.0619170622871106,True
0.2358454704284668,0.05098528319144282,0.004858493804931641,0.00016973453849178152,relu,0.001,"(32, 16)",0.005,"{'clf__activation': 'relu', 'clf__alpha': 0.001, 'clf__early_stopping': True, 'clf__hidden_layer_sizes': (32, 16), 'clf__learning_rate_init': 0.005}",0.8016028505811018,0.7855803729850273,0.7624754893906034,0.7677490264024667,0.79125845616777,0.7817332391053938,0.014606510797360283,354,0.9254865239315,0.9126137213612133,0.9236801793741305,0.9801180185709406,0.8714735873324688,0.9226744061140506,0.03473162656763321,True
0.22054991722106934,0.04544062858836724,0.004904413223266601,0.0001407259154839918,relu,0.001,"(32, 16)",0.01,"{'clf__activation': 'relu', 'clf__alpha': 0.001, 'clf__early_stopping': True, 'clf__hidden_layer_sizes': (32, 16), 'clf__learning_rate_init': 0.01}",0.777113152953489,0.816357066015164,0.7417443214909726,0.7737548188146384,0.7793503245657347,0.7776639367679997,0.023688839069804034,434,0.9749103546780485,0.9308506764673822,0.9603520246490954,0.960865164977321,0.8724717620731983,0.9398899965690092,0.03663879205275321,True
0.9271414756774903,0.10905086967251137,0.005524539947509765,0.0002441840952677508,relu,0.001,"(64, 32)",0.0001,"{'clf__activation': 'relu', 'clf__alpha': 0.001, 'clf__early_stopping': True, 'clf__hidden_layer_sizes': (64, 32), 'clf__learning_rate_init': 0.0001}",0.7192688157886593,0.6737421572473573,0.6829793953978043,0.669502587932614,0.6955652479580021,0.6882116408648873,0.017918675519881855,963,0.7866198213989968,0.7581386639673915,0.8160230630223094,0.775854264384061,0.7443817264028252,0.7762035078351168,0.024629993471557747,True
0.4668750286102295,0.09239659807566766,0.0053558826446533205,0.00011315792852957959,relu,0.001,"(64, 32)",0.0005,"{'clf__activation': 'relu', 'clf__alpha': 0.001, 'clf__early_stopping': True, 'clf__hidden_layer_sizes': (64, 32), 'clf__learning_rate_init': 0.0005}",0.8085884506334565,0.7256469835242932,0.6883855504520586,0.7285453200917886,0.7689956489780707,0.7440323907359335,0.04114630608112923,880,0.9081307792256935,0.865769734967164,0.8101350709673842,0.8497922954197714,0.877141099378569,0.8621937959917165,0.03228102759928319,True
0.40575590133666994,0.09688873310822199,0.0052661895751953125,0.00010600841828462934,relu,0.001,"(64, 32)",0.001,"{'clf__activation': 'relu', 'clf__alpha': 0.001, 'clf__early_stopping': True, 'clf__hidden_layer_sizes': (64, 32), 'clf__learning_rate_init': 0.001}",0.7995962930447742,0.7338734183369596,0.7724079119321329,0.7311338732064847,0.8090710030866942,0.7692164999214091,0.032313830589348884,593,0.8699394802311433,0.8735200402477253,0.9520440710180678,0.8431246578645062,0.9263478901639931,0.8929952279050871,0.03999272469838624,True
0.2922343730926514,0.03332085039764242,0.005305862426757813,0.00016383132471538392,relu,0.001,"(64, 32)",0.005,"{'clf__activation': 'relu', 'clf__alpha': 0.001, 'clf__early_stopping': True, 'clf__hidden_layer_sizes': (64, 32), 'clf__learning_rate_init': 0.005}",0.8013945119208277,0.7806410765969589,0.7576021811916663,0.7967270913857183,0.8132371261209712,0.7899203974432284,0.019246969209483333,219,0.9147177439987584,0.928281737098452,0.96256187081553,0.9599499827341176,0.957670359974858,0.9446363389243432,0.019433545267215326,True
0.2520621299743652,0.048754838264247584,0.005313968658447266,0.0001359821029514777,relu,0.001,"(64, 32)",0.01,"{'clf__activation': 'relu', 'clf__alpha': 0.001, 'clf__early_stopping': True, 'clf__hidden_layer_sizes': (64, 32), 'clf__learning_rate_init': 0.01}",0.796582460302922,0.7895180003807761,0.7579634267143032,0.7550604367708356,0.8036987773371111,0.7805646203011897,0.02016532054808558,372,0.935361600992275,0.8442499338883012,0.9829126509349009,0.9164388936596651,0.90577201201153,0.9169470182973345,0.044945670721021534,True
1.521746778488159,0.4840480716087632,0.006695890426635742,0.0004621825569238659,relu,0.001,"(128, 64)",0.0001,"{'clf__activation': 'relu', 'clf__alpha': 0.001, 'clf__early_stopping': True, 'clf__hidden_layer_sizes': (128, 64), 'clf__learning_rate_init': 0.0001}",0.7803173737514989,0.6568518518518518,0.7838912750004299,0.7040388292708067,0.793186763952893,0.743657218765496,0.05389009297143452,881,0.8588751294948948,0.76435269780073,0.9221391029954551,0.8233418456344131,0.8675797826863625,0.8472577117223711,0.052154354961104044,True
0.7928843975067139,0.2566033099800026,0.0067026615142822266,0.0005081058039366609,relu,0.001,"(128, 64)",0.0005,"{'clf__activation': 'relu', 'clf__alpha': 0.001, 'clf__early_stopping': True, 'clf__hidden_layer_sizes': (128, 64), 'clf__learning_rate_init': 0.0005}",0.7556890332295729,0.7427795442501325,0.7809610509714551,0.7728000872189902,0.8486331264944693,0.7801725684329239,0.036713771115618604,380,0.8400553854093955,0.8738451920679393,0.9604202163972122,0.9242970318891933,0.9529488929419524,0.9103133437411385,0.04645457797172083,True
0.7095525741577149,0.16759669292592452,0.006583261489868164,0.0002925044592824127,relu,0.001,"(128, 64)",0.001,"{'clf__activation': 'relu', 'clf__alpha': 0.001, 'clf__early_stopping': True, 'clf__hidden_layer_sizes': (128, 64), 'clf__learning_rate_init': 0.001}",0.8236216007045449,0.7816023238524445,0.7692393211261136,0.7734854928014431,0.8423576224667336,0.798061272190256,0.029397509478433507,88,0.9752365215617619,0.949890244159781,0.9228830669784132,0.9629056671033254,0.9421731982029271,0.9506177396012416,0.017878082570884208,True
0.5096875190734863,0.108174053412447,0.0064884662628173825,0.00027827942835747393,relu,0.001,"(128, 64)",0.005,"{'clf__activation': 'relu', 'clf__alpha': 0.001, 'clf__early_stopping': True, 'clf__hidden_layer_sizes': (128, 64), 'clf__learning_rate_init': 0.005}",0.8239246082555942,0.8167777356214743,0.7506756312775744,0.7964721663313212,0.8316969260011797,0.8039094134974288,0.029077468258025024,29,0.9791184788212868,0.9457449537227278,0.9057122755373207,0.9572546442895462,0.9710910005027651,0.9517842705747294,0.02572522429183433,True
0.5420241355895996,0.16624436982103738,0.006747198104858398,0.00023559396284824453,relu,0.001,"(128, 64)",0.01,"{'clf__activation': 'relu', 'clf__alpha': 0.001, 'clf__early_stopping': True, 'clf__hidden_layer_sizes': (128, 64), 'clf__learning_rate_init': 0.01}",0.7999182795371962,0.7820129807178853,0.7939682997618253,0.7721986692574928,0.8053937684252186,0.7906983995399236,0.012077489987055259,203,0.9794730216468344,0.9548587885476765,0.9050300586665196,0.9601475543691862,0.9029098594024396,0.9404838565265312,0.030926466732615447,True
2.3053524494171143,0.19099794842220919,0.007641363143920899,0.00034920082487523743,relu,0.001,"(256, 128)",0.0001,"{'clf__activation': 'relu', 'clf__alpha': 0.001, 'clf__early_stopping': True, 'clf__hidden_layer_sizes': (256, 128), 'clf__learning_rate_init': 0.0001}",0.7990156418554476,0.74146189541873,0.7475129498233157,0.7370815116782858,0.7390864378681083,0.7528316873287776,0.023356021528542423,859,0.8848151848226724,0.8734268053859549,0.8577364187330451,0.8713037871728193,0.8395549791484287,0.865367435052584,0.015510796160473812,True
1.5820857524871825,0.29474918446847825,0.008303356170654298,0.00029838213861258824,relu,0.001,"(256, 128)",0.0005,"{'clf__activation': 'relu', 'clf__alpha': 0.001, 'clf__early_stopping': True, 'clf__hidden_layer_sizes': (256, 128), 'clf__learning_rate_init': 0.0005}",0.8143264179329502,0.7670899470899472,0.7636306131055216,0.7861354856460141,0.8427582788645425,0.7947881485277951,0.029985757710288167,138,0.926487187463618,0.915110145250404,0.9698299725845819,0.9714952904058446,0.9386835442811554,0.9443212279971208,0.022769495176173576,True
1.2452314853668214,0.11242788095396511,0.008564233779907227,0.0004899898452666961,relu,0.001,"(256, 128)",0.001,"{'clf__activation': 'relu', 'clf__alpha': 0.001, 'clf__early_stopping': True, 'clf__hidden_layer_sizes': (256, 128), 'clf__learning_rate_init': 0.001}",0.8136568166139206,0.7922023010298934,0.7628624851266361,0.7813653802753329,0.8499091801094236,0.7999992326310414,0.029882045006182384,64,0.9284561407244022,0.9589485076963407,0.9610446444719675,0.9528931200123879,0.9725881299326872,0.9547861085675571,0.014630498386249271,True
1.0338695049285889,0.16510361882361865,0.008386373519897461,0.00031142475373730963,relu,0.001,"(256, 128)",0.005,"{'clf__activation': 'relu', 'clf__alpha': 0.001, 'clf__early_stopping': True, 'clf__hidden_layer_sizes': (256, 128), 'clf__learning_rate_init': 0.005}",0.816430475842628,0.8191713385211837,0.7899159053030482,0.76491890066344,0.830786508947711,0.8042446258556023,0.023780656608028885,26,0.9744825048996935,0.9782254937528367,0.9708663144584019,0.9175380383950219,0.9130165515977879,0.9508257806207483,0.029153454209153284,True
1.3301177501678467,0.17427048554270244,0.008022594451904296,0.0005836423588391565,relu,0.001,"(256, 128)",0.01,"{'clf__activation': 'relu', 'clf__alpha': 0.001, 'clf__early_stopping': True, 'clf__hidden_layer_sizes': (256, 128), 'clf__learning_rate_init': 0.01}",0.7933304217131886,0.8305624529363286,0.7976183546855182,0.7797722485518694,0.8436952894189736,0.8089957534611756,0.024075055068668666,4,0.9740632483873184,0.9696162370913199,0.9473805932563635,0.9740628025603121,0.9605699082205411,0.965138557903171,0.010154405173816774,True
1.3496716499328614,0.2503409965707213,0.005655717849731445,0.0002024721210880852,relu,0.001,"(64, 32, 16)",0.0001,"{'clf__activation': 'relu', 'clf__alpha': 0.001, 'clf__early_stopping': True, 'clf__hidden_layer_sizes': (64, 32, 16), 'clf__learning_rate_init': 0.0001}",0.717809721486192,0.6518608983182715,0.6457776710701335,0.7055566540504237,0.7176779908198758,0.6877365871489793,0.03214358889299379,964,0.8121037330875189,0.7127709199833361,0.6948353803868565,0.7916355508658676,0.7664150888277935,0.7555521346302745,0.045021898142394885,True
0.8439826965332031,0.1506316899884967,0.005931711196899414,0.0003531993247692613,relu,0.001,"(64, 32, 16)",0.0005,"{'clf__activation': 'relu', 'clf__alpha': 0.001, 'clf__early_stopping': True, 'clf__hidden_layer_sizes': (64, 32, 16), 'clf__learning_rate_init': 0.0005}",0.7737878787878788,0.7597103400055135,0.7493405482955241,0.7923438601094422,0.7910430437798128,0.7732451341956342,0.016949580346512644,518,0.8482023281569975,0.942078998748616,0.9340083251425235,0.899786236342326,0.8639349700177887,0.8976021716816505,0.0371003808668826,True
0.6146132469177246,0.06926261725728354,0.005450773239135742,0.0003567280384465447,relu,0.001,"(64, 32, 16)",0.001,"{'clf__activation': 'relu', 'clf__alpha': 0.001, 'clf__early_stopping': True, 'clf__hidden_layer_sizes': (64, 32, 16), 'clf__learning_rate_init': 0.001}",0.8083120823530174,0.7655707358824978,0.7467326885238129,0.7747654187780583,0.8050707042941787,0.780090325966313,0.023547364792964123,381,0.9356264085346625,0.944652214161613,0.9405526582113692,0.9245123171229346,0.869179062709839,0.9229045321480835,0.027695758535153776,True
0.37780027389526366,0.06690665699969583,0.005517721176147461,0.00018330453939070744,relu,0.001,"(64, 32, 16)",0.005,"{'clf__activation': 'relu', 'clf__alpha': 0.001, 'clf__early_stopping': True, 'clf__hidden_layer_sizes': (64, 32, 16), 'clf__learning_rate_init': 0.005}",0.8013925590072857,0.8139337478343156,0.7946878344833869,0.7636549486352544,0.8275095009716359,0.8002357181863756,0.02145583947960299,60,0.9079987171093492,0.9815281300974905,0.9724577629830002,0.9270186127607506,0.8684493221844302,0.9314905090270041,0.041780696024186846,True
0.3895416736602783,0.1386103906550637,0.005574178695678711,0.00014618223728196512,relu,0.001,"(64, 32, 16)",0.01,"{'clf__activation': 'relu', 'clf__alpha': 0.001, 'clf__early_stopping': True, 'clf__hidden_layer_sizes': (64, 32, 16), 'clf__learning_rate_init': 0.01}",0.7983420933732039,0.7891581731183633,0.7625122256457297,0.748044181355516,0.8152877486203179,0.7826688844226262,0.024318353577766474,346,0.9684597982253106,0.8838242609543379,0.9816792392956958,0.9434802052556454,0.8456558107578205,0.924619862897762,0.05183247543111752,True
1.6387979507446289,0.24456122636668406,0.005974197387695312,5.687582019585642e-05,relu,0.001,"(128, 64, 32)",0.0001,"{'clf__activation': 'relu', 'clf__alpha': 0.001, 'clf__early_stopping': True, 'clf__hidden_layer_sizes': (128, 64, 32), 'clf__learning_rate_init': 0.0001}",0.7870054364240411,0.7211973706239763,0.7560295116129365,0.7518084241367375,0.8217233508578352,0.7675528187311053,0.03418289345066074,633,0.8280284115573473,0.8629721641730608,0.8646013510057712,0.8732698249318385,0.8911417505851991,0.8640027004506432,0.020581435747978258,True
0.8280410289764404,0.1438695108634869,0.006012964248657227,0.0002118019946241483,relu,0.001,"(128, 64, 32)",0.0005,"{'clf__activation': 'relu', 'clf__alpha': 0.001, 'clf__early_stopping': True, 'clf__hidden_layer_sizes': (128, 64, 32), 'clf__learning_rate_init': 0.0005}",0.8096079404949665,0.749574011742663,0.7591984505027982,0.7637205290275588,0.8361670401291303,0.7836535943794234,0.033430791722113745,335,0.9718229307260562,0.912989763806438,0.8873740759214579,0.9085528713568459,0.8976470768198309,0.9156773437261257,0.02944986799653634,True
0.5896204471588135,0.10276776618168146,0.006273984909057617,0.00019844138498362337,relu,0.001,"(128, 64, 32)",0.001,"{'clf__activation': 'relu', 'clf__alpha': 0.001, 'clf__early_stopping': True, 'clf__hidden_layer_sizes': (128, 64, 32), 'clf__learning_rate_init': 0.001}",0.8077031189834425,0.7876620080845432,0.7802801324238879,0.7711169621683366,0.8202001987028912,0.7933924840726203,0.01802453234992269,160,0.9069178528177887,0.9614574221803514,0.8970847424911916,0.8870725743547201,0.8629942647281275,0.9031053713144359,0.032624212716412755,True
0.5272457122802734,0.14395641980653812,0.006187295913696289,0.0002596190956367734,relu,0.001,"(128, 64, 32)",0.005,"{'clf__activation': 'relu', 'clf__alpha': 0.001, 'clf__early_stopping': True, 'clf__hidden_layer_sizes': (128, 64, 32), 'clf__learning_rate_init': 0.005}",0.8020802425250442,0.7998903619586621,0.7749400826778621,0.770561434210904,0.8312620712620713,0.7957468385269086,0.021844167314815734,119,0.8987340487597643,0.9882860972463414,0.9034429423943491,0.9708258047719212,0.9010861634198521,0.9324750113184457,0.038864467122972306,True
0.553956127166748,0.07134635869291879,0.006156015396118164,0.0003353857939759115,relu,0.001,"(128, 64, 32)",0.01,"{'clf__activation': 'relu', 'clf__alpha': 0.001, 'clf__early_stopping': True, 'clf__hidden_layer_sizes': (128, 64, 32), 'clf__learning_rate_init': 0.01}",0.8238671766033334,0.7796904046904047,0.8116179710076272,0.755196305208607,0.8228428131633619,0.7986429341346668,0.026970561997669236,79,0.928928730241484,0.9655224867209433,0.9645182859769479,0.9675147065294003,0.9134306642235808,0.9479829747384713,0.02244756530387089,True
8.140175199508667,0.15071432627931897,0.0054378509521484375,0.00025784000977292293,relu,0.001,"(32,)",0.0001,"{'clf__activation': 'relu', 'clf__alpha': 0.001, 'clf__early_stopping': False, 'clf__hidden_layer_sizes': (32,), 'clf__learning_rate_init': 0.0001}",0.8042994554002751,0.7790352073389946,0.7714924530963464,0.7994386370994031,0.8334519802392458,0.7975435466348529,0.02172495050893908,95,0.9990802514078543,0.9985736545607096,0.998572700082591,1.0,0.9960411683923652,0.998453554888704,0.00131396112008889,False
3.0334965705871584,0.10551170453926963,0.004987764358520508,0.00016695800605355895,relu,0.001,"(32,)",0.0005,"{'clf__activation': 'relu', 'clf__alpha': 0.001, 'clf__early_stopping': False, 'clf__hidden_layer_sizes': (32,), 'clf__learning_rate_init': 0.0005}",0.7981929216572428,0.7632634190853369,0.7813208770544868,0.7914298568840602,0.8259201211387273,0.7920254391639707,0.020635326378259104,183,1.0,1.0,1.0,1.0,1.0,1.0,0.0,False
1.9872236251831055,0.05832976789369155,0.005272674560546875,0.0006010798104543318,relu,0.001,"(32,)",0.001,"{'clf__activation': 'relu', 'clf__alpha': 0.001, 'clf__early_stopping': False, 'clf__hidden_layer_sizes': (32,), 'clf__learning_rate_init': 0.001}",0.8004432494835338,0.7547945205479452,0.7694772249221754,0.7950875793946593,0.825296401940358,0.7890197952577344,0.024643810531116472,237,1.0,1.0,1.0,1.0,1.0,1.0,0.0,False
0.8414031028747558,0.027864937304201653,0.005021190643310547,9.311979000565043e-05,relu,0.001,"(32,)",0.005,"{'clf__activation': 'relu', 'clf__alpha': 0.001, 'clf__early_stopping': False, 'clf__hidden_layer_sizes': (32,), 'clf__learning_rate_init': 0.005}",0.7943821824930837,0.7677981666306837,0.7782795570386805,0.7767929768050511,0.8154558004848702,0.7865417366904739,0.016805469502388103,274,1.0,1.0,1.0,1.0,1.0,1.0,0.0,False
0.6083010196685791,0.03260340197476143,0.004784584045410156,6.255641926042381e-05,relu,0.001,"(32,)",0.01,"{'clf__activation': 'relu', 'clf__alpha': 0.001, 'clf__early_stopping': False, 'clf__hidden_layer_sizes': (32,), 'clf__learning_rate_init': 0.01}",0.8060769107247867,0.7563564774229975,0.733264540337711,0.7463018812204991,0.8141073811661389,0.7712214381744267,0.03267043171831597,558,1.0,1.0,1.0,1.0,1.0,1.0,0.0,False
10.185619449615478,0.45865450212903924,0.005424213409423828,6.63714503408788e-05,relu,0.001,"(64,)",0.0001,"{'clf__activation': 'relu', 'clf__alpha': 0.001, 'clf__early_stopping': False, 'clf__hidden_layer_sizes': (64,), 'clf__learning_rate_init': 0.0001}",0.8114683115626512,0.767407777197717,0.795273210302816,0.7645792464912933,0.8219809838215104,0.7921419058751976,0.02300070829625857,182,1.0,1.0,1.0,1.0,1.0,1.0,0.0,False
3.663724946975708,0.08343525146564963,0.005815553665161133,0.00034747167887999223,relu,0.001,"(64,)",0.0005,"{'clf__activation': 'relu', 'clf__alpha': 0.001, 'clf__early_stopping': False, 'clf__hidden_layer_sizes': (64,), 'clf__learning_rate_init': 0.0005}",0.7990147467484965,0.7729019728234117,0.7966117677600635,0.7628101067727635,0.8072237658756773,0.7877124719960825,0.016894425991959776,256,1.0,1.0,1.0,1.0,1.0,1.0,0.0,False
2.298157215118408,0.11431681252765825,0.005377721786499023,0.0001512310979486541,relu,0.001,"(64,)",0.001,"{'clf__activation': 'relu', 'clf__alpha': 0.001, 'clf__early_stopping': False, 'clf__hidden_layer_sizes': (64,), 'clf__learning_rate_init': 0.001}",0.8091717885237959,0.7688400081094685,0.795614550361075,0.7685249264388215,0.8130015506534896,0.7910305648173301,0.019140353734845326,197,1.0,1.0,1.0,1.0,1.0,1.0,0.0,False
0.962721300125122,0.048626148616685745,0.0051860809326171875,0.00013787860010712588,relu,0.001,"(64,)",0.005,"{'clf__activation': 'relu', 'clf__alpha': 0.001, 'clf__early_stopping': False, 'clf__hidden_layer_sizes': (64,), 'clf__learning_rate_init': 0.005}",0.7895410624075051,0.7805592589721726,0.7649261703172341,0.7727185249414159,0.8234555314195844,0.7862401096115824,0.020323745884710077,278,1.0,1.0,1.0,1.0,1.0,1.0,0.0,False
0.7719653606414795,0.04475218767396019,0.005284452438354492,0.00020160456252918329,relu,0.001,"(64,)",0.01,"{'clf__activation': 'relu', 'clf__alpha': 0.001, 'clf__early_stopping': False, 'clf__hidden_layer_sizes': (64,), 'clf__learning_rate_init': 0.01}",0.808606030122841,0.7834868650204403,0.7675545627361997,0.7440865471632266,0.8281345390035264,0.7863737088092467,0.029627491340181486,275,1.0,1.0,1.0,1.0,1.0,1.0,0.0,False
12.847897291183472,0.4550873049931985,0.007135915756225586,0.00019685940112736951,relu,0.001,"(128,)",0.0001,"{'clf__activation': 'relu', 'clf__alpha': 0.001, 'clf__early_stopping': False, 'clf__hidden_layer_sizes': (128,), 'clf__learning_rate_init': 0.0001}",0.8036755587576889,0.7685156023815818,0.789827404034032,0.7677266853287714,0.8420588156280502,0.7943608132260248,0.027421770215674577,144,1.0,1.0,1.0,1.0,1.0,1.0,0.0,False
4.887889862060547,0.13387618183182423,0.005979728698730469,0.00035868889135196475,relu,0.001,"(128,)",0.0005,"{'clf__activation': 'relu', 'clf__alpha': 0.001, 'clf__early_stopping': False, 'clf__hidden_layer_sizes': (128,), 'clf__learning_rate_init': 0.0005}",0.8254183294225027,0.7854270517842321,0.7857674151809223,0.7677266853287714,0.832889363901373,0.7994457691235602,0.02523002179684212,70,1.0,1.0,1.0,1.0,1.0,1.0,0.0,False
3.2491668701171874,0.24692177098910198,0.006766748428344726,0.00032439734780112604,relu,0.001,"(128,)",0.001,"{'clf__activation': 'relu', 'clf__alpha': 0.001, 'clf__early_stopping': False, 'clf__hidden_layer_sizes': (128,), 'clf__learning_rate_init': 0.001}",0.8302734185798701,0.7867627843568291,0.7758665749617237,0.7683664617639581,0.8280915329368241,0.7978721545198411,0.02623471854893272,91,1.0,1.0,1.0,1.0,1.0,1.0,0.0,False
1.3664061546325683,0.05761751989307987,0.0063151359558105465,0.00022287368774414064,relu,0.001,"(128,)",0.005,"{'clf__activation': 'relu', 'clf__alpha': 0.001, 'clf__early_stopping': False, 'clf__hidden_layer_sizes': (128,), 'clf__learning_rate_init': 0.005}",0.8207492993059557,0.7903900307049552,0.7835002656806199,0.7674265540284958,0.8255825227287177,0.797529734489749,0.02227155116878098,96,1.0,1.0,1.0,1.0,1.0,1.0,0.0,False
1.0834154605865478,0.050685497560996155,0.006057596206665039,0.00024137723967631192,relu,0.001,"(128,)",0.01,"{'clf__activation': 'relu', 'clf__alpha': 0.001, 'clf__early_stopping': False, 'clf__hidden_layer_sizes': (128,), 'clf__learning_rate_init': 0.01}",0.8146402636998082,0.7729010455898575,0.765045115545673,0.776165224969081,0.8193865473294404,0.789627639426772,0.02270039646069705,229,1.0,1.0,1.0,1.0,1.0,1.0,0.0,False
18.765808439254762,0.5931771199738722,0.007498359680175782,0.00046824009480123205,relu,0.001,"(256,)",0.0001,"{'clf__activation': 'relu', 'clf__alpha': 0.001, 'clf__early_stopping': False, 'clf__hidden_layer_sizes': (256,), 'clf__learning_rate_init': 0.0001}",0.8191288024151253,0.786137633605988,0.8001820052736509,0.7657247919836242,0.8127366691611291,0.7967819804879035,0.01920074888009889,109,1.0,1.0,1.0,1.0,1.0,1.0,0.0,False
6.891245269775391,0.24490280164606518,0.007078981399536133,0.00010420584159314567,relu,0.001,"(256,)",0.0005,"{'clf__activation': 'relu', 'clf__alpha': 0.001, 'clf__early_stopping': False, 'clf__hidden_layer_sizes': (256,), 'clf__learning_rate_init': 0.0005}",0.8143562754746125,0.7687006568585516,0.795239739675801,0.7719673886893333,0.8365676503134432,0.7973663422023483,0.025677816045406806,98,1.0,1.0,1.0,1.0,1.0,1.0,0.0,False
4.811711263656616,0.1920191377192064,0.007375288009643555,0.00019584146178332573,relu,0.001,"(256,)",0.001,"{'clf__activation': 'relu', 'clf__alpha': 0.001, 'clf__early_stopping': False, 'clf__hidden_layer_sizes': (256,), 'clf__learning_rate_init': 0.001}",0.8128346458063528,0.7738851755873033,0.7890636795536697,0.7599885544544988,0.8213772673728444,0.7914298645549338,0.02305203903875803,189,1.0,1.0,1.0,1.0,1.0,1.0,0.0,False
2.3150079250335693,0.06528626870164768,0.007612466812133789,0.00029622116766155916,relu,0.001,"(256,)",0.005,"{'clf__activation': 'relu', 'clf__alpha': 0.001, 'clf__early_stopping': False, 'clf__hidden_layer_sizes': (256,), 'clf__learning_rate_init': 0.005}",0.8315869172507581,0.7949492320719684,0.7764680754969647,0.7821558274512912,0.8456405937794842,0.8061601292100932,0.027527213458511855,14,1.0,1.0,1.0,1.0,1.0,1.0,0.0,False
1.9608585834503174,0.12498795299435186,0.007462501525878906,0.00018729699841913834,relu,0.001,"(256,)",0.01,"{'clf__activation': 'relu', 'clf__alpha': 0.001, 'clf__early_stopping': False, 'clf__hidden_layer_sizes': (256,), 'clf__learning_rate_init': 0.01}",0.8244330539007667,0.7932646632646633,0.7721285008026043,0.7710702509501874,0.8357486137905554,0.7993290165417555,0.026577441657886513,73,1.0,1.0,1.0,1.0,1.0,1.0,0.0,False
8.301405239105225,0.07201300181493246,0.00619049072265625,0.0002553081795657268,relu,0.001,"(32, 16)",0.0001,"{'clf__activation': 'relu', 'clf__alpha': 0.001, 'clf__early_stopping': False, 'clf__hidden_layer_sizes': (32, 16), 'clf__learning_rate_init': 0.0001}",0.8062269126067487,0.7823820501484242,0.7659739334885719,0.7621904908922507,0.822446722576988,0.7878440219425966,0.02324441920367875,253,1.0,1.0,1.0,1.0,1.0,1.0,0.0,False
2.6613455772399903,0.1279035549559228,0.005009937286376953,0.0001006407043223871,relu,0.001,"(32, 16)",0.0005,"{'clf__activation': 'relu', 'clf__alpha': 0.001, 'clf__early_stopping': False, 'clf__hidden_layer_sizes': (32, 16), 'clf__learning_rate_init': 0.0005}",0.7885827672301149,0.7932783819804029,0.7604924214877036,0.7894452347083927,0.8223155602246195,0.7908228731262467,0.019619740686579377,200,1.0,1.0,1.0,1.0,1.0,1.0,0.0,False
1.7478161811828614,0.09382910166818319,0.005125284194946289,4.814095617756498e-05,relu,0.001,"(32, 16)",0.001,"{'clf__activation': 'relu', 'clf__alpha': 0.001, 'clf__early_stopping': False, 'clf__hidden_layer_sizes': (32, 16), 'clf__learning_rate_init': 0.001}",0.8118597896913388,0.7663885993682258,0.7653721298324021,0.7912541254125413,0.8404797314077561,0.7950708751424527,0.028506447951765646,134,1.0,1.0,1.0,1.0,1.0,1.0,0.0,False
0.7359210968017578,0.028157572137563383,0.005072975158691406,5.108094549180624e-05,relu,0.001,"(32, 16)",0.005,"{'clf__activation': 'relu', 'clf__alpha': 0.001, 'clf__early_stopping': False, 'clf__hidden_layer_sizes': (32, 16), 'clf__learning_rate_init': 0.005}",0.8092220918964513,0.7683685334167824,0.7491460000321584,0.7715982028241335,0.8163961034888476,0.7829461863316747,0.025663427125570345,341,1.0,1.0,1.0,1.0,1.0,1.0,0.0,False
0.5120950698852539,0.08811307359753233,0.005057144165039063,0.00016323058787363833,relu,0.001,"(32, 16)",0.01,"{'clf__activation': 'relu', 'clf__alpha': 0.001, 'clf__early_stopping': False, 'clf__hidden_layer_sizes': (32, 16), 'clf__learning_rate_init': 0.01}",0.7657466800722379,0.7869229071775621,0.7769016160649512,0.7733903815482762,0.8395553930439525,0.7885033955813959,0.026418466913845563,244,0.9887757703023389,1.0,1.0,1.0,1.0,0.9977551540604678,0.00448969187906445,False
9.211268949508668,0.33331577291266945,0.005936479568481446,7.896581708084771e-05,relu,0.001,"(64, 32)",0.0001,"{'clf__activation': 'relu', 'clf__alpha': 0.001, 'clf__early_stopping': False, 'clf__hidden_layer_sizes': (64, 32), 'clf__learning_rate_init': 0.0001}",0.8113083283769159,0.774773839842333,0.752035349351008,0.7605062692195328,0.8230140517876366,0.7843275677154853,0.02802185161955156,318,1.0,1.0,1.0,1.0,1.0,1.0,0.0,False
2.998316526412964,0.10223135315690159,0.005577278137207031,0.0001604704332888753,relu,0.001,"(64, 32)",0.0005,"{'clf__activation': 'relu', 'clf__alpha': 0.001, 'clf__early_stopping': False, 'clf__hidden_layer_sizes': (64, 32), 'clf__learning_rate_init': 0.0005}",0.8135992627698789,0.7870362781987182,0.7509081502829469,0.7755974251796806,0.8343214951834751,0.79229252232294,0.029118490236431104,177,1.0,1.0,1.0,1.0,1.0,1.0,0.0,False
1.9234057903289794,0.06857168753684321,0.005750179290771484,0.00017338949161149517,relu,0.001,"(64, 32)",0.001,"{'clf__activation': 'relu', 'clf__alpha': 0.001, 'clf__early_stopping': False, 'clf__hidden_layer_sizes': (64, 32), 'clf__learning_rate_init': 0.001}",0.8184666131181431,0.7770364059948595,0.7516317733990148,0.7690063366445296,0.820481968697288,0.787324619570767,0.02751225057676071,262,1.0,1.0,1.0,1.0,1.0,1.0,0.0,False
0.8742695808410644,0.06469311832189044,0.005503320693969726,6.783846131356123e-05,relu,0.001,"(64, 32)",0.005,"{'clf__activation': 'relu', 'clf__alpha': 0.001, 'clf__early_stopping': False, 'clf__hidden_layer_sizes': (64, 32), 'clf__learning_rate_init': 0.005}",0.8065396299364817,0.7919965949028168,0.7873146776441072,0.7722098931796895,0.847550050558257,0.8011221692442705,0.025669981231944042,51,1.0,1.0,1.0,1.0,1.0,1.0,0.0,False
0.6929835319519043,0.05053918743543813,0.005569362640380859,0.0001328619786081071,relu,0.001,"(64, 32)",0.01,"{'clf__activation': 'relu', 'clf__alpha': 0.001, 'clf__early_stopping': False, 'clf__hidden_layer_sizes': (64, 32), 'clf__learning_rate_init': 0.01}",0.7848027101634204,0.7815187016665383,0.7502737383899356,0.7694781309048105,0.8554284396900776,0.7883003441629565,0.035678295324171834,249,0.9944187091198604,1.0,1.0,1.0,1.0,0.998883741823972,0.002232516352055836,False
10.705416584014893,0.18176179871732703,0.0065803050994873045,0.00021462749304389914,relu,0.001,"(128, 64)",0.0001,"{'clf__activation': 'relu', 'clf__alpha': 0.001, 'clf__early_stopping': False, 'clf__hidden_layer_sizes': (128, 64), 'clf__learning_rate_init': 0.0001}",0.8045227571307132,0.7822880624446813,0.770256535107582,0.7868325791855204,0.8296795763783282,0.794715902049365,0.020656677065668212,139,1.0,1.0,1.0,1.0,1.0,1.0,0.0,False
3.6903922080993654,0.15335336445412165,0.006990814208984375,0.00025967496548616817,relu,0.001,"(128, 64)",0.0005,"{'clf__activation': 'relu', 'clf__alpha': 0.001, 'clf__early_stopping': False, 'clf__hidden_layer_sizes': (128, 64), 'clf__learning_rate_init': 0.0005}",0.807689425059942,0.7812915195018776,0.7669547553609664,0.7946461540836184,0.8552411350993702,0.8011645978211549,0.030247604620176793,50,1.0,1.0,1.0,1.0,1.0,1.0,0.0,False
2.38273549079895,0.05462271242141837,0.006507968902587891,0.000588077423192245,relu,0.001,"(128, 64)",0.001,"{'clf__activation': 'relu', 'clf__alpha': 0.001, 'clf__early_stopping': False, 'clf__hidden_layer_sizes': (128, 64), 'clf__learning_rate_init': 0.001}",0.8010507493526362,0.7929778369919215,0.7675313062460045,0.7905874647851381,0.8455459916912461,0.7995386698133892,0.025560125086585634,69,1.0,1.0,1.0,1.0,1.0,1.0,0.0,False
1.1520366191864013,0.06926597307132626,0.006601190567016602,0.00011380641597332443,relu,0.001,"(128, 64)",0.005,"{'clf__activation': 'relu', 'clf__alpha': 0.001, 'clf__early_stopping': False, 'clf__hidden_layer_sizes': (128, 64), 'clf__learning_rate_init': 0.005}",0.814192212096106,0.7826476094819261,0.782530347178528,0.7712904467266706,0.8534720927414243,0.8008265416449311,0.029959307089527158,54,1.0,0.9992899923386136,1.0,1.0,1.0,0.9998579984677228,0.00028400306455456104,False
0.9879539966583252,0.20856329699926157,0.006744384765625,0.0003346910128841758,relu,0.001,"(128, 64)",0.01,"{'clf__activation': 'relu', 'clf__alpha': 0.001, 'clf__early_stopping': False, 'clf__hidden_layer_sizes': (128, 64), 'clf__learning_rate_init': 0.01}",0.7940893776035285,0.747246577111329,0.7700248206410177,0.7861065775344045,0.807374486519705,0.7809683678819969,0.020749773950814884,364,0.969970677740043,0.9538236298314922,1.0,1.0,0.9644348167288975,0.9776458248600866,0.018975531020284476,False
15.775752687454224,0.3000426952046787,0.007806301116943359,0.00010412981596019651,relu,0.001,"(256, 128)",0.0001,"{'clf__activation': 'relu', 'clf__alpha': 0.001, 'clf__early_stopping': False, 'clf__hidden_layer_sizes': (256, 128), 'clf__learning_rate_init': 0.0001}",0.8335933456935871,0.7973189903854776,0.7871807388975045,0.7663588957124193,0.8421309024984691,0.8053165746374915,0.028514702019482027,21,1.0,1.0,1.0,1.0,1.0,1.0,0.0,False
6.04308705329895,0.29819373160013024,0.008665227890014648,0.0002721428597008392,relu,0.001,"(256, 128)",0.0005,"{'clf__activation': 'relu', 'clf__alpha': 0.001, 'clf__early_stopping': False, 'clf__hidden_layer_sizes': (256, 128), 'clf__learning_rate_init': 0.0005}",0.8271468662916032,0.8090864990864991,0.7667200854700855,0.7650988411387909,0.8443073232694136,0.8024719230512785,0.031867686748554586,39,1.0,1.0,1.0,1.0,1.0,1.0,0.0,False
4.225788974761963,0.19579069947232383,0.008339405059814453,0.0002353242827203728,relu,0.001,"(256, 128)",0.001,"{'clf__activation': 'relu', 'clf__alpha': 0.001, 'clf__early_stopping': False, 'clf__hidden_layer_sizes': (256, 128), 'clf__learning_rate_init': 0.001}",0.8283398543982989,0.8100662351729594,0.7801573426573426,0.7629662499648231,0.836207753062656,0.8035474870512159,0.027992085273926062,32,1.0,1.0,1.0,1.0,1.0,1.0,0.0,False
2.345056104660034,0.08234427762890083,0.009060955047607422,0.0002965059797539455,relu,0.001,"(256, 128)",0.005,"{'clf__activation': 'relu', 'clf__alpha': 0.001, 'clf__early_stopping': False, 'clf__hidden_layer_sizes': (256, 128), 'clf__learning_rate_init': 0.005}",0.806775802497279,0.8020350125613283,0.7864079697443428,0.7788312693498451,0.8461511376605716,0.8040402383626735,0.023371868118083096,27,1.0,1.0,1.0,1.0,1.0,1.0,0.0,False
2.0379409790039062,0.2757070443978747,0.008709478378295898,0.00037901078092802027,relu,0.001,"(256, 128)",0.01,"{'clf__activation': 'relu', 'clf__alpha': 0.001, 'clf__early_stopping': False, 'clf__hidden_layer_sizes': (256, 128), 'clf__learning_rate_init': 0.01}",0.7837469131833563,0.8166471551361594,0.7599083017918059,0.7766739579535787,0.8237824953474999,0.79215176468248,0.024291447898069224,181,0.9638527033389394,0.9740886079471464,0.9791671888600064,0.9785234366182932,0.9337958328943685,0.9658855539317507,0.016954590399862066,False
9.194751453399657,0.26441366966689756,0.006084346771240234,0.00021460589104641185,relu,0.001,"(64, 32, 16)",0.0001,"{'clf__activation': 'relu', 'clf__alpha': 0.001, 'clf__early_stopping': False, 'clf__hidden_layer_sizes': (64, 32, 16), 'clf__learning_rate_init': 0.0001}",0.764263724314241,0.7544261430751371,0.7555928081398653,0.7629399846553793,0.830097420821051,0.7734640162011347,0.02858168581575976,512,0.9990802514078543,1.0,1.0,0.9985757940845588,0.9990802514078543,0.9993472593800534,0.0005638946444939761,False
3.0547940254211428,0.16158335794920015,0.005858755111694336,5.456163212609823e-05,relu,0.001,"(64, 32, 16)",0.0005,"{'clf__activation': 'relu', 'clf__alpha': 0.001, 'clf__early_stopping': False, 'clf__hidden_layer_sizes': (64, 32, 16), 'clf__learning_rate_init': 0.0005}",0.7638407005838198,0.7536578695473815,0.7505403108305002,0.7818191323001971,0.8253651642986913,0.775044635512118,0.02742784449606693,474,1.0,1.0,1.0,1.0,1.0,1.0,0.0,False
2.0119998455047607,0.04649384270992979,0.0060822486877441405,0.00014101126931196254,relu,0.001,"(64, 32, 16)",0.001,"{'clf__activation': 'relu', 'clf__alpha': 0.001, 'clf__early_stopping': False, 'clf__hidden_layer_sizes': (64, 32, 16), 'clf__learning_rate_init': 0.001}",0.7941597733189054,0.7459210930068428,0.7563745197519587,0.7767784438828069,0.8522369613393126,0.7850941582599653,0.037466889822101154,301,1.0,1.0,1.0,1.0,1.0,1.0,0.0,False
0.9287637710571289,0.0793669488601447,0.006014633178710938,0.00012693449933140014,relu,0.001,"(64, 32, 16)",0.005,"{'clf__activation': 'relu', 'clf__alpha': 0.001, 'clf__early_stopping': False, 'clf__hidden_layer_sizes': (64, 32, 16), 'clf__learning_rate_init': 0.005}",0.8081551751733318,0.7766264709187858,0.7915314525085632,0.7483506644667,0.8466030313473278,0.7942533588829417,0.03273811849078356,147,1.0,1.0,1.0,1.0,1.0,1.0,0.0,False
0.7560003757476806,0.1737483009668877,0.00579376220703125,0.00019591273475906117,relu,0.001,"(64, 32, 16)",0.01,"{'clf__activation': 'relu', 'clf__alpha': 0.001, 'clf__early_stopping': False, 'clf__hidden_layer_sizes': (64, 32, 16), 'clf__learning_rate_init': 0.01}",0.8060415783417116,0.7769707344268989,0.7624550340459761,0.7765487210118626,0.8273910127431254,0.7898814161139149,0.02351498916078459,220,1.0,0.9828989559346057,1.0,0.9833943036875971,1.0,0.9932586519244406,0.008257917276978062,False
10.036107730865478,0.12937229811366022,0.006264162063598633,0.00015870730957708715,relu,0.001,"(128, 64, 32)",0.0001,"{'clf__activation': 'relu', 'clf__alpha': 0.001, 'clf__early_stopping': False, 'clf__hidden_layer_sizes': (128, 64, 32), 'clf__learning_rate_init': 0.0001}",0.8002048092801686,0.7907166031445396,0.7660902796170872,0.7675850790357893,0.8460714066262551,0.794133635540768,0.029111245216443808,150,1.0,1.0,1.0,1.0,1.0,1.0,0.0,False
3.3388476848602293,0.14163502591510113,0.006908226013183594,0.0002792171842695854,relu,0.001,"(128, 64, 32)",0.0005,"{'clf__activation': 'relu', 'clf__alpha': 0.001, 'clf__early_stopping': False, 'clf__hidden_layer_sizes': (128, 64, 32), 'clf__learning_rate_init': 0.0005}",0.7929062418518578,0.7667107791483294,0.7683379438237673,0.7629254650578181,0.8301044983768626,0.784196985651727,0.025270952028467526,319,1.0,1.0,1.0,1.0,1.0,1.0,0.0,False
2.2408474922180175,0.05920480211236882,0.0067004203796386715,0.0001550902576251191,relu,0.001,"(128, 64, 32)",0.001,"{'clf__activation': 'relu', 'clf__alpha': 0.001, 'clf__early_stopping': False, 'clf__hidden_layer_sizes': (128, 64, 32), 'clf__learning_rate_init': 0.001}",0.7782998744521504,0.7882420091324202,0.7576538086818461,0.7669349689810048,0.8361648318040347,0.7854590986102912,0.02737278936010461,294,1.0,1.0,1.0,1.0,1.0,1.0,0.0,False
1.3385950088500977,0.29211135429146184,0.006739759445190429,0.00022661600534156734,relu,0.001,"(128, 64, 32)",0.005,"{'clf__activation': 'relu', 'clf__alpha': 0.001, 'clf__early_stopping': False, 'clf__hidden_layer_sizes': (128, 64, 32), 'clf__learning_rate_init': 0.005}",0.8027116705169572,0.8061315448378997,0.7268586295986456,0.7927026584384785,0.8236127289272777,0.7904034464638517,0.0333015075504928,210,1.0,1.0,1.0,1.0,0.9783854575824832,0.9956770915164966,0.008645816967006725,False
1.4324758529663086,0.1608468322347032,0.00670156478881836,0.0001178677990819059,relu,0.001,"(128, 64, 32)",0.01,"{'clf__activation': 'relu', 'clf__alpha': 0.001, 'clf__early_stopping': False, 'clf__hidden_layer_sizes': (128, 64, 32), 'clf__learning_rate_init': 0.01}",0.7947327646803886,0.7862585284897657,0.7522161249472351,0.7492722874661705,0.7800101080187427,0.7724979627204605,0.018389980151964663,525,1.0,1.0,1.0,1.0,0.9463557166178319,0.9892711433235665,0.021457713352867235,False
0.5404052257537841,0.0870052245437627,0.00515904426574707,0.0003156860279067062,relu,0.01,"(32,)",0.0001,"{'clf__activation': 'relu', 'clf__alpha': 0.01, 'clf__early_stopping': True, 'clf__hidden_layer_sizes': (32,), 'clf__learning_rate_init': 0.0001}",0.5854657681141338,0.7081118067873463,0.648895558921749,0.6167397488978469,0.648750388025284,0.641592654149272,0.040736365757099186,986,0.6770096371882086,0.7684669253845775,0.6674223826258355,0.6943401972177174,0.671384911399551,0.695724810763178,0.03751545882887547,True
0.34556069374084475,0.09766297364436996,0.005051565170288086,2.9133696778971574e-05,relu,0.01,"(32,)",0.0005,"{'clf__activation': 'relu', 'clf__alpha': 0.01, 'clf__early_stopping': True, 'clf__hidden_layer_sizes': (32,), 'clf__learning_rate_init': 0.0005}",0.7586121581334969,0.7630933993337924,0.7279360912273052,0.722763449194029,0.6687247279690989,0.7282259651715445,0.033791652886799,927,0.80400582888758,0.8860535264251209,0.8728814429416232,0.7954360596965255,0.6734131334271161,0.8063579982755933,0.07559881537431813,True
0.3114799499511719,0.0678303224763276,0.004946088790893555,0.0001490817172124507,relu,0.01,"(32,)",0.001,"{'clf__activation': 'relu', 'clf__alpha': 0.01, 'clf__early_stopping': True, 'clf__hidden_layer_sizes': (32,), 'clf__learning_rate_init': 0.001}",0.8148828910815211,0.7565840687201434,0.7477164473095175,0.7720624423494833,0.7106408215917412,0.7603773342104813,0.03392876387290171,769,0.8785142552600601,0.8949034296405324,0.9099158255997337,0.8973231586255349,0.7470429945883604,0.8655399327428442,0.0600857148766412,True
0.18810338973999025,0.04851100778122291,0.005203056335449219,0.00015525259891296676,relu,0.01,"(32,)",0.005,"{'clf__activation': 'relu', 'clf__alpha': 0.01, 'clf__early_stopping': True, 'clf__hidden_layer_sizes': (32,), 'clf__learning_rate_init': 0.005}",0.7800131907877792,0.7509316843823887,0.7674954117325575,0.7861294009906616,0.8644706116199576,0.7898080599026689,0.03922549034304745,221,0.8547355056177545,0.8335569989808076,0.9227380400880026,0.9063146384440869,0.9583811059541283,0.895145257816956,0.04541134414647493,True
0.16383752822875977,0.026258263054787907,0.005254030227661133,0.0001338035144046394,relu,0.01,"(32,)",0.01,"{'clf__activation': 'relu', 'clf__alpha': 0.01, 'clf__early_stopping': True, 'clf__hidden_layer_sizes': (32,), 'clf__learning_rate_init': 0.01}",0.7715442136113968,0.7836534035788385,0.7614229250258662,0.7882789589497897,0.8412352229862653,0.7892269448304313,0.027649833766968543,235,0.806619572668953,0.8722573998135147,0.9234371487447306,0.9458607378590067,0.9088137246860526,0.8913977167544516,0.04868212947180843,True
0.9542191505432129,0.2622939726650588,0.005435657501220703,0.00043275859042882063,relu,0.01,"(64,)",0.0001,"{'clf__activation': 'relu', 'clf__alpha': 0.01, 'clf__early_stopping': True, 'clf__hidden_layer_sizes': (64,), 'clf__learning_rate_init': 0.0001}",0.6150240970648755,0.6618332737598792,0.6899217261740086,0.721997480502201,0.5431274693283427,0.6463808093658614,0.062445122597868274,982,0.7314202670396994,0.7591881147046864,0.7919837999370923,0.8541942865799356,0.6923858484698148,0.7658344633462456,0.05498082584135535,True
0.5841855525970459,0.053705973961489156,0.005503273010253907,0.00012929266983518277,relu,0.01,"(64,)",0.0005,"{'clf__activation': 'relu', 'clf__alpha': 0.01, 'clf__early_stopping': True, 'clf__hidden_layer_sizes': (64,), 'clf__learning_rate_init': 0.0005}",0.8057046075886698,0.7594370649799593,0.7620573713685271,0.7568431531272539,0.7721988136282413,0.7712482021385303,0.01799792936416554,553,0.9005937405747217,0.9046257414311951,0.8762834559938256,0.9123559867155111,0.8895207162231041,0.8966759281876715,0.012581438712469799,True
0.3615677833557129,0.05067211205854146,0.005419731140136719,0.00017357763330427253,relu,0.01,"(64,)",0.001,"{'clf__activation': 'relu', 'clf__alpha': 0.01, 'clf__early_stopping': True, 'clf__hidden_layer_sizes': (64,), 'clf__learning_rate_init': 0.001}",0.7964577578527676,0.7509579660523057,0.737801616373045,0.7564444136080853,0.7828356538636912,0.7648994815499789,0.021530347911223005,681,0.88094399080727,0.8935422203151469,0.846485129653307,0.9208177586284373,0.8824187049767711,0.8848415608761865,0.023925991635410863,True
0.2423027992248535,0.045190700967769316,0.005370807647705078,0.0001811983334389485,relu,0.01,"(64,)",0.005,"{'clf__activation': 'relu', 'clf__alpha': 0.01, 'clf__early_stopping': True, 'clf__hidden_layer_sizes': (64,), 'clf__learning_rate_init': 0.005}",0.8081656606304493,0.7507420804961732,0.7917065821477586,0.7330622798293298,0.844679826027642,0.7856712858262705,0.04003045443957427,287,0.9505579501027084,0.8814258176915519,0.9492098291551095,0.8576490278183655,0.8705743177556498,0.9018833885046771,0.03991103534479602,True
0.26981654167175295,0.07183568500821576,0.005309629440307617,0.00021229175862309195,relu,0.01,"(64,)",0.01,"{'clf__activation': 'relu', 'clf__alpha': 0.01, 'clf__early_stopping': True, 'clf__hidden_layer_sizes': (64,), 'clf__learning_rate_init': 0.01}",0.8081396088290466,0.7791009629426927,0.7623314851054577,0.7704648072106419,0.813182706163492,0.7866439140502661,0.020377076294636014,271,0.972794707051314,0.9748580743911814,0.9020643286306493,0.9060780924335142,0.8768788094471296,0.9265348023907576,0.03989515283732418,True
1.0732375621795653,0.19560737278649515,0.0061931610107421875,0.00023023789744570577,relu,0.01,"(128,)",0.0001,"{'clf__activation': 'relu', 'clf__alpha': 0.01, 'clf__early_stopping': True, 'clf__hidden_layer_sizes': (128,), 'clf__learning_rate_init': 0.0001}",0.7303205897743713,0.6583565104746374,0.7083019742634565,0.7054760052791414,0.7504115206715718,0.7105733200926357,0.030772629793752167,940,0.7489127447012279,0.757384777194719,0.8260664461004432,0.8354806380555821,0.808309898943059,0.7952309009990063,0.035551745532059746,True
0.9665289402008057,0.26182922330346037,0.006488704681396484,0.00020171505861727392,relu,0.01,"(128,)",0.0005,"{'clf__activation': 'relu', 'clf__alpha': 0.01, 'clf__early_stopping': True, 'clf__hidden_layer_sizes': (128,), 'clf__learning_rate_init': 0.0005}",0.79753640072789,0.754661543378401,0.7549126071432543,0.7553392862513262,0.8285319686263083,0.7781963612254359,0.03008713091006167,418,0.9331490632851767,0.9313790453507517,0.9673056927689109,0.8999848670120748,0.9449502344711294,0.9353537805776087,0.021838662803754842,True
0.5530012607574463,0.12910496577192243,0.006399822235107422,0.0004963515549922929,relu,0.01,"(128,)",0.001,"{'clf__activation': 'relu', 'clf__alpha': 0.01, 'clf__early_stopping': True, 'clf__hidden_layer_sizes': (128,), 'clf__learning_rate_init': 0.001}",0.7937103248429906,0.7633954281013104,0.7608500832159775,0.7617984426474993,0.8261283899562525,0.781176533752806,0.025622677532721176,363,0.9061282723534616,0.9393753082629908,0.9649591380514,0.9031070840208162,0.918386751176279,0.9263913107729896,0.02312090139926573,True
0.3401383399963379,0.040076245827854386,0.006144666671752929,0.0002536210556914836,relu,0.01,"(128,)",0.005,"{'clf__activation': 'relu', 'clf__alpha': 0.01, 'clf__early_stopping': True, 'clf__hidden_layer_sizes': (128,), 'clf__learning_rate_init': 0.005}",0.8062878256403715,0.784163583744419,0.7285777405847288,0.7321275691023598,0.8321454851256176,0.7766604408394993,0.04076221768248076,451,0.883627011527294,0.9260427259384533,0.9088761365253542,0.9230136058742393,0.961327659155643,0.9205774278041968,0.025292842003659367,True
0.3522824764251709,0.029679650990452368,0.006437873840332032,0.0005663557063138795,relu,0.01,"(128,)",0.01,"{'clf__activation': 'relu', 'clf__alpha': 0.01, 'clf__early_stopping': True, 'clf__hidden_layer_sizes': (128,), 'clf__learning_rate_init': 0.01}",0.7864548555974975,0.7687528550956427,0.7543859808334543,0.7652354444300269,0.856214635386865,0.7862087542686973,0.036491536025863844,281,0.8820916878444833,0.9505841391174692,0.9476539810212342,0.9602243258422574,0.9311557529780908,0.9343419773607069,0.027753046691333553,True
1.64972243309021,0.34598355287945837,0.007054901123046875,0.000126391767162447,relu,0.01,"(256,)",0.0001,"{'clf__activation': 'relu', 'clf__alpha': 0.01, 'clf__early_stopping': True, 'clf__hidden_layer_sizes': (256,), 'clf__learning_rate_init': 0.0001}",0.7831992245511696,0.7088803766885958,0.7275747328704543,0.6609847876509058,0.7954080862431099,0.7352094416008471,0.04937145688537965,900,0.8665938055387564,0.8588228987175154,0.7999811682329331,0.8038268083554542,0.8814194872823342,0.8421288336253987,0.03365844013802536,True
1.0937453746795653,0.2328181850213714,0.007003593444824219,0.00045686968292041525,relu,0.01,"(256,)",0.0005,"{'clf__activation': 'relu', 'clf__alpha': 0.01, 'clf__early_stopping': True, 'clf__hidden_layer_sizes': (256,), 'clf__learning_rate_init': 0.0005}",0.819899484638051,0.7613141675768451,0.7730012095015241,0.7477152993703441,0.8184165817193341,0.7840693485612197,0.02975046195725748,324,0.9508563800924483,0.9230754391129893,0.8767726097527571,0.9415359909373285,0.8928543685567312,0.9170189576904508,0.02823626367487261,True
0.9243094444274902,0.12222661756655329,0.007144260406494141,0.00026750723520442505,relu,0.01,"(256,)",0.001,"{'clf__activation': 'relu', 'clf__alpha': 0.01, 'clf__early_stopping': True, 'clf__hidden_layer_sizes': (256,), 'clf__learning_rate_init': 0.001}",0.821629642687757,0.7542053881339595,0.778681924555035,0.7656751914998765,0.822015113063158,0.7884414519879571,0.028334804677141636,246,0.9546545198352401,0.941956131911682,0.8776623738373932,0.9443007371638857,0.9576915644772912,0.9352530654450983,0.02940538010198356,True
0.6805227756500244,0.07151865442911133,0.007322168350219727,0.00029650398595421073,relu,0.01,"(256,)",0.005,"{'clf__activation': 'relu', 'clf__alpha': 0.01, 'clf__early_stopping': True, 'clf__hidden_layer_sizes': (256,), 'clf__learning_rate_init': 0.005}",0.8167832005340139,0.7706684103458297,0.7727919428862825,0.7575212174422008,0.8043227049784545,0.7844174952373562,0.022321992815352916,315,0.9756153875949597,0.9410217862004218,0.9406995777058278,0.9068521977226566,0.9314553738168355,0.9391288646081403,0.022081586616990154,True
0.7076269149780273,0.08415247986664531,0.007480430603027344,0.00041759903748837297,relu,0.01,"(256,)",0.01,"{'clf__activation': 'relu', 'clf__alpha': 0.01, 'clf__early_stopping': True, 'clf__hidden_layer_sizes': (256,), 'clf__learning_rate_init': 0.01}",0.8082645260378893,0.7503981222352623,0.7716397478966192,0.747506162008606,0.8300822232602811,0.7815781562877315,0.032547424237067225,358,0.9775359401741166,0.8884280428873856,0.9340879572236188,0.9543890544149989,0.9494224725958968,0.9407726934592034,0.029652684248946855,True
0.6122541427612305,0.12596500035788258,0.005042934417724609,0.00027319779823372866,relu,0.01,"(32, 16)",0.0001,"{'clf__activation': 'relu', 'clf__alpha': 0.01, 'clf__early_stopping': True, 'clf__hidden_layer_sizes': (32, 16), 'clf__learning_rate_init': 0.0001}",0.47985390834074065,0.6482571926486583,0.6134066624833131,0.6423267975079048,0.5414613240740331,0.58506117701093,0.06487845680534188,991,0.5022102461664203,0.67307578614116,0.640208848711196,0.6943750374026496,0.6596058661236002,0.6338951569090053,0.06816855087403012,True
0.46899728775024413,0.07437294517710355,0.004909229278564453,0.00018494259347097354,relu,0.01,"(32, 16)",0.0005,"{'clf__activation': 'relu', 'clf__alpha': 0.01, 'clf__early_stopping': True, 'clf__hidden_layer_sizes': (32, 16), 'clf__learning_rate_init': 0.0005}",0.7261935391652373,0.7536552208798767,0.7221144235183066,0.7497137910747181,0.7113282247765007,0.7326010398829279,0.016368766853875,912,0.8396446051211198,0.8696971420213693,0.8139706156978168,0.8908468434189865,0.8085004457802606,0.8445319304079106,0.031731709164539365,True
0.3211963653564453,0.08041759406358415,0.005028200149536133,0.00013233768098940704,relu,0.01,"(32, 16)",0.001,"{'clf__activation': 'relu', 'clf__alpha': 0.01, 'clf__early_stopping': True, 'clf__hidden_layer_sizes': (32, 16), 'clf__learning_rate_init': 0.001}",0.7726356456199132,0.7766701405810392,0.7400069859007414,0.7094639572725827,0.6891053148976846,0.7375764088543921,0.0343602518354383,897,0.8765984027176595,0.9227815315217304,0.8142628325930565,0.8348940625474104,0.7692051205250202,0.8435483899809755,0.052592123038648096,True
0.20346546173095703,0.02030690035829158,0.004769706726074218,7.750835097443589e-05,relu,0.01,"(32, 16)",0.005,"{'clf__activation': 'relu', 'clf__alpha': 0.01, 'clf__early_stopping': True, 'clf__hidden_layer_sizes': (32, 16), 'clf__learning_rate_init': 0.005}",0.8037700708691276,0.7757014736391356,0.765454588721239,0.788655446839593,0.7695636899342353,0.7806290540006662,0.013977963874396973,371,0.9279919704803845,0.9002761412452986,0.9254331025640778,0.9350449719021248,0.8558392184522968,0.9089170809288365,0.029021448593978046,True
0.24287333488464355,0.025579892058393755,0.00473637580871582,0.0002545062395057357,relu,0.01,"(32, 16)",0.01,"{'clf__activation': 'relu', 'clf__alpha': 0.01, 'clf__early_stopping': True, 'clf__hidden_layer_sizes': (32, 16), 'clf__learning_rate_init': 0.01}",0.7935012281664702,0.8162148027584832,0.7475189569265421,0.7740447670446353,0.8193515907710569,0.7901262691334375,0.026907690807388508,213,0.9674999662755953,0.9691874264771835,0.9717373356963582,0.960609335693986,0.9493682655844657,0.9636804659455176,0.008051077784341247,True
0.9269246578216552,0.10915099513010487,0.005647039413452149,0.0001565149676916835,relu,0.01,"(64, 32)",0.0001,"{'clf__activation': 'relu', 'clf__alpha': 0.01, 'clf__early_stopping': True, 'clf__hidden_layer_sizes': (64, 32), 'clf__learning_rate_init': 0.0001}",0.7192688157886593,0.6778781422819482,0.6829793953978043,0.669502587932614,0.6955652479580021,0.6890388378718055,0.017316977936686465,957,0.7877415973173614,0.7581386639673915,0.8176220900673142,0.7741532276888876,0.742547966930341,0.7760407091942592,0.0257360898827876,True
0.48929686546325685,0.09236021423842736,0.005452632904052734,0.00021299115457350088,relu,0.01,"(64, 32)",0.0005,"{'clf__activation': 'relu', 'clf__alpha': 0.01, 'clf__early_stopping': True, 'clf__hidden_layer_sizes': (64, 32), 'clf__learning_rate_init': 0.0005}",0.797819355769985,0.7256469835242932,0.6803178997249079,0.7361796750138062,0.7689956489780707,0.7417919126022126,0.039875626303906356,886,0.9025513800202503,0.865769734967164,0.8262146606546409,0.8407439574665363,0.8794264381715529,0.8629412342560288,0.027167209342292335,True
0.4190561294555664,0.0741461627194754,0.005500268936157226,0.00024108569831214177,relu,0.01,"(64, 32)",0.001,"{'clf__activation': 'relu', 'clf__alpha': 0.01, 'clf__early_stopping': True, 'clf__hidden_layer_sizes': (64, 32), 'clf__learning_rate_init': 0.001}",0.7985342254220396,0.730772800754933,0.7536746847494511,0.7382614890863275,0.811927009423548,0.7666340418872599,0.032643682155093175,646,0.9108766442717705,0.8746987832438787,0.9208229717638186,0.8641251944783005,0.9444195525564045,0.9029886292628346,0.02969002495522442,True
0.3162563323974609,0.055112771021327236,0.004949712753295898,0.0007763876257199016,relu,0.01,"(64, 32)",0.005,"{'clf__activation': 'relu', 'clf__alpha': 0.01, 'clf__early_stopping': True, 'clf__hidden_layer_sizes': (64, 32), 'clf__learning_rate_init': 0.005}",0.8089542564924375,0.768052288412769,0.7634713392160711,0.7913085631799632,0.8269652344321152,0.7917503363466711,0.024073048139655894,186,0.9500866535607125,0.9123721754752556,0.9864547322502917,0.9778928360848578,0.9598563280668603,0.9573325450875956,0.025888741225695802,True
0.26735854148864746,0.05655175453768211,0.00522456169128418,0.0001626542221147776,relu,0.01,"(64, 32)",0.01,"{'clf__activation': 'relu', 'clf__alpha': 0.01, 'clf__early_stopping': True, 'clf__hidden_layer_sizes': (64, 32), 'clf__learning_rate_init': 0.01}",0.7954019310026268,0.7871739207172862,0.7710341222905255,0.7249558980377395,0.8122464033479367,0.778162455079223,0.029738434434916115,419,0.928447088666195,0.9339390560516634,0.9837750497209339,0.8891637354105852,0.9045747940431264,0.9279799447785008,0.03225933091914437,True
1.492804718017578,0.48223756140619706,0.006471443176269531,0.0002753631746757981,relu,0.01,"(128, 64)",0.0001,"{'clf__activation': 'relu', 'clf__alpha': 0.01, 'clf__early_stopping': True, 'clf__hidden_layer_sizes': (128, 64), 'clf__learning_rate_init': 0.0001}",0.7803173737514989,0.6568518518518518,0.7838912750004299,0.7040388292708067,0.793186763952893,0.743657218765496,0.05389009297143452,881,0.8597153467759361,0.76435269780073,0.9200788911032828,0.8233418456344131,0.8675797826863625,0.847013712800145,0.051606231624745924,True
0.7655428409576416,0.1626039893084376,0.006244516372680664,0.001148613732078347,relu,0.01,"(128, 64)",0.0005,"{'clf__activation': 'relu', 'clf__alpha': 0.01, 'clf__early_stopping': True, 'clf__hidden_layer_sizes': (128, 64), 'clf__learning_rate_init': 0.0005}",0.7556890332295729,0.7720625686171905,0.786555829228243,0.7728000872189902,0.8426962830451203,0.7859607602678234,0.03000671310228825,283,0.8397732162768554,0.9487798913522988,0.9607316867465405,0.9242970318891933,0.9256285350114475,0.919842072255267,0.04236439415735269,True
0.8790730476379395,0.19590108717200164,0.007033014297485351,0.00018049842863107526,relu,0.01,"(128, 64)",0.001,"{'clf__activation': 'relu', 'clf__alpha': 0.01, 'clf__early_stopping': True, 'clf__hidden_layer_sizes': (128, 64), 'clf__learning_rate_init': 0.001}",0.8205731297555932,0.786485364788117,0.7707607321753044,0.7727572195969266,0.8423576224667336,0.7985868137565351,0.028238929172707112,82,0.9752365215617619,0.949890244159781,0.9736265533894459,0.9794974199891893,0.9420323857857827,0.9640566249771922,0.015104603440568578,True
0.5715258121490479,0.24878281763707388,0.007843208312988282,0.002702809562082531,relu,0.01,"(128, 64)",0.005,"{'clf__activation': 'relu', 'clf__alpha': 0.01, 'clf__early_stopping': True, 'clf__hidden_layer_sizes': (128, 64), 'clf__learning_rate_init': 0.005}",0.8048235197177092,0.7929627327994597,0.7603883776601988,0.7840259794565759,0.8232528945603446,0.7930907008388577,0.020971621109372476,164,0.9792885592858847,0.9709871612464092,0.9087328613630278,0.9574526279839422,0.9114760978704427,0.9455874615499413,0.029811197878640023,True
0.5602074146270752,0.21753035882130425,0.006489372253417969,0.00034388663424140577,relu,0.01,"(128, 64)",0.01,"{'clf__activation': 'relu', 'clf__alpha': 0.01, 'clf__early_stopping': True, 'clf__hidden_layer_sizes': (128, 64), 'clf__learning_rate_init': 0.01}",0.7927291492923092,0.7727271963987006,0.7688336888576061,0.7484785533870078,0.8587327652730129,0.7883002706417273,0.037914611639681045,250,0.9761213812060852,0.9682380531823407,0.8548601398601399,0.8641974195415709,0.9776190002485814,0.9282071988077437,0.056243768004033884,True
2.3207657814025877,0.19637864686039255,0.00792245864868164,0.0001945198377642988,relu,0.01,"(256, 128)",0.0001,"{'clf__activation': 'relu', 'clf__alpha': 0.01, 'clf__early_stopping': True, 'clf__hidden_layer_sizes': (256, 128), 'clf__learning_rate_init': 0.0001}",0.7990156418554476,0.74146189541873,0.7475129498233157,0.7370815116782858,0.7390864378681083,0.7528316873287776,0.023356021528542423,859,0.8848151848226724,0.8680318592921522,0.8577364187330451,0.8713037871728193,0.8395549791484287,0.8642884458338236,0.015094691817627943,True
1.646174383163452,0.27370565400554403,0.008284854888916015,0.0002953406874272815,relu,0.01,"(256, 128)",0.0005,"{'clf__activation': 'relu', 'clf__alpha': 0.01, 'clf__early_stopping': True, 'clf__hidden_layer_sizes': (256, 128), 'clf__learning_rate_init': 0.0005}",0.8112917680194597,0.7670899470899472,0.7578750802393408,0.7862742653953039,0.8427582788645425,0.7930578679217187,0.03085704031602763,165,0.926487187463618,0.915110145250404,0.968681903921303,0.9705667147537776,0.9386835442811554,0.9439058991340517,0.02229138600859896,True
1.2580938339233398,0.22312479815304315,0.008394670486450196,0.00015962314568962325,relu,0.01,"(256, 128)",0.001,"{'clf__activation': 'relu', 'clf__alpha': 0.01, 'clf__early_stopping': True, 'clf__hidden_layer_sizes': (256, 128), 'clf__learning_rate_init': 0.001}",0.8136568166139206,0.782203146882046,0.7715587224843545,0.7855047282684813,0.84780790662981,0.8001462641757225,0.027596176403625,63,0.9284774843090552,0.9331919430308108,0.969843047985957,0.9707351466209602,0.9674424650093478,0.9539380173912262,0.01895321608723178,True
1.0913596153259277,0.16323565071792775,0.008373117446899414,0.000255378356937092,relu,0.01,"(256, 128)",0.005,"{'clf__activation': 'relu', 'clf__alpha': 0.01, 'clf__early_stopping': True, 'clf__hidden_layer_sizes': (256, 128), 'clf__learning_rate_init': 0.005}",0.8049363924363924,0.8139106945524286,0.7633361996408004,0.7722164221276319,0.8404301672101574,0.7989659751934821,0.028154179915334226,77,0.9727399386567831,0.9750871196194368,0.9506139287850891,0.9193302573105502,0.9751362424626299,0.9585814973668978,0.021684550287954595,True
0.9479432106018066,0.1702051752090678,0.008333969116210937,0.0004675210558377255,relu,0.01,"(256, 128)",0.01,"{'clf__activation': 'relu', 'clf__alpha': 0.01, 'clf__early_stopping': True, 'clf__hidden_layer_sizes': (256, 128), 'clf__learning_rate_init': 0.01}",0.7904407251927136,0.7989324485860041,0.7628238438533252,0.7743715931562607,0.8046296580801621,0.7862396537736931,0.015531254402996138,279,0.9161931122392172,0.9663944844905363,0.9622000112815136,0.9425019220585857,0.8709906477549358,0.9316560355649578,0.035147457421780395,True
1.3143234252929688,0.23911010702550572,0.005474615097045899,0.00023078068213130756,relu,0.01,"(64, 32, 16)",0.0001,"{'clf__activation': 'relu', 'clf__alpha': 0.01, 'clf__early_stopping': True, 'clf__hidden_layer_sizes': (64, 32, 16), 'clf__learning_rate_init': 0.0001}",0.717809721486192,0.6518608983182715,0.6457776710701335,0.7055566540504237,0.7176779908198758,0.6877365871489793,0.03214358889299379,964,0.811244846381756,0.7127709199833361,0.6948353803868565,0.7916355508658676,0.7664150888277935,0.7553803572891219,0.0448069277648232,True
0.809278917312622,0.13526648204202646,0.005660343170166016,0.00023532246623057113,relu,0.01,"(64, 32, 16)",0.0005,"{'clf__activation': 'relu', 'clf__alpha': 0.01, 'clf__early_stopping': True, 'clf__hidden_layer_sizes': (64, 32, 16), 'clf__learning_rate_init': 0.0005}",0.7421670912718121,0.7546233034276513,0.7431505118930635,0.7845933607335256,0.8044602277575212,0.7657988990167148,0.0246748286502439,655,0.8218360530029587,0.9369693682442345,0.9108881293531431,0.888359372597484,0.891799826640245,0.889970549967613,0.03819603610072224,True
0.6106500625610352,0.07540214320154301,0.005487489700317383,0.00018742881388429046,relu,0.01,"(64, 32, 16)",0.001,"{'clf__activation': 'relu', 'clf__alpha': 0.01, 'clf__early_stopping': True, 'clf__hidden_layer_sizes': (64, 32, 16), 'clf__learning_rate_init': 0.001}",0.8011901262137109,0.7593761902665784,0.7476851851851851,0.7736096297309206,0.8018027304379696,0.7767327723668729,0.021823987894436268,449,0.9304500111302799,0.9247729563080898,0.9449138588228176,0.9343208864996652,0.87818783114035,0.9225291087802405,0.023125948649765363,True
0.42374744415283205,0.0856201698872759,0.005436515808105469,0.00020824536186849754,relu,0.01,"(64, 32, 16)",0.005,"{'clf__activation': 'relu', 'clf__alpha': 0.01, 'clf__early_stopping': True, 'clf__hidden_layer_sizes': (64, 32, 16), 'clf__learning_rate_init': 0.005}",0.8156954822194548,0.8116841402554877,0.766884054899307,0.7478332668351289,0.8464925462905128,0.7977178980999783,0.03559892717423708,92,0.973843987227849,0.9603531657359045,0.9818998820908803,0.9254247579179211,0.9248064253920693,0.9532656436729248,0.023994427799031107,True
0.30219569206237795,0.03551908688188167,0.005467510223388672,0.0001916776601827152,relu,0.01,"(64, 32, 16)",0.01,"{'clf__activation': 'relu', 'clf__alpha': 0.01, 'clf__early_stopping': True, 'clf__hidden_layer_sizes': (64, 32, 16), 'clf__learning_rate_init': 0.01}",0.790478801896254,0.8143348313771622,0.7492900082918739,0.7095018039586187,0.800950965371628,0.7729112821791073,0.038443409107318395,522,0.9420488437063604,0.9269127603884278,0.8970374014961335,0.8893695086673624,0.8384005817738402,0.8987538192064249,0.03577963039939126,True
1.701556348800659,0.2220980146692557,0.006020355224609375,0.00010343997160700145,relu,0.01,"(128, 64, 32)",0.0001,"{'clf__activation': 'relu', 'clf__alpha': 0.01, 'clf__early_stopping': True, 'clf__hidden_layer_sizes': (128, 64, 32), 'clf__learning_rate_init': 0.0001}",0.7744938622255919,0.7308724631995182,0.755727034903259,0.7518084241367375,0.8217233508578352,0.7669250270645883,0.030704519634778316,639,0.8247365833714593,0.8961404093097356,0.8637770411871293,0.8739578235738996,0.8907834927890824,0.8698790700462613,0.025370722968979242,True
0.7655861854553223,0.05284822001581779,0.005906486511230468,0.000176412001567798,relu,0.01,"(128, 64, 32)",0.0005,"{'clf__activation': 'relu', 'clf__alpha': 0.01, 'clf__early_stopping': True, 'clf__hidden_layer_sizes': (128, 64, 32), 'clf__learning_rate_init': 0.0005}",0.8019251872510219,0.7499384070695114,0.7591984505027982,0.7617629226119792,0.8361670401291303,0.7817984015128883,0.03252160455915887,352,0.9310182326967091,0.9149108133819566,0.8873740759214579,0.9056704522506431,0.8999782936442646,0.9077903735790063,0.014646378197808141,True
0.5686257362365723,0.04928751766720707,0.006234598159790039,0.0001690358738724673,relu,0.01,"(128, 64, 32)",0.001,"{'clf__activation': 'relu', 'clf__alpha': 0.01, 'clf__early_stopping': True, 'clf__hidden_layer_sizes': (128, 64, 32), 'clf__learning_rate_init': 0.001}",0.804971062898721,0.7475101191630015,0.7783529604057128,0.7665697469224678,0.8202001987028912,0.7835208176185589,0.02613926536260007,336,0.9079026426617517,0.9083501921680242,0.9323137857016524,0.886008614967942,0.862484684498352,0.8994119839995445,0.023570265823168426,True
0.44837632179260256,0.06594788401947373,0.006407499313354492,0.00029403284815700373,relu,0.01,"(128, 64, 32)",0.005,"{'clf__activation': 'relu', 'clf__alpha': 0.01, 'clf__early_stopping': True, 'clf__hidden_layer_sizes': (128, 64, 32), 'clf__learning_rate_init': 0.005}",0.8137931276481242,0.7538246273532149,0.7779819209075878,0.7239263537863737,0.8259567267594791,0.7790965512909559,0.03763878767694488,404,0.9404242304284839,0.9045477812253383,0.9678871084245755,0.7945456057088778,0.9017719118966422,0.9018353275367834,0.058941304738357,True
0.5348850727081299,0.14564251319618052,0.0061876773834228516,0.00019122703947343218,relu,0.01,"(128, 64, 32)",0.01,"{'clf__activation': 'relu', 'clf__alpha': 0.01, 'clf__early_stopping': True, 'clf__hidden_layer_sizes': (128, 64, 32), 'clf__learning_rate_init': 0.01}",0.8037510239716122,0.7925290017222606,0.7972080076819292,0.7575512478187043,0.82983718196617,0.7961752926321354,0.02322366583633239,115,0.9201301595917338,0.9684291664879402,0.9733880939763293,0.9234735516395943,0.8874134691490212,0.9345668881689237,0.0322758921981295,True
8.168422174453735,0.1021665695929845,0.00590357780456543,0.0002815031738663932,relu,0.01,"(32,)",0.0001,"{'clf__activation': 'relu', 'clf__alpha': 0.01, 'clf__early_stopping': False, 'clf__hidden_layer_sizes': (32,), 'clf__learning_rate_init': 0.0001}",0.8081288917460021,0.7790352073389946,0.7714924530963464,0.7956282115495205,0.8301725135596619,0.7968914554581051,0.02097360009974532,107,0.9990802514078543,0.9985736545607096,0.998572700082591,1.0,0.9974696927755571,0.9987392597653425,0.0008213049120539491,False
3.038751983642578,0.07864406220362644,0.005034303665161133,0.00020699789378722365,relu,0.01,"(32,)",0.0005,"{'clf__activation': 'relu', 'clf__alpha': 0.01, 'clf__early_stopping': False, 'clf__hidden_layer_sizes': (32,), 'clf__learning_rate_init': 0.0005}",0.7913892486668768,0.7623052159842767,0.7840295205229761,0.7917442308066565,0.8191021454074289,0.7897140722776429,0.018188711520234227,226,1.0,1.0,1.0,1.0,1.0,1.0,0.0,False
1.927579641342163,0.019822490316238242,0.004921483993530274,6.451122141679793e-05,relu,0.01,"(32,)",0.001,"{'clf__activation': 'relu', 'clf__alpha': 0.01, 'clf__early_stopping': False, 'clf__hidden_layer_sizes': (32,), 'clf__learning_rate_init': 0.001}",0.7983372558393869,0.7544685764213943,0.7633657346239485,0.774676281158249,0.8283211287223675,0.7838337953530692,0.02666304879616644,329,1.0,1.0,1.0,1.0,1.0,1.0,0.0,False
0.8667290210723877,0.03365700611556827,0.004894542694091797,0.00016917879979249146,relu,0.01,"(32,)",0.005,"{'clf__activation': 'relu', 'clf__alpha': 0.01, 'clf__early_stopping': False, 'clf__hidden_layer_sizes': (32,), 'clf__learning_rate_init': 0.005}",0.7959059774452848,0.7680789948364206,0.7789334447112717,0.7660908773709447,0.8255000579158818,0.7869018704559607,0.022008125347190686,266,1.0,1.0,1.0,1.0,1.0,1.0,0.0,False
0.6143868923187256,0.024200349165918945,0.004957151412963867,0.00017355800951899693,relu,0.01,"(32,)",0.01,"{'clf__activation': 'relu', 'clf__alpha': 0.01, 'clf__early_stopping': False, 'clf__hidden_layer_sizes': (32,), 'clf__learning_rate_init': 0.01}",0.7994805004063966,0.7626589289855484,0.7267117527354017,0.7510528323028324,0.8103078524376017,0.7700423733735562,0.030921101964367027,580,1.0,1.0,1.0,1.0,1.0,1.0,0.0,False
10.019164848327637,0.23225346134675673,0.005578756332397461,0.00011867709573761574,relu,0.01,"(64,)",0.0001,"{'clf__activation': 'relu', 'clf__alpha': 0.01, 'clf__early_stopping': False, 'clf__hidden_layer_sizes': (64,), 'clf__learning_rate_init': 0.0001}",0.8102246685464034,0.7616221675901649,0.7984382585843575,0.7645792464912933,0.8219809838215104,0.7913690650067459,0.024270019110860647,191,1.0,1.0,1.0,1.0,1.0,1.0,0.0,False
3.6725186824798586,0.04205703821241719,0.005854225158691407,0.0002488911647913287,relu,0.01,"(64,)",0.0005,"{'clf__activation': 'relu', 'clf__alpha': 0.01, 'clf__early_stopping': False, 'clf__hidden_layer_sizes': (64,), 'clf__learning_rate_init': 0.0005}",0.8126905915349312,0.7729019728234117,0.7969904309721882,0.7660780806289726,0.8085823116441611,0.791448677520733,0.01877838545963228,188,1.0,1.0,1.0,1.0,1.0,1.0,0.0,False
2.278837203979492,0.09100935445995303,0.005487489700317383,0.00013491183640465025,relu,0.01,"(64,)",0.001,"{'clf__activation': 'relu', 'clf__alpha': 0.01, 'clf__early_stopping': False, 'clf__hidden_layer_sizes': (64,), 'clf__learning_rate_init': 0.001}",0.823420031224263,0.7688400081094685,0.7990705415439765,0.781388509887275,0.8150500905217886,0.7975538362573543,0.02031394129082701,94,1.0,1.0,1.0,1.0,1.0,1.0,0.0,False
1.0025394916534425,0.06309450612147163,0.005289745330810547,0.00012163726167854129,relu,0.01,"(64,)",0.005,"{'clf__activation': 'relu', 'clf__alpha': 0.01, 'clf__early_stopping': False, 'clf__hidden_layer_sizes': (64,), 'clf__learning_rate_init': 0.005}",0.7981058381498556,0.7798611111111111,0.7736139849171393,0.7724157372764184,0.8246635337112986,0.7897320410331645,0.019735303520115252,224,1.0,1.0,1.0,1.0,1.0,1.0,0.0,False
0.7518924236297607,0.04272996691513762,0.0051743507385253905,8.269123516987081e-05,relu,0.01,"(64,)",0.01,"{'clf__activation': 'relu', 'clf__alpha': 0.01, 'clf__early_stopping': False, 'clf__hidden_layer_sizes': (64,), 'clf__learning_rate_init': 0.01}",0.8159817351598173,0.7826295853269538,0.7448327917312966,0.7613339275103982,0.8338603352222804,0.7877276749901492,0.03313338404145862,255,1.0,1.0,1.0,1.0,1.0,1.0,0.0,False
12.98204002380371,0.5634962969537163,0.006933450698852539,0.0003350233576876796,relu,0.01,"(128,)",0.0001,"{'clf__activation': 'relu', 'clf__alpha': 0.01, 'clf__early_stopping': False, 'clf__hidden_layer_sizes': (128,), 'clf__learning_rate_init': 0.0001}",0.8067308004906089,0.7675007223951829,0.789827404034032,0.7707032906843541,0.8420588156280502,0.7953642066464456,0.02729386992510097,127,1.0,1.0,1.0,1.0,1.0,1.0,0.0,False
4.752356624603271,0.26244998804917186,0.00658259391784668,0.00022641846125772254,relu,0.01,"(128,)",0.0005,"{'clf__activation': 'relu', 'clf__alpha': 0.01, 'clf__early_stopping': False, 'clf__hidden_layer_sizes': (128,), 'clf__learning_rate_init': 0.0005}",0.8307118211734452,0.7854270517842321,0.7843324251329186,0.7707032906843541,0.8413476920878318,0.8025044561725563,0.028062882944626544,37,1.0,1.0,1.0,1.0,1.0,1.0,0.0,False
3.2824987411499023,0.18829589361753526,0.006754112243652344,0.00025773462597450327,relu,0.01,"(128,)",0.001,"{'clf__activation': 'relu', 'clf__alpha': 0.01, 'clf__early_stopping': False, 'clf__hidden_layer_sizes': (128,), 'clf__learning_rate_init': 0.001}",0.8302734185798701,0.7867627843568291,0.7847036116328245,0.7738295082669726,0.8322296198185763,0.8015597885310146,0.024646142000184522,47,1.0,1.0,1.0,1.0,1.0,1.0,0.0,False
1.4764005661010742,0.10664746252841156,0.006195974349975586,4.190891374049515e-05,relu,0.01,"(128,)",0.005,"{'clf__activation': 'relu', 'clf__alpha': 0.01, 'clf__early_stopping': False, 'clf__hidden_layer_sizes': (128,), 'clf__learning_rate_init': 0.005}",0.8221469988488166,0.7961477436552457,0.7907098101374518,0.7583327028958097,0.8296787016061569,0.7994031914286962,0.025325264615713824,72,1.0,1.0,1.0,1.0,1.0,1.0,0.0,False
1.3845797061920166,0.10236954348828972,0.006436777114868164,0.0002885992602120939,relu,0.01,"(128,)",0.01,"{'clf__activation': 'relu', 'clf__alpha': 0.01, 'clf__early_stopping': False, 'clf__hidden_layer_sizes': (128,), 'clf__learning_rate_init': 0.01}",0.8161357879723589,0.7904311193784879,0.7827215314007767,0.7830139116546884,0.8247445631312909,0.7994093827075206,0.017604255535945322,71,1.0,1.0,1.0,1.0,1.0,1.0,0.0,False
18.73269968032837,0.4649877033560845,0.007483100891113282,0.00046497749511814173,relu,0.01,"(256,)",0.0001,"{'clf__activation': 'relu', 'clf__alpha': 0.01, 'clf__early_stopping': False, 'clf__hidden_layer_sizes': (256,), 'clf__learning_rate_init': 0.0001}",0.8170130408266292,0.7868836960541781,0.8025294231140265,0.7716046776203939,0.8127366691611291,0.7981535013552714,0.016848431718082254,86,1.0,1.0,1.0,1.0,1.0,1.0,0.0,False
6.903502559661865,0.30789592650118125,0.007123756408691406,0.0001249347387825795,relu,0.01,"(256,)",0.0005,"{'clf__activation': 'relu', 'clf__alpha': 0.01, 'clf__early_stopping': False, 'clf__hidden_layer_sizes': (256,), 'clf__learning_rate_init': 0.0005}",0.8115856407215125,0.7687006568585516,0.7941310882475133,0.7774647203050861,0.8335913521887022,0.7970946916642732,0.023419367059499215,103,1.0,1.0,1.0,1.0,1.0,1.0,0.0,False
5.084403133392334,0.11963279189841967,0.007140302658081054,0.0002751829512216267,relu,0.01,"(256,)",0.001,"{'clf__activation': 'relu', 'clf__alpha': 0.01, 'clf__early_stopping': False, 'clf__hidden_layer_sizes': (256,), 'clf__learning_rate_init': 0.001}",0.8219249993868043,0.7727537480260562,0.7890636795536697,0.7629905447242908,0.8309707060394251,0.7955407355460492,0.026728734218730534,124,1.0,1.0,1.0,1.0,1.0,1.0,0.0,False
2.7649253368377686,0.25109875981990204,0.007790136337280274,0.00027888694284623885,relu,0.01,"(256,)",0.005,"{'clf__activation': 'relu', 'clf__alpha': 0.01, 'clf__early_stopping': False, 'clf__hidden_layer_sizes': (256,), 'clf__learning_rate_init': 0.005}",0.8221572302431555,0.8058335062201041,0.7837000359318795,0.7851403200667906,0.8471108768708667,0.8087883938665593,0.023852576166866014,5,1.0,1.0,1.0,1.0,1.0,1.0,0.0,False
3.8918694972991945,0.25322343782960394,0.007211208343505859,0.00017616516326772474,relu,0.01,"(256,)",0.01,"{'clf__activation': 'relu', 'clf__alpha': 0.01, 'clf__early_stopping': False, 'clf__hidden_layer_sizes': (256,), 'clf__learning_rate_init': 0.01}",0.8072552058533367,0.8034666615947403,0.7642430368373764,0.7678444444985746,0.8397396737194172,0.796509804500689,0.02791247127365792,112,1.0,1.0,1.0,1.0,1.0,1.0,0.0,False
8.32707371711731,0.14401264711029638,0.0059585094451904295,0.00019393450855483636,relu,0.01,"(32, 16)",0.0001,"{'clf__activation': 'relu', 'clf__alpha': 0.01, 'clf__early_stopping': False, 'clf__hidden_layer_sizes': (32, 16), 'clf__learning_rate_init': 0.0001}",0.8045072584933906,0.7823820501484242,0.7688514692995239,0.7731669988435323,0.8301386980208506,0.7918092949611444,0.02277652881887284,185,1.0,1.0,0.998572700082591,1.0,1.0,0.9997145400165183,0.00057091996696359,False
2.821422004699707,0.1291082308320103,0.005227470397949218,9.539932671294982e-05,relu,0.01,"(32, 16)",0.0005,"{'clf__activation': 'relu', 'clf__alpha': 0.01, 'clf__early_stopping': False, 'clf__hidden_layer_sizes': (32, 16), 'clf__learning_rate_init': 0.0005}",0.807391140857116,0.7891095890410958,0.757494869697338,0.7855295429208472,0.825291745445018,0.7929633775922831,0.022721850088674972,170,1.0,1.0,1.0,1.0,1.0,1.0,0.0,False
1.7942837238311768,0.08296006994741975,0.005132722854614258,0.00012751042880618192,relu,0.01,"(32, 16)",0.001,"{'clf__activation': 'relu', 'clf__alpha': 0.01, 'clf__early_stopping': False, 'clf__hidden_layer_sizes': (32, 16), 'clf__learning_rate_init': 0.001}",0.7996775470904478,0.761503551250095,0.7605234571253988,0.7831688406226458,0.8480443158541546,0.7905835423885483,0.03221389086000485,207,1.0,1.0,1.0,1.0,1.0,1.0,0.0,False
0.7321394443511963,0.04571633174986709,0.0051709175109863285,8.040167370280278e-05,relu,0.01,"(32, 16)",0.005,"{'clf__activation': 'relu', 'clf__alpha': 0.01, 'clf__early_stopping': False, 'clf__hidden_layer_sizes': (32, 16), 'clf__learning_rate_init': 0.005}",0.8100739611604832,0.774507366049715,0.7662456259816689,0.7620446715781402,0.8182032647641636,0.7862149779068341,0.023291837530326653,280,1.0,1.0,1.0,1.0,1.0,1.0,0.0,False
0.5150256156921387,0.085149952927887,0.0051497936248779295,9.202406179903425e-05,relu,0.01,"(32, 16)",0.01,"{'clf__activation': 'relu', 'clf__alpha': 0.01, 'clf__early_stopping': False, 'clf__hidden_layer_sizes': (32, 16), 'clf__learning_rate_init': 0.01}",0.8151014145077673,0.7504783820364992,0.7566998094359414,0.7790230602730602,0.8243791254324305,0.7851363583371398,0.02995024009416414,300,1.0,0.9571465994741799,1.0,1.0,1.0,0.9914293198948361,0.017141360210328038,False
9.210979318618774,0.23537007284114256,0.005969810485839844,0.0002950889484178998,relu,0.01,"(64, 32)",0.0001,"{'clf__activation': 'relu', 'clf__alpha': 0.01, 'clf__early_stopping': False, 'clf__hidden_layer_sizes': (64, 32), 'clf__learning_rate_init': 0.0001}",0.8031481692410382,0.774773839842333,0.7515739895417367,0.7605062692195328,0.8246983512110435,0.7829401238111368,0.02722467652840594,342,1.0,1.0,1.0,1.0,1.0,1.0,0.0,False
3.021980714797974,0.16635998697379714,0.005838584899902344,0.000311366208182182,relu,0.01,"(64, 32)",0.0005,"{'clf__activation': 'relu', 'clf__alpha': 0.01, 'clf__early_stopping': False, 'clf__hidden_layer_sizes': (64, 32), 'clf__learning_rate_init': 0.0005}",0.8084913953241515,0.7870362781987182,0.7602556107984405,0.7744940925087984,0.8359980681885749,0.7932550890037368,0.026603463906110212,162,1.0,1.0,1.0,1.0,1.0,1.0,0.0,False
1.896687126159668,0.05546973970730164,0.005599784851074219,2.286850560195072e-05,relu,0.01,"(64, 32)",0.001,"{'clf__activation': 'relu', 'clf__alpha': 0.01, 'clf__early_stopping': False, 'clf__hidden_layer_sizes': (64, 32), 'clf__learning_rate_init': 0.001}",0.8120563567078867,0.7813458498702816,0.7576073926073926,0.7605769230769232,0.8326626425217976,0.7888498329568563,0.02929116693070852,240,1.0,1.0,1.0,1.0,1.0,1.0,0.0,False
0.8876911640167237,0.038077422531073817,0.005561304092407226,9.511848381875545e-05,relu,0.01,"(64, 32)",0.005,"{'clf__activation': 'relu', 'clf__alpha': 0.01, 'clf__early_stopping': False, 'clf__hidden_layer_sizes': (64, 32), 'clf__learning_rate_init': 0.005}",0.8125241491612494,0.7865641987560228,0.7833238931369771,0.7756495908826653,0.8452307936929286,0.8006585251259686,0.025503201575308276,56,1.0,1.0,1.0,1.0,1.0,1.0,0.0,False
0.7478705883026123,0.046356380282848886,0.005648231506347657,0.00011157802025939875,relu,0.01,"(64, 32)",0.01,"{'clf__activation': 'relu', 'clf__alpha': 0.01, 'clf__early_stopping': False, 'clf__hidden_layer_sizes': (64, 32), 'clf__learning_rate_init': 0.01}",0.8077433310884015,0.7800676869400249,0.7668226229329674,0.7909619984055275,0.8409259259259259,0.7973043130585694,0.02560577229688094,100,1.0,1.0,1.0,1.0,1.0,1.0,0.0,False
10.714754629135133,0.11333245704355228,0.0064697265625,0.00025013374773595143,relu,0.01,"(128, 64)",0.0001,"{'clf__activation': 'relu', 'clf__alpha': 0.01, 'clf__early_stopping': False, 'clf__hidden_layer_sizes': (128, 64), 'clf__learning_rate_init': 0.0001}",0.7993215596692418,0.7844680777716492,0.7661912833520317,0.7898280207998878,0.8357260707551405,0.7951070024695902,0.0229993233772578,131,1.0,1.0,1.0,1.0,1.0,1.0,0.0,False
3.669723701477051,0.15782410231323155,0.007155561447143554,0.00010297713268055937,relu,0.01,"(128, 64)",0.0005,"{'clf__activation': 'relu', 'clf__alpha': 0.01, 'clf__early_stopping': False, 'clf__hidden_layer_sizes': (128, 64), 'clf__learning_rate_init': 0.0005}",0.7968374868609187,0.7810487382238118,0.7709506878036515,0.7984480081185052,0.8558656365623223,0.800630111513842,0.029442850324177924,57,1.0,1.0,1.0,1.0,1.0,1.0,0.0,False
2.42958402633667,0.07849787417745956,0.006914472579956055,0.00021199724232813747,relu,0.01,"(128, 64)",0.001,"{'clf__activation': 'relu', 'clf__alpha': 0.01, 'clf__early_stopping': False, 'clf__hidden_layer_sizes': (128, 64), 'clf__learning_rate_init': 0.001}",0.8164754842998003,0.7900788584857013,0.7788199965826228,0.7936022850883531,0.8479968366532725,0.8053946922219499,0.024566549373420822,19,1.0,1.0,1.0,1.0,1.0,1.0,0.0,False
1.1681671142578125,0.06357267155681084,0.0066090583801269535,0.00019930028380969522,relu,0.01,"(128, 64)",0.005,"{'clf__activation': 'relu', 'clf__alpha': 0.01, 'clf__early_stopping': False, 'clf__hidden_layer_sizes': (128, 64), 'clf__learning_rate_init': 0.005}",0.7887847047479051,0.7908629910687345,0.7718596112884611,0.7755589232217015,0.8404123463085729,0.793495715327075,0.024576999936333412,159,1.0,1.0,1.0,1.0,1.0,1.0,0.0,False
1.037031364440918,0.17709160392812875,0.0067783832550048825,0.0003758040920745082,relu,0.01,"(128, 64)",0.01,"{'clf__activation': 'relu', 'clf__alpha': 0.01, 'clf__early_stopping': False, 'clf__hidden_layer_sizes': (128, 64), 'clf__learning_rate_init': 0.01}",0.8072267948054501,0.7576878348937173,0.758614724710058,0.7873057661726945,0.8661095315631417,0.7953889304290123,0.03995144756572306,126,1.0,0.9813807692219256,0.9737553332851308,1.0,1.0,0.9910272205014113,0.011250817091129755,False
15.893774461746215,0.19544979585817304,0.0077569007873535155,0.00011252876045167806,relu,0.01,"(256, 128)",0.0001,"{'clf__activation': 'relu', 'clf__alpha': 0.01, 'clf__early_stopping': False, 'clf__hidden_layer_sizes': (256, 128), 'clf__learning_rate_init': 0.0001}",0.8335933456935871,0.800744180593574,0.7838250341995179,0.7663588957124193,0.8421309024984691,0.8053304717395134,0.028828331191680507,20,1.0,1.0,1.0,1.0,1.0,1.0,0.0,False
6.191777563095092,0.24847696048622445,0.008537101745605468,0.0002925822212174772,relu,0.01,"(256, 128)",0.0005,"{'clf__activation': 'relu', 'clf__alpha': 0.01, 'clf__early_stopping': False, 'clf__hidden_layer_sizes': (256, 128), 'clf__learning_rate_init': 0.0005}",0.830751263504428,0.8032394894894894,0.7752664582658036,0.7693084362001525,0.8443073232694136,0.8045745941458573,0.029557939751519793,25,1.0,1.0,1.0,1.0,1.0,1.0,0.0,False
4.319927167892456,0.27330834689076644,0.008712387084960938,0.00020536417060766947,relu,0.01,"(256, 128)",0.001,"{'clf__activation': 'relu', 'clf__alpha': 0.01, 'clf__early_stopping': False, 'clf__hidden_layer_sizes': (256, 128), 'clf__learning_rate_init': 0.001}",0.8336389386762258,0.807460545652035,0.7788236259115149,0.7655614433855029,0.8418154554761934,0.8054600018202944,0.029736056077455154,18,1.0,1.0,1.0,1.0,1.0,1.0,0.0,False
2.871435356140137,0.20769300833695634,0.0090057373046875,0.0004834252951562152,relu,0.01,"(256, 128)",0.005,"{'clf__activation': 'relu', 'clf__alpha': 0.01, 'clf__early_stopping': False, 'clf__hidden_layer_sizes': (256, 128), 'clf__learning_rate_init': 0.005}",0.7993742231873646,0.7910952733555474,0.77905693146567,0.7786281917665451,0.851396750878235,0.7999102741306724,0.02689474970031915,67,1.0,1.0,1.0,1.0,1.0,1.0,0.0,False
5.054929113388061,2.5554358938970627,0.008507823944091797,0.0006481968409335661,relu,0.01,"(256, 128)",0.01,"{'clf__activation': 'relu', 'clf__alpha': 0.01, 'clf__early_stopping': False, 'clf__hidden_layer_sizes': (256, 128), 'clf__learning_rate_init': 0.01}",0.800995847578243,0.8063718539391734,0.7792656169334021,0.7530912750034918,0.8503557240881183,0.7980160635084859,0.032211657161340196,89,1.0,1.0,1.0,0.9557934068457958,1.0,0.9911586813691592,0.017682637261681663,False
9.334879779815674,0.23367134507088275,0.005845975875854492,0.0005946905048053776,relu,0.01,"(64, 32, 16)",0.0001,"{'clf__activation': 'relu', 'clf__alpha': 0.01, 'clf__early_stopping': False, 'clf__hidden_layer_sizes': (64, 32, 16), 'clf__learning_rate_init': 0.0001}",0.7667673752489306,0.760063623873908,0.7611306230061468,0.76302478684935,0.8271288961155722,0.7756230610187815,0.02585388781338554,465,0.9990802514078543,1.0,1.0,1.0,0.9990802514078543,0.9996321005631417,0.0004505829484800417,False
3.145453929901123,0.09756299982600493,0.005890750885009765,0.00018331487175532788,relu,0.01,"(64, 32, 16)",0.0005,"{'clf__activation': 'relu', 'clf__alpha': 0.01, 'clf__early_stopping': False, 'clf__hidden_layer_sizes': (64, 32, 16), 'clf__learning_rate_init': 0.0005}",0.7837201047736819,0.7425756756854257,0.7530645076560728,0.7719047502063598,0.8298014201324357,0.7762132916907952,0.030377487371648013,456,1.0,1.0,1.0,1.0,1.0,1.0,0.0,False
2.027474308013916,0.05384939484043112,0.005793619155883789,0.0004468258916197475,relu,0.01,"(64, 32, 16)",0.001,"{'clf__activation': 'relu', 'clf__alpha': 0.01, 'clf__early_stopping': False, 'clf__hidden_layer_sizes': (64, 32, 16), 'clf__learning_rate_init': 0.001}",0.8019677977858981,0.7480502355981152,0.7523650046427601,0.7888756288756289,0.8535212072459373,0.788955974829668,0.03834100110947144,238,1.0,1.0,1.0,1.0,1.0,1.0,0.0,False
0.777289628982544,0.19088517530777047,0.006047677993774414,0.0002468559487156407,relu,0.01,"(64, 32, 16)",0.005,"{'clf__activation': 'relu', 'clf__alpha': 0.01, 'clf__early_stopping': False, 'clf__hidden_layer_sizes': (64, 32, 16), 'clf__learning_rate_init': 0.005}",0.7964154600463581,0.774654728794484,0.7515107080173957,0.7721611721611722,0.8358433493196739,0.7861170836678167,0.028644414228937282,282,0.9886405556047895,1.0,0.9972242434042095,1.0,1.0,0.9971729598017998,0.004399568620575318,False
0.9282023906707764,0.13183987207349807,0.006061697006225586,0.000361042335826918,relu,0.01,"(64, 32, 16)",0.01,"{'clf__activation': 'relu', 'clf__alpha': 0.01, 'clf__early_stopping': False, 'clf__hidden_layer_sizes': (64, 32, 16), 'clf__learning_rate_init': 0.01}",0.811190853932564,0.7767199755303575,0.7651378382714069,0.8025406678949526,0.8409112301942926,0.7993001131647148,0.026684450951404367,75,1.0,1.0,1.0,0.9842467568625511,1.0,0.9968493513725102,0.0063012972549795435,False
9.978809547424316,0.28917781425818245,0.006142902374267578,0.00015696791208514405,relu,0.01,"(128, 64, 32)",0.0001,"{'clf__activation': 'relu', 'clf__alpha': 0.01, 'clf__early_stopping': False, 'clf__hidden_layer_sizes': (128, 64, 32), 'clf__learning_rate_init': 0.0001}",0.7976180799298553,0.7814191717346735,0.7809218314430824,0.7619468512973532,0.8391658358406742,0.7922143540491277,0.0260531021057186,178,1.0,1.0,1.0,1.0,1.0,1.0,0.0,False
3.3522541999816893,0.15074127851700053,0.006610488891601563,0.00010483854581756225,relu,0.01,"(128, 64, 32)",0.0005,"{'clf__activation': 'relu', 'clf__alpha': 0.01, 'clf__early_stopping': False, 'clf__hidden_layer_sizes': (128, 64, 32), 'clf__learning_rate_init': 0.0005}",0.7871614436671325,0.7822090818114016,0.7742263102424067,0.7629254650578181,0.8405930814545777,0.7894230764466673,0.026864814260731854,233,1.0,1.0,1.0,1.0,1.0,1.0,0.0,False
2.31983642578125,0.12447140586512095,0.006525468826293945,0.00012346357350854145,relu,0.01,"(128, 64, 32)",0.001,"{'clf__activation': 'relu', 'clf__alpha': 0.01, 'clf__early_stopping': False, 'clf__hidden_layer_sizes': (128, 64, 32), 'clf__learning_rate_init': 0.001}",0.769680206205705,0.7891414141414141,0.7609701662674926,0.7722523219814241,0.8289184549924404,0.7841925127176952,0.024155140684480624,320,1.0,1.0,1.0,1.0,1.0,1.0,0.0,False
1.3382629871368408,0.050209386771344726,0.007375574111938477,0.0010833134369799798,relu,0.01,"(128, 64, 32)",0.005,"{'clf__activation': 'relu', 'clf__alpha': 0.01, 'clf__early_stopping': False, 'clf__hidden_layer_sizes': (128, 64, 32), 'clf__learning_rate_init': 0.005}",0.8137627569417156,0.8000499258148122,0.7717881323205429,0.7932622540492091,0.8589887363322775,0.8075703610917115,0.029064899272038702,10,1.0,1.0,1.0,1.0,1.0,1.0,0.0,False
1.4340075969696044,0.9474192287806615,0.006864118576049805,0.0003048655825875126,relu,0.01,"(128, 64, 32)",0.01,"{'clf__activation': 'relu', 'clf__alpha': 0.01, 'clf__early_stopping': False, 'clf__hidden_layer_sizes': (128, 64, 32), 'clf__learning_rate_init': 0.01}",0.8136572437296798,0.8142860191061445,0.7715765783551152,0.7691829842621954,0.8176469828921551,0.7972699616690581,0.022010635901463446,101,0.9924655002381424,0.9936834906565811,0.9939693511085467,1.0,0.9635122854649751,0.988726125493649,0.012875463355263255,False
0.543245267868042,0.10162605023690573,0.0052215576171875,0.00012324846841908651,relu,0.1,"(32,)",0.0001,"{'clf__activation': 'relu', 'clf__alpha': 0.1, 'clf__early_stopping': True, 'clf__hidden_layer_sizes': (32,), 'clf__learning_rate_init': 0.0001}",0.5854657681141338,0.7081118067873463,0.648895558921749,0.6114202719465877,0.648750388025284,0.6405287587590202,0.04143501866011977,990,0.6770096371882086,0.7684669253845775,0.667495560893854,0.6976031643455785,0.671384911399551,0.696392039842354,0.037502790428740905,True
0.3414933204650879,0.11792075646697651,0.0051723957061767575,0.0002207969527499736,relu,0.1,"(32,)",0.0005,"{'clf__activation': 'relu', 'clf__alpha': 0.1, 'clf__early_stopping': True, 'clf__hidden_layer_sizes': (32,), 'clf__learning_rate_init': 0.0005}",0.7622669538303698,0.7630933993337924,0.7279360912273052,0.6953346734175644,0.6687247279690989,0.7234711691556261,0.03710472955550191,930,0.8065671668740954,0.8868085102501226,0.8728814429416232,0.752709987026541,0.6734131334271161,0.7984760481038996,0.07891706764282849,True
0.3530297756195068,0.012286012601932284,0.005179357528686523,0.00018160669791604926,relu,0.1,"(32,)",0.001,"{'clf__activation': 'relu', 'clf__alpha': 0.1, 'clf__early_stopping': True, 'clf__hidden_layer_sizes': (32,), 'clf__learning_rate_init': 0.001}",0.8176503694272101,0.7565840687201434,0.757791788641381,0.7694820499799035,0.8072674157572117,0.78175513850517,0.025681890453382504,353,0.8926735516600266,0.8974763435536525,0.904440113126664,0.903578216890796,0.8947000395024445,0.8985736529467168,0.004700663347363663,True
0.19084181785583496,0.03748304530330005,0.005092239379882813,8.694319809296992e-05,relu,0.1,"(32,)",0.005,"{'clf__activation': 'relu', 'clf__alpha': 0.1, 'clf__early_stopping': True, 'clf__hidden_layer_sizes': (32,), 'clf__learning_rate_init': 0.005}",0.7858645014782799,0.7477894631211277,0.7840871104979061,0.7920933898673624,0.8620260229585557,0.7943720975846464,0.03722995598118421,143,0.8514668425315225,0.8344042281128989,0.9198010819708605,0.9143981589036193,0.9460908586782251,0.8932322340394252,0.04278555004570068,True
0.1663848876953125,0.030852728391741604,0.005002260208129883,3.9801195135077815e-05,relu,0.1,"(32,)",0.01,"{'clf__activation': 'relu', 'clf__alpha': 0.1, 'clf__early_stopping': True, 'clf__hidden_layer_sizes': (32,), 'clf__learning_rate_init': 0.01}",0.771165828780384,0.7807176468391421,0.7621115731894645,0.7928082486471659,0.8412352229862653,0.7896077040884844,0.02775181900418411,230,0.806619572668953,0.8697657971696598,0.923085128087514,0.9508315131302496,0.9115015293783101,0.8923607080869373,0.05018220475152116,True
0.952209758758545,0.27282640096816185,0.005665206909179687,0.0003046873997872865,relu,0.1,"(64,)",0.0001,"{'clf__activation': 'relu', 'clf__alpha': 0.1, 'clf__early_stopping': True, 'clf__hidden_layer_sizes': (64,), 'clf__learning_rate_init': 0.0001}",0.6150240970648755,0.6618332737598792,0.697169591106883,0.7210336714591525,0.5431274693283427,0.6476376205438266,0.06328969361412717,981,0.7308792219758354,0.7591881147046864,0.7944328622090164,0.8542883318954354,0.6923858484698148,0.7662348758509576,0.05532069324358992,True
0.5632620811462402,0.05083474819816919,0.005274486541748047,0.0001577783040011577,relu,0.1,"(64,)",0.0005,"{'clf__activation': 'relu', 'clf__alpha': 0.1, 'clf__early_stopping': True, 'clf__hidden_layer_sizes': (64,), 'clf__learning_rate_init': 0.0005}",0.7996856249634745,0.7582090886402594,0.7604916897014071,0.7574286245240371,0.7721988136282413,0.7696027682914839,0.015954655637009377,586,0.8942469849223296,0.8979243845442286,0.8714973871815356,0.914093108141447,0.8895207162231041,0.893456516202529,0.01374153909871696,True
0.3532346248626709,0.05411797464416896,0.0053443431854248045,0.00013756660282615913,relu,0.1,"(64,)",0.001,"{'clf__activation': 'relu', 'clf__alpha': 0.1, 'clf__early_stopping': True, 'clf__hidden_layer_sizes': (64,), 'clf__learning_rate_init': 0.001}",0.8026263429933154,0.7451890987703031,0.734620400010012,0.7537754175994578,0.7811852530162389,0.7634793024778654,0.02493000060422058,717,0.8823526096161572,0.8792814461460404,0.846485129653307,0.9204656119920434,0.884028224915103,0.8825226044645301,0.023457077010734465,True
0.2661606311798096,0.04909546208789675,0.005345964431762695,0.00010293009150163836,relu,0.1,"(64,)",0.005,"{'clf__activation': 'relu', 'clf__alpha': 0.1, 'clf__early_stopping': True, 'clf__hidden_layer_sizes': (64,), 'clf__learning_rate_init': 0.005}",0.8039324467952976,0.7517473459374867,0.7881988806988807,0.7253108298903799,0.832205016651882,0.7802789039947854,0.03782611867377086,379,0.9499938450808486,0.8817769015225245,0.9502952315768292,0.8552950805481376,0.9570454186667148,0.9188812954790109,0.04202682286988682,True
0.23793158531188965,0.05670570870384777,0.005308723449707032,7.043428793880314e-05,relu,0.1,"(64,)",0.01,"{'clf__activation': 'relu', 'clf__alpha': 0.1, 'clf__early_stopping': True, 'clf__hidden_layer_sizes': (64,), 'clf__learning_rate_init': 0.01}",0.8195791650855382,0.7697725205157533,0.7527796821829265,0.7758514543258062,0.8136452297325796,0.7863256103685208,0.02592760123817361,276,0.8894495876564746,0.9471120791729796,0.8431760239663876,0.9818961188964561,0.8760420879920181,0.9075351795368632,0.050113640142597775,True
1.0399543285369872,0.20131536595900762,0.006604146957397461,0.0003182019568842507,relu,0.1,"(128,)",0.0001,"{'clf__activation': 'relu', 'clf__alpha': 0.1, 'clf__early_stopping': True, 'clf__hidden_layer_sizes': (128,), 'clf__learning_rate_init': 0.0001}",0.7311246567138815,0.6583565104746374,0.7083019742634565,0.7054760052791414,0.744648429994688,0.709581515345161,0.029449241094931515,944,0.7462417503954798,0.757384777194719,0.8262394899686236,0.8354806380555821,0.7950296542805466,0.7920752619789903,0.035676575225189605,True
0.7849989891052246,0.12222943634313933,0.006407785415649414,0.0002821378375066948,relu,0.1,"(128,)",0.0005,"{'clf__activation': 'relu', 'clf__alpha': 0.1, 'clf__early_stopping': True, 'clf__hidden_layer_sizes': (128,), 'clf__learning_rate_init': 0.0005}",0.79753640072789,0.7479122284646009,0.7607483047884253,0.7553392862513262,0.8364614334157287,0.7795995307295942,0.0331753540716194,394,0.9331490632851767,0.9313968451349681,0.9086551129753904,0.9004414062825278,0.9436396142795146,0.9234564083915157,0.01620573085395326,True
0.5840853691101074,0.2037369063837356,0.006287193298339844,0.0001930005451705511,relu,0.1,"(128,)",0.001,"{'clf__activation': 'relu', 'clf__alpha': 0.1, 'clf__early_stopping': True, 'clf__hidden_layer_sizes': (128,), 'clf__learning_rate_init': 0.001}",0.7937103248429906,0.7633954281013104,0.770426483892459,0.7617984426474993,0.8261283899562525,0.7830918138881023,0.024358429794712044,339,0.9071681776227231,0.9393753082629908,0.976001851855132,0.9019222828155774,0.918386751176279,0.9285708743465404,0.026975443062379287,True
0.3743772029876709,0.06332021789427042,0.005933284759521484,0.00010737743918262531,relu,0.1,"(128,)",0.005,"{'clf__activation': 'relu', 'clf__alpha': 0.1, 'clf__early_stopping': True, 'clf__hidden_layer_sizes': (128,), 'clf__learning_rate_init': 0.005}",0.8140532071445288,0.7817293507395908,0.7285777405847288,0.7389133531126899,0.8321454851256176,0.7790838273414311,0.04052142061652608,405,0.9713942695680775,0.9239424346235332,0.9068481854607994,0.9221724032856025,0.9587267260371428,0.936616803795031,0.02430543875205299,True
0.3464162349700928,0.0225752094470316,0.006124258041381836,0.00027461316481182315,relu,0.1,"(128,)",0.01,"{'clf__activation': 'relu', 'clf__alpha': 0.1, 'clf__early_stopping': True, 'clf__hidden_layer_sizes': (128,), 'clf__learning_rate_init': 0.01}",0.799857347785006,0.7667648154987463,0.7534731853906611,0.7651088186656696,0.8434546372348497,0.7857317609149865,0.03273264155353365,286,0.9500790630561429,0.9508919471772823,0.9271396448693352,0.910476238688108,0.9321570241143127,0.9341487835810363,0.01514986365830739,True
1.7084182262420655,0.4913325870658766,0.006992435455322266,0.0003783854311463715,relu,0.1,"(256,)",0.0001,"{'clf__activation': 'relu', 'clf__alpha': 0.1, 'clf__early_stopping': True, 'clf__hidden_layer_sizes': (256,), 'clf__learning_rate_init': 0.0001}",0.8122866456578406,0.7088803766885958,0.7275747328704543,0.6609847876509058,0.7995192984588976,0.7418491682653389,0.0567750489458011,885,0.8912773973245284,0.8588228987175154,0.7999811682329331,0.8041594094315953,0.8786566641307749,0.8465795075674694,0.03780903570145058,True
1.0603768825531006,0.2480316586026978,0.007037973403930664,0.00030708118994911585,relu,0.1,"(256,)",0.0005,"{'clf__activation': 'relu', 'clf__alpha': 0.1, 'clf__early_stopping': True, 'clf__hidden_layer_sizes': (256,), 'clf__learning_rate_init': 0.0005}",0.819899484638051,0.7613141675768451,0.7730012095015241,0.7515303897689544,0.8080574456752665,0.7827605394321282,0.026644880750029125,345,0.9508563800924483,0.924462827001086,0.878525545397354,0.9418379897213568,0.8863950003245795,0.916415548507365,0.029100225901453197,True
0.8906122207641601,0.10630958100015385,0.00702519416809082,0.000269279970394779,relu,0.1,"(256,)",0.001,"{'clf__activation': 'relu', 'clf__alpha': 0.1, 'clf__early_stopping': True, 'clf__hidden_layer_sizes': (256,), 'clf__learning_rate_init': 0.001}",0.821629642687757,0.7542053881339595,0.778681924555035,0.7557503210926818,0.8180405551941011,0.7856615663327069,0.029240350799516403,288,0.9558421398227724,0.9422942555386323,0.8776623738373932,0.9484087301099837,0.9576915644772912,0.9363798127572146,0.02986766162786201,True
0.6857977390289307,0.12560439104180554,0.007670879364013672,0.0004208021595678051,relu,0.1,"(256,)",0.005,"{'clf__activation': 'relu', 'clf__alpha': 0.1, 'clf__early_stopping': True, 'clf__hidden_layer_sizes': (256,), 'clf__learning_rate_init': 0.005}",0.8000508130081301,0.7761460460393945,0.7793351527628257,0.7511871636043697,0.8129701190448855,0.7839378588919211,0.021246198309335784,328,0.9765935459727716,0.9362425339957219,0.9415916658629085,0.9056195256706356,0.9329477252595867,0.9385989993523249,0.02270540525031969,True
0.6621355056762696,0.14253027034600885,0.007143974304199219,0.00024514072624170797,relu,0.1,"(256,)",0.01,"{'clf__activation': 'relu', 'clf__alpha': 0.1, 'clf__early_stopping': True, 'clf__hidden_layer_sizes': (256,), 'clf__learning_rate_init': 0.01}",0.8006740644784998,0.7613056442866024,0.774256993006993,0.7413750962943366,0.8355894606424227,0.7826402517417709,0.03273253635577158,347,0.9178529783345735,0.9779612013388306,0.8620786934772535,0.8761797736387896,0.9517512720057918,0.9171647837590478,0.04383412270969483,True
0.6108456611633301,0.14119651558958063,0.00507650375366211,0.00034038043186809087,relu,0.1,"(32, 16)",0.0001,"{'clf__activation': 'relu', 'clf__alpha': 0.1, 'clf__early_stopping': True, 'clf__hidden_layer_sizes': (32, 16), 'clf__learning_rate_init': 0.0001}",0.47985390834074065,0.6447585677610115,0.6134066624833131,0.6331902695427787,0.5524467993452228,0.5847312414946133,0.06134391132184252,994,0.5022102461664203,0.6738250578003261,0.6395744528434787,0.6967848118529539,0.6603614318943498,0.6345512001115058,0.06873279792345961,True
0.46802525520324706,0.10081721734443229,0.004985809326171875,0.00011029605265817237,relu,0.1,"(32, 16)",0.0005,"{'clf__activation': 'relu', 'clf__alpha': 0.1, 'clf__early_stopping': True, 'clf__hidden_layer_sizes': (32, 16), 'clf__learning_rate_init': 0.0005}",0.7362738681463739,0.7717875655345097,0.7221144235183066,0.7133778258778259,0.7139605933144784,0.731502855278299,0.0217715903906974,917,0.8532603822449035,0.902962791032633,0.8130618867405337,0.8167081812865182,0.8076885324096222,0.8387363547428421,0.03590088717016848,True
0.36333789825439455,0.10020843035434875,0.005055856704711914,0.00021059238718595515,relu,0.1,"(32, 16)",0.001,"{'clf__activation': 'relu', 'clf__alpha': 0.1, 'clf__early_stopping': True, 'clf__hidden_layer_sizes': (32, 16), 'clf__learning_rate_init': 0.001}",0.7854844554950524,0.7766701405810392,0.7400069859007414,0.7792215480646464,0.6825813348960367,0.7527928929875032,0.03854990876948299,864,0.8915734177138126,0.9253600070106406,0.8148415362967603,0.9272668220402184,0.7725468806282888,0.8663177327379442,0.06209895774824474,True
0.19825806617736816,0.025664355224331293,0.004924201965332031,0.0001434465823831897,relu,0.1,"(32, 16)",0.005,"{'clf__activation': 'relu', 'clf__alpha': 0.1, 'clf__early_stopping': True, 'clf__hidden_layer_sizes': (32, 16), 'clf__learning_rate_init': 0.005}",0.8048545255457749,0.7815840499829441,0.7645418426336814,0.7660339187297746,0.7813475336411115,0.7796723741066574,0.014529568905830868,393,0.9416977637361829,0.8805513577424496,0.8824639412015963,0.9029679797371738,0.8727586696928696,0.8960879424220545,0.0248951583750673,True
0.21587796211242677,0.027813769970515618,0.0050018310546875,0.0002435705207997021,relu,0.1,"(32, 16)",0.01,"{'clf__activation': 'relu', 'clf__alpha': 0.1, 'clf__early_stopping': True, 'clf__hidden_layer_sizes': (32, 16), 'clf__learning_rate_init': 0.01}",0.8136558179827504,0.7934824384020198,0.7643889646938427,0.759754514353571,0.8111958620479123,0.7884955194960191,0.022717336521336735,245,0.8714492121678955,0.9161386429188287,0.9600928696388619,0.9670287942138448,0.9512528366238048,0.9331924711126472,0.03549019043470282,True
0.9192298412322998,0.10535273796053184,0.005426216125488281,0.00035530465518059123,relu,0.1,"(64, 32)",0.0001,"{'clf__activation': 'relu', 'clf__alpha': 0.1, 'clf__early_stopping': True, 'clf__hidden_layer_sizes': (64, 32), 'clf__learning_rate_init': 0.0001}",0.7192688157886593,0.6770736782939069,0.6829793953978043,0.669502587932614,0.6955652479580021,0.6888779450741973,0.01742333555615536,960,0.7878755519726015,0.7581386639673915,0.8167929026709625,0.775854264384061,0.7443817264028252,0.7766086218795684,0.024988002437251546,True
0.5183535099029541,0.10009241134252433,0.005403280258178711,0.00028137760308188085,relu,0.1,"(64, 32)",0.0005,"{'clf__activation': 'relu', 'clf__alpha': 0.1, 'clf__early_stopping': True, 'clf__hidden_layer_sizes': (64, 32), 'clf__learning_rate_init': 0.0005}",0.797819355769985,0.7281850419084461,0.7335426552141755,0.7361796750138062,0.7752039176612231,0.7541861291135271,0.02746651722958074,854,0.8991666539924082,0.8657684737873816,0.9238192340709513,0.8414876055674843,0.8764864390496576,0.8813456812935767,0.02820112615810935,True
0.46167802810668945,0.175011737014429,0.0054893970489501955,6.0743776328709127e-05,relu,0.1,"(64, 32)",0.001,"{'clf__activation': 'relu', 'clf__alpha': 0.1, 'clf__early_stopping': True, 'clf__hidden_layer_sizes': (64, 32), 'clf__learning_rate_init': 0.001}",0.8014980615049642,0.7340705038601321,0.7816527557519449,0.7380011293054771,0.8064132778984576,0.7723271456641951,0.030794869008888354,529,0.8862362245387796,0.8851982410643499,0.9815130053380887,0.8641251944783005,0.9264893720336013,0.9087124074906241,0.04162225823360421,True
0.3053442478179932,0.06315454039992842,0.005184984207153321,0.00020107768960286792,relu,0.1,"(64, 32)",0.005,"{'clf__activation': 'relu', 'clf__alpha': 0.1, 'clf__early_stopping': True, 'clf__hidden_layer_sizes': (64, 32), 'clf__learning_rate_init': 0.005}",0.7923062165527919,0.7641761659618803,0.7701635743598636,0.8002006880330109,0.8232697338630023,0.7900232757541098,0.021338225513156183,218,0.973829063975431,0.8642810370072735,0.9803175048999634,0.9621237790287755,0.9170345418475758,0.9395171853518038,0.04363250266544087,True
0.24992213249206544,0.044474269905071154,0.005345869064331055,0.00023171579728851503,relu,0.1,"(64, 32)",0.01,"{'clf__activation': 'relu', 'clf__alpha': 0.1, 'clf__early_stopping': True, 'clf__hidden_layer_sizes': (64, 32), 'clf__learning_rate_init': 0.01}",0.8116953806683835,0.7810083813278648,0.8051990213097026,0.724363658506881,0.8292134209471146,0.7902959725519894,0.036408605317103916,212,0.8974830218074212,0.9662413142922673,0.9034235588613626,0.8879026559030354,0.9141021412229929,0.9138305384174158,0.027549100930380967,True
1.5242019176483155,0.49620854076733034,0.006757164001464843,0.0002783019377159983,relu,0.1,"(128, 64)",0.0001,"{'clf__activation': 'relu', 'clf__alpha': 0.1, 'clf__early_stopping': True, 'clf__hidden_layer_sizes': (128, 64), 'clf__learning_rate_init': 0.0001}",0.7803173737514989,0.6568518518518518,0.7873634972226521,0.7079592870947538,0.7900744770010825,0.7445132973843678,0.053319072197205886,879,0.8588751294948948,0.7617881207108985,0.9208098294627732,0.8233418456344131,0.8675797826863625,0.8464789415978686,0.052596296850512717,True
0.7872920989990234,0.27114186147800684,0.0063231468200683595,0.00043966543595666405,relu,0.1,"(128, 64)",0.0005,"{'clf__activation': 'relu', 'clf__alpha': 0.1, 'clf__early_stopping': True, 'clf__hidden_layer_sizes': (128, 64), 'clf__learning_rate_init': 0.0005}",0.7562928208805857,0.733651401442994,0.779539983449936,0.766626428315344,0.8479116083492342,0.7768044484876189,0.038601077099137585,447,0.8397732162768554,0.865056355220106,0.9614488115677068,0.9218574678888126,0.9522346877544897,0.9080741077415941,0.04796777180446584,True
0.927593994140625,0.16152092600156756,0.006792306900024414,0.0002362158588320278,relu,0.1,"(128, 64)",0.001,"{'clf__activation': 'relu', 'clf__alpha': 0.1, 'clf__early_stopping': True, 'clf__hidden_layer_sizes': (128, 64), 'clf__learning_rate_init': 0.001}",0.8154628586638353,0.788759346491332,0.7770944949303148,0.7866424097339141,0.8385089098532496,0.8012936039345291,0.022552643977867604,48,0.9741165810431488,0.9639664681853101,0.982501110206109,0.9748989896622953,0.9468177254761616,0.9684601749146049,0.01232225748287052,True
0.5998880386352539,0.1029847312777852,0.006348562240600586,0.0002923600727134897,relu,0.1,"(128, 64)",0.005,"{'clf__activation': 'relu', 'clf__alpha': 0.1, 'clf__early_stopping': True, 'clf__hidden_layer_sizes': (128, 64), 'clf__learning_rate_init': 0.005}",0.823983726349905,0.7789721826728395,0.766513577891923,0.7697941970310391,0.8352646231691703,0.7949056614229754,0.028861571160795556,136,0.9789977670314409,0.9696262969545628,0.9511831390495651,0.9780510575140571,0.9756811406651975,0.9707078802429647,0.010293329254490733,True
0.565126895904541,0.20228292154686528,0.006559324264526367,0.00013806847705855914,relu,0.1,"(128, 64)",0.01,"{'clf__activation': 'relu', 'clf__alpha': 0.1, 'clf__early_stopping': True, 'clf__hidden_layer_sizes': (128, 64), 'clf__learning_rate_init': 0.01}",0.8090044042167901,0.792372003969363,0.7563541421938225,0.7726016554504926,0.8352932966180283,0.7931251004896993,0.02758329703359558,163,0.9802454800664614,0.9622973282978529,0.8902003176896677,0.8651555191288163,0.980303181877361,0.9356403654120319,0.048431164740951216,True
2.36680212020874,0.23178281944997728,0.007993555068969727,0.00020677061270930983,relu,0.1,"(256, 128)",0.0001,"{'clf__activation': 'relu', 'clf__alpha': 0.1, 'clf__early_stopping': True, 'clf__hidden_layer_sizes': (256, 128), 'clf__learning_rate_init': 0.0001}",0.7990156418554476,0.74146189541873,0.7475129498233157,0.7370815116782858,0.7390864378681083,0.7528316873287776,0.023356021528542423,859,0.8839664866766721,0.86762954406241,0.8587681278352219,0.8698079172833334,0.8395549791484287,0.8639454110012131,0.014632038234430197,True
1.5622323989868163,0.33204522747105253,0.008338689804077148,0.00019342133917018157,relu,0.1,"(256, 128)",0.0005,"{'clf__activation': 'relu', 'clf__alpha': 0.1, 'clf__early_stopping': True, 'clf__hidden_layer_sizes': (256, 128), 'clf__learning_rate_init': 0.0005}",0.8143264179329502,0.7670899470899472,0.7578750802393408,0.7862742653953039,0.8393121660465563,0.7929755753408196,0.030166060992188156,168,0.9257556170804168,0.9159567138270208,0.968681903921303,0.9698536815954387,0.9331347416905669,0.9426765316229494,0.022388339090339802,True
1.4287556648254394,0.32206210586189443,0.008341121673583984,0.0003070638188515755,relu,0.1,"(256, 128)",0.001,"{'clf__activation': 'relu', 'clf__alpha': 0.1, 'clf__early_stopping': True, 'clf__hidden_layer_sizes': (256, 128), 'clf__learning_rate_init': 0.001}",0.822661951800322,0.8207765280303891,0.7698259113353454,0.7855047282684813,0.8540165657056985,0.8105571370280474,0.029753454808488632,1,0.9106962829786491,0.9826623274202689,0.9652245664457921,0.9707351466209602,0.9725881299326872,0.9603812906796716,0.025474344607997745,True
1.2053260803222656,0.21477598671630715,0.008268117904663086,0.00028067382053361496,relu,0.1,"(256, 128)",0.005,"{'clf__activation': 'relu', 'clf__alpha': 0.1, 'clf__early_stopping': True, 'clf__hidden_layer_sizes': (256, 128), 'clf__learning_rate_init': 0.005}",0.804744364674447,0.8033678805735223,0.7805566732429954,0.7842786314350295,0.8308656404913431,0.8007626380834674,0.017937868766194107,55,0.9731261898561472,0.9811621471799316,0.9763473370679809,0.9661307688320274,0.9205288679939165,0.9634590621860006,0.022014085467714595,True
1.1384734630584716,0.15605559776636185,0.008048343658447265,0.0004772360420785174,relu,0.1,"(256, 128)",0.01,"{'clf__activation': 'relu', 'clf__alpha': 0.1, 'clf__early_stopping': True, 'clf__hidden_layer_sizes': (256, 128), 'clf__learning_rate_init': 0.01}",0.7667467020334242,0.8136854386854386,0.7809812753533368,0.789466630089744,0.8394865294142182,0.7980733151152324,0.02571521828984779,87,0.9508253483193523,0.9403265066935682,0.9337668802885005,0.9519068133604971,0.9668581688650387,0.9487367435053914,0.011292710551358234,True
1.484120988845825,0.26580017250325594,0.005589103698730469,0.00032302571597485417,relu,0.1,"(64, 32, 16)",0.0001,"{'clf__activation': 'relu', 'clf__alpha': 0.1, 'clf__early_stopping': True, 'clf__hidden_layer_sizes': (64, 32, 16), 'clf__learning_rate_init': 0.0001}",0.721561749693493,0.6518608983182715,0.7114307556403074,0.7055566540504237,0.7176779908198758,0.7016176097044742,0.02546860338911701,947,0.8107083519317562,0.7109073815348836,0.835292431710544,0.7916355508658676,0.7651795748622142,0.7827446581810531,0.042641320598121014,True
0.7746894836425782,0.13885875050971602,0.005604171752929687,0.00018824928306895712,relu,0.1,"(64, 32, 16)",0.0005,"{'clf__activation': 'relu', 'clf__alpha': 0.1, 'clf__early_stopping': True, 'clf__hidden_layer_sizes': (64, 32, 16), 'clf__learning_rate_init': 0.0005}",0.748147260158025,0.7706251291463577,0.7374799923802622,0.7781567663920604,0.788423270396496,0.7645664836946402,0.018941056747248674,689,0.8225803267687302,0.9335639647317616,0.9076626420842838,0.8918524259316519,0.8606632316170987,0.8832645182267053,0.038451122674250264,True
0.6255128860473633,0.13676337167222982,0.00556488037109375,0.000155470369765568,relu,0.1,"(64, 32, 16)",0.001,"{'clf__activation': 'relu', 'clf__alpha': 0.1, 'clf__early_stopping': True, 'clf__hidden_layer_sizes': (64, 32, 16), 'clf__learning_rate_init': 0.001}",0.8176036228643491,0.7830864229228715,0.7457827106938899,0.7735710500416383,0.8041257820853701,0.7848339177216237,0.024903543131618043,305,0.9251278953988976,0.9594312479854634,0.9530617691246515,0.8899833088230218,0.8670101343128866,0.9189228711289843,0.03571365505879626,True
0.345599365234375,0.015538729831271254,0.005446910858154297,0.0003278644365304296,relu,0.1,"(64, 32, 16)",0.005,"{'clf__activation': 'relu', 'clf__alpha': 0.1, 'clf__early_stopping': True, 'clf__hidden_layer_sizes': (64, 32, 16), 'clf__learning_rate_init': 0.005}",0.8139865271714587,0.7865069961633943,0.763949730209409,0.7364335214752782,0.8274005409664263,0.7856554631971934,0.0329847364812222,291,0.9151433818945395,0.9234556453174483,0.93137783622972,0.9232094943871831,0.930200512203317,0.9246773740064416,0.005830017953717143,True
0.32394981384277344,0.051645681499398605,0.005644416809082032,0.00022702810511678658,relu,0.1,"(64, 32, 16)",0.01,"{'clf__activation': 'relu', 'clf__alpha': 0.1, 'clf__early_stopping': True, 'clf__hidden_layer_sizes': (64, 32, 16), 'clf__learning_rate_init': 0.01}",0.791261564761801,0.8127343614791455,0.7679073637628142,0.7664433499155958,0.7887501858463581,0.7854193651531429,0.017076850025913925,296,0.8805130008770267,0.9447671396718333,0.9261039621775667,0.9713726066806636,0.8244750053177342,0.9094463429449648,0.051801860201277666,True
1.5744476795196534,0.21462052104002105,0.00602116584777832,8.730712578429396e-05,relu,0.1,"(128, 64, 32)",0.0001,"{'clf__activation': 'relu', 'clf__alpha': 0.1, 'clf__early_stopping': True, 'clf__hidden_layer_sizes': (128, 64, 32), 'clf__learning_rate_init': 0.0001}",0.7744938622255919,0.7149525503166558,0.7513597525314579,0.7518084241367375,0.8211541252273725,0.7627537428875633,0.03487982823782317,731,0.8255588143433665,0.83617356978947,0.8637770411871293,0.8739578235738996,0.8835475055627,0.8566029508913131,0.022180019071464146,True
0.8263477802276611,0.09287990995437435,0.006076002120971679,0.00010246892145107216,relu,0.1,"(128, 64, 32)",0.0005,"{'clf__activation': 'relu', 'clf__alpha': 0.1, 'clf__early_stopping': True, 'clf__hidden_layer_sizes': (128, 64, 32), 'clf__learning_rate_init': 0.0005}",0.8033066758211747,0.7484335413024,0.7826937629820346,0.756075636511376,0.8286198934783842,0.7838259020190739,0.029698418780909706,330,0.9440447088702094,0.9147980657430002,0.9333683031109286,0.8922911677692296,0.8986833955167116,0.916637128202016,0.019746149748112847,True
0.6466724872589111,0.11916349619203284,0.006153392791748047,6.18445845571607e-05,relu,0.1,"(128, 64, 32)",0.001,"{'clf__activation': 'relu', 'clf__alpha': 0.1, 'clf__early_stopping': True, 'clf__hidden_layer_sizes': (128, 64, 32), 'clf__learning_rate_init': 0.001}",0.7963610402522616,0.7703817696214076,0.7822230877233474,0.7639538424065279,0.8290626040626041,0.7883964688132297,0.02313979671923765,247,0.9802489676579875,0.9372453251424823,0.926821541408468,0.9145056528215271,0.8631661248656827,0.9243975223792293,0.03778216237494156,True
0.5633689403533936,0.130909049291613,0.0061298847198486325,0.00012846152340723258,relu,0.1,"(128, 64, 32)",0.005,"{'clf__activation': 'relu', 'clf__alpha': 0.1, 'clf__early_stopping': True, 'clf__hidden_layer_sizes': (128, 64, 32), 'clf__learning_rate_init': 0.005}",0.8270724457551301,0.758637151932033,0.7776433046961748,0.7700531346848358,0.8422859374750905,0.7951383949086528,0.03319748055017744,130,0.9877290532952161,0.9108066499638435,0.9801027187147047,0.9701947431051445,0.9023040629438155,0.9502274456045449,0.03618907356333328,True
0.4401550769805908,0.018309810485411887,0.006215810775756836,0.0001201293724276822,relu,0.1,"(128, 64, 32)",0.01,"{'clf__activation': 'relu', 'clf__alpha': 0.1, 'clf__early_stopping': True, 'clf__hidden_layer_sizes': (128, 64, 32), 'clf__learning_rate_init': 0.01}",0.8366341668923596,0.7631842532268666,0.7884378838444371,0.7736717904221426,0.8193803573067772,0.7962616903385167,0.0276768567494349,114,0.9142372806062663,0.8972426593967291,0.8907360745755649,0.9275431583915722,0.8739551486102197,0.9007428643160704,0.018602817107481476,True
8.079671382904053,0.18214416067850359,0.005867576599121094,0.0003233790852473571,relu,0.1,"(32,)",0.0001,"{'clf__activation': 'relu', 'clf__alpha': 0.1, 'clf__early_stopping': False, 'clf__hidden_layer_sizes': (32,), 'clf__learning_rate_init': 0.0001}",0.808497968685119,0.7764272583254971,0.7749216468409431,0.7994386370994031,0.8328293746842776,0.7984229771270479,0.021552082886599506,83,0.9990802514078543,0.9962246514767523,0.9962173713870627,0.9985757940845588,0.9960411683923652,0.9972278473497186,0.001317879491685873,False
3.274355888366699,0.20205376576652803,0.0050884723663330075,8.828554673263021e-05,relu,0.1,"(32,)",0.0005,"{'clf__activation': 'relu', 'clf__alpha': 0.1, 'clf__early_stopping': False, 'clf__hidden_layer_sizes': (32,), 'clf__learning_rate_init': 0.0005}",0.7920897610924564,0.7617156862745098,0.7801112235344577,0.8001527754526041,0.8186092259676164,0.7905357344643289,0.019090777915563056,209,1.0,1.0,1.0,1.0,1.0,1.0,0.0,False
2.479281854629517,0.1844106848032038,0.004862594604492188,7.024806703790262e-05,relu,0.1,"(32,)",0.001,"{'clf__activation': 'relu', 'clf__alpha': 0.1, 'clf__early_stopping': False, 'clf__hidden_layer_sizes': (32,), 'clf__learning_rate_init': 0.001}",0.7885127716453392,0.7643627079525924,0.7819236298117577,0.7680603952357187,0.83139417225612,0.7868507353803056,0.023958066545021618,268,1.0,1.0,1.0,1.0,1.0,1.0,0.0,False
1.2187540054321289,0.1829030225262165,0.004935121536254883,9.387864081643149e-05,relu,0.1,"(32,)",0.005,"{'clf__activation': 'relu', 'clf__alpha': 0.1, 'clf__early_stopping': False, 'clf__hidden_layer_sizes': (32,), 'clf__learning_rate_init': 0.005}",0.7735926167112945,0.755139215278994,0.7239920141556906,0.7613465481886534,0.8091561188410251,0.7646453026351316,0.027623195073726233,685,0.9455618528325412,0.9942018625346731,0.946353789990683,1.0,0.9891222410572451,0.9750479492830285,0.024001448198646528,False
0.700974702835083,0.029435162225612006,0.004930305480957031,0.00010950826697425078,relu,0.1,"(32,)",0.01,"{'clf__activation': 'relu', 'clf__alpha': 0.1, 'clf__early_stopping': False, 'clf__hidden_layer_sizes': (32,), 'clf__learning_rate_init': 0.01}",0.774803827472879,0.7762089327270865,0.6933229966374764,0.7471727341581225,0.7930563313732184,0.7569129644737567,0.035035172146106935,824,0.9284669161686756,0.9162531617567613,0.8810675508719208,0.9382739554269148,0.9088220361479269,0.91457672407444,0.019561634774927047,False
10.1938871383667,0.15074379581814432,0.005440998077392578,7.536522536526164e-05,relu,0.1,"(64,)",0.0001,"{'clf__activation': 'relu', 'clf__alpha': 0.1, 'clf__early_stopping': False, 'clf__hidden_layer_sizes': (64,), 'clf__learning_rate_init': 0.0001}",0.8072500132240572,0.7705608782488002,0.7986493874258862,0.7675558256563275,0.82501309740122,0.7938058403912581,0.02194306341288298,153,1.0,1.0,1.0,1.0,1.0,1.0,0.0,False
4.370255327224731,0.11865895906761327,0.005515527725219726,0.00018454931146930355,relu,0.1,"(64,)",0.0005,"{'clf__activation': 'relu', 'clf__alpha': 0.1, 'clf__early_stopping': False, 'clf__hidden_layer_sizes': (64,), 'clf__learning_rate_init': 0.0005}",0.8126905915349312,0.7746398209526089,0.7978435583467932,0.774277274866972,0.8201154014031278,0.7959133294208867,0.0189294670563817,117,1.0,1.0,1.0,1.0,1.0,1.0,0.0,False
4.184346675872803,0.16486352990831307,0.005729818344116211,0.00013303120915796914,relu,0.1,"(64,)",0.001,"{'clf__activation': 'relu', 'clf__alpha': 0.1, 'clf__early_stopping': False, 'clf__hidden_layer_sizes': (64,), 'clf__learning_rate_init': 0.001}",0.8277478891955334,0.781755805770584,0.7933399663397691,0.784744239500337,0.8230298349869543,0.8021235471586354,0.019430472415864413,42,1.0,1.0,1.0,1.0,1.0,1.0,0.0,False
1.4751927852630615,0.28732523348984557,0.005256032943725586,6.71678244089389e-05,relu,0.1,"(64,)",0.005,"{'clf__activation': 'relu', 'clf__alpha': 0.1, 'clf__early_stopping': False, 'clf__hidden_layer_sizes': (64,), 'clf__learning_rate_init': 0.005}",0.7785651505163701,0.7137070501274594,0.7431205664107241,0.7480811440299767,0.7642017703102963,0.7495351362789653,0.021839251075837375,867,0.9414101915977385,0.8933985591138336,0.9849658823532057,0.9610678629593435,0.8705966351301389,0.9302878262308522,0.04239024372926784,False
0.7495449542999267,0.18606744470573516,0.005175352096557617,0.00012314932374950723,relu,0.1,"(64,)",0.01,"{'clf__activation': 'relu', 'clf__alpha': 0.1, 'clf__early_stopping': False, 'clf__hidden_layer_sizes': (64,), 'clf__learning_rate_init': 0.01}",0.7602821764005974,0.7748227675791204,0.6902835940247154,0.7689659957343731,0.8059304259597445,0.7600569919397102,0.038131740564214436,778,0.9739290989144035,0.9900489017185942,0.8941352653947463,0.9409877310250749,0.9467493933028803,0.94917007807114,0.03281989780658097,False
14.305536651611328,0.45174752690771247,0.006378555297851562,0.00022033770534988823,relu,0.1,"(128,)",0.0001,"{'clf__activation': 'relu', 'clf__alpha': 0.1, 'clf__early_stopping': False, 'clf__hidden_layer_sizes': (128,), 'clf__learning_rate_init': 0.0001}",0.8174594848906775,0.7805204862935633,0.789827404034032,0.7815454660828732,0.8321604142521324,0.8003026511106557,0.020795051594391965,59,1.0,1.0,1.0,1.0,1.0,1.0,0.0,False
9.224292993545532,0.5629608469675483,0.006091403961181641,5.371468467266573e-05,relu,0.1,"(128,)",0.0005,"{'clf__activation': 'relu', 'clf__alpha': 0.1, 'clf__early_stopping': False, 'clf__hidden_layer_sizes': (128,), 'clf__learning_rate_init': 0.0005}",0.8167793715738921,0.8098895627565403,0.7958834883297912,0.7821810542398777,0.840463814868215,0.8090394583536634,0.019710771346218528,3,1.0,1.0,1.0,1.0,1.0,1.0,0.0,False
7.494641637802124,0.3985682482717814,0.0062197685241699215,0.00014539527341346744,relu,0.1,"(128,)",0.001,"{'clf__activation': 'relu', 'clf__alpha': 0.1, 'clf__early_stopping': False, 'clf__hidden_layer_sizes': (128,), 'clf__learning_rate_init': 0.001}",0.8315495137046861,0.8170845735592251,0.7734696187820269,0.7794697189220515,0.8394973544973545,0.8082141558930689,0.026964002909526632,6,1.0,1.0,1.0,1.0,1.0,1.0,0.0,False
2.02519211769104,0.3603289791535619,0.006310558319091797,0.0003138525222969,relu,0.1,"(128,)",0.005,"{'clf__activation': 'relu', 'clf__alpha': 0.1, 'clf__early_stopping': False, 'clf__hidden_layer_sizes': (128,), 'clf__learning_rate_init': 0.005}",0.7901793895128144,0.7633939240650974,0.7281214166720755,0.759744455994456,0.8031037809612209,0.7689085934411329,0.02607582941083926,601,0.8775162387062828,0.9781088817506427,0.9406267189885136,0.9745156073340264,0.9669041257008715,0.9475343144960675,0.037385103250150306,False
1.0125483512878417,0.13360741086634692,0.006113815307617188,0.0001620726922921758,relu,0.1,"(128,)",0.01,"{'clf__activation': 'relu', 'clf__alpha': 0.1, 'clf__early_stopping': False, 'clf__hidden_layer_sizes': (128,), 'clf__learning_rate_init': 0.01}",0.7598446480790562,0.7727014358099755,0.7188025667206853,0.7643634353173278,0.8410379974070881,0.7713500166668266,0.03949850962882363,551,0.8629688783228874,0.9591100785456212,0.9216542183478685,0.998257485274739,0.9554729288905826,0.9394927178763398,0.045315816127498264,False
31.08268427848816,1.1341768091086366,0.007754802703857422,0.000632500935636078,relu,0.1,"(256,)",0.0001,"{'clf__activation': 'relu', 'clf__alpha': 0.1, 'clf__early_stopping': False, 'clf__hidden_layer_sizes': (256,), 'clf__learning_rate_init': 0.0001}",0.8105364183070023,0.8012933157683717,0.7951072447758446,0.7649380109537272,0.833353137873775,0.8010456255357441,0.02223931675300907,52,1.0,1.0,1.0,1.0,1.0,1.0,0.0,False
17.454245710372923,0.3896855651289018,0.008563518524169922,0.00032010835266144523,relu,0.1,"(256,)",0.0005,"{'clf__activation': 'relu', 'clf__alpha': 0.1, 'clf__early_stopping': False, 'clf__hidden_layer_sizes': (256,), 'clf__learning_rate_init': 0.0005}",0.8091768560078418,0.797604485219164,0.7971483160943583,0.7752289299598514,0.8326529299168395,0.802362303439611,0.018708301011773096,40,1.0,1.0,1.0,1.0,1.0,1.0,0.0,False
12.283472490310668,1.177893899987918,0.007820034027099609,0.00045758282546202816,relu,0.1,"(256,)",0.001,"{'clf__activation': 'relu', 'clf__alpha': 0.1, 'clf__early_stopping': False, 'clf__hidden_layer_sizes': (256,), 'clf__learning_rate_init': 0.001}",0.8056206254804386,0.7991905017593388,0.7978355708724428,0.771893462826031,0.8418594228266733,0.803279916752985,0.02247367755131575,33,1.0,1.0,1.0,1.0,1.0,1.0,0.0,False
2.9693110942840577,0.562833110357876,0.007732772827148437,0.0002126865636608674,relu,0.1,"(256,)",0.005,"{'clf__activation': 'relu', 'clf__alpha': 0.1, 'clf__early_stopping': False, 'clf__hidden_layer_sizes': (256,), 'clf__learning_rate_init': 0.005}",0.7839789486757538,0.7790063617735383,0.7263784817516322,0.7363280512416308,0.8051754504286149,0.766173458774234,0.02992411325352064,652,0.9578053238093748,0.9618829376437553,0.921777360427361,0.9534222066515162,0.9434905142313943,0.9476756685526804,0.014322827871716003,False
1.8412588596343995,0.3133773444315442,0.007444190979003906,0.0001530749326494925,relu,0.1,"(256,)",0.01,"{'clf__activation': 'relu', 'clf__alpha': 0.1, 'clf__early_stopping': False, 'clf__hidden_layer_sizes': (256,), 'clf__learning_rate_init': 0.01}",0.7954143908232861,0.7681919437970536,0.7098351810140571,0.7534553549923836,0.8334708189640101,0.772073537918158,0.04135151294127705,535,0.9436420271068467,0.9205046445977348,0.916399284761607,0.9652424576663319,0.9337326524459509,0.9359042133156942,0.01756650776366476,False
8.238753461837769,0.2488063671001846,0.005396509170532226,0.00022413084287426987,relu,0.1,"(32, 16)",0.0001,"{'clf__activation': 'relu', 'clf__alpha': 0.1, 'clf__early_stopping': False, 'clf__hidden_layer_sizes': (32, 16), 'clf__learning_rate_init': 0.0001}",0.7960055937761203,0.7795019439106868,0.7721810100789555,0.7621904908922507,0.838015525863603,0.7895789129043231,0.026614904430134697,231,1.0,1.0,0.998572700082591,1.0,1.0,0.9997145400165183,0.00057091996696359,False
3.0790992259979246,0.1770711591308119,0.0051556587219238285,0.00013487139879576895,relu,0.1,"(32, 16)",0.0005,"{'clf__activation': 'relu', 'clf__alpha': 0.1, 'clf__early_stopping': False, 'clf__hidden_layer_sizes': (32, 16), 'clf__learning_rate_init': 0.0005}",0.8212937519554897,0.7964848469780971,0.7855523809807697,0.7889910813823857,0.8194444787111339,0.8023533080015751,0.015140063521397412,41,1.0,1.0,1.0,1.0,1.0,1.0,0.0,False
2.257641839981079,0.22960598711760857,0.005260753631591797,0.0001299942752714834,relu,0.1,"(32, 16)",0.001,"{'clf__activation': 'relu', 'clf__alpha': 0.1, 'clf__early_stopping': False, 'clf__hidden_layer_sizes': (32, 16), 'clf__learning_rate_init': 0.001}",0.8067408927824449,0.7840022490081533,0.7660236737613992,0.7894661810084245,0.8393028480111078,0.7971071689143059,0.024777373802940074,102,1.0,1.0,1.0,1.0,1.0,1.0,0.0,False
1.4100247859954833,0.13882616610014786,0.005324888229370117,0.00018019791663537643,relu,0.1,"(32, 16)",0.005,"{'clf__activation': 'relu', 'clf__alpha': 0.1, 'clf__early_stopping': False, 'clf__hidden_layer_sizes': (32, 16), 'clf__learning_rate_init': 0.005}",0.8258224056724739,0.7742740122202998,0.7723456121343445,0.7729870045664639,0.8194293169320916,0.7929716703051347,0.024304737963699564,169,0.9877604522670311,0.9706653334557951,1.0,0.9531627103549088,0.8992423399022651,0.9621661671960002,0.03521128352227746,False
0.5135763168334961,0.22542092730388205,0.005310440063476562,2.6135548603760743e-05,relu,0.1,"(32, 16)",0.01,"{'clf__activation': 'relu', 'clf__alpha': 0.1, 'clf__early_stopping': False, 'clf__hidden_layer_sizes': (32, 16), 'clf__learning_rate_init': 0.01}",0.8206695845317716,0.7444133678004646,0.7528788275437142,0.7794559635437446,0.8419363110326858,0.7878708108904762,0.03790154554191866,252,0.9887093074047208,0.9490302646327669,0.9790648414082846,0.9242885977271005,0.9350628624844142,0.9552311747314575,0.024865575445452974,False
9.541259527206421,0.38773190318839923,0.0067542076110839845,0.00024521980337836115,relu,0.1,"(64, 32)",0.0001,"{'clf__activation': 'relu', 'clf__alpha': 0.1, 'clf__early_stopping': False, 'clf__hidden_layer_sizes': (64, 32), 'clf__learning_rate_init': 0.0001}",0.8168600848866503,0.7721414395179791,0.7500990089722483,0.7578889100206112,0.8259874513259753,0.7845953789446929,0.031024669334100155,312,1.0,1.0,1.0,1.0,1.0,1.0,0.0,False
4.826010894775391,0.5017649596787084,0.005949974060058594,0.0002481881295851498,relu,0.1,"(64, 32)",0.0005,"{'clf__activation': 'relu', 'clf__alpha': 0.1, 'clf__early_stopping': False, 'clf__hidden_layer_sizes': (64, 32), 'clf__learning_rate_init': 0.0005}",0.8124350399848166,0.7858973887554086,0.758965559622126,0.7742637753827012,0.832349372984375,0.7927822273458854,0.02640338288957386,171,1.0,1.0,1.0,1.0,1.0,1.0,0.0,False
5.455472946166992,0.4702325156417446,0.005986070632934571,0.00019013684220918,relu,0.1,"(64, 32)",0.001,"{'clf__activation': 'relu', 'clf__alpha': 0.1, 'clf__early_stopping': False, 'clf__hidden_layer_sizes': (64, 32), 'clf__learning_rate_init': 0.001}",0.8160874038867731,0.783011403011403,0.7424519527470733,0.7813966004755478,0.8401326124917674,0.7926159945225131,0.033296516661372164,173,1.0,1.0,1.0,1.0,1.0,1.0,0.0,False
1.590655517578125,0.07787737456318299,0.005810451507568359,0.00034074552446080166,relu,0.1,"(64, 32)",0.005,"{'clf__activation': 'relu', 'clf__alpha': 0.1, 'clf__early_stopping': False, 'clf__hidden_layer_sizes': (64, 32), 'clf__learning_rate_init': 0.005}",0.8146885970243161,0.7866607360701009,0.7357174332006546,0.7802620172307362,0.8502807778392385,0.7935219122730092,0.03803644494421692,158,0.9870146498712953,0.9885124570989513,0.9373809014330803,0.9887697378911162,0.9926889151600637,0.9788733322909013,0.020830865422827322,False
0.7937020778656005,0.17146447400801126,0.005739688873291016,5.740652033644886e-05,relu,0.1,"(64, 32)",0.01,"{'clf__activation': 'relu', 'clf__alpha': 0.1, 'clf__early_stopping': False, 'clf__hidden_layer_sizes': (64, 32), 'clf__learning_rate_init': 0.01}",0.798978604504836,0.7512841839111052,0.7792263420284355,0.7553923433880656,0.8014300561911789,0.7772623060047243,0.02103660286019726,441,0.9897677081162216,0.9708710965289371,0.9849545240729132,0.9409890266149532,0.9493504466127863,0.9671865603891623,0.019202199369855146,False
13.398735523223877,0.7288297406067465,0.006842851638793945,0.00020494752840119156,relu,0.1,"(128, 64)",0.0001,"{'clf__activation': 'relu', 'clf__alpha': 0.1, 'clf__early_stopping': False, 'clf__hidden_layer_sizes': (128, 64), 'clf__learning_rate_init': 0.0001}",0.8086539895600298,0.7935954275721901,0.7722153797375738,0.7866615018366812,0.8433808467640769,0.8009014290941103,0.024263741399784274,53,1.0,1.0,1.0,1.0,1.0,1.0,0.0,False
13.448196363449096,0.7644053068713471,0.006911754608154297,0.00021524299389637575,relu,0.1,"(128, 64)",0.0005,"{'clf__activation': 'relu', 'clf__alpha': 0.1, 'clf__early_stopping': False, 'clf__hidden_layer_sizes': (128, 64), 'clf__learning_rate_init': 0.0005}",0.801288968963065,0.7858546500792097,0.7914594362290246,0.7885667600373483,0.8475450220386831,0.8029429674694661,0.022902560572853864,36,1.0,1.0,1.0,1.0,1.0,1.0,0.0,False
9.692097520828247,1.0722518006990602,0.007051658630371094,0.00016870929934615684,relu,0.1,"(128, 64)",0.001,"{'clf__activation': 'relu', 'clf__alpha': 0.1, 'clf__early_stopping': False, 'clf__hidden_layer_sizes': (128, 64), 'clf__learning_rate_init': 0.001}",0.7709814909339279,0.7960852674899072,0.7903223965146462,0.7863370644700568,0.8282307587555575,0.7943913956328191,0.018854306355499208,142,0.962292557881163,1.0,1.0,1.0,1.0,0.9924585115762327,0.015082976847534811,False
1.82480845451355,0.4835545964313053,0.007091999053955078,0.00037103789781331773,relu,0.1,"(128, 64)",0.005,"{'clf__activation': 'relu', 'clf__alpha': 0.1, 'clf__early_stopping': False, 'clf__hidden_layer_sizes': (128, 64), 'clf__learning_rate_init': 0.005}",0.8014688238468463,0.794305083295909,0.7666083573630982,0.7377696063487282,0.843036003757792,0.7886375749224748,0.03529528952415949,243,0.9826460425434912,0.9833008739980497,0.9874808750622953,0.9504152262639465,0.9771221449503446,0.9761930325636256,0.013303658770299738,False
1.0326122760772705,0.12617738097424044,0.00715327262878418,0.00030779393486155844,relu,0.1,"(128, 64)",0.01,"{'clf__activation': 'relu', 'clf__alpha': 0.1, 'clf__early_stopping': False, 'clf__hidden_layer_sizes': (128, 64), 'clf__learning_rate_init': 0.01}",0.7696201964260813,0.7766806722689076,0.7896963142175657,0.7652528591608421,0.8336440012140491,0.7869788086574891,0.024756473682731713,264,0.9896177548208245,0.9565927428532437,0.9899843425626914,0.9980795083366142,0.9702909002859176,0.9809130497718582,0.015212198597568222,False
50.900158643722534,0.5842685908796073,0.007894039154052734,0.000326245418528248,relu,0.1,"(256, 128)",0.0001,"{'clf__activation': 'relu', 'clf__alpha': 0.1, 'clf__early_stopping': False, 'clf__hidden_layer_sizes': (256, 128), 'clf__learning_rate_init': 0.0001}",0.8309712329737723,0.8068764568764568,0.7833789368010646,0.7743346107262378,0.8411691004509746,0.8073460675657012,0.0259482028975781,11,1.0,1.0,1.0,1.0,1.0,1.0,0.0,False
23.791993856430054,1.1093642227542757,0.00776824951171875,0.00014359273115494567,relu,0.1,"(256, 128)",0.0005,"{'clf__activation': 'relu', 'clf__alpha': 0.1, 'clf__early_stopping': False, 'clf__hidden_layer_sizes': (256, 128), 'clf__learning_rate_init': 0.0005}",0.8088782056718742,0.7928091466817685,0.781732337078249,0.7705193100606249,0.8375463734223911,0.7982970745829816,0.02336056453776197,85,1.0,1.0,1.0,1.0,0.9961227258426594,0.9992245451685319,0.0015509096629362507,False
14.017693376541137,2.387797517760969,0.008316135406494141,0.0013541225245556083,relu,0.1,"(256, 128)",0.001,"{'clf__activation': 'relu', 'clf__alpha': 0.1, 'clf__early_stopping': False, 'clf__hidden_layer_sizes': (256, 128), 'clf__learning_rate_init': 0.001}",0.8160658269966468,0.7735277529554073,0.7522416284208737,0.7561618599058688,0.8575783232716387,0.7911150783100871,0.04020469969312694,196,0.9990802514078543,0.9594146598349484,0.9682540581080674,0.9983678729170159,0.9982625390933875,0.9846758762722547,0.01724737295643859,False
3.330597400665283,0.4368856061383295,0.009174680709838868,0.000495397540721072,relu,0.1,"(256, 128)",0.005,"{'clf__activation': 'relu', 'clf__alpha': 0.1, 'clf__early_stopping': False, 'clf__hidden_layer_sizes': (256, 128), 'clf__learning_rate_init': 0.005}",0.8000238916820419,0.8020213545597028,0.7486567733196938,0.741442246711244,0.8469271693267291,0.7878142871198823,0.03880444580270871,254,0.9652449198170834,0.985142428653081,0.9822472486528896,0.9765707824539595,0.9933835086401344,0.9805177776434295,0.009367437837772797,False
2.1607412338256835,0.6647190811733843,0.009553289413452149,0.00039454327699940054,relu,0.1,"(256, 128)",0.01,"{'clf__activation': 'relu', 'clf__alpha': 0.1, 'clf__early_stopping': False, 'clf__hidden_layer_sizes': (256, 128), 'clf__learning_rate_init': 0.01}",0.7824460927668282,0.7874230966146331,0.7463367742973374,0.7441469893233137,0.8099563752830085,0.7740618656570242,0.02530143907047735,494,0.9885881582433307,0.963852576628306,0.9816148022631442,0.9971573820133083,0.9722397345053269,0.9806905307306831,0.011741521575627177,False
9.89204444885254,0.02192117411141873,0.006148481369018554,0.00016159775614884214,relu,0.1,"(64, 32, 16)",0.0001,"{'clf__activation': 'relu', 'clf__alpha': 0.1, 'clf__early_stopping': False, 'clf__hidden_layer_sizes': (64, 32, 16), 'clf__learning_rate_init': 0.0001}",0.7856588383512082,0.7584353047412338,0.7621736328884452,0.7624620010746467,0.8327963702963703,0.780305229470381,0.027962153690707325,378,0.9990802514078543,1.0,1.0,1.0,0.9990802514078543,0.9996321005631417,0.0004505829484800417,False
5.219130659103394,0.49077467264617775,0.006395816802978516,0.0003751436754818288,relu,0.1,"(64, 32, 16)",0.0005,"{'clf__activation': 'relu', 'clf__alpha': 0.1, 'clf__early_stopping': False, 'clf__hidden_layer_sizes': (64, 32, 16), 'clf__learning_rate_init': 0.0005}",0.7784241774192139,0.7643778488472857,0.7584900272366843,0.7853902224842333,0.8404707985238768,0.785430614902259,0.029146278778549466,295,1.0,1.0,1.0,1.0,1.0,1.0,0.0,False
6.063067674636841,0.29328474633440543,0.006414222717285156,9.321323707908593e-05,relu,0.1,"(64, 32, 16)",0.001,"{'clf__activation': 'relu', 'clf__alpha': 0.1, 'clf__early_stopping': False, 'clf__hidden_layer_sizes': (64, 32, 16), 'clf__learning_rate_init': 0.001}",0.8168792086395951,0.7585459178725085,0.7830943857939843,0.7680284475816002,0.845213745263633,0.7943523410302642,0.03223703170774082,145,1.0,1.0,1.0,1.0,1.0,1.0,0.0,False
1.4739798069000245,0.44326059760958647,0.005959510803222656,0.00013391850829025674,relu,0.1,"(64, 32, 16)",0.005,"{'clf__activation': 'relu', 'clf__alpha': 0.1, 'clf__early_stopping': False, 'clf__hidden_layer_sizes': (64, 32, 16), 'clf__learning_rate_init': 0.005}",0.8121425904349845,0.7717032392894462,0.7730060728744939,0.784084249084249,0.8443678160919541,0.7970607935550256,0.02776847431959505,104,0.9453258086821126,0.9953072766197171,0.9877227873398454,0.9851297032216791,0.9459073266516315,0.9718785805029972,0.02170295216466205,False
0.7182624340057373,0.2960783071651054,0.006270265579223633,0.0002549229869893764,relu,0.1,"(64, 32, 16)",0.01,"{'clf__activation': 'relu', 'clf__alpha': 0.1, 'clf__early_stopping': False, 'clf__hidden_layer_sizes': (64, 32, 16), 'clf__learning_rate_init': 0.01}",0.7969610432878799,0.7962243797195253,0.7327261872635313,0.7797188933786374,0.8208179305420285,0.7852896868383205,0.029366645698030665,299,0.9881426551282132,0.9436579373953922,0.9427591535534069,0.989340693343359,0.9369619998686918,0.9601724878578126,0.023442678215797742,False
12.407346487045288,0.38522152493656214,0.0064048290252685545,0.0004586846653247114,relu,0.1,"(128, 64, 32)",0.0001,"{'clf__activation': 'relu', 'clf__alpha': 0.1, 'clf__early_stopping': False, 'clf__hidden_layer_sizes': (128, 64, 32), 'clf__learning_rate_init': 0.0001}",0.7959296476980249,0.7988903584073341,0.7608160493902228,0.7666152951704066,0.8398492377049036,0.7924201176741784,0.02817235609447779,176,1.0,1.0,1.0,1.0,1.0,1.0,0.0,False
13.296945762634277,0.9364785843983237,0.00615849494934082,0.00016980261589523177,relu,0.1,"(128, 64, 32)",0.0005,"{'clf__activation': 'relu', 'clf__alpha': 0.1, 'clf__early_stopping': False, 'clf__hidden_layer_sizes': (128, 64, 32), 'clf__learning_rate_init': 0.0005}",0.8131105973898021,0.7995465100728258,0.7821001484122719,0.7770820745489538,0.8247725514057577,0.7993223763659223,0.01805055591984655,74,1.0,1.0,1.0,1.0,1.0,1.0,0.0,False
8.949525737762452,0.8215320138519139,0.0067198753356933595,0.0004421593081275689,relu,0.1,"(128, 64, 32)",0.001,"{'clf__activation': 'relu', 'clf__alpha': 0.1, 'clf__early_stopping': False, 'clf__hidden_layer_sizes': (128, 64, 32), 'clf__learning_rate_init': 0.001}",0.806737691177432,0.7807645919617514,0.7643890242756275,0.7848649354316732,0.8334602030748492,0.7940432891842667,0.023894695425673084,151,0.9953262019381868,0.9504576691911695,0.9322379575084315,1.0,1.0,0.9756043657275576,0.028608552830052404,False
1.9262584686279296,0.8133837460649203,0.007303762435913086,0.00024511968911614156,relu,0.1,"(128, 64, 32)",0.005,"{'clf__activation': 'relu', 'clf__alpha': 0.1, 'clf__early_stopping': False, 'clf__hidden_layer_sizes': (128, 64, 32), 'clf__learning_rate_init': 0.005}",0.7762003415487948,0.8317172671447588,0.8025291414731528,0.7727643851341656,0.8506852581542983,0.806779278691034,0.03052797519506206,12,0.9802198387164874,0.9769463696485288,0.9748012642202452,0.9733810011498112,0.9388292778700733,0.9688355503210293,0.015179029378715053,False
1.3188654422760009,0.5092831676493909,0.006921529769897461,0.00019783047925427016,relu,0.1,"(128, 64, 32)",0.01,"{'clf__activation': 'relu', 'clf__alpha': 0.1, 'clf__early_stopping': False, 'clf__hidden_layer_sizes': (128, 64, 32), 'clf__learning_rate_init': 0.01}",0.7766508592672381,0.7782097522679989,0.7767557078843487,0.7688824646667785,0.8068893074907004,0.781477618315413,0.013119945363499853,360,0.9920406450293741,0.9843525429707162,0.9456052155279784,0.991046346769794,0.9480523780572516,0.9722194256710228,0.02091367305005873,False
0.6319746017456055,0.16993445950862818,0.005704212188720703,0.00026338239314449596,tanh,1e-05,"(32,)",0.0001,"{'clf__activation': 'tanh', 'clf__alpha': 1e-05, 'clf__early_stopping': True, 'clf__hidden_layer_sizes': (32,), 'clf__learning_rate_init': 0.0001}",0.6525848877701471,0.6771371386330856,0.6538055296675988,0.6159965687547795,0.6389504719827196,0.6476949193616661,0.02004667761068417,976,0.6789777094703779,0.7274059878156172,0.7807421434899352,0.6471583435729742,0.6628733996407782,0.6994315167979365,0.04874695445879864,True
0.36486196517944336,0.10439087138952292,0.005519390106201172,0.00021165130469357225,tanh,1e-05,"(32,)",0.0005,"{'clf__activation': 'tanh', 'clf__alpha': 1e-05, 'clf__early_stopping': True, 'clf__hidden_layer_sizes': (32,), 'clf__learning_rate_init': 0.0005}",0.7559974747474748,0.6953160743571876,0.7033857781928854,0.72055399618981,0.6802394209930499,0.7110985488960816,0.02594678452355887,936,0.7723228052186959,0.757000180331468,0.8665429502715714,0.8177534974302627,0.7479785496882109,0.7923195965880419,0.044202829805408454,True
0.2644674777984619,0.0608167366825464,0.005504703521728516,0.00038722881365458375,tanh,1e-05,"(32,)",0.001,"{'clf__activation': 'tanh', 'clf__alpha': 1e-05, 'clf__early_stopping': True, 'clf__hidden_layer_sizes': (32,), 'clf__learning_rate_init': 0.001}",0.7707979372746533,0.6999024526198439,0.7224967551097433,0.7183888760317827,0.749085449085449,0.7321342940242944,0.024911560528149718,913,0.7722016172146485,0.7551856356285841,0.8813787508183484,0.8052926274811766,0.8258002700426637,0.8079717802370843,0.04422555339040277,True
0.1876150608062744,0.03960177854816785,0.005811452865600586,0.00024484058154038786,tanh,1e-05,"(32,)",0.005,"{'clf__activation': 'tanh', 'clf__alpha': 1e-05, 'clf__early_stopping': True, 'clf__hidden_layer_sizes': (32,), 'clf__learning_rate_init': 0.005}",0.8058655188224912,0.7443390413719445,0.7185689042977256,0.7627236130573171,0.7102239864630219,0.7483442128025001,0.03426727257559138,870,0.7969733117349787,0.8172788436864977,0.8560260662556701,0.9045560190239694,0.7855085733120953,0.8320685628026423,0.043466397001677745,True
0.2055130958557129,0.04433760601202561,0.005664348602294922,0.0003352430761789294,tanh,1e-05,"(32,)",0.01,"{'clf__activation': 'tanh', 'clf__alpha': 1e-05, 'clf__early_stopping': True, 'clf__hidden_layer_sizes': (32,), 'clf__learning_rate_init': 0.01}",0.7736158279335943,0.7741834244318606,0.7082552350736799,0.7494251805638745,0.8139161716014135,0.7638791679208846,0.03466301095888612,711,0.9668685858522074,0.8690688471879263,0.8785836573821342,0.8407546187231681,0.8926788920767129,0.8895909202444298,0.04221059780755582,True
0.9452527046203614,0.1888473022836523,0.006234169006347656,0.0004614348769789442,tanh,1e-05,"(64,)",0.0001,"{'clf__activation': 'tanh', 'clf__alpha': 1e-05, 'clf__early_stopping': True, 'clf__hidden_layer_sizes': (64,), 'clf__learning_rate_init': 0.0001}",0.5903094004563291,0.69045232936078,0.6648187020562213,0.6840359467238265,0.6274152290680449,0.6514063215330403,0.037623347542162025,972,0.664749648261407,0.7628887152346058,0.7680691516506503,0.7866612883636783,0.751573195851378,0.7467883998723439,0.04255628937324903,True
0.5464527130126953,0.21762470497983546,0.006102132797241211,0.00035281224192121416,tanh,1e-05,"(64,)",0.0005,"{'clf__activation': 'tanh', 'clf__alpha': 1e-05, 'clf__early_stopping': True, 'clf__hidden_layer_sizes': (64,), 'clf__learning_rate_init': 0.0005}",0.8039839100986031,0.7469255926665812,0.6483350038706909,0.6995212438874411,0.7436853875368862,0.7284902276120405,0.05202713441326493,923,0.9084793123224785,0.8557478007869287,0.7526145790471381,0.8182549562058389,0.832164343525504,0.8334521983775776,0.050780896314375004,True
0.5485410213470459,0.016664511550954646,0.0059983253479003905,0.00028227247055865587,tanh,1e-05,"(64,)",0.001,"{'clf__activation': 'tanh', 'clf__alpha': 1e-05, 'clf__early_stopping': True, 'clf__hidden_layer_sizes': (64,), 'clf__learning_rate_init': 0.001}",0.804298523206751,0.7545457319849556,0.7256303850233545,0.7514959905926668,0.8065436438355417,0.7685028549286539,0.03178211723382488,606,0.9025115804007641,0.9113281932010211,0.9070144213975644,0.9105788596730958,0.911642488324923,0.9086151085994736,0.003469796257049311,True
0.40128383636474607,0.07910347392919316,0.006079864501953125,0.00012092494437743031,tanh,1e-05,"(64,)",0.005,"{'clf__activation': 'tanh', 'clf__alpha': 1e-05, 'clf__early_stopping': True, 'clf__hidden_layer_sizes': (64,), 'clf__learning_rate_init': 0.005}",0.7723495678932816,0.7712175150404389,0.7159788598493938,0.7644488477901072,0.8012422196300849,0.7650474020406614,0.027602669584182983,673,0.9728353625973863,0.9685344192678313,0.9110050501867252,0.9243233993576491,0.9728432430855409,0.9499082948990265,0.0267082164120851,True
0.28156180381774903,0.03096030770071815,0.006029367446899414,0.00021807338220611894,tanh,1e-05,"(64,)",0.01,"{'clf__activation': 'tanh', 'clf__alpha': 1e-05, 'clf__early_stopping': True, 'clf__hidden_layer_sizes': (64,), 'clf__learning_rate_init': 0.01}",0.7833371307055518,0.7674347175066599,0.7155954790823211,0.7338550600343053,0.8261169993630043,0.7652678773383684,0.03869863306169155,662,0.8981328472094451,0.8569218987997118,0.9208385452126991,0.9409594848606856,0.892438209837891,0.9018581971840867,0.0283233105966835,True
1.3768757343292237,0.2983494303003529,0.007147693634033203,0.0002892318900129297,tanh,1e-05,"(128,)",0.0001,"{'clf__activation': 'tanh', 'clf__alpha': 1e-05, 'clf__early_stopping': True, 'clf__hidden_layer_sizes': (128,), 'clf__learning_rate_init': 0.0001}",0.6304208642449227,0.7358371905671245,0.6897959183673469,0.7100381450933845,0.7336613817217266,0.6999506999989009,0.03863553925083693,952,0.6759071717003499,0.8269512968158131,0.8032193345115817,0.791214022309428,0.8213265629670036,0.7837236776608354,0.0553952866184133,True
0.8032984733581543,0.1551616711537261,0.007283258438110352,0.00017380282052605474,tanh,1e-05,"(128,)",0.0005,"{'clf__activation': 'tanh', 'clf__alpha': 1e-05, 'clf__early_stopping': True, 'clf__hidden_layer_sizes': (128,), 'clf__learning_rate_init': 0.0005}",0.7912601422637919,0.7485539407597154,0.7498008935508935,0.7307830484022705,0.7752675565175566,0.7591331162988457,0.02142522646213589,797,0.878757237800341,0.8589988305252836,0.9091487882761468,0.8636143843806314,0.8742389780699481,0.8769516438104702,0.01759238943845493,True
0.5511218070983886,0.04446521030985226,0.00748753547668457,0.00012067259090344943,tanh,1e-05,"(128,)",0.001,"{'clf__activation': 'tanh', 'clf__alpha': 1e-05, 'clf__early_stopping': True, 'clf__hidden_layer_sizes': (128,), 'clf__learning_rate_init': 0.001}",0.7895694212303721,0.7560064939452,0.7293693993114563,0.7218287095402135,0.7787679919281404,0.7551084031910764,0.026526133531763335,839,0.8831473889984571,0.9022785305248127,0.8696023531170511,0.8599831916268823,0.8749743190727506,0.8779971566679906,0.014284419622237919,True
0.42627577781677245,0.10829463518650403,0.007708406448364258,0.0012174102824935237,tanh,1e-05,"(128,)",0.005,"{'clf__activation': 'tanh', 'clf__alpha': 1e-05, 'clf__early_stopping': True, 'clf__hidden_layer_sizes': (128,), 'clf__learning_rate_init': 0.005}",0.8019501350861359,0.7200332584467646,0.7229865580156278,0.7710984122373167,0.7996019228376923,0.7631340573247074,0.03569180472242288,722,0.8686354795586495,0.7869931775705177,0.8805607611284266,0.9137617551760251,0.9672317632168281,0.8834365873300895,0.05910993446186564,True
0.5220414638519287,0.09783929984229509,0.007382535934448242,9.1849110623842e-05,tanh,1e-05,"(128,)",0.01,"{'clf__activation': 'tanh', 'clf__alpha': 1e-05, 'clf__early_stopping': True, 'clf__hidden_layer_sizes': (128,), 'clf__learning_rate_init': 0.01}",0.7708637525850783,0.7640438220778158,0.7546373405881046,0.7683150536110813,0.8024965852785118,0.7720713108281183,0.016184244712303113,536,0.9761821391822101,0.9695317117912794,0.9307019457119811,0.9326928957097914,0.9272285478270678,0.9472674480444659,0.021072008774606094,True
2.175824785232544,0.7769768574037331,0.009168004989624024,0.00014058843133990336,tanh,1e-05,"(256,)",0.0001,"{'clf__activation': 'tanh', 'clf__alpha': 1e-05, 'clf__early_stopping': True, 'clf__hidden_layer_sizes': (256,), 'clf__learning_rate_init': 0.0001}",0.7920907654479548,0.7269739095941292,0.684398761805741,0.7303871532339916,0.7334854396821027,0.7334672059527838,0.03433972595614604,907,0.8851709405177859,0.803552152765941,0.8012641452452964,0.828004169203697,0.8427333816527862,0.8321449578771013,0.030699149098393254,True
1.1802449226379395,0.14785027458857877,0.009446048736572265,0.0003483232808316995,tanh,1e-05,"(256,)",0.0005,"{'clf__activation': 'tanh', 'clf__alpha': 1e-05, 'clf__early_stopping': True, 'clf__hidden_layer_sizes': (256,), 'clf__learning_rate_init': 0.0005}",0.8084593315749584,0.7360326624749034,0.7359872696282093,0.7622627156260837,0.7785034390374633,0.7642490836683236,0.027410125438449052,695,0.9020956704829582,0.896724984805151,0.9094244632714569,0.8740271045713288,0.8830364222598687,0.8930617290781526,0.012849858497462792,True
0.9775382518768311,0.29555990803845794,0.009357881546020509,0.0015805295861152,tanh,1e-05,"(256,)",0.001,"{'clf__activation': 'tanh', 'clf__alpha': 1e-05, 'clf__early_stopping': True, 'clf__hidden_layer_sizes': (256,), 'clf__learning_rate_init': 0.001}",0.8091313448456305,0.732288368641086,0.7171690921690922,0.7784456467976406,0.7829293447236715,0.7639927594354241,0.034066394937611925,707,0.8967749753689616,0.8940070794470233,0.9481545009045003,0.931499767509249,0.9015956843541391,0.9144064015167747,0.021551015643671012,True
0.7793764591217041,0.08672571527947881,0.00948328971862793,0.00028225507097749024,tanh,1e-05,"(256,)",0.005,"{'clf__activation': 'tanh', 'clf__alpha': 1e-05, 'clf__early_stopping': True, 'clf__hidden_layer_sizes': (256,), 'clf__learning_rate_init': 0.005}",0.8109158387384194,0.747814802696801,0.7318835546506378,0.7588883568299931,0.817669588865241,0.7734344283562185,0.034513864086682056,513,0.9434263818723033,0.9154514396630544,0.9238935017105308,0.9013428786055784,0.9338920269500227,0.9236012457602978,0.014566233972525263,True
0.6869997024536133,0.02998239341269381,0.009079885482788087,0.0003881673080323984,tanh,1e-05,"(256,)",0.01,"{'clf__activation': 'tanh', 'clf__alpha': 1e-05, 'clf__early_stopping': True, 'clf__hidden_layer_sizes': (256,), 'clf__learning_rate_init': 0.01}",0.7805654207872694,0.7307009434046717,0.7271853171509285,0.7768487877355306,0.8233930889808895,0.7677387116118579,0.03566875874391275,622,0.8617831059965222,0.8890430578185365,0.8746889099948872,0.9237945599499169,0.9223201457824037,0.8943259559084534,0.024998531779613677,True
0.767384672164917,0.16523990883143883,0.005410671234130859,0.0001722611440104964,tanh,1e-05,"(32, 16)",0.0001,"{'clf__activation': 'tanh', 'clf__alpha': 1e-05, 'clf__early_stopping': True, 'clf__hidden_layer_sizes': (32, 16), 'clf__learning_rate_init': 0.0001}",0.660179200315473,0.6045810203542161,0.597103162428716,0.5090356016602945,0.5202510982902787,0.5782300166097956,0.05641925517263145,996,0.6913224245900575,0.6897702184951664,0.6554411047761101,0.5682975508786904,0.57587241853411,0.636140743454827,0.05390475348393053,True
0.5491591453552246,0.10489353757004055,0.005413722991943359,0.00013567373848169545,tanh,1e-05,"(32, 16)",0.0005,"{'clf__activation': 'tanh', 'clf__alpha': 1e-05, 'clf__early_stopping': True, 'clf__hidden_layer_sizes': (32, 16), 'clf__learning_rate_init': 0.0005}",0.7737376993281582,0.7431712721235977,0.6895156943313361,0.7332659255379258,0.6695771578080423,0.7218535498258121,0.037563840680417404,931,0.8585234842005551,0.8625311269508291,0.8370006342552445,0.8652941338928427,0.7435608304322436,0.833382041946343,0.04600236327794716,True
0.41680192947387695,0.06888467605801374,0.0055142402648925785,0.0002648294765518613,tanh,1e-05,"(32, 16)",0.001,"{'clf__activation': 'tanh', 'clf__alpha': 1e-05, 'clf__early_stopping': True, 'clf__hidden_layer_sizes': (32, 16), 'clf__learning_rate_init': 0.001}",0.7768059232932334,0.7341892601933586,0.7269424376212456,0.7289179771328429,0.805410780290669,0.75445327570627,0.03135549756485469,850,0.8458388483366955,0.847529416019538,0.9289395765549682,0.8663795962955906,0.8920892074566354,0.8761553289326856,0.03122230650127101,True
0.24194250106811524,0.04336206051872672,0.005355644226074219,8.575653475673394e-05,tanh,1e-05,"(32, 16)",0.005,"{'clf__activation': 'tanh', 'clf__alpha': 1e-05, 'clf__early_stopping': True, 'clf__hidden_layer_sizes': (32, 16), 'clf__learning_rate_init': 0.005}",0.761224766642506,0.7583793611816145,0.7317619163121726,0.7665187782867546,0.7821988571810159,0.7600167359208128,0.016351135886590727,779,0.9497008308441417,0.8485991105320192,0.9263630839049368,0.9105929029974886,0.8310629889553189,0.893263783446781,0.04570530436635486,True
0.2573270320892334,0.09073613752569121,0.005340480804443359,0.00016899546161186708,tanh,1e-05,"(32, 16)",0.01,"{'clf__activation': 'tanh', 'clf__alpha': 1e-05, 'clf__early_stopping': True, 'clf__hidden_layer_sizes': (32, 16), 'clf__learning_rate_init': 0.01}",0.758636094954367,0.7218990276107766,0.7350313745050587,0.7686984598593257,0.785424508600256,0.7539378931059568,0.022870503862395607,855,0.9591900268146292,0.8268979399494427,0.9830021261690283,0.90637252042007,0.8354694192360477,0.9021864065178435,0.06311517473549753,True
1.0693132400512695,0.17217254893784348,0.006451272964477539,0.00034984088748966577,tanh,1e-05,"(64, 32)",0.0001,"{'clf__activation': 'tanh', 'clf__alpha': 1e-05, 'clf__early_stopping': True, 'clf__hidden_layer_sizes': (64, 32), 'clf__learning_rate_init': 0.0001}",0.7519055951770748,0.6992075548911026,0.6456598140989182,0.6866601427613959,0.7230750540855655,0.7013016322028114,0.03563597413834019,948,0.7948487931250918,0.7333551862585054,0.7686022770472827,0.7897647186272129,0.7831827358741128,0.7739507421864411,0.022129823007859258,True
0.6521231174468994,0.10206496487558998,0.006186532974243164,0.00019880766782013658,tanh,1e-05,"(64, 32)",0.0005,"{'clf__activation': 'tanh', 'clf__alpha': 1e-05, 'clf__early_stopping': True, 'clf__hidden_layer_sizes': (64, 32), 'clf__learning_rate_init': 0.0005}",0.7943427273997854,0.759981870592096,0.7345520482312935,0.746236345568056,0.8029271273597041,0.767608023830187,0.026719984344413732,629,0.8777510263166626,0.8438133118337633,0.8592253782778977,0.8786795092577744,0.9133409111854277,0.874562027374305,0.023287857410466482,True
0.42528505325317384,0.055562672685811776,0.006161832809448242,0.0002504475950597587,tanh,1e-05,"(64, 32)",0.001,"{'clf__activation': 'tanh', 'clf__alpha': 1e-05, 'clf__early_stopping': True, 'clf__hidden_layer_sizes': (64, 32), 'clf__learning_rate_init': 0.001}",0.7923216714393033,0.7354452665250408,0.7247351782865802,0.7423926418112464,0.7923264135220656,0.7574442343168473,0.029029603557701532,817,0.8952476680861332,0.839717659517768,0.8657322795114354,0.8770483137633153,0.8759512001017612,0.8707394241960825,0.018193625784249108,True
0.34711833000183107,0.07319345928627324,0.006257200241088867,0.00020828723028704375,tanh,1e-05,"(64, 32)",0.005,"{'clf__activation': 'tanh', 'clf__alpha': 1e-05, 'clf__early_stopping': True, 'clf__hidden_layer_sizes': (64, 32), 'clf__learning_rate_init': 0.005}",0.7777517019856788,0.7679370145836587,0.7360370200446659,0.7433462892710645,0.8221319646632128,0.7694407981096563,0.030477622287332917,587,0.9136593727206936,0.9489353849647967,0.9680889166056428,0.8481518659561708,0.8925912186334974,0.9142853517761603,0.04228501767204585,True
0.3261754512786865,0.06356725185948875,0.00621500015258789,0.00030696058641863636,tanh,1e-05,"(64, 32)",0.01,"{'clf__activation': 'tanh', 'clf__alpha': 1e-05, 'clf__early_stopping': True, 'clf__hidden_layer_sizes': (64, 32), 'clf__learning_rate_init': 0.01}",0.7533264033264033,0.7616975557346225,0.7335418149083807,0.7398935295321156,0.8509507610118447,0.7678820129026734,0.042692234874029344,620,0.8687561380482196,0.8855313050397217,0.926576088892955,0.9285546389747693,0.983667730956215,0.9186171803823762,0.03993612431809846,True
1.7556835174560548,0.31330728733304064,0.007950782775878906,0.00021129557879295667,tanh,1e-05,"(128, 64)",0.0001,"{'clf__activation': 'tanh', 'clf__alpha': 1e-05, 'clf__early_stopping': True, 'clf__hidden_layer_sizes': (128, 64), 'clf__learning_rate_init': 0.0001}",0.7859505814440444,0.7544847481085922,0.740594512285092,0.7620798824840294,0.754398637090243,0.7595016722824002,0.014932402078611708,789,0.8680772003683987,0.8424424251828824,0.84384967748546,0.8469264721643337,0.8087360018345249,0.8420063554071199,0.019049414300072173,True
1.0560213565826415,0.2667980384103876,0.007913303375244141,0.00045610054708356733,tanh,1e-05,"(128, 64)",0.0005,"{'clf__activation': 'tanh', 'clf__alpha': 1e-05, 'clf__early_stopping': True, 'clf__hidden_layer_sizes': (128, 64), 'clf__learning_rate_init': 0.0005}",0.7807479047583467,0.7548691753478988,0.7572407786785451,0.7672594707480211,0.7848432519326624,0.7689921162930948,0.012083133043720124,598,0.949218906068041,0.9232618115296043,0.9371318904920458,0.8674053832425997,0.8823330684967339,0.911870211965805,0.031661995298540364,True
0.868779182434082,0.15464600018412258,0.00800318717956543,0.00018078552503325888,tanh,1e-05,"(128, 64)",0.001,"{'clf__activation': 'tanh', 'clf__alpha': 1e-05, 'clf__early_stopping': True, 'clf__hidden_layer_sizes': (128, 64), 'clf__learning_rate_init': 0.001}",0.7784004869179711,0.7699982219770889,0.775541204451157,0.7618674000847953,0.8111759648775883,0.7793966556617201,0.016860526132042135,396,0.961832630159699,0.9406852049657021,0.9532061927131064,0.8940833639175979,0.9346564655157725,0.9368927714543756,0.02341005448624623,True
0.6313506126403808,0.18781667582099557,0.0075432777404785155,0.00035162145993387293,tanh,1e-05,"(128, 64)",0.005,"{'clf__activation': 'tanh', 'clf__alpha': 1e-05, 'clf__early_stopping': True, 'clf__hidden_layer_sizes': (128, 64), 'clf__learning_rate_init': 0.005}",0.7695272455848738,0.7590806005280066,0.721711299253056,0.7795627295374149,0.7904336381816601,0.7640631026170023,0.023596614224322195,699,0.9742180057621469,0.9657736086318742,0.9782850494436811,0.8674248460922933,0.8547235865537344,0.928085019296746,0.055009602180607735,True
0.5760767936706543,0.1461286557105606,0.008066129684448243,0.0002996924536133742,tanh,1e-05,"(128, 64)",0.01,"{'clf__activation': 'tanh', 'clf__alpha': 1e-05, 'clf__early_stopping': True, 'clf__hidden_layer_sizes': (128, 64), 'clf__learning_rate_init': 0.01}",0.776051842317983,0.76790251169392,0.7326868773434917,0.7377628884706826,0.8056747331365244,0.7640157705925203,0.026706389913744095,704,0.9760304686858852,0.9400306225749164,0.8872872222613848,0.8760209410102413,0.9022671089088722,0.91632727268826,0.03685629801219113,True
2.192281150817871,0.5885746329647443,0.010287237167358399,0.0003192707480860597,tanh,1e-05,"(256, 128)",0.0001,"{'clf__activation': 'tanh', 'clf__alpha': 1e-05, 'clf__early_stopping': True, 'clf__hidden_layer_sizes': (256, 128), 'clf__learning_rate_init': 0.0001}",0.7677277445069528,0.6884825856115058,0.7169798432683546,0.7010369568604298,0.7799607470473625,0.7308375754589211,0.03646376100895978,918,0.8119022432738818,0.7860999064755458,0.894334887466369,0.812942433148585,0.8016547422432633,0.821386842521529,0.03772852122923869,True
1.5476591110229492,0.3624293457620667,0.010839366912841797,0.0008570229623066011,tanh,1e-05,"(256, 128)",0.0005,"{'clf__activation': 'tanh', 'clf__alpha': 1e-05, 'clf__early_stopping': True, 'clf__hidden_layer_sizes': (256, 128), 'clf__learning_rate_init': 0.0005}",0.8121666585078038,0.7807562861593235,0.7297516229424867,0.7360918209109808,0.8092406912259853,0.773601415949316,0.035038270819904724,507,0.8640086407069378,0.8777421728463843,0.9567921603545426,0.8734572244419098,0.9455553638203489,0.9035111124340247,0.039330163604054065,True
1.2607961177825928,0.23411745836815925,0.011003828048706055,0.0004749521811321643,tanh,1e-05,"(256, 128)",0.001,"{'clf__activation': 'tanh', 'clf__alpha': 1e-05, 'clf__early_stopping': True, 'clf__hidden_layer_sizes': (256, 128), 'clf__learning_rate_init': 0.001}",0.8002426101050732,0.7965191218352297,0.7397932792669635,0.7168579778542239,0.7898921679814527,0.7686610314085887,0.03388549526456253,602,0.9300305395303134,0.8972045202029202,0.9491903907740233,0.8228732913998197,0.9497783441187804,0.9098154172051715,0.047484825374904116,True
1.3481894969940185,0.3593499482247064,0.01123952865600586,0.0007073940714616268,tanh,1e-05,"(256, 128)",0.005,"{'clf__activation': 'tanh', 'clf__alpha': 1e-05, 'clf__early_stopping': True, 'clf__hidden_layer_sizes': (256, 128), 'clf__learning_rate_init': 0.005}",0.7866641513430505,0.7756416295535,0.7227011154562004,0.7601658733063963,0.7802376672234894,0.7650820873765273,0.022922901030344726,671,0.8775623262528665,0.9807189316851761,0.9211933457588761,0.9748269665882011,0.9600092647905967,0.9428621670151432,0.038684655933234634,True
1.1927814483642578,0.23197112006907922,0.010844898223876954,0.00032260877381006924,tanh,1e-05,"(256, 128)",0.01,"{'clf__activation': 'tanh', 'clf__alpha': 1e-05, 'clf__early_stopping': True, 'clf__hidden_layer_sizes': (256, 128), 'clf__learning_rate_init': 0.01}",0.7813490433244661,0.7889960142705976,0.7343572705628858,0.7366262041610234,0.813075365258899,0.7708807795155744,0.030742387618370375,563,0.9723549976163992,0.9512970849758282,0.960466544557743,0.8638356896061276,0.9407811020277961,0.9377470837567788,0.03839162300814981,True
1.252998447418213,0.38039617991467667,0.006163358688354492,0.0003131035291963031,tanh,1e-05,"(64, 32, 16)",0.0001,"{'clf__activation': 'tanh', 'clf__alpha': 1e-05, 'clf__early_stopping': True, 'clf__hidden_layer_sizes': (64, 32, 16), 'clf__learning_rate_init': 0.0001}",0.6984068497105436,0.7386988246164804,0.6825009540991569,0.6510444005375594,0.6398989898989899,0.6821100037725459,0.03525585361547432,967,0.7674862068808648,0.8373958099724763,0.8319429446708336,0.7346871230956697,0.647182383131413,0.7637388935502514,0.07002942491674469,True
0.8542955398559571,0.13691686335107314,0.006353235244750977,0.0003334551806586852,tanh,1e-05,"(64, 32, 16)",0.0005,"{'clf__activation': 'tanh', 'clf__alpha': 1e-05, 'clf__early_stopping': True, 'clf__hidden_layer_sizes': (64, 32, 16), 'clf__learning_rate_init': 0.0005}",0.7779235866350325,0.7559296349845915,0.7042382416397923,0.7620121573537721,0.8330778487591312,0.766636293874464,0.04140390150500776,643,0.9382339705856851,0.922940403807928,0.8533122112113856,0.8731331143630217,0.9053206568575421,0.8985880713651125,0.0313305584899606,True
0.6153572082519532,0.11909375817758763,0.0063454627990722655,0.00024119158786773138,tanh,1e-05,"(64, 32, 16)",0.001,"{'clf__activation': 'tanh', 'clf__alpha': 1e-05, 'clf__early_stopping': True, 'clf__hidden_layer_sizes': (64, 32, 16), 'clf__learning_rate_init': 0.001}",0.7857774767572172,0.7606198870359261,0.7289836448598132,0.7479342784322386,0.8336119163255677,0.7713854406821525,0.03617466356036345,550,0.9417810579388171,0.9220993710143923,0.9164910472599365,0.8222831202222355,0.9296664732120592,0.9064642139294881,0.042935012211598116,True
0.3860105037689209,0.07905238013697885,0.006171131134033203,0.00020886036895585662,tanh,1e-05,"(64, 32, 16)",0.005,"{'clf__activation': 'tanh', 'clf__alpha': 1e-05, 'clf__early_stopping': True, 'clf__hidden_layer_sizes': (64, 32, 16), 'clf__learning_rate_init': 0.005}",0.7758189906044732,0.7729139362166885,0.7129785821057845,0.7328272539646894,0.803351516654269,0.7595780559091809,0.03238779366484085,786,0.8686963694750958,0.9196202144071496,0.9820787344557629,0.8243946528954872,0.9607387471542215,0.9111057436775434,0.05812136431775102,True
0.34441471099853516,0.05080641947978965,0.0062786579132080075,0.00017062294310274628,tanh,1e-05,"(64, 32, 16)",0.01,"{'clf__activation': 'tanh', 'clf__alpha': 1e-05, 'clf__early_stopping': True, 'clf__hidden_layer_sizes': (64, 32, 16), 'clf__learning_rate_init': 0.01}",0.7734646453903709,0.7399048864162434,0.7245795440163446,0.7650228609551524,0.8199222860096358,0.7645788445575494,0.03271329813059812,687,0.8536810249220995,0.8829964553870538,0.9628063423920047,0.8880934391646864,0.8833112563985939,0.8941777036528876,0.03641425354578575,True
1.56659255027771,0.30761539357895684,0.00744023323059082,0.00014232152198575063,tanh,1e-05,"(128, 64, 32)",0.0001,"{'clf__activation': 'tanh', 'clf__alpha': 1e-05, 'clf__early_stopping': True, 'clf__hidden_layer_sizes': (128, 64, 32), 'clf__learning_rate_init': 0.0001}",0.7982568456993957,0.7103750291151429,0.7409255461200308,0.7270706286960533,0.7149876603047585,0.7383231419870763,0.03178390196863838,891,0.8299822394582622,0.8348099835474351,0.8764645371615675,0.8274912140375219,0.7685142982142147,0.8274524544838003,0.034457002368495804,True
0.8606431961059571,0.16420576948398086,0.007687044143676758,6.938355884695486e-05,tanh,1e-05,"(128, 64, 32)",0.0005,"{'clf__activation': 'tanh', 'clf__alpha': 1e-05, 'clf__early_stopping': True, 'clf__hidden_layer_sizes': (128, 64, 32), 'clf__learning_rate_init': 0.0005}",0.7742274106501748,0.7569586955100974,0.7557514030965236,0.7677438895961439,0.7439304009203971,0.7597223599546673,0.010464547225177175,783,0.9293540172669156,0.9006006269647964,0.9161766691659492,0.8904520468199243,0.8130993409620845,0.8899365402359338,0.04064535778363842,True
0.7595189571380615,0.1538636160063157,0.007726240158081055,0.0002285603112669027,tanh,1e-05,"(128, 64, 32)",0.001,"{'clf__activation': 'tanh', 'clf__alpha': 1e-05, 'clf__early_stopping': True, 'clf__hidden_layer_sizes': (128, 64, 32), 'clf__learning_rate_init': 0.001}",0.7778674996653976,0.765436357263859,0.7444218463411343,0.7522823996628951,0.8014956658339012,0.7683007537534374,0.020141596111522914,611,0.9028998747105166,0.9643649451751991,0.8789971362990021,0.9538602865054086,0.9036462228229606,0.9207536931026172,0.032720092422598705,True
0.5671621799468994,0.05261657669244713,0.007774782180786133,0.0003322410386399381,tanh,1e-05,"(128, 64, 32)",0.005,"{'clf__activation': 'tanh', 'clf__alpha': 1e-05, 'clf__early_stopping': True, 'clf__hidden_layer_sizes': (128, 64, 32), 'clf__learning_rate_init': 0.005}",0.793986834421617,0.7638948603297054,0.7389447768306242,0.7730773920914766,0.8286958249790807,0.7797199377305009,0.030197192275769943,389,0.9251287264871823,0.9578295667239951,0.9258353230277663,0.9691199624010403,0.9165185756998928,0.9388864308679754,0.020653501473245784,True
0.6243150234222412,0.18336662005788537,0.007523393630981446,0.0002222776093299333,tanh,1e-05,"(128, 64, 32)",0.01,"{'clf__activation': 'tanh', 'clf__alpha': 1e-05, 'clf__early_stopping': True, 'clf__hidden_layer_sizes': (128, 64, 32), 'clf__learning_rate_init': 0.01}",0.7770064584538268,0.7595001752508521,0.7752766162972663,0.7510453053119671,0.7623436483940842,0.7650344407415993,0.00981626951813266,677,0.9427971318359575,0.9763034823552801,0.9796314092390469,0.9178917543938,0.799425249136309,0.9232098053920786,0.06593466054392665,True
8.859729623794555,0.18908834069465158,0.005879116058349609,0.0002070910091245595,tanh,1e-05,"(32,)",0.0001,"{'clf__activation': 'tanh', 'clf__alpha': 1e-05, 'clf__early_stopping': False, 'clf__hidden_layer_sizes': (32,), 'clf__learning_rate_init': 0.0001}",0.7983037851636234,0.7801811949621712,0.7429007223408742,0.7820427199720087,0.819458601077615,0.7845774047032587,0.02517065164257233,313,0.9980511134255214,0.9975489023865322,0.9985705911167859,0.9951644949854391,0.9939123122816436,0.9966494828391845,0.00179785830497374,False
3.760367679595947,0.20665167020402392,0.005117559432983398,0.0002815832068134135,tanh,1e-05,"(32,)",0.0005,"{'clf__activation': 'tanh', 'clf__alpha': 1e-05, 'clf__early_stopping': False, 'clf__hidden_layer_sizes': (32,), 'clf__learning_rate_init': 0.0005}",0.7902286178221942,0.7674822176326558,0.7576018171968877,0.7700814885597494,0.8095899864767789,0.7789968255376531,0.0186113431256702,407,1.0,1.0,1.0,1.0,1.0,1.0,0.0,False
2.384625053405762,0.06340797285132878,0.005185890197753906,6.756252504934012e-05,tanh,1e-05,"(32,)",0.001,"{'clf__activation': 'tanh', 'clf__alpha': 1e-05, 'clf__early_stopping': False, 'clf__hidden_layer_sizes': (32,), 'clf__learning_rate_init': 0.001}",0.7937793078396407,0.7544999521026918,0.7389755197853789,0.7699104679669091,0.8085005360948758,0.7731331567578993,0.025303917791395847,520,1.0,1.0,1.0,1.0,1.0,1.0,0.0,False
0.9785141944885254,0.03902109533439241,0.005235910415649414,0.000299427994150194,tanh,1e-05,"(32,)",0.005,"{'clf__activation': 'tanh', 'clf__alpha': 1e-05, 'clf__early_stopping': False, 'clf__hidden_layer_sizes': (32,), 'clf__learning_rate_init': 0.005}",0.7982993197278911,0.748394940355024,0.7662943780136467,0.7484923289271115,0.8243519718691503,0.7771665877785647,0.02980361921893122,442,1.0,1.0,1.0,1.0,1.0,1.0,0.0,False
0.7770355224609375,0.03492644786019363,0.005114507675170898,0.00017374924034019025,tanh,1e-05,"(32,)",0.01,"{'clf__activation': 'tanh', 'clf__alpha': 1e-05, 'clf__early_stopping': False, 'clf__hidden_layer_sizes': (32,), 'clf__learning_rate_init': 0.01}",0.7947297298123974,0.768384416250541,0.7505536226063592,0.7451338503601806,0.8069410585410101,0.7731485355140977,0.024189799775128973,519,1.0,1.0,1.0,1.0,1.0,1.0,0.0,False
12.398434066772461,0.2592331351211191,0.005840396881103516,0.00019016554025821792,tanh,1e-05,"(64,)",0.0001,"{'clf__activation': 'tanh', 'clf__alpha': 1e-05, 'clf__early_stopping': False, 'clf__hidden_layer_sizes': (64,), 'clf__learning_rate_init': 0.0001}",0.7913892486668768,0.7642521651661818,0.7394071286420644,0.7919419916947176,0.8174512916889058,0.7808883651717492,0.026708631352592407,367,1.0,1.0,1.0,1.0,1.0,1.0,0.0,False
4.434491777420044,0.16667840938281533,0.006010675430297851,0.00028062738179796904,tanh,1e-05,"(64,)",0.0005,"{'clf__activation': 'tanh', 'clf__alpha': 1e-05, 'clf__early_stopping': False, 'clf__hidden_layer_sizes': (64,), 'clf__learning_rate_init': 0.0005}",0.7861785912235484,0.7672461064634988,0.7415505927313413,0.7723902088306982,0.8211059940318146,0.7776942986561803,0.026077668924613658,432,1.0,1.0,1.0,1.0,1.0,1.0,0.0,False
2.8184529304504395,0.11413753351589823,0.005647039413452149,0.0001211535780435766,tanh,1e-05,"(64,)",0.001,"{'clf__activation': 'tanh', 'clf__alpha': 1e-05, 'clf__early_stopping': False, 'clf__hidden_layer_sizes': (64,), 'clf__learning_rate_init': 0.001}",0.7835319898890118,0.7615907128642676,0.7508859933777569,0.7771430757810054,0.8189640741511668,0.7784231692126418,0.023293481065795374,413,1.0,1.0,1.0,1.0,1.0,1.0,0.0,False
1.1923133373260497,0.02427392385213405,0.005582094192504883,0.00021544244752614954,tanh,1e-05,"(64,)",0.005,"{'clf__activation': 'tanh', 'clf__alpha': 1e-05, 'clf__early_stopping': False, 'clf__hidden_layer_sizes': (64,), 'clf__learning_rate_init': 0.005}",0.7849891439643314,0.7640617625669719,0.747964494841528,0.7869419875517436,0.8059142331373088,0.7779743244123767,0.02002205994925986,423,1.0,1.0,1.0,1.0,1.0,1.0,0.0,False
0.9326694488525391,0.03090135399077397,0.005587434768676758,0.00021110699544069065,tanh,1e-05,"(64,)",0.01,"{'clf__activation': 'tanh', 'clf__alpha': 1e-05, 'clf__early_stopping': False, 'clf__hidden_layer_sizes': (64,), 'clf__learning_rate_init': 0.01}",0.7535471461442588,0.7727089996406832,0.7545882279703896,0.7659566129975025,0.8083029616333179,0.7710207896772305,0.019969043976384913,561,1.0,1.0,1.0,1.0,1.0,1.0,0.0,False
16.20704870223999,0.4481322253318158,0.00725088119506836,0.0004894214315521733,tanh,1e-05,"(128,)",0.0001,"{'clf__activation': 'tanh', 'clf__alpha': 1e-05, 'clf__early_stopping': False, 'clf__hidden_layer_sizes': (128,), 'clf__learning_rate_init': 0.0001}",0.7584723941359013,0.7699021331552253,0.7528191871488971,0.7754785048333204,0.8115624495716531,0.7736469337689995,0.020586530572826087,503,1.0,1.0,1.0,1.0,1.0,1.0,0.0,False
6.251811122894287,0.2205469587895602,0.006839609146118164,0.0010860906627238372,tanh,1e-05,"(128,)",0.0005,"{'clf__activation': 'tanh', 'clf__alpha': 1e-05, 'clf__early_stopping': False, 'clf__hidden_layer_sizes': (128,), 'clf__learning_rate_init': 0.0005}",0.7604119792550775,0.7743132085789869,0.7526379599198634,0.778905498465289,0.8148149410481581,0.776216717453475,0.02147753854788127,453,1.0,1.0,1.0,1.0,1.0,1.0,0.0,False
4.056953954696655,0.17971054819734722,0.00723733901977539,0.00018409716257943818,tanh,1e-05,"(128,)",0.001,"{'clf__activation': 'tanh', 'clf__alpha': 1e-05, 'clf__early_stopping': False, 'clf__hidden_layer_sizes': (128,), 'clf__learning_rate_init': 0.001}",0.7590250965250965,0.7660382806403451,0.7528644407954752,0.7835425610216109,0.8068359805632015,0.7736612719091459,0.019509161842237086,500,1.0,1.0,1.0,1.0,1.0,1.0,0.0,False
1.911751890182495,0.09074464747642484,0.007077312469482422,0.0003679019658045698,tanh,1e-05,"(128,)",0.005,"{'clf__activation': 'tanh', 'clf__alpha': 1e-05, 'clf__early_stopping': False, 'clf__hidden_layer_sizes': (128,), 'clf__learning_rate_init': 0.005}",0.7819897797900383,0.7675090429018929,0.7613326252105953,0.7671125811288118,0.8130694689769862,0.7782026996016649,0.01871885687930612,415,1.0,1.0,1.0,1.0,1.0,1.0,0.0,False
1.478020715713501,0.07435939071982824,0.006976032257080078,0.00047254166856451987,tanh,1e-05,"(128,)",0.01,"{'clf__activation': 'tanh', 'clf__alpha': 1e-05, 'clf__early_stopping': False, 'clf__hidden_layer_sizes': (128,), 'clf__learning_rate_init': 0.01}",0.7720444936570247,0.7587063422014879,0.7520313300997674,0.7829493809188339,0.8223505667814975,0.7776164227317223,0.024790395685227153,436,1.0,1.0,1.0,1.0,1.0,1.0,0.0,False
25.81052131652832,0.5772466852214027,0.009084177017211915,0.00045396441144902243,tanh,1e-05,"(256,)",0.0001,"{'clf__activation': 'tanh', 'clf__alpha': 1e-05, 'clf__early_stopping': False, 'clf__hidden_layer_sizes': (256,), 'clf__learning_rate_init': 0.0001}",0.7689438655417162,0.7456553476186402,0.7275815140331284,0.767080958257429,0.8006340731091008,0.7619791517120029,0.024569911171749007,744,1.0,1.0,1.0,1.0,1.0,1.0,0.0,False
8.977477836608887,0.35618470888231757,0.008775997161865234,0.000350791775300533,tanh,1e-05,"(256,)",0.0005,"{'clf__activation': 'tanh', 'clf__alpha': 1e-05, 'clf__early_stopping': False, 'clf__hidden_layer_sizes': (256,), 'clf__learning_rate_init': 0.0005}",0.7806555605177802,0.7454103244425825,0.738081385204691,0.7725436328377505,0.8138493185243588,0.7701080443054326,0.027078277344110085,577,1.0,1.0,1.0,1.0,1.0,1.0,0.0,False
6.30517988204956,0.36967146145853946,0.00894007682800293,0.0004094588099898268,tanh,1e-05,"(256,)",0.001,"{'clf__activation': 'tanh', 'clf__alpha': 1e-05, 'clf__early_stopping': False, 'clf__hidden_layer_sizes': (256,), 'clf__learning_rate_init': 0.001}",0.7909693325958238,0.7401623271740536,0.7348493069265419,0.7661333764274941,0.8209173931479462,0.7706063472543719,0.03215980183582139,569,1.0,1.0,1.0,1.0,1.0,1.0,0.0,False
3.0751835823059084,0.0771618162996861,0.009406375885009765,0.000736396428157124,tanh,1e-05,"(256,)",0.005,"{'clf__activation': 'tanh', 'clf__alpha': 1e-05, 'clf__early_stopping': False, 'clf__hidden_layer_sizes': (256,), 'clf__learning_rate_init': 0.005}",0.8014950596072473,0.7550740811699715,0.7358805744520031,0.7905172984643183,0.8069000500296534,0.7779734127446388,0.027725633290487595,425,1.0,1.0,1.0,1.0,1.0,1.0,0.0,False
2.3189985752105713,0.17751161705107515,0.008828306198120117,0.00029972925540693544,tanh,1e-05,"(256,)",0.01,"{'clf__activation': 'tanh', 'clf__alpha': 1e-05, 'clf__early_stopping': False, 'clf__hidden_layer_sizes': (256,), 'clf__learning_rate_init': 0.01}",0.7673028371163272,0.7860394109513482,0.7319470564686111,0.7781350070449596,0.8159688355773121,0.7758786294317116,0.027273007412710944,462,1.0,1.0,1.0,1.0,1.0,1.0,0.0,False
9.968234586715699,0.46970453011145813,0.006057262420654297,0.0004217787335689058,tanh,1e-05,"(32, 16)",0.0001,"{'clf__activation': 'tanh', 'clf__alpha': 1e-05, 'clf__early_stopping': False, 'clf__hidden_layer_sizes': (32, 16), 'clf__learning_rate_init': 0.0001}",0.7389644433932514,0.759923556904981,0.7214471409208251,0.7576188328524587,0.802531627702092,0.7560971203547217,0.027082357330289648,828,1.0,1.0,1.0,1.0,1.0,1.0,0.0,False
3.234887456893921,0.12177177203751485,0.00559849739074707,0.00022267317086734436,tanh,1e-05,"(32, 16)",0.0005,"{'clf__activation': 'tanh', 'clf__alpha': 1e-05, 'clf__early_stopping': False, 'clf__hidden_layer_sizes': (32, 16), 'clf__learning_rate_init': 0.0005}",0.7545474014848658,0.7672807992660934,0.7398367872052083,0.748804188386966,0.800711122547771,0.7622360597781809,0.021199235358119045,742,1.0,1.0,1.0,1.0,1.0,1.0,0.0,False
2.0949002265930177,0.1032303270325626,0.0056438446044921875,8.18837841275233e-05,tanh,1e-05,"(32, 16)",0.001,"{'clf__activation': 'tanh', 'clf__alpha': 1e-05, 'clf__early_stopping': False, 'clf__hidden_layer_sizes': (32, 16), 'clf__learning_rate_init': 0.001}",0.7493592130133455,0.7449176305730165,0.742960920688827,0.7464458752931863,0.8116890068633322,0.7590745292863416,0.026390224272923757,802,1.0,1.0,1.0,1.0,1.0,1.0,0.0,False
0.807979965209961,0.033409766447963354,0.00571746826171875,0.0003357212437080932,tanh,1e-05,"(32, 16)",0.005,"{'clf__activation': 'tanh', 'clf__alpha': 1e-05, 'clf__early_stopping': False, 'clf__hidden_layer_sizes': (32, 16), 'clf__learning_rate_init': 0.005}",0.7449619238239613,0.7297802283864813,0.7439838388877719,0.7512158962630662,0.8239663443387443,0.7587816463400049,0.03333864876248683,807,1.0,1.0,1.0,1.0,1.0,1.0,0.0,False
0.6290942668914795,0.02080656291083942,0.005495595932006836,0.00023674080842752052,tanh,1e-05,"(32, 16)",0.01,"{'clf__activation': 'tanh', 'clf__alpha': 1e-05, 'clf__early_stopping': False, 'clf__hidden_layer_sizes': (32, 16), 'clf__learning_rate_init': 0.01}",0.7719365946041067,0.7862204339610347,0.7117229059508493,0.7549891654775118,0.8257725036104332,0.7701283207207872,0.03741360059753374,576,1.0,1.0,1.0,1.0,1.0,1.0,0.0,False
11.17493577003479,0.27216975101536517,0.006362771987915039,0.0003571231650366304,tanh,1e-05,"(64, 32)",0.0001,"{'clf__activation': 'tanh', 'clf__alpha': 1e-05, 'clf__early_stopping': False, 'clf__hidden_layer_sizes': (64, 32), 'clf__learning_rate_init': 0.0001}",0.7404958894616928,0.7500531167932943,0.733184293230384,0.7450046234351325,0.8155338612228618,0.7568543568286731,0.029859097939516004,825,1.0,1.0,1.0,1.0,1.0,1.0,0.0,False
3.6177931308746336,0.07894139259862114,0.0061493396759033205,0.0002497302953212955,tanh,1e-05,"(64, 32)",0.0005,"{'clf__activation': 'tanh', 'clf__alpha': 1e-05, 'clf__early_stopping': False, 'clf__hidden_layer_sizes': (64, 32), 'clf__learning_rate_init': 0.0005}",0.7511771245593928,0.7457551080060568,0.7213125374329863,0.7440794004755443,0.8170549757503607,0.7558758292448682,0.032252663963891676,832,1.0,1.0,1.0,1.0,1.0,1.0,0.0,False
2.346773290634155,0.08896986603999398,0.006236362457275391,0.00011707205848104663,tanh,1e-05,"(64, 32)",0.001,"{'clf__activation': 'tanh', 'clf__alpha': 1e-05, 'clf__early_stopping': False, 'clf__hidden_layer_sizes': (64, 32), 'clf__learning_rate_init': 0.001}",0.7619421089665991,0.7433897974050104,0.7214684769759027,0.7470335759212565,0.8339410978189528,0.7615550114175443,0.03843871142886967,752,1.0,1.0,1.0,1.0,1.0,1.0,0.0,False
1.054637575149536,0.025530594862947172,0.006315946578979492,0.00018892713048048905,tanh,1e-05,"(64, 32)",0.005,"{'clf__activation': 'tanh', 'clf__alpha': 1e-05, 'clf__early_stopping': False, 'clf__hidden_layer_sizes': (64, 32), 'clf__learning_rate_init': 0.005}",0.7613924233661076,0.739830135589462,0.7552917463012297,0.746648575167189,0.8171138364800337,0.7640553433808044,0.02752799207684793,702,1.0,1.0,1.0,1.0,1.0,1.0,0.0,False
0.7866348266601563,0.024754026554427287,0.00609893798828125,0.00014838306615036804,tanh,1e-05,"(64, 32)",0.01,"{'clf__activation': 'tanh', 'clf__alpha': 1e-05, 'clf__early_stopping': False, 'clf__hidden_layer_sizes': (64, 32), 'clf__learning_rate_init': 0.01}",0.7784032438478747,0.724387226717403,0.714950323210908,0.7450656374614776,0.8120701058201057,0.7549753074115538,0.03590129749830987,846,1.0,1.0,1.0,1.0,1.0,1.0,0.0,False
14.088507986068725,0.3289898527620146,0.007596826553344727,0.00027988097443729104,tanh,1e-05,"(128, 64)",0.0001,"{'clf__activation': 'tanh', 'clf__alpha': 1e-05, 'clf__early_stopping': False, 'clf__hidden_layer_sizes': (128, 64), 'clf__learning_rate_init': 0.0001}",0.7599429387190436,0.7426563051925116,0.743410411076216,0.7491600043198916,0.8184839886561016,0.7627307295927528,0.028553877078790306,732,1.0,1.0,1.0,1.0,1.0,1.0,0.0,False
4.705873441696167,0.18146250051461207,0.008323287963867188,0.00022885782394021346,tanh,1e-05,"(128, 64)",0.0005,"{'clf__activation': 'tanh', 'clf__alpha': 1e-05, 'clf__early_stopping': False, 'clf__hidden_layer_sizes': (128, 64), 'clf__learning_rate_init': 0.0005}",0.7564141471500244,0.7325125403696832,0.7445448027769543,0.7542331578554801,0.8160184225774705,0.7607446141459224,0.028899237997046013,763,1.0,1.0,1.0,1.0,1.0,1.0,0.0,False
3.184507369995117,0.17514181635805012,0.008071613311767579,0.00018841509381455375,tanh,1e-05,"(128, 64)",0.001,"{'clf__activation': 'tanh', 'clf__alpha': 1e-05, 'clf__early_stopping': False, 'clf__hidden_layer_sizes': (128, 64), 'clf__learning_rate_init': 0.001}",0.7690308140419814,0.7453044991300024,0.7634048459697488,0.7443443076460288,0.8129397831644655,0.7670048499904454,0.02494589365726658,636,1.0,1.0,1.0,1.0,1.0,1.0,0.0,False
1.4815261840820313,0.06614070111754382,0.007471990585327148,0.00022396186002561806,tanh,1e-05,"(128, 64)",0.005,"{'clf__activation': 'tanh', 'clf__alpha': 1e-05, 'clf__early_stopping': False, 'clf__hidden_layer_sizes': (128, 64), 'clf__learning_rate_init': 0.005}",0.7640749537051317,0.7669162210338681,0.7464108218825201,0.7865457184325109,0.8099754791093257,0.7747846388326713,0.02171820008766388,482,1.0,1.0,1.0,1.0,1.0,1.0,0.0,False
1.234347677230835,0.1396633068935341,0.007842540740966797,0.00022156627364889494,tanh,1e-05,"(128, 64)",0.01,"{'clf__activation': 'tanh', 'clf__alpha': 1e-05, 'clf__early_stopping': False, 'clf__hidden_layer_sizes': (128, 64), 'clf__learning_rate_init': 0.01}",0.7602763256161315,0.7624251379038613,0.7501132757144838,0.7681997344618704,0.8390006559448557,0.7760030259282406,0.03203610481147684,461,1.0,1.0,1.0,1.0,1.0,1.0,0.0,False
20.72956476211548,0.6732463676093023,0.010589075088500977,0.000248818472408999,tanh,1e-05,"(256, 128)",0.0001,"{'clf__activation': 'tanh', 'clf__alpha': 1e-05, 'clf__early_stopping': False, 'clf__hidden_layer_sizes': (256, 128), 'clf__learning_rate_init': 0.0001}",0.7601325721056658,0.7538381870033353,0.744177804305139,0.7887529566420877,0.8144489536310362,0.7722700947374527,0.02579524116662496,531,1.0,1.0,1.0,1.0,1.0,1.0,0.0,False
7.854799365997314,0.3902930862023745,0.010762166976928712,0.000690303147088173,tanh,1e-05,"(256, 128)",0.0005,"{'clf__activation': 'tanh', 'clf__alpha': 1e-05, 'clf__early_stopping': False, 'clf__hidden_layer_sizes': (256, 128), 'clf__learning_rate_init': 0.0005}",0.7791451151417662,0.748941015191271,0.7443694293526508,0.7876152717798689,0.8144489536310362,0.7749039570193187,0.025883598785235516,479,1.0,1.0,1.0,1.0,1.0,1.0,0.0,False
5.547986841201782,0.173294622817989,0.011513614654541015,0.0007907248790012121,tanh,1e-05,"(256, 128)",0.001,"{'clf__activation': 'tanh', 'clf__alpha': 1e-05, 'clf__early_stopping': False, 'clf__hidden_layer_sizes': (256, 128), 'clf__learning_rate_init': 0.001}",0.778384621144055,0.7448442433433607,0.7446302806972427,0.7691923537511772,0.808588561707944,0.7691280121287559,0.023801950319715985,595,1.0,1.0,1.0,1.0,1.0,1.0,0.0,False
3.1431699275970457,0.27945628823002594,0.011449193954467774,0.0010981046525504884,tanh,1e-05,"(256, 128)",0.005,"{'clf__activation': 'tanh', 'clf__alpha': 1e-05, 'clf__early_stopping': False, 'clf__hidden_layer_sizes': (256, 128), 'clf__learning_rate_init': 0.005}",0.7787535667800828,0.7403118361007535,0.7369037123205151,0.8085538626422963,0.8285938219210716,0.7786233599529437,0.036335109392471185,411,1.0,1.0,1.0,1.0,1.0,1.0,0.0,False
2.5587671756744386,0.19396011858644144,0.011167192459106445,0.0007251415792280622,tanh,1e-05,"(256, 128)",0.01,"{'clf__activation': 'tanh', 'clf__alpha': 1e-05, 'clf__early_stopping': False, 'clf__hidden_layer_sizes': (256, 128), 'clf__learning_rate_init': 0.01}",0.7710074478367162,0.8010619891414593,0.7317339632214277,0.7713203871292107,0.8240073555666643,0.7798262285790957,0.031195883473108428,385,1.0,0.9964468546039106,1.0,1.0,1.0,0.999289370920782,0.0014212581584357677,False
10.498097944259644,0.4107807706616037,0.006466388702392578,0.00032706934669870244,tanh,1e-05,"(64, 32, 16)",0.0001,"{'clf__activation': 'tanh', 'clf__alpha': 1e-05, 'clf__early_stopping': False, 'clf__hidden_layer_sizes': (64, 32, 16), 'clf__learning_rate_init': 0.0001}",0.7422611095158427,0.7541682235230622,0.7296719882603175,0.7532192181349971,0.822267557033393,0.7603176192935226,0.03222169890026821,771,1.0,1.0,1.0,1.0,1.0,1.0,0.0,False
3.613873338699341,0.09252829315920943,0.006580972671508789,0.00017244693040245835,tanh,1e-05,"(64, 32, 16)",0.0005,"{'clf__activation': 'tanh', 'clf__alpha': 1e-05, 'clf__early_stopping': False, 'clf__hidden_layer_sizes': (64, 32, 16), 'clf__learning_rate_init': 0.0005}",0.7647509687713699,0.7667240358642199,0.74838314244197,0.7493307284705114,0.8088658095225139,0.7676109370141171,0.021976371976237044,626,1.0,1.0,1.0,1.0,1.0,1.0,0.0,False
2.3675734996795654,0.09862661938943122,0.006725931167602539,0.0005971013195141333,tanh,1e-05,"(64, 32, 16)",0.001,"{'clf__activation': 'tanh', 'clf__alpha': 1e-05, 'clf__early_stopping': False, 'clf__hidden_layer_sizes': (64, 32, 16), 'clf__learning_rate_init': 0.001}",0.7680030345471521,0.7785293381892343,0.7393746174692287,0.757746696127858,0.8155942898906475,0.7718495952448241,0.025402870899523703,544,1.0,1.0,1.0,1.0,1.0,1.0,0.0,False
0.9710536956787109,0.15734694293014528,0.006652402877807617,0.00019325754121212179,tanh,1e-05,"(64, 32, 16)",0.005,"{'clf__activation': 'tanh', 'clf__alpha': 1e-05, 'clf__early_stopping': False, 'clf__hidden_layer_sizes': (64, 32, 16), 'clf__learning_rate_init': 0.005}",0.7289381573764684,0.7671234021866048,0.7298227116069865,0.7420684078378272,0.8213342038076387,0.7578573765631051,0.0346026647495885,815,0.9928715597406879,1.0,1.0,1.0,1.0,0.9985743119481375,0.002851376103724856,False
0.8740915298461914,0.2152208801694291,0.006832265853881836,0.0003222395378810393,tanh,1e-05,"(64, 32, 16)",0.01,"{'clf__activation': 'tanh', 'clf__alpha': 1e-05, 'clf__early_stopping': False, 'clf__hidden_layer_sizes': (64, 32, 16), 'clf__learning_rate_init': 0.01}",0.7581603173187331,0.7570378018990294,0.7161026573619333,0.7631527837872276,0.7772756394037859,0.7543458399541418,0.020433677466079,853,1.0,1.0,0.9724025357520563,1.0,0.984540752304178,0.9913886576112467,0.011223477924027172,False
12.162883377075195,0.33078530935058564,0.007593917846679688,0.00012344294557879395,tanh,1e-05,"(128, 64, 32)",0.0001,"{'clf__activation': 'tanh', 'clf__alpha': 1e-05, 'clf__early_stopping': False, 'clf__hidden_layer_sizes': (128, 64, 32), 'clf__learning_rate_init': 0.0001}",0.7529881905450001,0.7532773657778998,0.739238787552817,0.7517219379959832,0.8285173662545011,0.7651487296252402,0.03211229026469805,668,1.0,1.0,1.0,1.0,1.0,1.0,0.0,False
4.3154435634613035,0.12443228208520042,0.007854890823364259,0.0001792148165417449,tanh,1e-05,"(128, 64, 32)",0.0005,"{'clf__activation': 'tanh', 'clf__alpha': 1e-05, 'clf__early_stopping': False, 'clf__hidden_layer_sizes': (128, 64, 32), 'clf__learning_rate_init': 0.0005}",0.7558102421040007,0.7594233430192334,0.7314615076182838,0.7451500858194777,0.8241927362975703,0.7632075829717133,0.032006613547384176,720,1.0,1.0,1.0,1.0,1.0,1.0,0.0,False
2.7937978744506835,0.10617346007420478,0.007753992080688476,0.0002541401861020881,tanh,1e-05,"(128, 64, 32)",0.001,"{'clf__activation': 'tanh', 'clf__alpha': 1e-05, 'clf__early_stopping': False, 'clf__hidden_layer_sizes': (128, 64, 32), 'clf__learning_rate_init': 0.001}",0.7590270556043103,0.7603516420932278,0.7191602728588675,0.7488171550671551,0.8179068139242981,0.7610525879095718,0.03206764412625113,759,1.0,1.0,1.0,1.0,1.0,1.0,0.0,False
1.478560209274292,0.15938667093160194,0.0077228546142578125,0.00021429822651049672,tanh,1e-05,"(128, 64, 32)",0.005,"{'clf__activation': 'tanh', 'clf__alpha': 1e-05, 'clf__early_stopping': False, 'clf__hidden_layer_sizes': (128, 64, 32), 'clf__learning_rate_init': 0.005}",0.7724061781450395,0.7678975740082127,0.7456097033895894,0.7743851345366095,0.7996567141234507,0.7719910608405803,0.01722802912819803,540,1.0,1.0,1.0,1.0,1.0,1.0,0.0,False
1.4991695404052734,0.3193532623304579,0.007941579818725586,0.00037953483898572297,tanh,1e-05,"(128, 64, 32)",0.01,"{'clf__activation': 'tanh', 'clf__alpha': 1e-05, 'clf__early_stopping': False, 'clf__hidden_layer_sizes': (128, 64, 32), 'clf__learning_rate_init': 0.01}",0.738702213453784,0.7624140049140049,0.7543015680089966,0.7120490825290496,0.8069593144832317,0.7548852366778134,0.03119473975682479,847,0.9670394473038693,1.0,0.9741161664835368,0.9825941248401532,1.0,0.9847499477255118,0.013390406190623651,False
0.5646003723144531,0.15221313839254474,0.0049762725830078125,0.00021921371589029412,tanh,0.0001,"(32,)",0.0001,"{'clf__activation': 'tanh', 'clf__alpha': 0.0001, 'clf__early_stopping': True, 'clf__hidden_layer_sizes': (32,), 'clf__learning_rate_init': 0.0001}",0.6525848877701471,0.6771371386330856,0.6538055296675988,0.6159965687547795,0.6389504719827196,0.6476949193616661,0.02004667761068417,976,0.6789777094703779,0.7274059878156172,0.7807421434899352,0.6471583435729742,0.6628733996407782,0.6994315167979365,0.04874695445879864,True
0.3237910270690918,0.08571786716210802,0.004929161071777344,0.0001330111248304382,tanh,0.0001,"(32,)",0.0005,"{'clf__activation': 'tanh', 'clf__alpha': 0.0001, 'clf__early_stopping': True, 'clf__hidden_layer_sizes': (32,), 'clf__learning_rate_init': 0.0005}",0.7559974747474748,0.6953160743571876,0.7033857781928854,0.72055399618981,0.6802394209930499,0.7110985488960816,0.02594678452355887,936,0.7723228052186959,0.757000180331468,0.8665429502715714,0.8177534974302627,0.7479785496882109,0.7923195965880419,0.044202829805408454,True
0.24256424903869628,0.052777763442884124,0.0048964500427246095,0.00035392045633433666,tanh,0.0001,"(32,)",0.001,"{'clf__activation': 'tanh', 'clf__alpha': 0.0001, 'clf__early_stopping': True, 'clf__hidden_layer_sizes': (32,), 'clf__learning_rate_init': 0.001}",0.7707979372746533,0.6999024526198439,0.7224967551097433,0.7183888760317827,0.749085449085449,0.7321342940242944,0.024911560528149718,913,0.7722016172146485,0.7551856356285841,0.8813787508183484,0.8052926274811766,0.8258002700426637,0.8079717802370843,0.04422555339040277,True
0.1598958969116211,0.02145433794290807,0.0049816608428955075,0.0002965919687807629,tanh,0.0001,"(32,)",0.005,"{'clf__activation': 'tanh', 'clf__alpha': 0.0001, 'clf__early_stopping': True, 'clf__hidden_layer_sizes': (32,), 'clf__learning_rate_init': 0.005}",0.8058655188224912,0.7443390413719445,0.7185689042977256,0.7627236130573171,0.7102239864630219,0.7483442128025001,0.03426727257559138,870,0.7969733117349787,0.8172788436864977,0.8560260662556701,0.9045560190239694,0.7855085733120953,0.8320685628026423,0.043466397001677745,True
0.18116908073425292,0.039071965760296194,0.004818153381347656,0.00011857612306982595,tanh,0.0001,"(32,)",0.01,"{'clf__activation': 'tanh', 'clf__alpha': 0.0001, 'clf__early_stopping': True, 'clf__hidden_layer_sizes': (32,), 'clf__learning_rate_init': 0.01}",0.7736158279335943,0.7741834244318606,0.7082552350736799,0.7494251805638745,0.8139161716014135,0.7638791679208846,0.03466301095888612,711,0.9668685858522074,0.8690688471879263,0.8785836573821342,0.8407546187231681,0.8926788920767129,0.8895909202444298,0.04221059780755582,True
0.8034275054931641,0.1713839557795075,0.005219793319702149,0.00019682828282183864,tanh,0.0001,"(64,)",0.0001,"{'clf__activation': 'tanh', 'clf__alpha': 0.0001, 'clf__early_stopping': True, 'clf__hidden_layer_sizes': (64,), 'clf__learning_rate_init': 0.0001}",0.5903094004563291,0.69045232936078,0.6648187020562213,0.6840359467238265,0.6274152290680449,0.6514063215330403,0.037623347542162025,972,0.664749648261407,0.7628887152346058,0.7680691516506503,0.7866612883636783,0.751573195851378,0.7467883998723439,0.04255628937324903,True
0.5546353816986084,0.1389681932116009,0.0055214881896972655,0.00030846611612044326,tanh,0.0001,"(64,)",0.0005,"{'clf__activation': 'tanh', 'clf__alpha': 0.0001, 'clf__early_stopping': True, 'clf__hidden_layer_sizes': (64,), 'clf__learning_rate_init': 0.0005}",0.8039839100986031,0.7469255926665812,0.6483350038706909,0.6995212438874411,0.7436853875368862,0.7284902276120405,0.05202713441326493,923,0.9084793123224785,0.8557478007869287,0.7526145790471381,0.8182549562058389,0.832164343525504,0.8334521983775776,0.050780896314375004,True
0.4861245632171631,0.026281333296422904,0.005408000946044922,0.00032330408197697085,tanh,0.0001,"(64,)",0.001,"{'clf__activation': 'tanh', 'clf__alpha': 0.0001, 'clf__early_stopping': True, 'clf__hidden_layer_sizes': (64,), 'clf__learning_rate_init': 0.001}",0.804298523206751,0.7545457319849556,0.7256303850233545,0.7514959905926668,0.8065436438355417,0.7685028549286539,0.03178211723382488,606,0.9025115804007641,0.9113281932010211,0.9070144213975644,0.9105788596730958,0.911642488324923,0.9086151085994736,0.003469796257049311,True
0.3565828800201416,0.07171574542260092,0.005556440353393555,9.709856490585624e-05,tanh,0.0001,"(64,)",0.005,"{'clf__activation': 'tanh', 'clf__alpha': 0.0001, 'clf__early_stopping': True, 'clf__hidden_layer_sizes': (64,), 'clf__learning_rate_init': 0.005}",0.7723495678932816,0.7712175150404389,0.7159788598493938,0.7644488477901072,0.8012422196300849,0.7650474020406614,0.027602669584182983,673,0.9728353625973863,0.9685344192678313,0.9110050501867252,0.9243233993576491,0.9728432430855409,0.9499082948990265,0.0267082164120851,True
0.25031795501708987,0.02377026102864581,0.0055710792541503905,0.0002569792816134731,tanh,0.0001,"(64,)",0.01,"{'clf__activation': 'tanh', 'clf__alpha': 0.0001, 'clf__early_stopping': True, 'clf__hidden_layer_sizes': (64,), 'clf__learning_rate_init': 0.01}",0.7833371307055518,0.7674347175066599,0.7155954790823211,0.7338550600343053,0.8261169993630043,0.7652678773383684,0.03869863306169155,662,0.8981328472094451,0.8569218987997118,0.9208385452126991,0.9418542791270086,0.892438209837891,0.9020371560373512,0.028571543035831957,True
1.330921745300293,0.3644187708278248,0.006812143325805664,0.00041347020993097753,tanh,0.0001,"(128,)",0.0001,"{'clf__activation': 'tanh', 'clf__alpha': 0.0001, 'clf__early_stopping': True, 'clf__hidden_layer_sizes': (128,), 'clf__learning_rate_init': 0.0001}",0.6304208642449227,0.7358371905671245,0.6897959183673469,0.7100381450933845,0.7336613817217266,0.6999506999989009,0.03863553925083693,952,0.6759071717003499,0.8269512968158131,0.8032193345115817,0.791214022309428,0.8213265629670036,0.7837236776608354,0.0553952866184133,True
0.7426377296447754,0.13062361055183597,0.006948232650756836,0.0003379936006436937,tanh,0.0001,"(128,)",0.0005,"{'clf__activation': 'tanh', 'clf__alpha': 0.0001, 'clf__early_stopping': True, 'clf__hidden_layer_sizes': (128,), 'clf__learning_rate_init': 0.0005}",0.7912601422637919,0.7485539407597154,0.7498008935508935,0.7307830484022705,0.7752675565175566,0.7591331162988457,0.02142522646213589,797,0.878757237800341,0.8589988305252836,0.9091487882761468,0.8636143843806314,0.8742389780699481,0.8769516438104702,0.01759238943845493,True
0.47161402702331545,0.05959600478639303,0.006681489944458008,0.00028580846798335153,tanh,0.0001,"(128,)",0.001,"{'clf__activation': 'tanh', 'clf__alpha': 0.0001, 'clf__early_stopping': True, 'clf__hidden_layer_sizes': (128,), 'clf__learning_rate_init': 0.001}",0.7895694212303721,0.7560064939452,0.7293693993114563,0.7218287095402135,0.7787679919281404,0.7551084031910764,0.026526133531763335,839,0.8831473889984571,0.9022785305248127,0.8696023531170511,0.8599831916268823,0.8749743190727506,0.8779971566679906,0.014284419622237919,True
0.3934985637664795,0.10570896659792645,0.0066319465637207035,0.00041528770593190134,tanh,0.0001,"(128,)",0.005,"{'clf__activation': 'tanh', 'clf__alpha': 0.0001, 'clf__early_stopping': True, 'clf__hidden_layer_sizes': (128,), 'clf__learning_rate_init': 0.005}",0.8019501350861359,0.7200332584467646,0.7229865580156278,0.7710984122373167,0.7996019228376923,0.7631340573247074,0.03569180472242288,722,0.8686354795586495,0.7869931775705177,0.8805607611284266,0.9137617551760251,0.9672317632168281,0.8834365873300895,0.05910993446186564,True
0.46717658042907717,0.07522478795284857,0.006864309310913086,0.000455367777209516,tanh,0.0001,"(128,)",0.01,"{'clf__activation': 'tanh', 'clf__alpha': 0.0001, 'clf__early_stopping': True, 'clf__hidden_layer_sizes': (128,), 'clf__learning_rate_init': 0.01}",0.7708637525850783,0.7640438220778158,0.7546373405881046,0.7683150536110813,0.8024965852785118,0.7720713108281183,0.016184244712303113,536,0.9761821391822101,0.9695317117912794,0.9307019457119811,0.9326928957097914,0.9272285478270678,0.9472674480444659,0.021072008774606094,True
1.9907539367675782,0.6979940890205951,0.008510255813598632,0.00037998394701857947,tanh,0.0001,"(256,)",0.0001,"{'clf__activation': 'tanh', 'clf__alpha': 0.0001, 'clf__early_stopping': True, 'clf__hidden_layer_sizes': (256,), 'clf__learning_rate_init': 0.0001}",0.7920907654479548,0.7269739095941292,0.684398761805741,0.7303871532339916,0.7334854396821027,0.7334672059527838,0.03433972595614604,907,0.8851709405177859,0.803552152765941,0.8012641452452964,0.828004169203697,0.8427333816527862,0.8321449578771013,0.030699149098393254,True
1.1130709171295166,0.15195999572252428,0.008495521545410157,0.0003292398600699533,tanh,0.0001,"(256,)",0.0005,"{'clf__activation': 'tanh', 'clf__alpha': 0.0001, 'clf__early_stopping': True, 'clf__hidden_layer_sizes': (256,), 'clf__learning_rate_init': 0.0005}",0.8084593315749584,0.7360326624749034,0.7359872696282093,0.7622627156260837,0.7785034390374633,0.7642490836683236,0.027410125438449052,695,0.9020956704829582,0.896724984805151,0.9094244632714569,0.8740271045713288,0.8830364222598687,0.8930617290781526,0.012849858497462792,True
0.9698654174804687,0.17977889731923108,0.008467388153076173,0.0007812328110886387,tanh,0.0001,"(256,)",0.001,"{'clf__activation': 'tanh', 'clf__alpha': 0.0001, 'clf__early_stopping': True, 'clf__hidden_layer_sizes': (256,), 'clf__learning_rate_init': 0.001}",0.8091313448456305,0.732288368641086,0.7171690921690922,0.7784456467976406,0.7829293447236715,0.7639927594354241,0.034066394937611925,707,0.8967749753689616,0.8940070794470233,0.9481545009045003,0.931499767509249,0.9015956843541391,0.9144064015167747,0.021551015643671012,True
0.7293272972106933,0.04877742634300222,0.008622121810913087,0.0006408060630341957,tanh,0.0001,"(256,)",0.005,"{'clf__activation': 'tanh', 'clf__alpha': 0.0001, 'clf__early_stopping': True, 'clf__hidden_layer_sizes': (256,), 'clf__learning_rate_init': 0.005}",0.8109158387384194,0.747814802696801,0.7318835546506378,0.7588883568299931,0.817669588865241,0.7734344283562185,0.034513864086682056,513,0.9434263818723033,0.9154514396630544,0.9238935017105308,0.9013428786055784,0.9338920269500227,0.9236012457602978,0.014566233972525263,True
0.6764192104339599,0.03773046977086442,0.008540105819702149,0.0005977561348682364,tanh,0.0001,"(256,)",0.01,"{'clf__activation': 'tanh', 'clf__alpha': 0.0001, 'clf__early_stopping': True, 'clf__hidden_layer_sizes': (256,), 'clf__learning_rate_init': 0.01}",0.7805654207872694,0.7307009434046717,0.7271853171509285,0.7768487877355306,0.8233930889808895,0.7677387116118579,0.03566875874391275,622,0.8617831059965222,0.8890430578185365,0.8746889099948872,0.9237945599499169,0.9223201457824037,0.8943259559084534,0.024998531779613677,True
0.7326669692993164,0.17161490841831725,0.005040597915649414,0.0002866707320609792,tanh,0.0001,"(32, 16)",0.0001,"{'clf__activation': 'tanh', 'clf__alpha': 0.0001, 'clf__early_stopping': True, 'clf__hidden_layer_sizes': (32, 16), 'clf__learning_rate_init': 0.0001}",0.660179200315473,0.6045810203542161,0.597103162428716,0.5090356016602945,0.5202510982902787,0.5782300166097956,0.05641925517263145,996,0.6913224245900575,0.6897702184951664,0.6554411047761101,0.5682975508786904,0.57587241853411,0.636140743454827,0.05390475348393053,True
0.49011831283569335,0.0883441794593122,0.004985904693603516,0.00019838606962080616,tanh,0.0001,"(32, 16)",0.0005,"{'clf__activation': 'tanh', 'clf__alpha': 0.0001, 'clf__early_stopping': True, 'clf__hidden_layer_sizes': (32, 16), 'clf__learning_rate_init': 0.0005}",0.7737376993281582,0.7431712721235977,0.6895156943313361,0.7332659255379258,0.6695771578080423,0.7218535498258121,0.037563840680417404,931,0.8585234842005551,0.8625311269508291,0.8370006342552445,0.8652941338928427,0.7435608304322436,0.833382041946343,0.04600236327794716,True
0.37697529792785645,0.07754434030671843,0.004963493347167969,0.00016411995192262453,tanh,0.0001,"(32, 16)",0.001,"{'clf__activation': 'tanh', 'clf__alpha': 0.0001, 'clf__early_stopping': True, 'clf__hidden_layer_sizes': (32, 16), 'clf__learning_rate_init': 0.001}",0.7768059232932334,0.7341892601933586,0.7269424376212456,0.7289179771328429,0.805410780290669,0.75445327570627,0.03135549756485469,850,0.8458388483366955,0.847529416019538,0.9289395765549682,0.8663795962955906,0.8920892074566354,0.8761553289326856,0.03122230650127101,True
0.22164344787597656,0.047749368481454,0.0049436092376708984,0.0001442107250672266,tanh,0.0001,"(32, 16)",0.005,"{'clf__activation': 'tanh', 'clf__alpha': 0.0001, 'clf__early_stopping': True, 'clf__hidden_layer_sizes': (32, 16), 'clf__learning_rate_init': 0.005}",0.761224766642506,0.7583793611816145,0.7317619163121726,0.7665187782867546,0.7821988571810159,0.7600167359208128,0.016351135886590727,779,0.9497008308441417,0.8485991105320192,0.9263630839049368,0.9105929029974886,0.8310629889553189,0.893263783446781,0.04570530436635486,True
0.2546239852905273,0.12164976379070627,0.004639625549316406,0.000782579167575873,tanh,0.0001,"(32, 16)",0.01,"{'clf__activation': 'tanh', 'clf__alpha': 0.0001, 'clf__early_stopping': True, 'clf__hidden_layer_sizes': (32, 16), 'clf__learning_rate_init': 0.01}",0.758636094954367,0.7218990276107766,0.7394999116020753,0.7686984598593257,0.785424508600256,0.7548316005253601,0.022191462476105976,848,0.9591900268146292,0.8268979399494427,0.9860552774369669,0.90637252042007,0.8354694192360477,0.9027970367714312,0.06390394202150386,True
0.9904570579528809,0.1377716768416048,0.006073188781738281,0.0001662980373580037,tanh,0.0001,"(64, 32)",0.0001,"{'clf__activation': 'tanh', 'clf__alpha': 0.0001, 'clf__early_stopping': True, 'clf__hidden_layer_sizes': (64, 32), 'clf__learning_rate_init': 0.0001}",0.7519055951770748,0.6992075548911026,0.6456598140989182,0.6866601427613959,0.7230750540855655,0.7013016322028114,0.03563597413834019,948,0.7948487931250918,0.7333551862585054,0.7686022770472827,0.7897647186272129,0.7831827358741128,0.7739507421864411,0.022129823007859258,True
0.6119486331939697,0.09368188433697416,0.005719327926635742,0.00014850523549320138,tanh,0.0001,"(64, 32)",0.0005,"{'clf__activation': 'tanh', 'clf__alpha': 0.0001, 'clf__early_stopping': True, 'clf__hidden_layer_sizes': (64, 32), 'clf__learning_rate_init': 0.0005}",0.7943427273997854,0.759981870592096,0.7345520482312935,0.746236345568056,0.8029271273597041,0.767608023830187,0.026719984344413732,629,0.8777510263166626,0.8438133118337633,0.8592253782778977,0.8786795092577744,0.9133409111854277,0.874562027374305,0.023287857410466482,True
0.39544248580932617,0.04364062509115507,0.005587291717529297,8.276983839632787e-05,tanh,0.0001,"(64, 32)",0.001,"{'clf__activation': 'tanh', 'clf__alpha': 0.0001, 'clf__early_stopping': True, 'clf__hidden_layer_sizes': (64, 32), 'clf__learning_rate_init': 0.001}",0.7923216714393033,0.7354452665250408,0.7247351782865802,0.7423926418112464,0.7923264135220656,0.7574442343168473,0.029029603557701532,817,0.8952476680861332,0.839717659517768,0.8657322795114354,0.8770483137633153,0.8759512001017612,0.8707394241960825,0.018193625784249108,True
0.3313446521759033,0.07055311769990798,0.005806636810302734,9.894266472689124e-05,tanh,0.0001,"(64, 32)",0.005,"{'clf__activation': 'tanh', 'clf__alpha': 0.0001, 'clf__early_stopping': True, 'clf__hidden_layer_sizes': (64, 32), 'clf__learning_rate_init': 0.005}",0.7777517019856788,0.7679370145836587,0.7360370200446659,0.7433462892710645,0.8221319646632128,0.7694407981096563,0.030477622287332917,587,0.9136593727206936,0.9489353849647967,0.9680889166056428,0.8481518659561708,0.8925912186334974,0.9142853517761603,0.04228501767204585,True
0.3050071239471436,0.05787117467625201,0.005821084976196289,0.00022921788857507665,tanh,0.0001,"(64, 32)",0.01,"{'clf__activation': 'tanh', 'clf__alpha': 0.0001, 'clf__early_stopping': True, 'clf__hidden_layer_sizes': (64, 32), 'clf__learning_rate_init': 0.01}",0.7533264033264033,0.7616975557346225,0.7335418149083807,0.7398935295321156,0.8509507610118447,0.7678820129026734,0.042692234874029344,620,0.8687561380482196,0.8855313050397217,0.926576088892955,0.9285546389747693,0.983667730956215,0.9186171803823762,0.03993612431809846,True
1.6709218978881837,0.3186025908825937,0.0074004650115966795,0.00025671352910168287,tanh,0.0001,"(128, 64)",0.0001,"{'clf__activation': 'tanh', 'clf__alpha': 0.0001, 'clf__early_stopping': True, 'clf__hidden_layer_sizes': (128, 64), 'clf__learning_rate_init': 0.0001}",0.7859505814440444,0.7544847481085922,0.740594512285092,0.7620798824840294,0.754398637090243,0.7595016722824002,0.014932402078611708,789,0.8680772003683987,0.8424424251828824,0.84384967748546,0.8469264721643337,0.8087360018345249,0.8420063554071199,0.019049414300072173,True
1.021333646774292,0.2633342886754293,0.007623624801635742,0.00015985587205892885,tanh,0.0001,"(128, 64)",0.0005,"{'clf__activation': 'tanh', 'clf__alpha': 0.0001, 'clf__early_stopping': True, 'clf__hidden_layer_sizes': (128, 64), 'clf__learning_rate_init': 0.0005}",0.7807479047583467,0.7548691753478988,0.7572407786785451,0.7672594707480211,0.7848432519326624,0.7689921162930948,0.012083133043720124,598,0.949218906068041,0.9232618115296043,0.9371318904920458,0.8674053832425997,0.8823330684967339,0.911870211965805,0.031661995298540364,True
0.8445684909820557,0.17020116541232705,0.00773463249206543,0.0004371056654680187,tanh,0.0001,"(128, 64)",0.001,"{'clf__activation': 'tanh', 'clf__alpha': 0.0001, 'clf__early_stopping': True, 'clf__hidden_layer_sizes': (128, 64), 'clf__learning_rate_init': 0.001}",0.7784004869179711,0.7699982219770889,0.775541204451157,0.7618674000847953,0.8111759648775883,0.7793966556617201,0.016860526132042135,396,0.961832630159699,0.9406852049657021,0.9532061927131064,0.8940833639175979,0.9346564655157725,0.9368927714543756,0.02341005448624623,True
0.604369068145752,0.17466870768345272,0.0077301979064941405,0.000633066499088673,tanh,0.0001,"(128, 64)",0.005,"{'clf__activation': 'tanh', 'clf__alpha': 0.0001, 'clf__early_stopping': True, 'clf__hidden_layer_sizes': (128, 64), 'clf__learning_rate_init': 0.005}",0.7695272455848738,0.7590806005280066,0.721711299253056,0.7795627295374149,0.7904336381816601,0.7640631026170023,0.023596614224322195,699,0.9742180057621469,0.9657736086318742,0.9782850494436811,0.8674248460922933,0.8547235865537344,0.928085019296746,0.055009602180607735,True
0.5468660831451416,0.1395513171976747,0.007706165313720703,0.0003367599090048034,tanh,0.0001,"(128, 64)",0.01,"{'clf__activation': 'tanh', 'clf__alpha': 0.0001, 'clf__early_stopping': True, 'clf__hidden_layer_sizes': (128, 64), 'clf__learning_rate_init': 0.01}",0.776051842317983,0.76790251169392,0.7326868773434917,0.7377628884706826,0.8056747331365244,0.7640157705925203,0.026706389913744095,704,0.9760304686858852,0.9400306225749164,0.8872872222613848,0.8760209410102413,0.9022671089088722,0.91632727268826,0.03685629801219113,True
2.1146390438079834,0.5771759020263203,0.010245132446289062,0.0003490583294711247,tanh,0.0001,"(256, 128)",0.0001,"{'clf__activation': 'tanh', 'clf__alpha': 0.0001, 'clf__early_stopping': True, 'clf__hidden_layer_sizes': (256, 128), 'clf__learning_rate_init': 0.0001}",0.7677277445069528,0.6884825856115058,0.7169798432683546,0.7010369568604298,0.7799607470473625,0.7308375754589211,0.03646376100895978,918,0.8119022432738818,0.7860999064755458,0.894334887466369,0.812942433148585,0.8016547422432633,0.821386842521529,0.03772852122923869,True
1.4557430267333984,0.3619592426263628,0.010611248016357423,0.001167036743069781,tanh,0.0001,"(256, 128)",0.0005,"{'clf__activation': 'tanh', 'clf__alpha': 0.0001, 'clf__early_stopping': True, 'clf__hidden_layer_sizes': (256, 128), 'clf__learning_rate_init': 0.0005}",0.8121666585078038,0.7807562861593235,0.7297516229424867,0.7360918209109808,0.8092406912259853,0.773601415949316,0.035038270819904724,507,0.8640086407069378,0.8777421728463843,0.9567921603545426,0.8734572244419098,0.9455553638203489,0.9035111124340247,0.039330163604054065,True
1.175844383239746,0.24706567404267832,0.010473155975341797,0.0003383020884737905,tanh,0.0001,"(256, 128)",0.001,"{'clf__activation': 'tanh', 'clf__alpha': 0.0001, 'clf__early_stopping': True, 'clf__hidden_layer_sizes': (256, 128), 'clf__learning_rate_init': 0.001}",0.8002426101050732,0.7965191218352297,0.7397932792669635,0.7168579778542239,0.7898921679814527,0.7686610314085887,0.03388549526456253,602,0.9300305395303134,0.8972045202029202,0.9491903907740233,0.8228732913998197,0.9497783441187804,0.9098154172051715,0.047484825374904116,True
1.2554052352905274,0.30210851911704506,0.010239315032958985,0.00031498216146549056,tanh,0.0001,"(256, 128)",0.005,"{'clf__activation': 'tanh', 'clf__alpha': 0.0001, 'clf__early_stopping': True, 'clf__hidden_layer_sizes': (256, 128), 'clf__learning_rate_init': 0.005}",0.7866641513430505,0.7756416295535,0.7227011154562004,0.7601658733063963,0.7802376672234894,0.7650820873765273,0.022922901030344726,671,0.8775623262528665,0.9807189316851761,0.9211933457588761,0.9748269665882011,0.9600092647905967,0.9428621670151432,0.038684655933234634,True
1.1662139415740966,0.2017083412167063,0.010479021072387695,0.00035582822033466814,tanh,0.0001,"(256, 128)",0.01,"{'clf__activation': 'tanh', 'clf__alpha': 0.0001, 'clf__early_stopping': True, 'clf__hidden_layer_sizes': (256, 128), 'clf__learning_rate_init': 0.01}",0.7813490433244661,0.7889960142705976,0.7343572705628858,0.7366262041610234,0.813075365258899,0.7708807795155744,0.030742387618370375,563,0.9723549976163992,0.9512970849758282,0.960466544557743,0.8638356896061276,0.9407811020277961,0.9377470837567788,0.03839162300814981,True
1.2169597148895264,0.37223881298529,0.006102991104125976,0.00034911721030864753,tanh,0.0001,"(64, 32, 16)",0.0001,"{'clf__activation': 'tanh', 'clf__alpha': 0.0001, 'clf__early_stopping': True, 'clf__hidden_layer_sizes': (64, 32, 16), 'clf__learning_rate_init': 0.0001}",0.6984068497105436,0.7386988246164804,0.6825009540991569,0.6510444005375594,0.6398989898989899,0.6821100037725459,0.03525585361547432,967,0.7674862068808648,0.8373958099724763,0.8319429446708336,0.7346871230956697,0.647182383131413,0.7637388935502514,0.07002942491674469,True
0.821180009841919,0.15094486167446328,0.005989837646484375,0.0003057802591406937,tanh,0.0001,"(64, 32, 16)",0.0005,"{'clf__activation': 'tanh', 'clf__alpha': 0.0001, 'clf__early_stopping': True, 'clf__hidden_layer_sizes': (64, 32, 16), 'clf__learning_rate_init': 0.0005}",0.7779235866350325,0.7559296349845915,0.7042382416397923,0.7620121573537721,0.8330778487591312,0.766636293874464,0.04140390150500776,643,0.9382339705856851,0.922940403807928,0.8533122112113856,0.8731331143630217,0.9053206568575421,0.8985880713651125,0.0313305584899606,True
0.5824986457824707,0.11095440505516652,0.005965805053710938,0.00025262563530484744,tanh,0.0001,"(64, 32, 16)",0.001,"{'clf__activation': 'tanh', 'clf__alpha': 0.0001, 'clf__early_stopping': True, 'clf__hidden_layer_sizes': (64, 32, 16), 'clf__learning_rate_init': 0.001}",0.7857774767572172,0.7606198870359261,0.7289836448598132,0.7479342784322386,0.838415232997296,0.7723461040164982,0.03783986214332283,526,0.9417810579388171,0.9220993710143923,0.9164910472599365,0.8222831202222355,0.9296664732120592,0.9064642139294881,0.042935012211598116,True
0.3807720184326172,0.07886024578688965,0.006035041809082031,0.00040199935849451256,tanh,0.0001,"(64, 32, 16)",0.005,"{'clf__activation': 'tanh', 'clf__alpha': 0.0001, 'clf__early_stopping': True, 'clf__hidden_layer_sizes': (64, 32, 16), 'clf__learning_rate_init': 0.005}",0.7758189906044732,0.7729139362166885,0.7129785821057845,0.7328272539646894,0.803351516654269,0.7595780559091809,0.03238779366484085,786,0.8686963694750958,0.9196202144071496,0.9820787344557629,0.8243946528954872,0.9607387471542215,0.9111057436775434,0.05812136431775102,True
0.3297896385192871,0.042117522721485084,0.006347179412841797,0.0002545815233949307,tanh,0.0001,"(64, 32, 16)",0.01,"{'clf__activation': 'tanh', 'clf__alpha': 0.0001, 'clf__early_stopping': True, 'clf__hidden_layer_sizes': (64, 32, 16), 'clf__learning_rate_init': 0.01}",0.7734646453903709,0.7399048864162434,0.7245795440163446,0.7650228609551524,0.8199222860096358,0.7645788445575494,0.03271329813059812,687,0.8536810249220995,0.8829964553870538,0.9639511418950784,0.8880934391646864,0.8833112563985939,0.8944066635535023,0.03684608479134783,True
1.5505618095397948,0.35006799048266307,0.00745539665222168,0.0002562499729445099,tanh,0.0001,"(128, 64, 32)",0.0001,"{'clf__activation': 'tanh', 'clf__alpha': 0.0001, 'clf__early_stopping': True, 'clf__hidden_layer_sizes': (128, 64, 32), 'clf__learning_rate_init': 0.0001}",0.7982568456993957,0.7103750291151429,0.7409255461200308,0.7270706286960533,0.7149876603047585,0.7383231419870763,0.03178390196863838,891,0.8299822394582622,0.8348099835474351,0.8764645371615675,0.8274912140375219,0.7685142982142147,0.8274524544838003,0.034457002368495804,True
0.8169811725616455,0.1466569603015872,0.007201147079467773,0.00018956657476116545,tanh,0.0001,"(128, 64, 32)",0.0005,"{'clf__activation': 'tanh', 'clf__alpha': 0.0001, 'clf__early_stopping': True, 'clf__hidden_layer_sizes': (128, 64, 32), 'clf__learning_rate_init': 0.0005}",0.7742274106501748,0.7569586955100974,0.7557514030965236,0.7677438895961439,0.7439304009203971,0.7597223599546673,0.010464547225177175,783,0.9293540172669156,0.9006006269647964,0.9161766691659492,0.8904520468199243,0.8130993409620845,0.8899365402359338,0.04064535778363842,True
0.7424860954284668,0.14579639961492272,0.007401609420776367,0.00026397459595426336,tanh,0.0001,"(128, 64, 32)",0.001,"{'clf__activation': 'tanh', 'clf__alpha': 0.0001, 'clf__early_stopping': True, 'clf__hidden_layer_sizes': (128, 64, 32), 'clf__learning_rate_init': 0.001}",0.7778674996653976,0.765436357263859,0.7444218463411343,0.7522823996628951,0.8014956658339012,0.7683007537534374,0.020141596111522914,611,0.9028998747105166,0.9643649451751991,0.8789971362990021,0.9538602865054086,0.9036462228229606,0.9207536931026172,0.032720092422598705,True
0.5558881759643555,0.05231610244626849,0.00740814208984375,0.0002227042921081059,tanh,0.0001,"(128, 64, 32)",0.005,"{'clf__activation': 'tanh', 'clf__alpha': 0.0001, 'clf__early_stopping': True, 'clf__hidden_layer_sizes': (128, 64, 32), 'clf__learning_rate_init': 0.005}",0.793986834421617,0.7638948603297054,0.7389447768306242,0.7730773920914766,0.8286958249790807,0.7797199377305009,0.030197192275769943,389,0.9251287264871823,0.9578295667239951,0.9258353230277663,0.9691199624010403,0.9165185756998928,0.9388864308679754,0.020653501473245784,True
0.5661406993865967,0.12479265990185795,0.007556009292602539,0.00029876054726432215,tanh,0.0001,"(128, 64, 32)",0.01,"{'clf__activation': 'tanh', 'clf__alpha': 0.0001, 'clf__early_stopping': True, 'clf__hidden_layer_sizes': (128, 64, 32), 'clf__learning_rate_init': 0.01}",0.7752295341818993,0.7612969365562493,0.7752766162972663,0.7510453053119671,0.7623436483940842,0.7650384081482933,0.00922764566646896,676,0.9408675821926726,0.9759836265639423,0.9796314092390469,0.9178917543938,0.799425249136309,0.9227599243051541,0.06577257290418234,True
8.447993230819701,0.13174012214420672,0.005876970291137695,0.00047700584288971,tanh,0.0001,"(32,)",0.0001,"{'clf__activation': 'tanh', 'clf__alpha': 0.0001, 'clf__early_stopping': False, 'clf__hidden_layer_sizes': (32,), 'clf__learning_rate_init': 0.0001}",0.7983037851636234,0.7801811949621712,0.7429007223408742,0.7820427199720087,0.819458601077615,0.7845774047032587,0.02517065164257233,313,0.9980511134255214,0.9975489023865322,0.9985705911167859,0.9951644949854391,0.9939123122816436,0.9966494828391845,0.00179785830497374,False
3.6496320724487306,0.06745870952176912,0.005275917053222656,0.0002677332747706548,tanh,0.0001,"(32,)",0.0005,"{'clf__activation': 'tanh', 'clf__alpha': 0.0001, 'clf__early_stopping': False, 'clf__hidden_layer_sizes': (32,), 'clf__learning_rate_init': 0.0005}",0.7902286178221942,0.7674822176326558,0.7576018171968877,0.7700814885597494,0.8095899864767789,0.7789968255376531,0.0186113431256702,407,1.0,1.0,1.0,1.0,1.0,1.0,0.0,False
2.2962360858917235,0.03514123609782485,0.005105352401733399,0.0001266718247325816,tanh,0.0001,"(32,)",0.001,"{'clf__activation': 'tanh', 'clf__alpha': 0.0001, 'clf__early_stopping': False, 'clf__hidden_layer_sizes': (32,), 'clf__learning_rate_init': 0.001}",0.7937793078396407,0.7544999521026918,0.7389755197853789,0.7699104679669091,0.8085005360948758,0.7731331567578993,0.025303917791395847,520,1.0,1.0,1.0,1.0,1.0,1.0,0.0,False
0.9344454288482666,0.06702394628664479,0.0049800872802734375,0.0002697794455982997,tanh,0.0001,"(32,)",0.005,"{'clf__activation': 'tanh', 'clf__alpha': 0.0001, 'clf__early_stopping': False, 'clf__hidden_layer_sizes': (32,), 'clf__learning_rate_init': 0.005}",0.7982993197278911,0.748394940355024,0.7662943780136467,0.7484923289271115,0.8243519718691503,0.7771665877785647,0.02980361921893122,442,1.0,1.0,1.0,1.0,1.0,1.0,0.0,False
0.7510091304779053,0.019369042002053846,0.004899740219116211,0.00010010162405983079,tanh,0.0001,"(32,)",0.01,"{'clf__activation': 'tanh', 'clf__alpha': 0.0001, 'clf__early_stopping': False, 'clf__hidden_layer_sizes': (32,), 'clf__learning_rate_init': 0.01}",0.7947297298123974,0.7704972688089446,0.7505536226063592,0.7479258675247367,0.8069410585410101,0.7741295094586896,0.023480261052284773,490,1.0,1.0,1.0,1.0,1.0,1.0,0.0,False
12.306727886199951,0.38849657852275976,0.00565185546875,0.00015115215942323605,tanh,0.0001,"(64,)",0.0001,"{'clf__activation': 'tanh', 'clf__alpha': 0.0001, 'clf__early_stopping': False, 'clf__hidden_layer_sizes': (64,), 'clf__learning_rate_init': 0.0001}",0.7913892486668768,0.7642521651661818,0.7394071286420644,0.7919419916947176,0.8174512916889058,0.7808883651717492,0.026708631352592407,367,1.0,1.0,1.0,1.0,1.0,1.0,0.0,False
4.363022232055664,0.22698179077163735,0.005741500854492187,0.000253367261356177,tanh,0.0001,"(64,)",0.0005,"{'clf__activation': 'tanh', 'clf__alpha': 0.0001, 'clf__early_stopping': False, 'clf__hidden_layer_sizes': (64,), 'clf__learning_rate_init': 0.0005}",0.7861785912235484,0.7672461064634988,0.7415505927313413,0.7723902088306982,0.8211059940318146,0.7776942986561803,0.026077668924613658,432,1.0,1.0,1.0,1.0,1.0,1.0,0.0,False
2.781794881820679,0.09830043589238611,0.005762767791748047,0.00028528587361557824,tanh,0.0001,"(64,)",0.001,"{'clf__activation': 'tanh', 'clf__alpha': 0.0001, 'clf__early_stopping': False, 'clf__hidden_layer_sizes': (64,), 'clf__learning_rate_init': 0.001}",0.7835319898890118,0.7615907128642676,0.7508859933777569,0.7771430757810054,0.8189640741511668,0.7784231692126418,0.023293481065795374,413,1.0,1.0,1.0,1.0,1.0,1.0,0.0,False
1.1589109420776367,0.05597266767749991,0.005356216430664062,0.0002155188224014665,tanh,0.0001,"(64,)",0.005,"{'clf__activation': 'tanh', 'clf__alpha': 0.0001, 'clf__early_stopping': False, 'clf__hidden_layer_sizes': (64,), 'clf__learning_rate_init': 0.005}",0.7849891439643314,0.7640617625669719,0.747964494841528,0.7869419875517436,0.8059142331373088,0.7779743244123767,0.02002205994925986,423,1.0,1.0,1.0,1.0,1.0,1.0,0.0,False
0.9271359920501709,0.02209126728525283,0.005380821228027344,0.00011243122506275058,tanh,0.0001,"(64,)",0.01,"{'clf__activation': 'tanh', 'clf__alpha': 0.0001, 'clf__early_stopping': False, 'clf__hidden_layer_sizes': (64,), 'clf__learning_rate_init': 0.01}",0.7535471461442588,0.7686475998850244,0.7545882279703896,0.7662143492496073,0.8147371169617633,0.7715468880422087,0.022422419921769576,548,1.0,1.0,1.0,1.0,1.0,1.0,0.0,False
16.405533885955812,0.5432832546318725,0.007086563110351563,0.0003665871661979601,tanh,0.0001,"(128,)",0.0001,"{'clf__activation': 'tanh', 'clf__alpha': 0.0001, 'clf__early_stopping': False, 'clf__hidden_layer_sizes': (128,), 'clf__learning_rate_init': 0.0001}",0.7584723941359013,0.7699021331552253,0.7528191871488971,0.7754785048333204,0.8115624495716531,0.7736469337689995,0.020586530572826087,503,1.0,1.0,1.0,1.0,1.0,1.0,0.0,False
6.296449375152588,0.28704036377113173,0.006590461730957032,0.000253100456245763,tanh,0.0001,"(128,)",0.0005,"{'clf__activation': 'tanh', 'clf__alpha': 0.0001, 'clf__early_stopping': False, 'clf__hidden_layer_sizes': (128,), 'clf__learning_rate_init': 0.0005}",0.7604119792550775,0.7743132085789869,0.7526379599198634,0.778905498465289,0.8148149410481581,0.776216717453475,0.02147753854788127,453,1.0,1.0,1.0,1.0,1.0,1.0,0.0,False
4.20138463973999,0.22127339899804424,0.007399940490722656,0.0004991404554004541,tanh,0.0001,"(128,)",0.001,"{'clf__activation': 'tanh', 'clf__alpha': 0.0001, 'clf__early_stopping': False, 'clf__hidden_layer_sizes': (128,), 'clf__learning_rate_init': 0.001}",0.7590250965250965,0.7660382806403451,0.7528644407954752,0.7835425610216109,0.8068359805632015,0.7736612719091459,0.019509161842237086,500,1.0,1.0,1.0,1.0,1.0,1.0,0.0,False
1.8408380031585694,0.07937898897570743,0.0068991661071777345,0.0002850126098393804,tanh,0.0001,"(128,)",0.005,"{'clf__activation': 'tanh', 'clf__alpha': 0.0001, 'clf__early_stopping': False, 'clf__hidden_layer_sizes': (128,), 'clf__learning_rate_init': 0.005}",0.7819897797900383,0.7675090429018929,0.7613326252105953,0.7671125811288118,0.8130694689769862,0.7782026996016649,0.01871885687930612,415,1.0,1.0,1.0,1.0,1.0,1.0,0.0,False
1.421633529663086,0.06492948201308707,0.006946039199829101,0.00046882624544681954,tanh,0.0001,"(128,)",0.01,"{'clf__activation': 'tanh', 'clf__alpha': 0.0001, 'clf__early_stopping': False, 'clf__hidden_layer_sizes': (128,), 'clf__learning_rate_init': 0.01}",0.7720444936570247,0.7587063422014879,0.7520313300997674,0.7855960250886653,0.8223505667814975,0.7781457515656885,0.024926496973412666,420,1.0,1.0,1.0,1.0,1.0,1.0,0.0,False
24.714918851852417,0.5823636326831099,0.008937740325927734,0.00016949469065725173,tanh,0.0001,"(256,)",0.0001,"{'clf__activation': 'tanh', 'clf__alpha': 0.0001, 'clf__early_stopping': False, 'clf__hidden_layer_sizes': (256,), 'clf__learning_rate_init': 0.0001}",0.7689438655417162,0.7456553476186402,0.7275815140331284,0.767080958257429,0.8006340731091008,0.7619791517120029,0.024569911171749007,744,1.0,1.0,1.0,1.0,1.0,1.0,0.0,False
8.600358247756958,0.41100527052908,0.008726215362548828,0.0002533654216641647,tanh,0.0001,"(256,)",0.0005,"{'clf__activation': 'tanh', 'clf__alpha': 0.0001, 'clf__early_stopping': False, 'clf__hidden_layer_sizes': (256,), 'clf__learning_rate_init': 0.0005}",0.7806555605177802,0.7454103244425825,0.738081385204691,0.7725436328377505,0.8138493185243588,0.7701080443054326,0.027078277344110085,577,1.0,1.0,1.0,1.0,1.0,1.0,0.0,False
6.0272979736328125,0.20714719078518395,0.008568477630615235,0.00010729857502103602,tanh,0.0001,"(256,)",0.001,"{'clf__activation': 'tanh', 'clf__alpha': 0.0001, 'clf__early_stopping': False, 'clf__hidden_layer_sizes': (256,), 'clf__learning_rate_init': 0.001}",0.7909693325958238,0.7401623271740536,0.7348493069265419,0.7661333764274941,0.8209173931479462,0.7706063472543719,0.03215980183582139,569,1.0,1.0,1.0,1.0,1.0,1.0,0.0,False
2.8896562099456786,0.12493449720944515,0.008847761154174804,0.00033256916582985425,tanh,0.0001,"(256,)",0.005,"{'clf__activation': 'tanh', 'clf__alpha': 0.0001, 'clf__early_stopping': False, 'clf__hidden_layer_sizes': (256,), 'clf__learning_rate_init': 0.005}",0.8014950596072473,0.7550740811699715,0.7358805744520031,0.7905172984643183,0.8069000500296534,0.7779734127446388,0.027725633290487595,425,1.0,1.0,1.0,1.0,1.0,1.0,0.0,False
2.3664283752441406,0.1558434580664128,0.008818769454956054,0.000395909269322367,tanh,0.0001,"(256,)",0.01,"{'clf__activation': 'tanh', 'clf__alpha': 0.0001, 'clf__early_stopping': False, 'clf__hidden_layer_sizes': (256,), 'clf__learning_rate_init': 0.01}",0.7673028371163272,0.7816438356164382,0.7319470564686111,0.7781350070449596,0.8159688355773121,0.7749995143647296,0.027000802104480446,477,1.0,1.0,1.0,1.0,1.0,1.0,0.0,False
9.512412595748902,0.383837027783929,0.005817985534667969,0.0003711910244323441,tanh,0.0001,"(32, 16)",0.0001,"{'clf__activation': 'tanh', 'clf__alpha': 0.0001, 'clf__early_stopping': False, 'clf__hidden_layer_sizes': (32, 16), 'clf__learning_rate_init': 0.0001}",0.7389644433932514,0.759923556904981,0.7214471409208251,0.7576188328524587,0.802531627702092,0.7560971203547217,0.027082357330289648,828,1.0,1.0,1.0,1.0,1.0,1.0,0.0,False
3.136355257034302,0.08821500429280468,0.005354499816894532,0.00015750853078158,tanh,0.0001,"(32, 16)",0.0005,"{'clf__activation': 'tanh', 'clf__alpha': 0.0001, 'clf__early_stopping': False, 'clf__hidden_layer_sizes': (32, 16), 'clf__learning_rate_init': 0.0005}",0.7545474014848658,0.7672807992660934,0.7398367872052083,0.748804188386966,0.800711122547771,0.7622360597781809,0.021199235358119045,742,1.0,1.0,1.0,1.0,1.0,1.0,0.0,False
1.9940357208251953,0.1005084499945633,0.005481290817260742,0.0003428873440327283,tanh,0.0001,"(32, 16)",0.001,"{'clf__activation': 'tanh', 'clf__alpha': 0.0001, 'clf__early_stopping': False, 'clf__hidden_layer_sizes': (32, 16), 'clf__learning_rate_init': 0.001}",0.7493592130133455,0.7449176305730165,0.742960920688827,0.7464458752931863,0.8116890068633322,0.7590745292863416,0.026390224272923757,802,1.0,1.0,1.0,1.0,1.0,1.0,0.0,False
0.7793256282806397,0.02136045187265663,0.005181121826171875,0.00016091706236824824,tanh,0.0001,"(32, 16)",0.005,"{'clf__activation': 'tanh', 'clf__alpha': 0.0001, 'clf__early_stopping': False, 'clf__hidden_layer_sizes': (32, 16), 'clf__learning_rate_init': 0.005}",0.7449619238239613,0.7297802283864813,0.7439838388877719,0.7512158962630662,0.8239663443387443,0.7587816463400049,0.03333864876248683,807,1.0,1.0,1.0,1.0,1.0,1.0,0.0,False
0.6177740097045898,0.01952367961083347,0.0053119659423828125,0.00021286199809844694,tanh,0.0001,"(32, 16)",0.01,"{'clf__activation': 'tanh', 'clf__alpha': 0.0001, 'clf__early_stopping': False, 'clf__hidden_layer_sizes': (32, 16), 'clf__learning_rate_init': 0.01}",0.7663485501669923,0.7661296168450593,0.7238172445967236,0.7516080927216569,0.8332627390578873,0.768233248677664,0.03601663283416289,616,1.0,1.0,1.0,1.0,1.0,1.0,0.0,False
11.003506898880005,0.3683866308574686,0.006332111358642578,0.00034457552352425716,tanh,0.0001,"(64, 32)",0.0001,"{'clf__activation': 'tanh', 'clf__alpha': 0.0001, 'clf__early_stopping': False, 'clf__hidden_layer_sizes': (64, 32), 'clf__learning_rate_init': 0.0001}",0.7404958894616928,0.7500531167932943,0.733184293230384,0.7450046234351325,0.8155338612228618,0.7568543568286731,0.029859097939516004,825,1.0,1.0,1.0,1.0,1.0,1.0,0.0,False
3.5808526515960692,0.07119800403545806,0.006159019470214844,0.0003860018266520359,tanh,0.0001,"(64, 32)",0.0005,"{'clf__activation': 'tanh', 'clf__alpha': 0.0001, 'clf__early_stopping': False, 'clf__hidden_layer_sizes': (64, 32), 'clf__learning_rate_init': 0.0005}",0.7511771245593928,0.7457551080060568,0.7213125374329863,0.7440794004755443,0.8170549757503607,0.7558758292448682,0.032252663963891676,832,1.0,1.0,1.0,1.0,1.0,1.0,0.0,False
2.285551118850708,0.11462975293334901,0.00612335205078125,0.00022043214822560327,tanh,0.0001,"(64, 32)",0.001,"{'clf__activation': 'tanh', 'clf__alpha': 0.0001, 'clf__early_stopping': False, 'clf__hidden_layer_sizes': (64, 32), 'clf__learning_rate_init': 0.001}",0.7619421089665991,0.7433897974050104,0.7214684769759027,0.7470335759212565,0.8339410978189528,0.7615550114175443,0.03843871142886967,752,1.0,1.0,1.0,1.0,1.0,1.0,0.0,False
1.0131536960601806,0.03143378614700204,0.006160354614257813,0.00023340356225857705,tanh,0.0001,"(64, 32)",0.005,"{'clf__activation': 'tanh', 'clf__alpha': 0.0001, 'clf__early_stopping': False, 'clf__hidden_layer_sizes': (64, 32), 'clf__learning_rate_init': 0.005}",0.7613924233661076,0.739830135589462,0.7552917463012297,0.746648575167189,0.8171138364800337,0.7640553433808044,0.02752799207684793,702,1.0,1.0,1.0,1.0,1.0,1.0,0.0,False
0.7606285572052002,0.058475683641863126,0.006037425994873047,0.0001414885531147614,tanh,0.0001,"(64, 32)",0.01,"{'clf__activation': 'tanh', 'clf__alpha': 0.0001, 'clf__early_stopping': False, 'clf__hidden_layer_sizes': (64, 32), 'clf__learning_rate_init': 0.01}",0.7743450687529635,0.724387226717403,0.7148749080206034,0.7450656374614776,0.8173758203831082,0.7552097322671111,0.03717690457490199,838,1.0,1.0,1.0,1.0,1.0,1.0,0.0,False
13.617053842544555,0.422295405768435,0.008160591125488281,0.000614397730212583,tanh,0.0001,"(128, 64)",0.0001,"{'clf__activation': 'tanh', 'clf__alpha': 0.0001, 'clf__early_stopping': False, 'clf__hidden_layer_sizes': (128, 64), 'clf__learning_rate_init': 0.0001}",0.7599429387190436,0.7426563051925116,0.743410411076216,0.7491600043198916,0.8184839886561016,0.7627307295927528,0.028553877078790306,732,1.0,1.0,1.0,1.0,1.0,1.0,0.0,False
4.702921533584595,0.1653734937179974,0.008027124404907226,0.00020307919645714124,tanh,0.0001,"(128, 64)",0.0005,"{'clf__activation': 'tanh', 'clf__alpha': 0.0001, 'clf__early_stopping': False, 'clf__hidden_layer_sizes': (128, 64), 'clf__learning_rate_init': 0.0005}",0.7564141471500244,0.7325125403696832,0.7445448027769543,0.7542331578554801,0.8160184225774705,0.7607446141459224,0.028899237997046013,763,1.0,1.0,1.0,1.0,1.0,1.0,0.0,False
3.020999479293823,0.13283366875959543,0.00813288688659668,0.00027777110627915476,tanh,0.0001,"(128, 64)",0.001,"{'clf__activation': 'tanh', 'clf__alpha': 0.0001, 'clf__early_stopping': False, 'clf__hidden_layer_sizes': (128, 64), 'clf__learning_rate_init': 0.001}",0.7690308140419814,0.7453044991300024,0.7634048459697488,0.7443443076460288,0.8129397831644655,0.7670048499904454,0.02494589365726658,636,1.0,1.0,1.0,1.0,1.0,1.0,0.0,False
1.423879909515381,0.05969118202935269,0.007495260238647461,0.00018525013745349211,tanh,0.0001,"(128, 64)",0.005,"{'clf__activation': 'tanh', 'clf__alpha': 0.0001, 'clf__early_stopping': False, 'clf__hidden_layer_sizes': (128, 64), 'clf__learning_rate_init': 0.005}",0.7640749537051317,0.7669162210338681,0.7464108218825201,0.7865457184325109,0.8099754791093257,0.7747846388326713,0.02171820008766388,482,1.0,1.0,1.0,1.0,1.0,1.0,0.0,False
1.1372411251068115,0.11945531077212884,0.007759618759155274,0.0003473092272474062,tanh,0.0001,"(128, 64)",0.01,"{'clf__activation': 'tanh', 'clf__alpha': 0.0001, 'clf__early_stopping': False, 'clf__hidden_layer_sizes': (128, 64), 'clf__learning_rate_init': 0.01}",0.7602763256161315,0.7624251379038613,0.7501132757144838,0.7681997344618704,0.785794921592256,0.7653618790577206,0.01176919586755522,661,1.0,1.0,1.0,1.0,0.9724794610104855,0.9944958922020971,0.011008215595805781,False
20.63414387702942,0.38930305946040233,0.010426521301269531,0.0002720474462913159,tanh,0.0001,"(256, 128)",0.0001,"{'clf__activation': 'tanh', 'clf__alpha': 0.0001, 'clf__early_stopping': False, 'clf__hidden_layer_sizes': (256, 128), 'clf__learning_rate_init': 0.0001}",0.7601325721056658,0.7538381870033353,0.744177804305139,0.7887529566420877,0.8144489536310362,0.7722700947374527,0.02579524116662496,531,1.0,1.0,1.0,1.0,1.0,1.0,0.0,False
7.672005891799927,0.13051522746652391,0.010595464706420898,0.0002538787161043833,tanh,0.0001,"(256, 128)",0.0005,"{'clf__activation': 'tanh', 'clf__alpha': 0.0001, 'clf__early_stopping': False, 'clf__hidden_layer_sizes': (256, 128), 'clf__learning_rate_init': 0.0005}",0.7791451151417662,0.748941015191271,0.7443694293526508,0.7876152717798689,0.8144489536310362,0.7749039570193187,0.025883598785235516,479,1.0,1.0,1.0,1.0,1.0,1.0,0.0,False
5.285183048248291,0.15165031019532302,0.010655546188354492,0.0001576933429305768,tanh,0.0001,"(256, 128)",0.001,"{'clf__activation': 'tanh', 'clf__alpha': 0.0001, 'clf__early_stopping': False, 'clf__hidden_layer_sizes': (256, 128), 'clf__learning_rate_init': 0.001}",0.778384621144055,0.7448442433433607,0.7446302806972427,0.7691923537511772,0.808588561707944,0.7691280121287559,0.023801950319715985,595,1.0,1.0,1.0,1.0,1.0,1.0,0.0,False
2.9407291412353516,0.2653667942595734,0.010927915573120117,0.0002621158287872317,tanh,0.0001,"(256, 128)",0.005,"{'clf__activation': 'tanh', 'clf__alpha': 0.0001, 'clf__early_stopping': False, 'clf__hidden_layer_sizes': (256, 128), 'clf__learning_rate_init': 0.005}",0.7787535667800828,0.7403118361007535,0.7369037123205151,0.8085538626422963,0.8285938219210716,0.7786233599529437,0.036335109392471185,411,1.0,1.0,1.0,1.0,1.0,1.0,0.0,False
2.5320777893066406,0.1553069227945632,0.010902690887451171,0.00031268683090555867,tanh,0.0001,"(256, 128)",0.01,"{'clf__activation': 'tanh', 'clf__alpha': 0.0001, 'clf__early_stopping': False, 'clf__hidden_layer_sizes': (256, 128), 'clf__learning_rate_init': 0.01}",0.7710074478367162,0.7589067740148624,0.7314897481590267,0.7713203871292107,0.8240073555666643,0.7713463425412961,0.030055245123068935,552,1.0,0.9979748325460971,1.0,1.0,1.0,0.9995949665092194,0.0008100669815611639,False
10.318136072158813,0.19647828538076853,0.006468486785888672,0.0005048380498701539,tanh,0.0001,"(64, 32, 16)",0.0001,"{'clf__activation': 'tanh', 'clf__alpha': 0.0001, 'clf__early_stopping': False, 'clf__hidden_layer_sizes': (64, 32, 16), 'clf__learning_rate_init': 0.0001}",0.7422611095158427,0.7541682235230622,0.7296719882603175,0.7532192181349971,0.822267557033393,0.7603176192935226,0.03222169890026821,771,1.0,1.0,1.0,1.0,1.0,1.0,0.0,False
3.6415521144866942,0.06404522330940526,0.006430196762084961,0.00026971316705553275,tanh,0.0001,"(64, 32, 16)",0.0005,"{'clf__activation': 'tanh', 'clf__alpha': 0.0001, 'clf__early_stopping': False, 'clf__hidden_layer_sizes': (64, 32, 16), 'clf__learning_rate_init': 0.0005}",0.7647509687713699,0.7667240358642199,0.74838314244197,0.7493307284705114,0.8088658095225139,0.7676109370141171,0.021976371976237044,626,1.0,1.0,1.0,1.0,1.0,1.0,0.0,False
2.285267686843872,0.07021429986898113,0.006550884246826172,0.00012476356539936474,tanh,0.0001,"(64, 32, 16)",0.001,"{'clf__activation': 'tanh', 'clf__alpha': 0.0001, 'clf__early_stopping': False, 'clf__hidden_layer_sizes': (64, 32, 16), 'clf__learning_rate_init': 0.001}",0.7680030345471521,0.7785293381892343,0.7393746174692287,0.757746696127858,0.8155942898906475,0.7718495952448241,0.025402870899523703,544,1.0,1.0,1.0,1.0,1.0,1.0,0.0,False
0.9312498092651367,0.14774857441152525,0.0064542293548583984,0.00018765689940205838,tanh,0.0001,"(64, 32, 16)",0.005,"{'clf__activation': 'tanh', 'clf__alpha': 0.0001, 'clf__early_stopping': False, 'clf__hidden_layer_sizes': (64, 32, 16), 'clf__learning_rate_init': 0.005}",0.7226660452189227,0.7671234021866048,0.7298227116069865,0.7458430217125869,0.8213342038076387,0.7573578769065479,0.03544752824050002,822,0.9953002948448859,1.0,1.0,1.0,1.0,0.9990600589689771,0.0018798820620456345,False
0.7417157173156739,0.12815822665653226,0.006375646591186524,0.00023074965493129605,tanh,0.0001,"(64, 32, 16)",0.01,"{'clf__activation': 'tanh', 'clf__alpha': 0.0001, 'clf__early_stopping': False, 'clf__hidden_layer_sizes': (64, 32, 16), 'clf__learning_rate_init': 0.01}",0.7776683343756515,0.7530629270826863,0.7107926429618902,0.7508382741876913,0.7870004233452159,0.755872520390627,0.02649315627854798,835,1.0,0.9967492125847622,0.9589442902634071,0.994262765334248,0.9881468889582106,0.9876206314281255,0.01485467732791105,False
12.006546258926392,0.3565670894767274,0.007649469375610352,0.0001756299033937246,tanh,0.0001,"(128, 64, 32)",0.0001,"{'clf__activation': 'tanh', 'clf__alpha': 0.0001, 'clf__early_stopping': False, 'clf__hidden_layer_sizes': (128, 64, 32), 'clf__learning_rate_init': 0.0001}",0.7529881905450001,0.7532773657778998,0.739238787552817,0.7517219379959832,0.8285173662545011,0.7651487296252402,0.03211229026469805,668,1.0,1.0,1.0,1.0,1.0,1.0,0.0,False
4.170713806152344,0.12489956419942735,0.008079242706298829,0.00020897360032971337,tanh,0.0001,"(128, 64, 32)",0.0005,"{'clf__activation': 'tanh', 'clf__alpha': 0.0001, 'clf__early_stopping': False, 'clf__hidden_layer_sizes': (128, 64, 32), 'clf__learning_rate_init': 0.0005}",0.7558102421040007,0.7594233430192334,0.7314615076182838,0.7451500858194777,0.8241927362975703,0.7632075829717133,0.032006613547384176,720,1.0,1.0,1.0,1.0,1.0,1.0,0.0,False
2.738287162780762,0.07111383885947677,0.007743453979492188,0.00015969635938605414,tanh,0.0001,"(128, 64, 32)",0.001,"{'clf__activation': 'tanh', 'clf__alpha': 0.0001, 'clf__early_stopping': False, 'clf__hidden_layer_sizes': (128, 64, 32), 'clf__learning_rate_init': 0.001}",0.7590270556043103,0.7603516420932278,0.7191602728588675,0.7488171550671551,0.8179068139242981,0.7610525879095718,0.03206764412625113,759,1.0,1.0,1.0,1.0,1.0,1.0,0.0,False
1.357107448577881,0.19392951989961657,0.007919073104858398,0.00036225039910490754,tanh,0.0001,"(128, 64, 32)",0.005,"{'clf__activation': 'tanh', 'clf__alpha': 0.0001, 'clf__early_stopping': False, 'clf__hidden_layer_sizes': (128, 64, 32), 'clf__learning_rate_init': 0.005}",0.7724061781450395,0.7653637465624548,0.7396850724649586,0.7743851345366095,0.8092061224760958,0.7722092508370316,0.02226308545043921,534,1.0,0.9953203487529779,1.0,1.0,0.9988915373137222,0.99884237721334,0.001812587804198927,False
1.3247410297393798,0.335973079646959,0.007821941375732422,0.0003547320938522194,tanh,0.0001,"(128, 64, 32)",0.01,"{'clf__activation': 'tanh', 'clf__alpha': 0.0001, 'clf__early_stopping': False, 'clf__hidden_layer_sizes': (128, 64, 32), 'clf__learning_rate_init': 0.01}",0.7597058875702907,0.7665910401269928,0.7185652251116896,0.7617644785118448,0.8051503373119901,0.7623553937265616,0.02747470046385044,738,0.9906919131364611,1.0,0.9890333364539846,1.0,1.0,0.9959450499180893,0.004993898067777192,False
0.5729601860046387,0.1607986628936132,0.005177783966064453,0.00021200436381627839,tanh,0.001,"(32,)",0.0001,"{'clf__activation': 'tanh', 'clf__alpha': 0.001, 'clf__early_stopping': True, 'clf__hidden_layer_sizes': (32,), 'clf__learning_rate_init': 0.0001}",0.6525848877701471,0.6771371386330856,0.6538055296675988,0.6159965687547795,0.6389504719827196,0.6476949193616661,0.02004667761068417,976,0.6789777094703779,0.7274059878156172,0.7807421434899352,0.6471583435729742,0.6628733996407782,0.6994315167979365,0.04874695445879864,True
0.33217639923095704,0.09424267380406877,0.005219030380249024,0.00015946466923564013,tanh,0.001,"(32,)",0.0005,"{'clf__activation': 'tanh', 'clf__alpha': 0.001, 'clf__early_stopping': True, 'clf__hidden_layer_sizes': (32,), 'clf__learning_rate_init': 0.0005}",0.7559974747474748,0.6953160743571876,0.7033857781928854,0.72055399618981,0.6802394209930499,0.7110985488960816,0.02594678452355887,936,0.7723228052186959,0.757000180331468,0.8665429502715714,0.8177534974302627,0.7479785496882109,0.7923195965880419,0.044202829805408454,True
0.24004030227661133,0.06515586753623989,0.004925680160522461,0.00010960383958243483,tanh,0.001,"(32,)",0.001,"{'clf__activation': 'tanh', 'clf__alpha': 0.001, 'clf__early_stopping': True, 'clf__hidden_layer_sizes': (32,), 'clf__learning_rate_init': 0.001}",0.7707979372746533,0.6999024526198439,0.7224967551097433,0.7183888760317827,0.749085449085449,0.7321342940242944,0.024911560528149718,913,0.7722016172146485,0.7551856356285841,0.8813787508183484,0.8052926274811766,0.8258002700426637,0.8079717802370843,0.04422555339040277,True
0.16008458137512208,0.027088510445953628,0.005115699768066406,0.00012761630556860297,tanh,0.001,"(32,)",0.005,"{'clf__activation': 'tanh', 'clf__alpha': 0.001, 'clf__early_stopping': True, 'clf__hidden_layer_sizes': (32,), 'clf__learning_rate_init': 0.005}",0.8058655188224912,0.7443390413719445,0.7185689042977256,0.7627236130573171,0.7102239864630219,0.7483442128025001,0.03426727257559138,870,0.7969733117349787,0.8172788436864977,0.8560260662556701,0.9045560190239694,0.7855085733120953,0.8320685628026423,0.043466397001677745,True
0.18561458587646484,0.04119288020215138,0.005215597152709961,0.00019074293357941894,tanh,0.001,"(32,)",0.01,"{'clf__activation': 'tanh', 'clf__alpha': 0.001, 'clf__early_stopping': True, 'clf__hidden_layer_sizes': (32,), 'clf__learning_rate_init': 0.01}",0.7736158279335943,0.7741834244318606,0.7082552350736799,0.7494251805638745,0.8139161716014135,0.7638791679208846,0.03466301095888612,711,0.9668685858522074,0.8690688471879263,0.8785836573821342,0.8407546187231681,0.8926788920767129,0.8895909202444298,0.04221059780755582,True
0.8646873950958252,0.1770244267971714,0.005522966384887695,0.0001867673210067475,tanh,0.001,"(64,)",0.0001,"{'clf__activation': 'tanh', 'clf__alpha': 0.001, 'clf__early_stopping': True, 'clf__hidden_layer_sizes': (64,), 'clf__learning_rate_init': 0.0001}",0.5903094004563291,0.69045232936078,0.6648187020562213,0.6840359467238265,0.6274152290680449,0.6514063215330403,0.037623347542162025,972,0.664749648261407,0.7628887152346058,0.7680691516506503,0.7866612883636783,0.751573195851378,0.7467883998723439,0.04255628937324903,True
0.4885669708251953,0.1801043578696196,0.0055849552154541016,0.00017984120610386464,tanh,0.001,"(64,)",0.0005,"{'clf__activation': 'tanh', 'clf__alpha': 0.001, 'clf__early_stopping': True, 'clf__hidden_layer_sizes': (64,), 'clf__learning_rate_init': 0.0005}",0.8039839100986031,0.7469255926665812,0.6483350038706909,0.6995212438874411,0.7436853875368862,0.7284902276120405,0.05202713441326493,923,0.9084793123224785,0.8557478007869287,0.7526145790471381,0.8182549562058389,0.832164343525504,0.8334521983775776,0.050780896314375004,True
0.5088206768035889,0.00817587896747026,0.0055811405181884766,0.0001797632449604495,tanh,0.001,"(64,)",0.001,"{'clf__activation': 'tanh', 'clf__alpha': 0.001, 'clf__early_stopping': True, 'clf__hidden_layer_sizes': (64,), 'clf__learning_rate_init': 0.001}",0.804298523206751,0.7545457319849556,0.7256303850233545,0.7514959905926668,0.8065436438355417,0.7685028549286539,0.03178211723382488,606,0.9025115804007641,0.9113281932010211,0.9070144213975644,0.9105788596730958,0.911642488324923,0.9086151085994736,0.003469796257049311,True
0.35836501121520997,0.06924514168455626,0.0056285858154296875,0.00018359500048454385,tanh,0.001,"(64,)",0.005,"{'clf__activation': 'tanh', 'clf__alpha': 0.001, 'clf__early_stopping': True, 'clf__hidden_layer_sizes': (64,), 'clf__learning_rate_init': 0.005}",0.7723495678932816,0.7712175150404389,0.7159788598493938,0.7644488477901072,0.8012422196300849,0.7650474020406614,0.027602669584182983,673,0.9728353625973863,0.9685344192678313,0.9110050501867252,0.9243233993576491,0.9728432430855409,0.9499082948990265,0.0267082164120851,True
0.2572170257568359,0.020169116419162258,0.005381202697753907,0.0002170400475166912,tanh,0.001,"(64,)",0.01,"{'clf__activation': 'tanh', 'clf__alpha': 0.001, 'clf__early_stopping': True, 'clf__hidden_layer_sizes': (64,), 'clf__learning_rate_init': 0.01}",0.7833371307055518,0.7669599544599545,0.7155954790823211,0.7338550600343053,0.8261169993630043,0.7651729247290273,0.03869378206610877,666,0.8981328472094451,0.8563103785701872,0.9208385452126991,0.9418542791270086,0.892438209837891,0.9019148519914463,0.028765056258442907,True
1.306083869934082,0.2995008027965295,0.007073307037353515,0.00032923997056624,tanh,0.001,"(128,)",0.0001,"{'clf__activation': 'tanh', 'clf__alpha': 0.001, 'clf__early_stopping': True, 'clf__hidden_layer_sizes': (128,), 'clf__learning_rate_init': 0.0001}",0.6304208642449227,0.7358371905671245,0.6897959183673469,0.7100381450933845,0.7336613817217266,0.6999506999989009,0.03863553925083693,952,0.6759071717003499,0.8269512968158131,0.8032193345115817,0.791214022309428,0.8213265629670036,0.7837236776608354,0.0553952866184133,True
0.7306621551513672,0.10528699840311394,0.007175636291503906,0.0006433755003588884,tanh,0.001,"(128,)",0.0005,"{'clf__activation': 'tanh', 'clf__alpha': 0.001, 'clf__early_stopping': True, 'clf__hidden_layer_sizes': (128,), 'clf__learning_rate_init': 0.0005}",0.7912601422637919,0.7485539407597154,0.7498008935508935,0.7307830484022705,0.7752675565175566,0.7591331162988457,0.02142522646213589,797,0.878757237800341,0.8589988305252836,0.9091487882761468,0.8636143843806314,0.8742389780699481,0.8769516438104702,0.01759238943845493,True
0.5027406215667725,0.04933746676368155,0.006719064712524414,0.0004063792024138679,tanh,0.001,"(128,)",0.001,"{'clf__activation': 'tanh', 'clf__alpha': 0.001, 'clf__early_stopping': True, 'clf__hidden_layer_sizes': (128,), 'clf__learning_rate_init': 0.001}",0.7895694212303721,0.7560064939452,0.7293693993114563,0.7218287095402135,0.7787679919281404,0.7551084031910764,0.026526133531763335,839,0.8831473889984571,0.9022785305248127,0.8696023531170511,0.8599831916268823,0.8749743190727506,0.8779971566679906,0.014284419622237919,True
0.4000256538391113,0.10275981825962197,0.006721782684326172,0.00016564127308466638,tanh,0.001,"(128,)",0.005,"{'clf__activation': 'tanh', 'clf__alpha': 0.001, 'clf__early_stopping': True, 'clf__hidden_layer_sizes': (128,), 'clf__learning_rate_init': 0.005}",0.8019501350861359,0.7200332584467646,0.7229865580156278,0.7710984122373167,0.7996019228376923,0.7631340573247074,0.03569180472242288,722,0.8686354795586495,0.7869931775705177,0.8805607611284266,0.9137617551760251,0.9672317632168281,0.8834365873300895,0.05910993446186564,True
0.4783633232116699,0.06654933558346282,0.007092475891113281,0.00029715958389716794,tanh,0.001,"(128,)",0.01,"{'clf__activation': 'tanh', 'clf__alpha': 0.001, 'clf__early_stopping': True, 'clf__hidden_layer_sizes': (128,), 'clf__learning_rate_init': 0.01}",0.7708637525850783,0.7640438220778158,0.7546373405881046,0.7683150536110813,0.8024965852785118,0.7720713108281183,0.016184244712303113,536,0.9761821391822101,0.9695317117912794,0.9307019457119811,0.9326928957097914,0.9272285478270678,0.9472674480444659,0.021072008774606094,True
2.00410475730896,0.6301442848940726,0.008714246749877929,0.0003171008475471138,tanh,0.001,"(256,)",0.0001,"{'clf__activation': 'tanh', 'clf__alpha': 0.001, 'clf__early_stopping': True, 'clf__hidden_layer_sizes': (256,), 'clf__learning_rate_init': 0.0001}",0.7920907654479548,0.7269739095941292,0.684398761805741,0.7303871532339916,0.7334854396821027,0.7334672059527838,0.03433972595614604,907,0.8851709405177859,0.803552152765941,0.8012641452452964,0.828004169203697,0.8427333816527862,0.8321449578771013,0.030699149098393254,True
1.136892604827881,0.15764757812426508,0.008476161956787109,0.0006079275192958616,tanh,0.001,"(256,)",0.0005,"{'clf__activation': 'tanh', 'clf__alpha': 0.001, 'clf__early_stopping': True, 'clf__hidden_layer_sizes': (256,), 'clf__learning_rate_init': 0.0005}",0.8084593315749584,0.7360326624749034,0.7359872696282093,0.7622627156260837,0.7785034390374633,0.7642490836683236,0.027410125438449052,695,0.9020956704829582,0.896724984805151,0.9094244632714569,0.8740271045713288,0.8830364222598687,0.8930617290781526,0.012849858497462792,True
0.9675524234771729,0.2272989047398789,0.008824396133422851,0.0006029844166219957,tanh,0.001,"(256,)",0.001,"{'clf__activation': 'tanh', 'clf__alpha': 0.001, 'clf__early_stopping': True, 'clf__hidden_layer_sizes': (256,), 'clf__learning_rate_init': 0.001}",0.8091313448456305,0.732288368641086,0.7171690921690922,0.7784456467976406,0.7829293447236715,0.7639927594354241,0.034066394937611925,707,0.8967749753689616,0.8940070794470233,0.9481545009045003,0.931499767509249,0.9015956843541391,0.9144064015167747,0.021551015643671012,True
0.7535971641540528,0.058662912702605007,0.009035682678222657,0.00040411935373039484,tanh,0.001,"(256,)",0.005,"{'clf__activation': 'tanh', 'clf__alpha': 0.001, 'clf__early_stopping': True, 'clf__hidden_layer_sizes': (256,), 'clf__learning_rate_init': 0.005}",0.8109158387384194,0.747814802696801,0.7318835546506378,0.7588883568299931,0.817669588865241,0.7734344283562185,0.034513864086682056,513,0.9434263818723033,0.9154514396630544,0.9238935017105308,0.9013428786055784,0.9338920269500227,0.9236012457602978,0.014566233972525263,True
0.6841046333312988,0.02751011527073962,0.008568668365478515,0.0004099051690760139,tanh,0.001,"(256,)",0.01,"{'clf__activation': 'tanh', 'clf__alpha': 0.001, 'clf__early_stopping': True, 'clf__hidden_layer_sizes': (256,), 'clf__learning_rate_init': 0.01}",0.7805654207872694,0.7307009434046717,0.7271853171509285,0.7768487877355306,0.8177472227319417,0.7666095383620684,0.03393631699118226,647,0.8617831059965222,0.8890430578185365,0.8772918148485218,0.9237945599499169,0.9223201457824037,0.8948465368791803,0.02460823570426983,True
0.7218578338623047,0.16291704701193835,0.005142736434936524,0.0001506112941535286,tanh,0.001,"(32, 16)",0.0001,"{'clf__activation': 'tanh', 'clf__alpha': 0.001, 'clf__early_stopping': True, 'clf__hidden_layer_sizes': (32, 16), 'clf__learning_rate_init': 0.0001}",0.660179200315473,0.6045810203542161,0.597103162428716,0.5090356016602945,0.5202510982902787,0.5782300166097956,0.05641925517263145,996,0.6913224245900575,0.6897702184951664,0.6554411047761101,0.5682975508786904,0.57587241853411,0.636140743454827,0.05390475348393053,True
0.49095630645751953,0.09408802820014246,0.005048799514770508,0.00017474916713328703,tanh,0.001,"(32, 16)",0.0005,"{'clf__activation': 'tanh', 'clf__alpha': 0.001, 'clf__early_stopping': True, 'clf__hidden_layer_sizes': (32, 16), 'clf__learning_rate_init': 0.0005}",0.7737376993281582,0.7405476137025693,0.6895156943313361,0.7332659255379258,0.6695771578080423,0.7213288181416063,0.03727963695338148,933,0.8585234842005551,0.8547938974202607,0.8370006342552445,0.8652941338928427,0.7435608304322436,0.8318345960402294,0.04511743031214555,True
0.3932644367218018,0.08603522390196934,0.005080509185791016,0.00025035047052994735,tanh,0.001,"(32, 16)",0.001,"{'clf__activation': 'tanh', 'clf__alpha': 0.001, 'clf__early_stopping': True, 'clf__hidden_layer_sizes': (32, 16), 'clf__learning_rate_init': 0.001}",0.7768059232932334,0.7341892601933586,0.7269424376212456,0.7289179771328429,0.805410780290669,0.75445327570627,0.03135549756485469,850,0.8458388483366955,0.847529416019538,0.9289395765549682,0.8663795962955906,0.8920892074566354,0.8761553289326856,0.03122230650127101,True
0.2308903694152832,0.045797849974078514,0.005083894729614258,0.00019743405538882918,tanh,0.001,"(32, 16)",0.005,"{'clf__activation': 'tanh', 'clf__alpha': 0.001, 'clf__early_stopping': True, 'clf__hidden_layer_sizes': (32, 16), 'clf__learning_rate_init': 0.005}",0.761224766642506,0.7583793611816145,0.7317619163121726,0.7665187782867546,0.7821988571810159,0.7600167359208128,0.016351135886590727,779,0.9497008308441417,0.8485991105320192,0.9263630839049368,0.9105929029974886,0.8310629889553189,0.893263783446781,0.04570530436635486,True
0.21710596084594727,0.04788526396330974,0.005085945129394531,0.00010636269410095393,tanh,0.001,"(32, 16)",0.01,"{'clf__activation': 'tanh', 'clf__alpha': 0.001, 'clf__early_stopping': True, 'clf__hidden_layer_sizes': (32, 16), 'clf__learning_rate_init': 0.01}",0.758636094954367,0.7218990276107766,0.7344672789089907,0.7686984598593257,0.785424508600256,0.7538250739867431,0.02296468795970002,856,0.9591900268146292,0.8268979399494427,0.973197620793106,0.90637252042007,0.8354694192360477,0.9002255054426591,0.060679177242999906,True
0.9872453212738037,0.12494341856712382,0.005857276916503906,0.00029292434583116895,tanh,0.001,"(64, 32)",0.0001,"{'clf__activation': 'tanh', 'clf__alpha': 0.001, 'clf__early_stopping': True, 'clf__hidden_layer_sizes': (64, 32), 'clf__learning_rate_init': 0.0001}",0.7519055951770748,0.6992075548911026,0.6456598140989182,0.6866601427613959,0.7230750540855655,0.7013016322028114,0.03563597413834019,948,0.7948487931250918,0.7333551862585054,0.7686022770472827,0.7897647186272129,0.7831827358741128,0.7739507421864411,0.022129823007859258,True
0.6180240154266358,0.1035891579554161,0.005955743789672852,0.00024714348009071253,tanh,0.001,"(64, 32)",0.0005,"{'clf__activation': 'tanh', 'clf__alpha': 0.001, 'clf__early_stopping': True, 'clf__hidden_layer_sizes': (64, 32), 'clf__learning_rate_init': 0.0005}",0.7943427273997854,0.759981870592096,0.7345520482312935,0.746236345568056,0.8029271273597041,0.767608023830187,0.026719984344413732,629,0.8777510263166626,0.8438133118337633,0.8592253782778977,0.8786795092577744,0.9133409111854277,0.874562027374305,0.023287857410466482,True
0.4151350975036621,0.043717541944316596,0.005983924865722657,0.00014832859670115534,tanh,0.001,"(64, 32)",0.001,"{'clf__activation': 'tanh', 'clf__alpha': 0.001, 'clf__early_stopping': True, 'clf__hidden_layer_sizes': (64, 32), 'clf__learning_rate_init': 0.001}",0.7923216714393033,0.7354452665250408,0.7247351782865802,0.7423926418112464,0.7923264135220656,0.7574442343168473,0.029029603557701532,817,0.8952476680861332,0.839717659517768,0.8657322795114354,0.8770483137633153,0.8759512001017612,0.8707394241960825,0.018193625784249108,True
0.33351645469665525,0.0691487398196006,0.005788278579711914,0.00018575408004235376,tanh,0.001,"(64, 32)",0.005,"{'clf__activation': 'tanh', 'clf__alpha': 0.001, 'clf__early_stopping': True, 'clf__hidden_layer_sizes': (64, 32), 'clf__learning_rate_init': 0.005}",0.7777517019856788,0.7679370145836587,0.7360370200446659,0.7433462892710645,0.8221319646632128,0.7694407981096563,0.030477622287332917,587,0.9136593727206936,0.9489353849647967,0.9680889166056428,0.8481518659561708,0.8925912186334974,0.9142853517761603,0.04228501767204585,True
0.31498494148254397,0.05258538526872509,0.00576934814453125,0.000512032896048953,tanh,0.001,"(64, 32)",0.01,"{'clf__activation': 'tanh', 'clf__alpha': 0.001, 'clf__early_stopping': True, 'clf__hidden_layer_sizes': (64, 32), 'clf__learning_rate_init': 0.01}",0.7533264033264033,0.7616975557346225,0.7335418149083807,0.7471977718088455,0.8427807817231516,0.7677088655002807,0.03864421296707633,625,0.8687561380482196,0.8856343637932449,0.926576088892955,0.9271925537007752,0.9832761003817573,0.9182870489633904,0.03972682214008027,True
1.7457522392272948,0.3134276103665962,0.00771036148071289,0.0002896724943614145,tanh,0.001,"(128, 64)",0.0001,"{'clf__activation': 'tanh', 'clf__alpha': 0.001, 'clf__early_stopping': True, 'clf__hidden_layer_sizes': (128, 64), 'clf__learning_rate_init': 0.0001}",0.7859505814440444,0.7544847481085922,0.740594512285092,0.7620798824840294,0.754398637090243,0.7595016722824002,0.014932402078611708,789,0.8680772003683987,0.8424424251828824,0.84384967748546,0.8469264721643337,0.8087360018345249,0.8420063554071199,0.019049414300072173,True
1.0525004863739014,0.2605796169128899,0.007639169692993164,0.0003925998715860185,tanh,0.001,"(128, 64)",0.0005,"{'clf__activation': 'tanh', 'clf__alpha': 0.001, 'clf__early_stopping': True, 'clf__hidden_layer_sizes': (128, 64), 'clf__learning_rate_init': 0.0005}",0.7847642137736477,0.7548691753478988,0.7572407786785451,0.7672594707480211,0.7848432519326624,0.769795378096155,0.012940980408270792,582,0.9471949219830562,0.9232618115296043,0.9371318904920458,0.8674053832425997,0.8823330684967339,0.9114654151488081,0.031191346927534863,True
0.807207441329956,0.14500623010048375,0.007098054885864258,0.0011502396020864466,tanh,0.001,"(128, 64)",0.001,"{'clf__activation': 'tanh', 'clf__alpha': 0.001, 'clf__early_stopping': True, 'clf__hidden_layer_sizes': (128, 64), 'clf__learning_rate_init': 0.001}",0.7784004869179711,0.7699982219770889,0.775541204451157,0.7618674000847953,0.8111759648775883,0.7793966556617201,0.016860526132042135,396,0.961832630159699,0.9406852049657021,0.9532061927131064,0.8940833639175979,0.9346564655157725,0.9368927714543756,0.02341005448624623,True
0.6142749786376953,0.18230907916528663,0.007779073715209961,0.0005083375612885858,tanh,0.001,"(128, 64)",0.005,"{'clf__activation': 'tanh', 'clf__alpha': 0.001, 'clf__early_stopping': True, 'clf__hidden_layer_sizes': (128, 64), 'clf__learning_rate_init': 0.005}",0.7695272455848738,0.7590806005280066,0.721711299253056,0.7795627295374149,0.7904336381816601,0.7640631026170023,0.023596614224322195,699,0.9742180057621469,0.9657736086318742,0.9782850494436811,0.8674248460922933,0.8547235865537344,0.928085019296746,0.055009602180607735,True
0.5350829601287842,0.11895135106341521,0.007532930374145508,0.0002495548849631164,tanh,0.001,"(128, 64)",0.01,"{'clf__activation': 'tanh', 'clf__alpha': 0.001, 'clf__early_stopping': True, 'clf__hidden_layer_sizes': (128, 64), 'clf__learning_rate_init': 0.01}",0.776051842317983,0.76790251169392,0.7326868773434917,0.7377628884706826,0.8056747331365244,0.7640157705925203,0.026706389913744095,704,0.9757152619185192,0.9415116304224038,0.8872872222613848,0.8760209410102413,0.9008734286259064,0.916281696847691,0.037061896745703524,True
2.119792366027832,0.5389113175362803,0.010522842407226562,0.0004628439225384483,tanh,0.001,"(256, 128)",0.0001,"{'clf__activation': 'tanh', 'clf__alpha': 0.001, 'clf__early_stopping': True, 'clf__hidden_layer_sizes': (256, 128), 'clf__learning_rate_init': 0.0001}",0.7677277445069528,0.6884825856115058,0.7169798432683546,0.7010369568604298,0.7799607470473625,0.7308375754589211,0.03646376100895978,918,0.8119022432738818,0.7860999064755458,0.894334887466369,0.812942433148585,0.8016547422432633,0.821386842521529,0.03772852122923869,True
1.4712195873260498,0.3608190199388009,0.010314226150512695,0.00038188732654624704,tanh,0.001,"(256, 128)",0.0005,"{'clf__activation': 'tanh', 'clf__alpha': 0.001, 'clf__early_stopping': True, 'clf__hidden_layer_sizes': (256, 128), 'clf__learning_rate_init': 0.0005}",0.8121666585078038,0.7807562861593235,0.7297516229424867,0.7360918209109808,0.8092406912259853,0.773601415949316,0.035038270819904724,507,0.8640086407069378,0.8777421728463843,0.9567921603545426,0.8734572244419098,0.9455553638203489,0.9035111124340247,0.039330163604054065,True
1.181985902786255,0.3595764919462945,0.010540390014648437,0.00040318713760625154,tanh,0.001,"(256, 128)",0.001,"{'clf__activation': 'tanh', 'clf__alpha': 0.001, 'clf__early_stopping': True, 'clf__hidden_layer_sizes': (256, 128), 'clf__learning_rate_init': 0.001}",0.8002426101050732,0.7965191218352297,0.7397932792669635,0.7168579778542239,0.7898921679814527,0.7686610314085887,0.03388549526456253,602,0.9300305395303134,0.8972045202029202,0.9491903907740233,0.8228732913998197,0.9497783441187804,0.9098154172051715,0.047484825374904116,True
1.2767775058746338,0.36909492382302067,0.010777521133422851,0.0006728505404125732,tanh,0.001,"(256, 128)",0.005,"{'clf__activation': 'tanh', 'clf__alpha': 0.001, 'clf__early_stopping': True, 'clf__hidden_layer_sizes': (256, 128), 'clf__learning_rate_init': 0.005}",0.7866641513430505,0.7756416295535,0.7227011154562004,0.7641366674261412,0.7802376672234894,0.7658762462004762,0.022807315384086094,654,0.8775623262528665,0.9807189316851761,0.9211933457588761,0.9748269665882011,0.9600092647905967,0.9428621670151432,0.038684655933234634,True
1.1299042701721191,0.2010286168114458,0.010402727127075195,0.00047868647546620084,tanh,0.001,"(256, 128)",0.01,"{'clf__activation': 'tanh', 'clf__alpha': 0.001, 'clf__early_stopping': True, 'clf__hidden_layer_sizes': (256, 128), 'clf__learning_rate_init': 0.01}",0.7813490433244661,0.7889960142705976,0.7343572705628858,0.7366262041610234,0.813075365258899,0.7708807795155744,0.030742387618370375,563,0.9723549976163992,0.9512970849758282,0.960466544557743,0.8638356896061276,0.9407811020277961,0.9377470837567788,0.03839162300814981,True
1.2017229557037354,0.3542499041199191,0.006019973754882812,0.0002448233821514949,tanh,0.001,"(64, 32, 16)",0.0001,"{'clf__activation': 'tanh', 'clf__alpha': 0.001, 'clf__early_stopping': True, 'clf__hidden_layer_sizes': (64, 32, 16), 'clf__learning_rate_init': 0.0001}",0.6984068497105436,0.7386988246164804,0.6825009540991569,0.6510444005375594,0.6398989898989899,0.6821100037725459,0.03525585361547432,967,0.7674862068808648,0.8373958099724763,0.8319429446708336,0.7346871230956697,0.647182383131413,0.7637388935502514,0.07002942491674469,True
0.8272541046142579,0.13527163774602868,0.006039333343505859,0.00023676899545688933,tanh,0.001,"(64, 32, 16)",0.0005,"{'clf__activation': 'tanh', 'clf__alpha': 0.001, 'clf__early_stopping': True, 'clf__hidden_layer_sizes': (64, 32, 16), 'clf__learning_rate_init': 0.0005}",0.7779235866350325,0.7559296349845915,0.7042382416397923,0.7620121573537721,0.8330778487591312,0.766636293874464,0.04140390150500776,643,0.9382339705856851,0.922940403807928,0.8533122112113856,0.8731331143630217,0.9053206568575421,0.8985880713651125,0.0313305584899606,True
0.5929259300231934,0.11032632217468341,0.006118011474609375,0.00032061256846331045,tanh,0.001,"(64, 32, 16)",0.001,"{'clf__activation': 'tanh', 'clf__alpha': 0.001, 'clf__early_stopping': True, 'clf__hidden_layer_sizes': (64, 32, 16), 'clf__learning_rate_init': 0.001}",0.7857774767572172,0.7606198870359261,0.7289836448598132,0.7479342784322386,0.838415232997296,0.7723461040164982,0.03783986214332283,526,0.9417810579388171,0.9220993710143923,0.9164910472599365,0.8222831202222355,0.9296664732120592,0.9064642139294881,0.042935012211598116,True
0.38362727165222166,0.07978092506910098,0.006096029281616211,0.0002464227631197877,tanh,0.001,"(64, 32, 16)",0.005,"{'clf__activation': 'tanh', 'clf__alpha': 0.001, 'clf__early_stopping': True, 'clf__hidden_layer_sizes': (64, 32, 16), 'clf__learning_rate_init': 0.005}",0.7758189906044732,0.7729139362166885,0.7129785821057845,0.7328272539646894,0.803351516654269,0.7595780559091809,0.03238779366484085,786,0.8686963694750958,0.9196202144071496,0.9820787344557629,0.8243946528954872,0.9607387471542215,0.9111057436775434,0.05812136431775102,True
0.32747321128845214,0.03938444409090291,0.005838251113891602,0.00033568399860595626,tanh,0.001,"(64, 32, 16)",0.01,"{'clf__activation': 'tanh', 'clf__alpha': 0.001, 'clf__early_stopping': True, 'clf__hidden_layer_sizes': (64, 32, 16), 'clf__learning_rate_init': 0.01}",0.7734646453903709,0.7399048864162434,0.7239777627333662,0.7539549789699512,0.8199222860096358,0.7622449119039135,0.03312019424978916,741,0.8536810249220995,0.8829964553870538,0.9626907025665384,0.908834035313027,0.8833112563985939,0.8983026949174626,0.03662469737799085,True
1.5314109802246094,0.31374645193902095,0.007311296463012695,0.0001471704723541746,tanh,0.001,"(128, 64, 32)",0.0001,"{'clf__activation': 'tanh', 'clf__alpha': 0.001, 'clf__early_stopping': True, 'clf__hidden_layer_sizes': (128, 64, 32), 'clf__learning_rate_init': 0.0001}",0.7982568456993957,0.7103750291151429,0.7409255461200308,0.7270706286960533,0.7149876603047585,0.7383231419870763,0.03178390196863838,891,0.8299822394582622,0.8348099835474351,0.8786101811290287,0.8274912140375219,0.7685142982142147,0.8278815832772926,0.03507259058182395,True
0.8226365089416504,0.13259766839233392,0.007481861114501953,0.0003852434478819831,tanh,0.001,"(128, 64, 32)",0.0005,"{'clf__activation': 'tanh', 'clf__alpha': 0.001, 'clf__early_stopping': True, 'clf__hidden_layer_sizes': (128, 64, 32), 'clf__learning_rate_init': 0.0005}",0.7742274106501748,0.7569586955100974,0.7557514030965236,0.7677438895961439,0.7439304009203971,0.7597223599546673,0.010464547225177175,783,0.9293540172669156,0.9006006269647964,0.9161766691659492,0.8904520468199243,0.8130993409620845,0.8899365402359338,0.04064535778363842,True
0.7287363529205322,0.13864888251286323,0.007271337509155274,0.00023045670583753976,tanh,0.001,"(128, 64, 32)",0.001,"{'clf__activation': 'tanh', 'clf__alpha': 0.001, 'clf__early_stopping': True, 'clf__hidden_layer_sizes': (128, 64, 32), 'clf__learning_rate_init': 0.001}",0.7778674996653976,0.765436357263859,0.7444218463411343,0.7522823996628951,0.8014956658339012,0.7683007537534374,0.020141596111522914,611,0.9028998747105166,0.9643649451751991,0.8789971362990021,0.9538602865054086,0.9036462228229606,0.9207536931026172,0.032720092422598705,True
0.551309871673584,0.05456481686784584,0.007363653182983399,0.00012131590108464853,tanh,0.001,"(128, 64, 32)",0.005,"{'clf__activation': 'tanh', 'clf__alpha': 0.001, 'clf__early_stopping': True, 'clf__hidden_layer_sizes': (128, 64, 32), 'clf__learning_rate_init': 0.005}",0.793986834421617,0.7638948603297054,0.7389447768306242,0.7730773920914766,0.8286958249790807,0.7797199377305009,0.030197192275769943,389,0.9251287264871823,0.9578295667239951,0.9258353230277663,0.9691199624010403,0.9165185756998928,0.9388864308679754,0.020653501473245784,True
0.608069372177124,0.1837914684002316,0.0073950767517089845,0.00013985296499590793,tanh,0.001,"(128, 64, 32)",0.01,"{'clf__activation': 'tanh', 'clf__alpha': 0.001, 'clf__early_stopping': True, 'clf__hidden_layer_sizes': (128, 64, 32), 'clf__learning_rate_init': 0.01}",0.7702564102564102,0.745832533078636,0.7731541257484653,0.7510453053119671,0.7623436483940842,0.7605264045579125,0.010613536926776124,766,0.9427971318359575,0.977852202249537,0.9789267884708323,0.9178917543938,0.799425249136309,0.9233786252172871,0.06606753004031003,True
8.508966493606568,0.2049542956198602,0.005791664123535156,0.0002654976457174161,tanh,0.001,"(32,)",0.0001,"{'clf__activation': 'tanh', 'clf__alpha': 0.001, 'clf__early_stopping': False, 'clf__hidden_layer_sizes': (32,), 'clf__learning_rate_init': 0.0001}",0.7983037851636234,0.7813774225433229,0.7429007223408742,0.7820427199720087,0.819458601077615,0.7848166502194889,0.02513338637832053,306,0.9980511134255214,0.9975489023865322,0.9985705911167859,0.9951644949854391,0.9939123122816436,0.9966494828391845,0.00179785830497374,False
3.623937225341797,0.07048020524120122,0.005034065246582032,0.00015446731821353802,tanh,0.001,"(32,)",0.0005,"{'clf__activation': 'tanh', 'clf__alpha': 0.001, 'clf__early_stopping': False, 'clf__hidden_layer_sizes': (32,), 'clf__learning_rate_init': 0.0005}",0.7902286178221942,0.7674822176326558,0.7576018171968877,0.7700814885597494,0.8095899864767789,0.7789968255376531,0.0186113431256702,407,1.0,1.0,1.0,1.0,1.0,1.0,0.0,False
2.2789896011352537,0.01987499746243631,0.005014848709106445,0.0001260991695128132,tanh,0.001,"(32,)",0.001,"{'clf__activation': 'tanh', 'clf__alpha': 0.001, 'clf__early_stopping': False, 'clf__hidden_layer_sizes': (32,), 'clf__learning_rate_init': 0.001}",0.7937793078396407,0.7486173956762192,0.7389755197853789,0.7699104679669091,0.8085005360948758,0.7719566454726048,0.02626155596927815,541,1.0,1.0,1.0,1.0,1.0,1.0,0.0,False
0.9677753925323487,0.03777843266449551,0.005048608779907227,8.886108325891699e-05,tanh,0.001,"(32,)",0.005,"{'clf__activation': 'tanh', 'clf__alpha': 0.001, 'clf__early_stopping': False, 'clf__hidden_layer_sizes': (32,), 'clf__learning_rate_init': 0.005}",0.7948567374378739,0.748394940355024,0.7662943780136467,0.7436915741263568,0.8243519718691503,0.7755179203604105,0.03030643669294974,467,1.0,1.0,1.0,1.0,1.0,1.0,0.0,False
0.7271376132965088,0.026678087101778984,0.004929637908935547,8.682779126788448e-05,tanh,0.001,"(32,)",0.01,"{'clf__activation': 'tanh', 'clf__alpha': 0.001, 'clf__early_stopping': False, 'clf__hidden_layer_sizes': (32,), 'clf__learning_rate_init': 0.01}",0.7891255576981582,0.767847576213382,0.7359171605527076,0.7471379377583351,0.8069410585410101,0.7693938581527185,0.026143980135356775,591,1.0,1.0,1.0,1.0,1.0,1.0,0.0,False
12.211348152160644,0.39339052357378396,0.0059013843536376955,0.0002386283619151705,tanh,0.001,"(64,)",0.0001,"{'clf__activation': 'tanh', 'clf__alpha': 0.001, 'clf__early_stopping': False, 'clf__hidden_layer_sizes': (64,), 'clf__learning_rate_init': 0.0001}",0.7913892486668768,0.7642521651661818,0.7394071286420644,0.7919419916947176,0.8174512916889058,0.7808883651717492,0.026708631352592407,367,1.0,1.0,1.0,1.0,1.0,1.0,0.0,False
4.4170886993408205,0.23194547565316953,0.005979728698730469,0.00020941553406477088,tanh,0.001,"(64,)",0.0005,"{'clf__activation': 'tanh', 'clf__alpha': 0.001, 'clf__early_stopping': False, 'clf__hidden_layer_sizes': (64,), 'clf__learning_rate_init': 0.0005}",0.7871774755542339,0.7672461064634988,0.7415505927313413,0.7723902088306982,0.8211059940318146,0.7778940755223174,0.026145638077655197,429,1.0,1.0,1.0,1.0,1.0,1.0,0.0,False
2.786060333251953,0.10157404181140146,0.005780410766601562,0.0002186000339823998,tanh,0.001,"(64,)",0.001,"{'clf__activation': 'tanh', 'clf__alpha': 0.001, 'clf__early_stopping': False, 'clf__hidden_layer_sizes': (64,), 'clf__learning_rate_init': 0.001}",0.7835319898890118,0.7658745981493479,0.7508859933777569,0.7771430757810054,0.8189640741511668,0.7792799462696578,0.02273057859006809,401,1.0,1.0,1.0,1.0,1.0,1.0,0.0,False
1.1750991821289063,0.04079699464071829,0.005611515045166016,0.000258559144044173,tanh,0.001,"(64,)",0.005,"{'clf__activation': 'tanh', 'clf__alpha': 0.001, 'clf__early_stopping': False, 'clf__hidden_layer_sizes': (64,), 'clf__learning_rate_init': 0.005}",0.7838776837604988,0.7648571776673918,0.747964494841528,0.7869419875517436,0.8059142331373088,0.7779111153916942,0.01984205919773011,428,1.0,1.0,1.0,1.0,1.0,1.0,0.0,False
0.891260814666748,0.0225058373130013,0.007784223556518555,0.004534250037350128,tanh,0.001,"(64,)",0.01,"{'clf__activation': 'tanh', 'clf__alpha': 0.001, 'clf__early_stopping': False, 'clf__hidden_layer_sizes': (64,), 'clf__learning_rate_init': 0.01}",0.7636962904820048,0.7792589867979659,0.7574098991905683,0.766716146431021,0.807992654285457,0.7750147954374034,0.017958066912257337,476,1.0,1.0,1.0,1.0,1.0,1.0,0.0,False
16.326716232299805,0.22311805584159275,0.007212400436401367,0.0002918553881242262,tanh,0.001,"(128,)",0.0001,"{'clf__activation': 'tanh', 'clf__alpha': 0.001, 'clf__early_stopping': False, 'clf__hidden_layer_sizes': (128,), 'clf__learning_rate_init': 0.0001}",0.7584723941359013,0.7699021331552253,0.7528191871488971,0.7754785048333204,0.8115624495716531,0.7736469337689995,0.020586530572826087,503,1.0,1.0,1.0,1.0,1.0,1.0,0.0,False
6.2807270050048825,0.22374295974761835,0.006822013854980468,0.0002584389038167227,tanh,0.001,"(128,)",0.0005,"{'clf__activation': 'tanh', 'clf__alpha': 0.001, 'clf__early_stopping': False, 'clf__hidden_layer_sizes': (128,), 'clf__learning_rate_init': 0.0005}",0.7604119792550775,0.7743132085789869,0.7526379599198634,0.778905498465289,0.8148149410481581,0.776216717453475,0.02147753854788127,453,1.0,1.0,1.0,1.0,1.0,1.0,0.0,False
4.072201442718506,0.14969741529248007,0.007364702224731445,0.00035109210722117216,tanh,0.001,"(128,)",0.001,"{'clf__activation': 'tanh', 'clf__alpha': 0.001, 'clf__early_stopping': False, 'clf__hidden_layer_sizes': (128,), 'clf__learning_rate_init': 0.001}",0.7590250965250965,0.7660382806403451,0.7528644407954752,0.7835425610216109,0.8068359805632015,0.7736612719091459,0.019509161842237086,500,1.0,1.0,1.0,1.0,1.0,1.0,0.0,False
1.8262434482574463,0.04700176134525936,0.0069617748260498045,7.861588645736565e-05,tanh,0.001,"(128,)",0.005,"{'clf__activation': 'tanh', 'clf__alpha': 0.001, 'clf__early_stopping': False, 'clf__hidden_layer_sizes': (128,), 'clf__learning_rate_init': 0.005}",0.7819897797900383,0.7675090429018929,0.7613326252105953,0.7671125811288118,0.8130694689769862,0.7782026996016649,0.01871885687930612,415,1.0,1.0,1.0,1.0,1.0,1.0,0.0,False
1.4533384799957276,0.04359635225218477,0.006934118270874023,0.00022724337038350167,tanh,0.001,"(128,)",0.01,"{'clf__activation': 'tanh', 'clf__alpha': 0.001, 'clf__early_stopping': False, 'clf__hidden_layer_sizes': (128,), 'clf__learning_rate_init': 0.01}",0.7747452611305609,0.7595561822407879,0.7520313300997674,0.7855960250886653,0.8223505667814975,0.7788558730682558,0.02468258224932468,410,1.0,1.0,1.0,1.0,1.0,1.0,0.0,False
24.552363300323485,0.43756866423714835,0.0093292236328125,0.00042319357160069905,tanh,0.001,"(256,)",0.0001,"{'clf__activation': 'tanh', 'clf__alpha': 0.001, 'clf__early_stopping': False, 'clf__hidden_layer_sizes': (256,), 'clf__learning_rate_init': 0.0001}",0.7689438655417162,0.7456553476186402,0.7275815140331284,0.767080958257429,0.8006340731091008,0.7619791517120029,0.024569911171749007,744,1.0,1.0,1.0,1.0,1.0,1.0,0.0,False
8.589958143234252,0.24633381035128066,0.008887767791748047,0.0002343071246955996,tanh,0.001,"(256,)",0.0005,"{'clf__activation': 'tanh', 'clf__alpha': 0.001, 'clf__early_stopping': False, 'clf__hidden_layer_sizes': (256,), 'clf__learning_rate_init': 0.0005}",0.7806555605177802,0.7454103244425825,0.738081385204691,0.7725436328377505,0.8138493185243588,0.7701080443054326,0.027078277344110085,577,1.0,1.0,1.0,1.0,1.0,1.0,0.0,False
5.943021774291992,0.1571388755637401,0.0085968017578125,0.00018692099318029374,tanh,0.001,"(256,)",0.001,"{'clf__activation': 'tanh', 'clf__alpha': 0.001, 'clf__early_stopping': False, 'clf__hidden_layer_sizes': (256,), 'clf__learning_rate_init': 0.001}",0.7909693325958238,0.7401623271740536,0.7348493069265419,0.7661333764274941,0.8209173931479462,0.7706063472543719,0.03215980183582139,569,1.0,1.0,1.0,1.0,1.0,1.0,0.0,False
2.936556100845337,0.08638758378209319,0.00900096893310547,0.0003684035490551303,tanh,0.001,"(256,)",0.005,"{'clf__activation': 'tanh', 'clf__alpha': 0.001, 'clf__early_stopping': False, 'clf__hidden_layer_sizes': (256,), 'clf__learning_rate_init': 0.005}",0.8014950596072473,0.7509105677356435,0.7358805744520031,0.7905172984643183,0.8069000500296534,0.7771407100577732,0.028453839570025535,444,1.0,1.0,1.0,1.0,1.0,1.0,0.0,False
2.3538052082061767,0.12635074880848352,0.009114265441894531,0.0005811654234111734,tanh,0.001,"(256,)",0.01,"{'clf__activation': 'tanh', 'clf__alpha': 0.001, 'clf__early_stopping': False, 'clf__hidden_layer_sizes': (256,), 'clf__learning_rate_init': 0.01}",0.7663308913308914,0.7766225703320152,0.7319470564686111,0.7777901583270711,0.8159688355773121,0.7737319024071801,0.026868316809366726,499,1.0,1.0,1.0,1.0,1.0,1.0,0.0,False
9.533607959747314,0.5924960782729114,0.006156301498413086,0.00016403909324048444,tanh,0.001,"(32, 16)",0.0001,"{'clf__activation': 'tanh', 'clf__alpha': 0.001, 'clf__early_stopping': False, 'clf__hidden_layer_sizes': (32, 16), 'clf__learning_rate_init': 0.0001}",0.7389644433932514,0.759923556904981,0.7214471409208251,0.7576188328524587,0.802531627702092,0.7560971203547217,0.027082357330289648,828,1.0,1.0,1.0,1.0,1.0,1.0,0.0,False
3.1123382568359377,0.1269453957367886,0.0053882598876953125,0.0001343268979002944,tanh,0.001,"(32, 16)",0.0005,"{'clf__activation': 'tanh', 'clf__alpha': 0.001, 'clf__early_stopping': False, 'clf__hidden_layer_sizes': (32, 16), 'clf__learning_rate_init': 0.0005}",0.7584886193222117,0.7672807992660934,0.7398367872052083,0.748804188386966,0.800711122547771,0.76302430334565,0.02097073724434128,727,1.0,1.0,1.0,1.0,1.0,1.0,0.0,False
1.927778434753418,0.07854148911109642,0.0053081512451171875,0.00014825633327681726,tanh,0.001,"(32, 16)",0.001,"{'clf__activation': 'tanh', 'clf__alpha': 0.001, 'clf__early_stopping': False, 'clf__hidden_layer_sizes': (32, 16), 'clf__learning_rate_init': 0.001}",0.7493592130133455,0.7449176305730165,0.742960920688827,0.7464458752931863,0.8116890068633322,0.7590745292863416,0.026390224272923757,802,1.0,1.0,1.0,1.0,1.0,1.0,0.0,False
0.7805590629577637,0.021533925418692916,0.005260848999023437,0.0001622298264037,tanh,0.001,"(32, 16)",0.005,"{'clf__activation': 'tanh', 'clf__alpha': 0.001, 'clf__early_stopping': False, 'clf__hidden_layer_sizes': (32, 16), 'clf__learning_rate_init': 0.005}",0.7449619238239613,0.7330246278775691,0.7439838388877719,0.7512158962630662,0.8198054996646545,0.7585983573034045,0.03115884179602454,810,1.0,1.0,1.0,1.0,1.0,1.0,0.0,False
0.6108654499053955,0.045861927553329324,0.005306148529052734,0.00019661729015956194,tanh,0.001,"(32, 16)",0.01,"{'clf__activation': 'tanh', 'clf__alpha': 0.001, 'clf__early_stopping': False, 'clf__hidden_layer_sizes': (32, 16), 'clf__learning_rate_init': 0.01}",0.7738911684617783,0.7832989228987787,0.702714183964184,0.7622508806639965,0.8224220841075506,0.7689154480192576,0.03878563153937125,600,1.0,1.0,1.0,1.0,1.0,1.0,0.0,False
10.986830854415894,0.2614360723305812,0.006187295913696289,0.00016345596642874678,tanh,0.001,"(64, 32)",0.0001,"{'clf__activation': 'tanh', 'clf__alpha': 0.001, 'clf__early_stopping': False, 'clf__hidden_layer_sizes': (64, 32), 'clf__learning_rate_init': 0.0001}",0.7404958894616928,0.7500531167932943,0.733184293230384,0.7450046234351325,0.8155338612228618,0.7568543568286731,0.029859097939516004,825,1.0,1.0,1.0,1.0,1.0,1.0,0.0,False
3.628501844406128,0.07750305138402137,0.006003618240356445,0.0003280664252588138,tanh,0.001,"(64, 32)",0.0005,"{'clf__activation': 'tanh', 'clf__alpha': 0.001, 'clf__early_stopping': False, 'clf__hidden_layer_sizes': (64, 32), 'clf__learning_rate_init': 0.0005}",0.7511771245593928,0.7457551080060568,0.7213125374329863,0.7440794004755443,0.8170549757503607,0.7558758292448682,0.032252663963891676,832,1.0,1.0,1.0,1.0,1.0,1.0,0.0,False
2.2437761306762694,0.05899264296871532,0.006059503555297852,0.00010981484179748136,tanh,0.001,"(64, 32)",0.001,"{'clf__activation': 'tanh', 'clf__alpha': 0.001, 'clf__early_stopping': False, 'clf__hidden_layer_sizes': (64, 32), 'clf__learning_rate_init': 0.001}",0.7619421089665991,0.7433897974050104,0.7214684769759027,0.7470335759212565,0.8339410978189528,0.7615550114175443,0.03843871142886967,752,1.0,1.0,1.0,1.0,1.0,1.0,0.0,False
0.9823073863983154,0.02917370994808792,0.0061910152435302734,0.00017488213240768368,tanh,0.001,"(64, 32)",0.005,"{'clf__activation': 'tanh', 'clf__alpha': 0.001, 'clf__early_stopping': False, 'clf__hidden_layer_sizes': (64, 32), 'clf__learning_rate_init': 0.005}",0.7613924233661076,0.739830135589462,0.7552917463012297,0.746648575167189,0.818896655207491,0.7644119071262959,0.028215888585344722,690,1.0,1.0,1.0,1.0,1.0,1.0,0.0,False
0.7602373123168945,0.019905865789917914,0.00605158805847168,0.0002097793797519683,tanh,0.001,"(64, 32)",0.01,"{'clf__activation': 'tanh', 'clf__alpha': 0.001, 'clf__early_stopping': False, 'clf__hidden_layer_sizes': (64, 32), 'clf__learning_rate_init': 0.01}",0.7710583503735193,0.7264059798089479,0.7112105755625542,0.7569135951910533,0.8273245297460292,0.7585826061364208,0.04040625302069883,811,1.0,1.0,1.0,1.0,1.0,1.0,0.0,False
13.86024866104126,0.32040916038730255,0.007820367813110352,0.00039749429801502685,tanh,0.001,"(128, 64)",0.0001,"{'clf__activation': 'tanh', 'clf__alpha': 0.001, 'clf__early_stopping': False, 'clf__hidden_layer_sizes': (128, 64), 'clf__learning_rate_init': 0.0001}",0.7599429387190436,0.7426563051925116,0.743410411076216,0.7491600043198916,0.8184839886561016,0.7627307295927528,0.028553877078790306,732,1.0,1.0,1.0,1.0,1.0,1.0,0.0,False
4.67250247001648,0.16058380580959827,0.008192110061645507,0.00032705959310893646,tanh,0.001,"(128, 64)",0.0005,"{'clf__activation': 'tanh', 'clf__alpha': 0.001, 'clf__early_stopping': False, 'clf__hidden_layer_sizes': (128, 64), 'clf__learning_rate_init': 0.0005}",0.7564141471500244,0.7325125403696832,0.7445448027769543,0.7542331578554801,0.8160184225774705,0.7607446141459224,0.028899237997046013,763,1.0,1.0,1.0,1.0,1.0,1.0,0.0,False
2.9820541381835937,0.09119345120287779,0.007593393325805664,0.0001696356483835949,tanh,0.001,"(128, 64)",0.001,"{'clf__activation': 'tanh', 'clf__alpha': 0.001, 'clf__early_stopping': False, 'clf__hidden_layer_sizes': (128, 64), 'clf__learning_rate_init': 0.001}",0.7690308140419814,0.7453044991300024,0.7634048459697488,0.7443443076460288,0.8129397831644655,0.7670048499904454,0.02494589365726658,636,1.0,1.0,1.0,1.0,1.0,1.0,0.0,False
1.4972726821899414,0.015182625121699416,0.008442020416259766,0.0013072702375510818,tanh,0.001,"(128, 64)",0.005,"{'clf__activation': 'tanh', 'clf__alpha': 0.001, 'clf__early_stopping': False, 'clf__hidden_layer_sizes': (128, 64), 'clf__learning_rate_init': 0.005}",0.7640749537051317,0.7669162210338681,0.7464108218825201,0.7865457184325109,0.8099754791093257,0.7747846388326713,0.02171820008766388,482,1.0,1.0,1.0,1.0,1.0,1.0,0.0,False
1.2227944374084472,0.07642779280720495,0.00791010856628418,0.0004945780566083627,tanh,0.001,"(128, 64)",0.01,"{'clf__activation': 'tanh', 'clf__alpha': 0.001, 'clf__early_stopping': False, 'clf__hidden_layer_sizes': (128, 64), 'clf__learning_rate_init': 0.01}",0.7602763256161315,0.7624251379038613,0.7526949982250918,0.7681997344618704,0.7922098220052185,0.7671612036424348,0.013473045620357935,635,1.0,1.0,1.0,1.0,1.0,1.0,0.0,False
21.100237989425658,0.5197110989377057,0.010657835006713866,0.00030398693830959356,tanh,0.001,"(256, 128)",0.0001,"{'clf__activation': 'tanh', 'clf__alpha': 0.001, 'clf__early_stopping': False, 'clf__hidden_layer_sizes': (256, 128), 'clf__learning_rate_init': 0.0001}",0.7601325721056658,0.7538381870033353,0.744177804305139,0.7887529566420877,0.8144489536310362,0.7722700947374527,0.02579524116662496,531,1.0,1.0,1.0,1.0,1.0,1.0,0.0,False
7.864101886749268,0.2135706775967435,0.010880327224731446,0.00022575309245050957,tanh,0.001,"(256, 128)",0.0005,"{'clf__activation': 'tanh', 'clf__alpha': 0.001, 'clf__early_stopping': False, 'clf__hidden_layer_sizes': (256, 128), 'clf__learning_rate_init': 0.0005}",0.7791451151417662,0.748941015191271,0.7482136579061818,0.7876152717798689,0.8144489536310362,0.7756728027300248,0.0250074488849346,464,1.0,1.0,1.0,1.0,1.0,1.0,0.0,False
5.319558238983154,0.0954696590553758,0.010774850845336914,0.00038036935770337346,tanh,0.001,"(256, 128)",0.001,"{'clf__activation': 'tanh', 'clf__alpha': 0.001, 'clf__early_stopping': False, 'clf__hidden_layer_sizes': (256, 128), 'clf__learning_rate_init': 0.001}",0.778384621144055,0.7473568703528282,0.7446302806972427,0.7691923537511772,0.808588561707944,0.7696305375306494,0.023305290060492326,585,1.0,1.0,1.0,1.0,1.0,1.0,0.0,False
2.937881088256836,0.24786390136583528,0.010997200012207031,0.0003344552483583805,tanh,0.001,"(256, 128)",0.005,"{'clf__activation': 'tanh', 'clf__alpha': 0.001, 'clf__early_stopping': False, 'clf__hidden_layer_sizes': (256, 128), 'clf__learning_rate_init': 0.005}",0.7787535667800828,0.7448979094698179,0.7369037123205151,0.8121845479082321,0.826720353285911,0.7798920179529119,0.03552345310275702,384,1.0,1.0,1.0,1.0,1.0,1.0,0.0,False
2.254467582702637,0.19008271252303702,0.011037158966064452,0.00045667724034152175,tanh,0.001,"(256, 128)",0.01,"{'clf__activation': 'tanh', 'clf__alpha': 0.001, 'clf__early_stopping': False, 'clf__hidden_layer_sizes': (256, 128), 'clf__learning_rate_init': 0.01}",0.7813575575368028,0.7585283000712676,0.6908580742010424,0.7791092734901752,0.8240073555666643,0.7667721121731905,0.043524051859483305,641,0.9929624055777297,0.9978718045090589,0.9933646917932463,1.0,1.0,0.996839780376007,0.003103202408457817,False
10.422276020050049,0.3376478545405911,0.006560659408569336,0.0005672390499083656,tanh,0.001,"(64, 32, 16)",0.0001,"{'clf__activation': 'tanh', 'clf__alpha': 0.001, 'clf__early_stopping': False, 'clf__hidden_layer_sizes': (64, 32, 16), 'clf__learning_rate_init': 0.0001}",0.7422611095158427,0.7541682235230622,0.7296719882603175,0.7532192181349971,0.822267557033393,0.7603176192935226,0.03222169890026821,771,1.0,1.0,1.0,1.0,1.0,1.0,0.0,False
3.5116698265075685,0.06049378677320578,0.006551361083984375,0.00030818973057970643,tanh,0.001,"(64, 32, 16)",0.0005,"{'clf__activation': 'tanh', 'clf__alpha': 0.001, 'clf__early_stopping': False, 'clf__hidden_layer_sizes': (64, 32, 16), 'clf__learning_rate_init': 0.0005}",0.7647509687713699,0.7667240358642199,0.74838314244197,0.7493307284705114,0.8088658095225139,0.7676109370141171,0.021976371976237044,626,1.0,1.0,1.0,1.0,1.0,1.0,0.0,False
2.2457574367523194,0.11247738857441303,0.0064642906188964845,0.0004669289036620704,tanh,0.001,"(64, 32, 16)",0.001,"{'clf__activation': 'tanh', 'clf__alpha': 0.001, 'clf__early_stopping': False, 'clf__hidden_layer_sizes': (64, 32, 16), 'clf__learning_rate_init': 0.001}",0.7680030345471521,0.7785293381892343,0.7393746174692287,0.757746696127858,0.8155942898906475,0.7718495952448241,0.025402870899523703,544,1.0,1.0,1.0,1.0,1.0,1.0,0.0,False
0.9234390258789062,0.15549345985186225,0.0064942359924316405,0.00017412114788307705,tanh,0.001,"(64, 32, 16)",0.005,"{'clf__activation': 'tanh', 'clf__alpha': 0.001, 'clf__early_stopping': False, 'clf__hidden_layer_sizes': (64, 32, 16), 'clf__learning_rate_init': 0.005}",0.7311022319558893,0.7705476035560116,0.7298227116069865,0.7420532710809371,0.8226137937002422,0.7592279223800134,0.034918743948302376,795,0.9965415036594023,1.0,1.0,1.0,1.0,0.9993083007318806,0.0013833985362390778,False
1.0012616634368896,0.1323426447937781,0.006444263458251953,0.0001011658550926657,tanh,0.001,"(64, 32, 16)",0.01,"{'clf__activation': 'tanh', 'clf__alpha': 0.001, 'clf__early_stopping': False, 'clf__hidden_layer_sizes': (64, 32, 16), 'clf__learning_rate_init': 0.01}",0.7838034782463233,0.7223498461285273,0.7175428676076816,0.7257750601576316,0.8061752986757409,0.7511293101631809,0.03659728617875922,865,1.0,0.998785632447901,1.0,1.0,1.0,0.9997571264895802,0.00048574702083961093,False
11.906885623931885,0.2696350009835462,0.007513856887817383,5.609206373216976e-05,tanh,0.001,"(128, 64, 32)",0.0001,"{'clf__activation': 'tanh', 'clf__alpha': 0.001, 'clf__early_stopping': False, 'clf__hidden_layer_sizes': (128, 64, 32), 'clf__learning_rate_init': 0.0001}",0.7529881905450001,0.7532773657778998,0.7424451229821696,0.7517219379959832,0.8285173662545011,0.7657899967111108,0.03161666797513918,657,1.0,1.0,1.0,1.0,1.0,1.0,0.0,False
4.213954830169678,0.20088258351121258,0.00810236930847168,0.00028068602846510504,tanh,0.001,"(128, 64, 32)",0.0005,"{'clf__activation': 'tanh', 'clf__alpha': 0.001, 'clf__early_stopping': False, 'clf__hidden_layer_sizes': (128, 64, 32), 'clf__learning_rate_init': 0.0005}",0.7558102421040007,0.7594233430192334,0.7314615076182838,0.7374012557022265,0.8241927362975703,0.761657816948263,0.03301515107933822,751,1.0,1.0,1.0,1.0,1.0,1.0,0.0,False
2.7638411045074465,0.05224728991992801,0.007679128646850586,0.00028670424873626513,tanh,0.001,"(128, 64, 32)",0.001,"{'clf__activation': 'tanh', 'clf__alpha': 0.001, 'clf__early_stopping': False, 'clf__hidden_layer_sizes': (128, 64, 32), 'clf__learning_rate_init': 0.001}",0.7590270556043103,0.7603516420932278,0.7191602728588675,0.7488171550671551,0.8211830896325333,0.7617078430512187,0.03323491063402356,750,1.0,1.0,1.0,1.0,1.0,1.0,0.0,False
1.4361279487609864,0.19525430428841864,0.007787895202636719,0.0004394082329589453,tanh,0.001,"(128, 64, 32)",0.005,"{'clf__activation': 'tanh', 'clf__alpha': 0.001, 'clf__early_stopping': False, 'clf__hidden_layer_sizes': (128, 64, 32), 'clf__learning_rate_init': 0.005}",0.7724061781450395,0.7889403899286482,0.7463773256347885,0.7708935350444784,0.79764579375528,0.775252644501647,0.017605088775757446,471,1.0,0.9878676038488238,1.0,1.0,1.0,0.9975735207697648,0.004852958460470492,False
1.1680789947509767,0.24090213850014275,0.007805395126342774,0.00031366536739220376,tanh,0.001,"(128, 64, 32)",0.01,"{'clf__activation': 'tanh', 'clf__alpha': 0.001, 'clf__early_stopping': False, 'clf__hidden_layer_sizes': (128, 64, 32), 'clf__learning_rate_init': 0.01}",0.7576288606083087,0.7982801212821496,0.7386675957771075,0.7349150747676744,0.7968003892299667,0.7652584083330414,0.027463900989201137,665,0.982265015371671,1.0,1.0,0.9940191151990813,0.9849691375314036,0.9922506536204312,0.00742920780118721,False
0.5692782878875733,0.15157484415956787,0.004953527450561523,4.9672976116071884e-05,tanh,0.01,"(32,)",0.0001,"{'clf__activation': 'tanh', 'clf__alpha': 0.01, 'clf__early_stopping': True, 'clf__hidden_layer_sizes': (32,), 'clf__learning_rate_init': 0.0001}",0.6525848877701471,0.6771371386330856,0.6538055296675988,0.6159965687547795,0.6389504719827196,0.6476949193616661,0.02004667761068417,976,0.6789777094703779,0.7274059878156172,0.7807421434899352,0.6471583435729742,0.6628733996407782,0.6994315167979365,0.04874695445879864,True
0.3284163475036621,0.09200878187414359,0.004978322982788086,8.51460276307446e-05,tanh,0.01,"(32,)",0.0005,"{'clf__activation': 'tanh', 'clf__alpha': 0.01, 'clf__early_stopping': True, 'clf__hidden_layer_sizes': (32,), 'clf__learning_rate_init': 0.0005}",0.7559974747474748,0.6953160743571876,0.7033857781928854,0.72055399618981,0.6802394209930499,0.7110985488960816,0.02594678452355887,936,0.7723228052186959,0.757000180331468,0.8665429502715714,0.8177534974302627,0.7479785496882109,0.7923195965880419,0.044202829805408454,True
0.24289722442626954,0.06083465707343624,0.005115365982055664,0.0001696334769784968,tanh,0.01,"(32,)",0.001,"{'clf__activation': 'tanh', 'clf__alpha': 0.01, 'clf__early_stopping': True, 'clf__hidden_layer_sizes': (32,), 'clf__learning_rate_init': 0.001}",0.7707979372746533,0.6999024526198439,0.7224967551097433,0.7183888760317827,0.749085449085449,0.7321342940242944,0.024911560528149718,913,0.7722016172146485,0.7551856356285841,0.8821333821587296,0.8052926274811766,0.8258002700426637,0.8081227065051605,0.044476384384099545,True
0.15875029563903809,0.023734209296473237,0.0049994468688964845,0.00025266185039807146,tanh,0.01,"(32,)",0.005,"{'clf__activation': 'tanh', 'clf__alpha': 0.01, 'clf__early_stopping': True, 'clf__hidden_layer_sizes': (32,), 'clf__learning_rate_init': 0.005}",0.8058655188224912,0.7443390413719445,0.7185689042977256,0.7627236130573171,0.7102239864630219,0.7483442128025001,0.03426727257559138,870,0.7969733117349787,0.8172788436864977,0.8560260662556701,0.9045560190239694,0.7855085733120953,0.8320685628026423,0.043466397001677745,True
0.18482346534729005,0.039314604971628184,0.005036783218383789,0.0001721492695098192,tanh,0.01,"(32,)",0.01,"{'clf__activation': 'tanh', 'clf__alpha': 0.01, 'clf__early_stopping': True, 'clf__hidden_layer_sizes': (32,), 'clf__learning_rate_init': 0.01}",0.7736158279335943,0.7741834244318606,0.7082552350736799,0.7494251805638745,0.8139161716014135,0.7638791679208846,0.03466301095888612,711,0.9668685858522074,0.8690688471879263,0.8785836573821342,0.8407546187231681,0.8942010538788956,0.8898953526048663,0.042237251811964374,True
0.8636226654052734,0.16531693367632957,0.005396318435668945,0.0003300649242800768,tanh,0.01,"(64,)",0.0001,"{'clf__activation': 'tanh', 'clf__alpha': 0.01, 'clf__early_stopping': True, 'clf__hidden_layer_sizes': (64,), 'clf__learning_rate_init': 0.0001}",0.5903094004563291,0.69045232936078,0.6648187020562213,0.6840359467238265,0.6274152290680449,0.6514063215330403,0.037623347542162025,972,0.664749648261407,0.7628887152346058,0.7680691516506503,0.7866612883636783,0.751573195851378,0.7467883998723439,0.04255628937324903,True
0.4848386287689209,0.16639500068754257,0.0056060791015625,4.903606565547234e-05,tanh,0.01,"(64,)",0.0005,"{'clf__activation': 'tanh', 'clf__alpha': 0.01, 'clf__early_stopping': True, 'clf__hidden_layer_sizes': (64,), 'clf__learning_rate_init': 0.0005}",0.8039839100986031,0.7469255926665812,0.6483350038706909,0.6995212438874411,0.7436853875368862,0.7284902276120405,0.05202713441326493,923,0.9084793123224785,0.8557478007869287,0.7526145790471381,0.8182549562058389,0.832164343525504,0.8334521983775776,0.050780896314375004,True
0.4920969009399414,0.004401671050888717,0.005582857131958008,0.00015787972455950176,tanh,0.01,"(64,)",0.001,"{'clf__activation': 'tanh', 'clf__alpha': 0.01, 'clf__early_stopping': True, 'clf__hidden_layer_sizes': (64,), 'clf__learning_rate_init': 0.001}",0.804298523206751,0.7545457319849556,0.7256303850233545,0.7514959905926668,0.8065436438355417,0.7685028549286539,0.03178211723382488,606,0.9025115804007641,0.9113281932010211,0.9070144213975644,0.9105788596730958,0.911642488324923,0.9086151085994736,0.003469796257049311,True
0.3665517807006836,0.07620556944552709,0.0056732177734375,0.0002327726583564619,tanh,0.01,"(64,)",0.005,"{'clf__activation': 'tanh', 'clf__alpha': 0.01, 'clf__early_stopping': True, 'clf__hidden_layer_sizes': (64,), 'clf__learning_rate_init': 0.005}",0.7723495678932816,0.7712175150404389,0.7159788598493938,0.7644488477901072,0.7994663596995897,0.7646922300545622,0.02714223988975416,684,0.9728353625973863,0.9685344192678313,0.9110050501867252,0.9243233993576491,0.9728432430855409,0.9499082948990265,0.0267082164120851,True
0.25063366889953614,0.02302891823637918,0.005884790420532226,0.0007243719826159129,tanh,0.01,"(64,)",0.01,"{'clf__activation': 'tanh', 'clf__alpha': 0.01, 'clf__early_stopping': True, 'clf__hidden_layer_sizes': (64,), 'clf__learning_rate_init': 0.01}",0.7833371307055518,0.7669599544599545,0.7155954790823211,0.7338550600343053,0.8261169993630043,0.7651729247290273,0.03869378206610877,666,0.8981328472094451,0.8563103785701872,0.9208385452126991,0.9429822517675575,0.892438209837891,0.902140446519556,0.029080100851803823,True
1.2816370964050292,0.29388204376708166,0.007413387298583984,0.0002770063980939005,tanh,0.01,"(128,)",0.0001,"{'clf__activation': 'tanh', 'clf__alpha': 0.01, 'clf__early_stopping': True, 'clf__hidden_layer_sizes': (128,), 'clf__learning_rate_init': 0.0001}",0.6304208642449227,0.7358371905671245,0.6897959183673469,0.7100381450933845,0.7336613817217266,0.6999506999989009,0.03863553925083693,952,0.6759071717003499,0.8269512968158131,0.8032193345115817,0.791214022309428,0.8213265629670036,0.7837236776608354,0.0553952866184133,True
0.7390779495239258,0.1300989125143952,0.006813859939575196,0.00030613894759819215,tanh,0.01,"(128,)",0.0005,"{'clf__activation': 'tanh', 'clf__alpha': 0.01, 'clf__early_stopping': True, 'clf__hidden_layer_sizes': (128,), 'clf__learning_rate_init': 0.0005}",0.7912601422637919,0.7485539407597154,0.7498008935508935,0.7307830484022705,0.7752675565175566,0.7591331162988457,0.02142522646213589,797,0.878757237800341,0.8589988305252836,0.9091487882761468,0.8636143843806314,0.8742389780699481,0.8769516438104702,0.01759238943845493,True
0.49535603523254396,0.05015350885553631,0.006612253189086914,0.00023478095226361963,tanh,0.01,"(128,)",0.001,"{'clf__activation': 'tanh', 'clf__alpha': 0.01, 'clf__early_stopping': True, 'clf__hidden_layer_sizes': (128,), 'clf__learning_rate_init': 0.001}",0.7895694212303721,0.7560064939452,0.7293693993114563,0.7218287095402135,0.7787679919281404,0.7551084031910764,0.026526133531763335,839,0.8831473889984571,0.9022785305248127,0.8696023531170511,0.8599831916268823,0.8749743190727506,0.8779971566679906,0.014284419622237919,True
0.3913257598876953,0.09976447741112945,0.006761932373046875,0.00041261534041923476,tanh,0.01,"(128,)",0.005,"{'clf__activation': 'tanh', 'clf__alpha': 0.01, 'clf__early_stopping': True, 'clf__hidden_layer_sizes': (128,), 'clf__learning_rate_init': 0.005}",0.8019501350861359,0.7200332584467646,0.7229865580156278,0.7710984122373167,0.7996019228376923,0.7631340573247074,0.03569180472242288,722,0.8696643727238602,0.7869931775705177,0.881475489414393,0.9122738877031475,0.9672317632168281,0.8835277381257493,0.058903363127423114,True
0.4304452419281006,0.0400786057831298,0.007108736038208008,0.00021814397887041958,tanh,0.01,"(128,)",0.01,"{'clf__activation': 'tanh', 'clf__alpha': 0.01, 'clf__early_stopping': True, 'clf__hidden_layer_sizes': (128,), 'clf__learning_rate_init': 0.01}",0.8157184166033313,0.7640438220778158,0.7546373405881046,0.7690388407785305,0.8024965852785118,0.7811870010652587,0.02363416126713393,362,0.8887033436528748,0.9695317117912794,0.9307019457119811,0.9326928957097914,0.9272285478270678,0.929771688938599,0.025625513829505047,True
2.0193568229675294,0.7038369361526914,0.008636140823364257,0.00047658535984831935,tanh,0.01,"(256,)",0.0001,"{'clf__activation': 'tanh', 'clf__alpha': 0.01, 'clf__early_stopping': True, 'clf__hidden_layer_sizes': (256,), 'clf__learning_rate_init': 0.0001}",0.7920907654479548,0.7269739095941292,0.684398761805741,0.7303871532339916,0.7334854396821027,0.7334672059527838,0.03433972595614604,907,0.8837827304477783,0.803552152765941,0.8012641452452964,0.828004169203697,0.8427333816527862,0.8318673158630997,0.03022088043865693,True
1.1084404945373536,0.12767927575950694,0.008532953262329102,0.00033051359401082593,tanh,0.01,"(256,)",0.0005,"{'clf__activation': 'tanh', 'clf__alpha': 0.01, 'clf__early_stopping': True, 'clf__hidden_layer_sizes': (256,), 'clf__learning_rate_init': 0.0005}",0.8084593315749584,0.7360326624749034,0.7359872696282093,0.7622627156260837,0.7785034390374633,0.7642490836683236,0.027410125438449052,695,0.9020956704829582,0.896724984805151,0.9094244632714569,0.8740271045713288,0.8830364222598687,0.8930617290781526,0.012849858497462792,True
0.9620304584503174,0.21507429366438746,0.008894062042236328,0.00042979705020921633,tanh,0.01,"(256,)",0.001,"{'clf__activation': 'tanh', 'clf__alpha': 0.01, 'clf__early_stopping': True, 'clf__hidden_layer_sizes': (256,), 'clf__learning_rate_init': 0.001}",0.8091313448456305,0.732288368641086,0.7171690921690922,0.7784456467976406,0.7829293447236715,0.7639927594354241,0.034066394937611925,707,0.8967749753689616,0.8940070794470233,0.9481545009045003,0.931499767509249,0.9015956843541391,0.9144064015167747,0.021551015643671012,True
0.7436882495880127,0.05488618948424082,0.008459186553955078,0.00013797055546287107,tanh,0.01,"(256,)",0.005,"{'clf__activation': 'tanh', 'clf__alpha': 0.01, 'clf__early_stopping': True, 'clf__hidden_layer_sizes': (256,), 'clf__learning_rate_init': 0.005}",0.8109158387384194,0.7542044617920082,0.7318835546506378,0.7588883568299931,0.817669588865241,0.7747123601752599,0.03364905620498494,486,0.9434263818723033,0.9154514396630544,0.9238935017105308,0.9013428786055784,0.9338920269500227,0.9236012457602978,0.014566233972525263,True
0.6663232326507569,0.03135031607349203,0.008390426635742188,0.00044163855992478596,tanh,0.01,"(256,)",0.01,"{'clf__activation': 'tanh', 'clf__alpha': 0.01, 'clf__early_stopping': True, 'clf__hidden_layer_sizes': (256,), 'clf__learning_rate_init': 0.01}",0.7805654207872694,0.7307009434046717,0.7271853171509285,0.7768487877355306,0.8136655446698885,0.7657932027496577,0.03272381702185246,656,0.8617831059965222,0.8890430578185365,0.8772918148485218,0.9237945599499169,0.9196724022695438,0.8943169881766083,0.024033096427450606,True
0.7180079936981201,0.16573316860690035,0.004981803894042969,0.00015071716044719457,tanh,0.01,"(32, 16)",0.0001,"{'clf__activation': 'tanh', 'clf__alpha': 0.01, 'clf__early_stopping': True, 'clf__hidden_layer_sizes': (32, 16), 'clf__learning_rate_init': 0.0001}",0.660179200315473,0.6045810203542161,0.597103162428716,0.5090356016602945,0.5202510982902787,0.5782300166097956,0.05641925517263145,996,0.6913224245900575,0.6897702184951664,0.6554411047761101,0.5682975508786904,0.57587241853411,0.636140743454827,0.05390475348393053,True
0.49413647651672366,0.08305157787934143,0.005181217193603515,0.0003293175850462562,tanh,0.01,"(32, 16)",0.0005,"{'clf__activation': 'tanh', 'clf__alpha': 0.01, 'clf__early_stopping': True, 'clf__hidden_layer_sizes': (32, 16), 'clf__learning_rate_init': 0.0005}",0.7737376993281582,0.7405476137025693,0.6895156943313361,0.7332659255379258,0.6695771578080423,0.7213288181416063,0.03727963695338148,933,0.8585234842005551,0.8547938974202607,0.8354453043917738,0.8652941338928427,0.7435608304322436,0.8315235300675352,0.04508609107833729,True
0.3916961193084717,0.0762816425376822,0.005086565017700195,0.00019433308693937346,tanh,0.01,"(32, 16)",0.001,"{'clf__activation': 'tanh', 'clf__alpha': 0.01, 'clf__early_stopping': True, 'clf__hidden_layer_sizes': (32, 16), 'clf__learning_rate_init': 0.001}",0.7768059232932334,0.7341892601933586,0.7237548562548562,0.7289179771328429,0.805410780290669,0.7538157594329922,0.0319354058918282,857,0.8458388483366955,0.847529416019538,0.9289395765549682,0.8663795962955906,0.8920892074566354,0.8761553289326856,0.03122230650127101,True
0.23169641494750975,0.04684561595002538,0.0052912235260009766,0.00024561673268827267,tanh,0.01,"(32, 16)",0.005,"{'clf__activation': 'tanh', 'clf__alpha': 0.01, 'clf__early_stopping': True, 'clf__hidden_layer_sizes': (32, 16), 'clf__learning_rate_init': 0.005}",0.761224766642506,0.7583793611816145,0.724690160485137,0.7665187782867546,0.7821988571810159,0.7586023847554056,0.01884902320391709,809,0.9497008308441417,0.8485991105320192,0.945922942033782,0.9105929029974886,0.8310629889553189,0.8971757550725501,0.04908315376658925,True
0.22301630973815917,0.10029904593682122,0.005115222930908203,0.00012516175199089196,tanh,0.01,"(32, 16)",0.01,"{'clf__activation': 'tanh', 'clf__alpha': 0.01, 'clf__early_stopping': True, 'clf__hidden_layer_sizes': (32, 16), 'clf__learning_rate_init': 0.01}",0.7906777613018479,0.7250630194178581,0.7528216153793488,0.7575096431461252,0.785424508600256,0.7622993095690871,0.02383031786948621,740,0.8292359181971234,0.8268979399494427,0.9856641027534402,0.9050386658194102,0.8368967201456596,0.8767466693730152,0.061633805842195084,True
1.0024693489074707,0.12616935476672755,0.00599374771118164,0.00021655314767603478,tanh,0.01,"(64, 32)",0.0001,"{'clf__activation': 'tanh', 'clf__alpha': 0.01, 'clf__early_stopping': True, 'clf__hidden_layer_sizes': (64, 32), 'clf__learning_rate_init': 0.0001}",0.7519055951770748,0.6992075548911026,0.6456598140989182,0.6866601427613959,0.7230750540855655,0.7013016322028114,0.03563597413834019,948,0.7948487931250918,0.7333551862585054,0.7686022770472827,0.7897647186272129,0.7831827358741128,0.7739507421864411,0.022129823007859258,True
0.5998212337493897,0.09823314320506082,0.005837869644165039,0.0001020236977188389,tanh,0.01,"(64, 32)",0.0005,"{'clf__activation': 'tanh', 'clf__alpha': 0.01, 'clf__early_stopping': True, 'clf__hidden_layer_sizes': (64, 32), 'clf__learning_rate_init': 0.0005}",0.7943427273997854,0.759981870592096,0.7345520482312935,0.746236345568056,0.8029271273597041,0.767608023830187,0.026719984344413732,629,0.8777510263166626,0.8438133118337633,0.8592253782778977,0.8786795092577744,0.9133409111854277,0.874562027374305,0.023287857410466482,True
0.3979454517364502,0.04689195367542125,0.005759906768798828,0.00024307006944268328,tanh,0.01,"(64, 32)",0.001,"{'clf__activation': 'tanh', 'clf__alpha': 0.01, 'clf__early_stopping': True, 'clf__hidden_layer_sizes': (64, 32), 'clf__learning_rate_init': 0.001}",0.7923216714393033,0.7354452665250408,0.7247351782865802,0.7423926418112464,0.7923264135220656,0.7574442343168473,0.029029603557701532,817,0.8952476680861332,0.839717659517768,0.8657322795114354,0.8770483137633153,0.8759512001017612,0.8707394241960825,0.018193625784249108,True
0.3277653694152832,0.07013746989499728,0.005829381942749024,0.0002893043541993962,tanh,0.01,"(64, 32)",0.005,"{'clf__activation': 'tanh', 'clf__alpha': 0.01, 'clf__early_stopping': True, 'clf__hidden_layer_sizes': (64, 32), 'clf__learning_rate_init': 0.005}",0.7777517019856788,0.7679370145836587,0.7360370200446659,0.7433462892710645,0.8221319646632128,0.7694407981096563,0.030477622287332917,587,0.9129342728864664,0.9489353849647967,0.9680889166056428,0.8481518659561708,0.8925912186334974,0.9141403318093149,0.042288159118269796,True
0.30237650871276855,0.048008893660547516,0.005528450012207031,0.0002541415907429259,tanh,0.01,"(64, 32)",0.01,"{'clf__activation': 'tanh', 'clf__alpha': 0.01, 'clf__early_stopping': True, 'clf__hidden_layer_sizes': (64, 32), 'clf__learning_rate_init': 0.01}",0.7600656318398253,0.7616975557346225,0.7446589554827118,0.7406634178623587,0.8427807817231516,0.7699732685285341,0.03732951769214963,581,0.8652273318767073,0.8856343637932449,0.9267576870214892,0.9271925537007752,0.983667730956215,0.9176959334696864,0.04075653969632543,True
1.712386131286621,0.3248806454574075,0.007722282409667968,0.0003040801661858302,tanh,0.01,"(128, 64)",0.0001,"{'clf__activation': 'tanh', 'clf__alpha': 0.01, 'clf__early_stopping': True, 'clf__hidden_layer_sizes': (128, 64), 'clf__learning_rate_init': 0.0001}",0.7859505814440444,0.7544847481085922,0.740594512285092,0.7620798824840294,0.754398637090243,0.7595016722824002,0.014932402078611708,789,0.8680772003683987,0.8424424251828824,0.84384967748546,0.8469264721643337,0.8087360018345249,0.8420063554071199,0.019049414300072173,True
1.0433513641357421,0.2615591430351208,0.007521629333496094,0.00025691625887095304,tanh,0.01,"(128, 64)",0.0005,"{'clf__activation': 'tanh', 'clf__alpha': 0.01, 'clf__early_stopping': True, 'clf__hidden_layer_sizes': (128, 64), 'clf__learning_rate_init': 0.0005}",0.7847642137736477,0.7548691753478988,0.7572407786785451,0.7672594707480211,0.7848432519326624,0.769795378096155,0.012940980408270792,582,0.9471949219830562,0.922564157430805,0.9371318904920458,0.8674053832425997,0.8823330684967339,0.9113258843290482,0.031139782864336746,True
0.8231575965881348,0.1508880682644173,0.007822084426879882,0.00025578179874268274,tanh,0.01,"(128, 64)",0.001,"{'clf__activation': 'tanh', 'clf__alpha': 0.01, 'clf__early_stopping': True, 'clf__hidden_layer_sizes': (128, 64), 'clf__learning_rate_init': 0.001}",0.7784004869179711,0.7699982219770889,0.775541204451157,0.7618674000847953,0.8111759648775883,0.7793966556617201,0.016860526132042135,396,0.961832630159699,0.9394818765259072,0.9532061927131064,0.8940833639175979,0.9346564655157725,0.9366521057664166,0.02337599011170171,True
0.5526475429534912,0.12862703244758855,0.0075469970703125,0.0004711190119284653,tanh,0.01,"(128, 64)",0.005,"{'clf__activation': 'tanh', 'clf__alpha': 0.01, 'clf__early_stopping': True, 'clf__hidden_layer_sizes': (128, 64), 'clf__learning_rate_init': 0.005}",0.7657100465881372,0.7617397088889183,0.7651377338877339,0.7795627295374149,0.7874220598156243,0.7719144557435657,0.009868394010342712,542,0.9742180057621469,0.9657736086318742,0.9410351866683024,0.8674248460922933,0.8547235865537344,0.9206350467416702,0.05000087001880035,True
0.5361162185668945,0.13568387407166002,0.007312393188476563,0.0002922177623565443,tanh,0.01,"(128, 64)",0.01,"{'clf__activation': 'tanh', 'clf__alpha': 0.01, 'clf__early_stopping': True, 'clf__hidden_layer_sizes': (128, 64), 'clf__learning_rate_init': 0.01}",0.7843700159489633,0.7705214545919645,0.7326868773434917,0.7405436374705994,0.8056747331365244,0.7667593436983087,0.02715471600713888,642,0.9747888979405787,0.9419212346273812,0.888844046221229,0.8766928290345248,0.9008734286259064,0.916624087289924,0.03643462687452057,True
2.127766990661621,0.6363871044916138,0.010068845748901368,0.0005297475282800164,tanh,0.01,"(256, 128)",0.0001,"{'clf__activation': 'tanh', 'clf__alpha': 0.01, 'clf__early_stopping': True, 'clf__hidden_layer_sizes': (256, 128), 'clf__learning_rate_init': 0.0001}",0.7677277445069528,0.6884825856115058,0.7169798432683546,0.7010369568604298,0.7799607470473625,0.7308375754589211,0.03646376100895978,918,0.8119022432738818,0.7860999064755458,0.894334887466369,0.812942433148585,0.8016547422432633,0.821386842521529,0.03772852122923869,True
1.487052583694458,0.34292364539771597,0.01046161651611328,0.0006689179748366637,tanh,0.01,"(256, 128)",0.0005,"{'clf__activation': 'tanh', 'clf__alpha': 0.01, 'clf__early_stopping': True, 'clf__hidden_layer_sizes': (256, 128), 'clf__learning_rate_init': 0.0005}",0.8121666585078038,0.7807562861593235,0.7297516229424867,0.7360918209109808,0.8092406912259853,0.773601415949316,0.035038270819904724,507,0.8640086407069378,0.8777421728463843,0.9567921603545426,0.8734572244419098,0.9455553638203489,0.9035111124340247,0.039330163604054065,True
1.1945573329925536,0.24647638831807406,0.010343074798583984,0.0005255456580356087,tanh,0.01,"(256, 128)",0.001,"{'clf__activation': 'tanh', 'clf__alpha': 0.01, 'clf__early_stopping': True, 'clf__hidden_layer_sizes': (256, 128), 'clf__learning_rate_init': 0.001}",0.8002426101050732,0.7965191218352297,0.7397932792669635,0.7168579778542239,0.7898921679814527,0.7686610314085887,0.03388549526456253,602,0.9300305395303134,0.8972045202029202,0.9491903907740233,0.8228732913998197,0.9497783441187804,0.9098154172051715,0.047484825374904116,True
1.253253984451294,0.3381278550814503,0.01017169952392578,0.0004305614949280267,tanh,0.01,"(256, 128)",0.005,"{'clf__activation': 'tanh', 'clf__alpha': 0.01, 'clf__early_stopping': True, 'clf__hidden_layer_sizes': (256, 128), 'clf__learning_rate_init': 0.005}",0.7866641513430505,0.7756416295535,0.7227011154562004,0.7695400359874044,0.7860851931769367,0.7681264251034183,0.023613978889875584,619,0.8768703876619262,0.9782547082180189,0.9211933457588761,0.9748269665882011,0.9600092647905967,0.9422309346035238,0.03844701245016657,True
1.1051677227020265,0.25202009591823754,0.010199689865112304,0.00034629989941086355,tanh,0.01,"(256, 128)",0.01,"{'clf__activation': 'tanh', 'clf__alpha': 0.01, 'clf__early_stopping': True, 'clf__hidden_layer_sizes': (256, 128), 'clf__learning_rate_init': 0.01}",0.7955947074955906,0.7773201342313757,0.7623809523809524,0.7366262041610234,0.8152828824804592,0.7774409761498802,0.027034172329467938,439,0.9067594988500678,0.9788223714399014,0.9498230707829789,0.8638356896061276,0.9416755355226941,0.9281832332403539,0.039532846784228186,True
1.1994856357574464,0.3765522243143338,0.005950164794921875,0.00012929344361545936,tanh,0.01,"(64, 32, 16)",0.0001,"{'clf__activation': 'tanh', 'clf__alpha': 0.01, 'clf__early_stopping': True, 'clf__hidden_layer_sizes': (64, 32, 16), 'clf__learning_rate_init': 0.0001}",0.6984068497105436,0.7386988246164804,0.6825009540991569,0.6510444005375594,0.6398989898989899,0.6821100037725459,0.03525585361547432,967,0.7674862068808648,0.8373958099724763,0.8319429446708336,0.7346871230956697,0.647182383131413,0.7637388935502514,0.07002942491674469,True
0.8358893394470215,0.1437933856779732,0.005940294265747071,0.00029864226326965684,tanh,0.01,"(64, 32, 16)",0.0005,"{'clf__activation': 'tanh', 'clf__alpha': 0.01, 'clf__early_stopping': True, 'clf__hidden_layer_sizes': (64, 32, 16), 'clf__learning_rate_init': 0.0005}",0.7779235866350325,0.7547861685868098,0.7042382416397923,0.7620121573537721,0.8330778487591312,0.7664076005949076,0.041465519943322454,650,0.9382339705856851,0.922940403807928,0.8533122112113856,0.8724522751722865,0.9053206568575421,0.8984519035269655,0.03144217478075627,True
0.5813199996948242,0.10706233012245393,0.006154441833496093,0.0001696332759210632,tanh,0.01,"(64, 32, 16)",0.001,"{'clf__activation': 'tanh', 'clf__alpha': 0.01, 'clf__early_stopping': True, 'clf__hidden_layer_sizes': (64, 32, 16), 'clf__learning_rate_init': 0.001}",0.7857774767572172,0.7606198870359261,0.7289836448598132,0.7479342784322386,0.838415232997296,0.7723461040164982,0.03783986214332283,526,0.9404641361943472,0.9220993710143923,0.9164910472599365,0.8222831202222355,0.9296664732120592,0.9062008295805942,0.042721059805935,True
0.37540602684020996,0.07161904162133696,0.005983161926269531,0.00030481068557614287,tanh,0.01,"(64, 32, 16)",0.005,"{'clf__activation': 'tanh', 'clf__alpha': 0.01, 'clf__early_stopping': True, 'clf__hidden_layer_sizes': (64, 32, 16), 'clf__learning_rate_init': 0.005}",0.7758189906044732,0.7729139362166885,0.7098408972352634,0.7328272539646894,0.803351516654269,0.7589505189350767,0.033302104658153954,806,0.8686963694750958,0.9196202144071496,0.9820787344557629,0.8259400249433806,0.9607387471542215,0.911414818087122,0.05766172681896192,True
0.3285224914550781,0.03679480726456458,0.006064367294311523,0.000147620682654251,tanh,0.01,"(64, 32, 16)",0.01,"{'clf__activation': 'tanh', 'clf__alpha': 0.01, 'clf__early_stopping': True, 'clf__hidden_layer_sizes': (64, 32, 16), 'clf__learning_rate_init': 0.01}",0.7772689187162871,0.7394146062826872,0.7281440274186975,0.7507060623960705,0.8199222860096358,0.7630911801646757,0.03275990732581859,726,0.8536810249220995,0.8829964553870538,0.9622120781633926,0.9074079178695931,0.8824681691749077,0.8977531291034093,0.03644697750484188,True
1.5412580490112304,0.31804589978575626,0.007343912124633789,0.0001816069608382753,tanh,0.01,"(128, 64, 32)",0.0001,"{'clf__activation': 'tanh', 'clf__alpha': 0.01, 'clf__early_stopping': True, 'clf__hidden_layer_sizes': (128, 64, 32), 'clf__learning_rate_init': 0.0001}",0.7982568456993957,0.7103750291151429,0.7409255461200308,0.7270706286960533,0.7149876603047585,0.7383231419870763,0.03178390196863838,891,0.8299822394582622,0.8348099835474351,0.8786101811290287,0.8274912140375219,0.7685142982142147,0.8278815832772926,0.03507259058182395,True
0.8133169174194336,0.14394036806698657,0.00736079216003418,0.00022275383411360418,tanh,0.01,"(128, 64, 32)",0.0005,"{'clf__activation': 'tanh', 'clf__alpha': 0.01, 'clf__early_stopping': True, 'clf__hidden_layer_sizes': (128, 64, 32), 'clf__learning_rate_init': 0.0005}",0.7742274106501748,0.7569586955100974,0.7589937904206694,0.7677438895961439,0.7439304009203971,0.7603708374194964,0.010297508856267044,770,0.9293540172669156,0.9006006269647964,0.9161766691659492,0.8904520468199243,0.8130993409620845,0.8899365402359338,0.04064535778363842,True
0.7303725719451905,0.1450742596058468,0.007496833801269531,0.00015183531423885012,tanh,0.01,"(128, 64, 32)",0.001,"{'clf__activation': 'tanh', 'clf__alpha': 0.01, 'clf__early_stopping': True, 'clf__hidden_layer_sizes': (128, 64, 32), 'clf__learning_rate_init': 0.001}",0.7778674996653976,0.765436357263859,0.7444218463411343,0.7522823996628951,0.8014956658339012,0.7683007537534374,0.020141596111522914,611,0.9028998747105166,0.9643649451751991,0.8789971362990021,0.9538602865054086,0.9036462228229606,0.9207536931026172,0.032720092422598705,True
0.5301148414611816,0.05698827987898246,0.007331705093383789,0.00010998966146941159,tanh,0.01,"(128, 64, 32)",0.005,"{'clf__activation': 'tanh', 'clf__alpha': 0.01, 'clf__early_stopping': True, 'clf__hidden_layer_sizes': (128, 64, 32), 'clf__learning_rate_init': 0.005}",0.793986834421617,0.7638948603297054,0.7389447768306242,0.7730773920914766,0.8286958249790807,0.7797199377305009,0.030197192275769943,389,0.9251287264871823,0.9578295667239951,0.9258353230277663,0.9691199624010403,0.9165185756998928,0.9388864308679754,0.020653501473245784,True
0.5599146366119385,0.12643684670580757,0.007220554351806641,0.0005642038006556783,tanh,0.01,"(128, 64, 32)",0.01,"{'clf__activation': 'tanh', 'clf__alpha': 0.01, 'clf__early_stopping': True, 'clf__hidden_layer_sizes': (128, 64, 32), 'clf__learning_rate_init': 0.01}",0.767163095646847,0.7840262966514042,0.7375632874670965,0.7510453053119671,0.7623436483940842,0.7604283266942798,0.015599620926657917,768,0.9413185980636438,0.9756364725148742,0.9657839280547252,0.9178917543938,0.7991167288711006,0.9199494963796286,0.06366045075350708,True
8.589924621582032,0.05838396377116753,0.005641126632690429,0.0004005394265586275,tanh,0.01,"(32,)",0.0001,"{'clf__activation': 'tanh', 'clf__alpha': 0.01, 'clf__early_stopping': False, 'clf__hidden_layer_sizes': (32,), 'clf__learning_rate_init': 0.0001}",0.7983037851636234,0.7758519342908167,0.7429007223408742,0.7820427199720087,0.819458601077615,0.7837115525689876,0.02538057207707228,334,0.9980511134255214,0.9975489023865322,0.9985705911167859,0.9951644949854391,0.9939123122816436,0.9966494828391845,0.00179785830497374,False
3.6383116245269775,0.1282916316867421,0.00508732795715332,0.00018663307690639742,tanh,0.01,"(32,)",0.0005,"{'clf__activation': 'tanh', 'clf__alpha': 0.01, 'clf__early_stopping': False, 'clf__hidden_layer_sizes': (32,), 'clf__learning_rate_init': 0.0005}",0.7902286178221942,0.7618972659486329,0.7487119013062409,0.7700814885597494,0.8095899864767789,0.7761018520227192,0.02149067287536571,459,1.0,1.0,1.0,1.0,1.0,1.0,0.0,False
2.240990400314331,0.09053272342265235,0.005009222030639649,0.00018412382590285735,tanh,0.01,"(32,)",0.001,"{'clf__activation': 'tanh', 'clf__alpha': 0.01, 'clf__early_stopping': False, 'clf__hidden_layer_sizes': (32,), 'clf__learning_rate_init': 0.001}",0.7906218700933937,0.7556178946969337,0.7420542736683519,0.7729460040060372,0.8085005360948758,0.7739481157119185,0.02377436531276324,496,1.0,1.0,1.0,1.0,1.0,1.0,0.0,False
0.9323891639709473,0.02371429697063582,0.004930925369262695,0.00019918883628441,tanh,0.01,"(32,)",0.005,"{'clf__activation': 'tanh', 'clf__alpha': 0.01, 'clf__early_stopping': False, 'clf__hidden_layer_sizes': (32,), 'clf__learning_rate_init': 0.005}",0.7997929540140774,0.7572549794578993,0.7556816189281428,0.7404448208796035,0.8219383550039544,0.7750225456567355,0.030659560345862657,475,1.0,1.0,1.0,1.0,1.0,1.0,0.0,False
0.768917179107666,0.06019167439051795,0.004898357391357422,0.00010397525807506416,tanh,0.01,"(32,)",0.01,"{'clf__activation': 'tanh', 'clf__alpha': 0.01, 'clf__early_stopping': False, 'clf__hidden_layer_sizes': (32,), 'clf__learning_rate_init': 0.01}",0.8026053541419136,0.7775698170907622,0.7540560671722645,0.7491698866634928,0.7975965095530312,0.776199526924293,0.02180784507565869,457,1.0,1.0,1.0,1.0,1.0,1.0,0.0,False
12.126167249679565,0.2756208986763373,0.005795001983642578,0.00028283329844015987,tanh,0.01,"(64,)",0.0001,"{'clf__activation': 'tanh', 'clf__alpha': 0.01, 'clf__early_stopping': False, 'clf__hidden_layer_sizes': (64,), 'clf__learning_rate_init': 0.0001}",0.7949422392864675,0.7616010339395392,0.7394071286420644,0.7919419916947176,0.8205266421579485,0.7816838071441474,0.028214951815701026,355,1.0,1.0,1.0,1.0,1.0,1.0,0.0,False
4.336521434783935,0.15915235642360415,0.0059073448181152345,0.0001898875130366605,tanh,0.01,"(64,)",0.0005,"{'clf__activation': 'tanh', 'clf__alpha': 0.01, 'clf__early_stopping': False, 'clf__hidden_layer_sizes': (64,), 'clf__learning_rate_init': 0.0005}",0.7864720325643064,0.7715735921171185,0.7415505927313413,0.7807274645155462,0.81707931093097,0.7794805985718565,0.02435284003623584,395,1.0,1.0,1.0,1.0,1.0,1.0,0.0,False
2.7997355461120605,0.07854241575992599,0.0056365013122558595,0.00010286554606094429,tanh,0.01,"(64,)",0.001,"{'clf__activation': 'tanh', 'clf__alpha': 0.01, 'clf__early_stopping': False, 'clf__hidden_layer_sizes': (64,), 'clf__learning_rate_init': 0.001}",0.7835319898890118,0.7658745981493479,0.74686986863711,0.7771430757810054,0.8216232744001112,0.7790085613713172,0.02467935075786493,406,1.0,1.0,1.0,1.0,1.0,1.0,0.0,False
1.1896859169006349,0.04376275182937956,0.0055201053619384766,0.00017590896967493096,tanh,0.01,"(64,)",0.005,"{'clf__activation': 'tanh', 'clf__alpha': 0.01, 'clf__early_stopping': False, 'clf__hidden_layer_sizes': (64,), 'clf__learning_rate_init': 0.005}",0.7835638699924414,0.7671402826902228,0.7537645137880987,0.787891046386192,0.8074380061297994,0.7799595437973508,0.018338368767758764,382,1.0,1.0,1.0,1.0,1.0,1.0,0.0,False
1.0908490657806396,0.03738472318122041,0.005564737319946289,9.033395227116531e-05,tanh,0.01,"(64,)",0.01,"{'clf__activation': 'tanh', 'clf__alpha': 0.01, 'clf__early_stopping': False, 'clf__hidden_layer_sizes': (64,), 'clf__learning_rate_init': 0.01}",0.7590005232862376,0.7704017196674072,0.754316095370187,0.771872295341272,0.815913143582093,0.7743007554494394,0.02184570661416233,489,1.0,1.0,1.0,1.0,1.0,1.0,0.0,False
15.967864656448365,0.6640023237071881,0.007095193862915039,0.0004215156761477331,tanh,0.01,"(128,)",0.0001,"{'clf__activation': 'tanh', 'clf__alpha': 0.01, 'clf__early_stopping': False, 'clf__hidden_layer_sizes': (128,), 'clf__learning_rate_init': 0.0001}",0.7584723941359013,0.7699021331552253,0.7537192225439543,0.7754785048333204,0.8115624495716531,0.773826940848011,0.020406777490748748,498,1.0,1.0,1.0,1.0,1.0,1.0,0.0,False
6.281521463394165,0.1832953558889186,0.007022285461425781,0.0002441245405292979,tanh,0.01,"(128,)",0.0005,"{'clf__activation': 'tanh', 'clf__alpha': 0.01, 'clf__early_stopping': False, 'clf__hidden_layer_sizes': (128,), 'clf__learning_rate_init': 0.0005}",0.7604119792550775,0.7743132085789869,0.7526379599198634,0.778905498465289,0.8153263214010877,0.7763189935240609,0.021661529330495255,452,1.0,1.0,1.0,1.0,1.0,1.0,0.0,False
3.953110456466675,0.040792384815096706,0.007087612152099609,0.00020599881801486119,tanh,0.01,"(128,)",0.001,"{'clf__activation': 'tanh', 'clf__alpha': 0.01, 'clf__early_stopping': False, 'clf__hidden_layer_sizes': (128,), 'clf__learning_rate_init': 0.001}",0.7590250965250965,0.7646181553910697,0.7519359426434136,0.7780022351456217,0.8037065534652896,0.7714575966340982,0.018249753422749274,549,1.0,1.0,1.0,1.0,1.0,1.0,0.0,False
1.9864898681640626,0.1112514765375535,0.00694742202758789,0.00035244952046315186,tanh,0.01,"(128,)",0.005,"{'clf__activation': 'tanh', 'clf__alpha': 0.01, 'clf__early_stopping': False, 'clf__hidden_layer_sizes': (128,), 'clf__learning_rate_init': 0.005}",0.7747511254293434,0.7661511774663574,0.7532283836631661,0.764649228391622,0.8192250470201432,0.7756009923941265,0.022862870223293506,466,1.0,1.0,1.0,1.0,1.0,1.0,0.0,False
2.1379045486450194,0.11446564707272136,0.0072933673858642575,0.0003626180459404976,tanh,0.01,"(128,)",0.01,"{'clf__activation': 'tanh', 'clf__alpha': 0.01, 'clf__early_stopping': False, 'clf__hidden_layer_sizes': (128,), 'clf__learning_rate_init': 0.01}",0.7810229266674582,0.7717612274006476,0.758020513806888,0.7779326033653335,0.8322204122398117,0.7841915366960277,0.025280119660295152,321,1.0,1.0,1.0,1.0,1.0,1.0,0.0,False
24.851014184951783,0.7723232719927844,0.00894460678100586,0.0005629728306985703,tanh,0.01,"(256,)",0.0001,"{'clf__activation': 'tanh', 'clf__alpha': 0.01, 'clf__early_stopping': False, 'clf__hidden_layer_sizes': (256,), 'clf__learning_rate_init': 0.0001}",0.7689438655417162,0.7456553476186402,0.7275815140331284,0.767080958257429,0.8006340731091008,0.7619791517120029,0.024569911171749007,744,1.0,1.0,1.0,1.0,1.0,1.0,0.0,False
9.054644346237183,0.466409693155894,0.008608484268188476,0.00029784096294444424,tanh,0.01,"(256,)",0.0005,"{'clf__activation': 'tanh', 'clf__alpha': 0.01, 'clf__early_stopping': False, 'clf__hidden_layer_sizes': (256,), 'clf__learning_rate_init': 0.0005}",0.7806555605177802,0.7592107892107892,0.7346091629824688,0.7778084611716454,0.8145409494001042,0.7733649846565577,0.02634658237738229,517,1.0,1.0,1.0,1.0,1.0,1.0,0.0,False
6.392772150039673,0.20720264569500163,0.008795404434204101,0.00034311349770017353,tanh,0.01,"(256,)",0.001,"{'clf__activation': 'tanh', 'clf__alpha': 0.01, 'clf__early_stopping': False, 'clf__hidden_layer_sizes': (256,), 'clf__learning_rate_init': 0.001}",0.7909693325958238,0.7451317553657584,0.7359391128868754,0.7661333764274941,0.8209173931479462,0.7718181940847796,0.031013832674534513,547,1.0,1.0,1.0,1.0,1.0,1.0,0.0,False
3.630250072479248,0.2730343503177066,0.008877277374267578,0.0003608341493745237,tanh,0.01,"(256,)",0.005,"{'clf__activation': 'tanh', 'clf__alpha': 0.01, 'clf__early_stopping': False, 'clf__hidden_layer_sizes': (256,), 'clf__learning_rate_init': 0.005}",0.7868739904954858,0.7515775776734681,0.7300114216160256,0.7783687742568383,0.8069000500296534,0.7707463628142943,0.02702616653648883,567,1.0,1.0,1.0,1.0,1.0,1.0,0.0,False
5.107093095779419,0.38223375293139694,0.00882706642150879,0.00023833290468114427,tanh,0.01,"(256,)",0.01,"{'clf__activation': 'tanh', 'clf__alpha': 0.01, 'clf__early_stopping': False, 'clf__hidden_layer_sizes': (256,), 'clf__learning_rate_init': 0.01}",0.767377301413446,0.7922140966695421,0.7525058441973886,0.7728143122879965,0.8339663512395898,0.7837755811615926,0.028132441731312748,333,1.0,1.0,1.0,1.0,1.0,1.0,0.0,False
9.474045372009277,0.37774088064662714,0.005624294281005859,0.00021231792259973555,tanh,0.01,"(32, 16)",0.0001,"{'clf__activation': 'tanh', 'clf__alpha': 0.01, 'clf__early_stopping': False, 'clf__hidden_layer_sizes': (32, 16), 'clf__learning_rate_init': 0.0001}",0.7389644433932514,0.759923556904981,0.7214471409208251,0.7576188328524587,0.802531627702092,0.7560971203547217,0.027082357330289648,828,1.0,1.0,1.0,1.0,1.0,1.0,0.0,False
3.2688825607299803,0.07009115531461965,0.005550384521484375,9.159395164291156e-05,tanh,0.01,"(32, 16)",0.0005,"{'clf__activation': 'tanh', 'clf__alpha': 0.01, 'clf__early_stopping': False, 'clf__hidden_layer_sizes': (32, 16), 'clf__learning_rate_init': 0.0005}",0.7619223963899838,0.7619919442704254,0.7398367872052083,0.748804188386966,0.800711122547771,0.7626532877600709,0.020793078738610204,735,1.0,1.0,1.0,1.0,1.0,1.0,0.0,False
2.037672424316406,0.05646327568457376,0.005565834045410156,0.00019399476184227624,tanh,0.01,"(32, 16)",0.001,"{'clf__activation': 'tanh', 'clf__alpha': 0.01, 'clf__early_stopping': False, 'clf__hidden_layer_sizes': (32, 16), 'clf__learning_rate_init': 0.001}",0.7493592130133455,0.7449176305730165,0.742960920688827,0.7464458752931863,0.8116890068633322,0.7590745292863416,0.026390224272923757,802,1.0,1.0,1.0,1.0,1.0,1.0,0.0,False
0.7781714916229248,0.02350093159283921,0.0052912235260009766,0.0001907106622601215,tanh,0.01,"(32, 16)",0.005,"{'clf__activation': 'tanh', 'clf__alpha': 0.01, 'clf__early_stopping': False, 'clf__hidden_layer_sizes': (32, 16), 'clf__learning_rate_init': 0.005}",0.7443161937904668,0.7354330630304435,0.7459341235284631,0.7514178258265534,0.8225847494706371,0.7599371911293128,0.03174224284851808,782,1.0,1.0,1.0,1.0,1.0,1.0,0.0,False
0.5733872413635254,0.11146273498411807,0.005294227600097656,0.00014845898961967385,tanh,0.01,"(32, 16)",0.01,"{'clf__activation': 'tanh', 'clf__alpha': 0.01, 'clf__early_stopping': False, 'clf__hidden_layer_sizes': (32, 16), 'clf__learning_rate_init': 0.01}",0.7687912265960531,0.7816324677029339,0.6858775380783155,0.7552672792338503,0.8046923641987646,0.7592521751619834,0.04014074871971568,794,1.0,1.0,0.9648751020569261,1.0,1.0,0.9929750204113852,0.014049959177229577,False
10.971753263473511,0.19422329318499296,0.0063035011291503905,0.00020180587940389196,tanh,0.01,"(64, 32)",0.0001,"{'clf__activation': 'tanh', 'clf__alpha': 0.01, 'clf__early_stopping': False, 'clf__hidden_layer_sizes': (64, 32), 'clf__learning_rate_init': 0.0001}",0.737360297668018,0.744273802380238,0.733184293230384,0.7450046234351325,0.8155338612228618,0.7550713755873268,0.03054952016136045,844,1.0,1.0,1.0,1.0,1.0,1.0,0.0,False
3.5314559936523438,0.09036687491954222,0.006008243560791016,0.00010039688316653108,tanh,0.01,"(64, 32)",0.0005,"{'clf__activation': 'tanh', 'clf__alpha': 0.01, 'clf__early_stopping': False, 'clf__hidden_layer_sizes': (64, 32), 'clf__learning_rate_init': 0.0005}",0.7480580693815988,0.7457551080060568,0.7213125374329863,0.7440794004755443,0.8140288681733566,0.7546467966939086,0.031213928211034917,849,1.0,1.0,1.0,1.0,1.0,1.0,0.0,False
2.2886720657348634,0.060498530594607455,0.006076717376708984,0.0001551308625381983,tanh,0.01,"(64, 32)",0.001,"{'clf__activation': 'tanh', 'clf__alpha': 0.01, 'clf__early_stopping': False, 'clf__hidden_layer_sizes': (64, 32), 'clf__learning_rate_init': 0.001}",0.7588386431338707,0.7433897974050104,0.7237066130216815,0.7470335759212565,0.8285492966217826,0.7603035852207203,0.035947547674841,774,1.0,1.0,1.0,1.0,1.0,1.0,0.0,False
1.0849623680114746,0.09979823664067405,0.006109428405761719,0.000181687434711659,tanh,0.01,"(64, 32)",0.005,"{'clf__activation': 'tanh', 'clf__alpha': 0.01, 'clf__early_stopping': False, 'clf__hidden_layer_sizes': (64, 32), 'clf__learning_rate_init': 0.005}",0.7613924233661076,0.739830135589462,0.7497132090665308,0.7531726709822685,0.8202799412798898,0.7648776760568518,0.028551376374964032,682,1.0,1.0,1.0,1.0,1.0,1.0,0.0,False
0.8528393745422364,0.05504427525830833,0.006031656265258789,0.0001743188176126882,tanh,0.01,"(64, 32)",0.01,"{'clf__activation': 'tanh', 'clf__alpha': 0.01, 'clf__early_stopping': False, 'clf__hidden_layer_sizes': (64, 32), 'clf__learning_rate_init': 0.01}",0.7694284513509764,0.7278540036952647,0.7195907771279804,0.7591909543066984,0.8427345497172289,0.7637597472396298,0.04365809854251397,716,1.0,1.0,1.0,1.0,1.0,1.0,0.0,False
13.932175016403198,0.38915781503786695,0.007661056518554687,0.00036925782469421917,tanh,0.01,"(128, 64)",0.0001,"{'clf__activation': 'tanh', 'clf__alpha': 0.01, 'clf__early_stopping': False, 'clf__hidden_layer_sizes': (128, 64), 'clf__learning_rate_init': 0.0001}",0.765468206701128,0.7426563051925116,0.743410411076216,0.7491600043198916,0.8184839886561016,0.7638357831891698,0.02853151158583051,715,1.0,1.0,1.0,1.0,1.0,1.0,0.0,False
4.720671510696411,0.23340104378512674,0.008172130584716797,0.00029775602187846295,tanh,0.01,"(128, 64)",0.0005,"{'clf__activation': 'tanh', 'clf__alpha': 0.01, 'clf__early_stopping': False, 'clf__hidden_layer_sizes': (128, 64), 'clf__learning_rate_init': 0.0005}",0.7564141471500244,0.7364211580001054,0.7486592107318267,0.7550057722515566,0.8160184225774705,0.7625037421421967,0.027673438482563387,736,1.0,1.0,1.0,1.0,1.0,1.0,0.0,False
3.1097529411315916,0.2348748099132904,0.007961845397949219,0.00048426297652687635,tanh,0.01,"(128, 64)",0.001,"{'clf__activation': 'tanh', 'clf__alpha': 0.01, 'clf__early_stopping': False, 'clf__hidden_layer_sizes': (128, 64), 'clf__learning_rate_init': 0.001}",0.773145141072975,0.7505763589839607,0.7634048459697488,0.7539733811132261,0.822340398286903,0.7726880250853627,0.02604192086174695,523,1.0,1.0,1.0,1.0,1.0,1.0,0.0,False
1.4930014610290527,0.051220737362501656,0.0076942920684814455,0.0002636115815265279,tanh,0.01,"(128, 64)",0.005,"{'clf__activation': 'tanh', 'clf__alpha': 0.01, 'clf__early_stopping': False, 'clf__hidden_layer_sizes': (128, 64), 'clf__learning_rate_init': 0.005}",0.7640749537051317,0.7738808221336756,0.7441396828189282,0.789845936460185,0.8083011366392683,0.7760485063514377,0.02189446996462752,460,1.0,1.0,1.0,1.0,1.0,1.0,0.0,False
1.9528632640838623,0.5829547845721456,0.007830953598022461,0.000302369379049127,tanh,0.01,"(128, 64)",0.01,"{'clf__activation': 'tanh', 'clf__alpha': 0.01, 'clf__early_stopping': False, 'clf__hidden_layer_sizes': (128, 64), 'clf__learning_rate_init': 0.01}",0.7737770812740272,0.7951106241731993,0.7565857456088456,0.778873096287957,0.8285498450144584,0.7865792784716975,0.024319563425073507,272,1.0,1.0,1.0,1.0,0.9971450962830273,0.9994290192566055,0.0011419614867890892,False
21.007804012298585,0.5069410180647342,0.010745620727539063,0.0002990834108776924,tanh,0.01,"(256, 128)",0.0001,"{'clf__activation': 'tanh', 'clf__alpha': 0.01, 'clf__early_stopping': False, 'clf__hidden_layer_sizes': (256, 128), 'clf__learning_rate_init': 0.0001}",0.7601325721056658,0.7605693213358402,0.744177804305139,0.7887529566420877,0.8144489536310362,0.7736163216039538,0.02496030278589638,506,1.0,1.0,1.0,1.0,1.0,1.0,0.0,False
7.878373908996582,0.3052165617710966,0.01083230972290039,0.00029963443097027776,tanh,0.01,"(256, 128)",0.0005,"{'clf__activation': 'tanh', 'clf__alpha': 0.01, 'clf__early_stopping': False, 'clf__hidden_layer_sizes': (256, 128), 'clf__learning_rate_init': 0.0005}",0.7797188216358582,0.7421888818755651,0.754544218191709,0.781880214533776,0.8158307990256903,0.7748325870525197,0.02542293108682494,481,1.0,1.0,1.0,1.0,1.0,1.0,0.0,False
5.698352813720703,0.353321774041192,0.010631990432739259,0.00038244047626226243,tanh,0.01,"(256, 128)",0.001,"{'clf__activation': 'tanh', 'clf__alpha': 0.01, 'clf__early_stopping': False, 'clf__hidden_layer_sizes': (256, 128), 'clf__learning_rate_init': 0.001}",0.778384621144055,0.7488356164383562,0.743552590200163,0.7665861844023711,0.808588561707944,0.7691895147785778,0.023302983879949498,594,1.0,1.0,1.0,1.0,1.0,1.0,0.0,False
4.200582361221313,0.5442102835245877,0.011034440994262696,0.0002011934928735323,tanh,0.01,"(256, 128)",0.005,"{'clf__activation': 'tanh', 'clf__alpha': 0.01, 'clf__early_stopping': False, 'clf__hidden_layer_sizes': (256, 128), 'clf__learning_rate_init': 0.005}",0.7896099161502005,0.7520330748582121,0.7256226229910441,0.8084946454511672,0.8140887252922477,0.7779697969485744,0.0340140438935518,427,1.0,1.0,1.0,1.0,1.0,1.0,0.0,False
4.546523714065552,2.962799326896888,0.011132907867431641,0.0013938953152800456,tanh,0.01,"(256, 128)",0.01,"{'clf__activation': 'tanh', 'clf__alpha': 0.01, 'clf__early_stopping': False, 'clf__hidden_layer_sizes': (256, 128), 'clf__learning_rate_init': 0.01}",0.7739719754383774,0.7874829810736694,0.7249509419152277,0.7631595536588909,0.8522787585607778,0.7803688421293886,0.04154484379885905,377,0.9901169330344799,0.9900377066207469,0.9918823770822004,0.9431954000592143,1.0,0.9830464833593282,0.020260661617330752,False
10.695899295806885,0.2394532348672576,0.006228971481323242,0.00038666355577255735,tanh,0.01,"(64, 32, 16)",0.0001,"{'clf__activation': 'tanh', 'clf__alpha': 0.01, 'clf__early_stopping': False, 'clf__hidden_layer_sizes': (64, 32, 16), 'clf__learning_rate_init': 0.0001}",0.7422611095158427,0.7541682235230622,0.7238034436593784,0.7532192181349971,0.822267557033393,0.7591439103733346,0.033401891436770074,796,1.0,1.0,1.0,1.0,1.0,1.0,0.0,False
3.623628330230713,0.0795737307827046,0.006423330307006836,0.000352448585031983,tanh,0.01,"(64, 32, 16)",0.0005,"{'clf__activation': 'tanh', 'clf__alpha': 0.01, 'clf__early_stopping': False, 'clf__hidden_layer_sizes': (64, 32, 16), 'clf__learning_rate_init': 0.0005}",0.7654903856482973,0.7693459090448104,0.74838314244197,0.7493307284705114,0.8088658095225139,0.7682831950256206,0.021959443645332588,615,1.0,1.0,1.0,1.0,1.0,1.0,0.0,False
2.294335699081421,0.12536605266076992,0.00663299560546875,0.00042776591851498606,tanh,0.01,"(64, 32, 16)",0.001,"{'clf__activation': 'tanh', 'clf__alpha': 0.01, 'clf__early_stopping': False, 'clf__hidden_layer_sizes': (64, 32, 16), 'clf__learning_rate_init': 0.001}",0.7718449568702269,0.7692482620400443,0.7393746174692287,0.757746696127858,0.8155942898906475,0.7707617644796011,0.025171270654351357,566,1.0,1.0,1.0,1.0,1.0,1.0,0.0,False
0.9485263824462891,0.13427591331760397,0.006456184387207031,0.00036970471815236613,tanh,0.01,"(64, 32, 16)",0.005,"{'clf__activation': 'tanh', 'clf__alpha': 0.01, 'clf__early_stopping': False, 'clf__hidden_layer_sizes': (64, 32, 16), 'clf__learning_rate_init': 0.005}",0.7464760312400024,0.7632111851881241,0.7403276159999564,0.7423429888332712,0.8226137937002422,0.7629943229923193,0.030879247035981328,728,0.9992887371878977,1.0,1.0,1.0,1.0,0.9998577474375796,0.000284505124840928,False
0.8619334697723389,0.2717335709271529,0.006577873229980468,0.000149381034686786,tanh,0.01,"(64, 32, 16)",0.01,"{'clf__activation': 'tanh', 'clf__alpha': 0.01, 'clf__early_stopping': False, 'clf__hidden_layer_sizes': (64, 32, 16), 'clf__learning_rate_init': 0.01}",0.7467675835516394,0.7360796336143749,0.7163649079176899,0.7420809192798601,0.805141116537346,0.749286832180182,0.029786762383757975,868,1.0,1.0,0.9890755445265904,0.994983801857757,0.9836696562191913,0.9935458005207078,0.0063702848382103825,False
12.033558893203736,0.5271519076575628,0.007695627212524414,0.00020857134199288467,tanh,0.01,"(128, 64, 32)",0.0001,"{'clf__activation': 'tanh', 'clf__alpha': 0.01, 'clf__early_stopping': False, 'clf__hidden_layer_sizes': (128, 64, 32), 'clf__learning_rate_init': 0.0001}",0.7529881905450001,0.7532773657778998,0.7424451229821696,0.7517219379959832,0.8285173662545011,0.7657899967111108,0.03161666797513918,657,1.0,1.0,1.0,1.0,1.0,1.0,0.0,False
4.2297327518463135,0.1764042865911689,0.007989597320556641,0.00026213423553516084,tanh,0.01,"(128, 64, 32)",0.0005,"{'clf__activation': 'tanh', 'clf__alpha': 0.01, 'clf__early_stopping': False, 'clf__hidden_layer_sizes': (128, 64, 32), 'clf__learning_rate_init': 0.0005}",0.7597901799383482,0.7594233430192334,0.7346143259505826,0.7451500858194777,0.8241927362975703,0.7646341342050424,0.031236710294336542,686,1.0,1.0,1.0,1.0,1.0,1.0,0.0,False
2.819657564163208,0.07546331138889308,0.007577323913574218,0.00018425098857189487,tanh,0.01,"(128, 64, 32)",0.001,"{'clf__activation': 'tanh', 'clf__alpha': 0.01, 'clf__early_stopping': False, 'clf__hidden_layer_sizes': (128, 64, 32), 'clf__learning_rate_init': 0.001}",0.7592368905004409,0.7606746031746031,0.7221653827292434,0.7488171550671551,0.8211830896325333,0.7624154242207951,0.032470758526769214,737,1.0,1.0,1.0,1.0,1.0,1.0,0.0,False
1.458459234237671,0.1825043827919392,0.008076143264770509,0.0007310056933835503,tanh,0.01,"(128, 64, 32)",0.005,"{'clf__activation': 'tanh', 'clf__alpha': 0.01, 'clf__early_stopping': False, 'clf__hidden_layer_sizes': (128, 64, 32), 'clf__learning_rate_init': 0.005}",0.7656244810894406,0.7668407407580626,0.714949693739667,0.7649963097830397,0.8095568783068783,0.7643936207354176,0.02997428364092018,691,1.0,1.0,0.9904189038803642,1.0,1.0,0.9980837807760728,0.0038324384478543028,False
1.638793420791626,1.2874071440490016,0.007739019393920898,0.00031564244241437427,tanh,0.01,"(128, 64, 32)",0.01,"{'clf__activation': 'tanh', 'clf__alpha': 0.01, 'clf__early_stopping': False, 'clf__hidden_layer_sizes': (128, 64, 32), 'clf__learning_rate_init': 0.01}",0.7485698086301192,0.8264400764400764,0.7123033073989089,0.7575224610392102,0.8253324104257379,0.7740336127868106,0.04496589402933497,495,0.975266907694202,1.0,0.9963453196256337,0.9882008240625828,0.9798712122115298,0.9879368527187896,0.009400782761455893,False
0.5551266670227051,0.15761122824141874,0.0051877498626708984,0.00024151150109999236,tanh,0.1,"(32,)",0.0001,"{'clf__activation': 'tanh', 'clf__alpha': 0.1, 'clf__early_stopping': True, 'clf__hidden_layer_sizes': (32,), 'clf__learning_rate_init': 0.0001}",0.6525848877701471,0.6771371386330856,0.6538055296675988,0.6159965687547795,0.6389504719827196,0.6476949193616661,0.02004667761068417,976,0.6789777094703779,0.724744990486483,0.7808228934277878,0.6471583435729742,0.6590457369711904,0.6981499347857627,0.04906927748200011,True
0.320330810546875,0.09340934875208932,0.00500798225402832,0.000246139396641788,tanh,0.1,"(32,)",0.0005,"{'clf__activation': 'tanh', 'clf__alpha': 0.1, 'clf__early_stopping': True, 'clf__hidden_layer_sizes': (32,), 'clf__learning_rate_init': 0.0005}",0.7595154738124584,0.6953160743571876,0.7097349770420842,0.7197708852061238,0.6802394209930499,0.7129153662821808,0.026855671706616867,935,0.7701700867155514,0.757000180331468,0.8665429502715714,0.8177534974302627,0.7479785496882109,0.7918890528874128,0.04440552464989277,True
0.23784475326538085,0.06344062574670183,0.005076932907104492,0.0002759367437257551,tanh,0.1,"(32,)",0.001,"{'clf__activation': 'tanh', 'clf__alpha': 0.1, 'clf__early_stopping': True, 'clf__hidden_layer_sizes': (32,), 'clf__learning_rate_init': 0.001}",0.7707979372746533,0.6973587420807472,0.7250875975630162,0.7183888760317827,0.7538112513464627,0.7330888808593323,0.026108018185203526,911,0.7722016172146485,0.7551856356285841,0.8821333821587296,0.8052926274811766,0.8264797922010061,0.8082586109368289,0.04453119767524851,True
0.15714426040649415,0.02615309140279098,0.005179214477539063,0.0002151945755598503,tanh,0.1,"(32,)",0.005,"{'clf__activation': 'tanh', 'clf__alpha': 0.1, 'clf__early_stopping': True, 'clf__hidden_layer_sizes': (32,), 'clf__learning_rate_init': 0.005}",0.8058655188224912,0.7443390413719445,0.7284368147802989,0.7627236130573171,0.7102239864630219,0.7503177948990147,0.03274596224529313,866,0.7979073442075734,0.8172788436864977,0.8545696281468776,0.9043712276595808,0.7855085733120953,0.831927123402525,0.04309856269138256,True
0.18630027770996094,0.03228819183458537,0.005164623260498047,5.99467947684673e-05,tanh,0.1,"(32,)",0.01,"{'clf__activation': 'tanh', 'clf__alpha': 0.1, 'clf__early_stopping': True, 'clf__hidden_layer_sizes': (32,), 'clf__learning_rate_init': 0.01}",0.7646587757429182,0.7742270469338814,0.7244153414215199,0.7775438518430628,0.8145102550902338,0.7710710542063233,0.02883294790105802,559,0.9672541522706528,0.8584185092001625,0.8734179571755007,0.9014474973636744,0.8873823990912872,0.8975841030202556,0.03765863164197642,True
0.878543472290039,0.17887337497496467,0.005482244491577149,0.00024156635380720502,tanh,0.1,"(64,)",0.0001,"{'clf__activation': 'tanh', 'clf__alpha': 0.1, 'clf__early_stopping': True, 'clf__hidden_layer_sizes': (64,), 'clf__learning_rate_init': 0.0001}",0.5903094004563291,0.7140682184160445,0.6648187020562213,0.6840359467238265,0.6274152290680449,0.6561294993440933,0.043285013461727764,971,0.664749648261407,0.7896946406410699,0.7680691516506503,0.7866612883636783,0.751573195851378,0.7521495849536366,0.04581092149446189,True
0.5624980926513672,0.22789166623727272,0.005695629119873047,0.0001487652764292407,tanh,0.1,"(64,)",0.0005,"{'clf__activation': 'tanh', 'clf__alpha': 0.1, 'clf__early_stopping': True, 'clf__hidden_layer_sizes': (64,), 'clf__learning_rate_init': 0.0005}",0.8039839100986031,0.7469255926665812,0.6483350038706909,0.6995212438874411,0.7922425169098919,0.7382016534866416,0.05813091452792673,895,0.9092154275530452,0.8557478007869287,0.7524400711508336,0.8182549562058389,0.9159175368883027,0.8503151585169899,0.060679183649239014,True
0.4834753036499023,0.010846658933097688,0.005399656295776367,0.00033094719364296955,tanh,0.1,"(64,)",0.001,"{'clf__activation': 'tanh', 'clf__alpha': 0.1, 'clf__early_stopping': True, 'clf__hidden_layer_sizes': (64,), 'clf__learning_rate_init': 0.001}",0.804298523206751,0.7545457319849556,0.7256303850233545,0.7498818265143143,0.8065436438355417,0.7681800221129833,0.03196092313702326,617,0.902711953632078,0.9113281932010211,0.9070144213975644,0.9062414061483042,0.9131811666893506,0.9080954282136637,0.0037390714738404778,True
0.35585775375366213,0.07037365661395276,0.005469179153442383,0.00022705569537546426,tanh,0.1,"(64,)",0.005,"{'clf__activation': 'tanh', 'clf__alpha': 0.1, 'clf__early_stopping': True, 'clf__hidden_layer_sizes': (64,), 'clf__learning_rate_init': 0.005}",0.7723495678932816,0.7743644917940692,0.7184322662122382,0.7614257639037383,0.7953750671038946,0.7643894313814444,0.025470844430270038,692,0.9728353625973863,0.9672585703148439,0.9110050501867252,0.9243233993576491,0.9741016864263178,0.9499048137765845,0.026758370474526397,True
0.25348448753356934,0.019901598671152675,0.005608081817626953,0.00014970552997040874,tanh,0.1,"(64,)",0.01,"{'clf__activation': 'tanh', 'clf__alpha': 0.1, 'clf__early_stopping': True, 'clf__hidden_layer_sizes': (64,), 'clf__learning_rate_init': 0.01}",0.7875804322719023,0.7709616372835798,0.7153218278771375,0.7338550600343053,0.824999281305431,0.7665436477544711,0.03891360848557028,648,0.8960869684724424,0.8606541054029045,0.9193662493251294,0.942697622894945,0.8933327063872233,0.902427530496529,0.027482860599815636,True
1.2751157760620118,0.29647669281738787,0.0069545269012451175,0.000333662507505546,tanh,0.1,"(128,)",0.0001,"{'clf__activation': 'tanh', 'clf__alpha': 0.1, 'clf__early_stopping': True, 'clf__hidden_layer_sizes': (128,), 'clf__learning_rate_init': 0.0001}",0.6304208642449227,0.7358371905671245,0.6897959183673469,0.7100381450933845,0.7336613817217266,0.6999506999989009,0.03863553925083693,952,0.6759071717003499,0.8269512968158131,0.8043463132366021,0.79233857879564,0.8213265629670036,0.7841739847030818,0.05550765485259831,True
0.7255475997924805,0.13748635849256005,0.006870365142822266,0.0003765177460356544,tanh,0.1,"(128,)",0.0005,"{'clf__activation': 'tanh', 'clf__alpha': 0.1, 'clf__early_stopping': True, 'clf__hidden_layer_sizes': (128,), 'clf__learning_rate_init': 0.0005}",0.7969281807517101,0.7485539407597154,0.7498008935508935,0.7307830484022705,0.7752675565175566,0.7602667239964293,0.023173680814030317,775,0.878757237800341,0.8589988305252836,0.9074030558633871,0.8633629269286778,0.8754431873457991,0.8767930476926977,0.016968530132465916,True
0.4846776008605957,0.03988887077591656,0.006801795959472656,0.00016791936806824964,tanh,0.1,"(128,)",0.001,"{'clf__activation': 'tanh', 'clf__alpha': 0.1, 'clf__early_stopping': True, 'clf__hidden_layer_sizes': (128,), 'clf__learning_rate_init': 0.001}",0.7895694212303721,0.7498677248677249,0.7293693993114563,0.7375129667687232,0.7787679919281404,0.7570175008212835,0.02336097193012473,823,0.8846967472288827,0.8635328071904439,0.8696023531170511,0.8648366154631697,0.8749743190727506,0.8715285684144597,0.007716202020598671,True
0.3609910488128662,0.04569106467135214,0.006648445129394531,0.0001848597852242642,tanh,0.1,"(128,)",0.005,"{'clf__activation': 'tanh', 'clf__alpha': 0.1, 'clf__early_stopping': True, 'clf__hidden_layer_sizes': (128,), 'clf__learning_rate_init': 0.005}",0.8019501350861359,0.7200332584467646,0.726191617760261,0.7743623465124035,0.7921580129941855,0.7629390741599502,0.03375614014156414,729,0.8678593185722356,0.7869931775705177,0.8809970837767273,0.9122738877031475,0.9069153110480663,0.8710077557341389,0.04507858660522202,True
0.4555722713470459,0.042745227064666595,0.007186222076416016,0.0001966055405033245,tanh,0.1,"(128,)",0.01,"{'clf__activation': 'tanh', 'clf__alpha': 0.1, 'clf__early_stopping': True, 'clf__hidden_layer_sizes': (128,), 'clf__learning_rate_init': 0.01}",0.7959807654332367,0.7736820611820612,0.761188276555249,0.7581085460433286,0.8011887078435156,0.7780296714114783,0.017652015615120777,422,0.9577080939095243,0.9683883384113952,0.9323156064152431,0.953282356472838,0.9251654049648641,0.9473719600347728,0.016144853557653906,True
1.9088883876800538,0.5342033930792693,0.00838613510131836,0.0003993413411551614,tanh,0.1,"(256,)",0.0001,"{'clf__activation': 'tanh', 'clf__alpha': 0.1, 'clf__early_stopping': True, 'clf__hidden_layer_sizes': (256,), 'clf__learning_rate_init': 0.0001}",0.8017624133482637,0.7269739095941292,0.684398761805741,0.7303871532339916,0.7334854396821027,0.7354015355328457,0.03769586015573143,899,0.8727866623570297,0.8027544355349642,0.8012641452452964,0.828004169203697,0.8427333816527862,0.8295085587987547,0.02669712862375984,True
1.0911536693572998,0.09259848754385866,0.008111810684204102,0.00034818101401656133,tanh,0.1,"(256,)",0.0005,"{'clf__activation': 'tanh', 'clf__alpha': 0.1, 'clf__early_stopping': True, 'clf__hidden_layer_sizes': (256,), 'clf__learning_rate_init': 0.0005}",0.8111953975324178,0.7360326624749034,0.7181251740462267,0.7622627156260837,0.7785034390374633,0.761223877743419,0.03252356314971182,758,0.9020956704829582,0.8953944740052692,0.8907095890076834,0.8740271045713288,0.8830364222598687,0.8890526520654216,0.009747272167719801,True
1.0301897525787354,0.20732018320284223,0.008464956283569336,0.0007380115867246248,tanh,0.1,"(256,)",0.001,"{'clf__activation': 'tanh', 'clf__alpha': 0.1, 'clf__early_stopping': True, 'clf__hidden_layer_sizes': (256,), 'clf__learning_rate_init': 0.001}",0.8091313448456305,0.7539601600298929,0.7171690921690922,0.7784456467976406,0.7829293447236715,0.7683271177131856,0.030997250416830584,610,0.8967749753689616,0.9205632953398177,0.9481545009045003,0.931499767509249,0.9015956843541391,0.9197176446953336,0.0189892593668242,True
0.7673464775085449,0.05606170607139079,0.00875554084777832,0.000558499999318447,tanh,0.1,"(256,)",0.005,"{'clf__activation': 'tanh', 'clf__alpha': 0.1, 'clf__early_stopping': True, 'clf__hidden_layer_sizes': (256,), 'clf__learning_rate_init': 0.005}",0.8109158387384194,0.7631029241914377,0.7318835546506378,0.7588883568299931,0.8113272900866886,0.7752235928994352,0.03120744406836301,472,0.9434263818723033,0.9314354344107468,0.9238935017105308,0.9006005112192402,0.942184669711165,0.9283080997847971,0.01560833756898503,True
0.6856854915618896,0.02807889665277384,0.00806736946105957,0.00015597313560473537,tanh,0.1,"(256,)",0.01,"{'clf__activation': 'tanh', 'clf__alpha': 0.1, 'clf__early_stopping': True, 'clf__hidden_layer_sizes': (256,), 'clf__learning_rate_init': 0.01}",0.7747435925043589,0.7430305131761442,0.7269052706552707,0.7768487877355306,0.8237305265954097,0.7690517381333428,0.033275786889306214,597,0.8592691159743011,0.8864441940184893,0.8772918148485218,0.9214790399612921,0.9159284473824952,0.8920825224370199,0.023494930521588464,True
0.6975017070770264,0.1611621739810581,0.004923534393310547,0.00013989474194931142,tanh,0.1,"(32, 16)",0.0001,"{'clf__activation': 'tanh', 'clf__alpha': 0.1, 'clf__early_stopping': True, 'clf__hidden_layer_sizes': (32, 16), 'clf__learning_rate_init': 0.0001}",0.660179200315473,0.6045810203542161,0.597103162428716,0.5090356016602945,0.5202510982902787,0.5782300166097956,0.05641925517263145,996,0.6919201573413838,0.6876223466385776,0.6546281944538735,0.5682975508786904,0.5758786056967172,0.6356693710018485,0.053547357340007234,True
0.42369914054870605,0.08200424754432344,0.004889154434204101,0.00020105173663593272,tanh,0.1,"(32, 16)",0.0005,"{'clf__activation': 'tanh', 'clf__alpha': 0.1, 'clf__early_stopping': True, 'clf__hidden_layer_sizes': (32, 16), 'clf__learning_rate_init': 0.0005}",0.7128024254108719,0.7397921420223719,0.6895156943313361,0.7291961881516561,0.6695771578080423,0.7081767215448556,0.02569400779168818,945,0.7537565987259612,0.8520328089437068,0.8354453043917738,0.8635807135201493,0.7435608304322436,0.8096752512027668,0.05071896989378944,True
0.3818047523498535,0.07224480511713408,0.004875612258911133,0.0001384673366799094,tanh,0.1,"(32, 16)",0.001,"{'clf__activation': 'tanh', 'clf__alpha': 0.1, 'clf__early_stopping': True, 'clf__hidden_layer_sizes': (32, 16), 'clf__learning_rate_init': 0.001}",0.7768059232932334,0.7379820905417196,0.7262971020697973,0.7289179771328429,0.805410780290669,0.7550827746656524,0.031017570216646206,843,0.8458388483366955,0.847529416019538,0.9271909249613827,0.8663795962955906,0.8920892074566354,0.8758055986139685,0.030633334212166054,True
0.23014283180236816,0.03969541423185702,0.005290985107421875,0.0004316140997556432,tanh,0.1,"(32, 16)",0.005,"{'clf__activation': 'tanh', 'clf__alpha': 0.1, 'clf__early_stopping': True, 'clf__hidden_layer_sizes': (32, 16), 'clf__learning_rate_init': 0.005}",0.7622279653882006,0.7583793611816145,0.7474088468137952,0.7665187782867546,0.7821988571810159,0.7633467617702762,0.011361400417811605,718,0.9499373063167865,0.8485991105320192,0.9260770711108555,0.9090290506515243,0.8327789464721469,0.8932842970166665,0.04514529897621073,True
0.2897099494934082,0.11753047085910619,0.005078649520874024,0.00032054001770468344,tanh,0.1,"(32, 16)",0.01,"{'clf__activation': 'tanh', 'clf__alpha': 0.1, 'clf__early_stopping': True, 'clf__hidden_layer_sizes': (32, 16), 'clf__learning_rate_init': 0.01}",0.7521729774406489,0.724335803819128,0.7379243922143058,0.7413135047698015,0.785424508600256,0.748234237368828,0.020610456184021887,874,0.9780521566989565,0.8252994947113765,0.9852756900396309,0.9749731279356683,0.8399549405863488,0.9207110819943962,0.07214690908559188,True
1.0236032962799073,0.1405058670023672,0.00583796501159668,0.0004439369922777173,tanh,0.1,"(64, 32)",0.0001,"{'clf__activation': 'tanh', 'clf__alpha': 0.1, 'clf__early_stopping': True, 'clf__hidden_layer_sizes': (64, 32), 'clf__learning_rate_init': 0.0001}",0.7519055951770748,0.6992075548911026,0.6774404761904761,0.6866601427613959,0.7230750540855655,0.707657764621123,0.026910793417084376,946,0.7973776835160795,0.7333551862585054,0.7985550768663554,0.7897647186272129,0.7831827358741128,0.7804470802284531,0.024192947504344066,True
0.5144811630249023,0.09723810104000455,0.005844879150390625,0.00011286357805630101,tanh,0.1,"(64, 32)",0.0005,"{'clf__activation': 'tanh', 'clf__alpha': 0.1, 'clf__early_stopping': True, 'clf__hidden_layer_sizes': (64, 32), 'clf__learning_rate_init': 0.0005}",0.7943427273997854,0.759981870592096,0.7345520482312935,0.7392781636967684,0.7105447344452391,0.7477399088730363,0.028109393881108183,876,0.8787582269459131,0.8438133118337633,0.8592253782778977,0.8744788734118314,0.7709442341439167,0.8454440049226644,0.03923177853421894,True
0.41336755752563475,0.054526388013471726,0.005840730667114258,0.0004205284292363824,tanh,0.1,"(64, 32)",0.001,"{'clf__activation': 'tanh', 'clf__alpha': 0.1, 'clf__early_stopping': True, 'clf__hidden_layer_sizes': (64, 32), 'clf__learning_rate_init': 0.001}",0.7971673342009198,0.7354452665250408,0.7247351782865802,0.7423926418112464,0.7959054418103964,0.7591291725268368,0.031059238334689324,801,0.8942393060570921,0.839717659517768,0.8664257084757138,0.8770483137633153,0.8759512001017612,0.87067643758313,0.01788936742117944,True
0.36104798316955566,0.06908032647111623,0.0056760311126708984,0.00031872895699493073,tanh,0.1,"(64, 32)",0.005,"{'clf__activation': 'tanh', 'clf__alpha': 0.1, 'clf__early_stopping': True, 'clf__hidden_layer_sizes': (64, 32), 'clf__learning_rate_init': 0.005}",0.7777517019856788,0.7424072595810309,0.7283067717193423,0.7661190834088031,0.8179366171394737,0.7665042867668658,0.031021457777767908,649,0.911507914070822,0.9773624339427557,0.963459945464178,0.9524478433983727,0.8925912186334974,0.939473871101925,0.03212250541207817,True
0.30698909759521487,0.07894765653963094,0.005697441101074219,0.00012979200879469917,tanh,0.1,"(64, 32)",0.01,"{'clf__activation': 'tanh', 'clf__alpha': 0.1, 'clf__early_stopping': True, 'clf__hidden_layer_sizes': (64, 32), 'clf__learning_rate_init': 0.01}",0.7606060606060606,0.7631335174133784,0.7334627949589138,0.7414242959868236,0.8255632405522652,0.7648379819034883,0.0323758380247917,683,0.865718026627814,0.8842542831143158,0.9263729958364247,0.8268954706065432,0.9882912488244308,0.8983064050019056,0.05521592474033546,True
1.8119295597076417,0.34378291281793455,0.0073760032653808595,0.00047922443749487387,tanh,0.1,"(128, 64)",0.0001,"{'clf__activation': 'tanh', 'clf__alpha': 0.1, 'clf__early_stopping': True, 'clf__hidden_layer_sizes': (128, 64), 'clf__learning_rate_init': 0.0001}",0.7859505814440444,0.7584073632460729,0.740594512285092,0.7647504085557183,0.754398637090243,0.7608203005242341,0.014853412440985642,762,0.8680772003683987,0.8782219545927519,0.84384967748546,0.8469264721643337,0.8087360018345249,0.8491622612890938,0.023957234600202246,True
0.9552125453948974,0.2567437542353749,0.007342004776000976,0.0003066186991387009,tanh,0.1,"(128, 64)",0.0005,"{'clf__activation': 'tanh', 'clf__alpha': 0.1, 'clf__early_stopping': True, 'clf__hidden_layer_sizes': (128, 64), 'clf__learning_rate_init': 0.0005}",0.7847642137736477,0.7548691753478988,0.7600076491585926,0.7672594707480211,0.7864634397569517,0.7706727897570224,0.012830144638859951,568,0.9469958122168439,0.922564157430805,0.9093956291404454,0.8674053832425997,0.8644465215928376,0.9021615007247064,0.0319659939777371,True
0.8079195022583008,0.1662656309286869,0.007206439971923828,0.0011531852843759782,tanh,0.1,"(128, 64)",0.001,"{'clf__activation': 'tanh', 'clf__alpha': 0.1, 'clf__early_stopping': True, 'clf__hidden_layer_sizes': (128, 64), 'clf__learning_rate_init': 0.001}",0.7784004869179711,0.7737841895116877,0.775541204451157,0.7618674000847953,0.8138933648440576,0.7806973291619338,0.017528237904646568,370,0.9615324684468646,0.9394818765259072,0.9532061927131064,0.8951041917178694,0.9346564655157725,0.936796238983904,0.022939859259263135,True
0.5322933673858643,0.0898329688055633,0.007656192779541016,0.0003511754199074419,tanh,0.1,"(128, 64)",0.005,"{'clf__activation': 'tanh', 'clf__alpha': 0.1, 'clf__early_stopping': True, 'clf__hidden_layer_sizes': (128, 64), 'clf__learning_rate_init': 0.005}",0.7744076099339257,0.7643910256410257,0.7531675429259534,0.7795627295374149,0.8023245812886708,0.774770697865398,0.016472679144073406,485,0.9485608276452036,0.9643264225512768,0.9404649366623743,0.8658913407243946,0.9397074534942181,0.9317901962154934,0.03411877296269461,True
0.5510308265686035,0.1180739085156878,0.007498693466186523,0.0002735998538359801,tanh,0.1,"(128, 64)",0.01,"{'clf__activation': 'tanh', 'clf__alpha': 0.1, 'clf__early_stopping': True, 'clf__hidden_layer_sizes': (128, 64), 'clf__learning_rate_init': 0.01}",0.7879564891183974,0.7800360190202636,0.7682977954766946,0.7326407707323108,0.8161526809899602,0.7770167510675254,0.027223749469138473,445,0.965489085204296,0.9380659163736265,0.9673295229300707,0.8770237152684717,0.9036782031633555,0.9303172885879641,0.03526144588696294,True
2.0947379589080812,0.5631035393625934,0.01045365333557129,0.0003125163015033713,tanh,0.1,"(256, 128)",0.0001,"{'clf__activation': 'tanh', 'clf__alpha': 0.1, 'clf__early_stopping': True, 'clf__hidden_layer_sizes': (256, 128), 'clf__learning_rate_init': 0.0001}",0.7677277445069528,0.6884825856115058,0.7169798432683546,0.7010369568604298,0.7799607470473625,0.7308375754589211,0.03646376100895978,918,0.8119022432738818,0.7860999064755458,0.8932612193424228,0.812942433148585,0.8016547422432633,0.8211721088967397,0.03731349568237992,True
1.4090704441070556,0.2761897259959871,0.010457086563110351,0.0007108586800374162,tanh,0.1,"(256, 128)",0.0005,"{'clf__activation': 'tanh', 'clf__alpha': 0.1, 'clf__early_stopping': True, 'clf__hidden_layer_sizes': (256, 128), 'clf__learning_rate_init': 0.0005}",0.8121666585078038,0.7807562861593235,0.7297516229424867,0.7360918209109808,0.8026822053151073,0.7722897187671404,0.03377967948529886,530,0.8640086407069378,0.8777421728463843,0.9560685854636883,0.8734572244419098,0.9248471950775684,0.8992247637072976,0.0353648757109755,True
1.276753568649292,0.1762339437782722,0.010518121719360351,0.0005371129267138936,tanh,0.1,"(256, 128)",0.001,"{'clf__activation': 'tanh', 'clf__alpha': 0.1, 'clf__early_stopping': True, 'clf__hidden_layer_sizes': (256, 128), 'clf__learning_rate_init': 0.001}",0.8002426101050732,0.7965191218352297,0.7305590319816081,0.7194508528425256,0.7898921679814527,0.7673327569491779,0.03489645524977166,634,0.9300305395303134,0.8972045202029202,0.9593629725270834,0.8228732913998197,0.9497783441187804,0.9118499335557834,0.04931109127843611,True
1.3269059181213378,0.3659434517735331,0.010653305053710937,0.0007519585221763772,tanh,0.1,"(256, 128)",0.005,"{'clf__activation': 'tanh', 'clf__alpha': 0.1, 'clf__early_stopping': True, 'clf__hidden_layer_sizes': (256, 128), 'clf__learning_rate_init': 0.005}",0.7929894179894179,0.7855953332572038,0.7228022599672415,0.7609728378852244,0.790079985505285,0.7704879669208744,0.026392647984826507,572,0.8768703876619262,0.9790793537163717,0.9201675368882728,0.9723211704346384,0.959407712224658,0.9415692321851733,0.03824885707502372,True
1.2123008728027345,0.17192434022098785,0.014803457260131835,0.0073324363065213095,tanh,0.1,"(256, 128)",0.01,"{'clf__activation': 'tanh', 'clf__alpha': 0.1, 'clf__early_stopping': True, 'clf__hidden_layer_sizes': (256, 128), 'clf__learning_rate_init': 0.01}",0.8061756058234932,0.7924283981011484,0.7701356468972849,0.7514049546944285,0.8167280702671357,0.7873745351566981,0.023797654503799438,260,0.9525862897443028,0.9698594412943662,0.9498020818128217,0.9723468856365386,0.9436104738059816,0.9576410344588023,0.011396558949158728,True
1.251340961456299,0.4102690175335678,0.006170463562011719,0.0004223913982884834,tanh,0.1,"(64, 32, 16)",0.0001,"{'clf__activation': 'tanh', 'clf__alpha': 0.1, 'clf__early_stopping': True, 'clf__hidden_layer_sizes': (64, 32, 16), 'clf__learning_rate_init': 0.0001}",0.6984068497105436,0.7460682363200349,0.6785307117156962,0.6510444005375594,0.6398989898989899,0.6827898376365648,0.03771891980406532,966,0.7665383034970077,0.8397253591505931,0.8311181762067641,0.7334715164645011,0.647182383131413,0.7636071476900558,0.07046019420012628,True
0.7694643497467041,0.15766779888500482,0.005995702743530273,0.00022760948544194712,tanh,0.1,"(64, 32, 16)",0.0005,"{'clf__activation': 'tanh', 'clf__alpha': 0.1, 'clf__early_stopping': True, 'clf__hidden_layer_sizes': (64, 32, 16), 'clf__learning_rate_init': 0.0005}",0.7779235866350325,0.7636472757300398,0.7042382416397923,0.7596821651491779,0.8330778487591312,0.7677138235826347,0.0411992448971372,624,0.937025267194177,0.8469594349757017,0.8533122112113856,0.8835685983364406,0.9054247731979498,0.8852580569831309,0.033396755160292536,True
0.5951943397521973,0.06980251018767007,0.005877637863159179,0.000379369245687498,tanh,0.1,"(64, 32, 16)",0.001,"{'clf__activation': 'tanh', 'clf__alpha': 0.1, 'clf__early_stopping': True, 'clf__hidden_layer_sizes': (64, 32, 16), 'clf__learning_rate_init': 0.001}",0.7866268474553275,0.7606198870359261,0.7289836448598132,0.7605797355797356,0.838415232997296,0.7750450695856197,0.03657567994367495,473,0.9400268893872575,0.9220993710143923,0.9164910472599365,0.8773673979720598,0.929395289057532,0.9170759989382355,0.021358172710317883,True
0.43342084884643556,0.10667221241826255,0.005805063247680664,9.222311707940406e-05,tanh,0.1,"(64, 32, 16)",0.005,"{'clf__activation': 'tanh', 'clf__alpha': 0.1, 'clf__early_stopping': True, 'clf__hidden_layer_sizes': (64, 32, 16), 'clf__learning_rate_init': 0.005}",0.7718559580230195,0.7698303979125897,0.7107588164793432,0.7762195029075531,0.8233925010311766,0.7704114352707364,0.03578152081130879,573,0.8689451500030697,0.9169983798305348,0.987904979568983,0.9324806169526627,0.9753057836657368,0.9363269820041975,0.04268099689952952,True
0.2868646621704102,0.05036807235215986,0.005543708801269531,0.000901564490202348,tanh,0.1,"(64, 32, 16)",0.01,"{'clf__activation': 'tanh', 'clf__alpha': 0.1, 'clf__early_stopping': True, 'clf__hidden_layer_sizes': (64, 32, 16), 'clf__learning_rate_init': 0.01}",0.7873073563104716,0.7399048864162434,0.7249741887803541,0.7571861435665034,0.80700405400074,0.7632753258148626,0.03013294819552409,719,0.8936653239638692,0.8823446521515915,0.922495792606003,0.8757731702628327,0.87894374611471,0.8906445370198014,0.017032802365021853,True
1.579355001449585,0.2970995616602724,0.007542800903320312,0.0003494885690510823,tanh,0.1,"(128, 64, 32)",0.0001,"{'clf__activation': 'tanh', 'clf__alpha': 0.1, 'clf__early_stopping': True, 'clf__hidden_layer_sizes': (128, 64, 32), 'clf__learning_rate_init': 0.0001}",0.799472415336018,0.7103750291151429,0.7409255461200308,0.7270706286960533,0.7149876603047585,0.7385662559144007,0.0322427399278637,890,0.8299822394582622,0.8348099835474351,0.8786101811290287,0.8274912140375219,0.7685142982142147,0.8278815832772926,0.03507259058182395,True
0.8005148410797119,0.18882726459357774,0.007586812973022461,0.00020877777931047116,tanh,0.1,"(128, 64, 32)",0.0005,"{'clf__activation': 'tanh', 'clf__alpha': 0.1, 'clf__early_stopping': True, 'clf__hidden_layer_sizes': (128, 64, 32), 'clf__learning_rate_init': 0.0005}",0.7776306945481702,0.7569586955100974,0.7599408016677992,0.7677438895961439,0.7439304009203971,0.7612408964485216,0.011230272911825344,757,0.9295575082114619,0.8998515112310864,0.9153151828891557,0.8904520468199243,0.8123398331948731,0.8895032164693003,0.04082347143321636,True
0.6820821762084961,0.11750803019844169,0.0072704792022705075,0.00013581663303919596,tanh,0.1,"(128, 64, 32)",0.001,"{'clf__activation': 'tanh', 'clf__alpha': 0.1, 'clf__early_stopping': True, 'clf__hidden_layer_sizes': (128, 64, 32), 'clf__learning_rate_init': 0.001}",0.7778674996653976,0.7612828679885046,0.7468761886896667,0.7567648543192022,0.8079682166638689,0.770151925465328,0.021397363118375704,575,0.9021597157581378,0.9596104581833398,0.9352753060960433,0.8583920710169786,0.9036462228229606,0.9118167547754918,0.034201621438649556,True
0.6381804466247558,0.195168817714283,0.008023977279663086,0.0012083486008828727,tanh,0.1,"(128, 64, 32)",0.005,"{'clf__activation': 'tanh', 'clf__alpha': 0.1, 'clf__early_stopping': True, 'clf__hidden_layer_sizes': (128, 64, 32), 'clf__learning_rate_init': 0.005}",0.7929900125930902,0.7715085025698756,0.731907696264132,0.7826585701584077,0.8284230528227099,0.7814975668816431,0.03128693702339874,359,0.9258302153158923,0.9589857245948776,0.9263469204613186,0.9691199624010403,0.9804696491024381,0.9521504943751135,0.022339378944770297,True
0.5061688423156738,0.11642055186903258,0.007181501388549805,0.00019833133497656517,tanh,0.1,"(128, 64, 32)",0.01,"{'clf__activation': 'tanh', 'clf__alpha': 0.1, 'clf__early_stopping': True, 'clf__hidden_layer_sizes': (128, 64, 32), 'clf__learning_rate_init': 0.01}",0.7783991875015365,0.7518770316103607,0.7433728596229919,0.7484061567017398,0.768193895150302,0.7580498261173861,0.013141656992853811,813,0.9399556802566215,0.977508604976598,0.9356848790801395,0.8725032148232008,0.8001053130828595,0.9051515384438839,0.06241759487963368,True
8.267072677612305,0.12358055605025055,0.006017160415649414,0.0005420616023293594,tanh,0.1,"(32,)",0.0001,"{'clf__activation': 'tanh', 'clf__alpha': 0.1, 'clf__early_stopping': False, 'clf__hidden_layer_sizes': (32,), 'clf__learning_rate_init': 0.0001}",0.799064391481453,0.7758519342908167,0.7462282345841451,0.7905814899353802,0.8210479396367913,0.7865547979857173,0.02491290430881047,273,0.9980511134255214,0.9975489023865322,0.996730375944011,0.9951644949854391,0.9939123122816436,0.9962814398046295,0.0015362344044795137,False
3.7937414169311525,0.07992431331944119,0.005079984664916992,0.00023095429441343125,tanh,0.1,"(32,)",0.0005,"{'clf__activation': 'tanh', 'clf__alpha': 0.1, 'clf__early_stopping': False, 'clf__hidden_layer_sizes': (32,), 'clf__learning_rate_init': 0.0005}",0.7843098568639048,0.7724326690634105,0.7583083150125517,0.777000244864748,0.8127681888049186,0.7809638549219067,0.018024850668783638,365,1.0,1.0,1.0,1.0,1.0,1.0,0.0,False
2.680347728729248,0.25159672775369096,0.004870128631591797,0.0001460479434993155,tanh,0.1,"(32,)",0.001,"{'clf__activation': 'tanh', 'clf__alpha': 0.1, 'clf__early_stopping': False, 'clf__hidden_layer_sizes': (32,), 'clf__learning_rate_init': 0.001}",0.7950619230926042,0.7786600169963589,0.7417434369639369,0.7729394770479642,0.8085005360948758,0.779381078039148,0.022593972280735685,400,1.0,1.0,1.0,1.0,1.0,1.0,0.0,False
1.241310453414917,0.11955560101563462,0.004907751083374023,8.022062104672825e-05,tanh,0.1,"(32,)",0.005,"{'clf__activation': 'tanh', 'clf__alpha': 0.1, 'clf__early_stopping': False, 'clf__hidden_layer_sizes': (32,), 'clf__learning_rate_init': 0.005}",0.7951020074267738,0.7378914618002117,0.6872752640806904,0.7619315905125911,0.7967862384529052,0.7557973124546343,0.04069022258394904,836,1.0,0.995446477008409,0.9356913274719802,1.0,0.9616825991082782,0.9785640807177336,0.025795619657874965,False
0.6589491844177247,0.0889936624247065,0.004946565628051758,4.775271192375525e-05,tanh,0.1,"(32,)",0.01,"{'clf__activation': 'tanh', 'clf__alpha': 0.1, 'clf__early_stopping': False, 'clf__hidden_layer_sizes': (32,), 'clf__learning_rate_init': 0.01}",0.755974853487903,0.7532368464138428,0.7182349598165241,0.7444908331542607,0.8201829417628406,0.7584240869270742,0.03363439863536288,812,1.0,0.983094522689166,0.9923387934392491,0.9885517235955235,1.0,0.9927970079447878,0.006574751842764165,False
12.568519592285156,0.2475677786244658,0.005838584899902344,0.00016516075324545676,tanh,0.1,"(64,)",0.0001,"{'clf__activation': 'tanh', 'clf__alpha': 0.1, 'clf__early_stopping': False, 'clf__hidden_layer_sizes': (64,), 'clf__learning_rate_init': 0.0001}",0.7981929216572428,0.7712351752755251,0.73499312066754,0.7949107731173769,0.8239994758928498,0.7846662933221069,0.029942736364893648,311,1.0,1.0,1.0,1.0,1.0,1.0,0.0,False
5.517022800445557,0.2795765707444501,0.006103658676147461,0.00019301368052314924,tanh,0.1,"(64,)",0.0005,"{'clf__activation': 'tanh', 'clf__alpha': 0.1, 'clf__early_stopping': False, 'clf__hidden_layer_sizes': (64,), 'clf__learning_rate_init': 0.0005}",0.7990147433457293,0.7894568457919906,0.7415505927313413,0.7862504624491307,0.8323820061426725,0.7897309300921729,0.029116446081944247,225,1.0,1.0,1.0,1.0,1.0,1.0,0.0,False
4.738323068618774,0.36461995367309197,0.005675983428955078,0.00013817572560757596,tanh,0.1,"(64,)",0.001,"{'clf__activation': 'tanh', 'clf__alpha': 0.1, 'clf__early_stopping': False, 'clf__hidden_layer_sizes': (64,), 'clf__learning_rate_init': 0.001}",0.7899653104220772,0.8000021582149537,0.7498216676169465,0.788819018404908,0.8085404942907242,0.787429729789922,0.020131845254298758,259,1.0,1.0,1.0,1.0,1.0,1.0,0.0,False
1.474089765548706,0.06946047465242736,0.005470371246337891,9.911351398087685e-05,tanh,0.1,"(64,)",0.005,"{'clf__activation': 'tanh', 'clf__alpha': 0.1, 'clf__early_stopping': False, 'clf__hidden_layer_sizes': (64,), 'clf__learning_rate_init': 0.005}",0.7389033891918251,0.7209352451408062,0.7466062891734468,0.721375175244129,0.814335528725643,0.7484311254951701,0.034425415123946514,869,0.9669529717294828,0.9879967304169431,0.9488405611594737,0.9382348346260735,1.0,0.9684050195863947,0.02313955253526484,False
0.7846482753753662,0.12328019646738712,0.005493593215942383,0.00016644973471012918,tanh,0.1,"(64,)",0.01,"{'clf__activation': 'tanh', 'clf__alpha': 0.1, 'clf__early_stopping': False, 'clf__hidden_layer_sizes': (64,), 'clf__learning_rate_init': 0.01}",0.7621756417188842,0.7305944187603834,0.6841736880556756,0.7177891193370676,0.7758855207390616,0.7341236777222144,0.032573729139842175,906,0.9731170383831061,0.9701316937169597,0.9770895475485827,0.9709542989231957,0.988226263042406,0.9759037683228501,0.0066155862149443285,False
18.257637643814085,0.504631098875234,0.0072937488555908205,0.00034492527296820543,tanh,0.1,"(128,)",0.0001,"{'clf__activation': 'tanh', 'clf__alpha': 0.1, 'clf__early_stopping': False, 'clf__hidden_layer_sizes': (128,), 'clf__learning_rate_init': 0.0001}",0.7704488392532746,0.7737330969641726,0.7572295792804407,0.7762793881774763,0.8062587553353627,0.7767899318021454,0.016129682575537218,448,1.0,1.0,1.0,1.0,1.0,1.0,0.0,False
11.64740605354309,0.8752540195385098,0.006692075729370117,0.0002452895299787218,tanh,0.1,"(128,)",0.0005,"{'clf__activation': 'tanh', 'clf__alpha': 0.1, 'clf__early_stopping': False, 'clf__hidden_layer_sizes': (128,), 'clf__learning_rate_init': 0.0005}",0.7874457632601666,0.7916335247019084,0.7738220047574279,0.7668672876363347,0.8146528265595611,0.7868842813830798,0.01652432016465609,267,1.0,1.0,1.0,1.0,1.0,1.0,0.0,False
9.122053575515746,0.18907926065735817,0.006953144073486328,0.0002891850329085837,tanh,0.1,"(128,)",0.001,"{'clf__activation': 'tanh', 'clf__alpha': 0.1, 'clf__early_stopping': False, 'clf__hidden_layer_sizes': (128,), 'clf__learning_rate_init': 0.001}",0.7771185861692744,0.7989040354497176,0.7562088450013758,0.7740064102564103,0.8385006219902161,0.7889476997733987,0.028247560578566266,239,1.0,1.0,1.0,1.0,1.0,1.0,0.0,False
2.423781728744507,0.24213359841813148,0.007117462158203125,0.0004074391287874306,tanh,0.1,"(128,)",0.005,"{'clf__activation': 'tanh', 'clf__alpha': 0.1, 'clf__early_stopping': False, 'clf__hidden_layer_sizes': (128,), 'clf__learning_rate_init': 0.005}",0.7864059665480352,0.7557599807599807,0.7766684534977218,0.7547321448078478,0.7545616086302058,0.7656256308487583,0.013357978599185099,659,0.9978630254814917,0.9899077847480949,0.9987817732085446,0.9705861642615601,0.9659210986791005,0.9846119692757582,0.01378761288646782,False
1.3410643100738526,0.18736224541680666,0.006981086730957031,0.00021734305670825593,tanh,0.1,"(128,)",0.01,"{'clf__activation': 'tanh', 'clf__alpha': 0.1, 'clf__early_stopping': False, 'clf__hidden_layer_sizes': (128,), 'clf__learning_rate_init': 0.01}",0.7529796603312006,0.7606713773042373,0.755510024184723,0.7581376979907325,0.8192517678498987,0.7693101055321584,0.025102771306706823,592,0.9536657329027466,0.9872534843297742,0.997858930614431,0.9992907146491985,0.9908027195342097,0.9857743164060719,0.016656319115502444,False
34.861020994186404,0.5940282297575804,0.004880046844482422,0.00014213143973210184,tanh,0.1,"(256,)",0.0001,"{'clf__activation': 'tanh', 'clf__alpha': 0.1, 'clf__early_stopping': False, 'clf__hidden_layer_sizes': (256,), 'clf__learning_rate_init': 0.0001}",0.7835920783652206,0.7827560223997673,0.7359459578766985,0.7601686480239658,0.8183811203761108,0.7761687654083527,0.027401673101813375,458,1.0,1.0,1.0,1.0,1.0,1.0,0.0,False
21.981751251220704,1.2146229949994718,0.009151840209960937,0.0004467776537836151,tanh,0.1,"(256,)",0.0005,"{'clf__activation': 'tanh', 'clf__alpha': 0.1, 'clf__early_stopping': False, 'clf__hidden_layer_sizes': (256,), 'clf__learning_rate_init': 0.0005}",0.799904808198647,0.790967624501516,0.7447446171280557,0.7712631508064772,0.8169572223717231,0.7847674846012838,0.024851384147465575,309,1.0,1.0,1.0,1.0,1.0,1.0,0.0,False
14.30192141532898,1.2914418685684654,0.008827543258666993,0.00010093895934557104,tanh,0.1,"(256,)",0.001,"{'clf__activation': 'tanh', 'clf__alpha': 0.1, 'clf__early_stopping': False, 'clf__hidden_layer_sizes': (256,), 'clf__learning_rate_init': 0.001}",0.7864186588870132,0.7665180484619922,0.749655148717874,0.7720316140814913,0.8143622058716399,0.7777971352040021,0.021742886185966134,430,1.0,0.9622048513141453,1.0,1.0,1.0,0.9924409702628291,0.015118059474341862,False
3.1178557872772217,0.4773573165447387,0.009035634994506835,0.0004927155471523293,tanh,0.1,"(256,)",0.005,"{'clf__activation': 'tanh', 'clf__alpha': 0.1, 'clf__early_stopping': False, 'clf__hidden_layer_sizes': (256,), 'clf__learning_rate_init': 0.005}",0.7955651798199344,0.7608178820551156,0.6872283813747229,0.7518720862470862,0.8142562991359306,0.7619479657265579,0.04370834142258498,748,0.9960543137789806,1.0,0.9866007164664998,0.9812756470408099,0.9927989455934121,0.9913459245759405,0.006679830986578715,False
1.7335051536560058,0.14621123463404323,0.009193754196166993,0.0003403259188114765,tanh,0.1,"(256,)",0.01,"{'clf__activation': 'tanh', 'clf__alpha': 0.1, 'clf__early_stopping': False, 'clf__hidden_layer_sizes': (256,), 'clf__learning_rate_init': 0.01}",0.7439432528664228,0.750506808691464,0.7474920590245668,0.7664587664587665,0.7811130665177168,0.7579027907117875,0.013927485093401604,814,0.9908145701914718,0.9829754686378254,0.9873994393348158,0.9927927746781094,0.993681525367941,0.9895327556420327,0.0039251016347486714,False
9.634296751022339,0.492284500399523,0.0056632041931152345,0.00038844017723535236,tanh,0.1,"(32, 16)",0.0001,"{'clf__activation': 'tanh', 'clf__alpha': 0.1, 'clf__early_stopping': False, 'clf__hidden_layer_sizes': (32, 16), 'clf__learning_rate_init': 0.0001}",0.7438742962729257,0.7590875632105116,0.7218443838012895,0.7453794268806574,0.797755514352236,0.753588236903524,0.025101427853430096,858,1.0,1.0,1.0,1.0,1.0,1.0,0.0,False
3.4498219966888426,0.13568060118386965,0.005390596389770508,0.0002538328930937413,tanh,0.1,"(32, 16)",0.0005,"{'clf__activation': 'tanh', 'clf__alpha': 0.1, 'clf__early_stopping': False, 'clf__hidden_layer_sizes': (32, 16), 'clf__learning_rate_init': 0.0005}",0.7582454128691254,0.7640963433606414,0.7516462207375811,0.7555350972837929,0.822180412195272,0.7703406972892826,0.026234836183172835,574,1.0,1.0,1.0,1.0,1.0,1.0,0.0,False
2.6465195178985597,0.11350000824594193,0.005419015884399414,0.00029055687910502307,tanh,0.1,"(32, 16)",0.001,"{'clf__activation': 'tanh', 'clf__alpha': 0.1, 'clf__early_stopping': False, 'clf__hidden_layer_sizes': (32, 16), 'clf__learning_rate_init': 0.001}",0.7541754286255564,0.7722483927300637,0.7646570014144272,0.7483878504052608,0.8231898552145634,0.7725317056779744,0.026639136632372558,524,1.0,1.0,1.0,1.0,1.0,1.0,0.0,False
1.1235726356506348,0.19143102984143753,0.005205678939819336,0.00019023886801651044,tanh,0.1,"(32, 16)",0.005,"{'clf__activation': 'tanh', 'clf__alpha': 0.1, 'clf__early_stopping': False, 'clf__hidden_layer_sizes': (32, 16), 'clf__learning_rate_init': 0.005}",0.7288771553121911,0.7536425335167509,0.7519541473481895,0.7623641187579555,0.810515873015873,0.761470765590192,0.02690877668491385,756,0.9114730941432085,0.976184268596139,0.9807013992122403,0.9769100476552555,1.0,0.9690537619213686,0.03007136763909916,False
0.5926499843597413,0.20269410829974724,0.005382251739501953,0.00038707091178694504,tanh,0.1,"(32, 16)",0.01,"{'clf__activation': 'tanh', 'clf__alpha': 0.1, 'clf__early_stopping': False, 'clf__hidden_layer_sizes': (32, 16), 'clf__learning_rate_init': 0.01}",0.7134503320233094,0.7382078539912568,0.7058598203576475,0.7801274886553987,0.8017531577703131,0.747879730559585,0.03738145421178074,875,0.9579330988629038,0.9718154186316452,0.9956236151316197,0.9484434227924775,0.9819009126024371,0.9711432936042167,0.016764591498879163,False
11.404949426651001,0.4051172243131637,0.0071446895599365234,0.0004003788406430376,tanh,0.1,"(64, 32)",0.0001,"{'clf__activation': 'tanh', 'clf__alpha': 0.1, 'clf__early_stopping': False, 'clf__hidden_layer_sizes': (64, 32), 'clf__learning_rate_init': 0.0001}",0.737584032316426,0.7486311389759666,0.7476506616906416,0.7476156746088531,0.7934131628637733,0.7549789340911321,0.019636640336384802,845,1.0,1.0,1.0,1.0,1.0,1.0,0.0,False
5.795714569091797,0.3991724285646569,0.006255626678466797,0.000277862917715495,tanh,0.1,"(64, 32)",0.0005,"{'clf__activation': 'tanh', 'clf__alpha': 0.1, 'clf__early_stopping': False, 'clf__hidden_layer_sizes': (64, 32), 'clf__learning_rate_init': 0.0005}",0.7524925943932916,0.7662812763904541,0.757252181696129,0.7548036771142002,0.8292167333350803,0.7720092925858311,0.028983472809587955,539,1.0,1.0,1.0,1.0,1.0,1.0,0.0,False
5.976421546936035,0.2751172774449896,0.006194686889648438,0.00024430409189217295,tanh,0.1,"(64, 32)",0.001,"{'clf__activation': 'tanh', 'clf__alpha': 0.1, 'clf__early_stopping': False, 'clf__hidden_layer_sizes': (64, 32), 'clf__learning_rate_init': 0.001}",0.7633512386133982,0.7846230158730159,0.7594633394425961,0.7719368756282636,0.8397536687631026,0.7838256276640753,0.02926651919338607,331,1.0,1.0,1.0,1.0,1.0,1.0,0.0,False
1.4491000175476074,0.1457500800757688,0.006128740310668945,0.0002177487938448851,tanh,0.1,"(64, 32)",0.005,"{'clf__activation': 'tanh', 'clf__alpha': 0.1, 'clf__early_stopping': False, 'clf__hidden_layer_sizes': (64, 32), 'clf__learning_rate_init': 0.005}",0.7981938876675719,0.7519400951931873,0.7528840495805018,0.7626464768560276,0.8131500611855773,0.7757629140965732,0.025155346989183498,463,0.957816607037452,1.0,0.996137163582552,0.998896740281495,0.9967596859823324,0.9899220393767664,0.01611366198195203,False
0.7292635917663575,0.12609566535192276,0.006210994720458984,0.0001537901039637612,tanh,0.1,"(64, 32)",0.01,"{'clf__activation': 'tanh', 'clf__alpha': 0.1, 'clf__early_stopping': False, 'clf__hidden_layer_sizes': (64, 32), 'clf__learning_rate_init': 0.01}",0.7826142271234048,0.7307057452605398,0.7157821342253009,0.7616614581311203,0.7966776717600811,0.7574882473000895,0.030467175200641114,816,0.9946958956927059,0.9918813718570599,0.9804171629068401,0.9884427929911199,0.9852204088939063,0.9881315264683265,0.005004701415518889,False
16.155582332611083,0.7350420334019057,0.008062601089477539,0.00022578201676591914,tanh,0.1,"(128, 64)",0.0001,"{'clf__activation': 'tanh', 'clf__alpha': 0.1, 'clf__early_stopping': False, 'clf__hidden_layer_sizes': (128, 64), 'clf__learning_rate_init': 0.0001}",0.7687019794242229,0.7378619528619529,0.743410411076216,0.7524012076902691,0.8291783489650789,0.766310780003548,0.03312185962919621,651,1.0,1.0,1.0,1.0,1.0,1.0,0.0,False
16.739093589782716,1.0522378917967252,0.007831144332885741,0.000382286104209159,tanh,0.1,"(128, 64)",0.0005,"{'clf__activation': 'tanh', 'clf__alpha': 0.1, 'clf__early_stopping': False, 'clf__hidden_layer_sizes': (128, 64), 'clf__learning_rate_init': 0.0005}",0.7856503555868166,0.7805038776863501,0.7377108174246279,0.7688247709907806,0.8374880086014052,0.782035566057996,0.03234066976534294,350,1.0,1.0,1.0,1.0,1.0,1.0,0.0,False
10.165922832489013,1.1537674690551027,0.00844278335571289,0.0002417681294310292,tanh,0.1,"(128, 64)",0.001,"{'clf__activation': 'tanh', 'clf__alpha': 0.1, 'clf__early_stopping': False, 'clf__hidden_layer_sizes': (128, 64), 'clf__learning_rate_init': 0.001}",0.7759738592601237,0.7640137165977502,0.7558309481374152,0.7624816896610458,0.8263343532211458,0.7769269133754961,0.025543916351084228,446,0.9891639855418958,0.9957321976094542,1.0,1.0,1.0,0.99697923663027,0.004242836077471752,False
1.957179880142212,0.309398109660214,0.008171987533569337,0.00010026451195108275,tanh,0.1,"(128, 64)",0.005,"{'clf__activation': 'tanh', 'clf__alpha': 0.1, 'clf__early_stopping': False, 'clf__hidden_layer_sizes': (128, 64), 'clf__learning_rate_init': 0.005}",0.7606990087321841,0.7455220075355501,0.765497965166565,0.7694917414550353,0.7702957312352505,0.762301290824917,0.009054767144378842,739,1.0,0.9898383221161098,1.0,0.9911827001206011,0.9953425750334064,0.9952727194540234,0.0042652121892538895,False
0.929236888885498,0.06273897730678102,0.007748937606811524,0.00035607185731764695,tanh,0.1,"(128, 64)",0.01,"{'clf__activation': 'tanh', 'clf__alpha': 0.1, 'clf__early_stopping': False, 'clf__hidden_layer_sizes': (128, 64), 'clf__learning_rate_init': 0.01}",0.7688105387274685,0.7537201352054959,0.772229704698745,0.755785724300762,0.822936355432873,0.7746964916730688,0.02516123442473831,487,0.984948122606773,0.977333359052029,1.0,1.0,0.989444785992805,0.9903452535303214,0.008782682058389705,False
33.9095682144165,0.4431389468223097,0.004172182083129883,2.7036961212439785e-05,tanh,0.1,"(256, 128)",0.0001,"{'clf__activation': 'tanh', 'clf__alpha': 0.1, 'clf__early_stopping': False, 'clf__hidden_layer_sizes': (256, 128), 'clf__learning_rate_init': 0.0001}",0.7816356788178336,0.7903259645258536,0.7450119605014431,0.7727364430249406,0.8338716623600344,0.784716341846021,0.028903839744427402,310,1.0,1.0,1.0,1.0,1.0,1.0,0.0,False
21.757814168930054,0.9149920993508714,0.004971647262573242,0.0003896041939260452,tanh,0.1,"(256, 128)",0.0005,"{'clf__activation': 'tanh', 'clf__alpha': 0.1, 'clf__early_stopping': False, 'clf__hidden_layer_sizes': (256, 128), 'clf__learning_rate_init': 0.0005}",0.7629124353680764,0.7525840759488036,0.7400916361977473,0.7223704233594499,0.8361741934448275,0.762826552863781,0.03908546261270927,730,0.9645051410709353,0.9784758276819374,1.0,0.9615238415566796,1.0,0.9809009620619105,0.016611583441228196,False
15.087563180923462,2.1919455118446662,0.01333475112915039,0.005557686254674984,tanh,0.1,"(256, 128)",0.001,"{'clf__activation': 'tanh', 'clf__alpha': 0.1, 'clf__early_stopping': False, 'clf__hidden_layer_sizes': (256, 128), 'clf__learning_rate_init': 0.001}",0.750693067572463,0.736213863535845,0.7436749753264935,0.7650040035766968,0.8343236888251235,0.7659819197673244,0.03546558800174783,653,0.9960822417444506,0.9562000528506864,0.9746247246702756,0.9987869761763173,0.9802249112852075,0.9811837813453874,0.015491700592734818,False
3.707905340194702,0.5100870684700295,0.011397266387939453,0.000256521311265827,tanh,0.1,"(256, 128)",0.005,"{'clf__activation': 'tanh', 'clf__alpha': 0.1, 'clf__early_stopping': False, 'clf__hidden_layer_sizes': (256, 128), 'clf__learning_rate_init': 0.005}",0.801844296669063,0.7937193703203554,0.765729587496683,0.7968785262920334,0.823245009795093,0.7962833581146456,0.018429953100794896,113,1.0,0.9955068955065252,1.0,0.9829826108035448,0.992998293625063,0.9942975599870266,0.006264412258240152,False
1.96522798538208,0.15108280309558103,0.010980796813964844,0.00018132753519031154,tanh,0.1,"(256, 128)",0.01,"{'clf__activation': 'tanh', 'clf__alpha': 0.1, 'clf__early_stopping': False, 'clf__hidden_layer_sizes': (256, 128), 'clf__learning_rate_init': 0.01}",0.765580997949419,0.7718399101440871,0.7125085966869882,0.7855879699793055,0.7907995143462465,0.7652633978212092,0.027898393887374796,664,0.996417817960456,0.9875278053937548,0.9760312561969999,0.9985757940845588,0.9914043518015042,0.9899914050874548,0.007974233703360912,False
10.755245685577393,0.4575799990057005,0.004652214050292969,0.0008847530353329827,tanh,0.1,"(64, 32, 16)",0.0001,"{'clf__activation': 'tanh', 'clf__alpha': 0.1, 'clf__early_stopping': False, 'clf__hidden_layer_sizes': (64, 32, 16), 'clf__learning_rate_init': 0.0001}",0.7432111274136676,0.7536776520741105,0.7204415954415954,0.7564814184624149,0.8232523225441177,0.7594128231871812,0.034345941645081424,793,1.0,1.0,1.0,1.0,1.0,1.0,0.0,False
6.645336771011353,0.46662748090051076,0.006947135925292969,0.000311007129435372,tanh,0.1,"(64, 32, 16)",0.0005,"{'clf__activation': 'tanh', 'clf__alpha': 0.1, 'clf__early_stopping': False, 'clf__hidden_layer_sizes': (64, 32, 16), 'clf__learning_rate_init': 0.0005}",0.7689689050177707,0.7671999418773613,0.7529083752390506,0.7837067227142765,0.82922750296262,0.7804022895622158,0.026289771141620608,376,1.0,1.0,1.0,1.0,1.0,1.0,0.0,False
6.389778423309326,0.13182071622639502,0.006421422958374024,0.00032965307103882967,tanh,0.1,"(64, 32, 16)",0.001,"{'clf__activation': 'tanh', 'clf__alpha': 0.1, 'clf__early_stopping': False, 'clf__hidden_layer_sizes': (64, 32, 16), 'clf__learning_rate_init': 0.001}",0.7855478784657631,0.7764808229281914,0.7564962393408068,0.7386716748092617,0.8020929629242554,0.7718579156936557,0.022182209616916467,543,1.0,1.0,1.0,1.0,1.0,1.0,0.0,False
1.0853443145751953,0.47370852922792656,0.0062691688537597655,9.949997718086973e-05,tanh,0.1,"(64, 32, 16)",0.005,"{'clf__activation': 'tanh', 'clf__alpha': 0.1, 'clf__early_stopping': False, 'clf__hidden_layer_sizes': (64, 32, 16), 'clf__learning_rate_init': 0.005}",0.739993789099431,0.798549556809025,0.7543576265347087,0.7268721262089741,0.7892471722445884,0.7618040541793454,0.027765925995366342,749,1.0,0.9943600081915398,0.9931883037003849,0.9909774371308753,0.9938806791454384,0.9944812856336476,0.0029926710891493287,False
0.9944118976593017,0.43500163421592153,0.006687736511230469,0.0003278056433444694,tanh,0.1,"(64, 32, 16)",0.01,"{'clf__activation': 'tanh', 'clf__alpha': 0.1, 'clf__early_stopping': False, 'clf__hidden_layer_sizes': (64, 32, 16), 'clf__learning_rate_init': 0.01}",0.7563967906098358,0.7275257767837523,0.7302111153952996,0.7409718086162399,0.8223720603766167,0.7554955103563488,0.03494518503488778,837,0.9974709062361218,0.9771961649737614,0.9840733480162982,0.9906452383430695,0.9589554495192748,0.9816682214177052,0.013205798805461934,False
10.642674350738526,0.5714524068667666,0.0035472869873046874,0.00012508535718779511,tanh,0.1,"(128, 64, 32)",0.0001,"{'clf__activation': 'tanh', 'clf__alpha': 0.1, 'clf__early_stopping': False, 'clf__hidden_layer_sizes': (128, 64, 32), 'clf__learning_rate_init': 0.0001}",0.7556397620087898,0.7488836451481231,0.7478641467517334,0.7479763473241734,0.8251688590861721,0.7651065520637983,0.03016961386215327,670,1.0,1.0,1.0,1.0,1.0,1.0,0.0,False
10.66452398300171,0.7245386366779535,0.003301095962524414,0.00013877152526166626,tanh,0.1,"(128, 64, 32)",0.0005,"{'clf__activation': 'tanh', 'clf__alpha': 0.1, 'clf__early_stopping': False, 'clf__hidden_layer_sizes': (128, 64, 32), 'clf__learning_rate_init': 0.0005}",0.7853193671994574,0.7831768113458254,0.7222625472602806,0.7677715316895989,0.829489607876784,0.7776039730743893,0.03447333243675763,437,1.0,1.0,0.9336539986050235,1.0,1.0,0.9867307997210049,0.02653840055799059,False
6.852948760986328,0.5582548683163444,0.004351758956909179,0.00024065889649755985,tanh,0.1,"(128, 64, 32)",0.001,"{'clf__activation': 'tanh', 'clf__alpha': 0.1, 'clf__early_stopping': False, 'clf__hidden_layer_sizes': (128, 64, 32), 'clf__learning_rate_init': 0.001}",0.766845006850519,0.7665652699435939,0.7525886432061948,0.7384507081722032,0.8001269200857862,0.7649153096516594,0.020487193300855723,680,0.997658512749538,0.9969480904385041,0.9421635695652686,0.9982594450914197,0.9382180921289731,0.9746495419947406,0.0281661302494287,False
2.457021379470825,0.34411661908670355,0.007222318649291992,0.0011449270924226587,tanh,0.1,"(128, 64, 32)",0.005,"{'clf__activation': 'tanh', 'clf__alpha': 0.1, 'clf__early_stopping': False, 'clf__hidden_layer_sizes': (128, 64, 32), 'clf__learning_rate_init': 0.005}",0.7866387482145176,0.7557073067119796,0.7397453576025005,0.7786009086723006,0.7955130455130456,0.7712410733428687,0.020560458245380647,557,0.9896040328941453,0.9969676936715871,0.9962183354517108,0.9632823202501275,0.9951661172745943,0.9882476999084329,0.01274789113302335,False
1.542738676071167,0.5342532821108262,0.007286500930786133,0.001214900768311598,tanh,0.1,"(128, 64, 32)",0.01,"{'clf__activation': 'tanh', 'clf__alpha': 0.1, 'clf__early_stopping': False, 'clf__hidden_layer_sizes': (128, 64, 32), 'clf__learning_rate_init': 0.01}",0.7841253280856472,0.7690251220630865,0.6734660958469564,0.7356350892098555,0.8248103413380169,0.7574123953087124,0.050817618172110265,821,0.957969928888857,0.9575737785191654,0.979910825770328,0.9572913065791754,0.9912129729438215,0.9687917625402693,0.014153162045734111,False
