mean_fit_time,std_fit_time,mean_score_time,std_score_time,param_clf__C,param_clf__gamma,param_clf__kernel,params,split0_test_score,split1_test_score,split2_test_score,split3_test_score,split4_test_score,mean_test_score,std_test_score,rank_test_score,split0_train_score,split1_train_score,split2_train_score,split3_train_score,split4_train_score,mean_train_score,std_train_score,param_clf__class_weight
0.3008828163146972,0.0053806502211877,0.1043957233428955,0.0052622388583292,0.01,scale,rbf,"{'clf__C': 0.01, 'clf__gamma': 'scale', 'clf__kernel': 'rbf'}",0.1390374331550802,0.14,0.1390374331550802,0.1394101876675603,0.1394101876675603,0.1393790483290562,0.0003523981125472,16,0.1394648829431438,0.1392235609103079,0.1394648829431438,0.1393716577540107,0.1393716577540107,0.1393793284609234,8.834064542422246e-05,
0.2661411762237549,0.0166764028159525,0.1021299839019775,0.0049291538111822,0.01,0.001,rbf,"{'clf__C': 0.01, 'clf__gamma': 0.001, 'clf__kernel': 'rbf'}",0.1390374331550802,0.14,0.1390374331550802,0.1394101876675603,0.1394101876675603,0.1393790483290562,0.0003523981125472,16,0.1394648829431438,0.1392235609103079,0.1394648829431438,0.1393716577540107,0.1393716577540107,0.1393793284609234,8.834064542422246e-05,
0.2887345314025878,0.0221283974392092,0.1000862121582031,0.007798557368122,0.01,0.01,rbf,"{'clf__C': 0.01, 'clf__gamma': 0.01, 'clf__kernel': 'rbf'}",0.1390374331550802,0.14,0.1390374331550802,0.1394101876675603,0.1394101876675603,0.1393790483290562,0.0003523981125472,16,0.1394648829431438,0.1392235609103079,0.1394648829431438,0.1393716577540107,0.1393716577540107,0.1393793284609234,8.834064542422246e-05,
0.3568851947784424,0.0118937667874767,0.1069716930389404,0.0065431403505367,0.01,0.1,rbf,"{'clf__C': 0.01, 'clf__gamma': 0.1, 'clf__kernel': 'rbf'}",0.1390374331550802,0.14,0.1390374331550802,0.1394101876675603,0.1394101876675603,0.1393790483290562,0.0003523981125472,16,0.1394648829431438,0.1392235609103079,0.1394648829431438,0.1393716577540107,0.1393716577540107,0.1393793284609234,8.834064542422246e-05,
0.262687349319458,0.0099162313593261,0.0916764259338378,0.0032295179985184,0.1,scale,rbf,"{'clf__C': 0.1, 'clf__gamma': 'scale', 'clf__kernel': 'rbf'}",0.5574300370656434,0.5409291521486643,0.5602225823605378,0.5539736720597213,0.5168810281234657,0.5458872943516064,0.0159378263932202,10,0.560566070023381,0.5649462775485513,0.5582163244195847,0.5606527541158871,0.5714809593514244,0.5631724770917657,0.0046879218532483,
0.2487981796264648,0.0065935559972671,0.1040595054626464,0.0077701670027033,0.1,0.001,rbf,"{'clf__C': 0.1, 'clf__gamma': 0.001, 'clf__kernel': 'rbf'}",0.5100811074171729,0.514774990152369,0.5444338719908826,0.5305035845427521,0.4966328454700548,0.5192852799146463,0.0165921326749479,11,0.5241763243252544,0.5387524768957428,0.5199912588880194,0.5190093242477125,0.5357443852166119,0.5275347539146681,0.0081743705876882,
0.2758091449737548,0.0161829894635649,0.0948537826538085,0.0033839093870223,0.1,0.01,rbf,"{'clf__C': 0.1, 'clf__gamma': 0.01, 'clf__kernel': 'rbf'}",0.3617471988795518,0.3410543709508134,0.3563858268570004,0.3227862254025044,0.3598872127941895,0.3483721669768119,0.0147234306340129,12,0.4095616659391999,0.3791206534337573,0.3654073965077996,0.3673702622373024,0.4072679680613027,0.3857455892358724,0.0191081281133179,
0.3645631790161133,0.0082951108490561,0.1066474437713623,0.0054753820510788,0.1,0.1,rbf,"{'clf__C': 0.1, 'clf__gamma': 0.1, 'clf__kernel': 'rbf'}",0.1390374331550802,0.14,0.1390374331550802,0.1394101876675603,0.1394101876675603,0.1393790483290562,0.0003523981125472,16,0.1394648829431438,0.1392235609103079,0.1394648829431438,0.1393716577540107,0.1393716577540107,0.1393793284609234,8.834064542422246e-05,
0.2023706436157226,0.0066424097586872,0.0761141300201416,0.0043685503726272,1.0,scale,rbf,"{'clf__C': 1, 'clf__gamma': 'scale', 'clf__kernel': 'rbf'}",0.8008097383097382,0.7981399075945953,0.7876560476780428,0.791445630763721,0.8191507636021289,0.7994404175896452,0.0109073561967965,2,0.8944101859513848,0.9027616205755896,0.911569503243464,0.91021608106843,0.9084215959602344,0.9054757973598206,0.0062943749790939,
0.166697359085083,0.009561788242568,0.0781437873840332,0.0036074526106146,1.0,0.001,rbf,"{'clf__C': 1, 'clf__gamma': 0.001, 'clf__kernel': 'rbf'}",0.8001966128960185,0.7848125782915135,0.7517970737148819,0.7867818315002163,0.7952835706663265,0.7837743334137913,0.0169400232617608,4,0.830732683841886,0.8344641285870713,0.8436226314018906,0.8330059158225711,0.8225592722597751,0.8328769263826388,0.0067684235704743,
0.2829394340515136,0.0034423006259345,0.0955302238464355,0.0010232921348812,1.0,0.01,rbf,"{'clf__C': 1, 'clf__gamma': 0.01, 'clf__kernel': 'rbf'}",0.7167541982753032,0.7004314210885085,0.6707179985515711,0.7238656196662916,0.7609655151938007,0.714546950555095,0.0295520486107792,9,0.9612539378981874,0.9585682142141974,0.9590821942618758,0.9602323335999412,0.9626736167343268,0.960362059341706,0.0014840154090186,
0.3480629920959472,0.0108183171908145,0.1007609844207763,0.0047738942765927,1.0,0.1,rbf,"{'clf__C': 1, 'clf__gamma': 0.1, 'clf__kernel': 'rbf'}",0.1590157154673283,0.14,0.1390374331550802,0.1590296495956873,0.1593924942981546,0.1512950585032501,0.0096211084137402,15,1.0,1.0,1.0,1.0,1.0,1.0,0.0,
0.2124887466430664,0.0036342859561454,0.0701729297637939,0.0021333346664601,10.0,scale,rbf,"{'clf__C': 10, 'clf__gamma': 'scale', 'clf__kernel': 'rbf'}",0.8059476384083136,0.7688372984328867,0.7778730687432996,0.7618803208234102,0.8171746606927164,0.7863425974201252,0.0215013727130524,3,0.9934909871178657,0.9888813549900768,0.9889546007218548,0.9902253238282306,0.9922623133850073,0.9907629160086068,0.0018324762407563,
0.1378079414367675,0.0041609725416397,0.0593402862548828,0.0013198296912162,10.0,0.001,rbf,"{'clf__C': 10, 'clf__gamma': 0.001, 'clf__kernel': 'rbf'}",0.8300477542183703,0.8064142658982266,0.7817186744073537,0.7812331258448302,0.8381687701353359,0.8075165181008233,0.0236844994179955,1,0.9381173597381712,0.9408043558681576,0.9419940186691772,0.9436419962045888,0.9427261155772748,0.941456769211474,0.001910622568093,
0.3154787063598633,0.0083552556990083,0.087661600112915,0.0046092946709126,10.0,0.01,rbf,"{'clf__C': 10, 'clf__gamma': 0.01, 'clf__kernel': 'rbf'}",0.7014616937027808,0.6932629040876462,0.6923829751790771,0.7273537160071207,0.7719248146431881,0.7172772207239626,0.0301145713503218,7,1.0,1.0,1.0,1.0,1.0,1.0,0.0,
0.3634572029113769,0.0059211833742506,0.0998607158660888,0.00412470820654,10.0,0.1,rbf,"{'clf__C': 10, 'clf__gamma': 0.1, 'clf__kernel': 'rbf'}",0.1863759546686376,0.1599814394720561,0.158652870764861,0.1943209522443711,0.1593924942981546,0.1717447422896161,0.0154020002288149,13,1.0,1.0,1.0,1.0,1.0,1.0,0.0,
0.2261298656463623,0.0089917903050552,0.0733868598937988,0.0022362851034615,100.0,scale,rbf,"{'clf__C': 100, 'clf__gamma': 'scale', 'clf__kernel': 'rbf'}",0.7972273456295108,0.7461554318697177,0.762769211843307,0.7461109232041216,0.8075146181971932,0.77195550614877,0.025772429547354,5,1.0,1.0,1.0,1.0,1.0,1.0,0.0,
0.1501378059387207,0.0092354616665847,0.0575680255889892,0.0045375212375219,100.0,0.001,rbf,"{'clf__C': 100, 'clf__gamma': 0.001, 'clf__kernel': 'rbf'}",0.783739486386186,0.7742075268007332,0.7094045748210233,0.7562172244831845,0.7962806894385842,0.7639699003859423,0.0302559460341037,6,1.0,0.9983696231905672,0.998367872917016,0.996444369452107,0.9961168892877884,0.9978597509694958,0.0014240572452872,
0.3068545341491699,0.0149188791128903,0.0850392818450927,0.0045619656686926,100.0,0.01,rbf,"{'clf__C': 100, 'clf__gamma': 0.01, 'clf__kernel': 'rbf'}",0.7014616937027808,0.6932629040876462,0.6923829751790771,0.7273537160071207,0.7719248146431881,0.7172772207239626,0.0301145713503218,7,1.0,1.0,1.0,1.0,1.0,1.0,0.0,
0.2743813514709473,0.0354760159913381,0.0520247459411621,0.0038301407462684,100.0,0.1,rbf,"{'clf__C': 100, 'clf__gamma': 0.1, 'clf__kernel': 'rbf'}",0.1863759546686376,0.1599814394720561,0.158652870764861,0.1943209522443711,0.1593924942981546,0.1717447422896161,0.0154020002288149,13,1.0,1.0,1.0,1.0,1.0,1.0,0.0,
0.3217350959777832,0.020627916873988884,0.11085104942321777,0.0029894976629686997,0.001,scale,rbf,"{'clf__C': 0.001, 'clf__class_weight': None, 'clf__gamma': 'scale', 'clf__kernel': 'rbf'}",0.13903743315508021,0.14,0.13903743315508021,0.13941018766756033,0.13941018766756033,0.1393790483290562,0.0003523981125472012,414,0.13946488294314383,0.1392235609103079,0.13946488294314383,0.1393716577540107,0.1393716577540107,0.1393793284609234,8.834064542422246e-05,
0.24902429580688476,0.01078378635411999,0.04246034622192383,0.0014296083428658479,0.001,scale,poly,"{'clf__C': 0.001, 'clf__class_weight': None, 'clf__gamma': 'scale', 'clf__kernel': 'poly'}",0.15228494623655914,0.15325067024128688,0.16397124887690925,0.15260545905707196,0.16455196896982446,0.15733285867633034,0.0056688229371490975,404,0.16526630766587336,0.1726600314533562,0.1682012466948819,0.17387646320904399,0.16647809765037083,0.16929642933470523,0.003396316494844541,
0.31102747917175294,0.016924815952755627,0.04999752044677734,0.0008901179963761607,0.001,scale,sigmoid,"{'clf__C': 0.001, 'clf__class_weight': None, 'clf__gamma': 'scale', 'clf__kernel': 'sigmoid'}",0.13903743315508021,0.14,0.13903743315508021,0.13941018766756033,0.13941018766756033,0.1393790483290562,0.0003523981125472012,414,0.13946488294314383,0.1392235609103079,0.13946488294314383,0.1393716577540107,0.1393716577540107,0.1393793284609234,8.834064542422246e-05,
0.31926670074462893,0.006091743789535425,0.11291017532348632,0.0070220482727997476,0.001,auto,rbf,"{'clf__C': 0.001, 'clf__class_weight': None, 'clf__gamma': 'auto', 'clf__kernel': 'rbf'}",0.13903743315508021,0.14,0.13903743315508021,0.13941018766756033,0.13941018766756033,0.1393790483290562,0.0003523981125472012,414,0.13946488294314383,0.1392235609103079,0.13946488294314383,0.1393716577540107,0.1393716577540107,0.1393793284609234,8.834064542422246e-05,
0.23167023658752442,0.03719411001438513,0.044147157669067384,0.003979200355726795,0.001,auto,poly,"{'clf__C': 0.001, 'clf__class_weight': None, 'clf__gamma': 'auto', 'clf__kernel': 'poly'}",0.15228494623655914,0.15325067024128688,0.16397124887690925,0.15260545905707196,0.16455196896982446,0.15733285867633034,0.0056688229371490975,404,0.16526630766587336,0.1726600314533562,0.1682012466948819,0.17387646320904399,0.16647809765037083,0.16929642933470523,0.003396316494844541,
0.2864710330963135,0.008667316093602469,0.05421137809753418,0.003905050962260165,0.001,auto,sigmoid,"{'clf__C': 0.001, 'clf__class_weight': None, 'clf__gamma': 'auto', 'clf__kernel': 'sigmoid'}",0.13903743315508021,0.14,0.13903743315508021,0.13941018766756033,0.13941018766756033,0.1393790483290562,0.0003523981125472012,414,0.13946488294314383,0.1392235609103079,0.13946488294314383,0.1393716577540107,0.1393716577540107,0.1393793284609234,8.834064542422246e-05,
0.25517258644104,0.005555882216945134,0.1054807186126709,0.005951237505024307,0.001,0.0001,rbf,"{'clf__C': 0.001, 'clf__class_weight': None, 'clf__gamma': 0.0001, 'clf__kernel': 'rbf'}",0.13903743315508021,0.14,0.13903743315508021,0.13941018766756033,0.13941018766756033,0.1393790483290562,0.0003523981125472012,414,0.13946488294314383,0.1392235609103079,0.13946488294314383,0.1393716577540107,0.1393716577540107,0.1393793284609234,8.834064542422246e-05,
0.22975621223449708,0.02740075147705051,0.04091224670410156,0.0008143922694751456,0.001,0.0001,poly,"{'clf__C': 0.001, 'clf__class_weight': None, 'clf__gamma': 0.0001, 'clf__kernel': 'poly'}",0.13903743315508021,0.14,0.13903743315508021,0.13941018766756033,0.13941018766756033,0.1393790483290562,0.0003523981125472012,414,0.13946488294314383,0.1392235609103079,0.13946488294314383,0.1393716577540107,0.1393716577540107,0.1393793284609234,8.834064542422246e-05,
0.2520593166351318,0.02279257541124334,0.05259780883789063,0.003751786976202271,0.001,0.0001,sigmoid,"{'clf__C': 0.001, 'clf__class_weight': None, 'clf__gamma': 0.0001, 'clf__kernel': 'sigmoid'}",0.13903743315508021,0.14,0.13903743315508021,0.13941018766756033,0.13941018766756033,0.1393790483290562,0.0003523981125472012,414,0.13946488294314383,0.1392235609103079,0.13946488294314383,0.1393716577540107,0.1393716577540107,0.1393793284609234,8.834064542422246e-05,
0.2798305511474609,0.03691713347497172,0.10899081230163574,0.006125483997565547,0.001,0.001,rbf,"{'clf__C': 0.001, 'clf__class_weight': None, 'clf__gamma': 0.001, 'clf__kernel': 'rbf'}",0.13903743315508021,0.14,0.13903743315508021,0.13941018766756033,0.13941018766756033,0.1393790483290562,0.0003523981125472012,414,0.13946488294314383,0.1392235609103079,0.13946488294314383,0.1393716577540107,0.1393716577540107,0.1393793284609234,8.834064542422246e-05,
0.2101149559020996,0.016848792895710094,0.03741445541381836,0.0017885269990968423,0.001,0.001,poly,"{'clf__C': 0.001, 'clf__class_weight': None, 'clf__gamma': 0.001, 'clf__kernel': 'poly'}",0.13903743315508021,0.14,0.13903743315508021,0.13941018766756033,0.13941018766756033,0.1393790483290562,0.0003523981125472012,414,0.13946488294314383,0.1392235609103079,0.13946488294314383,0.1393716577540107,0.1393716577540107,0.1393793284609234,8.834064542422246e-05,
0.24747853279113768,0.01881615400814471,0.04679121971130371,0.001630798449917925,0.001,0.001,sigmoid,"{'clf__C': 0.001, 'clf__class_weight': None, 'clf__gamma': 0.001, 'clf__kernel': 'sigmoid'}",0.13903743315508021,0.14,0.13903743315508021,0.13941018766756033,0.13941018766756033,0.1393790483290562,0.0003523981125472012,414,0.13946488294314383,0.1392235609103079,0.13946488294314383,0.1393716577540107,0.1393716577540107,0.1393793284609234,8.834064542422246e-05,
0.2592767715454102,0.010026613993132868,0.11039538383483886,0.006207776456378923,0.001,0.01,rbf,"{'clf__C': 0.001, 'clf__class_weight': None, 'clf__gamma': 0.01, 'clf__kernel': 'rbf'}",0.13903743315508021,0.14,0.13903743315508021,0.13941018766756033,0.13941018766756033,0.1393790483290562,0.0003523981125472012,414,0.13946488294314383,0.1392235609103079,0.13946488294314383,0.1393716577540107,0.1393716577540107,0.1393793284609234,8.834064542422246e-05,
0.21855711936950684,0.0075357084616349945,0.03795080184936524,0.002200997563224397,0.001,0.01,poly,"{'clf__C': 0.001, 'clf__class_weight': None, 'clf__gamma': 0.01, 'clf__kernel': 'poly'}",0.23016312955337345,0.23614634719285882,0.2577581594435527,0.18598427194317604,0.23687663184727153,0.2293857079960465,0.023626701925425913,377,0.2671203172832666,0.2699255459468147,0.2658884255882651,0.2729530322216641,0.26401481094168067,0.26798042639633823,0.003141740274475194,
0.27711782455444334,0.013554332790306522,0.050505208969116214,0.0009832305935657318,0.001,0.01,sigmoid,"{'clf__C': 0.001, 'clf__class_weight': None, 'clf__gamma': 0.01, 'clf__kernel': 'sigmoid'}",0.13903743315508021,0.14,0.13903743315508021,0.13941018766756033,0.13941018766756033,0.1393790483290562,0.0003523981125472012,414,0.13946488294314383,0.1392235609103079,0.13946488294314383,0.1393716577540107,0.1393716577540107,0.1393793284609234,8.834064542422246e-05,
0.2596429347991943,0.01132288530467175,0.10821824073791504,0.004288783877864559,0.001,0.1,rbf,"{'clf__C': 0.001, 'clf__class_weight': None, 'clf__gamma': 0.1, 'clf__kernel': 'rbf'}",0.13903743315508021,0.14,0.13903743315508021,0.13941018766756033,0.13941018766756033,0.1393790483290562,0.0003523981125472012,414,0.13946488294314383,0.1392235609103079,0.13946488294314383,0.1393716577540107,0.1393716577540107,0.1393793284609234,8.834064542422246e-05,
0.20329489707946777,0.006902763272018931,0.02919173240661621,0.0006723514177216618,0.001,0.1,poly,"{'clf__C': 0.001, 'clf__class_weight': None, 'clf__gamma': 0.1, 'clf__kernel': 'poly'}",0.7196112432164138,0.7172616002922908,0.745551582950448,0.7223842937832803,0.7681754889509596,0.7345968418386785,0.019604881995368563,70,0.9910766249503141,0.9863687907358518,0.987828580320975,0.9880294366431347,0.9887106239446352,0.9884028113189821,0.001539507555541214,
0.2871228218078613,0.008835572450751028,0.05274686813354492,0.0010736486949448475,0.001,0.1,sigmoid,"{'clf__C': 0.001, 'clf__class_weight': None, 'clf__gamma': 0.1, 'clf__kernel': 'sigmoid'}",0.13903743315508021,0.14,0.13903743315508021,0.13941018766756033,0.13941018766756033,0.1393790483290562,0.0003523981125472012,414,0.13946488294314383,0.1392235609103079,0.13946488294314383,0.1393716577540107,0.1393716577540107,0.1393793284609234,8.834064542422246e-05,
0.32428503036499023,0.010158342397556759,0.11507992744445801,0.008119983930633306,0.001,0.5,rbf,"{'clf__C': 0.001, 'clf__class_weight': None, 'clf__gamma': 0.5, 'clf__kernel': 'rbf'}",0.13903743315508021,0.14,0.13903743315508021,0.13941018766756033,0.13941018766756033,0.1393790483290562,0.0003523981125472012,414,0.13946488294314383,0.1392235609103079,0.13946488294314383,0.1393716577540107,0.1393716577540107,0.1393793284609234,8.834064542422246e-05,
0.2046591281890869,0.006809507450346572,0.027371883392333984,0.0001202239721828101,0.001,0.5,poly,"{'clf__C': 0.001, 'clf__class_weight': None, 'clf__gamma': 0.5, 'clf__kernel': 'poly'}",0.7210248934088668,0.6973247808179688,0.7246473707966599,0.7222595017275868,0.7635119443193916,0.7257536982140949,0.02130579009373161,90,1.0,1.0,1.0,1.0,1.0,1.0,0.0,
0.2598315715789795,0.00594051525809219,0.04781670570373535,0.0010753823893817867,0.001,0.5,sigmoid,"{'clf__C': 0.001, 'clf__class_weight': None, 'clf__gamma': 0.5, 'clf__kernel': 'sigmoid'}",0.13903743315508021,0.14,0.13903743315508021,0.13941018766756033,0.13941018766756033,0.1393790483290562,0.0003523981125472012,414,0.13946488294314383,0.1392235609103079,0.13946488294314383,0.1393716577540107,0.1393716577540107,0.1393793284609234,8.834064542422246e-05,
0.33647565841674804,0.015571890468065777,0.12232475280761719,0.00836140586292667,0.001,1,rbf,"{'clf__C': 0.001, 'clf__class_weight': None, 'clf__gamma': 1, 'clf__kernel': 'rbf'}",0.13903743315508021,0.14,0.13903743315508021,0.13941018766756033,0.13941018766756033,0.1393790483290562,0.0003523981125472012,414,0.13946488294314383,0.1392235609103079,0.13946488294314383,0.1393716577540107,0.1393716577540107,0.1393793284609234,8.834064542422246e-05,
0.20326409339904786,0.009977648220425937,0.028695297241210938,0.0014183416260384913,0.001,1,poly,"{'clf__C': 0.001, 'clf__class_weight': None, 'clf__gamma': 1, 'clf__kernel': 'poly'}",0.7210248934088668,0.6973247808179688,0.7246473707966599,0.7222595017275868,0.7635119443193916,0.7257536982140949,0.02130579009373161,90,1.0,1.0,1.0,1.0,1.0,1.0,0.0,
0.23727030754089357,0.007839576908340251,0.045214605331420896,0.0013346693131599538,0.001,1,sigmoid,"{'clf__C': 0.001, 'clf__class_weight': None, 'clf__gamma': 1, 'clf__kernel': 'sigmoid'}",0.13903743315508021,0.14,0.13903743315508021,0.13941018766756033,0.13941018766756033,0.1393790483290562,0.0003523981125472012,414,0.13946488294314383,0.1392235609103079,0.13946488294314383,0.1393716577540107,0.1393716577540107,0.1393793284609234,8.834064542422246e-05,
0.3504347801208496,0.009613041054634012,0.12302837371826172,0.0037312039460727668,0.001,scale,rbf,"{'clf__C': 0.001, 'clf__class_weight': 'balanced', 'clf__gamma': 'scale', 'clf__kernel': 'rbf'}",0.11095100864553314,0.10982658959537572,0.0794392523364486,0.0796875,0.11014492753623188,0.09800985562271788,0.01506615170286016,495,0.10998552821997105,0.11026753434562545,0.07857701329163409,0.078515625,0.1101878612716763,0.09750671242578138,0.015481381505989966,balanced
0.2793711185455322,0.004355735312403255,0.04424839019775391,0.00211586976119567,0.001,scale,poly,"{'clf__C': 0.001, 'clf__class_weight': 'balanced', 'clf__gamma': 'scale', 'clf__kernel': 'poly'}",0.10325459721474187,0.09111635220125786,0.10399820305480682,0.09275781689574793,0.16455196896982446,0.11113578766727579,0.02722085343281215,488,0.1102972267728518,0.11321335613868419,0.10699342378493135,0.11551269198168787,0.1693825671729918,0.1230798531702294,0.02332689333851203,balanced
0.35045061111450193,0.01352025561702878,0.05174064636230469,0.0025388308524941423,0.001,scale,sigmoid,"{'clf__C': 0.001, 'clf__class_weight': 'balanced', 'clf__gamma': 'scale', 'clf__kernel': 'sigmoid'}",0.11095100864553314,0.10982658959537572,0.0794392523364486,0.0796875,0.11014492753623188,0.09800985562271788,0.01506615170286016,495,0.10998552821997105,0.11026753434562545,0.07857701329163409,0.078515625,0.1101878612716763,0.09750671242578138,0.015481381505989966,balanced
0.34729580879211425,0.014143943626989477,0.11329545974731445,0.006021018073573382,0.001,auto,rbf,"{'clf__C': 0.001, 'clf__class_weight': 'balanced', 'clf__gamma': 'auto', 'clf__kernel': 'rbf'}",0.11095100864553314,0.10982658959537572,0.0794392523364486,0.0796875,0.11014492753623188,0.09800985562271788,0.01506615170286016,495,0.10998552821997105,0.11026753434562545,0.07857701329163409,0.078515625,0.1101878612716763,0.09750671242578138,0.015481381505989966,balanced
0.3010259628295898,0.01793829731405841,0.04481263160705566,0.004533511514350527,0.001,auto,poly,"{'clf__C': 0.001, 'clf__class_weight': 'balanced', 'clf__gamma': 'auto', 'clf__kernel': 'poly'}",0.10325459721474187,0.09111635220125786,0.10399820305480682,0.09275781689574793,0.16455196896982446,0.11113578766727579,0.02722085343281215,488,0.1102972267728518,0.11321335613868419,0.10699342378493135,0.11551269198168787,0.1693825671729918,0.1230798531702294,0.02332689333851203,balanced
0.3870230197906494,0.051098733186058995,0.06150584220886231,0.015262709054783911,0.001,auto,sigmoid,"{'clf__C': 0.001, 'clf__class_weight': 'balanced', 'clf__gamma': 'auto', 'clf__kernel': 'sigmoid'}",0.11095100864553314,0.10982658959537572,0.0794392523364486,0.0796875,0.11014492753623188,0.09800985562271788,0.01506615170286016,495,0.10998552821997105,0.11026753434562545,0.07857701329163409,0.078515625,0.1101878612716763,0.09750671242578138,0.015481381505989966,balanced
0.37659878730773927,0.12772340359132728,0.10912857055664063,0.006163408526499134,0.001,0.0001,rbf,"{'clf__C': 0.001, 'clf__class_weight': 'balanced', 'clf__gamma': 0.0001, 'clf__kernel': 'rbf'}",0.11095100864553314,0.10982658959537572,0.0794392523364486,0.0796875,0.11014492753623188,0.09800985562271788,0.01506615170286016,495,0.10998552821997105,0.11026753434562545,0.07857701329163409,0.078515625,0.1101878612716763,0.09750671242578138,0.015481381505989966,balanced
0.25174336433410643,0.03429198474828861,0.03884334564208984,0.005022809349648845,0.001,0.0001,poly,"{'clf__C': 0.001, 'clf__class_weight': 'balanced', 'clf__gamma': 0.0001, 'clf__kernel': 'poly'}",0.11095100864553314,0.10982658959537572,0.0794392523364486,0.0796875,0.11014492753623188,0.09800985562271788,0.01506615170286016,495,0.10998552821997105,0.11026753434562545,0.07857701329163409,0.078515625,0.1101878612716763,0.09750671242578138,0.015481381505989966,balanced
0.3327304840087891,0.009717205508523273,0.051004219055175784,0.002540459762072699,0.001,0.0001,sigmoid,"{'clf__C': 0.001, 'clf__class_weight': 'balanced', 'clf__gamma': 0.0001, 'clf__kernel': 'sigmoid'}",0.11095100864553314,0.10982658959537572,0.0794392523364486,0.0796875,0.11014492753623188,0.09800985562271788,0.01506615170286016,495,0.10998552821997105,0.11026753434562545,0.07857701329163409,0.078515625,0.1101878612716763,0.09750671242578138,0.015481381505989966,balanced
0.3260965824127197,0.011787766551846643,0.12006621360778809,0.00974861778581476,0.001,0.001,rbf,"{'clf__C': 0.001, 'clf__class_weight': 'balanced', 'clf__gamma': 0.001, 'clf__kernel': 'rbf'}",0.11095100864553314,0.10982658959537572,0.0794392523364486,0.0796875,0.11014492753623188,0.09800985562271788,0.01506615170286016,495,0.10998552821997105,0.11026753434562545,0.07857701329163409,0.078515625,0.1101878612716763,0.09750671242578138,0.015481381505989966,balanced
0.276065731048584,0.010543983028004371,0.04122467041015625,0.0031942924658487086,0.001,0.001,poly,"{'clf__C': 0.001, 'clf__class_weight': 'balanced', 'clf__gamma': 0.001, 'clf__kernel': 'poly'}",0.11095100864553314,0.10982658959537572,0.0794392523364486,0.0796875,0.11014492753623188,0.09800985562271788,0.01506615170286016,495,0.11651435428782424,0.11355245092582285,0.08506950506012799,0.08176172666743027,0.116716749472287,0.10272295728269847,0.015838714266289973,balanced
0.3126018524169922,0.047426314303372866,0.05116267204284668,0.00589205851609496,0.001,0.001,sigmoid,"{'clf__C': 0.001, 'clf__class_weight': 'balanced', 'clf__gamma': 0.001, 'clf__kernel': 'sigmoid'}",0.11095100864553314,0.21986301369863015,0.0794392523364486,0.0796875,0.11014492753623188,0.12001714044336875,0.05181100006962697,487,0.10998552821997105,0.2186524395103308,0.07857701329163409,0.078515625,0.1101878612716763,0.11918369345872246,0.05169595138486527,balanced
0.3505906581878662,0.01130686382608515,0.11544570922851563,0.00759597615562653,0.001,0.01,rbf,"{'clf__C': 0.001, 'clf__class_weight': 'balanced', 'clf__gamma': 0.01, 'clf__kernel': 'rbf'}",0.11095100864553314,0.10982658959537572,0.0794392523364486,0.0796875,0.11014492753623188,0.09800985562271788,0.01506615170286016,495,0.10998552821997105,0.11026753434562545,0.07857701329163409,0.078515625,0.1101878612716763,0.09750671242578138,0.015481381505989966,balanced
0.2650937557220459,0.0085695741179484,0.03907136917114258,0.0013568394122526496,0.001,0.01,poly,"{'clf__C': 0.001, 'clf__class_weight': 'balanced', 'clf__gamma': 0.01, 'clf__kernel': 'poly'}",0.42278985766397253,0.28660470034937297,0.4441783473764338,0.2212335048087676,0.25111226736291775,0.32518373551229296,0.09106837820605788,363,0.4724499510686994,0.33215405498677847,0.4819243577510168,0.30258098921500093,0.3222410588333396,0.382270082370967,0.07813940715866362,balanced
0.3786326885223389,0.011233574071509744,0.05587315559387207,0.0030822179210316697,0.001,0.01,sigmoid,"{'clf__C': 0.001, 'clf__class_weight': 'balanced', 'clf__gamma': 0.01, 'clf__kernel': 'sigmoid'}",0.11095100864553314,0.10982658959537572,0.0794392523364486,0.0796875,0.11014492753623188,0.09800985562271788,0.01506615170286016,495,0.10998552821997105,0.11026753434562545,0.07857701329163409,0.078515625,0.1101878612716763,0.09750671242578138,0.015481381505989966,balanced
0.3591017723083496,0.0109222093303583,0.11304831504821777,0.0061388912467724484,0.001,0.1,rbf,"{'clf__C': 0.001, 'clf__class_weight': 'balanced', 'clf__gamma': 0.1, 'clf__kernel': 'rbf'}",0.11095100864553314,0.10982658959537572,0.0794392523364486,0.0796875,0.11014492753623188,0.09800985562271788,0.01506615170286016,495,0.10998552821997105,0.11026753434562545,0.07857701329163409,0.078515625,0.1101878612716763,0.09750671242578138,0.015481381505989966,balanced
0.19596457481384277,0.008129031086534835,0.029258203506469727,0.0008381071227642175,0.001,0.1,poly,"{'clf__C': 0.001, 'clf__class_weight': 'balanced', 'clf__gamma': 0.1, 'clf__kernel': 'poly'}",0.7208184555873631,0.712935989647597,0.7443649023907797,0.7219041079164112,0.7708137194118503,0.7341674349908003,0.021101171610365132,73,0.994296788482835,0.9929930487848467,0.989943637482316,0.9932094967562453,0.9939134857119823,0.992871291443645,0.0015374378753359656,balanced
0.3708106517791748,0.007124535820983597,0.0537905216217041,0.0030545962790181295,0.001,0.1,sigmoid,"{'clf__C': 0.001, 'clf__class_weight': 'balanced', 'clf__gamma': 0.1, 'clf__kernel': 'sigmoid'}",0.078125,0.10982658959537572,0.0794392523364486,0.0796875,0.11014492753623188,0.09144465389361124,0.015148394690692943,510,0.07890625,0.11026753434562545,0.07857701329163409,0.078515625,0.1101878612716763,0.09129085678178715,0.015462457233976459,balanced
0.3601382732391357,0.004745973598802905,0.11411867141723633,0.005125055529159591,0.001,0.5,rbf,"{'clf__C': 0.001, 'clf__class_weight': 'balanced', 'clf__gamma': 0.5, 'clf__kernel': 'rbf'}",0.11095100864553314,0.10982658959537572,0.0794392523364486,0.0796875,0.11014492753623188,0.09800985562271788,0.01506615170286016,495,0.10998552821997105,0.11026753434562545,0.07857701329163409,0.078515625,0.1101878612716763,0.09750671242578138,0.015481381505989966,balanced
0.2063432216644287,0.002358557802695459,0.028205728530883788,0.0012693052229643107,0.001,0.5,poly,"{'clf__C': 0.001, 'clf__class_weight': 'balanced', 'clf__gamma': 0.5, 'clf__kernel': 'poly'}",0.7210248934088668,0.6973247808179688,0.7246473707966599,0.7222595017275868,0.7635119443193916,0.7257536982140949,0.02130579009373161,90,1.0,1.0,1.0,1.0,1.0,1.0,0.0,balanced
0.3459291458129883,0.005944507129570619,0.05461916923522949,0.0016229047889813888,0.001,0.5,sigmoid,"{'clf__C': 0.001, 'clf__class_weight': 'balanced', 'clf__gamma': 0.5, 'clf__kernel': 'sigmoid'}",0.078125,0.078125,0.0794392523364486,0.0796875,0.11014492753623188,0.0851043359745361,0.012537055249556275,511,0.07890625,0.07890625,0.07857701329163409,0.078515625,0.1101878612716763,0.08501859991266209,0.012585675040925903,balanced
0.353849983215332,0.0059450871905081856,0.12379813194274902,0.008308784407601624,0.001,1,rbf,"{'clf__C': 0.001, 'clf__class_weight': 'balanced', 'clf__gamma': 1, 'clf__kernel': 'rbf'}",0.11095100864553314,0.10982658959537572,0.0794392523364486,0.0796875,0.11014492753623188,0.09800985562271788,0.01506615170286016,495,0.10998552821997105,0.11026753434562545,0.07857701329163409,0.078515625,0.1101878612716763,0.09750671242578138,0.015481381505989966,balanced
0.20524516105651855,0.009289924082348903,0.028932857513427734,0.001385613737745603,0.001,1,poly,"{'clf__C': 0.001, 'clf__class_weight': 'balanced', 'clf__gamma': 1, 'clf__kernel': 'poly'}",0.7210248934088668,0.6973247808179688,0.7246473707966599,0.7222595017275868,0.7635119443193916,0.7257536982140949,0.02130579009373161,90,1.0,1.0,1.0,1.0,1.0,1.0,0.0,balanced
0.33100051879882814,0.0069605250054158825,0.04848756790161133,0.0014079352811022315,0.001,1,sigmoid,"{'clf__C': 0.001, 'clf__class_weight': 'balanced', 'clf__gamma': 1, 'clf__kernel': 'sigmoid'}",0.078125,0.078125,0.0794392523364486,0.0796875,0.11014492753623188,0.0851043359745361,0.012537055249556275,511,0.07890625,0.07890625,0.07857701329163409,0.078515625,0.1101878612716763,0.08501859991266209,0.012585675040925903,balanced
0.2710205078125,0.0175674853897873,0.11662111282348633,0.005069240591216292,0.01,scale,rbf,"{'clf__C': 0.01, 'clf__class_weight': None, 'clf__gamma': 'scale', 'clf__kernel': 'rbf'}",0.13903743315508021,0.14,0.13903743315508021,0.13941018766756033,0.13941018766756033,0.1393790483290562,0.0003523981125472012,414,0.13946488294314383,0.1392235609103079,0.13946488294314383,0.1393716577540107,0.1393716577540107,0.1393793284609234,8.834064542422246e-05,
0.22760653495788574,0.006316962859121927,0.03814301490783691,0.0022734085465281875,0.01,scale,poly,"{'clf__C': 0.01, 'clf__class_weight': None, 'clf__gamma': 'scale', 'clf__kernel': 'poly'}",0.1829648088524285,0.19064893632661462,0.2250075855309544,0.15298223788789828,0.1898391463608855,0.18828854299175624,0.022939665375815724,384,0.21160754124212214,0.20963734865407202,0.20746269420404234,0.21920188592433826,0.21419980584563733,0.21242185517404244,0.004053141666199966,
0.2750979423522949,0.006829653453888528,0.050820541381835935,0.0019899571556757714,0.01,scale,sigmoid,"{'clf__C': 0.01, 'clf__class_weight': None, 'clf__gamma': 'scale', 'clf__kernel': 'sigmoid'}",0.13903743315508021,0.14,0.13903743315508021,0.13941018766756033,0.13941018766756033,0.1393790483290562,0.0003523981125472012,414,0.13946488294314383,0.1392235609103079,0.13946488294314383,0.1393716577540107,0.1393716577540107,0.1393793284609234,8.834064542422246e-05,
0.2728903293609619,0.010281795115261751,0.11620359420776367,0.005447206026258263,0.01,auto,rbf,"{'clf__C': 0.01, 'clf__class_weight': None, 'clf__gamma': 'auto', 'clf__kernel': 'rbf'}",0.13903743315508021,0.14,0.13903743315508021,0.13941018766756033,0.13941018766756033,0.1393790483290562,0.0003523981125472012,414,0.13946488294314383,0.1392235609103079,0.13946488294314383,0.1393716577540107,0.1393716577540107,0.1393793284609234,8.834064542422246e-05,
0.2208658218383789,0.009044303109192676,0.04010457992553711,0.0020499602966827387,0.01,auto,poly,"{'clf__C': 0.01, 'clf__class_weight': None, 'clf__gamma': 'auto', 'clf__kernel': 'poly'}",0.1829648088524285,0.19064893632661462,0.2250075855309544,0.15298223788789828,0.1898391463608855,0.18828854299175624,0.022939665375815724,384,0.21160754124212214,0.20963734865407202,0.20746269420404234,0.21920188592433826,0.21419980584563733,0.21242185517404244,0.004053141666199966,
0.2669789791107178,0.00982469403709966,0.05202078819274902,0.002455074199865633,0.01,auto,sigmoid,"{'clf__C': 0.01, 'clf__class_weight': None, 'clf__gamma': 'auto', 'clf__kernel': 'sigmoid'}",0.13903743315508021,0.14,0.13903743315508021,0.13941018766756033,0.13941018766756033,0.1393790483290562,0.0003523981125472012,414,0.13946488294314383,0.1392235609103079,0.13946488294314383,0.1393716577540107,0.1393716577540107,0.1393793284609234,8.834064542422246e-05,
0.24314169883728026,0.009546831171037074,0.10344443321228028,0.007748750131546193,0.01,0.0001,rbf,"{'clf__C': 0.01, 'clf__class_weight': None, 'clf__gamma': 0.0001, 'clf__kernel': 'rbf'}",0.13903743315508021,0.14,0.13903743315508021,0.13941018766756033,0.13941018766756033,0.1393790483290562,0.0003523981125472012,414,0.13946488294314383,0.1392235609103079,0.13946488294314383,0.1393716577540107,0.1393716577540107,0.1393793284609234,8.834064542422246e-05,
0.19515209197998046,0.005455482216325569,0.03769216537475586,0.002128014825602087,0.01,0.0001,poly,"{'clf__C': 0.01, 'clf__class_weight': None, 'clf__gamma': 0.0001, 'clf__kernel': 'poly'}",0.13903743315508021,0.14,0.13903743315508021,0.13941018766756033,0.13941018766756033,0.1393790483290562,0.0003523981125472012,414,0.13946488294314383,0.1392235609103079,0.13946488294314383,0.1393716577540107,0.1393716577540107,0.1393793284609234,8.834064542422246e-05,
0.24924116134643554,0.007841694152613488,0.049708223342895506,0.0030356296431126844,0.01,0.0001,sigmoid,"{'clf__C': 0.01, 'clf__class_weight': None, 'clf__gamma': 0.0001, 'clf__kernel': 'sigmoid'}",0.13903743315508021,0.14,0.13903743315508021,0.13941018766756033,0.13941018766756033,0.1393790483290562,0.0003523981125472012,414,0.13946488294314383,0.1392235609103079,0.13946488294314383,0.1393716577540107,0.1393716577540107,0.1393793284609234,8.834064542422246e-05,
0.2567424297332764,0.012222052587775483,0.11675825119018554,0.003843127578353025,0.01,0.001,rbf,"{'clf__C': 0.01, 'clf__class_weight': None, 'clf__gamma': 0.001, 'clf__kernel': 'rbf'}",0.13903743315508021,0.14,0.13903743315508021,0.13941018766756033,0.13941018766756033,0.1393790483290562,0.0003523981125472012,414,0.13946488294314383,0.1392235609103079,0.13946488294314383,0.1393716577540107,0.1393716577540107,0.1393793284609234,8.834064542422246e-05,
0.21790032386779784,0.006880917739650665,0.038750076293945314,0.001957094068368777,0.01,0.001,poly,"{'clf__C': 0.01, 'clf__class_weight': None, 'clf__gamma': 0.001, 'clf__kernel': 'poly'}",0.13903743315508021,0.14037433155080214,0.16397124887690925,0.15260545905707196,0.13941018766756033,0.14707973206148478,0.009841949787257864,408,0.1574688628811261,0.1603242570633875,0.1647550756866256,0.16044619735050814,0.15736934436531208,0.16007274746939187,0.0026913016447673395,
0.2576693058013916,0.00642724550572579,0.04858708381652832,0.001583408022573264,0.01,0.001,sigmoid,"{'clf__C': 0.01, 'clf__class_weight': None, 'clf__gamma': 0.001, 'clf__kernel': 'sigmoid'}",0.13903743315508021,0.14,0.13903743315508021,0.13941018766756033,0.13941018766756033,0.1393790483290562,0.0003523981125472012,414,0.13946488294314383,0.1392235609103079,0.13946488294314383,0.1393716577540107,0.1393716577540107,0.1393793284609234,8.834064542422246e-05,
0.29424586296081545,0.01243344673356349,0.11175947189331055,0.007699143717705821,0.01,0.01,rbf,"{'clf__C': 0.01, 'clf__class_weight': None, 'clf__gamma': 0.01, 'clf__kernel': 'rbf'}",0.13903743315508021,0.14,0.13903743315508021,0.13941018766756033,0.13941018766756033,0.1393790483290562,0.0003523981125472012,414,0.13946488294314383,0.1392235609103079,0.13946488294314383,0.1393716577540107,0.1393716577540107,0.1393793284609234,8.834064542422246e-05,
0.2060565948486328,0.01043994986101497,0.03838019371032715,0.002648126757644357,0.01,0.01,poly,"{'clf__C': 0.01, 'clf__class_weight': None, 'clf__gamma': 0.01, 'clf__kernel': 'poly'}",0.4632290093688813,0.5230882149765128,0.4856773321419161,0.4977151827144417,0.4914149342542965,0.4922249346912097,0.01932343540095883,287,0.5885875158819582,0.5814128465773037,0.5995255035541041,0.5872731018875955,0.6102345499077088,0.5934067035617341,0.010250018251137187,
0.28548588752746584,0.0033008884999163736,0.05526232719421387,0.00215351177389936,0.01,0.01,sigmoid,"{'clf__C': 0.01, 'clf__class_weight': None, 'clf__gamma': 0.01, 'clf__kernel': 'sigmoid'}",0.14582044407781675,0.14745814618211517,0.14940033085194374,0.13881401617250674,0.14657198147764186,0.14561298375240486,0.0036038118436049174,412,0.14214204822291576,0.15101059845677828,0.14130397105656536,0.14899792782070742,0.16605239590010856,0.14990138829141508,0.00891094356617593,
0.36374359130859374,0.017980619788153407,0.11835436820983887,0.006963306669540438,0.01,0.1,rbf,"{'clf__C': 0.01, 'clf__class_weight': None, 'clf__gamma': 0.1, 'clf__kernel': 'rbf'}",0.13903743315508021,0.14,0.13903743315508021,0.13941018766756033,0.13941018766756033,0.1393790483290562,0.0003523981125472012,414,0.13946488294314383,0.1392235609103079,0.13946488294314383,0.1393716577540107,0.1393716577540107,0.1393793284609234,8.834064542422246e-05,
0.21115512847900392,0.008263424520367761,0.02795562744140625,0.0015044207852539745,0.01,0.1,poly,"{'clf__C': 0.01, 'clf__class_weight': None, 'clf__gamma': 0.1, 'clf__kernel': 'poly'}",0.7210248934088668,0.6973247808179688,0.7246473707966599,0.7222595017275868,0.7635119443193916,0.7257536982140949,0.02130579009373161,90,1.0,1.0,1.0,1.0,1.0,1.0,0.0,
0.2777367115020752,0.010770658432314935,0.05237841606140137,0.0021436886521780936,0.01,0.1,sigmoid,"{'clf__C': 0.01, 'clf__class_weight': None, 'clf__gamma': 0.1, 'clf__kernel': 'sigmoid'}",0.34573647871116225,0.2819136626613262,0.36214162602993105,0.29675895082290815,0.31340663334232466,0.3199914703135305,0.029908094421840777,372,0.3082805564989458,0.32980726477978944,0.3132278264401587,0.31477619143182056,0.314747177663184,0.3161678033627797,0.007222766731487855,
0.3503245830535889,0.01018421102739925,0.11290874481201171,0.008457382022491076,0.01,0.5,rbf,"{'clf__C': 0.01, 'clf__class_weight': None, 'clf__gamma': 0.5, 'clf__kernel': 'rbf'}",0.13903743315508021,0.14,0.13903743315508021,0.13941018766756033,0.13941018766756033,0.1393790483290562,0.0003523981125472012,414,0.13946488294314383,0.1392235609103079,0.13946488294314383,0.1393716577540107,0.1393716577540107,0.1393793284609234,8.834064542422246e-05,
0.20174760818481446,0.01032213231670525,0.028555011749267577,0.0014373530942042858,0.01,0.5,poly,"{'clf__C': 0.01, 'clf__class_weight': None, 'clf__gamma': 0.5, 'clf__kernel': 'poly'}",0.7210248934088668,0.6973247808179688,0.7246473707966599,0.7222595017275868,0.7635119443193916,0.7257536982140949,0.02130579009373161,90,1.0,1.0,1.0,1.0,1.0,1.0,0.0,
0.2653364181518555,0.029346686614213913,0.04969773292541504,0.0021852013259793567,0.01,0.5,sigmoid,"{'clf__C': 0.01, 'clf__class_weight': None, 'clf__gamma': 0.5, 'clf__kernel': 'sigmoid'}",0.34166607924684944,0.2944434334243251,0.3592892467941704,0.2949692656718248,0.313087068716583,0.3206910187707505,0.025838501287614106,371,0.3107945740790273,0.332911433804291,0.3126267551333055,0.31726092272535544,0.3043712863933452,0.3155929944270649,0.009596462596699336,
0.3566153526306152,0.025410081815931428,0.11405825614929199,0.00760296369900638,0.01,1,rbf,"{'clf__C': 0.01, 'clf__class_weight': None, 'clf__gamma': 1, 'clf__kernel': 'rbf'}",0.13903743315508021,0.14,0.13903743315508021,0.13941018766756033,0.13941018766756033,0.1393790483290562,0.0003523981125472012,414,0.13946488294314383,0.1392235609103079,0.13946488294314383,0.1393716577540107,0.1393716577540107,0.1393793284609234,8.834064542422246e-05,
0.20705952644348144,0.0081336668785338,0.029212141036987306,0.0014015697765334427,0.01,1,poly,"{'clf__C': 0.01, 'clf__class_weight': None, 'clf__gamma': 1, 'clf__kernel': 'poly'}",0.7210248934088668,0.6973247808179688,0.7246473707966599,0.7222595017275868,0.7635119443193916,0.7257536982140949,0.02130579009373161,90,1.0,1.0,1.0,1.0,1.0,1.0,0.0,
0.2355353355407715,0.0061808358943638425,0.04730672836303711,0.001323932074592472,0.01,1,sigmoid,"{'clf__C': 0.01, 'clf__class_weight': None, 'clf__gamma': 1, 'clf__kernel': 'sigmoid'}",0.3375868648216137,0.3010126977300881,0.3592892467941704,0.3078308752650858,0.3128217849313184,0.3237082939084553,0.021653256222677733,369,0.3102496850883071,0.33567779720019597,0.31843561432907785,0.31772876180350984,0.30807659671645693,0.31803369102750956,0.009708794800445208,
0.3464701175689697,0.009706789172277309,0.12460336685180665,0.007845347745467477,0.01,scale,rbf,"{'clf__C': 0.01, 'clf__class_weight': 'balanced', 'clf__gamma': 'scale', 'clf__kernel': 'rbf'}",0.06310679611650485,0.06310679611650485,0.06310679611650485,0.2287878787878788,0.24120795107033638,0.13186324364154595,0.0843006490719125,482,0.06285482562854826,0.06285482562854826,0.06285482562854826,0.24079347000759302,0.22654600301659125,0.1311807899819658,0.08380307356417602,balanced
0.27785325050354004,0.0020968365106342913,0.04143228530883789,0.0008122327140170393,0.01,scale,poly,"{'clf__C': 0.01, 'clf__class_weight': 'balanced', 'clf__gamma': 'scale', 'clf__kernel': 'poly'}",0.14934861413912653,0.3474106140772807,0.1899243140964995,0.10617494320025965,0.15320580043525817,0.1892128571896849,0.08343620032698373,382,0.17982496151649863,0.36734134712558997,0.1796423298410063,0.18620751171125988,0.18084190071428996,0.21877161018172897,0.0743236061117631,balanced
0.3447878837585449,0.010993593940077,0.0526237964630127,0.004140477258347466,0.01,scale,sigmoid,"{'clf__C': 0.01, 'clf__class_weight': 'balanced', 'clf__gamma': 'scale', 'clf__kernel': 'sigmoid'}",0.28347016967706623,0.2919646685307401,0.22482573901145386,0.26999617298124756,0.26238617070535575,0.2665285841811727,0.02324789350841729,375,0.29804222051617224,0.29152501309925866,0.2487916979442403,0.26774299882477715,0.26808773202040637,0.274837932480971,0.01783932322801399,balanced
0.35754961967468263,0.01704612858329786,0.11441707611083984,0.007683542765529128,0.01,auto,rbf,"{'clf__C': 0.01, 'clf__class_weight': 'balanced', 'clf__gamma': 'auto', 'clf__kernel': 'rbf'}",0.06310679611650485,0.06310679611650485,0.06310679611650485,0.2287878787878788,0.24120795107033638,0.13186324364154595,0.0843006490719125,482,0.06285482562854826,0.06285482562854826,0.06285482562854826,0.24079347000759302,0.22654600301659125,0.1311807899819658,0.08380307356417602,balanced
0.2834568977355957,0.006264791929465818,0.04062204360961914,0.002836934733714315,0.01,auto,poly,"{'clf__C': 0.01, 'clf__class_weight': 'balanced', 'clf__gamma': 'auto', 'clf__kernel': 'poly'}",0.14934861413912653,0.3474106140772807,0.1899243140964995,0.10617494320025965,0.15320580043525817,0.1892128571896849,0.08343620032698373,382,0.17982496151649863,0.36734134712558997,0.1796423298410063,0.18620751171125988,0.18084190071428996,0.21877161018172897,0.0743236061117631,balanced
0.3480530261993408,0.01784282563690411,0.053170299530029295,0.002190291205208145,0.01,auto,sigmoid,"{'clf__C': 0.01, 'clf__class_weight': 'balanced', 'clf__gamma': 'auto', 'clf__kernel': 'sigmoid'}",0.28347016967706623,0.2919646685307401,0.22482573901145386,0.26999617298124756,0.26238617070535575,0.2665285841811727,0.02324789350841729,375,0.29804222051617224,0.29152501309925866,0.2487916979442403,0.26774299882477715,0.26808773202040637,0.274837932480971,0.01783932322801399,balanced
0.32242474555969236,0.007895964529983413,0.11228485107421875,0.007542001088848481,0.01,0.0001,rbf,"{'clf__C': 0.01, 'clf__class_weight': 'balanced', 'clf__gamma': 0.0001, 'clf__kernel': 'rbf'}",0.06310679611650485,0.06310679611650485,0.06310679611650485,0.11014492753623188,0.11014492753623188,0.08192204868439566,0.023043884086461696,515,0.06285482562854826,0.06285482562854826,0.06285482562854826,0.1101878612716763,0.1101878612716763,0.08178803988579947,0.023188357060526542,balanced
0.28824505805969236,0.01144864161031354,0.04083714485168457,0.0025732206790542505,0.01,0.0001,poly,"{'clf__C': 0.01, 'clf__class_weight': 'balanced', 'clf__gamma': 0.0001, 'clf__kernel': 'poly'}",0.06310679611650485,0.06310679611650485,0.06310679611650485,0.11014492753623188,0.11014492753623188,0.08192204868439566,0.023043884086461696,515,0.06285482562854826,0.06285482562854826,0.06285482562854826,0.1101878612716763,0.1101878612716763,0.08178803988579947,0.023188357060526542,balanced
0.3180382251739502,0.0029953496774237807,0.04820184707641602,0.001565360899484006,0.01,0.0001,sigmoid,"{'clf__C': 0.01, 'clf__class_weight': 'balanced', 'clf__gamma': 0.0001, 'clf__kernel': 'sigmoid'}",0.06310679611650485,0.06310679611650485,0.06310679611650485,0.11014492753623188,0.11014492753623188,0.08192204868439566,0.023043884086461696,515,0.06285482562854826,0.06285482562854826,0.06285482562854826,0.1101878612716763,0.1101878612716763,0.08178803988579947,0.023188357060526542,balanced
0.33758010864257815,0.01095767069475252,0.11533045768737793,0.00823168750558671,0.01,0.001,rbf,"{'clf__C': 0.01, 'clf__class_weight': 'balanced', 'clf__gamma': 0.001, 'clf__kernel': 'rbf'}",0.06310679611650485,0.06310679611650485,0.06310679611650485,0.11014492753623188,0.11014492753623188,0.08192204868439566,0.023043884086461696,515,0.06285482562854826,0.06285482562854826,0.06285482562854826,0.1101878612716763,0.1101878612716763,0.08178803988579947,0.023188357060526542,balanced
0.28064403533935545,0.010761198353306224,0.03996191024780273,0.0017725357858787976,0.01,0.001,poly,"{'clf__C': 0.01, 'clf__class_weight': 'balanced', 'clf__gamma': 0.001, 'clf__kernel': 'poly'}",0.09111635220125786,0.09111635220125786,0.10399820305480682,0.12328562909958259,0.11657583608803121,0.10521847452898728,0.013073947427030748,492,0.10087490836130725,0.10732476534595962,0.1053077224964346,0.13773434348748706,0.110728964674535,0.1123941408731447,0.013065276817698968,balanced
0.3326089859008789,0.027291337819124736,0.04951710700988769,0.001939085466299471,0.01,0.001,sigmoid,"{'clf__C': 0.01, 'clf__class_weight': 'balanced', 'clf__gamma': 0.001, 'clf__kernel': 'sigmoid'}",0.16880037932669512,0.18890138732658418,0.1450257246192247,0.11046511627906977,0.11014492753623188,0.1446675070175611,0.031307417776639514,413,0.16259664835741525,0.16205576003594818,0.15542548654661822,0.1101878612716763,0.1101878612716763,0.14009072349666687,0.024545862300197577,balanced
0.35333914756774903,0.015634985669712123,0.12049541473388672,0.006107499352891282,0.01,0.01,rbf,"{'clf__C': 0.01, 'clf__class_weight': 'balanced', 'clf__gamma': 0.01, 'clf__kernel': 'rbf'}",0.06310679611650485,0.06310679611650485,0.06310679611650485,0.11014492753623188,0.11014492753623188,0.08192204868439566,0.023043884086461696,515,0.06285482562854826,0.06285482562854826,0.06285482562854826,0.1101878612716763,0.1101878612716763,0.08178803988579947,0.023188357060526542,balanced
0.24921422004699706,0.013767941004962174,0.037224960327148435,0.0011801832795805033,0.01,0.01,poly,"{'clf__C': 0.01, 'clf__class_weight': 'balanced', 'clf__gamma': 0.01, 'clf__kernel': 'poly'}",0.5451676101676102,0.616794029605156,0.5704247181200235,0.5702591868570741,0.5809660780106429,0.5767223245521014,0.02324169952822267,240,0.6955889408680571,0.6796484168709738,0.6703336663224642,0.6771514185690775,0.6872255293104637,0.6819895943882072,0.008684548988714362,balanced
0.34905157089233396,0.02669468359109484,0.056415224075317384,0.006272553219672413,0.01,0.01,sigmoid,"{'clf__C': 0.01, 'clf__class_weight': 'balanced', 'clf__gamma': 0.01, 'clf__kernel': 'sigmoid'}",0.5197010183969378,0.5405548923589787,0.46344990464092467,0.5192496412133072,0.5344065154703452,0.5154723944160987,0.02729879462429752,282,0.5419679567190477,0.517581809584093,0.49127140520947793,0.5375908749422331,0.5378547291688146,0.5252533551247333,0.01899480171271997,balanced
0.35520243644714355,0.005122837688398788,0.11543440818786621,0.011419507864652534,0.01,0.1,rbf,"{'clf__C': 0.01, 'clf__class_weight': 'balanced', 'clf__gamma': 0.1, 'clf__kernel': 'rbf'}",0.06310679611650485,0.06310679611650485,0.06310679611650485,0.11014492753623188,0.11014492753623188,0.08192204868439566,0.023043884086461696,515,0.06285482562854826,0.06285482562854826,0.06285482562854826,0.1101878612716763,0.1101878612716763,0.08178803988579947,0.023188357060526542,balanced
0.2517812728881836,0.06168414120550169,0.03657002449035644,0.015902802509432677,0.01,0.1,poly,"{'clf__C': 0.01, 'clf__class_weight': 'balanced', 'clf__gamma': 0.1, 'clf__kernel': 'poly'}",0.7210248934088668,0.6973247808179688,0.7246473707966599,0.7222595017275868,0.7635119443193916,0.7257536982140949,0.02130579009373161,90,1.0,1.0,1.0,1.0,1.0,1.0,0.0,balanced
0.36058731079101564,0.07057930874404922,0.05426783561706543,0.012302376974811182,0.01,0.1,sigmoid,"{'clf__C': 0.01, 'clf__class_weight': 'balanced', 'clf__gamma': 0.1, 'clf__kernel': 'sigmoid'}",0.4216443679878451,0.37728416456704994,0.412223616958751,0.4235743693975402,0.47253573089660333,0.4214524499615579,0.03049606452968905,305,0.42969663226416666,0.42380602279847884,0.4246793753054162,0.41371408838233037,0.42391770843384713,0.42316276543684783,0.005201014098291832,balanced
0.35104684829711913,0.020300173161559597,0.11313915252685547,0.006848661286878607,0.01,0.5,rbf,"{'clf__C': 0.01, 'clf__class_weight': 'balanced', 'clf__gamma': 0.5, 'clf__kernel': 'rbf'}",0.06310679611650485,0.06310679611650485,0.06310679611650485,0.11014492753623188,0.11014492753623188,0.08192204868439566,0.023043884086461696,515,0.06285482562854826,0.06285482562854826,0.06285482562854826,0.1101878612716763,0.1101878612716763,0.08178803988579947,0.023188357060526542,balanced
0.21104817390441893,0.012897961090404888,0.02788863182067871,0.0009929324147987836,0.01,0.5,poly,"{'clf__C': 0.01, 'clf__class_weight': 'balanced', 'clf__gamma': 0.5, 'clf__kernel': 'poly'}",0.7210248934088668,0.6973247808179688,0.7246473707966599,0.7222595017275868,0.7635119443193916,0.7257536982140949,0.02130579009373161,90,1.0,1.0,1.0,1.0,1.0,1.0,0.0,balanced
0.29917278289794924,0.010412634095901587,0.050072431564331055,0.0021843855413731625,0.01,0.5,sigmoid,"{'clf__C': 0.01, 'clf__class_weight': 'balanced', 'clf__gamma': 0.5, 'clf__kernel': 'sigmoid'}",0.3987125660867497,0.38031825132426883,0.40454295516215016,0.4071315739458076,0.46186298197392756,0.4105136656985808,0.027330822205577268,308,0.4164796163374049,0.4079267676414774,0.40898029568159017,0.39818319302158006,0.41892101679524363,0.4100981778954592,0.007300640937888154,balanced
0.3467674255371094,0.008051559342366782,0.11977715492248535,0.007206954746151536,0.01,1,rbf,"{'clf__C': 0.01, 'clf__class_weight': 'balanced', 'clf__gamma': 1, 'clf__kernel': 'rbf'}",0.06310679611650485,0.06310679611650485,0.06310679611650485,0.11014492753623188,0.11014492753623188,0.08192204868439566,0.023043884086461696,515,0.06285482562854826,0.06285482562854826,0.06285482562854826,0.1101878612716763,0.1101878612716763,0.08178803988579947,0.023188357060526542,balanced
0.20758433341979982,0.007968377727884075,0.02770099639892578,0.0011118063203627879,0.01,1,poly,"{'clf__C': 0.01, 'clf__class_weight': 'balanced', 'clf__gamma': 1, 'clf__kernel': 'poly'}",0.7210248934088668,0.6973247808179688,0.7246473707966599,0.7222595017275868,0.7635119443193916,0.7257536982140949,0.02130579009373161,90,1.0,1.0,1.0,1.0,1.0,1.0,0.0,balanced
0.3028112411499023,0.02936394359018383,0.046861124038696286,0.002368599688412631,0.01,1,sigmoid,"{'clf__C': 0.01, 'clf__class_weight': 'balanced', 'clf__gamma': 1, 'clf__kernel': 'sigmoid'}",0.3881307763847317,0.37845177765958565,0.40485183547103054,0.40674687385907266,0.4585912972183077,0.40735451211854573,0.027701122131726943,309,0.41567926749563766,0.40877685092836535,0.40648220492610965,0.40011975281072293,0.4167132453236433,0.4095542642968958,0.006128924878506202,balanced
0.2768195629119873,0.041689834534879434,0.11436676979064941,0.01159320441890929,0.1,scale,rbf,"{'clf__C': 0.1, 'clf__class_weight': None, 'clf__gamma': 'scale', 'clf__kernel': 'rbf'}",0.5574300370656434,0.5409291521486643,0.5602225823605378,0.5539736720597213,0.5168810281234657,0.5458872943516064,0.015937826393220215,266,0.560566070023381,0.5649462775485513,0.5582163244195847,0.5606527541158871,0.5714809593514244,0.5631724770917657,0.004687921853248397,
0.2076183795928955,0.03482919154825675,0.03559665679931641,0.005734350920044085,0.1,scale,poly,"{'clf__C': 0.1, 'clf__class_weight': None, 'clf__gamma': 'scale', 'clf__kernel': 'poly'}",0.2734313522853077,0.31274482664398556,0.3075335546484952,0.28588060813545835,0.30573708003953204,0.29706548435055574,0.014928445978968136,373,0.3706398878892673,0.3647531574848123,0.3756018808225896,0.35953216653498205,0.37217421120066896,0.368540260786464,0.005709087853226657,
0.22347898483276368,0.004634851485609947,0.04617466926574707,0.0017127603261532778,0.1,scale,sigmoid,"{'clf__C': 0.1, 'clf__class_weight': None, 'clf__gamma': 'scale', 'clf__kernel': 'sigmoid'}",0.5540948275862069,0.5641474042134842,0.5956870788056218,0.573336306868867,0.5293307908950768,0.5633192816738514,0.021858677592643035,258,0.5756006179939859,0.5733331285149954,0.5650753175470512,0.5715603547711636,0.5720569717984002,0.5715252781251192,0.0035146162826370053,
0.2468468189239502,0.01861191503152187,0.10417461395263672,0.004518769518573791,0.1,auto,rbf,"{'clf__C': 0.1, 'clf__class_weight': None, 'clf__gamma': 'auto', 'clf__kernel': 'rbf'}",0.5574300370656434,0.5409291521486643,0.5602225823605378,0.5539736720597213,0.5168810281234657,0.5458872943516064,0.015937826393220215,266,0.560566070023381,0.5649462775485513,0.5582163244195847,0.5606527541158871,0.5714809593514244,0.5631724770917657,0.004687921853248397,
0.2083599090576172,0.002756284059531508,0.03716864585876465,0.0022355609920219712,0.1,auto,poly,"{'clf__C': 0.1, 'clf__class_weight': None, 'clf__gamma': 'auto', 'clf__kernel': 'poly'}",0.2734313522853077,0.31274482664398556,0.3075335546484952,0.28588060813545835,0.30573708003953204,0.29706548435055574,0.014928445978968136,373,0.3706398878892673,0.3647531574848123,0.3756018808225896,0.35953216653498205,0.37217421120066896,0.368540260786464,0.005709087853226657,
0.20968899726867676,0.02521019777780436,0.044697141647338866,0.0062893319068625065,0.1,auto,sigmoid,"{'clf__C': 0.1, 'clf__class_weight': None, 'clf__gamma': 'auto', 'clf__kernel': 'sigmoid'}",0.5540948275862069,0.5641474042134842,0.5956870788056218,0.573336306868867,0.5293307908950768,0.5633192816738514,0.021858677592643035,258,0.5756006179939859,0.5733331285149954,0.5650753175470512,0.5715603547711636,0.5720569717984002,0.5715252781251192,0.0035146162826370053,
0.24309258460998534,0.011301350124966511,0.11179580688476562,0.00804953520971025,0.1,0.0001,rbf,"{'clf__C': 0.1, 'clf__class_weight': None, 'clf__gamma': 0.0001, 'clf__kernel': 'rbf'}",0.13903743315508021,0.14,0.13903743315508021,0.13941018766756033,0.13941018766756033,0.1393790483290562,0.0003523981125472012,414,0.13946488294314383,0.1392235609103079,0.13946488294314383,0.1393716577540107,0.1393716577540107,0.1393793284609234,8.834064542422246e-05,
0.19855575561523436,0.0044472726806099715,0.040059137344360354,0.0018154246988665303,0.1,0.0001,poly,"{'clf__C': 0.1, 'clf__class_weight': None, 'clf__gamma': 0.0001, 'clf__kernel': 'poly'}",0.13903743315508021,0.14,0.13903743315508021,0.13941018766756033,0.13941018766756033,0.1393790483290562,0.0003523981125472012,414,0.13946488294314383,0.1392235609103079,0.13946488294314383,0.1393716577540107,0.1393716577540107,0.1393793284609234,8.834064542422246e-05,
0.24638986587524414,0.007530478607562469,0.04638471603393555,0.001966410085638995,0.1,0.0001,sigmoid,"{'clf__C': 0.1, 'clf__class_weight': None, 'clf__gamma': 0.0001, 'clf__kernel': 'sigmoid'}",0.13903743315508021,0.14,0.13903743315508021,0.13941018766756033,0.13941018766756033,0.1393790483290562,0.0003523981125472012,414,0.13946488294314383,0.1392235609103079,0.13946488294314383,0.1393716577540107,0.1393716577540107,0.1393793284609234,8.834064542422246e-05,
0.28755950927734375,0.05738827171408833,0.10771780014038086,0.006485613945690978,0.1,0.001,rbf,"{'clf__C': 0.1, 'clf__class_weight': None, 'clf__gamma': 0.001, 'clf__kernel': 'rbf'}",0.5100811074171729,0.514774990152369,0.5444338719908826,0.5305035845427521,0.4966328454700548,0.5192852799146463,0.016592132674947947,280,0.5241763243252544,0.5387524768957428,0.5199912588880194,0.5190093242477125,0.5357443852166119,0.5275347539146681,0.00817437058768828,
0.2174079418182373,0.03529053659106357,0.03663949966430664,0.00560383440304482,0.1,0.001,poly,"{'clf__C': 0.1, 'clf__class_weight': None, 'clf__gamma': 0.001, 'clf__kernel': 'poly'}",0.1712598983670302,0.15325067024128688,0.18249652574720016,0.15260545905707196,0.17142429093648606,0.16620736886981505,0.011584204347735851,401,0.18080294913236436,0.1854520594257546,0.18048340040824543,0.187734521575985,0.17600455980681062,0.182095498069832,0.004109359093318531,
0.25164456367492677,0.019194377634375044,0.04735302925109863,0.0009214065325920452,0.1,0.001,sigmoid,"{'clf__C': 0.1, 'clf__class_weight': None, 'clf__gamma': 0.001, 'clf__kernel': 'sigmoid'}",0.38005949985242427,0.45882696352079755,0.42279808297709875,0.39808026553551196,0.42219071453992196,0.4163911052851509,0.0265735180226681,306,0.4058111222227053,0.4137408903606868,0.4159038901601831,0.4274657200080996,0.4270285898739895,0.41799004252513283,0.00827305539057984,
0.27253093719482424,0.011733388520650563,0.10900716781616211,0.005629499559440182,0.1,0.01,rbf,"{'clf__C': 0.1, 'clf__class_weight': None, 'clf__gamma': 0.01, 'clf__kernel': 'rbf'}",0.3617471988795518,0.3410543709508134,0.3563858268570004,0.32278622540250446,0.35988721279418956,0.34837216697681195,0.014723430634012935,334,0.40956166593919996,0.37912065343375734,0.36540739650779963,0.3673702622373024,0.4072679680613027,0.3857455892358724,0.01910812811331799,
0.1747755527496338,0.006109087145264306,0.030758380889892578,0.001299180890305023,0.1,0.01,poly,"{'clf__C': 0.1, 'clf__class_weight': None, 'clf__gamma': 0.01, 'clf__kernel': 'poly'}",0.7079714473180383,0.7236869639567904,0.6720112403276906,0.6878200060808757,0.741295316816206,0.7065569948999203,0.024684697421931984,199,0.8745884888976878,0.8755864114609215,0.8712491982976363,0.8771641047613987,0.8706129057386781,0.8738402218312645,0.002521358826979439,
0.2150798797607422,0.005952967593677805,0.044597721099853514,0.0009829387245661062,0.1,0.01,sigmoid,"{'clf__C': 0.1, 'clf__class_weight': None, 'clf__gamma': 0.01, 'clf__kernel': 'sigmoid'}",0.5221456279227168,0.5994811776061776,0.5630667186229331,0.569556574382909,0.5509077797486843,0.5610315756566842,0.025178552281675655,260,0.5538536241048762,0.5586137349679231,0.5330723673311445,0.5621566428050413,0.5527173503858984,0.5520827439189766,0.010090296753415537,
0.35822153091430664,0.01041759920939234,0.11514325141906738,0.002716303679058391,0.1,0.1,rbf,"{'clf__C': 0.1, 'clf__class_weight': None, 'clf__gamma': 0.1, 'clf__kernel': 'rbf'}",0.13903743315508021,0.14,0.13903743315508021,0.13941018766756033,0.13941018766756033,0.1393790483290562,0.0003523981125472012,414,0.13946488294314383,0.1392235609103079,0.13946488294314383,0.1393716577540107,0.1393716577540107,0.1393793284609234,8.834064542422246e-05,
0.20814142227172852,0.0072257122912301065,0.028537178039550783,0.0012523141395828648,0.1,0.1,poly,"{'clf__C': 0.1, 'clf__class_weight': None, 'clf__gamma': 0.1, 'clf__kernel': 'poly'}",0.7210248934088668,0.6973247808179688,0.7246473707966599,0.7222595017275868,0.7635119443193916,0.7257536982140949,0.02130579009373161,90,1.0,1.0,1.0,1.0,1.0,1.0,0.0,
0.22720532417297362,0.01382112694576264,0.041087913513183597,0.0008305634897740174,0.1,0.1,sigmoid,"{'clf__C': 0.1, 'clf__class_weight': None, 'clf__gamma': 0.1, 'clf__kernel': 'sigmoid'}",0.32870468865068325,0.29579373818736365,0.3400576331514373,0.363009946939975,0.37276541465109647,0.34006628431611113,0.02714696686884721,349,0.32976683073201546,0.3238069812569442,0.32472667919578596,0.32744124960943033,0.3138175775350494,0.323911863665845,0.005464553808731697,
0.3616041660308838,0.005941026393624054,0.11467275619506836,0.006671006469012097,0.1,0.5,rbf,"{'clf__C': 0.1, 'clf__class_weight': None, 'clf__gamma': 0.5, 'clf__kernel': 'rbf'}",0.13903743315508021,0.14,0.13903743315508021,0.13941018766756033,0.13941018766756033,0.1393790483290562,0.0003523981125472012,414,0.13946488294314383,0.1392235609103079,0.13946488294314383,0.1393716577540107,0.1393716577540107,0.1393793284609234,8.834064542422246e-05,
0.2051025390625,0.00793808987335575,0.026459884643554688,0.004412670336929182,0.1,0.5,poly,"{'clf__C': 0.1, 'clf__class_weight': None, 'clf__gamma': 0.5, 'clf__kernel': 'poly'}",0.7210248934088668,0.6973247808179688,0.7246473707966599,0.7222595017275868,0.7635119443193916,0.7257536982140949,0.02130579009373161,90,1.0,1.0,1.0,1.0,1.0,1.0,0.0,
0.1954105854034424,0.0028234763916485947,0.040064334869384766,0.0010821055593139839,0.1,0.5,sigmoid,"{'clf__C': 0.1, 'clf__class_weight': None, 'clf__gamma': 0.5, 'clf__kernel': 'sigmoid'}",0.31476670694302444,0.27402457957433746,0.3414095641316122,0.33779595436619325,0.36617996646898376,0.3268353542968302,0.031032792426420003,357,0.3235329526049974,0.31194451379595733,0.31060463967392404,0.30505182843333367,0.3125116345860073,0.31272911381884394,0.006013982510995954,
0.3680385112762451,0.00581907541068546,0.12210536003112793,0.009098506987138088,0.1,1,rbf,"{'clf__C': 0.1, 'clf__class_weight': None, 'clf__gamma': 1, 'clf__kernel': 'rbf'}",0.13903743315508021,0.14,0.13903743315508021,0.13941018766756033,0.13941018766756033,0.1393790483290562,0.0003523981125472012,414,0.13946488294314383,0.1392235609103079,0.13946488294314383,0.1393716577540107,0.1393716577540107,0.1393793284609234,8.834064542422246e-05,
0.2138211727142334,0.02014653364431013,0.028260087966918944,0.0013440656151013609,0.1,1,poly,"{'clf__C': 0.1, 'clf__class_weight': None, 'clf__gamma': 1, 'clf__kernel': 'poly'}",0.7210248934088668,0.6973247808179688,0.7246473707966599,0.7222595017275868,0.7635119443193916,0.7257536982140949,0.02130579009373161,90,1.0,1.0,1.0,1.0,1.0,1.0,0.0,
0.19207611083984374,0.031006721250951195,0.037248086929321286,0.0022045557388454358,0.1,1,sigmoid,"{'clf__C': 0.1, 'clf__class_weight': None, 'clf__gamma': 1, 'clf__kernel': 'sigmoid'}",0.338446744207345,0.27861636016144015,0.33501048985167836,0.3338891216945108,0.3696839983338871,0.33112934284977225,0.029394893618701644,355,0.3271801696145242,0.30960348885609196,0.3140081735215091,0.315728447845751,0.3126995488344067,0.3158439657344566,0.006012052979688583,
0.2528740406036377,0.03119395093128414,0.09388813972473145,0.01938890532833276,0.1,scale,rbf,"{'clf__C': 0.1, 'clf__class_weight': 'balanced', 'clf__gamma': 'scale', 'clf__kernel': 'rbf'}",0.6720903625269203,0.6804953839494248,0.6771428571428572,0.712254403843326,0.6924400549463786,0.6868846124817813,0.014346310499600903,205,0.7154769148175822,0.7197570981248713,0.7175910849788456,0.7088812187103213,0.7139002413920872,0.7151213116047416,0.0036917887973138153,balanced
0.25548477172851564,0.004431132283067646,0.037853050231933597,0.0019425266497595755,0.1,scale,poly,"{'clf__C': 0.1, 'clf__class_weight': 'balanced', 'clf__gamma': 'scale', 'clf__kernel': 'poly'}",0.4318035239049732,0.4923526334279981,0.45141856288553756,0.41088683425625055,0.45788530465949817,0.44886937182685155,0.027248837718203776,302,0.5233264681238788,0.5499626226980915,0.5291221188280012,0.5147931876496157,0.5594727447637027,0.5353354284126579,0.01674137898784498,balanced
0.2786745071411133,0.03613509247078794,0.04802107810974121,0.002006264047202149,0.1,scale,sigmoid,"{'clf__C': 0.1, 'clf__class_weight': 'balanced', 'clf__gamma': 'scale', 'clf__kernel': 'sigmoid'}",0.6026094062204411,0.6420669822731679,0.5951321142127264,0.6253200426085271,0.6429504867388977,0.621615806410752,0.01974725168372829,222,0.6501804472678291,0.6417509451077021,0.6448509812634655,0.6351838651052122,0.6289857722702323,0.6401904022028883,0.007410350023789438,balanced
0.27582902908325196,0.0038537746942987026,0.10513062477111816,0.0028451698829422257,0.1,auto,rbf,"{'clf__C': 0.1, 'clf__class_weight': 'balanced', 'clf__gamma': 'auto', 'clf__kernel': 'rbf'}",0.6720903625269203,0.6804953839494248,0.6771428571428572,0.712254403843326,0.6924400549463786,0.6868846124817813,0.014346310499600903,205,0.7154769148175822,0.7197570981248713,0.7175910849788456,0.7088812187103213,0.7139002413920872,0.7151213116047416,0.0036917887973138153,balanced
0.2696391582489014,0.03082661975629587,0.0384068489074707,0.0017714902300787838,0.1,auto,poly,"{'clf__C': 0.1, 'clf__class_weight': 'balanced', 'clf__gamma': 'auto', 'clf__kernel': 'poly'}",0.4318035239049732,0.4923526334279981,0.45141856288553756,0.41088683425625055,0.45788530465949817,0.44886937182685155,0.027248837718203776,302,0.5233264681238788,0.5499626226980915,0.5291221188280012,0.5147931876496157,0.5594727447637027,0.5353354284126579,0.01674137898784498,balanced
0.2591116428375244,0.008866150168477542,0.047612667083740234,0.0027159097654582717,0.1,auto,sigmoid,"{'clf__C': 0.1, 'clf__class_weight': 'balanced', 'clf__gamma': 'auto', 'clf__kernel': 'sigmoid'}",0.6026094062204411,0.6420669822731679,0.5951321142127264,0.6253200426085271,0.6429504867388977,0.621615806410752,0.01974725168372829,222,0.6501804472678291,0.6417509451077021,0.6448509812634655,0.6351838651052122,0.6289857722702323,0.6401904022028883,0.007410350023789438,balanced
0.3237278461456299,0.03085699037747042,0.11396307945251465,0.008537139640859852,0.1,0.0001,rbf,"{'clf__C': 0.1, 'clf__class_weight': 'balanced', 'clf__gamma': 0.0001, 'clf__kernel': 'rbf'}",0.3023775679344043,0.4087098733298629,0.43163595128397436,0.262531328320802,0.2282604445251346,0.32670303307883564,0.0801707157984788,358,0.2946193889742277,0.41170643794190304,0.39466948181429734,0.2574950407983803,0.25464260224235835,0.3226265903542333,0.06748887637596483,balanced
0.27904229164123534,0.013724510328029016,0.040946435928344724,0.0027119633718587642,0.1,0.0001,poly,"{'clf__C': 0.1, 'clf__class_weight': 'balanced', 'clf__gamma': 0.0001, 'clf__kernel': 'poly'}",0.06310679611650485,0.14,0.06310679611650485,0.06188925081433225,0.07836990595611286,0.08129454980069097,0.029976783755514564,523,0.06285482562854826,0.1392235609103079,0.06285482562854826,0.06315789473684211,0.07884465261514442,0.0813871519038782,0.02956590793669202,balanced
0.32349252700805664,0.008130120281465513,0.05162434577941895,0.003522388978653764,0.1,0.0001,sigmoid,"{'clf__C': 0.1, 'clf__class_weight': 'balanced', 'clf__gamma': 0.0001, 'clf__kernel': 'sigmoid'}",0.2481673030197848,0.19488086265870486,0.2108926443505579,0.10518867924528302,0.11370874348581354,0.1745676465520288,0.05597551041804772,388,0.24550117809884395,0.18077340569877884,0.18101694915254238,0.13331969448990727,0.12522998874618174,0.17316824323725083,0.04298250161919933,balanced
0.28821487426757814,0.008638286299722294,0.10930471420288086,0.004801656030283012,0.1,0.001,rbf,"{'clf__C': 0.1, 'clf__class_weight': 'balanced', 'clf__gamma': 0.001, 'clf__kernel': 'rbf'}",0.6385685515123091,0.6667689285723342,0.6691881527491407,0.6720565747421988,0.6451579193292817,0.6583480253810529,0.013722614777669472,213,0.6781418547166994,0.6748802739233922,0.6707059573021201,0.6876755258510321,0.6861016666554435,0.6795010556897375,0.006495272659460262,balanced
0.2812755584716797,0.005722812309993229,0.042229080200195314,0.0013362482358487456,0.1,0.001,poly,"{'clf__C': 0.1, 'clf__class_weight': 'balanced', 'clf__gamma': 0.001, 'clf__kernel': 'poly'}",0.10983328187712257,0.13304630475197568,0.1620573661067827,0.09275781689574793,0.12182562660269666,0.12390407924686511,0.023287982084588085,485,0.13778050772394432,0.1804652364928106,0.12935820883146593,0.1412455663474516,0.13752094522635777,0.14527409292440602,0.018023463023944784,balanced
0.3009246826171875,0.006041483010688142,0.04943008422851562,0.0020274512195838017,0.1,0.001,sigmoid,"{'clf__C': 0.1, 'clf__class_weight': 'balanced', 'clf__gamma': 0.001, 'clf__kernel': 'sigmoid'}",0.6013852649726606,0.6306248670433175,0.6295721822623604,0.5866776958194868,0.5774940020122281,0.6051508024220107,0.021751622056179525,231,0.6098107371689235,0.6126580588868858,0.6181259675537338,0.6201563818339065,0.6124379665979,0.6146378224082699,0.0038647441256839635,balanced
0.32466754913330076,0.00840008980449528,0.10783848762512208,0.007377683574630927,0.1,0.01,rbf,"{'clf__C': 0.1, 'clf__class_weight': 'balanced', 'clf__gamma': 0.01, 'clf__kernel': 'rbf'}",0.5909068035426731,0.5002165141996238,0.5460796471064007,0.5696805339662483,0.5902983686699612,0.5594363734969814,0.033862036005265744,263,0.6734925364598845,0.6487517761488896,0.6410246884719555,0.6711890560551721,0.617505398159053,0.6503926910589909,0.020679060728663545,balanced
0.18977770805358887,0.005457427624730088,0.031803560256958005,0.0011098064219250896,0.1,0.01,poly,"{'clf__C': 0.1, 'clf__class_weight': 'balanced', 'clf__gamma': 0.01, 'clf__kernel': 'poly'}",0.7285621266482534,0.7218078693488654,0.7054626943651648,0.6800072586922252,0.7444795423023578,0.7160638982713733,0.021950464796887278,192,0.8998002442556521,0.9007400089095313,0.897852506183677,0.90058436498578,0.8942021407716312,0.8986358530212544,0.0024434162316401805,balanced
0.24548745155334473,0.007715695536875753,0.046409988403320314,0.002060264927682697,0.1,0.01,sigmoid,"{'clf__C': 0.1, 'clf__class_weight': 'balanced', 'clf__gamma': 0.01, 'clf__kernel': 'sigmoid'}",0.5684023684492552,0.5605389892823471,0.5426832503963354,0.5623147355731626,0.5944562848438874,0.5656791257089975,0.01674569403615942,255,0.5670833193731796,0.5687683736341129,0.5641137148582754,0.556533010934878,0.5550181159205685,0.5623033069442028,0.005555060885851153,balanced
0.3498952865600586,0.005992461945591437,0.11865148544311524,0.006092881980418085,0.1,0.1,rbf,"{'clf__C': 0.1, 'clf__class_weight': 'balanced', 'clf__gamma': 0.1, 'clf__kernel': 'rbf'}",0.06310679611650485,0.06310679611650485,0.06310679611650485,0.06188925081433225,0.07836990595611286,0.06591590902399194,0.006244827650203465,526,0.06285482562854826,0.06285482562854826,0.06285482562854826,0.06315789473684211,0.07884465261514442,0.06611340484752626,0.006366705982121438,balanced
0.20653133392333983,0.007365807820351387,0.027924156188964842,0.0007289911769890928,0.1,0.1,poly,"{'clf__C': 0.1, 'clf__class_weight': 'balanced', 'clf__gamma': 0.1, 'clf__kernel': 'poly'}",0.7210248934088668,0.6973247808179688,0.7246473707966599,0.7222595017275868,0.7635119443193916,0.7257536982140949,0.02130579009373161,90,1.0,1.0,1.0,1.0,1.0,1.0,0.0,balanced
0.2371445655822754,0.012588345060322177,0.04520845413208008,0.001431781784925763,0.1,0.1,sigmoid,"{'clf__C': 0.1, 'clf__class_weight': 'balanced', 'clf__gamma': 0.1, 'clf__kernel': 'sigmoid'}",0.3713733536934529,0.2985945722476798,0.33500445632798576,0.37185843450952233,0.37951835745953394,0.35126983484763497,0.030545922032697893,329,0.3424152262922038,0.3150861658590904,0.3040994094618335,0.31531694751309614,0.3137093162918436,0.3181254130836135,0.01283238260599508,balanced
0.36978464126586913,0.03778274036944331,0.11841444969177246,0.0048495525966359984,0.1,0.5,rbf,"{'clf__C': 0.1, 'clf__class_weight': 'balanced', 'clf__gamma': 0.5, 'clf__kernel': 'rbf'}",0.06310679611650485,0.06310679611650485,0.06310679611650485,0.06188925081433225,0.07836990595611286,0.06591590902399194,0.006244827650203465,526,0.06285482562854826,0.06285482562854826,0.06285482562854826,0.06315789473684211,0.07884465261514442,0.06611340484752626,0.006366705982121438,balanced
0.2153907299041748,0.01218657283813241,0.027402830123901368,0.000933878415060564,0.1,0.5,poly,"{'clf__C': 0.1, 'clf__class_weight': 'balanced', 'clf__gamma': 0.5, 'clf__kernel': 'poly'}",0.7210248934088668,0.6973247808179688,0.7246473707966599,0.7222595017275868,0.7635119443193916,0.7257536982140949,0.02130579009373161,90,1.0,1.0,1.0,1.0,1.0,1.0,0.0,balanced
0.19323229789733887,0.02839227116240911,0.043070745468139646,0.0009433025270077233,0.1,0.5,sigmoid,"{'clf__C': 0.1, 'clf__class_weight': 'balanced', 'clf__gamma': 0.5, 'clf__kernel': 'sigmoid'}",0.3457109736660634,0.2921617585213445,0.31335286370244075,0.35769061381778144,0.4009442075464937,0.34197208345082475,0.037520370802752515,348,0.31869856294803384,0.28192398847604716,0.2977725870900713,0.29581476188624384,0.3112321943061,0.3010884189412993,0.012799179233426685,balanced
0.34917435646057127,0.008463010404999695,0.11997489929199219,0.005156289204174597,0.1,1,rbf,"{'clf__C': 0.1, 'clf__class_weight': 'balanced', 'clf__gamma': 1, 'clf__kernel': 'rbf'}",0.06310679611650485,0.06310679611650485,0.06310679611650485,0.06188925081433225,0.07836990595611286,0.06591590902399194,0.006244827650203465,526,0.06285482562854826,0.06285482562854826,0.06285482562854826,0.06315789473684211,0.07884465261514442,0.06611340484752626,0.006366705982121438,balanced
0.20748348236083985,0.009084741868929307,0.0276792049407959,0.0010723762478180795,0.1,1,poly,"{'clf__C': 0.1, 'clf__class_weight': 'balanced', 'clf__gamma': 1, 'clf__kernel': 'poly'}",0.7210248934088668,0.6973247808179688,0.7246473707966599,0.7222595017275868,0.7635119443193916,0.7257536982140949,0.02130579009373161,90,1.0,1.0,1.0,1.0,1.0,1.0,0.0,balanced
0.19277052879333495,0.009647782226361189,0.04189367294311523,0.000996009249253433,0.1,1,sigmoid,"{'clf__C': 0.1, 'clf__class_weight': 'balanced', 'clf__gamma': 1, 'clf__kernel': 'sigmoid'}",0.37177590782606457,0.28847037057727454,0.3711979932910166,0.350974716581653,0.3978902603872806,0.35606184973265786,0.036932742599440495,323,0.31119021911254247,0.29525312479003996,0.30836605052660243,0.3015077494550946,0.3095349839436254,0.305170425565581,0.005954281720539837,balanced
0.19825210571289062,0.012848705170233822,0.08198723793029786,0.004872463413360783,0.5,scale,rbf,"{'clf__C': 0.5, 'clf__class_weight': None, 'clf__gamma': 'scale', 'clf__kernel': 'rbf'}",0.7548723683364699,0.7151656597277078,0.721918751772139,0.75396745505701,0.7460877081030931,0.738402388599284,0.01663881915252834,61,0.8386565352074313,0.8415910959284416,0.8500884251024896,0.8451309243013657,0.8259227630416152,0.8402779487162688,0.00812676457239167,
0.19747543334960938,0.004550447202150487,0.035465335845947264,0.0011910280201714951,0.5,scale,poly,"{'clf__C': 0.5, 'clf__class_weight': None, 'clf__gamma': 'scale', 'clf__kernel': 'poly'}",0.5173830665232262,0.5678318655309067,0.5499858694901798,0.5628532141374607,0.5464964049703139,0.5489100841304174,0.017626007410605247,264,0.6508698868952775,0.6460615730441253,0.6481999319004723,0.6473245708152914,0.6599820579835622,0.6504876041277458,0.0050023748208803676,
0.16458406448364257,0.005165128963567996,0.036156225204467776,0.001274101448608433,0.5,scale,sigmoid,"{'clf__C': 0.5, 'clf__class_weight': None, 'clf__gamma': 'scale', 'clf__kernel': 'sigmoid'}",0.6220486421809235,0.6616055600322321,0.598626775141288,0.6540242165242165,0.6630298794091898,0.63986701465757,0.02540771841892881,215,0.6628710946310561,0.6616724967516419,0.6464631944529692,0.6538410200996311,0.6528523676877498,0.6555400347246096,0.006063839773257318,
0.1980978012084961,0.0072088585225217406,0.0853886604309082,0.00448555179889052,0.5,auto,rbf,"{'clf__C': 0.5, 'clf__class_weight': None, 'clf__gamma': 'auto', 'clf__kernel': 'rbf'}",0.7548723683364699,0.7151656597277078,0.721918751772139,0.75396745505701,0.7460877081030931,0.738402388599284,0.01663881915252834,61,0.8386565352074313,0.8415910959284416,0.8500884251024896,0.8451309243013657,0.8259227630416152,0.8402779487162688,0.00812676457239167,
0.1975536823272705,0.003039278268536825,0.03505825996398926,0.0016932703412676539,0.5,auto,poly,"{'clf__C': 0.5, 'clf__class_weight': None, 'clf__gamma': 'auto', 'clf__kernel': 'poly'}",0.5173830665232262,0.5678318655309067,0.5499858694901798,0.5628532141374607,0.5464964049703139,0.5489100841304174,0.017626007410605247,264,0.6508698868952775,0.6460615730441253,0.6481999319004723,0.6473245708152914,0.6599820579835622,0.6504876041277458,0.0050023748208803676,
0.16285343170166017,0.006997604284634407,0.03646001815795898,0.0014435383647358252,0.5,auto,sigmoid,"{'clf__C': 0.5, 'clf__class_weight': None, 'clf__gamma': 'auto', 'clf__kernel': 'sigmoid'}",0.6220486421809235,0.6616055600322321,0.598626775141288,0.6540242165242165,0.6630298794091898,0.63986701465757,0.02540771841892881,215,0.6628710946310561,0.6616724967516419,0.6464631944529692,0.6538410200996311,0.6528523676877498,0.6555400347246096,0.006063839773257318,
0.2340867042541504,0.007873529382625484,0.11226086616516114,0.006621092746328146,0.5,0.0001,rbf,"{'clf__C': 0.5, 'clf__class_weight': None, 'clf__gamma': 0.0001, 'clf__kernel': 'rbf'}",0.3695456921007825,0.4514470822417842,0.42109967988670216,0.40222732609799444,0.4091691400775002,0.41069778408095275,0.026594303232943543,307,0.41148894440426886,0.4145059564358594,0.42905656596956426,0.41601641437169234,0.4321835100166258,0.4206502782396022,0.008328703753143712,
0.19623217582702637,0.005469047048909227,0.038408946990966794,0.0017937700336055906,0.5,0.0001,poly,"{'clf__C': 0.5, 'clf__class_weight': None, 'clf__gamma': 0.0001, 'clf__kernel': 'poly'}",0.13903743315508021,0.14,0.13903743315508021,0.13941018766756033,0.13941018766756033,0.1393790483290562,0.0003523981125472012,414,0.13946488294314383,0.1392235609103079,0.13946488294314383,0.1393716577540107,0.1393716577540107,0.1393793284609234,8.834064542422246e-05,
0.2448127269744873,0.006587241121240413,0.046523666381835936,0.0018989777673946119,0.5,0.0001,sigmoid,"{'clf__C': 0.5, 'clf__class_weight': None, 'clf__gamma': 0.0001, 'clf__kernel': 'sigmoid'}",0.13941018766756033,0.15400943396226416,0.1474019088016967,0.14016172506738545,0.14717140921409214,0.14563093294259974,0.005372496785150909,411,0.1420859538784067,0.1419281642592285,0.14357864357864356,0.1453904534666785,0.15015825455773127,0.1446282939481377,0.0030337208421549527,
0.1863349437713623,0.00732658242167845,0.08675622940063477,0.004210858845689099,0.5,0.001,rbf,"{'clf__C': 0.5, 'clf__class_weight': None, 'clf__gamma': 0.001, 'clf__kernel': 'rbf'}",0.7596275100078346,0.7317545910056725,0.7321824374561404,0.7190830602913666,0.7058774074989278,0.7297050012519884,0.017811652884443762,84,0.7671717646120291,0.7852628769568141,0.7759858481589287,0.7808574162270583,0.7412448353085579,0.7701045482526776,0.015629926669464732,
0.21848602294921876,0.007325955284409584,0.0380894660949707,0.0018536894322366353,0.5,0.001,poly,"{'clf__C': 0.5, 'clf__class_weight': None, 'clf__gamma': 0.001, 'clf__kernel': 'poly'}",0.2007010012039795,0.2022764246811119,0.23323412698412696,0.1600710359586556,0.20904423666980743,0.2010653650995363,0.023582307269611025,380,0.2349479556493663,0.23198877966611786,0.23536422397452422,0.23738415875984037,0.23165568206968254,0.23426816002390627,0.002163032236253466,
0.194907808303833,0.009236595008620604,0.04190659523010254,0.0009626427357109609,0.5,0.001,sigmoid,"{'clf__C': 0.5, 'clf__class_weight': None, 'clf__gamma': 0.001, 'clf__kernel': 'sigmoid'}",0.6356402644209482,0.674017094017094,0.6228626016551713,0.6374333804318189,0.5933421469484491,0.6326590974946963,0.026015222240612954,220,0.6638859543393476,0.6395218943786568,0.6748607320863665,0.6649014018924587,0.6477296366604381,0.6581799238714535,0.012753956096340342,
0.26045641899108884,0.0037155527064256914,0.09881267547607422,0.0017388883523322377,0.5,0.01,rbf,"{'clf__C': 0.5, 'clf__class_weight': None, 'clf__gamma': 0.01, 'clf__kernel': 'rbf'}",0.6665378218192892,0.6287343393632643,0.61235375539546,0.6640169734137457,0.6780059358944577,0.6499297651772433,0.024995003220734797,214,0.8177420945547451,0.8193203353838677,0.8261446597026746,0.821376481691356,0.8141557048583514,0.8197478552381989,0.003976167161894073,
0.1864246368408203,0.006500942398469051,0.029091262817382814,0.0011402113994403197,0.5,0.01,poly,"{'clf__C': 0.5, 'clf__class_weight': None, 'clf__gamma': 0.01, 'clf__kernel': 'poly'}",0.7260705496847288,0.7277353374420183,0.7212544326241135,0.7179980369807497,0.7669174571484303,0.7319951627760082,0.017799419154094186,80,0.9772041973268558,0.968832163753089,0.9664558048700395,0.9687191559102323,0.9703462298387988,0.970311510339803,0.0036633553736337976,
0.15910611152648926,0.004397496446311668,0.03501262664794922,0.0009533854833954731,0.5,0.01,sigmoid,"{'clf__C': 0.5, 'clf__class_weight': None, 'clf__gamma': 0.01, 'clf__kernel': 'sigmoid'}",0.4975407055330404,0.5556641009715444,0.5133416160244595,0.5195339247039253,0.5004776840435503,0.517311606255304,0.02081289420085687,281,0.47055715427076555,0.5122470249557328,0.48514793792653316,0.5030981168078587,0.49772940778021657,0.4937559283482214,0.014541432498601384,
0.3806632041931152,0.04821862908108531,0.1394932746887207,0.04243035559173126,0.5,0.1,rbf,"{'clf__C': 0.5, 'clf__class_weight': None, 'clf__gamma': 0.1, 'clf__kernel': 'rbf'}",0.13903743315508021,0.14,0.13903743315508021,0.13941018766756033,0.13941018766756033,0.1393790483290562,0.0003523981125472012,414,0.14954777206930905,0.16607783360084083,0.15935395436687333,0.15197495653532847,0.1543559628291172,0.15626209588029377,0.005882233370248037,
0.21116876602172852,0.0050316071740321685,0.02860913276672363,0.0007963083831976501,0.5,0.1,poly,"{'clf__C': 0.5, 'clf__class_weight': None, 'clf__gamma': 0.1, 'clf__kernel': 'poly'}",0.7210248934088668,0.6973247808179688,0.7246473707966599,0.7222595017275868,0.7635119443193916,0.7257536982140949,0.02130579009373161,90,1.0,1.0,1.0,1.0,1.0,1.0,0.0,
0.19633169174194337,0.012480488204519101,0.039150047302246097,0.0017979522917868707,0.5,0.1,sigmoid,"{'clf__C': 0.5, 'clf__class_weight': None, 'clf__gamma': 0.1, 'clf__kernel': 'sigmoid'}",0.34013303769401326,0.2704432771652451,0.35633399397707,0.3340077373793885,0.3538974825683366,0.33096310575681065,0.031386859336418355,356,0.3235536478257457,0.3051264837161905,0.3183735317819785,0.30155088217756326,0.2951308938937716,0.30874708787904986,0.010603749613398838,
0.36986379623413085,0.020580097262751326,0.12246646881103515,0.005389608055433406,0.5,0.5,rbf,"{'clf__C': 0.5, 'clf__class_weight': None, 'clf__gamma': 0.5, 'clf__kernel': 'rbf'}",0.13903743315508021,0.14,0.13903743315508021,0.13941018766756033,0.13941018766756033,0.1393790483290562,0.0003523981125472012,414,0.13946488294314383,0.1392235609103079,0.13946488294314383,0.1393716577540107,0.1393716577540107,0.1393793284609234,8.834064542422246e-05,
0.2099205493927002,0.022802014358648558,0.028011465072631837,0.0008383620490790071,0.5,0.5,poly,"{'clf__C': 0.5, 'clf__class_weight': None, 'clf__gamma': 0.5, 'clf__kernel': 'poly'}",0.7210248934088668,0.6973247808179688,0.7246473707966599,0.7222595017275868,0.7635119443193916,0.7257536982140949,0.02130579009373161,90,1.0,1.0,1.0,1.0,1.0,1.0,0.0,
0.1723700523376465,0.01499527156228043,0.03787388801574707,0.0015007000725210866,0.5,0.5,sigmoid,"{'clf__C': 0.5, 'clf__class_weight': None, 'clf__gamma': 0.5, 'clf__kernel': 'sigmoid'}",0.3166637313723599,0.2720099672424896,0.35632460869652516,0.33275277759852734,0.35337785207554406,0.3262257873970892,0.03071339555133556,362,0.2981166152182078,0.30097893072991044,0.3190582032695546,0.3149552469839272,0.3106136259357495,0.3087445244274699,0.008021165576337377,
0.4070103168487549,0.10625959705343208,0.1161618709564209,0.03308186470635506,0.5,1,rbf,"{'clf__C': 0.5, 'clf__class_weight': None, 'clf__gamma': 1, 'clf__kernel': 'rbf'}",0.13903743315508021,0.14,0.13903743315508021,0.13941018766756033,0.13941018766756033,0.1393790483290562,0.0003523981125472012,414,0.13946488294314383,0.1392235609103079,0.13946488294314383,0.1393716577540107,0.1393716577540107,0.1393793284609234,8.834064542422246e-05,
0.2055814743041992,0.004606560587324377,0.028037452697753908,0.0005908101406766101,0.5,1,poly,"{'clf__C': 0.5, 'clf__class_weight': None, 'clf__gamma': 1, 'clf__kernel': 'poly'}",0.7210248934088668,0.6973247808179688,0.7246473707966599,0.7222595017275868,0.7635119443193916,0.7257536982140949,0.02130579009373161,90,1.0,1.0,1.0,1.0,1.0,1.0,0.0,
0.162857723236084,0.003942175441102724,0.03448162078857422,0.0012890412249596489,0.5,1,sigmoid,"{'clf__C': 0.5, 'clf__class_weight': None, 'clf__gamma': 1, 'clf__kernel': 'sigmoid'}",0.3463612770647114,0.264435996772399,0.37014011660172896,0.322248042715586,0.36261395212444164,0.3331598770557734,0.03808253528087189,354,0.33080940659279967,0.3081015664854445,0.3342702140523674,0.30632143840804243,0.30171822127557985,0.3162441693628467,0.01351184785118517,
0.21439871788024903,0.0041938554444129975,0.09517793655395508,0.006536196070507432,0.5,scale,rbf,"{'clf__C': 0.5, 'clf__class_weight': 'balanced', 'clf__gamma': 'scale', 'clf__kernel': 'rbf'}",0.8026837938600879,0.7487414667606664,0.7584643760885996,0.7905395802738168,0.775643369984839,0.7752145173936019,0.019854431545482745,29,0.8573668668810248,0.8644389827101437,0.8617671272982432,0.8635227240809158,0.8594190470779078,0.8613029496096472,0.0026084247826207102,balanced
0.22976021766662597,0.00901771658406682,0.034620141983032225,0.0012911270396999178,0.5,scale,poly,"{'clf__C': 0.5, 'clf__class_weight': 'balanced', 'clf__gamma': 'scale', 'clf__kernel': 'poly'}",0.5777057633003295,0.6292737317569639,0.5974091726794651,0.5927511205037443,0.624358725912555,0.6042997028306116,0.019566058913745552,232,0.7308007472378851,0.7357918648324329,0.7236328819759053,0.7332961659886874,0.7269073901237222,0.7300858100317266,0.004361633078859606,balanced
0.17690000534057618,0.006341823101146079,0.03731999397277832,0.001114125327270407,0.5,scale,sigmoid,"{'clf__C': 0.5, 'clf__class_weight': 'balanced', 'clf__gamma': 'scale', 'clf__kernel': 'sigmoid'}",0.5767735290254948,0.6060880166191313,0.5711588430535799,0.605968846674172,0.6119142639886473,0.5943806998722051,0.01689993716954094,238,0.6090813814702647,0.6184505708291864,0.6002631427536852,0.613409400455198,0.594853276352029,0.6072115543720727,0.008593398629293944,balanced
0.2126164436340332,0.005962524590194864,0.08607492446899415,0.002807027896490322,0.5,auto,rbf,"{'clf__C': 0.5, 'clf__class_weight': 'balanced', 'clf__gamma': 'auto', 'clf__kernel': 'rbf'}",0.8026837938600879,0.7487414667606664,0.7584643760885996,0.7905395802738168,0.775643369984839,0.7752145173936019,0.019854431545482745,29,0.8573668668810248,0.8644389827101437,0.8617671272982432,0.8635227240809158,0.8594190470779078,0.8613029496096472,0.0026084247826207102,balanced
0.22414717674255372,0.006696301322777715,0.034468221664428714,0.0013891785437422078,0.5,auto,poly,"{'clf__C': 0.5, 'clf__class_weight': 'balanced', 'clf__gamma': 'auto', 'clf__kernel': 'poly'}",0.5777057633003295,0.6292737317569639,0.5974091726794651,0.5927511205037443,0.624358725912555,0.6042997028306116,0.019566058913745552,232,0.7308007472378851,0.7357918648324329,0.7236328819759053,0.7332961659886874,0.7269073901237222,0.7300858100317266,0.004361633078859606,balanced
0.17803635597229003,0.0018469278600517793,0.03645191192626953,0.0011380636962206824,0.5,auto,sigmoid,"{'clf__C': 0.5, 'clf__class_weight': 'balanced', 'clf__gamma': 'auto', 'clf__kernel': 'sigmoid'}",0.5767735290254948,0.6060880166191313,0.5711588430535799,0.605968846674172,0.6119142639886473,0.5943806998722051,0.01689993716954094,238,0.6090813814702647,0.6184505708291864,0.6002631427536852,0.613409400455198,0.594853276352029,0.6072115543720727,0.008593398629293944,balanced
0.26761798858642577,0.03870283810377181,0.10893869400024414,0.026916344574014192,0.5,0.0001,rbf,"{'clf__C': 0.5, 'clf__class_weight': 'balanced', 'clf__gamma': 0.0001, 'clf__kernel': 'rbf'}",0.5993771227211612,0.6146833102601179,0.6132730232871619,0.5842659018969063,0.5603417729371928,0.594388226220508,0.02027331998269106,237,0.6199865370866033,0.6218790144551612,0.6041239739978459,0.6226299334230707,0.6203252880188037,0.6177889493962969,0.006901560931240113,balanced
0.2688440799713135,0.004158729875958329,0.041085338592529295,0.0021445190221967792,0.5,0.0001,poly,"{'clf__C': 0.5, 'clf__class_weight': 'balanced', 'clf__gamma': 0.0001, 'clf__kernel': 'poly'}",0.078125,0.078125,0.0794392523364486,0.0796875,0.07836990595611286,0.07874933165851229,0.00067523244621339,524,0.07890625,0.07890625,0.07857701329163409,0.078515625,0.07884465261514442,0.0787499581813557,0.0001689042780428904,balanced
0.33597779273986816,0.04236721119203921,0.05117044448852539,0.003016672588276612,0.5,0.0001,sigmoid,"{'clf__C': 0.5, 'clf__class_weight': 'balanced', 'clf__gamma': 0.0001, 'clf__kernel': 'sigmoid'}",0.5430560623163784,0.5055071219220789,0.49720532809686874,0.4883296268841117,0.46627335865853187,0.5000742995755939,0.025161953134874328,286,0.5363678770203155,0.5223692745243786,0.4833214062919743,0.5209799419504797,0.5310857759132069,0.518824855140071,0.018632176378177226,balanced
0.20449299812316896,0.007319023895575089,0.09116435050964355,0.007712135419746095,0.5,0.001,rbf,"{'clf__C': 0.5, 'clf__class_weight': 'balanced', 'clf__gamma': 0.001, 'clf__kernel': 'rbf'}",0.7823683261183262,0.7684723699503508,0.7455661107024092,0.7629774827046066,0.7609222271900343,0.7640613033331454,0.011897102240408686,50,0.8010007790878712,0.8116743973119402,0.8170700734099585,0.803730204349828,0.8021227089521099,0.8071196326223415,0.00622342336664352,balanced
0.2809183597564697,0.02543242280176908,0.04238629341125488,0.0051193046120877874,0.5,0.001,poly,"{'clf__C': 0.5, 'clf__class_weight': 'balanced', 'clf__gamma': 0.001, 'clf__kernel': 'poly'}",0.1744848271747006,0.17820402271621782,0.2342613174499478,0.12495494014481356,0.16283155968518487,0.17494733343417296,0.03514256677386581,386,0.22369799302506932,0.22178443322096586,0.21451968819056375,0.21706879791976533,0.22177225296239308,0.21976863306375147,0.0034163824365586585,balanced
0.2258455753326416,0.007281730559072585,0.04489889144897461,0.002253165149547037,0.5,0.001,sigmoid,"{'clf__C': 0.5, 'clf__class_weight': 'balanced', 'clf__gamma': 0.001, 'clf__kernel': 'sigmoid'}",0.6843622312597853,0.6884110362252378,0.6483933930340443,0.6980066384915534,0.6911490878741368,0.6820644773769515,0.017412541754939188,208,0.7113829408299717,0.7068500254474923,0.7033116184791554,0.7129951679827821,0.7058965298814547,0.7080872565241713,0.003580108172284018,balanced
0.2646034717559814,0.010025234957774668,0.09900569915771484,0.004985818946361382,0.5,0.01,rbf,"{'clf__C': 0.5, 'clf__class_weight': 'balanced', 'clf__gamma': 0.01, 'clf__kernel': 'rbf'}",0.689479838480193,0.6719308376024794,0.6551997849949537,0.7220198623330041,0.7325803531197504,0.694242135306076,0.02927866000350425,203,0.8953182773542553,0.8910134936259896,0.885566993478289,0.8869386835569302,0.901953105542693,0.8921581107116314,0.005965299178235995,balanced
0.17932114601135254,0.008520865766684775,0.028628826141357422,0.0009450943751432556,0.5,0.01,poly,"{'clf__C': 0.5, 'clf__class_weight': 'balanced', 'clf__gamma': 0.01, 'clf__kernel': 'poly'}",0.7067069268916973,0.7287724986430066,0.7280894635375783,0.7229221795418979,0.7758402607645207,0.7324662658757402,0.0231029733001256,78,0.9815840845561246,0.9792550803117765,0.979461733183194,0.9759254421061884,0.9785780060998113,0.9789608692514189,0.001820938522185373,balanced
0.17010817527770997,0.007665224514929222,0.03750929832458496,0.00149887159067763,0.5,0.01,sigmoid,"{'clf__C': 0.5, 'clf__class_weight': 'balanced', 'clf__gamma': 0.01, 'clf__kernel': 'sigmoid'}",0.5053541130631758,0.4987605601254337,0.4823018203290232,0.48917661666906453,0.5332817520918185,0.5017749724557031,0.017620989271316317,285,0.497787297816989,0.4799427407529285,0.48859393954603253,0.48966734732452744,0.4690095893535282,0.48500018295880115,0.0097926974990163,balanced
0.3465562343597412,0.009633034461632141,0.11683268547058105,0.007115516484572041,0.5,0.1,rbf,"{'clf__C': 0.5, 'clf__class_weight': 'balanced', 'clf__gamma': 0.1, 'clf__kernel': 'rbf'}",0.10225442834138486,0.06456953642384106,0.07376012145748989,0.10861592111592111,0.13941299790356393,0.09772260104844017,0.026648141371558836,509,0.6482926829268293,0.648635477582846,0.6484907497565725,0.6484907497565725,0.6484907497565725,0.6484800819558786,0.000109185715992664,balanced
0.21737961769104003,0.006412830599160244,0.03000502586364746,0.0015384728075486492,0.5,0.1,poly,"{'clf__C': 0.5, 'clf__class_weight': 'balanced', 'clf__gamma': 0.1, 'clf__kernel': 'poly'}",0.7210248934088668,0.6973247808179688,0.7246473707966599,0.7222595017275868,0.7635119443193916,0.7257536982140949,0.02130579009373161,90,1.0,1.0,1.0,1.0,1.0,1.0,0.0,balanced
0.2070641040802002,0.006582934093390727,0.043624258041381835,0.0011609637791322393,0.5,0.1,sigmoid,"{'clf__C': 0.5, 'clf__class_weight': 'balanced', 'clf__gamma': 0.1, 'clf__kernel': 'sigmoid'}",0.3929403307272422,0.32246267246267246,0.3536059446623765,0.375353751133862,0.38842038134300055,0.36655661606583073,0.025936499259205707,318,0.34568115034275615,0.33201484123751296,0.3077012785636689,0.3238582928283247,0.30811314725686073,0.32347374204582474,0.014498177227085369,balanced
0.35109286308288573,0.008720235327406217,0.12398304939270019,0.006050694205989807,0.5,0.5,rbf,"{'clf__C': 0.5, 'clf__class_weight': 'balanced', 'clf__gamma': 0.5, 'clf__kernel': 'rbf'}",0.078125,0.078125,0.10982658959537572,0.0796875,0.07836990595611286,0.08482679911029772,0.01251336574608956,513,0.623020706455542,0.6231707317073171,0.6484907497565725,0.6227106227106227,0.623020706455542,0.6280827034171192,0.010205123214016731,balanced
0.21525197029113768,0.011757058487563416,0.02954392433166504,0.0013579136014412498,0.5,0.5,poly,"{'clf__C': 0.5, 'clf__class_weight': 'balanced', 'clf__gamma': 0.5, 'clf__kernel': 'poly'}",0.7210248934088668,0.6973247808179688,0.7246473707966599,0.7222595017275868,0.7635119443193916,0.7257536982140949,0.02130579009373161,90,1.0,1.0,1.0,1.0,1.0,1.0,0.0,balanced
0.18352117538452148,0.015065500051677961,0.03953671455383301,0.0015712950218950922,0.5,0.5,sigmoid,"{'clf__C': 0.5, 'clf__class_weight': 'balanced', 'clf__gamma': 0.5, 'clf__kernel': 'sigmoid'}",0.3959974576808054,0.29347954157466694,0.30541784925890886,0.3617555675232518,0.38137339140875365,0.3476047614892773,0.04096753279628395,337,0.34175947325035777,0.2700912289690758,0.2721633020074277,0.3050696481650831,0.2990677595453166,0.29763028238745215,0.026121877967804148,balanced
0.3559879779815674,0.004660046936410688,0.11179790496826172,0.004300590400512131,0.5,1,rbf,"{'clf__C': 0.5, 'clf__class_weight': 'balanced', 'clf__gamma': 1, 'clf__kernel': 'rbf'}",0.078125,0.078125,0.10982658959537572,0.0796875,0.07836990595611286,0.08482679911029772,0.01251336574608956,513,0.623020706455542,0.6231707317073171,0.6484907497565725,0.6227106227106227,0.623020706455542,0.6280827034171192,0.010205123214016731,balanced
0.20672225952148438,0.0054657213705545035,0.027340078353881837,0.0007556045715439769,0.5,1,poly,"{'clf__C': 0.5, 'clf__class_weight': 'balanced', 'clf__gamma': 1, 'clf__kernel': 'poly'}",0.7210248934088668,0.6973247808179688,0.7246473707966599,0.7222595017275868,0.7635119443193916,0.7257536982140949,0.02130579009373161,90,1.0,1.0,1.0,1.0,1.0,1.0,0.0,balanced
0.16737771034240723,0.00998389387775187,0.036606359481811526,0.001304760049093358,0.5,1,sigmoid,"{'clf__C': 0.5, 'clf__class_weight': 'balanced', 'clf__gamma': 1, 'clf__kernel': 'sigmoid'}",0.3911149193888064,0.3363899446202924,0.3183111832102006,0.31458106657705703,0.3654076385659324,0.34516095047245776,0.029170757558457296,341,0.34245134388071463,0.3142629624975205,0.2811318349291603,0.267305783796278,0.3144170266126917,0.30391379034327304,0.026689810808232094,balanced
0.18837838172912597,0.004826082951940077,0.07894649505615234,0.00431992931755607,1.0,scale,rbf,"{'clf__C': 1, 'clf__class_weight': None, 'clf__gamma': 'scale', 'clf__kernel': 'rbf'}",0.8008097383097382,0.7981399075945953,0.7876560476780428,0.791445630763721,0.8191507636021289,0.7994404175896452,0.010907356196796595,7,0.8944101859513848,0.9027616205755896,0.911569503243464,0.9102160810684301,0.9084215959602343,0.9054757973598206,0.006294374979093976,
0.18799905776977538,0.004829391124758106,0.032675886154174806,0.0010080063531051728,1.0,scale,poly,"{'clf__C': 1, 'clf__class_weight': None, 'clf__gamma': 'scale', 'clf__kernel': 'poly'}",0.580031557190215,0.6465415019762846,0.5921240592196475,0.6193529946409622,0.610733536381653,0.6097567298817524,0.022981117781925863,228,0.7551323485656307,0.7581131595183765,0.7513586674576322,0.7526952625799245,0.7504626373451467,0.7535524150933421,0.002770940098270791,
0.14479928016662597,0.0037201317613452306,0.03273816108703613,0.0009913104534511924,1.0,scale,sigmoid,"{'clf__C': 1, 'clf__class_weight': None, 'clf__gamma': 'scale', 'clf__kernel': 'sigmoid'}",0.598384915944949,0.6246876409203672,0.585934451255874,0.624272735990852,0.6292966601747004,0.6125152808573484,0.01717105999857413,226,0.6370024962609884,0.646313706969638,0.6274152466120618,0.6273348583228789,0.6288372016522132,0.6333807019635561,0.007391377278662108,
0.1831510543823242,0.009496711522678813,0.08102602958679199,0.007675822025492696,1.0,auto,rbf,"{'clf__C': 1, 'clf__class_weight': None, 'clf__gamma': 'auto', 'clf__kernel': 'rbf'}",0.8008097383097382,0.7981399075945953,0.7876560476780428,0.791445630763721,0.8191507636021289,0.7994404175896452,0.010907356196796595,7,0.8944101859513848,0.9027616205755896,0.911569503243464,0.9102160810684301,0.9084215959602343,0.9054757973598206,0.006294374979093976,
0.185044002532959,0.006426931771527357,0.03208670616149902,0.0008323669433593751,1.0,auto,poly,"{'clf__C': 1, 'clf__class_weight': None, 'clf__gamma': 'auto', 'clf__kernel': 'poly'}",0.580031557190215,0.6465415019762846,0.5921240592196475,0.6193529946409622,0.610733536381653,0.6097567298817524,0.022981117781925863,228,0.7551323485656307,0.7581131595183765,0.7513586674576322,0.7526952625799245,0.7504626373451467,0.7535524150933421,0.002770940098270791,
0.1416257381439209,0.0035175568348673855,0.03176336288452149,0.0003088880445679608,1.0,auto,sigmoid,"{'clf__C': 1, 'clf__class_weight': None, 'clf__gamma': 'auto', 'clf__kernel': 'sigmoid'}",0.598384915944949,0.6246876409203672,0.585934451255874,0.624272735990852,0.6292966601747004,0.6125152808573484,0.01717105999857413,226,0.6370024962609884,0.646313706969638,0.6274152466120618,0.6273348583228789,0.6288372016522132,0.6333807019635561,0.007391377278662108,
0.2179997444152832,0.01774776202949381,0.10607266426086426,0.0090520554146083,1.0,0.0001,rbf,"{'clf__C': 1, 'clf__class_weight': None, 'clf__gamma': 0.0001, 'clf__kernel': 'rbf'}",0.5755095830679073,0.5663426212590299,0.6149469110760524,0.5868311272618217,0.5297240913415496,0.5746708668012722,0.02778599438532648,244,0.5860635575400198,0.5856121769266648,0.5916240533157127,0.6000449096025293,0.6024505965625172,0.5931590587894887,0.006977183117049818,
0.20820822715759277,0.010005070186147722,0.039878463745117186,0.0012325112551315727,1.0,0.0001,poly,"{'clf__C': 1, 'clf__class_weight': None, 'clf__gamma': 0.0001, 'clf__kernel': 'poly'}",0.13903743315508021,0.14,0.13903743315508021,0.13941018766756033,0.13941018766756033,0.1393790483290562,0.0003523981125472012,414,0.13946488294314383,0.1392235609103079,0.13946488294314383,0.1393716577540107,0.1393716577540107,0.1393793284609234,8.834064542422246e-05,
0.23437280654907228,0.003280424951719456,0.04826474189758301,0.0016023948138186176,1.0,0.0001,sigmoid,"{'clf__C': 1, 'clf__class_weight': None, 'clf__gamma': 0.0001, 'clf__kernel': 'sigmoid'}",0.3842429897882873,0.4626575930923757,0.4484625230569256,0.43014266604327384,0.4264652727280459,0.43039420894178165,0.02650594188014291,304,0.4276035779092475,0.4244835417313855,0.4408977133692591,0.43731162812330787,0.4452268344292247,0.43510465911248486,0.0078735376625775,
0.1681375026702881,0.0065427780012359766,0.08174548149108887,0.004159231817549224,1.0,0.001,rbf,"{'clf__C': 1, 'clf__class_weight': None, 'clf__gamma': 0.001, 'clf__kernel': 'rbf'}",0.8001966128960185,0.7848125782915135,0.7517970737148819,0.7867818315002163,0.7952835706663265,0.7837743334137913,0.016940023261760803,24,0.830732683841886,0.8344641285870713,0.8436226314018906,0.8330059158225711,0.8225592722597751,0.8328769263826388,0.0067684235704743535,
0.2200490951538086,0.004401170810517858,0.04053659439086914,0.0022836309418899966,1.0,0.001,poly,"{'clf__C': 1, 'clf__class_weight': None, 'clf__gamma': 0.001, 'clf__kernel': 'poly'}",0.23016312955337345,0.23614634719285882,0.2577581594435527,0.18598427194317604,0.23687663184727153,0.2293857079960465,0.023626701925425913,377,0.2671203172832666,0.2699255459468147,0.2658884255882651,0.2729530322216641,0.26401481094168067,0.26798042639633823,0.003141740274475194,
0.17325496673583984,0.001459398414827386,0.03685674667358398,0.0009928514627927005,1.0,0.001,sigmoid,"{'clf__C': 1, 'clf__class_weight': None, 'clf__gamma': 0.001, 'clf__kernel': 'sigmoid'}",0.7307652799178223,0.7587650633432897,0.6497008435777306,0.7018549252958048,0.6946523804619352,0.7071476985193166,0.036623571827216546,198,0.7358341078424112,0.7510548624896436,0.7438305400492762,0.7373860692093295,0.7130190074117235,0.7362249174004768,0.012788964236900723,
0.30286402702331544,0.014083925964144695,0.09553098678588867,0.006464340509927563,1.0,0.01,rbf,"{'clf__C': 1, 'clf__class_weight': None, 'clf__gamma': 0.01, 'clf__kernel': 'rbf'}",0.7167541982753032,0.7004314210885085,0.6707179985515711,0.7238656196662916,0.7609655151938007,0.714546950555095,0.029552048610779282,196,0.9612539378981874,0.9585682142141974,0.9590821942618758,0.9602323335999412,0.9626736167343269,0.9603620593417059,0.0014840154090186197,
0.20212135314941407,0.00692561613786416,0.028555870056152344,0.0009841874241727393,1.0,0.01,poly,"{'clf__C': 1, 'clf__class_weight': None, 'clf__gamma': 0.01, 'clf__kernel': 'poly'}",0.7196112432164138,0.7172616002922908,0.745551582950448,0.7223842937832803,0.7681754889509596,0.7345968418386785,0.019604881995368563,70,0.9910766249503141,0.9863687907358518,0.987828580320975,0.9880294366431347,0.9887106239446352,0.9884028113189821,0.001539507555541214,
0.14349889755249023,0.004335653321033653,0.03408684730529785,0.0011737763726563024,1.0,0.01,sigmoid,"{'clf__C': 1, 'clf__class_weight': None, 'clf__gamma': 0.01, 'clf__kernel': 'sigmoid'}",0.49637975076028384,0.5502628230983869,0.5139091391542372,0.48416523880844836,0.5218864468864468,0.5133206797415606,0.0226957062803075,283,0.4779103043086393,0.5018003051025101,0.4687398624592902,0.481760743975591,0.4880477512507266,0.48365179341935144,0.01102360532433721,
0.3612767219543457,0.018992868947044963,0.12191596031188964,0.002917849525816004,1.0,0.1,rbf,"{'clf__C': 1, 'clf__class_weight': None, 'clf__gamma': 0.1, 'clf__kernel': 'rbf'}",0.15901571546732834,0.14,0.13903743315508021,0.15902964959568733,0.15939249429815466,0.15129505850325012,0.009621108413740278,407,1.0,1.0,1.0,1.0,1.0,1.0,0.0,
0.21477146148681642,0.007028413341654627,0.028586149215698242,0.0009027722189452152,1.0,0.1,poly,"{'clf__C': 1, 'clf__class_weight': None, 'clf__gamma': 0.1, 'clf__kernel': 'poly'}",0.7210248934088668,0.6973247808179688,0.7246473707966599,0.7222595017275868,0.7635119443193916,0.7257536982140949,0.02130579009373161,90,1.0,1.0,1.0,1.0,1.0,1.0,0.0,
0.18593940734863282,0.01173741307550727,0.03988480567932129,0.0009195150142403074,1.0,0.1,sigmoid,"{'clf__C': 1, 'clf__class_weight': None, 'clf__gamma': 0.1, 'clf__kernel': 'sigmoid'}",0.37575043841545847,0.2723957785030003,0.36441628875921744,0.3531375430612181,0.3449824758363714,0.34213650491505315,0.03638454783220901,347,0.35117092127638433,0.3079202936643403,0.3204226007317026,0.3230607690159772,0.2924661150059116,0.31900813993886323,0.019392206824831587,
0.384029483795166,0.024748188732450972,0.1167407512664795,0.00518046871830478,1.0,0.5,rbf,"{'clf__C': 1, 'clf__class_weight': None, 'clf__gamma': 0.5, 'clf__kernel': 'rbf'}",0.13903743315508021,0.14,0.13903743315508021,0.13941018766756033,0.13941018766756033,0.1393790483290562,0.0003523981125472012,414,1.0,1.0,1.0,1.0,1.0,1.0,0.0,
0.2100532054901123,0.00841801654311319,0.028108692169189452,0.0008949138801021931,1.0,0.5,poly,"{'clf__C': 1, 'clf__class_weight': None, 'clf__gamma': 0.5, 'clf__kernel': 'poly'}",0.7210248934088668,0.6973247808179688,0.7246473707966599,0.7222595017275868,0.7635119443193916,0.7257536982140949,0.02130579009373161,90,1.0,1.0,1.0,1.0,1.0,1.0,0.0,
0.16768159866333007,0.012183826667444728,0.037257957458496097,0.0020100884436135206,1.0,0.5,sigmoid,"{'clf__C': 1, 'clf__class_weight': None, 'clf__gamma': 0.5, 'clf__kernel': 'sigmoid'}",0.3346930069232322,0.2811394640105399,0.33415245471204175,0.32710897808185546,0.35530735920574186,0.32648025258668223,0.024549934825682292,359,0.3120710068053462,0.3012558373698679,0.30535515023448073,0.31662806766148627,0.30604430322773213,0.3082708730597827,0.005421318965651756,
0.3734447002410889,0.0097490635450922,0.11733050346374511,0.005043986036592468,1.0,1,rbf,"{'clf__C': 1, 'clf__class_weight': None, 'clf__gamma': 1, 'clf__kernel': 'rbf'}",0.13903743315508021,0.14,0.13903743315508021,0.13941018766756033,0.13941018766756033,0.1393790483290562,0.0003523981125472012,414,1.0,1.0,1.0,1.0,1.0,1.0,0.0,
0.2044062614440918,0.010134820970107003,0.027531957626342772,0.0004658798745766246,1.0,1,poly,"{'clf__C': 1, 'clf__class_weight': None, 'clf__gamma': 1, 'clf__kernel': 'poly'}",0.7210248934088668,0.6973247808179688,0.7246473707966599,0.7222595017275868,0.7635119443193916,0.7257536982140949,0.02130579009373161,90,1.0,1.0,1.0,1.0,1.0,1.0,0.0,
0.16073822975158691,0.013692067533162457,0.034455299377441406,0.0008584632466199704,1.0,1,sigmoid,"{'clf__C': 1, 'clf__class_weight': None, 'clf__gamma': 1, 'clf__kernel': 'sigmoid'}",0.3561818915721906,0.27593007142095727,0.36951743053655134,0.3097573810239124,0.380126123519053,0.3383025796145329,0.03936598450396489,351,0.34033288416743646,0.3086994145457424,0.33408153989754336,0.31112495535488405,0.3114274848092452,0.3211332557549703,0.013306030716777476,
0.20354270935058594,0.0029037135879759093,0.0874781608581543,0.005874155604884652,1.0,scale,rbf,"{'clf__C': 1, 'clf__class_weight': 'balanced', 'clf__gamma': 'scale', 'clf__kernel': 'rbf'}",0.8289794265636268,0.7707177178741159,0.7710194931841744,0.7795548538122795,0.8181604328393319,0.7936863848547058,0.02484200325373669,11,0.9063440301362315,0.9081469780638702,0.9085595930978985,0.9083598723763692,0.9067169739644841,0.9076254895277709,0.0009111922565761921,balanced
0.20798120498657227,0.0026903162125954555,0.03382887840270996,0.0015302981560801948,1.0,scale,poly,"{'clf__C': 1, 'clf__class_weight': 'balanced', 'clf__gamma': 'scale', 'clf__kernel': 'poly'}",0.6545704450832618,0.6844589669346184,0.6553800850030358,0.665309305205426,0.6931091535267903,0.6705655911506264,0.01559045176956562,210,0.8011347505908353,0.8022562580898066,0.7951814899818851,0.8080405382083748,0.8054707642521387,0.8024167602246081,0.004358262601828118,balanced
0.15260872840881348,0.0023645056371399817,0.034388256072998044,0.0016402751228983866,1.0,scale,sigmoid,"{'clf__C': 1, 'clf__class_weight': 'balanced', 'clf__gamma': 'scale', 'clf__kernel': 'sigmoid'}",0.5572806385840093,0.5749103942652329,0.5341006859667481,0.5795939495185997,0.6020165883242249,0.5695804513317629,0.022763482003383826,251,0.5834585233647583,0.5880741121191069,0.5838547192969787,0.5884577207781208,0.5825219510892986,0.5852734053296527,0.0024843828383891444,balanced
0.19662628173828126,0.006783614787883563,0.08092718124389649,0.004665388941548319,1.0,auto,rbf,"{'clf__C': 1, 'clf__class_weight': 'balanced', 'clf__gamma': 'auto', 'clf__kernel': 'rbf'}",0.8289794265636268,0.7707177178741159,0.7710194931841744,0.7795548538122795,0.8181604328393319,0.7936863848547058,0.02484200325373669,11,0.9063440301362315,0.9081469780638702,0.9085595930978985,0.9083598723763692,0.9067169739644841,0.9076254895277709,0.0009111922565761921,balanced
0.20544471740722656,0.0008286081578645851,0.03253273963928223,0.00041806496001583836,1.0,auto,poly,"{'clf__C': 1, 'clf__class_weight': 'balanced', 'clf__gamma': 'auto', 'clf__kernel': 'poly'}",0.6545704450832618,0.6844589669346184,0.6553800850030358,0.665309305205426,0.6931091535267903,0.6705655911506264,0.01559045176956562,210,0.8011347505908353,0.8022562580898066,0.7951814899818851,0.8080405382083748,0.8054707642521387,0.8024167602246081,0.004358262601828118,balanced
0.14945998191833496,0.004965806043042557,0.033773374557495114,0.0012859571600458395,1.0,auto,sigmoid,"{'clf__C': 1, 'clf__class_weight': 'balanced', 'clf__gamma': 'auto', 'clf__kernel': 'sigmoid'}",0.5572806385840093,0.5749103942652329,0.5341006859667481,0.5795939495185997,0.6020165883242249,0.5695804513317629,0.022763482003383826,251,0.5834585233647583,0.5880741121191069,0.5838547192969787,0.5884577207781208,0.5825219510892986,0.5852734053296527,0.0024843828383891444,balanced
0.2457052230834961,0.005741466947740809,0.09928693771362304,0.006358179239587587,1.0,0.0001,rbf,"{'clf__C': 1, 'clf__class_weight': 'balanced', 'clf__gamma': 0.0001, 'clf__kernel': 'rbf'}",0.6840005772209161,0.7007926167451102,0.7008502758426108,0.7107958251793868,0.6632764589454125,0.6919431507866872,0.01672086691675159,204,0.7219332711717165,0.7028072287713245,0.7232655752567825,0.7148953644172665,0.721583640494421,0.7168970160223023,0.007621227926279389,balanced
0.2617632865905762,0.00540099719152478,0.038805675506591794,0.0017577909682076026,1.0,0.0001,poly,"{'clf__C': 1, 'clf__class_weight': 'balanced', 'clf__gamma': 0.0001, 'clf__kernel': 'poly'}",0.078125,0.078125,0.0794392523364486,0.0796875,0.07836990595611286,0.07874933165851229,0.00067523244621339,524,0.08539916071090378,0.08217307191114853,0.08506950506012799,0.08176172666743027,0.08533737045761268,0.08394816696144465,0.0016262934509595234,balanced
0.29027786254882815,0.009360855259323958,0.04881420135498047,0.003121360254437211,1.0,0.0001,sigmoid,"{'clf__C': 1, 'clf__class_weight': 'balanced', 'clf__gamma': 0.0001, 'clf__kernel': 'sigmoid'}",0.5983725928906226,0.6344008533646017,0.5995990800143347,0.58796960560061,0.5635548308194048,0.5967793925379147,0.02283570487999121,235,0.6211374465489481,0.6228631217489046,0.6170112929723196,0.6219437468813489,0.6273213595725062,0.6220553935448054,0.0033069885184745505,balanced
0.17883553504943847,0.00482306790537747,0.0873331069946289,0.003352814867142242,1.0,0.001,rbf,"{'clf__C': 1, 'clf__class_weight': 'balanced', 'clf__gamma': 0.001, 'clf__kernel': 'rbf'}",0.8196778008846273,0.7727346038702747,0.7670960258046711,0.7735138613878052,0.7950699043805469,0.785618439265585,0.01951903751328822,22,0.829296364522255,0.8519993487600084,0.8486302881028992,0.8437037931604185,0.8427427152699302,0.8432745019631023,0.007754518826324029,balanced
0.2665711879730225,0.005925076335828205,0.04196224212646484,0.003019745961727916,1.0,0.001,poly,"{'clf__C': 1, 'clf__class_weight': 'balanced', 'clf__gamma': 0.001, 'clf__kernel': 'poly'}",0.42278985766397253,0.28660470034937297,0.4441783473764338,0.2212335048087676,0.25111226736291775,0.32518373551229296,0.09106837820605788,363,0.4724499510686994,0.33215405498677847,0.4819243577510168,0.30258098921500093,0.3222410588333396,0.382270082370967,0.07813940715866362,balanced
0.1905527114868164,0.004987476128362963,0.04000353813171387,0.0021575924709881676,1.0,0.001,sigmoid,"{'clf__C': 1, 'clf__class_weight': 'balanced', 'clf__gamma': 0.001, 'clf__kernel': 'sigmoid'}",0.7043248793061709,0.683394247312339,0.6442641558303053,0.6818216924867323,0.706604005341642,0.6840817960554378,0.022396685447365644,207,0.71146970157244,0.7215626759554001,0.7128812969851864,0.7152118124549768,0.7054940096203175,0.7133238993176642,0.0052226961480879965,balanced
0.29128756523132326,0.01470800132841648,0.1017798900604248,0.006962752352633131,1.0,0.01,rbf,"{'clf__C': 1, 'clf__class_weight': 'balanced', 'clf__gamma': 0.01, 'clf__kernel': 'rbf'}",0.7188401699569641,0.7180741835793486,0.6826885251189637,0.7364506855373728,0.771808859791342,0.7255724847967983,0.02897143491747932,172,0.9717289529478523,0.9655230723594569,0.9639264554664968,0.9647058436387885,0.9707648084142408,0.967329826565367,0.0032521991091366276,balanced
0.2020057201385498,0.011668518274806599,0.02888312339782715,0.0008422832261154961,1.0,0.01,poly,"{'clf__C': 1, 'clf__class_weight': 'balanced', 'clf__gamma': 0.01, 'clf__kernel': 'poly'}",0.7208184555873631,0.712935989647597,0.7443649023907797,0.7219041079164112,0.7708137194118503,0.7341674349908003,0.021101171610365132,73,0.994296788482835,0.9929930487848467,0.989943637482316,0.9932094967562453,0.9939134857119823,0.992871291443645,0.0015374378753359656,balanced
0.15765008926391602,0.015375160329925981,0.03555278778076172,0.0017523791215838906,1.0,0.01,sigmoid,"{'clf__C': 1, 'clf__class_weight': 'balanced', 'clf__gamma': 0.01, 'clf__kernel': 'sigmoid'}",0.46736815217473315,0.5029741463098555,0.45172165272527925,0.479975661918989,0.48853410640188116,0.4781147439061476,0.017561893488236568,295,0.4803930980569323,0.4619885594522974,0.4700520015567581,0.48425715808394026,0.4588241993744989,0.47110300330488536,0.009942679375608589,balanced
0.3718564987182617,0.00482467783214099,0.11220479011535645,0.0053856856328212575,1.0,0.1,rbf,"{'clf__C': 1, 'clf__class_weight': 'balanced', 'clf__gamma': 0.1, 'clf__kernel': 'rbf'}",0.1730425585772538,0.1493440989663332,0.14915114892917336,0.1647259742276044,0.13001794124243105,0.15325634438855915,0.014800191588969959,406,1.0,1.0,1.0,1.0,1.0,1.0,0.0,balanced
0.20476417541503905,0.00791288020995699,0.028675127029418945,0.0009706095775085399,1.0,0.1,poly,"{'clf__C': 1, 'clf__class_weight': 'balanced', 'clf__gamma': 0.1, 'clf__kernel': 'poly'}",0.7210248934088668,0.6973247808179688,0.7246473707966599,0.7222595017275868,0.7635119443193916,0.7257536982140949,0.02130579009373161,90,1.0,1.0,1.0,1.0,1.0,1.0,0.0,balanced
0.20282793045043945,0.009631789637638074,0.04241857528686523,0.0013641622039929373,1.0,0.1,sigmoid,"{'clf__C': 1, 'clf__class_weight': 'balanced', 'clf__gamma': 0.1, 'clf__kernel': 'sigmoid'}",0.43229300972912155,0.3248759432002466,0.41335997080873627,0.38275998058488053,0.38206931243495706,0.3870716433515884,0.0364635900735905,310,0.36113023217571605,0.33585325379366937,0.3277399465725947,0.32088923997696217,0.30101529290797313,0.32932559308538306,0.019643344148883506,balanced
0.3793741226196289,0.007903418787664832,0.11621184349060058,0.010063691391498713,1.0,0.5,rbf,"{'clf__C': 1, 'clf__class_weight': 'balanced', 'clf__gamma': 0.5, 'clf__kernel': 'rbf'}",0.11095100864553314,0.10982658959537572,0.10982658959537572,0.11014492753623188,0.11014492753623188,0.11017880858174967,0.0004115106846055252,490,1.0,1.0,1.0,1.0,1.0,1.0,0.0,balanced
0.2130880355834961,0.006961352634576697,0.02796039581298828,0.0010676959036349306,1.0,0.5,poly,"{'clf__C': 1, 'clf__class_weight': 'balanced', 'clf__gamma': 0.5, 'clf__kernel': 'poly'}",0.7210248934088668,0.6973247808179688,0.7246473707966599,0.7222595017275868,0.7635119443193916,0.7257536982140949,0.02130579009373161,90,1.0,1.0,1.0,1.0,1.0,1.0,0.0,balanced
0.17561607360839843,0.009106240036953227,0.03819661140441895,0.0013385362651454915,1.0,0.5,sigmoid,"{'clf__C': 1, 'clf__class_weight': 'balanced', 'clf__gamma': 0.5, 'clf__kernel': 'sigmoid'}",0.3949462295367468,0.29017601039715296,0.2996481812760882,0.3819834307992202,0.3830320839801878,0.34995718719787916,0.04527345399560257,332,0.35827592531540003,0.26757147249008,0.2740602967994056,0.32253721375152666,0.3053204511820151,0.30555307190768544,0.033174120143163496,balanced
0.3776706218719482,0.010631447239195041,0.11803717613220215,0.009145574847212368,1.0,1,rbf,"{'clf__C': 1, 'clf__class_weight': 'balanced', 'clf__gamma': 1, 'clf__kernel': 'rbf'}",0.11095100864553314,0.10982658959537572,0.10982658959537572,0.11014492753623188,0.11014492753623188,0.11017880858174967,0.0004115106846055252,490,1.0,1.0,1.0,1.0,1.0,1.0,0.0,balanced
0.21192607879638672,0.007406181182183832,0.028585386276245118,0.0006923052435283039,1.0,1,poly,"{'clf__C': 1, 'clf__class_weight': 'balanced', 'clf__gamma': 1, 'clf__kernel': 'poly'}",0.7210248934088668,0.6973247808179688,0.7246473707966599,0.7222595017275868,0.7635119443193916,0.7257536982140949,0.02130579009373161,90,1.0,1.0,1.0,1.0,1.0,1.0,0.0,balanced
0.16785907745361328,0.011551957137674379,0.03694815635681152,0.0018806236473258471,1.0,1,sigmoid,"{'clf__C': 1, 'clf__class_weight': 'balanced', 'clf__gamma': 1, 'clf__kernel': 'sigmoid'}",0.38249560732529675,0.3773972412247863,0.3201380262249827,0.3113968685300207,0.3893595608805939,0.3561574608371361,0.0333110071060789,322,0.3364271376040296,0.3196106570415897,0.2935548776556042,0.26809866933364623,0.3064314099276505,0.304824550312504,0.02321951906914568,balanced
0.19427142143249512,0.006256256418932796,0.07492294311523437,0.004586397107306264,5.0,scale,rbf,"{'clf__C': 5, 'clf__class_weight': None, 'clf__gamma': 'scale', 'clf__kernel': 'rbf'}",0.8259659703834461,0.7921990624608052,0.8024508628954937,0.7758911837295182,0.8126241561518645,0.8018262471242255,0.017117367911531983,4,0.9757380367689178,0.9737836239954408,0.9713852797322771,0.9690734155747872,0.9704385384000456,0.9720837788942938,0.0023874705719999145,
0.1684863567352295,0.004106299471395128,0.030020475387573242,0.0012842614470163708,5.0,scale,poly,"{'clf__C': 5, 'clf__class_weight': None, 'clf__gamma': 'scale', 'clf__kernel': 'poly'}",0.7265266493273824,0.7167670491713557,0.7016455067605424,0.6921381266053543,0.7409952568350588,0.7156145177399388,0.017383089886111373,194,0.9019029740666129,0.9046039296383399,0.8946053974784914,0.9001180475966739,0.8967651858706714,0.8995991069301578,0.0035663313417908767,
0.1181528091430664,0.004397690798968351,0.027532005310058595,0.0007106391629370232,5.0,scale,sigmoid,"{'clf__C': 5, 'clf__class_weight': None, 'clf__gamma': 'scale', 'clf__kernel': 'sigmoid'}",0.5543427340761,0.5846837521416334,0.5349461450850009,0.5989191827531211,0.5955193748759099,0.5736822377863531,0.024937115098422474,245,0.6066200467502877,0.613638490268925,0.6021137436216357,0.5987738787202053,0.5926624614124614,0.602761724154703,0.007092370439741517,
0.1871208667755127,0.005595421245288882,0.07373561859130859,0.003878669201045637,5.0,auto,rbf,"{'clf__C': 5, 'clf__class_weight': None, 'clf__gamma': 'auto', 'clf__kernel': 'rbf'}",0.8259659703834461,0.7921990624608052,0.8024508628954937,0.7758911837295182,0.8126241561518645,0.8018262471242255,0.017117367911531983,4,0.9757380367689178,0.9737836239954408,0.9713852797322771,0.9690734155747872,0.9704385384000456,0.9720837788942938,0.0023874705719999145,
0.16681690216064454,0.007153881114853806,0.02908353805541992,0.0013319616827924005,5.0,auto,poly,"{'clf__C': 5, 'clf__class_weight': None, 'clf__gamma': 'auto', 'clf__kernel': 'poly'}",0.7265266493273824,0.7167670491713557,0.7016455067605424,0.6921381266053543,0.7409952568350588,0.7156145177399388,0.017383089886111373,194,0.9019029740666129,0.9046039296383399,0.8946053974784914,0.9001180475966739,0.8967651858706714,0.8995991069301578,0.0035663313417908767,
0.1088740348815918,0.0036491946718272493,0.025933170318603517,0.0005474336382700306,5.0,auto,sigmoid,"{'clf__C': 5, 'clf__class_weight': None, 'clf__gamma': 'auto', 'clf__kernel': 'sigmoid'}",0.5543427340761,0.5846837521416334,0.5349461450850009,0.5989191827531211,0.5955193748759099,0.5736822377863531,0.024937115098422474,245,0.6066200467502877,0.613638490268925,0.6021137436216357,0.5987738787202053,0.5926624614124614,0.602761724154703,0.007092370439741517,
0.1607032299041748,0.008738803070991015,0.08183150291442871,0.005496487858644167,5.0,0.0001,rbf,"{'clf__C': 5, 'clf__class_weight': None, 'clf__gamma': 0.0001, 'clf__kernel': 'rbf'}",0.7580588219611675,0.7321112829458135,0.7209627816481516,0.7372083241626767,0.7293034650143766,0.7355289351464371,0.012434032330806012,68,0.7687122332324534,0.7886386477463982,0.8026146418079156,0.7887016381823166,0.7468177655677656,0.7790969853073699,0.019422481555565408,
0.22290983200073242,0.009377959424225573,0.03952808380126953,0.0018989702228914612,5.0,0.0001,poly,"{'clf__C': 5, 'clf__class_weight': None, 'clf__gamma': 0.0001, 'clf__kernel': 'poly'}",0.13903743315508021,0.14,0.16397124887690925,0.15260545905707196,0.13941018766756033,0.14700486575132435,0.009893958391930835,410,0.1492389791970679,0.1457796144191527,0.15565186366689054,0.14588734685577753,0.1491453788566051,0.14914063659909876,0.0035856975871373905,
0.19302015304565429,0.005987792966370165,0.040419149398803714,0.002142344019285906,5.0,0.0001,sigmoid,"{'clf__C': 5, 'clf__class_weight': None, 'clf__gamma': 0.0001, 'clf__kernel': 'sigmoid'}",0.6137022419751818,0.6768423480567408,0.6557333842627961,0.6491793578925705,0.5846538615446178,0.6360222387463814,0.03275610721106832,218,0.6693873995169002,0.6615255178612489,0.6733404095228072,0.6578534105817068,0.6630662367216782,0.6650345948408682,0.005580160004456896,
0.14571361541748046,0.006888452813421983,0.06480417251586915,0.004262081924432718,5.0,0.001,rbf,"{'clf__C': 5, 'clf__class_weight': None, 'clf__gamma': 0.001, 'clf__kernel': 'rbf'}",0.8264020219504904,0.8168405578998238,0.7787435841827515,0.766289238700175,0.8329778538918544,0.804250651325019,0.02670625566469069,2,0.9117151668327772,0.9205219196810921,0.922514209093407,0.9122493549888471,0.9206505416344744,0.9175302384461196,0.0045875745218919494,
0.20816411972045898,0.006011368907426416,0.03676595687866211,0.001348168634976927,5.0,0.001,poly,"{'clf__C': 5, 'clf__class_weight': None, 'clf__gamma': 0.001, 'clf__kernel': 'poly'}",0.34377952513545323,0.41151573693653976,0.40487888337153044,0.36756242103636644,0.3588488565068432,0.3773170845973466,0.026420436703947232,313,0.4507350971065281,0.45525545044393734,0.4727404760839836,0.44876248882875586,0.4657748452306154,0.45865367153876413,0.009178631707348171,
0.12769746780395508,0.008216907736887078,0.02814030647277832,0.0011283242318038582,5.0,0.001,sigmoid,"{'clf__C': 5, 'clf__class_weight': None, 'clf__gamma': 0.001, 'clf__kernel': 'sigmoid'}",0.7001267536657736,0.7015462409579454,0.6648743218467763,0.7018273347074679,0.7063875987192376,0.6949524499794401,0.015185334746369777,202,0.7544707665875352,0.7495595208206884,0.7554983702441173,0.7505540529038526,0.7264107406031239,0.7472986902318635,0.01068352575066159,
0.3296358585357666,0.009545617269932208,0.09594521522521973,0.006014812203570232,5.0,0.01,rbf,"{'clf__C': 5, 'clf__class_weight': None, 'clf__gamma': 0.01, 'clf__kernel': 'rbf'}",0.7065788268169221,0.6851908666434116,0.6923829751790771,0.7381461329187718,0.774823740200758,0.7194245083517882,0.03312935976117416,178,1.0,0.9988908184633076,1.0,1.0,0.9985736545607096,0.9994928946048034,0.0006291209079877363,
0.21087956428527832,0.006354624851904973,0.02879648208618164,0.0008736121512005392,5.0,0.01,poly,"{'clf__C': 5, 'clf__class_weight': None, 'clf__gamma': 0.01, 'clf__kernel': 'poly'}",0.7183688885108098,0.6945926078215166,0.7240987592219987,0.7222595017275868,0.7673120322250397,0.7253263579013904,0.02352309175262895,173,1.0,1.0,1.0,1.0,1.0,1.0,0.0,
0.12736740112304687,0.0020849955678861622,0.03115553855895996,0.0007031287748213526,5.0,0.01,sigmoid,"{'clf__C': 5, 'clf__class_weight': None, 'clf__gamma': 0.01, 'clf__kernel': 'sigmoid'}",0.4584720691318631,0.531798424837215,0.47222222222222227,0.4755784602164796,0.4962846304951568,0.4868711613805874,0.025517434671498824,289,0.47950027391230365,0.49347133554408484,0.45494124035217,0.4670871058529052,0.47952483716869815,0.4749049585660323,0.013014141704260433,
0.39228167533874514,0.009750165419337462,0.11612057685852051,0.005913635409408368,5.0,0.1,rbf,"{'clf__C': 5, 'clf__class_weight': None, 'clf__gamma': 0.1, 'clf__kernel': 'rbf'}",0.1863759546686376,0.15998143947205612,0.158652870764861,0.19432095224437115,0.15939249429815466,0.17174474228961611,0.015402000228814983,389,1.0,1.0,1.0,1.0,1.0,1.0,0.0,
0.22508692741394043,0.022651231460782895,0.028271484375,0.0008341532860602817,5.0,0.1,poly,"{'clf__C': 5, 'clf__class_weight': None, 'clf__gamma': 0.1, 'clf__kernel': 'poly'}",0.7210248934088668,0.6973247808179688,0.7246473707966599,0.7222595017275868,0.7635119443193916,0.7257536982140949,0.02130579009373161,90,1.0,1.0,1.0,1.0,1.0,1.0,0.0,
0.18598289489746095,0.006037798396469748,0.04004054069519043,0.001010895488396879,5.0,0.1,sigmoid,"{'clf__C': 5, 'clf__class_weight': None, 'clf__gamma': 0.1, 'clf__kernel': 'sigmoid'}",0.37303025070446505,0.2756275232890298,0.3595099347241212,0.36627885200838306,0.3580034035154118,0.3464899928482822,0.03583169361782152,339,0.3616871509266803,0.32012326398374547,0.325189747942051,0.34179981954857763,0.2958497099506315,0.3289299384703372,0.02202052164002783,
0.3701658248901367,0.05146637161555099,0.10832123756408692,0.019840404124392776,5.0,0.5,rbf,"{'clf__C': 5, 'clf__class_weight': None, 'clf__gamma': 0.5, 'clf__kernel': 'rbf'}",0.13903743315508021,0.14,0.13903743315508021,0.13941018766756033,0.13941018766756033,0.1393790483290562,0.0003523981125472012,414,1.0,1.0,1.0,1.0,1.0,1.0,0.0,
0.2052304744720459,0.005342301428513197,0.02740473747253418,0.000984408750688251,5.0,0.5,poly,"{'clf__C': 5, 'clf__class_weight': None, 'clf__gamma': 0.5, 'clf__kernel': 'poly'}",0.7210248934088668,0.6973247808179688,0.7246473707966599,0.7222595017275868,0.7635119443193916,0.7257536982140949,0.02130579009373161,90,1.0,1.0,1.0,1.0,1.0,1.0,0.0,
0.20767803192138673,0.04696857901461304,0.036641597747802734,0.0009656799302818454,5.0,0.5,sigmoid,"{'clf__C': 5, 'clf__class_weight': None, 'clf__gamma': 0.5, 'clf__kernel': 'sigmoid'}",0.323458485958486,0.28897944647944646,0.3504525947119179,0.30429498369514785,0.35192842519475687,0.323822787207951,0.024878101828320384,368,0.30791946744337395,0.30430140718849347,0.32127727132801437,0.30368874360662684,0.306109732722544,0.3086593244578105,0.006480100409129524,
0.4107667446136475,0.01746093468833796,0.1087989330291748,0.008972093842009218,5.0,1,rbf,"{'clf__C': 5, 'clf__class_weight': None, 'clf__gamma': 1, 'clf__kernel': 'rbf'}",0.13903743315508021,0.14,0.13903743315508021,0.13941018766756033,0.13941018766756033,0.1393790483290562,0.0003523981125472012,414,1.0,1.0,1.0,1.0,1.0,1.0,0.0,
0.20035486221313475,0.008578797487414677,0.02732682228088379,0.0006503256835041487,5.0,1,poly,"{'clf__C': 5, 'clf__class_weight': None, 'clf__gamma': 1, 'clf__kernel': 'poly'}",0.7210248934088668,0.6973247808179688,0.7246473707966599,0.7222595017275868,0.7635119443193916,0.7257536982140949,0.02130579009373161,90,1.0,1.0,1.0,1.0,1.0,1.0,0.0,
0.16023688316345214,0.022117794761771403,0.03322720527648926,0.0013587017849856584,5.0,1,sigmoid,"{'clf__C': 5, 'clf__class_weight': None, 'clf__gamma': 1, 'clf__kernel': 'sigmoid'}",0.3475213762396646,0.26310444874274663,0.3600237081902442,0.33664841447860316,0.37917952152407064,0.33729549383506585,0.03969922431928624,352,0.3470851441331649,0.30873088146672434,0.336550355516523,0.32776747454897787,0.3047275714090008,0.32497228541487816,0.016152244163928266,
0.1908092975616455,0.004435023871675703,0.07579493522644043,0.005274223315154028,5.0,scale,rbf,"{'clf__C': 5, 'clf__class_weight': 'balanced', 'clf__gamma': 'scale', 'clf__kernel': 'rbf'}",0.8135589518716062,0.7853352140924995,0.7793817066939193,0.7561244330130446,0.8267691981812821,0.7922339007704703,0.025155949610006775,13,0.9749470958652138,0.9746903561964676,0.9755899829281536,0.9724066788872021,0.9734363561330082,0.974214094002009,0.0011426997275338629,balanced
0.1908905029296875,0.025589429361378684,0.0288541316986084,0.0006842931713441045,5.0,scale,poly,"{'clf__C': 5, 'clf__class_weight': 'balanced', 'clf__gamma': 'scale', 'clf__kernel': 'poly'}",0.724140735383319,0.742007689720108,0.7045006290429632,0.6945567398499882,0.7392403029476806,0.7208892193888119,0.018736647434199987,176,0.9243154883267373,0.9276383418290733,0.926064277113748,0.9192751714268176,0.9218893452886499,0.9238365247970052,0.0029746781943050713,balanced
0.13427324295043946,0.02935413879079328,0.027988958358764648,0.0010724665191342666,5.0,scale,sigmoid,"{'clf__C': 5, 'clf__class_weight': 'balanced', 'clf__gamma': 'scale', 'clf__kernel': 'sigmoid'}",0.5487927299592601,0.5520795770155646,0.49598506069094306,0.5527614145432147,0.5718064832426535,0.5442850530903272,0.025468572165968588,268,0.5532380521592063,0.5602747042596086,0.5651988732940076,0.5671420879706709,0.5585281369430357,0.5608763709253057,0.004942941553461032,balanced
0.18436236381530763,0.0038863910375365887,0.0772308349609375,0.004664834029493161,5.0,auto,rbf,"{'clf__C': 5, 'clf__class_weight': 'balanced', 'clf__gamma': 'auto', 'clf__kernel': 'rbf'}",0.8135589518716062,0.7853352140924995,0.7793817066939193,0.7561244330130446,0.8267691981812821,0.7922339007704703,0.025155949610006775,13,0.9749470958652138,0.9746903561964676,0.9755899829281536,0.9724066788872021,0.9734363561330082,0.974214094002009,0.0011426997275338629,balanced
0.17287883758544922,0.0037896221410045183,0.029578781127929686,0.000884682760889631,5.0,auto,poly,"{'clf__C': 5, 'clf__class_weight': 'balanced', 'clf__gamma': 'auto', 'clf__kernel': 'poly'}",0.724140735383319,0.742007689720108,0.7045006290429632,0.6945567398499882,0.7392403029476806,0.7208892193888119,0.018736647434199987,176,0.9243154883267373,0.9276383418290733,0.926064277113748,0.9192751714268176,0.9218893452886499,0.9238365247970052,0.0029746781943050713,balanced
0.1267533302307129,0.0031569133864441934,0.0301058292388916,0.0010466278980022531,5.0,auto,sigmoid,"{'clf__C': 5, 'clf__class_weight': 'balanced', 'clf__gamma': 'auto', 'clf__kernel': 'sigmoid'}",0.5487927299592601,0.5520795770155646,0.49598506069094306,0.5527614145432147,0.5718064832426535,0.5442850530903272,0.025468572165968588,268,0.5532380521592063,0.5602747042596086,0.5651988732940076,0.5671420879706709,0.5585281369430357,0.5608763709253057,0.004942941553461032,balanced
0.18671135902404784,0.002542371656527047,0.08350982666015624,0.004958520578659857,5.0,0.0001,rbf,"{'clf__C': 5, 'clf__class_weight': 'balanced', 'clf__gamma': 0.0001, 'clf__kernel': 'rbf'}",0.8004375216238035,0.7462959990859985,0.7482651313869735,0.7440779035123104,0.7948296090050213,0.7667812329228214,0.0252878989152112,49,0.790109113739175,0.8151164655360724,0.8038240265051667,0.8053452224791544,0.7941163153539802,0.8017022287227098,0.008827928129334034,balanced
0.26782565116882323,0.014780278579845775,0.038537454605102536,0.0015446816563335088,5.0,0.0001,poly,"{'clf__C': 5, 'clf__class_weight': 'balanced', 'clf__gamma': 0.0001, 'clf__kernel': 'poly'}",0.078125,0.10982658959537572,0.13313896987366375,0.09275781689574793,0.07836990595611286,0.09844365646418005,0.020887642139882676,494,0.0996700430240458,0.12938154327753645,0.13544896820970442,0.10515276666526957,0.09658851802164842,0.11324836783964094,0.01600378871162409,balanced
0.21989922523498534,0.0031546162959247516,0.041927242279052736,0.0021869064149036173,5.0,0.0001,sigmoid,"{'clf__C': 5, 'clf__class_weight': 'balanced', 'clf__gamma': 0.0001, 'clf__kernel': 'sigmoid'}",0.7406053981781333,0.7338781303391104,0.7200747214128582,0.746692181297516,0.7329193682134858,0.7348339598882208,0.008903272507417438,69,0.7624756689998583,0.7698788382080475,0.7747542716250888,0.7726011594339822,0.758110932858203,0.767564174225036,0.006287814369682103,balanced
0.14129772186279296,0.018665676665120024,0.07156000137329102,0.027928325353055446,5.0,0.001,rbf,"{'clf__C': 5, 'clf__class_weight': 'balanced', 'clf__gamma': 0.001, 'clf__kernel': 'rbf'}",0.8382734542366977,0.7757460383321936,0.7674947534645346,0.7674758103313668,0.8319177679385673,0.7961815648606719,0.03197926702517929,9,0.9117082743828905,0.9182396266906238,0.9204654947194939,0.9059652636849704,0.9125997576776789,0.9137956834311314,0.005125192731195034,balanced
0.2438969135284424,0.006455193594257306,0.03734555244445801,0.002047386114883088,5.0,0.001,poly,"{'clf__C': 5, 'clf__class_weight': 'balanced', 'clf__gamma': 0.001, 'clf__kernel': 'poly'}",0.4679121614056627,0.5563211054282483,0.5236326208970585,0.5296737192900876,0.4880229606964112,0.5131125135434937,0.0313830721970469,284,0.5856535339811829,0.607229126509349,0.5960135876390995,0.5864440625998968,0.6156742069841787,0.5982029035427414,0.011724071526763418,balanced
0.17055158615112304,0.04049013249639044,0.03207311630249023,0.005508915578316862,5.0,0.001,sigmoid,"{'clf__C': 5, 'clf__class_weight': 'balanced', 'clf__gamma': 0.001, 'clf__kernel': 'sigmoid'}",0.6409614947798437,0.6520977109155228,0.5794017620104577,0.6384435313683563,0.6654332532382632,0.6352675504624887,0.02951853011517308,219,0.6789782973763349,0.6783155776837507,0.6809698157802655,0.6824638434280559,0.6750739319647933,0.67916029324664,0.002515266626248714,balanced
0.33293814659118653,0.015558968364196181,0.09991145133972168,0.004562451380856864,5.0,0.01,rbf,"{'clf__C': 5, 'clf__class_weight': 'balanced', 'clf__gamma': 0.01, 'clf__kernel': 'rbf'}",0.7040540461782823,0.6932629040876462,0.6923829751790771,0.7286211618595945,0.7786421923287905,0.7193926559266781,0.0323828121690795,179,1.0,1.0,1.0,1.0,0.9988960214310805,0.999779204286216,0.0004415914275678112,balanced
0.2061394691467285,0.009732146067057763,0.028254127502441405,0.0012413565545362655,5.0,0.01,poly,"{'clf__C': 5, 'clf__class_weight': 'balanced', 'clf__gamma': 0.01, 'clf__kernel': 'poly'}",0.7214693123847659,0.7044186369067942,0.7240987592219987,0.7222595017275868,0.7602908517802135,0.7265074124042717,0.01832191903771005,89,1.0,1.0,1.0,1.0,1.0,1.0,0.0,balanced
0.12880291938781738,0.015220037336124776,0.031253814697265625,0.004670537407025176,5.0,0.01,sigmoid,"{'clf__C': 5, 'clf__class_weight': 'balanced', 'clf__gamma': 0.01, 'clf__kernel': 'sigmoid'}",0.4708752874616621,0.4740045676111556,0.4594443329063016,0.45460162797473236,0.49318354920630814,0.470421873032032,0.013430723943555115,299,0.47570582927577343,0.45567275851639244,0.45946754743254836,0.4755766197626663,0.45456434981185045,0.46419742095984623,0.009484379373070409,balanced
0.3881540775299072,0.00928165834038431,0.1122288703918457,0.0044986931910063,5.0,0.1,rbf,"{'clf__C': 5, 'clf__class_weight': 'balanced', 'clf__gamma': 0.1, 'clf__kernel': 'rbf'}",0.1863759546686376,0.15998143947205612,0.158652870764861,0.19432095224437115,0.15939249429815466,0.17174474228961611,0.015402000228814983,389,1.0,1.0,1.0,1.0,1.0,1.0,0.0,balanced
0.21234850883483886,0.00807488106233933,0.028762388229370116,0.0012792777103706654,5.0,0.1,poly,"{'clf__C': 5, 'clf__class_weight': 'balanced', 'clf__gamma': 0.1, 'clf__kernel': 'poly'}",0.7210248934088668,0.6973247808179688,0.7246473707966599,0.7222595017275868,0.7635119443193916,0.7257536982140949,0.02130579009373161,90,1.0,1.0,1.0,1.0,1.0,1.0,0.0,balanced
0.19867920875549316,0.012907032429669209,0.04213657379150391,0.0016118688307205377,5.0,0.1,sigmoid,"{'clf__C': 5, 'clf__class_weight': 'balanced', 'clf__gamma': 0.1, 'clf__kernel': 'sigmoid'}",0.40477949463298196,0.3147610740821587,0.4128146823960362,0.40267354502554065,0.3719997555437631,0.3814057103360961,0.03609752799727989,311,0.36702704258828306,0.3435253738231443,0.3267955404978443,0.33059801177804976,0.30309000793211316,0.334207195323887,0.020977173352504,balanced
0.40302238464355467,0.009375002818463025,0.112754487991333,0.007859547111566681,5.0,0.5,rbf,"{'clf__C': 5, 'clf__class_weight': 'balanced', 'clf__gamma': 0.5, 'clf__kernel': 'rbf'}",0.13903743315508021,0.14,0.13903743315508021,0.13941018766756033,0.13941018766756033,0.1393790483290562,0.0003523981125472012,414,1.0,1.0,1.0,1.0,1.0,1.0,0.0,balanced
0.18952598571777343,0.029156254536486133,0.025934362411499025,0.004323663437973528,5.0,0.5,poly,"{'clf__C': 5, 'clf__class_weight': 'balanced', 'clf__gamma': 0.5, 'clf__kernel': 'poly'}",0.7210248934088668,0.6973247808179688,0.7246473707966599,0.7222595017275868,0.7635119443193916,0.7257536982140949,0.02130579009373161,90,1.0,1.0,1.0,1.0,1.0,1.0,0.0,balanced
0.19176177978515624,0.04733124079419385,0.04155488014221191,0.00857757653886639,5.0,0.5,sigmoid,"{'clf__C': 5, 'clf__class_weight': 'balanced', 'clf__gamma': 0.5, 'clf__kernel': 'sigmoid'}",0.3889383816721812,0.282017219908391,0.28675300171526585,0.38288546019500697,0.3738177936920624,0.3428823714365815,0.04802806753352204,343,0.3523552300311394,0.2677683033705268,0.273078671130642,0.3256370163190353,0.32535721555579816,0.30883928728142834,0.032906808765322815,balanced
0.4406324863433838,0.05003501447516949,0.11147909164428711,0.007815209849561397,5.0,1,rbf,"{'clf__C': 5, 'clf__class_weight': 'balanced', 'clf__gamma': 1, 'clf__kernel': 'rbf'}",0.13903743315508021,0.14,0.13903743315508021,0.13941018766756033,0.13941018766756033,0.1393790483290562,0.0003523981125472012,414,1.0,1.0,1.0,1.0,1.0,1.0,0.0,balanced
0.19875726699829102,0.006447022665016684,0.027452898025512696,0.0010747413171071489,5.0,1,poly,"{'clf__C': 5, 'clf__class_weight': 'balanced', 'clf__gamma': 1, 'clf__kernel': 'poly'}",0.7210248934088668,0.6973247808179688,0.7246473707966599,0.7222595017275868,0.7635119443193916,0.7257536982140949,0.02130579009373161,90,1.0,1.0,1.0,1.0,1.0,1.0,0.0,balanced
0.15104455947875978,0.017238269165676362,0.034080219268798825,0.004589337151420223,5.0,1,sigmoid,"{'clf__C': 5, 'clf__class_weight': 'balanced', 'clf__gamma': 1, 'clf__kernel': 'sigmoid'}",0.3910149578133768,0.3407209987527805,0.3348309984522922,0.33569639799329276,0.35628493390654215,0.3517096573836569,0.021108784992328485,326,0.34091524048909194,0.3139611447112313,0.29769273364166815,0.2861413286649736,0.32895083528398733,0.3135322565581905,0.019944411452865008,balanced
0.21804208755493165,0.0035843546864700133,0.0776280403137207,0.0034392573718210412,10.0,scale,rbf,"{'clf__C': 10, 'clf__class_weight': None, 'clf__gamma': 'scale', 'clf__kernel': 'rbf'}",0.8059476384083136,0.7688372984328867,0.7778730687432996,0.7618803208234102,0.8171746606927164,0.7863425974201252,0.02150137271305248,19,0.9934909871178655,0.9888813549900768,0.9889546007218547,0.9902253238282306,0.9922623133850073,0.9907629160086069,0.0018324762407563955,
0.16767473220825196,0.00406150511590325,0.03588018417358398,0.016542344394913734,10.0,scale,poly,"{'clf__C': 10, 'clf__class_weight': None, 'clf__gamma': 'scale', 'clf__kernel': 'poly'}",0.7556960471785702,0.7101619950995446,0.6870422408765269,0.7102468703752937,0.7417397819571734,0.7209773870974218,0.024577116349839348,174,0.9375617021145366,0.943229562163314,0.9329504387674379,0.9416609936044125,0.9395645774714918,0.9389934548242385,0.0035764370117365605,
0.10429596900939941,0.0020542426636461397,0.025583553314208984,0.0010744486562413442,10.0,scale,sigmoid,"{'clf__C': 10, 'clf__class_weight': None, 'clf__gamma': 'scale', 'clf__kernel': 'sigmoid'}",0.5550981819585039,0.5934603235158814,0.5318105923996528,0.5828449657016365,0.5958204223476368,0.5718068971846623,0.024682968946964177,249,0.5977418897855217,0.5851602232530477,0.5914384338227764,0.5991204460060954,0.5891265054932032,0.5925174996721289,0.0052475878893387205,
0.21809759140014648,0.02034818520768263,0.07342824935913086,0.0037380455707140417,10.0,auto,rbf,"{'clf__C': 10, 'clf__class_weight': None, 'clf__gamma': 'auto', 'clf__kernel': 'rbf'}",0.8059476384083136,0.7688372984328867,0.7778730687432996,0.7618803208234102,0.8171746606927164,0.7863425974201252,0.02150137271305248,19,0.9934909871178655,0.9888813549900768,0.9889546007218547,0.9902253238282306,0.9922623133850073,0.9907629160086069,0.0018324762407563955,
0.176420259475708,0.02848543979046408,0.028716087341308594,0.0012659671566542816,10.0,auto,poly,"{'clf__C': 10, 'clf__class_weight': None, 'clf__gamma': 'auto', 'clf__kernel': 'poly'}",0.7556960471785702,0.7101619950995446,0.6870422408765269,0.7102468703752937,0.7417397819571734,0.7209773870974218,0.024577116349839348,174,0.9375617021145366,0.943229562163314,0.9329504387674379,0.9416609936044125,0.9395645774714918,0.9389934548242385,0.0035764370117365605,
0.09835309982299804,0.01317130991315605,0.023943758010864256,0.003108253440584692,10.0,auto,sigmoid,"{'clf__C': 10, 'clf__class_weight': None, 'clf__gamma': 'auto', 'clf__kernel': 'sigmoid'}",0.5550981819585039,0.5934603235158814,0.5318105923996528,0.5828449657016365,0.5958204223476368,0.5718068971846623,0.024682968946964177,249,0.5977418897855217,0.5851602232530477,0.5914384338227764,0.5991204460060954,0.5891265054932032,0.5925174996721289,0.0052475878893387205,
0.14612197875976562,0.00432051161813802,0.06888232231140137,0.0026049554755981376,10.0,0.0001,rbf,"{'clf__C': 10, 'clf__class_weight': None, 'clf__gamma': 0.0001, 'clf__kernel': 'rbf'}",0.8158931479260132,0.7864416806956642,0.7604842781482518,0.7687234810869369,0.8101694636362078,0.7883424102986148,0.021909149159925513,17,0.8240743598282685,0.8340909808758679,0.8411702921992281,0.8219991589427937,0.8169822008288959,0.8276633985350109,0.008749888966594017,
0.237785005569458,0.04040670167916012,0.04430098533630371,0.0111720864003439,10.0,0.0001,poly,"{'clf__C': 10, 'clf__class_weight': None, 'clf__gamma': 0.0001, 'clf__kernel': 'poly'}",0.13903743315508021,0.14037433155080214,0.16397124887690925,0.15260545905707196,0.13941018766756033,0.14707973206148478,0.009841949787257864,408,0.1574688628811261,0.1603242570633875,0.1647550756866256,0.16044619735050814,0.15736934436531208,0.16007274746939187,0.0026913016447673395,
0.154846715927124,0.01851086786964683,0.032703828811645505,0.0038821183317625314,10.0,0.0001,sigmoid,"{'clf__C': 10, 'clf__class_weight': None, 'clf__gamma': 0.0001, 'clf__kernel': 'sigmoid'}",0.7480774382598416,0.7534365833447716,0.7181274293553055,0.703134809017162,0.7171415167641583,0.7279835553482478,0.019410172483164376,86,0.7657500488527844,0.7869332796232589,0.792013843233157,0.7796429629346455,0.7408796185608499,0.7730439506409391,0.018352452202609768,
0.1402440071105957,0.008680903064520254,0.067169189453125,0.0017684250118147273,10.0,0.001,rbf,"{'clf__C': 10, 'clf__class_weight': None, 'clf__gamma': 0.001, 'clf__kernel': 'rbf'}",0.8300477542183703,0.8064142658982266,0.7817186744073537,0.7812331258448302,0.8381687701353359,0.8075165181008233,0.023684499417995535,1,0.9381173597381713,0.9408043558681577,0.9419940186691772,0.9436419962045888,0.9427261155772749,0.941456769211474,0.0019106225680930566,
0.20251908302307128,0.012187973999257386,0.03495421409606934,0.0009841014853802744,10.0,0.001,poly,"{'clf__C': 10, 'clf__class_weight': None, 'clf__gamma': 0.001, 'clf__kernel': 'poly'}",0.4632290093688813,0.5230882149765128,0.4856773321419161,0.4977151827144417,0.4914149342542965,0.4922249346912097,0.01932343540095883,287,0.5885875158819582,0.5814128465773037,0.5995255035541041,0.5872731018875955,0.6102345499077088,0.5934067035617341,0.010250018251137187,
0.1117393970489502,0.004969047511173558,0.025247716903686525,0.000965411140410085,10.0,0.001,sigmoid,"{'clf__C': 10, 'clf__class_weight': None, 'clf__gamma': 0.001, 'clf__kernel': 'sigmoid'}",0.6889694961421118,0.6929055249478787,0.6327380173233592,0.6711161384554336,0.7124812761537467,0.6796420906045059,0.026884996717845572,209,0.7452833072157554,0.7459280673873596,0.745663247144343,0.733361517584197,0.7156143907853691,0.7371701060234048,0.011779758675480626,
0.31243200302124025,0.022588656195432925,0.09905858039855957,0.005469256058935662,10.0,0.01,rbf,"{'clf__C': 10, 'clf__class_weight': None, 'clf__gamma': 0.01, 'clf__kernel': 'rbf'}",0.7014616937027808,0.6932629040876462,0.6923829751790771,0.7273537160071207,0.7719248146431881,0.7172772207239626,0.03011457135032183,182,1.0,1.0,1.0,1.0,1.0,1.0,0.0,
0.20216236114501954,0.0073355452070732775,0.02879343032836914,0.0010532026309161987,10.0,0.01,poly,"{'clf__C': 10, 'clf__class_weight': None, 'clf__gamma': 0.01, 'clf__kernel': 'poly'}",0.7210248934088668,0.6973247808179688,0.7246473707966599,0.7222595017275868,0.7635119443193916,0.7257536982140949,0.02130579009373161,90,1.0,1.0,1.0,1.0,1.0,1.0,0.0,
0.12558398246765137,0.003487835518099121,0.03061990737915039,0.000685571492847059,10.0,0.01,sigmoid,"{'clf__C': 10, 'clf__class_weight': None, 'clf__gamma': 0.01, 'clf__kernel': 'sigmoid'}",0.4801979838101397,0.5236060331845036,0.4680244929917092,0.4562759747437546,0.4770028989697361,0.48102147673996865,0.022854028139808635,292,0.47715303537987985,0.4902405582129394,0.45648693474381546,0.4677744610591797,0.48165081079447986,0.47466116003805886,0.011623350599366727,
0.3809366703033447,0.007278952809970694,0.10975890159606934,0.007428348962784647,10.0,0.1,rbf,"{'clf__C': 10, 'clf__class_weight': None, 'clf__gamma': 0.1, 'clf__kernel': 'rbf'}",0.1863759546686376,0.15998143947205612,0.158652870764861,0.19432095224437115,0.15939249429815466,0.17174474228961611,0.015402000228814983,389,1.0,1.0,1.0,1.0,1.0,1.0,0.0,
0.21873207092285157,0.02499480359902638,0.02756199836730957,0.0013396846893353566,10.0,0.1,poly,"{'clf__C': 10, 'clf__class_weight': None, 'clf__gamma': 0.1, 'clf__kernel': 'poly'}",0.7210248934088668,0.6973247808179688,0.7246473707966599,0.7222595017275868,0.7635119443193916,0.7257536982140949,0.02130579009373161,90,1.0,1.0,1.0,1.0,1.0,1.0,0.0,
0.1829671859741211,0.007412484866063622,0.040230512619018555,0.0011675905774114993,10.0,0.1,sigmoid,"{'clf__C': 10, 'clf__class_weight': None, 'clf__gamma': 0.1, 'clf__kernel': 'sigmoid'}",0.3859270311171514,0.3370477293174662,0.36191107510765697,0.35313813813813816,0.3586104686153526,0.35932688845915306,0.015807722353642417,319,0.35527492548943057,0.37794478686845284,0.3244711007977491,0.3419129956232684,0.29630587584191564,0.3391819369241634,0.027654174411289638,
0.40687084197998047,0.010686841647999908,0.11843557357788086,0.005258926215246702,10.0,0.5,rbf,"{'clf__C': 10, 'clf__class_weight': None, 'clf__gamma': 0.5, 'clf__kernel': 'rbf'}",0.13903743315508021,0.14,0.13903743315508021,0.13941018766756033,0.13941018766756033,0.1393790483290562,0.0003523981125472012,414,1.0,1.0,1.0,1.0,1.0,1.0,0.0,
0.22894682884216308,0.02638897864264639,0.02797412872314453,0.0010454367228071514,10.0,0.5,poly,"{'clf__C': 10, 'clf__class_weight': None, 'clf__gamma': 0.5, 'clf__kernel': 'poly'}",0.7210248934088668,0.6973247808179688,0.7246473707966599,0.7222595017275868,0.7635119443193916,0.7257536982140949,0.02130579009373161,90,1.0,1.0,1.0,1.0,1.0,1.0,0.0,
0.1667623996734619,0.027933503967269395,0.03752121925354004,0.0017799511583287148,10.0,0.5,sigmoid,"{'clf__C': 10, 'clf__class_weight': None, 'clf__gamma': 0.5, 'clf__kernel': 'sigmoid'}",0.3407281655681432,0.2706028981785527,0.33999154053187874,0.30161200440378944,0.3519493596668164,0.3209767936698361,0.0304088853620623,370,0.3200829002871555,0.3040375170547781,0.32307510270257456,0.30030120980690345,0.3088870341808626,0.31127675280645484,0.008891896616987601,
0.3971949577331543,0.010249626877301231,0.11874713897705078,0.005189281616651732,10.0,1,rbf,"{'clf__C': 10, 'clf__class_weight': None, 'clf__gamma': 1, 'clf__kernel': 'rbf'}",0.13903743315508021,0.14,0.13903743315508021,0.13941018766756033,0.13941018766756033,0.1393790483290562,0.0003523981125472012,414,1.0,1.0,1.0,1.0,1.0,1.0,0.0,
0.20829992294311522,0.0022135982774583083,0.02867403030395508,0.001098889730218736,10.0,1,poly,"{'clf__C': 10, 'clf__class_weight': None, 'clf__gamma': 1, 'clf__kernel': 'poly'}",0.7210248934088668,0.6973247808179688,0.7246473707966599,0.7222595017275868,0.7635119443193916,0.7257536982140949,0.02130579009373161,90,1.0,1.0,1.0,1.0,1.0,1.0,0.0,
0.1522372245788574,0.012260702229490465,0.03353762626647949,0.0008504352684459981,10.0,1,sigmoid,"{'clf__C': 10, 'clf__class_weight': None, 'clf__gamma': 1, 'clf__kernel': 'sigmoid'}",0.37203969189055736,0.2635326953748006,0.3506434645035337,0.33102409503568814,0.35227991370098893,0.3339039721011138,0.0375036777914779,353,0.34621534842048834,0.305718247089618,0.33346277689279613,0.32512578653532576,0.31857410225579247,0.3258192522388041,0.013648792690597508,
0.21465206146240234,0.006540608664663005,0.07799286842346191,0.0059733074078070734,10.0,scale,rbf,"{'clf__C': 10, 'clf__class_weight': 'balanced', 'clf__gamma': 'scale', 'clf__kernel': 'rbf'}",0.808789008561171,0.764125413678985,0.7704316684347644,0.7499921326278354,0.8193316150261333,0.7825339676657779,0.026786957863386255,25,0.992061138730062,0.9901399572260499,0.9911232300399762,0.9869195861740393,0.9866354823653396,0.9893758789070933,0.0022086565678006943,balanced
0.17449631690979003,0.003137102761975699,0.028394126892089845,0.0010122646595736849,10.0,scale,poly,"{'clf__C': 10, 'clf__class_weight': 'balanced', 'clf__gamma': 'scale', 'clf__kernel': 'poly'}",0.7034158743078578,0.7206317320251086,0.7146597642172133,0.7069122257053292,0.74458120839056,0.7180401609292137,0.014562082437285916,180,0.9624795918339526,0.9586613135743988,0.9554723437522673,0.9602730392947723,0.9595883198154986,0.959294921654178,0.0022890383032527464,balanced
0.12031698226928711,0.004139117729584225,0.027786684036254884,0.0007578893113915509,10.0,scale,sigmoid,"{'clf__C': 10, 'clf__class_weight': 'balanced', 'clf__gamma': 'scale', 'clf__kernel': 'sigmoid'}",0.5145032109535925,0.5431569874768232,0.4824979555040407,0.5366606267544558,0.553840932788841,0.5261319426955506,0.02532842557271146,276,0.5651701606559455,0.5521317795462022,0.5562052191809205,0.5573085840127769,0.5488973848978362,0.5559426256587363,0.005499821182184946,balanced
0.2180314540863037,0.0034623220278417787,0.0792464256286621,0.006609773776386688,10.0,auto,rbf,"{'clf__C': 10, 'clf__class_weight': 'balanced', 'clf__gamma': 'auto', 'clf__kernel': 'rbf'}",0.808789008561171,0.764125413678985,0.7704316684347644,0.7499921326278354,0.8193316150261333,0.7825339676657779,0.026786957863386255,25,0.992061138730062,0.9901399572260499,0.9911232300399762,0.9869195861740393,0.9866354823653396,0.9893758789070933,0.0022086565678006943,balanced
0.16876592636108398,0.008051953338199863,0.028731727600097658,0.00158608774704902,10.0,auto,poly,"{'clf__C': 10, 'clf__class_weight': 'balanced', 'clf__gamma': 'auto', 'clf__kernel': 'poly'}",0.7034158743078578,0.7206317320251086,0.7146597642172133,0.7069122257053292,0.74458120839056,0.7180401609292137,0.014562082437285916,180,0.9624795918339526,0.9586613135743988,0.9554723437522673,0.9602730392947723,0.9595883198154986,0.959294921654178,0.0022890383032527464,balanced
0.11575927734375,0.0036555936448923,0.027596569061279295,0.0012388363316951955,10.0,auto,sigmoid,"{'clf__C': 10, 'clf__class_weight': 'balanced', 'clf__gamma': 'auto', 'clf__kernel': 'sigmoid'}",0.5145032109535925,0.5431569874768232,0.4824979555040407,0.5366606267544558,0.553840932788841,0.5261319426955506,0.02532842557271146,276,0.5651701606559455,0.5521317795462022,0.5562052191809205,0.5573085840127769,0.5488973848978362,0.5559426256587363,0.005499821182184946,balanced
0.16232123374938964,0.0040058654073974525,0.07754011154174804,0.006379957412437339,10.0,0.0001,rbf,"{'clf__C': 10, 'clf__class_weight': 'balanced', 'clf__gamma': 0.0001, 'clf__kernel': 'rbf'}",0.8115016364322563,0.7753457478351669,0.7624687457499686,0.7657663840646836,0.8069521497919556,0.7844069327748061,0.020752199667972336,23,0.8215546684523363,0.8394874859382673,0.8334976473220708,0.8403386078657575,0.8303791784272887,0.8330515176011442,0.006841656841723876,balanced
0.2730905055999756,0.01143819820976883,0.03962621688842773,0.0024170995985909956,10.0,0.0001,poly,"{'clf__C': 10, 'clf__class_weight': 'balanced', 'clf__gamma': 0.0001, 'clf__kernel': 'poly'}",0.09111635220125786,0.09136435331230283,0.1162435686706403,0.09275781689574793,0.10325459721474187,0.09894733765893815,0.009745237238866061,493,0.10087490836130725,0.11402960512849394,0.11037537645976347,0.1062422920026563,0.1055763799519885,0.10741971238084189,0.004473148446614233,balanced
0.18568272590637208,0.0016564202353112495,0.036902332305908205,0.0003176025643709913,10.0,0.0001,sigmoid,"{'clf__C': 10, 'clf__class_weight': 'balanced', 'clf__gamma': 0.0001, 'clf__kernel': 'sigmoid'}",0.7868680913780398,0.7389483032673881,0.7447485320553737,0.7538628870834805,0.7792083831685263,0.7607272393905616,0.01898239867524456,53,0.77860382001713,0.8074798192865934,0.8002278065653774,0.7973162032260372,0.7875228614908791,0.7942301021172035,0.01010167563190294,balanced
0.13699579238891602,0.005572435296859968,0.060243415832519534,0.0020689666716894443,10.0,0.001,rbf,"{'clf__C': 10, 'clf__class_weight': 'balanced', 'clf__gamma': 0.001, 'clf__kernel': 'rbf'}",0.831254370027702,0.76854232525673,0.7647792022792023,0.748726173601889,0.8357122978281579,0.7898028737987361,0.036308104092666174,16,0.9453072888104864,0.9487735567730018,0.9417047965211809,0.9455750419612654,0.9367979304740952,0.943631722908006,0.004085002566989473,balanced
0.23044018745422362,0.006739406637420365,0.03671255111694336,0.002205272788838342,10.0,0.001,poly,"{'clf__C': 10, 'clf__class_weight': 'balanced', 'clf__gamma': 0.001, 'clf__kernel': 'poly'}",0.5451676101676102,0.616794029605156,0.5704247181200235,0.5702591868570741,0.5809660780106429,0.5767223245521014,0.02324169952822267,240,0.6955889408680571,0.6796484168709738,0.6703336663224642,0.6771514185690775,0.6872255293104637,0.6819895943882072,0.008684548988714362,balanced
0.1203007698059082,0.0023864725637991182,0.027380943298339844,0.000782394926469949,10.0,0.001,sigmoid,"{'clf__C': 10, 'clf__class_weight': 'balanced', 'clf__gamma': 0.001, 'clf__kernel': 'sigmoid'}",0.6233665435871318,0.6500230266187713,0.5625499568793253,0.6182868873415246,0.6681727159471911,0.6244798260747888,0.035878752224821,221,0.6750179790549687,0.6688885257759205,0.6829613611381593,0.6655202324634798,0.663005772621685,0.6710787742108427,0.007177480562309021,balanced
0.3222154140472412,0.00902556672402317,0.10012989044189453,0.002789672199704923,10.0,0.01,rbf,"{'clf__C': 10, 'clf__class_weight': 'balanced', 'clf__gamma': 0.01, 'clf__kernel': 'rbf'}",0.7014616937027808,0.6932629040876462,0.6923829751790771,0.7273537160071207,0.7719248146431881,0.7172772207239626,0.03011457135032183,182,1.0,1.0,1.0,1.0,1.0,1.0,0.0,balanced
0.19671182632446288,0.019236968818553638,0.026257944107055665,0.003992295798777271,10.0,0.01,poly,"{'clf__C': 10, 'clf__class_weight': 'balanced', 'clf__gamma': 0.01, 'clf__kernel': 'poly'}",0.7210248934088668,0.6973247808179688,0.7246473707966599,0.7222595017275868,0.7635119443193916,0.7257536982140949,0.02130579009373161,90,1.0,1.0,1.0,1.0,1.0,1.0,0.0,balanced
0.12869791984558104,0.013643447979939933,0.030637836456298827,0.0050355592764907845,10.0,0.01,sigmoid,"{'clf__C': 10, 'clf__class_weight': 'balanced', 'clf__gamma': 0.01, 'clf__kernel': 'sigmoid'}",0.47233967286019907,0.4717966626396859,0.4524898971446286,0.45462746322454173,0.5089079673000477,0.4720323326338206,0.020222752999536037,298,0.4780916117077445,0.4562125500028032,0.4535764477317726,0.4732332272323926,0.45816396983357893,0.46385556130165834,0.00986991145258792,balanced
0.3902843952178955,0.012437198002085944,0.11735920906066895,0.007623796379689829,10.0,0.1,rbf,"{'clf__C': 10, 'clf__class_weight': 'balanced', 'clf__gamma': 0.1, 'clf__kernel': 'rbf'}",0.1863759546686376,0.15998143947205612,0.158652870764861,0.19432095224437115,0.15939249429815466,0.17174474228961611,0.015402000228814983,389,1.0,1.0,1.0,1.0,1.0,1.0,0.0,balanced
0.23025846481323242,0.023606236350380713,0.028253507614135743,0.0014210346100499195,10.0,0.1,poly,"{'clf__C': 10, 'clf__class_weight': 'balanced', 'clf__gamma': 0.1, 'clf__kernel': 'poly'}",0.7210248934088668,0.6973247808179688,0.7246473707966599,0.7222595017275868,0.7635119443193916,0.7257536982140949,0.02130579009373161,90,1.0,1.0,1.0,1.0,1.0,1.0,0.0,balanced
0.2118382930755615,0.0146056401537227,0.04176015853881836,0.001848226665088021,10.0,0.1,sigmoid,"{'clf__C': 10, 'clf__class_weight': 'balanced', 'clf__gamma': 0.1, 'clf__kernel': 'sigmoid'}",0.3971815650260917,0.3043308236007799,0.4130153456133154,0.3783260648755622,0.37556356096399657,0.3736834720159491,0.03723985741353821,316,0.360639096686303,0.3749344809332369,0.331008534250439,0.32716968208447916,0.3051120077806514,0.3397727603470219,0.024934985847351186,balanced
0.4105945587158203,0.014734647905370317,0.11598320007324218,0.006457471024478327,10.0,0.5,rbf,"{'clf__C': 10, 'clf__class_weight': 'balanced', 'clf__gamma': 0.5, 'clf__kernel': 'rbf'}",0.13903743315508021,0.14,0.13903743315508021,0.13941018766756033,0.13941018766756033,0.1393790483290562,0.0003523981125472012,414,1.0,1.0,1.0,1.0,1.0,1.0,0.0,balanced
0.21846532821655273,0.0030992521081410216,0.035085535049438475,0.011900721923174361,10.0,0.5,poly,"{'clf__C': 10, 'clf__class_weight': 'balanced', 'clf__gamma': 0.5, 'clf__kernel': 'poly'}",0.7210248934088668,0.6973247808179688,0.7246473707966599,0.7222595017275868,0.7635119443193916,0.7257536982140949,0.02130579009373161,90,1.0,1.0,1.0,1.0,1.0,1.0,0.0,balanced
0.17119927406311036,0.012919896572799293,0.039290237426757815,0.001325835985245055,10.0,0.5,sigmoid,"{'clf__C': 10, 'clf__class_weight': 'balanced', 'clf__gamma': 0.5, 'clf__kernel': 'sigmoid'}",0.3980010401570661,0.29258249132757,0.2894179443110723,0.3882620533185209,0.3613221448730639,0.34591713479745867,0.04643249374558844,340,0.3501438346067533,0.2717724813895923,0.27655604578184256,0.32428351172382475,0.32261966784442847,0.3090751082692883,0.03016742053901953,balanced
0.40050206184387205,0.015529482189695243,0.1134343147277832,0.007302134059137851,10.0,1,rbf,"{'clf__C': 10, 'clf__class_weight': 'balanced', 'clf__gamma': 1, 'clf__kernel': 'rbf'}",0.13903743315508021,0.14,0.13903743315508021,0.13941018766756033,0.13941018766756033,0.1393790483290562,0.0003523981125472012,414,1.0,1.0,1.0,1.0,1.0,1.0,0.0,balanced
0.20873112678527833,0.010538591665186031,0.028037452697753908,0.0011651269499527684,10.0,1,poly,"{'clf__C': 10, 'clf__class_weight': 'balanced', 'clf__gamma': 1, 'clf__kernel': 'poly'}",0.7210248934088668,0.6973247808179688,0.7246473707966599,0.7222595017275868,0.7635119443193916,0.7257536982140949,0.02130579009373161,90,1.0,1.0,1.0,1.0,1.0,1.0,0.0,balanced
0.1662382125854492,0.01149039451682486,0.0359839916229248,0.002486791227048516,10.0,1,sigmoid,"{'clf__C': 10, 'clf__class_weight': 'balanced', 'clf__gamma': 1, 'clf__kernel': 'sigmoid'}",0.3896352026428168,0.3407209987527805,0.32241428380471365,0.34308963844196233,0.3555169736288297,0.35027541945422064,0.022342030821727595,331,0.3417978715183824,0.3139611447112313,0.2999317439267335,0.2881191053457918,0.32954132465186947,0.3146702380308017,0.019389411463870295,balanced
0.22785964012145996,0.012232878094574426,0.07459306716918945,0.0037674156469307252,50.0,scale,rbf,"{'clf__C': 50, 'clf__class_weight': None, 'clf__gamma': 'scale', 'clf__kernel': 'rbf'}",0.7972273456295108,0.7461554318697177,0.762769211843307,0.7461109232041216,0.8075146181971932,0.77195550614877,0.025772429547354092,32,1.0,1.0,1.0,1.0,1.0,1.0,0.0,
0.1948472023010254,0.004897507780610134,0.02751779556274414,0.0010247252940441423,50.0,scale,poly,"{'clf__C': 50, 'clf__class_weight': None, 'clf__gamma': 'scale', 'clf__kernel': 'poly'}",0.7275775639129676,0.7252433506380226,0.7274494742836906,0.7209423700225134,0.7856263527414966,0.7373678223197382,0.024248327128412087,63,0.9960454404807165,0.993907830243144,0.9933117693655213,0.9935283561534702,0.9942296515504817,0.9942046095586667,0.0009728150724147568,
0.10280704498291016,0.0038979421353469543,0.02438364028930664,0.0007979402266276225,50.0,scale,sigmoid,"{'clf__C': 50, 'clf__class_weight': None, 'clf__gamma': 'scale', 'clf__kernel': 'sigmoid'}",0.5370983704375406,0.5996036511420171,0.5615745011248332,0.5862470636846088,0.590019075293048,0.5749085323364096,0.02268984101121714,242,0.5901870465257485,0.5956748497302111,0.5886720986646832,0.5904679523857046,0.5856234110207674,0.590125071665423,0.0032648896992264927,
0.22442264556884767,0.008139722520236661,0.07247447967529297,0.003696990470623341,50.0,auto,rbf,"{'clf__C': 50, 'clf__class_weight': None, 'clf__gamma': 'auto', 'clf__kernel': 'rbf'}",0.7972273456295108,0.7461554318697177,0.762769211843307,0.7461109232041216,0.8075146181971932,0.77195550614877,0.025772429547354092,32,1.0,1.0,1.0,1.0,1.0,1.0,0.0,
0.19365439414978028,0.0032300808192188774,0.02530679702758789,0.0044011019061847055,50.0,auto,poly,"{'clf__C': 50, 'clf__class_weight': None, 'clf__gamma': 'auto', 'clf__kernel': 'poly'}",0.7275775639129676,0.7252433506380226,0.7274494742836906,0.7209423700225134,0.7856263527414966,0.7373678223197382,0.024248327128412087,63,0.9960454404807165,0.993907830243144,0.9933117693655213,0.9935283561534702,0.9942296515504817,0.9942046095586667,0.0009728150724147568,
0.10037713050842285,0.0038643989101161415,0.024304533004760744,0.0006974584919950442,50.0,auto,sigmoid,"{'clf__C': 50, 'clf__class_weight': None, 'clf__gamma': 'auto', 'clf__kernel': 'sigmoid'}",0.5370983704375406,0.5996036511420171,0.5615745011248332,0.5862470636846088,0.590019075293048,0.5749085323364096,0.02268984101121714,242,0.5901870465257485,0.5956748497302111,0.5886720986646832,0.5904679523857046,0.5856234110207674,0.590125071665423,0.0032648896992264927,
0.12559432983398439,0.0028619026476735475,0.06140947341918945,0.005999463626161887,50.0,0.0001,rbf,"{'clf__C': 50, 'clf__class_weight': None, 'clf__gamma': 0.0001, 'clf__kernel': 'rbf'}",0.8044128064482161,0.8299776171065751,0.7736734372539757,0.7885611270590591,0.8140400997566235,0.8021330175248899,0.01957775110009159,3,0.8862312397700863,0.8951674025110496,0.8978208959189706,0.8855750296030277,0.8938895212701758,0.8917368178146621,0.0049335195038784875,
0.21289825439453125,0.0057502125890058564,0.03610420227050781,0.0005231214408022795,50.0,0.0001,poly,"{'clf__C': 50, 'clf__class_weight': None, 'clf__gamma': 0.0001, 'clf__kernel': 'poly'}",0.15266172506738546,0.15325067024128688,0.16397124887690925,0.15260545905707196,0.16455196896982446,0.15740821444249561,0.005603346218096549,403,0.17000339894417557,0.17273903815685396,0.1682012466948819,0.17396062694789632,0.17118442992810226,0.171217748134382,0.0020205317375002725,
0.14204072952270508,0.009428837811458644,0.02856478691101074,0.0009801346969705086,50.0,0.0001,sigmoid,"{'clf__C': 50, 'clf__class_weight': None, 'clf__gamma': 0.0001, 'clf__kernel': 'sigmoid'}",0.820604737562136,0.8105832260710688,0.7692236583728338,0.7773881781827702,0.8209159342186865,0.7997431468814991,0.022055312333041425,6,0.8560028725444168,0.8581940064539094,0.8685995122161437,0.8609685679698803,0.8591097591892685,0.8605749436747236,0.0043189837325035,
0.1633626937866211,0.032578781688867374,0.06012783050537109,0.0012630384895577355,50.0,0.001,rbf,"{'clf__C': 50, 'clf__class_weight': None, 'clf__gamma': 0.001, 'clf__kernel': 'rbf'}",0.7902283990519284,0.7659829469828539,0.7481561320180247,0.7576898997189506,0.8228444095368999,0.7769803574617316,0.026843705587440498,27,0.9939984818127439,0.9883838403856782,0.9891752411970801,0.98811864829862,0.9889052846218946,0.9897162992632034,0.0021732699432814744,
0.1910433292388916,0.03330150118495204,0.031242799758911134,0.0017352462590838544,50.0,0.001,poly,"{'clf__C': 50, 'clf__class_weight': None, 'clf__gamma': 0.001, 'clf__kernel': 'poly'}",0.6467520218203652,0.6791655776655777,0.6525536461481696,0.643442674836684,0.6736699339606864,0.6591167708862966,0.014528510739280052,212,0.8141166014518262,0.8168497671285707,0.8122656633905716,0.8133077461097382,0.8153169986264752,0.8143713553414363,0.0015916575600993606,
0.09378881454467773,0.00214544091604786,0.022084856033325197,0.000604879871967854,50.0,0.001,sigmoid,"{'clf__C': 50, 'clf__class_weight': None, 'clf__gamma': 0.001, 'clf__kernel': 'sigmoid'}",0.6169610538305769,0.6568792841447015,0.5991822140312084,0.639107435570028,0.6848817868778241,0.6394023548908677,0.029983930667792556,217,0.7342174648267537,0.714450067390621,0.7256483972349407,0.719684928554986,0.7042543662588419,0.7196510448532285,0.010121836323969884,
0.3336758613586426,0.011060573888749758,0.09754409790039062,0.0060086616750822325,50.0,0.01,rbf,"{'clf__C': 50, 'clf__class_weight': None, 'clf__gamma': 0.01, 'clf__kernel': 'rbf'}",0.7014616937027808,0.6932629040876462,0.6923829751790771,0.7273537160071207,0.7719248146431881,0.7172772207239626,0.03011457135032183,182,1.0,1.0,1.0,1.0,1.0,1.0,0.0,
0.2125096321105957,0.006078370564229475,0.028074121475219725,0.0018690797622501235,50.0,0.01,poly,"{'clf__C': 50, 'clf__class_weight': None, 'clf__gamma': 0.01, 'clf__kernel': 'poly'}",0.7210248934088668,0.6973247808179688,0.7246473707966599,0.7222595017275868,0.7635119443193916,0.7257536982140949,0.02130579009373161,90,1.0,1.0,1.0,1.0,1.0,1.0,0.0,
0.12644386291503906,0.007433338784000193,0.030311203002929686,0.0016718977264707738,50.0,0.01,sigmoid,"{'clf__C': 50, 'clf__class_weight': None, 'clf__gamma': 0.01, 'clf__kernel': 'sigmoid'}",0.4770574441135189,0.5118348013254411,0.4770480667939131,0.44755497935359856,0.48374246898194967,0.47944755211368423,0.020474308612108832,293,0.4833874103024927,0.4868569563497155,0.4549076368285408,0.4678530323820733,0.47671749876163105,0.4739445069248907,0.011516056123908979,
0.4178060531616211,0.03085248371050302,0.11836018562316894,0.00502198845462532,50.0,0.1,rbf,"{'clf__C': 50, 'clf__class_weight': None, 'clf__gamma': 0.1, 'clf__kernel': 'rbf'}",0.1863759546686376,0.15998143947205612,0.158652870764861,0.19432095224437115,0.15939249429815466,0.17174474228961611,0.015402000228814983,389,1.0,1.0,1.0,1.0,1.0,1.0,0.0,
0.20970516204833983,0.006695404618189933,0.028129386901855468,0.0010104065899393933,50.0,0.1,poly,"{'clf__C': 50, 'clf__class_weight': None, 'clf__gamma': 0.1, 'clf__kernel': 'poly'}",0.7210248934088668,0.6973247808179688,0.7246473707966599,0.7222595017275868,0.7635119443193916,0.7257536982140949,0.02130579009373161,90,1.0,1.0,1.0,1.0,1.0,1.0,0.0,
0.19824728965759278,0.011862275763646889,0.04011273384094238,0.001812299769405383,50.0,0.1,sigmoid,"{'clf__C': 50, 'clf__class_weight': None, 'clf__gamma': 0.1, 'clf__kernel': 'sigmoid'}",0.3785147193140575,0.3401275195392843,0.352482236130958,0.34774563353853666,0.35293071311035906,0.3543601643266391,0.012925421980870497,325,0.35594782436065875,0.3727696761549689,0.31758348802792025,0.3457892023980807,0.2957220529829098,0.3375624487849077,0.027550056126830494,
0.40181875228881836,0.007097701595473088,0.10872087478637696,0.004149722091370135,50.0,0.5,rbf,"{'clf__C': 50, 'clf__class_weight': None, 'clf__gamma': 0.5, 'clf__kernel': 'rbf'}",0.13903743315508021,0.14,0.13903743315508021,0.13941018766756033,0.13941018766756033,0.1393790483290562,0.0003523981125472012,414,1.0,1.0,1.0,1.0,1.0,1.0,0.0,
0.21067509651184083,0.0053959116546750925,0.028896379470825195,0.001602652997209561,50.0,0.5,poly,"{'clf__C': 50, 'clf__class_weight': None, 'clf__gamma': 0.5, 'clf__kernel': 'poly'}",0.7210248934088668,0.6973247808179688,0.7246473707966599,0.7222595017275868,0.7635119443193916,0.7257536982140949,0.02130579009373161,90,1.0,1.0,1.0,1.0,1.0,1.0,0.0,
0.1650557518005371,0.012026240721374244,0.036549949645996095,0.0008006293775465488,50.0,0.5,sigmoid,"{'clf__C': 50, 'clf__class_weight': None, 'clf__gamma': 0.5, 'clf__kernel': 'sigmoid'}",0.347243287558926,0.2681445055130837,0.33493116142517304,0.3102032874931582,0.3606894947883347,0.3242423473557351,0.03260598599534623,366,0.32202969617069654,0.3054359815908729,0.3231964767675752,0.30281414953692626,0.3317716033341773,0.3170495814800497,0.01110717800770653,
0.40447087287902833,0.004146775298010684,0.11479287147521973,0.005117785618289875,50.0,1,rbf,"{'clf__C': 50, 'clf__class_weight': None, 'clf__gamma': 1, 'clf__kernel': 'rbf'}",0.13903743315508021,0.14,0.13903743315508021,0.13941018766756033,0.13941018766756033,0.1393790483290562,0.0003523981125472012,414,1.0,1.0,1.0,1.0,1.0,1.0,0.0,
0.20717525482177734,0.007655842597270051,0.028226327896118165,0.0008812162574268239,50.0,1,poly,"{'clf__C': 50, 'clf__class_weight': None, 'clf__gamma': 1, 'clf__kernel': 'poly'}",0.7210248934088668,0.6973247808179688,0.7246473707966599,0.7222595017275868,0.7635119443193916,0.7257536982140949,0.02130579009373161,90,1.0,1.0,1.0,1.0,1.0,1.0,0.0,
0.15427784919738768,0.008936933401139395,0.03427257537841797,0.0011042730415587493,50.0,1,sigmoid,"{'clf__C': 50, 'clf__class_weight': None, 'clf__gamma': 1, 'clf__kernel': 'sigmoid'}",0.3748966423591192,0.26221549754811224,0.3619708810675209,0.33293135298465715,0.37917592276144907,0.34223805934417173,0.04315228436875508,344,0.3430024155417408,0.3066896714781071,0.3347571534489681,0.3260978165055418,0.31259182786881246,0.32462777696863404,0.01348356277943993,
0.22539300918579103,0.004448677480031155,0.07447094917297363,0.007211293302818881,50.0,scale,rbf,"{'clf__C': 50, 'clf__class_weight': 'balanced', 'clf__gamma': 'scale', 'clf__kernel': 'rbf'}",0.7972273456295108,0.7461554318697177,0.762769211843307,0.7461109232041216,0.8075146181971932,0.77195550614877,0.025772429547354092,32,1.0,1.0,1.0,1.0,1.0,1.0,0.0,balanced
0.19693350791931152,0.003798075179674471,0.02585291862487793,0.0018842302272975054,50.0,scale,poly,"{'clf__C': 50, 'clf__class_weight': 'balanced', 'clf__gamma': 'scale', 'clf__kernel': 'poly'}",0.7282830389116155,0.7181726560544761,0.7324342324342324,0.7241362507735541,0.7762962506153579,0.7358644857578472,0.020758250975163213,66,0.9964371626175835,0.993907830243144,0.9964440154059832,0.9957308420056764,0.9957308420056764,0.9956501384556127,0.0009271797751328521,balanced
0.1129228115081787,0.004116669930137767,0.026268768310546874,0.0005901947094713071,50.0,scale,sigmoid,"{'clf__C': 50, 'clf__class_weight': 'balanced', 'clf__gamma': 'scale', 'clf__kernel': 'sigmoid'}",0.5133914722926236,0.5334092970412438,0.4940100255936196,0.5258781517949307,0.5528847970549066,0.523914748755465,0.019689067585938903,278,0.5601568743073598,0.5465803135352983,0.5483514891111175,0.554207079919244,0.5489421603119319,0.5516475834369904,0.0049562047921059135,balanced
0.21977639198303223,0.010229198037149504,0.0740419864654541,0.0039405357038657714,50.0,auto,rbf,"{'clf__C': 50, 'clf__class_weight': 'balanced', 'clf__gamma': 'auto', 'clf__kernel': 'rbf'}",0.7972273456295108,0.7461554318697177,0.762769211843307,0.7461109232041216,0.8075146181971932,0.77195550614877,0.025772429547354092,32,1.0,1.0,1.0,1.0,1.0,1.0,0.0,balanced
0.21219496726989745,0.05325640771216769,0.026988935470581055,0.0012138138899442886,50.0,auto,poly,"{'clf__C': 50, 'clf__class_weight': 'balanced', 'clf__gamma': 'auto', 'clf__kernel': 'poly'}",0.7282830389116155,0.7181726560544761,0.7324342324342324,0.7241362507735541,0.7762962506153579,0.7358644857578472,0.020758250975163213,66,0.9964371626175835,0.993907830243144,0.9964440154059832,0.9957308420056764,0.9957308420056764,0.9956501384556127,0.0009271797751328521,balanced
0.12111835479736328,0.020067809736918907,0.03210878372192383,0.008682059061103174,50.0,auto,sigmoid,"{'clf__C': 50, 'clf__class_weight': 'balanced', 'clf__gamma': 'auto', 'clf__kernel': 'sigmoid'}",0.5133914722926236,0.5334092970412438,0.4940100255936196,0.5258781517949307,0.5528847970549066,0.523914748755465,0.019689067585938903,278,0.5601568743073598,0.5465803135352983,0.5483514891111175,0.554207079919244,0.5489421603119319,0.5516475834369904,0.0049562047921059135,balanced
0.1370603084564209,0.0064941717072913635,0.06167702674865723,0.004258853652263696,50.0,0.0001,rbf,"{'clf__C': 50, 'clf__class_weight': 'balanced', 'clf__gamma': 0.0001, 'clf__kernel': 'rbf'}",0.8110903740677433,0.7895635718503016,0.768256610707034,0.7506137460322622,0.839014382936447,0.7917077371187576,0.031166887017187197,15,0.8893811130502497,0.889810295841377,0.8978857575459502,0.8926272021248504,0.8847700647010583,0.8908948866526971,0.0043093963481661305,balanced
0.2659306049346924,0.004495895399706169,0.040752601623535153,0.002429049134522751,50.0,0.0001,poly,"{'clf__C': 50, 'clf__class_weight': 'balanced', 'clf__gamma': 0.0001, 'clf__kernel': 'poly'}",0.16455196896982446,0.0960813344443783,0.17501231830500122,0.09275781689574793,0.10350416795307193,0.12638152131360475,0.035760217030009075,484,0.19862676084656636,0.12400956885974954,0.1796483611931937,0.12367794885245469,0.11566285838437804,0.14832509962726845,0.033991036810840945,balanced
0.15668554306030275,0.017777663426315694,0.030256032943725586,0.00034075071588253,50.0,0.0001,sigmoid,"{'clf__C': 50, 'clf__class_weight': 'balanced', 'clf__gamma': 0.0001, 'clf__kernel': 'sigmoid'}",0.7821893277149848,0.7837746948820938,0.7537651958683065,0.7537521287521287,0.8063690737603781,0.7759700841955783,0.02005185335172929,28,0.8552191898929521,0.8629611205877024,0.8544852628013995,0.861868545835947,0.8562561761049456,0.8581580590445892,0.003537814445849669,balanced
0.15223979949951172,0.008541580011301588,0.06259474754333497,0.0041654738785060165,50.0,0.001,rbf,"{'clf__C': 50, 'clf__class_weight': 'balanced', 'clf__gamma': 0.001, 'clf__kernel': 'rbf'}",0.7653479801064874,0.7717652170119322,0.7521769054095366,0.7510363102992919,0.8137790365567719,0.7708210898768041,0.022870393992865175,48,0.9923739684646153,0.987686351616991,0.990413598289859,0.9867071018000911,0.9883858768308855,0.9891133794004883,0.0020336101091018442,balanced
0.19296884536743164,0.008103000142597615,0.03265037536621094,0.0021614062567289036,50.0,0.001,poly,"{'clf__C': 50, 'clf__class_weight': 'balanced', 'clf__gamma': 0.001, 'clf__kernel': 'poly'}",0.6842065567176187,0.6970343311987297,0.7005678906620915,0.6855614973262032,0.7215554688718989,0.6977851489553084,0.013469456662794518,201,0.850941495170026,0.8491948717934504,0.8500152373839989,0.8473160302093751,0.8476084411781403,0.8490152151469982,0.0013862985366744083,balanced
0.10703511238098144,0.005118687763148168,0.024509906768798828,0.0009863008292174272,50.0,0.001,sigmoid,"{'clf__C': 50, 'clf__class_weight': 'balanced', 'clf__gamma': 0.001, 'clf__kernel': 'sigmoid'}",0.5991984409465463,0.6135623812657306,0.5289921344734881,0.5965353766454315,0.6461628453316055,0.5968902357325604,0.038265797742234355,234,0.6649099228402852,0.6644470547117666,0.6733645585789514,0.6599869131866196,0.6532956484764872,0.6632008195588219,0.006575976509873608,balanced
0.32663979530334475,0.015877316830888128,0.09780783653259277,0.005829000944035808,50.0,0.01,rbf,"{'clf__C': 50, 'clf__class_weight': 'balanced', 'clf__gamma': 0.01, 'clf__kernel': 'rbf'}",0.7014616937027808,0.6932629040876462,0.6923829751790771,0.7273537160071207,0.7719248146431881,0.7172772207239626,0.03011457135032183,182,1.0,1.0,1.0,1.0,1.0,1.0,0.0,balanced
0.20810580253601074,0.005061391949893559,0.02899322509765625,0.001014560804195983,50.0,0.01,poly,"{'clf__C': 50, 'clf__class_weight': 'balanced', 'clf__gamma': 0.01, 'clf__kernel': 'poly'}",0.7210248934088668,0.6973247808179688,0.7246473707966599,0.7222595017275868,0.7635119443193916,0.7257536982140949,0.02130579009373161,90,1.0,1.0,1.0,1.0,1.0,1.0,0.0,balanced
0.13527278900146483,0.004652552120559302,0.033560657501220705,0.001058491181304176,50.0,0.01,sigmoid,"{'clf__C': 50, 'clf__class_weight': 'balanced', 'clf__gamma': 0.01, 'clf__kernel': 'sigmoid'}",0.45587740146563677,0.4661469402246963,0.45878860524169446,0.4561651833995492,0.504793751321425,0.46835437633060034,0.018592773469820228,301,0.4812194610139044,0.45074485280250326,0.45998903909389843,0.4763027754930095,0.46092521982414775,0.4658362696454927,0.011244996212835057,balanced
0.3932328224182129,0.012380723017106281,0.10923810005187988,0.0050301614251976315,50.0,0.1,rbf,"{'clf__C': 50, 'clf__class_weight': 'balanced', 'clf__gamma': 0.1, 'clf__kernel': 'rbf'}",0.1863759546686376,0.15998143947205612,0.158652870764861,0.19432095224437115,0.15939249429815466,0.17174474228961611,0.015402000228814983,389,1.0,1.0,1.0,1.0,1.0,1.0,0.0,balanced
0.20361795425415039,0.01157720620840678,0.02896857261657715,0.0016942164946319855,50.0,0.1,poly,"{'clf__C': 50, 'clf__class_weight': 'balanced', 'clf__gamma': 0.1, 'clf__kernel': 'poly'}",0.7210248934088668,0.6973247808179688,0.7246473707966599,0.7222595017275868,0.7635119443193916,0.7257536982140949,0.02130579009373161,90,1.0,1.0,1.0,1.0,1.0,1.0,0.0,balanced
0.2049015522003174,0.008661344395203503,0.04158062934875488,0.00164543775217113,50.0,0.1,sigmoid,"{'clf__C': 50, 'clf__class_weight': 'balanced', 'clf__gamma': 0.1, 'clf__kernel': 'sigmoid'}",0.3798561342039603,0.3092093791084363,0.4133850759719406,0.39299446991754683,0.3659757015026095,0.3722841521408987,0.03519591356135128,317,0.3565458045674746,0.3799187628806905,0.33005157248316347,0.3404793332346179,0.32565112102818905,0.3465293188388271,0.019794961754799032,balanced
0.39797701835632326,0.01436235296978428,0.11954264640808106,0.0066495779349521255,50.0,0.5,rbf,"{'clf__C': 50, 'clf__class_weight': 'balanced', 'clf__gamma': 0.5, 'clf__kernel': 'rbf'}",0.13903743315508021,0.14,0.13903743315508021,0.13941018766756033,0.13941018766756033,0.1393790483290562,0.0003523981125472012,414,1.0,1.0,1.0,1.0,1.0,1.0,0.0,balanced
0.20926446914672853,0.00853889293275733,0.029091882705688476,0.0008108192010471816,50.0,0.5,poly,"{'clf__C': 50, 'clf__class_weight': 'balanced', 'clf__gamma': 0.5, 'clf__kernel': 'poly'}",0.7210248934088668,0.6973247808179688,0.7246473707966599,0.7222595017275868,0.7635119443193916,0.7257536982140949,0.02130579009373161,90,1.0,1.0,1.0,1.0,1.0,1.0,0.0,balanced
0.17345857620239258,0.009730181567272888,0.038153982162475585,0.0015867608640041217,50.0,0.5,sigmoid,"{'clf__C': 50, 'clf__class_weight': 'balanced', 'clf__gamma': 0.5, 'clf__kernel': 'sigmoid'}",0.3951469343260388,0.28189661495058743,0.28952629125620605,0.3879485147967292,0.3708661629496972,0.34507690365585175,0.049168462101045,342,0.35303848489212936,0.270619009793605,0.27910187564400146,0.3276060677773742,0.3220949778957769,0.3104920832005774,0.03102553478560636,balanced
0.3929878234863281,0.005773678757321736,0.11184720993041992,0.01010760409089342,50.0,1,rbf,"{'clf__C': 50, 'clf__class_weight': 'balanced', 'clf__gamma': 1, 'clf__kernel': 'rbf'}",0.13903743315508021,0.14,0.13903743315508021,0.13941018766756033,0.13941018766756033,0.1393790483290562,0.0003523981125472012,414,1.0,1.0,1.0,1.0,1.0,1.0,0.0,balanced
0.20138969421386718,0.0048731555559970155,0.02581343650817871,0.003586981768212958,50.0,1,poly,"{'clf__C': 50, 'clf__class_weight': 'balanced', 'clf__gamma': 1, 'clf__kernel': 'poly'}",0.7210248934088668,0.6973247808179688,0.7246473707966599,0.7222595017275868,0.7635119443193916,0.7257536982140949,0.02130579009373161,90,1.0,1.0,1.0,1.0,1.0,1.0,0.0,balanced
0.169783353805542,0.012204633566701184,0.03581838607788086,0.002342488009190596,50.0,1,sigmoid,"{'clf__C': 50, 'clf__class_weight': 'balanced', 'clf__gamma': 1, 'clf__kernel': 'sigmoid'}",0.3910149578133768,0.32751203548439445,0.3518273305084746,0.33276173778156476,0.34612819247534277,0.3498488508126307,0.022375472270818007,333,0.342016375635167,0.31029694158570015,0.3062795109285613,0.2854269879780503,0.33041926565594226,0.31488781635668417,0.0196992594181792,balanced
0.22656807899475098,0.0124389770807194,0.07811279296875,0.006429106413167285,100.0,scale,rbf,"{'clf__C': 100, 'clf__class_weight': None, 'clf__gamma': 'scale', 'clf__kernel': 'rbf'}",0.7972273456295108,0.7461554318697177,0.762769211843307,0.7461109232041216,0.8075146181971932,0.77195550614877,0.025772429547354092,32,1.0,1.0,1.0,1.0,1.0,1.0,0.0,
0.19463663101196288,0.004145646178573816,0.026704788208007812,0.0006550540286256699,100.0,scale,poly,"{'clf__C': 100, 'clf__class_weight': None, 'clf__gamma': 'scale', 'clf__kernel': 'poly'}",0.7220075777680399,0.7051367625216605,0.716763915673573,0.7356492201402252,0.7713511182940131,0.7301817188795023,0.02279875822467917,82,0.9985768313673472,0.9981809090964352,0.9992900897711965,0.9992900897711965,0.9992900897711965,0.9989256019554744,0.0004636296972533458,
0.10246071815490723,0.006630955807223813,0.024492216110229493,0.0005401792327897948,100.0,scale,sigmoid,"{'clf__C': 100, 'clf__class_weight': None, 'clf__gamma': 'scale', 'clf__kernel': 'sigmoid'}",0.5244261924628008,0.5890560565429522,0.5530674453776525,0.5819701213818861,0.5906305306046239,0.567830069273983,0.025581932032555717,253,0.5927796414253355,0.5832331517282833,0.5937904157761937,0.5868318882963095,0.5846357689795145,0.5882541732411273,0.004276826968454873,
0.22277507781982422,0.009669794516885368,0.07682919502258301,0.0050977279449734856,100.0,auto,rbf,"{'clf__C': 100, 'clf__class_weight': None, 'clf__gamma': 'auto', 'clf__kernel': 'rbf'}",0.7972273456295108,0.7461554318697177,0.762769211843307,0.7461109232041216,0.8075146181971932,0.77195550614877,0.025772429547354092,32,1.0,1.0,1.0,1.0,1.0,1.0,0.0,
0.20527009963989257,0.0059928416395772805,0.0272885799407959,0.000737049118884012,100.0,auto,poly,"{'clf__C': 100, 'clf__class_weight': None, 'clf__gamma': 'auto', 'clf__kernel': 'poly'}",0.7220075777680399,0.7051367625216605,0.716763915673573,0.7356492201402252,0.7713511182940131,0.7301817188795023,0.02279875822467917,82,0.9985768313673472,0.9981809090964352,0.9992900897711965,0.9992900897711965,0.9992900897711965,0.9989256019554744,0.0004636296972533458,
0.101556396484375,0.007146960165894787,0.024468708038330077,0.00037857637459544574,100.0,auto,sigmoid,"{'clf__C': 100, 'clf__class_weight': None, 'clf__gamma': 'auto', 'clf__kernel': 'sigmoid'}",0.5244261924628008,0.5890560565429522,0.5530674453776525,0.5819701213818861,0.5906305306046239,0.567830069273983,0.025581932032555717,253,0.5927796414253355,0.5832331517282833,0.5937904157761937,0.5868318882963095,0.5846357689795145,0.5882541732411273,0.004276826968454873,
0.12929997444152833,0.0022726883084909716,0.05532350540161133,0.002902429497222255,100.0,0.0001,rbf,"{'clf__C': 100, 'clf__class_weight': None, 'clf__gamma': 0.0001, 'clf__kernel': 'rbf'}",0.8120687161002504,0.8086847565141628,0.7607629757939876,0.7819236355510865,0.8117750761270234,0.7950430320173021,0.02050937680253414,10,0.9105482852227212,0.9258637330760872,0.9160641944808735,0.9159400230519452,0.9167895339401559,0.9170411539543567,0.004944198588933582,
0.21282730102539063,0.0034415935655094524,0.03694109916687012,0.001293148433118954,100.0,0.0001,poly,"{'clf__C': 100, 'clf__class_weight': None, 'clf__gamma': 0.0001, 'clf__kernel': 'poly'}",0.1712598983670302,0.15325067024128688,0.18249652574720016,0.15260545905707196,0.17142429093648606,0.16620736886981505,0.011584204347735851,401,0.18080294913236436,0.1854520594257546,0.18048340040824543,0.187734521575985,0.17600455980681062,0.182095498069832,0.004109359093318531,
0.1286231517791748,0.0051516765520938515,0.026162004470825194,0.00035163876368389464,100.0,0.0001,sigmoid,"{'clf__C': 100, 'clf__class_weight': None, 'clf__gamma': 0.0001, 'clf__kernel': 'sigmoid'}",0.7931988275598282,0.8045426722364439,0.7530128205128205,0.7802159772702636,0.804193985993974,0.7870328567146659,0.0191986973659444,18,0.8760779924825849,0.8813665821446034,0.8801674180852006,0.8765715806746752,0.8773578210483941,0.8783082788870917,0.002083424373627796,
0.14887819290161133,0.008457415513965696,0.05797429084777832,0.003756762673317965,100.0,0.001,rbf,"{'clf__C': 100, 'clf__class_weight': None, 'clf__gamma': 0.001, 'clf__kernel': 'rbf'}",0.783739486386186,0.7742075268007332,0.7094045748210233,0.7562172244831845,0.7962806894385842,0.7639699003859423,0.03025594603410374,51,1.0,0.9983696231905673,0.9983678729170159,0.996444369452107,0.9961168892877884,0.9978597509694958,0.0014240572452872732,
0.17126841545104982,0.004115731119807393,0.030536508560180663,0.0008254742138933118,100.0,0.001,poly,"{'clf__C': 100, 'clf__class_weight': None, 'clf__gamma': 0.001, 'clf__kernel': 'poly'}",0.7079714473180383,0.7236869639567904,0.6720112403276906,0.6878200060808757,0.741295316816206,0.7065569948999203,0.024684697421931984,199,0.8745884888976878,0.8755864114609215,0.8712491982976363,0.8771641047613987,0.8706129057386781,0.8738402218312645,0.002521358826979439,
0.09436249732971191,0.0031690246038815094,0.021813678741455077,0.0007948942704765588,100.0,0.001,sigmoid,"{'clf__C': 100, 'clf__class_weight': None, 'clf__gamma': 0.001, 'clf__kernel': 'sigmoid'}",0.5965169711384041,0.6491759412360955,0.590605659148403,0.6147221284981025,0.6522317481369206,0.6206504896315851,0.025812172699619596,224,0.7241506995983069,0.7129605230568022,0.7241686620193166,0.7132234665266657,0.700825584566124,0.715065787153443,0.00867188119027167,
0.3235596179962158,0.006476297018529515,0.09373188018798828,0.006437359539407343,100.0,0.01,rbf,"{'clf__C': 100, 'clf__class_weight': None, 'clf__gamma': 0.01, 'clf__kernel': 'rbf'}",0.7014616937027808,0.6932629040876462,0.6923829751790771,0.7273537160071207,0.7719248146431881,0.7172772207239626,0.03011457135032183,182,1.0,1.0,1.0,1.0,1.0,1.0,0.0,
0.20360937118530273,0.004183438276366654,0.02820558547973633,0.0011324681069439732,100.0,0.01,poly,"{'clf__C': 100, 'clf__class_weight': None, 'clf__gamma': 0.01, 'clf__kernel': 'poly'}",0.7210248934088668,0.6973247808179688,0.7246473707966599,0.7222595017275868,0.7635119443193916,0.7257536982140949,0.02130579009373161,90,1.0,1.0,1.0,1.0,1.0,1.0,0.0,
0.13255624771118163,0.00568211231858915,0.031164216995239257,0.0006458619529166325,100.0,0.01,sigmoid,"{'clf__C': 100, 'clf__class_weight': None, 'clf__gamma': 0.01, 'clf__kernel': 'sigmoid'}",0.45293483388368483,0.5277024111079838,0.47222626875694174,0.456121403317173,0.4855924824189253,0.47891547989694166,0.027070487471545637,294,0.465760950137885,0.5008165736695798,0.45988624603275075,0.4677025609794994,0.48080672245082334,0.4749946106541077,0.014609938904920882,
0.39575982093811035,0.007119308428659986,0.1178445816040039,0.007217659874006342,100.0,0.1,rbf,"{'clf__C': 100, 'clf__class_weight': None, 'clf__gamma': 0.1, 'clf__kernel': 'rbf'}",0.1863759546686376,0.15998143947205612,0.158652870764861,0.19432095224437115,0.15939249429815466,0.17174474228961611,0.015402000228814983,389,1.0,1.0,1.0,1.0,1.0,1.0,0.0,
0.2151923656463623,0.01577857137292771,0.02871994972229004,0.0011508789703970632,100.0,0.1,poly,"{'clf__C': 100, 'clf__class_weight': None, 'clf__gamma': 0.1, 'clf__kernel': 'poly'}",0.7210248934088668,0.6973247808179688,0.7246473707966599,0.7222595017275868,0.7635119443193916,0.7257536982140949,0.02130579009373161,90,1.0,1.0,1.0,1.0,1.0,1.0,0.0,
0.18828926086425782,0.005973392098304893,0.041125249862670896,0.0009304695807632939,100.0,0.1,sigmoid,"{'clf__C': 100, 'clf__class_weight': None, 'clf__gamma': 0.1, 'clf__kernel': 'sigmoid'}",0.37749930587973257,0.3401275195392843,0.3586216922037918,0.3452377655119658,0.3555213866854886,0.3554015339640526,0.012925115188630827,324,0.3555597598588225,0.3727696761549689,0.3213003091256922,0.34649705796267705,0.29561147982188596,0.33834765658480925,0.027072264526356252,
0.3980563163757324,0.012246787839081197,0.11857256889343262,0.003078406977066678,100.0,0.5,rbf,"{'clf__C': 100, 'clf__class_weight': None, 'clf__gamma': 0.5, 'clf__kernel': 'rbf'}",0.13903743315508021,0.14,0.13903743315508021,0.13941018766756033,0.13941018766756033,0.1393790483290562,0.0003523981125472012,414,1.0,1.0,1.0,1.0,1.0,1.0,0.0,
0.20851821899414064,0.013142935022678144,0.028246355056762696,0.0009723350920958174,100.0,0.5,poly,"{'clf__C': 100, 'clf__class_weight': None, 'clf__gamma': 0.5, 'clf__kernel': 'poly'}",0.7210248934088668,0.6973247808179688,0.7246473707966599,0.7222595017275868,0.7635119443193916,0.7257536982140949,0.02130579009373161,90,1.0,1.0,1.0,1.0,1.0,1.0,0.0,
0.1664137840270996,0.007705143164764759,0.03763523101806641,0.0009724100265099321,100.0,0.5,sigmoid,"{'clf__C': 100, 'clf__class_weight': None, 'clf__gamma': 0.5, 'clf__kernel': 'sigmoid'}",0.349803855591757,0.26563618877451867,0.33128611713373,0.3129029080207502,0.3606894947883347,0.3240637128618181,0.033449977903208444,367,0.32330089475039886,0.30209795266260997,0.3158933920265012,0.30281414953692626,0.3317716033341773,0.31517559846212273,0.011539439191523577,
0.3949441432952881,0.01175054168933775,0.11179943084716797,0.006485062380291163,100.0,1,rbf,"{'clf__C': 100, 'clf__class_weight': None, 'clf__gamma': 1, 'clf__kernel': 'rbf'}",0.13903743315508021,0.14,0.13903743315508021,0.13941018766756033,0.13941018766756033,0.1393790483290562,0.0003523981125472012,414,1.0,1.0,1.0,1.0,1.0,1.0,0.0,
0.21323027610778808,0.006338382128823019,0.02791738510131836,0.000882595207025626,100.0,1,poly,"{'clf__C': 100, 'clf__class_weight': None, 'clf__gamma': 1, 'clf__kernel': 'poly'}",0.7210248934088668,0.6973247808179688,0.7246473707966599,0.7222595017275868,0.7635119443193916,0.7257536982140949,0.02130579009373161,90,1.0,1.0,1.0,1.0,1.0,1.0,0.0,
0.15097389221191407,0.008919402450363767,0.03385038375854492,0.0017027543082969827,100.0,1,sigmoid,"{'clf__C': 100, 'clf__class_weight': None, 'clf__gamma': 1, 'clf__kernel': 'sigmoid'}",0.3749744501715558,0.25944166532401824,0.3549415097179879,0.33293135298465715,0.37404474610356964,0.3392667448603578,0.04276079595986919,350,0.3421857152247262,0.30854877161719335,0.3345709572044076,0.3267119020908881,0.31512335014888476,0.32542813925722003,0.012305748655240015,
0.22770614624023439,0.008925380344349816,0.07561612129211426,0.005275788213304031,100.0,scale,rbf,"{'clf__C': 100, 'clf__class_weight': 'balanced', 'clf__gamma': 'scale', 'clf__kernel': 'rbf'}",0.7972273456295108,0.7461554318697177,0.762769211843307,0.7461109232041216,0.8075146181971932,0.77195550614877,0.025772429547354092,32,1.0,1.0,1.0,1.0,1.0,1.0,0.0,balanced
0.19610333442687988,0.0035126466254322944,0.0270904541015625,0.0005358469016812896,100.0,scale,poly,"{'clf__C': 100, 'clf__class_weight': 'balanced', 'clf__gamma': 'scale', 'clf__kernel': 'poly'}",0.7220075777680399,0.6989944531994116,0.7208689008512532,0.731170077375569,0.7644129423541188,0.7274907903096786,0.021273169643399932,87,0.9985768313673472,0.9985781111952543,0.9985795454545454,0.9992900897711965,0.9992900897711965,0.9988629335119079,0.0003487726823994885,balanced
0.11493945121765137,0.005354440724889248,0.02678971290588379,0.000840741374124621,100.0,scale,sigmoid,"{'clf__C': 100, 'clf__class_weight': 'balanced', 'clf__gamma': 'scale', 'clf__kernel': 'sigmoid'}",0.5196271904296269,0.5335720276492925,0.5196943705801045,0.5292583588619394,0.5545750178189595,0.5313453930679846,0.012821791430948203,270,0.5576641273287615,0.5456266151462146,0.5526502197561307,0.5529213418472372,0.5462652060723598,0.5510255020301408,0.0045191516758749445,balanced
0.22595653533935547,0.010822088787650883,0.07632756233215332,0.00401033569373404,100.0,auto,rbf,"{'clf__C': 100, 'clf__class_weight': 'balanced', 'clf__gamma': 'auto', 'clf__kernel': 'rbf'}",0.7972273456295108,0.7461554318697177,0.762769211843307,0.7461109232041216,0.8075146181971932,0.77195550614877,0.025772429547354092,32,1.0,1.0,1.0,1.0,1.0,1.0,0.0,balanced
0.19217524528503419,0.005111342468712657,0.02728896141052246,0.0007469226226460957,100.0,auto,poly,"{'clf__C': 100, 'clf__class_weight': 'balanced', 'clf__gamma': 'auto', 'clf__kernel': 'poly'}",0.7220075777680399,0.6989944531994116,0.7208689008512532,0.731170077375569,0.7644129423541188,0.7274907903096786,0.021273169643399932,87,0.9985768313673472,0.9985781111952543,0.9985795454545454,0.9992900897711965,0.9992900897711965,0.9988629335119079,0.0003487726823994885,balanced
0.11301217079162598,0.007121542957713316,0.027336549758911134,0.0012830928385215627,100.0,auto,sigmoid,"{'clf__C': 100, 'clf__class_weight': 'balanced', 'clf__gamma': 'auto', 'clf__kernel': 'sigmoid'}",0.5196271904296269,0.5335720276492925,0.5196943705801045,0.5292583588619394,0.5545750178189595,0.5313453930679846,0.012821791430948203,270,0.5576641273287615,0.5456266151462146,0.5526502197561307,0.5529213418472372,0.5462652060723598,0.5510255020301408,0.0045191516758749445,balanced
0.12990093231201172,0.0047055754432946025,0.05779180526733398,0.0032684228152418393,100.0,0.0001,rbf,"{'clf__C': 100, 'clf__class_weight': 'balanced', 'clf__gamma': 0.0001, 'clf__kernel': 'rbf'}",0.7970592209208627,0.7899062598597314,0.7662933334803511,0.7508465393267034,0.8249852819224627,0.7858181271020223,0.02561784750486526,21,0.9108478228548125,0.9231107092769034,0.9127810570296615,0.9067197666945401,0.9131305851065078,0.913317988192485,0.005401093314484365,balanced
0.2622976779937744,0.002865974533870123,0.038216590881347656,0.0021417474871498346,100.0,0.0001,poly,"{'clf__C': 100, 'clf__class_weight': 'balanced', 'clf__gamma': 0.0001, 'clf__kernel': 'poly'}",0.10983328187712257,0.13304630475197568,0.1620573661067827,0.09275781689574793,0.12182562660269666,0.12390407924686511,0.023287982084588085,485,0.13778050772394432,0.1804652364928106,0.12935820883146593,0.1412455663474516,0.13752094522635777,0.14527409292440602,0.018023463023944784,balanced
0.14044370651245117,0.006629882000861312,0.02839975357055664,0.0008447420704396924,100.0,0.0001,sigmoid,"{'clf__C': 100, 'clf__class_weight': 'balanced', 'clf__gamma': 0.0001, 'clf__kernel': 'sigmoid'}",0.7946237660021681,0.7691944330710215,0.7282186493595889,0.7472839937710605,0.8215046607287986,0.7721651005865275,0.03316012293275322,31,0.8742472700474556,0.8823637248046958,0.8830236663536085,0.8785720982409071,0.8682344738427352,0.8772882466578805,0.005504945655055998,balanced
0.14983057975769043,0.004651483990431854,0.06039681434631348,0.0028907191585453495,100.0,0.001,rbf,"{'clf__C': 100, 'clf__class_weight': 'balanced', 'clf__gamma': 0.001, 'clf__kernel': 'rbf'}",0.7845488871224165,0.7578742310321257,0.727607944665708,0.744145819189461,0.7993058686889389,0.76269655013973,0.02613947761803493,52,0.9974739422721399,0.9972649249093024,0.9983695257642152,0.9985820449974862,0.9988960214310805,0.9981172918748449,0.0006366263074921257,balanced
0.17940158843994142,0.006104116519018662,0.03092617988586426,0.0021673176392030306,100.0,0.001,poly,"{'clf__C': 100, 'clf__class_weight': 'balanced', 'clf__gamma': 0.001, 'clf__kernel': 'poly'}",0.7285621266482534,0.7218078693488654,0.7054626943651648,0.6800072586922252,0.7444795423023578,0.7160638982713733,0.021950464796887278,192,0.8998002442556521,0.9007400089095313,0.897852506183677,0.90058436498578,0.8942021407716312,0.8986358530212544,0.0024434162316401805,balanced
0.10551152229309083,0.009714779824600924,0.02373805046081543,0.0009549089022264555,100.0,0.001,sigmoid,"{'clf__C': 100, 'clf__class_weight': 'balanced', 'clf__gamma': 0.001, 'clf__kernel': 'sigmoid'}",0.5792765685847989,0.6264338579733439,0.5388804882996183,0.59579082806297,0.6381493063121055,0.5957062098465673,0.03534036700021751,236,0.6593473314309207,0.6568028621555007,0.6735130322076057,0.6619969426774164,0.6573617657229341,0.6618043868388755,0.006130557999686807,balanced
0.3335409641265869,0.012347591782704335,0.10025515556335449,0.006827766391974219,100.0,0.01,rbf,"{'clf__C': 100, 'clf__class_weight': 'balanced', 'clf__gamma': 0.01, 'clf__kernel': 'rbf'}",0.7014616937027808,0.6932629040876462,0.6923829751790771,0.7273537160071207,0.7719248146431881,0.7172772207239626,0.03011457135032183,182,1.0,1.0,1.0,1.0,1.0,1.0,0.0,balanced
0.21066746711730958,0.007083835182702667,0.028583288192749023,0.0016283597494645113,100.0,0.01,poly,"{'clf__C': 100, 'clf__class_weight': 'balanced', 'clf__gamma': 0.01, 'clf__kernel': 'poly'}",0.7210248934088668,0.6973247808179688,0.7246473707966599,0.7222595017275868,0.7635119443193916,0.7257536982140949,0.02130579009373161,90,1.0,1.0,1.0,1.0,1.0,1.0,0.0,balanced
0.13603510856628417,0.002146907501294698,0.033626365661621097,0.000716690078060151,100.0,0.01,sigmoid,"{'clf__C': 100, 'clf__class_weight': 'balanced', 'clf__gamma': 0.01, 'clf__kernel': 'sigmoid'}",0.4755947118016084,0.46895575354877683,0.45168218229380136,0.465902056360602,0.499194771787799,0.4722658951585175,0.015565282739339192,297,0.48111419193878036,0.4516099657609092,0.45822863391344004,0.47810653521672203,0.4511153258253774,0.46403493053104583,0.012997847855434841,balanced
0.3932164669036865,0.01584217063658311,0.1175076961517334,0.004063250624715086,100.0,0.1,rbf,"{'clf__C': 100, 'clf__class_weight': 'balanced', 'clf__gamma': 0.1, 'clf__kernel': 'rbf'}",0.1863759546686376,0.15998143947205612,0.158652870764861,0.19432095224437115,0.15939249429815466,0.17174474228961611,0.015402000228814983,389,1.0,1.0,1.0,1.0,1.0,1.0,0.0,balanced
0.2121274948120117,0.007444162827977348,0.02824549674987793,0.0013962782957523444,100.0,0.1,poly,"{'clf__C': 100, 'clf__class_weight': 'balanced', 'clf__gamma': 0.1, 'clf__kernel': 'poly'}",0.7210248934088668,0.6973247808179688,0.7246473707966599,0.7222595017275868,0.7635119443193916,0.7257536982140949,0.02130579009373161,90,1.0,1.0,1.0,1.0,1.0,1.0,0.0,balanced
0.19539098739624022,0.01143071986866055,0.04118657112121582,0.0014742591275603227,100.0,0.1,sigmoid,"{'clf__C': 100, 'clf__class_weight': 'balanced', 'clf__gamma': 0.1, 'clf__kernel': 'sigmoid'}",0.42401042980765585,0.3009522511710853,0.4133850759719406,0.3913951545530493,0.36573817229157035,0.37909621675906024,0.043884377586029005,312,0.36894960065260635,0.3724937349441221,0.3300301620958066,0.34049355998159164,0.321806899161441,0.34675479136711357,0.020476407614185576,balanced
0.4032632827758789,0.008476991415908137,0.11763324737548828,0.005034432436916842,100.0,0.5,rbf,"{'clf__C': 100, 'clf__class_weight': 'balanced', 'clf__gamma': 0.5, 'clf__kernel': 'rbf'}",0.13903743315508021,0.14,0.13903743315508021,0.13941018766756033,0.13941018766756033,0.1393790483290562,0.0003523981125472012,414,1.0,1.0,1.0,1.0,1.0,1.0,0.0,balanced
0.20928826332092285,0.008010984031883115,0.028160285949707032,0.0011437913240060116,100.0,0.5,poly,"{'clf__C': 100, 'clf__class_weight': 'balanced', 'clf__gamma': 0.5, 'clf__kernel': 'poly'}",0.7210248934088668,0.6973247808179688,0.7246473707966599,0.7222595017275868,0.7635119443193916,0.7257536982140949,0.02130579009373161,90,1.0,1.0,1.0,1.0,1.0,1.0,0.0,balanced
0.17624659538269044,0.010910560801524041,0.03868851661682129,0.0018354874378425383,100.0,0.5,sigmoid,"{'clf__C': 100, 'clf__class_weight': 'balanced', 'clf__gamma': 0.5, 'clf__kernel': 'sigmoid'}",0.3951469343260388,0.28836381010294054,0.2970065377660315,0.3879485147967292,0.36624784049315906,0.34694272749697985,0.04539365626117636,338,0.35303848489212936,0.27279834879059184,0.2804010821206675,0.3276060677773742,0.32416227374061257,0.3116012514642751,0.03036476103304717,balanced
0.3930966854095459,0.014386170431204466,0.11402945518493653,0.0063183173902486706,100.0,1,rbf,"{'clf__C': 100, 'clf__class_weight': 'balanced', 'clf__gamma': 1, 'clf__kernel': 'rbf'}",0.13903743315508021,0.14,0.13903743315508021,0.13941018766756033,0.13941018766756033,0.1393790483290562,0.0003523981125472012,414,1.0,1.0,1.0,1.0,1.0,1.0,0.0,balanced
0.2096407413482666,0.012440354615988398,0.02811594009399414,0.0016834354781248716,100.0,1,poly,"{'clf__C': 100, 'clf__class_weight': 'balanced', 'clf__gamma': 1, 'clf__kernel': 'poly'}",0.7210248934088668,0.6973247808179688,0.7246473707966599,0.7222595017275868,0.7635119443193916,0.7257536982140949,0.02130579009373161,90,1.0,1.0,1.0,1.0,1.0,1.0,0.0,balanced
0.1673902988433838,0.010667708350429229,0.03632597923278809,0.00171309109287379,100.0,1,sigmoid,"{'clf__C': 100, 'clf__class_weight': 'balanced', 'clf__gamma': 1, 'clf__kernel': 'sigmoid'}",0.3910149578133768,0.33775058251611034,0.3518273305084746,0.32968389901371736,0.34612819247534277,0.3512809924654044,0.021237439931524778,328,0.342016375635167,0.31390737476582947,0.3062795109285613,0.2878463922773329,0.33041926565594226,0.31609378385256653,0.018847894641854324,balanced
0.227070951461792,0.009190880578203784,0.07404823303222656,0.00468169256953576,500.0,scale,rbf,"{'clf__C': 500, 'clf__class_weight': None, 'clf__gamma': 'scale', 'clf__kernel': 'rbf'}",0.7972273456295108,0.7461554318697177,0.762769211843307,0.7461109232041216,0.8075146181971932,0.77195550614877,0.025772429547354092,32,1.0,1.0,1.0,1.0,1.0,1.0,0.0,
0.20847172737121583,0.006131956911281178,0.027174091339111327,0.0011417767985704586,500.0,scale,poly,"{'clf__C': 500, 'clf__class_weight': None, 'clf__gamma': 'scale', 'clf__kernel': 'poly'}",0.7210248934088668,0.6973247808179688,0.7246473707966599,0.7222595017275868,0.7635119443193916,0.7257536982140949,0.02130579009373161,90,1.0,1.0,1.0,1.0,1.0,1.0,0.0,
0.10248379707336426,0.006174940740659259,0.024491405487060545,0.0005483414728770699,500.0,scale,sigmoid,"{'clf__C': 500, 'clf__class_weight': None, 'clf__gamma': 'scale', 'clf__kernel': 'sigmoid'}",0.5184539702405785,0.5758492547367944,0.5398233725670837,0.5862470636846088,0.5840974648036413,0.5608942252065413,0.027018385323611848,261,0.5928787159787077,0.5850598972361676,0.5982440908554357,0.5861210142859968,0.5859103041159314,0.5896428044944477,0.005134020928738912,
0.22174530029296874,0.008594405172098201,0.07485074996948242,0.004423415974653034,500.0,auto,rbf,"{'clf__C': 500, 'clf__class_weight': None, 'clf__gamma': 'auto', 'clf__kernel': 'rbf'}",0.7972273456295108,0.7461554318697177,0.762769211843307,0.7461109232041216,0.8075146181971932,0.77195550614877,0.025772429547354092,32,1.0,1.0,1.0,1.0,1.0,1.0,0.0,
0.20062756538391113,0.011441371432471014,0.02665424346923828,0.00035871594527737044,500.0,auto,poly,"{'clf__C': 500, 'clf__class_weight': None, 'clf__gamma': 'auto', 'clf__kernel': 'poly'}",0.7210248934088668,0.6973247808179688,0.7246473707966599,0.7222595017275868,0.7635119443193916,0.7257536982140949,0.02130579009373161,90,1.0,1.0,1.0,1.0,1.0,1.0,0.0,
0.09906730651855469,0.0038781338758985904,0.02395291328430176,0.0007120419047371613,500.0,auto,sigmoid,"{'clf__C': 500, 'clf__class_weight': None, 'clf__gamma': 'auto', 'clf__kernel': 'sigmoid'}",0.5184539702405785,0.5758492547367944,0.5398233725670837,0.5862470636846088,0.5840974648036413,0.5608942252065413,0.027018385323611848,261,0.5928787159787077,0.5850598972361676,0.5982440908554357,0.5861210142859968,0.5859103041159314,0.5896428044944477,0.005134020928738912,
0.14598536491394043,0.0016823235750341586,0.05101022720336914,0.002063695364555815,500.0,0.0001,rbf,"{'clf__C': 500, 'clf__class_weight': None, 'clf__gamma': 0.0001, 'clf__kernel': 'rbf'}",0.7517648403179252,0.7468788498200263,0.738398004613306,0.7477939846223428,0.7817960393942603,0.7533263437535721,0.014886197284194299,58,0.9649748371512423,0.9624672396698803,0.9651155348565059,0.9667618575301963,0.9622406488166007,0.9643120236048851,0.001719328919707543,
0.21872944831848146,0.008129841394829515,0.03773574829101563,0.0011770286739264096,500.0,0.0001,poly,"{'clf__C': 500, 'clf__class_weight': None, 'clf__gamma': 0.0001, 'clf__kernel': 'poly'}",0.2007010012039795,0.2022764246811119,0.23323412698412696,0.1600710359586556,0.20904423666980743,0.2010653650995363,0.023582307269611025,380,0.2349479556493663,0.23198877966611786,0.23536422397452422,0.23738415875984037,0.23165568206968254,0.23426816002390627,0.002163032236253466,
0.14274225234985352,0.0050464217641661285,0.024125003814697267,0.0010362163370518276,500.0,0.0001,sigmoid,"{'clf__C': 500, 'clf__class_weight': None, 'clf__gamma': 0.0001, 'clf__kernel': 'sigmoid'}",0.7416296819494992,0.7426939231623392,0.7411936197440365,0.739427967382469,0.7684121452989378,0.7466714675074563,0.0109212878511896,60,0.9153346983220357,0.9352576917469619,0.9172570548618552,0.9175283869741115,0.9218123321882946,0.9214380328186518,0.007226889679460606,
0.17767810821533203,0.04440765396409259,0.06196742057800293,0.002229999691308653,500.0,0.001,rbf,"{'clf__C': 500, 'clf__class_weight': None, 'clf__gamma': 0.001, 'clf__kernel': 'rbf'}",0.775830916606497,0.7642698742698742,0.7112309926122838,0.7328488034322543,0.8165040043060978,0.7601369182454014,0.03626861473263012,54,1.0,1.0,1.0,1.0,1.0,1.0,0.0,
0.1663334846496582,0.02753633648454933,0.023837518692016602,0.0041402461317797115,500.0,0.001,poly,"{'clf__C': 500, 'clf__class_weight': None, 'clf__gamma': 0.001, 'clf__kernel': 'poly'}",0.7260705496847288,0.7277353374420183,0.7212544326241135,0.7179980369807497,0.7669174571484303,0.7319951627760082,0.017799419154094186,80,0.9772041973268558,0.968832163753089,0.9664558048700395,0.9687191559102323,0.9703462298387988,0.970311510339803,0.0036633553736337976,
0.08785653114318848,0.0029026788257244685,0.01992034912109375,0.000810967316221775,500.0,0.001,sigmoid,"{'clf__C': 500, 'clf__class_weight': None, 'clf__gamma': 0.001, 'clf__kernel': 'sigmoid'}",0.5825404579882599,0.6419685746669846,0.5790896743077951,0.6042097872059212,0.6614742219204695,0.6138565432178862,0.03268094829313436,225,0.7233034590331491,0.7042684361943006,0.7251266125940711,0.7242074268286534,0.7038498068382661,0.7161511482976881,0.009890803613397786,
0.3262073516845703,0.00727328716140627,0.09726119041442871,0.004565447861700934,500.0,0.01,rbf,"{'clf__C': 500, 'clf__class_weight': None, 'clf__gamma': 0.01, 'clf__kernel': 'rbf'}",0.7014616937027808,0.6932629040876462,0.6923829751790771,0.7273537160071207,0.7719248146431881,0.7172772207239626,0.03011457135032183,182,1.0,1.0,1.0,1.0,1.0,1.0,0.0,
0.19628462791442872,0.008523696846354619,0.027109050750732423,0.0040375070528323705,500.0,0.01,poly,"{'clf__C': 500, 'clf__class_weight': None, 'clf__gamma': 0.01, 'clf__kernel': 'poly'}",0.7210248934088668,0.6973247808179688,0.7246473707966599,0.7222595017275868,0.7635119443193916,0.7257536982140949,0.02130579009373161,90,1.0,1.0,1.0,1.0,1.0,1.0,0.0,
0.11766109466552735,0.006287607087388272,0.03109893798828125,0.0006589679845794682,500.0,0.01,sigmoid,"{'clf__C': 500, 'clf__class_weight': None, 'clf__gamma': 0.01, 'clf__kernel': 'sigmoid'}",0.4648266168884442,0.5281305913791101,0.48275958423402726,0.4688070234461987,0.47015057644996683,0.4829348784795494,0.02338215985169416,290,0.47963496524562577,0.4965467560160594,0.45481999294176373,0.4748175795230421,0.4747384744740262,0.4761115536401034,0.013318424815804834,
0.3874502658843994,0.007141820192371958,0.1153040885925293,0.006213857234507537,500.0,0.1,rbf,"{'clf__C': 500, 'clf__class_weight': None, 'clf__gamma': 0.1, 'clf__kernel': 'rbf'}",0.1863759546686376,0.15998143947205612,0.158652870764861,0.19432095224437115,0.15939249429815466,0.17174474228961611,0.015402000228814983,389,1.0,1.0,1.0,1.0,1.0,1.0,0.0,
0.2077566623687744,0.005742526580150605,0.027277612686157228,0.004914943753740785,500.0,0.1,poly,"{'clf__C': 500, 'clf__class_weight': None, 'clf__gamma': 0.1, 'clf__kernel': 'poly'}",0.7210248934088668,0.6973247808179688,0.7246473707966599,0.7222595017275868,0.7635119443193916,0.7257536982140949,0.02130579009373161,90,1.0,1.0,1.0,1.0,1.0,1.0,0.0,
0.19244184494018554,0.017708416229337068,0.040183401107788085,0.001262153321292811,500.0,0.1,sigmoid,"{'clf__C': 500, 'clf__class_weight': None, 'clf__gamma': 0.1, 'clf__kernel': 'sigmoid'}",0.37749930587973257,0.3379901884853201,0.3496470756342386,0.3527991375972873,0.338223872296026,0.35123191597852094,0.01441871160812474,330,0.3565699357930055,0.3732557176603088,0.32413134884384764,0.34151615299282395,0.2925260831999829,0.3375998476979938,0.02778340317409161,
0.42518177032470705,0.03139890538584238,0.1148198127746582,0.006640425087573037,500.0,0.5,rbf,"{'clf__C': 500, 'clf__class_weight': None, 'clf__gamma': 0.5, 'clf__kernel': 'rbf'}",0.13903743315508021,0.14,0.13903743315508021,0.13941018766756033,0.13941018766756033,0.1393790483290562,0.0003523981125472012,414,1.0,1.0,1.0,1.0,1.0,1.0,0.0,
0.2113853931427002,0.0055917121722475404,0.02945108413696289,0.0008889099185408601,500.0,0.5,poly,"{'clf__C': 500, 'clf__class_weight': None, 'clf__gamma': 0.5, 'clf__kernel': 'poly'}",0.7210248934088668,0.6973247808179688,0.7246473707966599,0.7222595017275868,0.7635119443193916,0.7257536982140949,0.02130579009373161,90,1.0,1.0,1.0,1.0,1.0,1.0,0.0,
0.16700639724731445,0.016192933774141965,0.036359119415283206,0.0015702242363269435,500.0,0.5,sigmoid,"{'clf__C': 500, 'clf__class_weight': None, 'clf__gamma': 0.5, 'clf__kernel': 'sigmoid'}",0.3527624354734138,0.2714171195193573,0.33493116142517304,0.3129029080207502,0.3599864905989705,0.32640002300753296,0.03194088197889758,360,0.3242346530682016,0.3043589314599662,0.3224206653771166,0.30281414953692626,0.32954683013284475,0.3166750459150111,0.01095128993258911,
0.40141801834106444,0.00886004146912663,0.10866174697875977,0.006830580703130125,500.0,1,rbf,"{'clf__C': 500, 'clf__class_weight': None, 'clf__gamma': 1, 'clf__kernel': 'rbf'}",0.13903743315508021,0.14,0.13903743315508021,0.13941018766756033,0.13941018766756033,0.1393790483290562,0.0003523981125472012,414,1.0,1.0,1.0,1.0,1.0,1.0,0.0,
0.2036752700805664,0.007713269062635374,0.028232574462890625,0.001363044859363364,500.0,1,poly,"{'clf__C': 500, 'clf__class_weight': None, 'clf__gamma': 1, 'clf__kernel': 'poly'}",0.7210248934088668,0.6973247808179688,0.7246473707966599,0.7222595017275868,0.7635119443193916,0.7257536982140949,0.02130579009373161,90,1.0,1.0,1.0,1.0,1.0,1.0,0.0,
0.15848355293273925,0.011657036679200115,0.03378968238830567,0.0010716741462887358,500.0,1,sigmoid,"{'clf__C': 500, 'clf__class_weight': None, 'clf__gamma': 1, 'clf__kernel': 'sigmoid'}",0.3718062982768865,0.2704736509815834,0.3549415097179879,0.3398641577213006,0.37404474610356964,0.3422260725602656,0.0379554705562322,345,0.34386972641763025,0.3063878947342678,0.3345709572044076,0.31584963934974064,0.31512335014888476,0.3231603135709862,0.013845109900852162,
0.22699642181396484,0.011648496255430539,0.07454543113708496,0.0045295918155029416,500.0,scale,rbf,"{'clf__C': 500, 'clf__class_weight': 'balanced', 'clf__gamma': 'scale', 'clf__kernel': 'rbf'}",0.7972273456295108,0.7461554318697177,0.762769211843307,0.7461109232041216,0.8075146181971932,0.77195550614877,0.025772429547354092,32,1.0,1.0,1.0,1.0,1.0,1.0,0.0,balanced
0.212037992477417,0.010999747739413254,0.027439594268798828,0.0007805641786216567,500.0,scale,poly,"{'clf__C': 500, 'clf__class_weight': 'balanced', 'clf__gamma': 'scale', 'clf__kernel': 'poly'}",0.7210248934088668,0.6973247808179688,0.7246473707966599,0.7222595017275868,0.7635119443193916,0.7257536982140949,0.02130579009373161,90,1.0,1.0,1.0,1.0,1.0,1.0,0.0,balanced
0.11194872856140137,0.004996050927031429,0.027410888671875,0.0007335231369588492,500.0,scale,sigmoid,"{'clf__C': 500, 'clf__class_weight': 'balanced', 'clf__gamma': 'scale', 'clf__kernel': 'sigmoid'}",0.5138142957536006,0.5362894189536402,0.5118216957189607,0.5292583588619394,0.5454699421204946,0.5273307422817272,0.01293235489937305,272,0.5622016170328226,0.5438112346257398,0.5502550662320682,0.5511403739844656,0.5484203022888398,0.5511657188327872,0.006070366208945996,balanced
0.2240985870361328,0.017116801505303862,0.07973456382751465,0.005221058781996423,500.0,auto,rbf,"{'clf__C': 500, 'clf__class_weight': 'balanced', 'clf__gamma': 'auto', 'clf__kernel': 'rbf'}",0.7972273456295108,0.7461554318697177,0.762769211843307,0.7461109232041216,0.8075146181971932,0.77195550614877,0.025772429547354092,32,1.0,1.0,1.0,1.0,1.0,1.0,0.0,balanced
0.20019893646240233,0.011677600537693638,0.02691679000854492,0.0003616595120427506,500.0,auto,poly,"{'clf__C': 500, 'clf__class_weight': 'balanced', 'clf__gamma': 'auto', 'clf__kernel': 'poly'}",0.7210248934088668,0.6973247808179688,0.7246473707966599,0.7222595017275868,0.7635119443193916,0.7257536982140949,0.02130579009373161,90,1.0,1.0,1.0,1.0,1.0,1.0,0.0,balanced
0.11113181114196777,0.003744976430492173,0.026635503768920897,0.0009491454545824246,500.0,auto,sigmoid,"{'clf__C': 500, 'clf__class_weight': 'balanced', 'clf__gamma': 'auto', 'clf__kernel': 'sigmoid'}",0.5138142957536006,0.5362894189536402,0.5118216957189607,0.5292583588619394,0.5454699421204946,0.5273307422817272,0.01293235489937305,272,0.5622016170328226,0.5438112346257398,0.5502550662320682,0.5511403739844656,0.5484203022888398,0.5511657188327872,0.006070366208945996,balanced
0.14822034835815429,0.0063046034852191025,0.0541022777557373,0.003639881523471542,500.0,0.0001,rbf,"{'clf__C': 500, 'clf__class_weight': 'balanced', 'clf__gamma': 0.0001, 'clf__kernel': 'rbf'}",0.7479112166373572,0.7331979941829613,0.7337233169129722,0.7172489654906394,0.8093892962934671,0.7482941579034794,0.032052363772747366,59,0.9686089644622761,0.9634754445718184,0.967130182020431,0.9612747483521911,0.9583388310667865,0.9637656340947005,0.0037554478997643055,balanced
0.25960569381713866,0.0024169450517700797,0.037299585342407224,0.000537119318893077,500.0,0.0001,poly,"{'clf__C': 500, 'clf__class_weight': 'balanced', 'clf__gamma': 0.0001, 'clf__kernel': 'poly'}",0.1744848271747006,0.17820402271621782,0.2342613174499478,0.12495494014481356,0.16283155968518487,0.17494733343417296,0.03514256677386581,386,0.22369799302506932,0.22178443322096586,0.21451968819056375,0.21706879791976533,0.22177225296239308,0.21976863306375147,0.0034163824365586585,balanced
0.1430783748626709,0.0044883303330842325,0.024408435821533202,0.0003334968745110261,500.0,0.0001,sigmoid,"{'clf__C': 500, 'clf__class_weight': 'balanced', 'clf__gamma': 0.0001, 'clf__kernel': 'sigmoid'}",0.736722455539893,0.7320607103739634,0.7349049597713999,0.7116641348744568,0.7527156381874858,0.7336135797494399,0.01311801007187689,77,0.902952505131938,0.9289672750130605,0.9090937208244536,0.9036259251455845,0.8918992776777988,0.9073077407585671,0.01218416781729619,balanced
0.14928178787231444,0.007400345741126496,0.059156942367553714,0.0025689865867692388,500.0,0.001,rbf,"{'clf__C': 500, 'clf__class_weight': 'balanced', 'clf__gamma': 0.001, 'clf__kernel': 'rbf'}",0.775830916606497,0.7642698742698742,0.7112309926122838,0.7328488034322543,0.8165040043060978,0.7601369182454014,0.03626861473263012,54,1.0,1.0,1.0,1.0,1.0,1.0,0.0,balanced
0.17715702056884766,0.0047936968063867855,0.028367328643798827,0.0007282284087894848,500.0,0.001,poly,"{'clf__C': 500, 'clf__class_weight': 'balanced', 'clf__gamma': 0.001, 'clf__kernel': 'poly'}",0.7067069268916973,0.7287724986430066,0.7280894635375783,0.7229221795418979,0.7758402607645207,0.7324662658757402,0.0231029733001256,78,0.9815840845561246,0.9792550803117765,0.979461733183194,0.9759254421061884,0.9785780060998113,0.9789608692514189,0.001820938522185373,balanced
0.09837217330932617,0.008442777270622428,0.022723007202148437,0.0009859188263423872,500.0,0.001,sigmoid,"{'clf__C': 500, 'clf__class_weight': 'balanced', 'clf__gamma': 0.001, 'clf__kernel': 'sigmoid'}",0.5452855945909094,0.6201447991407397,0.48996780599427,0.5857374429618861,0.625988284778965,0.5734247854933541,0.05070338086962739,247,0.6751207027590901,0.6602032079515917,0.6707807019279867,0.6637795900080999,0.6560069726322506,0.6651782350558039,0.006943478324061905,balanced
0.32658095359802247,0.012318957073578508,0.09734387397766113,0.0033223050522738443,500.0,0.01,rbf,"{'clf__C': 500, 'clf__class_weight': 'balanced', 'clf__gamma': 0.01, 'clf__kernel': 'rbf'}",0.7014616937027808,0.6932629040876462,0.6923829751790771,0.7273537160071207,0.7719248146431881,0.7172772207239626,0.03011457135032183,182,1.0,1.0,1.0,1.0,1.0,1.0,0.0,balanced
0.20915641784667968,0.005070217036235648,0.028722858428955077,0.0010664903103767493,500.0,0.01,poly,"{'clf__C': 500, 'clf__class_weight': 'balanced', 'clf__gamma': 0.01, 'clf__kernel': 'poly'}",0.7210248934088668,0.6973247808179688,0.7246473707966599,0.7222595017275868,0.7635119443193916,0.7257536982140949,0.02130579009373161,90,1.0,1.0,1.0,1.0,1.0,1.0,0.0,balanced
0.13486781120300292,0.02285278860213082,0.03280282020568848,0.000917442660287212,500.0,0.01,sigmoid,"{'clf__C': 500, 'clf__class_weight': 'balanced', 'clf__gamma': 0.01, 'clf__kernel': 'sigmoid'}",0.47631293480244,0.47454021473365937,0.4573516140981384,0.4626340825043928,0.4956112739388489,0.4732900240154959,0.013240250486906672,296,0.48435508143619393,0.45398791496833585,0.4553689119085904,0.4795542896861668,0.450887440409026,0.46483072768166267,0.014138539336576954,balanced
0.3950094699859619,0.02670819200396016,0.11771349906921387,0.008277311295565495,500.0,0.1,rbf,"{'clf__C': 500, 'clf__class_weight': 'balanced', 'clf__gamma': 0.1, 'clf__kernel': 'rbf'}",0.1863759546686376,0.15998143947205612,0.158652870764861,0.19432095224437115,0.15939249429815466,0.17174474228961611,0.015402000228814983,389,1.0,1.0,1.0,1.0,1.0,1.0,0.0,balanced
0.21159420013427735,0.01367078709178868,0.02791872024536133,0.001148173603988219,500.0,0.1,poly,"{'clf__C': 500, 'clf__class_weight': 'balanced', 'clf__gamma': 0.1, 'clf__kernel': 'poly'}",0.7210248934088668,0.6973247808179688,0.7246473707966599,0.7222595017275868,0.7635119443193916,0.7257536982140949,0.02130579009373161,90,1.0,1.0,1.0,1.0,1.0,1.0,0.0,balanced
0.2122037410736084,0.0340102402364929,0.04042782783508301,0.0016552364184148104,500.0,0.1,sigmoid,"{'clf__C': 500, 'clf__class_weight': 'balanced', 'clf__gamma': 0.1, 'clf__kernel': 'sigmoid'}",0.42401042980765585,0.2998381370091896,0.4033736973573258,0.39025759690877976,0.35860430692832923,0.3752168336022561,0.043261466712494936,314,0.36893026267057416,0.36991450561083267,0.32743787852514084,0.33983262847718093,0.3286901934144466,0.346961093739635,0.018843037165209967,balanced
0.4091655254364014,0.017447717959929106,0.11311216354370117,0.006574848961383274,500.0,0.5,rbf,"{'clf__C': 500, 'clf__class_weight': 'balanced', 'clf__gamma': 0.5, 'clf__kernel': 'rbf'}",0.13903743315508021,0.14,0.13903743315508021,0.13941018766756033,0.13941018766756033,0.1393790483290562,0.0003523981125472012,414,1.0,1.0,1.0,1.0,1.0,1.0,0.0,balanced
0.1990586757659912,0.03540785122682752,0.02873225212097168,0.0011189299592597186,500.0,0.5,poly,"{'clf__C': 500, 'clf__class_weight': 'balanced', 'clf__gamma': 0.5, 'clf__kernel': 'poly'}",0.7210248934088668,0.6973247808179688,0.7246473707966599,0.7222595017275868,0.7635119443193916,0.7257536982140949,0.02130579009373161,90,1.0,1.0,1.0,1.0,1.0,1.0,0.0,balanced
0.17560038566589356,0.00924118460678234,0.03943161964416504,0.0010496752018520487,500.0,0.5,sigmoid,"{'clf__C': 500, 'clf__class_weight': 'balanced', 'clf__gamma': 0.5, 'clf__kernel': 'sigmoid'}",0.3951469343260388,0.28836381010294054,0.3075484428744105,0.3879485147967292,0.3613221448730639,0.3480659693946366,0.04286951983483145,335,0.35303848489212936,0.27279834879059184,0.28134016963263664,0.3276060677773742,0.32731718768141466,0.31242005175482934,0.03045729886413804,balanced
0.40353965759277344,0.016693770718002047,0.10725107192993164,0.0021089523871639358,500.0,1,rbf,"{'clf__C': 500, 'clf__class_weight': 'balanced', 'clf__gamma': 1, 'clf__kernel': 'rbf'}",0.13903743315508021,0.14,0.13903743315508021,0.13941018766756033,0.13941018766756033,0.1393790483290562,0.0003523981125472012,414,1.0,1.0,1.0,1.0,1.0,1.0,0.0,balanced
0.21439151763916015,0.007127781014765,0.028102350234985352,0.0007904370859134481,500.0,1,poly,"{'clf__C': 500, 'clf__class_weight': 'balanced', 'clf__gamma': 1, 'clf__kernel': 'poly'}",0.7210248934088668,0.6973247808179688,0.7246473707966599,0.7222595017275868,0.7635119443193916,0.7257536982140949,0.02130579009373161,90,1.0,1.0,1.0,1.0,1.0,1.0,0.0,balanced
0.1711812973022461,0.012176749768588456,0.03674416542053223,0.0012364352701022645,500.0,1,sigmoid,"{'clf__C': 500, 'clf__class_weight': 'balanced', 'clf__gamma': 1, 'clf__kernel': 'sigmoid'}",0.3910149578133768,0.33159876746586325,0.35126093177161427,0.34406665956503124,0.36368437877671805,0.35632513907852076,0.020223016103192396,320,0.342016375635167,0.3128785562105284,0.3062795109285613,0.28961621142041666,0.30972111041996164,0.31210235292292704,0.016974413750066836,balanced
0.23082365989685058,0.01587831756797027,0.07687563896179199,0.001669730378761457,1000.0,scale,rbf,"{'clf__C': 1000, 'clf__class_weight': None, 'clf__gamma': 'scale', 'clf__kernel': 'rbf'}",0.7972273456295108,0.7461554318697177,0.762769211843307,0.7461109232041216,0.8075146181971932,0.77195550614877,0.025772429547354092,32,1.0,1.0,1.0,1.0,1.0,1.0,0.0,
0.20538620948791503,0.006210257666167507,0.02741827964782715,0.00045571755547629464,1000.0,scale,poly,"{'clf__C': 1000, 'clf__class_weight': None, 'clf__gamma': 'scale', 'clf__kernel': 'poly'}",0.7210248934088668,0.6973247808179688,0.7246473707966599,0.7222595017275868,0.7635119443193916,0.7257536982140949,0.02130579009373161,90,1.0,1.0,1.0,1.0,1.0,1.0,0.0,
0.10646624565124511,0.005400322365747753,0.024677228927612305,0.0015670628573668834,1000.0,scale,sigmoid,"{'clf__C': 1000, 'clf__class_weight': None, 'clf__gamma': 'scale', 'clf__kernel': 'sigmoid'}",0.5233559310248922,0.5760777733394161,0.5506940480927995,0.5862470636846088,0.5850186290993644,0.5642786890482162,0.024129598346114556,256,0.5938483281882854,0.5843894196606098,0.5965985733816801,0.5861210142859968,0.5891637251919264,0.5900242121416996,0.004595048788597397,
0.2269448757171631,0.009284411873432786,0.0774345874786377,0.006313246919199176,1000.0,auto,rbf,"{'clf__C': 1000, 'clf__class_weight': None, 'clf__gamma': 'auto', 'clf__kernel': 'rbf'}",0.7972273456295108,0.7461554318697177,0.762769211843307,0.7461109232041216,0.8075146181971932,0.77195550614877,0.025772429547354092,32,1.0,1.0,1.0,1.0,1.0,1.0,0.0,
0.2018991470336914,0.007221737714809117,0.026943540573120116,0.0006382636554945788,1000.0,auto,poly,"{'clf__C': 1000, 'clf__class_weight': None, 'clf__gamma': 'auto', 'clf__kernel': 'poly'}",0.7210248934088668,0.6973247808179688,0.7246473707966599,0.7222595017275868,0.7635119443193916,0.7257536982140949,0.02130579009373161,90,1.0,1.0,1.0,1.0,1.0,1.0,0.0,
0.10254473686218261,0.009343076780669824,0.024453449249267577,0.0006385501987776564,1000.0,auto,sigmoid,"{'clf__C': 1000, 'clf__class_weight': None, 'clf__gamma': 'auto', 'clf__kernel': 'sigmoid'}",0.5233559310248922,0.5760777733394161,0.5506940480927995,0.5862470636846088,0.5850186290993644,0.5642786890482162,0.024129598346114556,256,0.5938483281882854,0.5843894196606098,0.5965985733816801,0.5861210142859968,0.5891637251919264,0.5900242121416996,0.004595048788597397,
0.16623220443725586,0.008386852672447646,0.0522244930267334,0.0036050846586621007,1000.0,0.0001,rbf,"{'clf__C': 1000, 'clf__class_weight': None, 'clf__gamma': 0.0001, 'clf__kernel': 'rbf'}",0.7299019607843137,0.7334956565274902,0.7180869917735532,0.7396117804551539,0.7485191361371704,0.7339231051355363,0.010124622941247335,76,0.9876919221948959,0.976156875419512,0.9816687894215309,0.9772173017027673,0.9772266313932981,0.9799923040264009,0.004293129833324614,
0.21965351104736328,0.0253633657726615,0.03596820831298828,0.0005941823152221551,1000.0,0.0001,poly,"{'clf__C': 1000, 'clf__class_weight': None, 'clf__gamma': 0.0001, 'clf__kernel': 'poly'}",0.23016312955337345,0.23614634719285882,0.2577581594435527,0.18598427194317604,0.23687663184727153,0.2293857079960465,0.023626701925425913,377,0.2671203172832666,0.2699255459468147,0.2658884255882651,0.2729530322216641,0.26401481094168067,0.26798042639633823,0.003141740274475194,
0.16570568084716797,0.008960240675535342,0.02385106086730957,0.0009774895594625522,1000.0,0.0001,sigmoid,"{'clf__C': 1000, 'clf__class_weight': None, 'clf__gamma': 0.0001, 'clf__kernel': 'sigmoid'}",0.7193896789485024,0.7309559231845433,0.7371599089922931,0.7229032776304367,0.7722948555454903,0.7365407288602531,0.018921255786106414,65,0.9341585766385954,0.9493729573971821,0.9300941179263609,0.9384881586660178,0.9309768284175637,0.9366181278091439,0.007023091184972544,
0.143696928024292,0.0089689795060649,0.060102319717407225,0.002034815517120981,1000.0,0.001,rbf,"{'clf__C': 1000, 'clf__class_weight': None, 'clf__gamma': 0.001, 'clf__kernel': 'rbf'}",0.775830916606497,0.7642698742698742,0.7112309926122838,0.7328488034322543,0.8165040043060978,0.7601369182454014,0.03626861473263012,54,1.0,1.0,1.0,1.0,1.0,1.0,0.0,
0.19029655456542968,0.005730800312652879,0.027884864807128908,0.0011122825081073104,1000.0,0.001,poly,"{'clf__C': 1000, 'clf__class_weight': None, 'clf__gamma': 0.001, 'clf__kernel': 'poly'}",0.7196112432164138,0.7172616002922908,0.745551582950448,0.7223842937832803,0.7681754889509596,0.7345968418386785,0.019604881995368563,70,0.9910766249503141,0.9863687907358518,0.987828580320975,0.9880294366431347,0.9887106239446352,0.9884028113189821,0.001539507555541214,
0.08978676795959473,0.0020476596176517013,0.020686817169189454,0.0005679869863911316,1000.0,0.001,sigmoid,"{'clf__C': 1000, 'clf__class_weight': None, 'clf__gamma': 0.001, 'clf__kernel': 'sigmoid'}",0.5556840607063045,0.6379906115909065,0.5615793440928308,0.6176993662359137,0.6677616823006525,0.6081430129853216,0.04348955206907218,230,0.7150820797836565,0.7019084953689139,0.7265292843538133,0.7206288221789017,0.7071003489904102,0.7142498061351391,0.008894861430380485,
0.3342560291290283,0.014067806870527555,0.09942383766174316,0.006063128066153093,1000.0,0.01,rbf,"{'clf__C': 1000, 'clf__class_weight': None, 'clf__gamma': 0.01, 'clf__kernel': 'rbf'}",0.7014616937027808,0.6932629040876462,0.6923829751790771,0.7273537160071207,0.7719248146431881,0.7172772207239626,0.03011457135032183,182,1.0,1.0,1.0,1.0,1.0,1.0,0.0,
0.20410723686218263,0.0043353291507058364,0.02921261787414551,0.0005562630642649072,1000.0,0.01,poly,"{'clf__C': 1000, 'clf__class_weight': None, 'clf__gamma': 0.01, 'clf__kernel': 'poly'}",0.7210248934088668,0.6973247808179688,0.7246473707966599,0.7222595017275868,0.7635119443193916,0.7257536982140949,0.02130579009373161,90,1.0,1.0,1.0,1.0,1.0,1.0,0.0,
0.12205066680908203,0.004354779394416565,0.03132987022399902,0.0006870808645113065,1000.0,0.01,sigmoid,"{'clf__C': 1000, 'clf__class_weight': None, 'clf__gamma': 0.01, 'clf__kernel': 'sigmoid'}",0.4604732107431968,0.5241364536860846,0.4971625653650313,0.46503045175917923,0.4642700855180285,0.4822145534143041,0.02478254241434013,291,0.47971904079133904,0.4930209601788037,0.45750331378998976,0.47381116134927975,0.47471815355019975,0.4757545259319224,0.011417570739320228,
0.3942100048065186,0.004758096509622251,0.11308412551879883,0.00810134154722767,1000.0,0.1,rbf,"{'clf__C': 1000, 'clf__class_weight': None, 'clf__gamma': 0.1, 'clf__kernel': 'rbf'}",0.1863759546686376,0.15998143947205612,0.158652870764861,0.19432095224437115,0.15939249429815466,0.17174474228961611,0.015402000228814983,389,1.0,1.0,1.0,1.0,1.0,1.0,0.0,
0.21044597625732422,0.012454932641902785,0.0276339054107666,0.0006593492595298853,1000.0,0.1,poly,"{'clf__C': 1000, 'clf__class_weight': None, 'clf__gamma': 0.1, 'clf__kernel': 'poly'}",0.7210248934088668,0.6973247808179688,0.7246473707966599,0.7222595017275868,0.7635119443193916,0.7257536982140949,0.02130579009373161,90,1.0,1.0,1.0,1.0,1.0,1.0,0.0,
0.1833834171295166,0.0037375181668311093,0.03829946517944336,0.0028940793436248143,1000.0,0.1,sigmoid,"{'clf__C': 1000, 'clf__class_weight': None, 'clf__gamma': 0.1, 'clf__kernel': 'sigmoid'}",0.37749930587973257,0.33826582672450134,0.3496470756342386,0.3527991375972873,0.338223872296026,0.3512870436263572,0.014368417800457972,327,0.3565699357930055,0.375704758377576,0.32413134884384764,0.34151615299282395,0.2925260831999829,0.33808965584144723,0.028421931865068823,
0.40099458694458007,0.012635150042406916,0.11177735328674317,0.009114065153119176,1000.0,0.5,rbf,"{'clf__C': 1000, 'clf__class_weight': None, 'clf__gamma': 0.5, 'clf__kernel': 'rbf'}",0.13903743315508021,0.14,0.13903743315508021,0.13941018766756033,0.13941018766756033,0.1393790483290562,0.0003523981125472012,414,1.0,1.0,1.0,1.0,1.0,1.0,0.0,
0.21787667274475098,0.020319486228326283,0.029213094711303712,0.0016146924459591759,1000.0,0.5,poly,"{'clf__C': 1000, 'clf__class_weight': None, 'clf__gamma': 0.5, 'clf__kernel': 'poly'}",0.7210248934088668,0.6973247808179688,0.7246473707966599,0.7222595017275868,0.7635119443193916,0.7257536982140949,0.02130579009373161,90,1.0,1.0,1.0,1.0,1.0,1.0,0.0,
0.16966161727905274,0.011762436513650911,0.037504720687866214,0.0016529535390950151,1000.0,0.5,sigmoid,"{'clf__C': 1000, 'clf__class_weight': None, 'clf__gamma': 0.5, 'clf__kernel': 'sigmoid'}",0.3527624354734138,0.2713563539027929,0.33493116142517304,0.3129029080207502,0.3599864905989705,0.3263878698842201,0.03196180471118415,361,0.3242346530682016,0.3028340639217629,0.3224206653771166,0.30281414953692626,0.32954683013284475,0.3163700724073705,0.011305528019548488,
0.392938232421875,0.015845904832746758,0.11377196311950684,0.007006002470721514,1000.0,1,rbf,"{'clf__C': 1000, 'clf__class_weight': None, 'clf__gamma': 1, 'clf__kernel': 'rbf'}",0.13903743315508021,0.14,0.13903743315508021,0.13941018766756033,0.13941018766756033,0.1393790483290562,0.0003523981125472012,414,1.0,1.0,1.0,1.0,1.0,1.0,0.0,
0.21047301292419435,0.007113178080928821,0.027892923355102538,0.0008903280753274538,1000.0,1,poly,"{'clf__C': 1000, 'clf__class_weight': None, 'clf__gamma': 1, 'clf__kernel': 'poly'}",0.7210248934088668,0.6973247808179688,0.7246473707966599,0.7222595017275868,0.7635119443193916,0.7257536982140949,0.02130579009373161,90,1.0,1.0,1.0,1.0,1.0,1.0,0.0,
0.15284357070922852,0.012510260641559379,0.03348360061645508,0.0009074321947608699,1000.0,1,sigmoid,"{'clf__C': 1000, 'clf__class_weight': None, 'clf__gamma': 1, 'clf__kernel': 'sigmoid'}",0.3717267552182163,0.2704736509815834,0.3549415097179879,0.3398641577213006,0.37404474610356964,0.34221016394853154,0.037943083649446,346,0.34390720425671994,0.3063878947342678,0.3345709572044076,0.31584963934974064,0.31512335014888476,0.32316780913880416,0.013856325289114199,
0.22500810623168946,0.0027624142274483223,0.07510895729064941,0.0019064570870516195,1000.0,scale,rbf,"{'clf__C': 1000, 'clf__class_weight': 'balanced', 'clf__gamma': 'scale', 'clf__kernel': 'rbf'}",0.7972273456295108,0.7461554318697177,0.762769211843307,0.7461109232041216,0.8075146181971932,0.77195550614877,0.025772429547354092,32,1.0,1.0,1.0,1.0,1.0,1.0,0.0,balanced
0.20608949661254883,0.007326115097913102,0.02801027297973633,0.0009245014396773173,1000.0,scale,poly,"{'clf__C': 1000, 'clf__class_weight': 'balanced', 'clf__gamma': 'scale', 'clf__kernel': 'poly'}",0.7210248934088668,0.6973247808179688,0.7246473707966599,0.7222595017275868,0.7635119443193916,0.7257536982140949,0.02130579009373161,90,1.0,1.0,1.0,1.0,1.0,1.0,0.0,balanced
0.10578198432922363,0.00309646334762799,0.025981664657592773,0.0009595129930919153,1000.0,scale,sigmoid,"{'clf__C': 1000, 'clf__class_weight': 'balanced', 'clf__gamma': 'scale', 'clf__kernel': 'sigmoid'}",0.503131343427215,0.5335959543222768,0.5140509676768925,0.5407886260564833,0.5446190362459528,0.527237185545764,0.016007324448277585,274,0.5630375438426487,0.5436794452061366,0.5500450747601444,0.5635788923051522,0.5496277770098615,0.5539937466247886,0.007933521283257168,balanced
0.2283015727996826,0.006384906838696333,0.07932758331298828,0.0037758015392499083,1000.0,auto,rbf,"{'clf__C': 1000, 'clf__class_weight': 'balanced', 'clf__gamma': 'auto', 'clf__kernel': 'rbf'}",0.7972273456295108,0.7461554318697177,0.762769211843307,0.7461109232041216,0.8075146181971932,0.77195550614877,0.025772429547354092,32,1.0,1.0,1.0,1.0,1.0,1.0,0.0,balanced
0.2074805736541748,0.009997235176236144,0.026718759536743165,0.0005281655437368031,1000.0,auto,poly,"{'clf__C': 1000, 'clf__class_weight': 'balanced', 'clf__gamma': 'auto', 'clf__kernel': 'poly'}",0.7210248934088668,0.6973247808179688,0.7246473707966599,0.7222595017275868,0.7635119443193916,0.7257536982140949,0.02130579009373161,90,1.0,1.0,1.0,1.0,1.0,1.0,0.0,balanced
0.10472979545593261,0.0041578415397082995,0.02619929313659668,0.0004968068937186321,1000.0,auto,sigmoid,"{'clf__C': 1000, 'clf__class_weight': 'balanced', 'clf__gamma': 'auto', 'clf__kernel': 'sigmoid'}",0.503131343427215,0.5335959543222768,0.5140509676768925,0.5407886260564833,0.5446190362459528,0.527237185545764,0.016007324448277585,274,0.5630375438426487,0.5436794452061366,0.5500450747601444,0.5635788923051522,0.5496277770098615,0.5539937466247886,0.007933521283257168,balanced
0.157027530670166,0.004078384923136371,0.05004177093505859,0.003353013832667195,1000.0,0.0001,rbf,"{'clf__C': 1000, 'clf__class_weight': 'balanced', 'clf__gamma': 0.0001, 'clf__kernel': 'rbf'}",0.7187082087699996,0.7174616407025961,0.7154003401898429,0.7185122053872054,0.7727358460502781,0.7285636482199844,0.022117285096250307,85,0.9840405919788737,0.9800320496456035,0.9838170214084758,0.9826540506661086,0.9780180299906573,0.9817123487379439,0.0023327478306409883,balanced
0.25215563774108884,0.0018073593321830856,0.037772083282470705,0.0013548783885944987,1000.0,0.0001,poly,"{'clf__C': 1000, 'clf__class_weight': 'balanced', 'clf__gamma': 0.0001, 'clf__kernel': 'poly'}",0.42278985766397253,0.28660470034937297,0.4441783473764338,0.2212335048087676,0.25111226736291775,0.32518373551229296,0.09106837820605788,363,0.4724499510686994,0.33215405498677847,0.4819243577510168,0.30258098921500093,0.3222410588333396,0.382270082370967,0.07813940715866362,balanced
0.15752248764038085,0.0044512549181768305,0.02376446723937988,0.0011693806986422424,1000.0,0.0001,sigmoid,"{'clf__C': 1000, 'clf__class_weight': 'balanced', 'clf__gamma': 0.0001, 'clf__kernel': 'sigmoid'}",0.7016600958656932,0.7150442484748332,0.71076022515594,0.6770674442639472,0.7430555555555556,0.709517513863194,0.02131494969248863,197,0.9119614825339427,0.9436251349041089,0.9226617467910928,0.9194721886372895,0.9083088372912332,0.9212058780315335,0.0123251029971529,balanced
0.1484157085418701,0.007122797219857878,0.05881414413452148,0.0024919052326032374,1000.0,0.001,rbf,"{'clf__C': 1000, 'clf__class_weight': 'balanced', 'clf__gamma': 0.001, 'clf__kernel': 'rbf'}",0.775830916606497,0.7642698742698742,0.7112309926122838,0.7328488034322543,0.8165040043060978,0.7601369182454014,0.03626861473263012,54,1.0,1.0,1.0,1.0,1.0,1.0,0.0,balanced
0.17280030250549316,0.023494127624327406,0.025345611572265624,0.004021901361519811,1000.0,0.001,poly,"{'clf__C': 1000, 'clf__class_weight': 'balanced', 'clf__gamma': 0.001, 'clf__kernel': 'poly'}",0.7208184555873631,0.712935989647597,0.7443649023907797,0.7219041079164112,0.7708137194118503,0.7341674349908003,0.021101171610365132,73,0.994296788482835,0.9929930487848467,0.989943637482316,0.9932094967562453,0.9939134857119823,0.992871291443645,0.0015374378753359656,balanced
0.09578485488891601,0.004513275648243325,0.022548103332519533,0.0009905361437101367,1000.0,0.001,sigmoid,"{'clf__C': 1000, 'clf__class_weight': 'balanced', 'clf__gamma': 0.001, 'clf__kernel': 'sigmoid'}",0.5461956831141527,0.6165673917279461,0.48996780599427,0.5876411170528818,0.6258623866427979,0.5732468769064096,0.050038832432806955,248,0.6734469668709216,0.6602032079515917,0.670998263812111,0.6740830301166617,0.6560069726322506,0.6669476882767074,0.007412801916346595,balanced
0.36173233985900877,0.06394110282449779,0.099055814743042,0.006501647899504102,1000.0,0.01,rbf,"{'clf__C': 1000, 'clf__class_weight': 'balanced', 'clf__gamma': 0.01, 'clf__kernel': 'rbf'}",0.7014616937027808,0.6932629040876462,0.6923829751790771,0.7273537160071207,0.7719248146431881,0.7172772207239626,0.03011457135032183,182,1.0,1.0,1.0,1.0,1.0,1.0,0.0,balanced
0.20247340202331543,0.007817880766595807,0.029903984069824217,0.001457620512322242,1000.0,0.01,poly,"{'clf__C': 1000, 'clf__class_weight': 'balanced', 'clf__gamma': 0.01, 'clf__kernel': 'poly'}",0.7210248934088668,0.6973247808179688,0.7246473707966599,0.7222595017275868,0.7635119443193916,0.7257536982140949,0.02130579009373161,90,1.0,1.0,1.0,1.0,1.0,1.0,0.0,balanced
0.13474054336547853,0.005028743957726343,0.03281903266906738,0.0015785347239455816,1000.0,0.01,sigmoid,"{'clf__C': 1000, 'clf__class_weight': 'balanced', 'clf__gamma': 0.01, 'clf__kernel': 'sigmoid'}",0.47615241235930894,0.4661469402246963,0.4573516140981384,0.4551213382919665,0.49439922396444136,0.46983430578771035,0.014347399379836,300,0.4834585286127136,0.45074485280250326,0.4553689119085904,0.4783126084524735,0.46049016988894453,0.46567501433304503,0.012899381750173354,balanced
0.38682780265808103,0.032807117933003255,0.10326366424560547,0.009279056069205425,1000.0,0.1,rbf,"{'clf__C': 1000, 'clf__class_weight': 'balanced', 'clf__gamma': 0.1, 'clf__kernel': 'rbf'}",0.1863759546686376,0.15998143947205612,0.158652870764861,0.19432095224437115,0.15939249429815466,0.17174474228961611,0.015402000228814983,389,1.0,1.0,1.0,1.0,1.0,1.0,0.0,balanced
0.2125159740447998,0.011165322612057703,0.02852311134338379,0.0015675730474111668,1000.0,0.1,poly,"{'clf__C': 1000, 'clf__class_weight': 'balanced', 'clf__gamma': 0.1, 'clf__kernel': 'poly'}",0.7210248934088668,0.6973247808179688,0.7246473707966599,0.7222595017275868,0.7635119443193916,0.7257536982140949,0.02130579009373161,90,1.0,1.0,1.0,1.0,1.0,1.0,0.0,balanced
0.20147905349731446,0.01644889174778991,0.04078550338745117,0.0012127968502901423,1000.0,0.1,sigmoid,"{'clf__C': 1000, 'clf__class_weight': 'balanced', 'clf__gamma': 0.1, 'clf__kernel': 'sigmoid'}",0.42401042980765585,0.2998381370091896,0.4033736973573258,0.39025759690877976,0.35860430692832923,0.3752168336022561,0.043261466712494936,314,0.36893026267057416,0.36991450561083267,0.32743787852514084,0.33983262847718093,0.3286901934144466,0.346961093739635,0.018843037165209967,balanced
0.38757915496826173,0.007010724136072784,0.08510627746582031,0.019068873190671257,1000.0,0.5,rbf,"{'clf__C': 1000, 'clf__class_weight': 'balanced', 'clf__gamma': 0.5, 'clf__kernel': 'rbf'}",0.13903743315508021,0.14,0.13903743315508021,0.13941018766756033,0.13941018766756033,0.1393790483290562,0.0003523981125472012,414,1.0,1.0,1.0,1.0,1.0,1.0,0.0,balanced
0.21779966354370117,0.013828169097968092,0.028887224197387696,0.0009371710536781241,1000.0,0.5,poly,"{'clf__C': 1000, 'clf__class_weight': 'balanced', 'clf__gamma': 0.5, 'clf__kernel': 'poly'}",0.7210248934088668,0.6973247808179688,0.7246473707966599,0.7222595017275868,0.7635119443193916,0.7257536982140949,0.02130579009373161,90,1.0,1.0,1.0,1.0,1.0,1.0,0.0,balanced
0.175934362411499,0.01793073332104635,0.03802037239074707,0.00082930163593506,1000.0,0.5,sigmoid,"{'clf__C': 1000, 'clf__class_weight': 'balanced', 'clf__gamma': 0.5, 'clf__kernel': 'sigmoid'}",0.3951469343260388,0.28836381010294054,0.3075484428744105,0.3879485147967292,0.3613221448730639,0.3480659693946366,0.04286951983483145,335,0.35303848489212936,0.27279834879059184,0.28134016963263664,0.3276060677773742,0.32731718768141466,0.31242005175482934,0.03045729886413804,balanced
0.35773520469665526,0.018828149276602767,0.059233808517456056,0.008899516227839353,1000.0,1,rbf,"{'clf__C': 1000, 'clf__class_weight': 'balanced', 'clf__gamma': 1, 'clf__kernel': 'rbf'}",0.13903743315508021,0.14,0.13903743315508021,0.13941018766756033,0.13941018766756033,0.1393790483290562,0.0003523981125472012,414,1.0,1.0,1.0,1.0,1.0,1.0,0.0,balanced
0.19589800834655763,0.011450684809352301,0.022585678100585937,0.0033657152873150732,1000.0,1,poly,"{'clf__C': 1000, 'clf__class_weight': 'balanced', 'clf__gamma': 1, 'clf__kernel': 'poly'}",0.7210248934088668,0.6973247808179688,0.7246473707966599,0.7222595017275868,0.7635119443193916,0.7257536982140949,0.02130579009373161,90,1.0,1.0,1.0,1.0,1.0,1.0,0.0,balanced
0.15573019981384278,0.014576403140877527,0.028138494491577147,0.005475806668823758,1000.0,1,sigmoid,"{'clf__C': 1000, 'clf__class_weight': 'balanced', 'clf__gamma': 1, 'clf__kernel': 'sigmoid'}",0.3910149578133768,0.33159876746586325,0.35126093177161427,0.34406665956503124,0.36368437877671805,0.35632513907852076,0.020223016103192396,320,0.342016375635167,0.3128785562105284,0.30459158109358375,0.28961621142041666,0.30972111041996164,0.31176476695593147,0.017103157567816746,balanced
