mean_fit_time,std_fit_time,mean_score_time,std_score_time,param_clf__colsample_bytree,param_clf__learning_rate,param_clf__max_depth,param_clf__min_child_weight,param_clf__n_estimators,param_clf__reg_alpha,param_clf__reg_lambda,param_clf__subsample,params,split0_test_score,split1_test_score,split2_test_score,split3_test_score,split4_test_score,mean_test_score,std_test_score,rank_test_score,split0_train_score,split1_train_score,split2_train_score,split3_train_score,split4_train_score,mean_train_score,std_train_score
19.63935194015503,0.18162413313695241,0.012651395797729493,0.0008260314433901996,0.5,0.03,3,1,300,0.0,1.0,0.8,"{'clf__colsample_bytree': 0.5, 'clf__learning_rate': 0.03, 'clf__max_depth': 3, 'clf__min_child_weight': 1, 'clf__n_estimators': 300, 'clf__reg_alpha': 0.0, 'clf__reg_lambda': 1.0, 'clf__subsample': 0.8}",0.8231543373700568,0.823893593668924,0.7795748612769292,0.7872464532469983,0.8416705024914468,0.811107949610871,0.023691198615524583,1070,0.9918729617093617,0.9892140229631263,0.9936961722488038,0.9926130214082237,0.9892336275603667,0.9913259611779763,0.001811727194067397
19.744256448745727,0.26043220266132583,0.013027715682983398,0.000708401588215962,0.5,0.03,3,1,300,0.0,1.0,1.0,"{'clf__colsample_bytree': 0.5, 'clf__learning_rate': 0.03, 'clf__max_depth': 3, 'clf__min_child_weight': 1, 'clf__n_estimators': 300, 'clf__reg_alpha': 0.0, 'clf__reg_lambda': 1.0, 'clf__subsample': 1.0}",0.8063557723030816,0.83646949071261,0.764065091184047,0.7851405076405076,0.8176088028170512,0.8019279329314595,0.02519534516099035,1285,0.9922766423763911,0.9899259228665502,0.989613427351429,0.9886302064571226,0.9868902926526032,0.9894672983408193,0.0017587373420949297
18.088137340545654,3.7727457726130873,0.012573528289794921,0.0008252884155884549,0.5,0.03,3,1,300,0.0,10.0,0.8,"{'clf__colsample_bytree': 0.5, 'clf__learning_rate': 0.03, 'clf__max_depth': 3, 'clf__min_child_weight': 1, 'clf__n_estimators': 300, 'clf__reg_alpha': 0.0, 'clf__reg_lambda': 10.0, 'clf__subsample': 0.8}",0.8114907936554484,0.8269162085040676,0.7869609442728982,0.7809832386502982,0.8247150919667872,0.8062132554099,0.01900519856531895,1246,0.9739116858117882,0.970057357799802,0.96787523412824,0.9695239207945536,0.9699005551814315,0.970253750743163,0.001986645378554473
19.911865520477296,0.2929123221740678,0.012411785125732423,0.0007420282006425975,0.5,0.03,3,1,300,0.0,10.0,1.0,"{'clf__colsample_bytree': 0.5, 'clf__learning_rate': 0.03, 'clf__max_depth': 3, 'clf__min_child_weight': 1, 'clf__n_estimators': 300, 'clf__reg_alpha': 0.0, 'clf__reg_lambda': 10.0, 'clf__subsample': 1.0}",0.8031704047867841,0.8152582577240112,0.76026563800661,0.774445361202787,0.8222016320675549,0.7950682587575494,0.02385802628220884,1296,0.975687340488439,0.9769246609386519,0.9753209590439564,0.9725527512370307,0.9730832636869211,0.9747137950789998,0.001645181430810846
19.53488368988037,0.22401595429470264,0.012616920471191406,0.0005632746261502533,0.5,0.03,3,1,300,0.1,1.0,0.8,"{'clf__colsample_bytree': 0.5, 'clf__learning_rate': 0.03, 'clf__max_depth': 3, 'clf__min_child_weight': 1, 'clf__n_estimators': 300, 'clf__reg_alpha': 0.1, 'clf__reg_lambda': 1.0, 'clf__subsample': 0.8}",0.8113545272520587,0.8205448459230584,0.7795748612769292,0.7872464532469983,0.8415958651939961,0.8080633105786081,0.02252104057790966,1205,0.9911625881933405,0.9885009001417234,0.9931777901034964,0.9933233949242448,0.9881216740429326,0.9908572694811475,0.002217916546726388
19.66028037071228,0.19596961641744806,0.012648248672485351,0.0011460536287969357,0.5,0.03,3,1,300,0.1,1.0,1.0,"{'clf__colsample_bytree': 0.5, 'clf__learning_rate': 0.03, 'clf__max_depth': 3, 'clf__min_child_weight': 1, 'clf__n_estimators': 300, 'clf__reg_alpha': 0.1, 'clf__reg_lambda': 1.0, 'clf__subsample': 1.0}",0.8097258050169008,0.8360889624556003,0.7658841496088307,0.7798795648795648,0.8235530654642618,0.8030263094850317,0.0263616456199708,1280,0.9918718095482083,0.9890118407765756,0.9886931265141443,0.9887422338593748,0.988007603164281,0.9892653227725168,0.0013446869982422932
20.028084230422973,0.26496055922079514,0.012885284423828126,0.0010528455976431864,0.5,0.03,3,1,300,0.1,10.0,0.8,"{'clf__colsample_bytree': 0.5, 'clf__learning_rate': 0.03, 'clf__max_depth': 3, 'clf__min_child_weight': 1, 'clf__n_estimators': 300, 'clf__reg_alpha': 0.1, 'clf__reg_lambda': 10.0, 'clf__subsample': 0.8}",0.8142315932432013,0.8269162085040676,0.7869609442728982,0.783529039994127,0.8307894663779222,0.8084854504784433,0.019780328182163912,1193,0.9739116858117882,0.9694540241789045,0.96787523412824,0.9683313584085402,0.9710553764197772,0.9701255357894499,0.002187847959670391
19.942732906341554,0.21594956419814607,0.012626886367797852,0.001143127140528303,0.5,0.03,3,1,300,0.1,10.0,1.0,"{'clf__colsample_bytree': 0.5, 'clf__learning_rate': 0.03, 'clf__max_depth': 3, 'clf__min_child_weight': 1, 'clf__n_estimators': 300, 'clf__reg_alpha': 0.1, 'clf__reg_lambda': 10.0, 'clf__subsample': 1.0}",0.8036255164166123,0.8221721771379307,0.7531372274420933,0.7782664669156321,0.8282237737257279,0.7970850323275992,0.028026101909226282,1295,0.9778414528646754,0.975607047401825,0.974055281018,0.9720292141186418,0.9725641681941206,0.9744194327194526,0.0021169982705890426
30.603747272491454,0.3432024823653188,0.022422361373901366,0.001954735648506195,0.5,0.03,3,1,600,0.0,1.0,0.8,"{'clf__colsample_bytree': 0.5, 'clf__learning_rate': 0.03, 'clf__max_depth': 3, 'clf__min_child_weight': 1, 'clf__n_estimators': 600, 'clf__reg_alpha': 0.0, 'clf__reg_lambda': 1.0, 'clf__subsample': 0.8}",0.815422467922468,0.8195827195811802,0.7822314277823805,0.7931086285600841,0.8521818493463924,0.8125054186385011,0.024189115347937325,939,1.0,1.0,1.0,1.0,1.0,1.0,0.0
27.999743509292603,3.42239918853509,0.023830938339233398,0.0004625022377163734,0.5,0.03,3,1,600,0.0,1.0,1.0,"{'clf__colsample_bytree': 0.5, 'clf__learning_rate': 0.03, 'clf__max_depth': 3, 'clf__min_child_weight': 1, 'clf__n_estimators': 600, 'clf__reg_alpha': 0.0, 'clf__reg_lambda': 1.0, 'clf__subsample': 1.0}",0.8170386295386295,0.8384370766220082,0.781206778069643,0.8038372978621654,0.8356511396379579,0.8152341843460806,0.02119545090457253,649,1.0,1.0,1.0,1.0,1.0,1.0,0.0
25.7479651927948,0.23598145190930153,0.023130369186401368,0.0013952807234967855,0.5,0.03,3,1,600,0.0,10.0,0.8,"{'clf__colsample_bytree': 0.5, 'clf__learning_rate': 0.03, 'clf__max_depth': 3, 'clf__min_child_weight': 1, 'clf__n_estimators': 600, 'clf__reg_alpha': 0.0, 'clf__reg_lambda': 10.0, 'clf__subsample': 0.8}",0.8092810981936963,0.8209806286662749,0.7957942836820626,0.7972048469341463,0.8435222056120408,0.8133566126176441,0.017629596544273856,862,0.9981581327810707,1.0,0.9990771574058865,0.9990771574058865,0.9981628558539307,0.9988950606893547,0.0006879529012336206
25.961217594146728,0.22170246953423714,0.02180790901184082,0.001364526904924607,0.5,0.03,3,1,600,0.0,10.0,1.0,"{'clf__colsample_bytree': 0.5, 'clf__learning_rate': 0.03, 'clf__max_depth': 3, 'clf__min_child_weight': 1, 'clf__n_estimators': 600, 'clf__reg_alpha': 0.0, 'clf__reg_lambda': 10.0, 'clf__subsample': 1.0}",0.817717904283904,0.8213546426528171,0.7846614048197272,0.7894314730178108,0.8384426326888235,0.8103216114926164,0.02030797305860867,1118,1.0,1.0,1.0,1.0,0.9990825960013635,0.9998165192002727,0.00036696159945459605
24.290658950805664,0.12814095043485413,0.023136281967163087,0.0013849832457616543,0.5,0.03,3,1,600,0.1,1.0,0.8,"{'clf__colsample_bytree': 0.5, 'clf__learning_rate': 0.03, 'clf__max_depth': 3, 'clf__min_child_weight': 1, 'clf__n_estimators': 600, 'clf__reg_alpha': 0.1, 'clf__reg_lambda': 1.0, 'clf__subsample': 0.8}",0.815412912912913,0.8229384242791669,0.7833673704829184,0.7997250397082719,0.8551601324576015,0.8153207759681742,0.024122431436701543,635,1.0,1.0,1.0,1.0,1.0,1.0,0.0
24.556281185150148,0.10199972256019656,0.021872568130493163,0.0007551935104798937,0.5,0.03,3,1,600,0.1,1.0,1.0,"{'clf__colsample_bytree': 0.5, 'clf__learning_rate': 0.03, 'clf__max_depth': 3, 'clf__min_child_weight': 1, 'clf__n_estimators': 600, 'clf__reg_alpha': 0.1, 'clf__reg_lambda': 1.0, 'clf__subsample': 1.0}",0.8140192059533574,0.8368478498329147,0.7864725078138746,0.8011528671490491,0.8369686773933006,0.8150922216284993,0.019831448056921885,667,1.0,1.0,1.0,1.0,1.0,1.0,0.0
25.69704666137695,0.22618027861011875,0.02240462303161621,0.0022661333613137537,0.5,0.03,3,1,600,0.1,10.0,0.8,"{'clf__colsample_bytree': 0.5, 'clf__learning_rate': 0.03, 'clf__max_depth': 3, 'clf__min_child_weight': 1, 'clf__n_estimators': 600, 'clf__reg_alpha': 0.1, 'clf__reg_lambda': 10.0, 'clf__subsample': 0.8}",0.8092810981936963,0.8236214917407578,0.7929329381917646,0.7883471608156342,0.8425809297340929,0.8113527237351892,0.019992796579668175,1052,0.9981581327810707,1.0,0.9990771574058865,0.9990771574058865,0.9981628558539307,0.9988950606893547,0.0006879529012336206
26.020661401748658,0.14923885942137116,0.023070049285888673,0.0013244889227664455,0.5,0.03,3,1,600,0.1,10.0,1.0,"{'clf__colsample_bytree': 0.5, 'clf__learning_rate': 0.03, 'clf__max_depth': 3, 'clf__min_child_weight': 1, 'clf__n_estimators': 600, 'clf__reg_alpha': 0.1, 'clf__reg_lambda': 10.0, 'clf__subsample': 1.0}",0.7981532088674946,0.8282685620667365,0.7779313025567187,0.7876576119150377,0.8454143384017156,0.8074850047615406,0.0253937781369967,1220,0.9990802514078543,0.9992893709207822,1.0,1.0,0.9990825960013635,0.999490443666,0.00042292386314810655
36.55500440597534,0.31564080683897183,0.032456493377685545,0.0016025122257538984,0.5,0.03,3,1,1000,0.0,1.0,0.8,"{'clf__colsample_bytree': 0.5, 'clf__learning_rate': 0.03, 'clf__max_depth': 3, 'clf__min_child_weight': 1, 'clf__n_estimators': 1000, 'clf__reg_alpha': 0.0, 'clf__reg_lambda': 1.0, 'clf__subsample': 0.8}",0.8209263448969331,0.8294941685841881,0.7837978635161371,0.8008938668331458,0.8603390595817171,0.8190902606824242,0.026037426763666435,258,1.0,1.0,1.0,1.0,1.0,1.0,0.0
37.48029775619507,0.7285600192474637,0.03276677131652832,0.002119008896400476,0.5,0.03,3,1,1000,0.0,1.0,1.0,"{'clf__colsample_bytree': 0.5, 'clf__learning_rate': 0.03, 'clf__max_depth': 3, 'clf__min_child_weight': 1, 'clf__n_estimators': 1000, 'clf__reg_alpha': 0.0, 'clf__reg_lambda': 1.0, 'clf__subsample': 1.0}",0.8238143369462865,0.8384370766220082,0.7950939175896732,0.8008024720637461,0.8356511396379579,0.8187597885719343,0.017779766762441963,284,1.0,1.0,1.0,1.0,1.0,1.0,0.0
42.53391404151917,0.47319660296805793,0.03466463088989258,0.001336780167209945,0.5,0.03,3,1,1000,0.0,10.0,0.8,"{'clf__colsample_bytree': 0.5, 'clf__learning_rate': 0.03, 'clf__max_depth': 3, 'clf__min_child_weight': 1, 'clf__n_estimators': 1000, 'clf__reg_alpha': 0.0, 'clf__reg_lambda': 10.0, 'clf__subsample': 0.8}",0.8140707820782077,0.8262941289771534,0.7972869953956918,0.8023065045358039,0.8518044277596148,0.8183525677492943,0.019502120421406654,319,1.0,1.0,1.0,1.0,1.0,1.0,0.0
43.17234516143799,0.9135842394057327,0.03632721900939941,0.0014107209845966122,0.5,0.03,3,1,1000,0.0,10.0,1.0,"{'clf__colsample_bytree': 0.5, 'clf__learning_rate': 0.03, 'clf__max_depth': 3, 'clf__min_child_weight': 1, 'clf__n_estimators': 1000, 'clf__reg_alpha': 0.0, 'clf__reg_lambda': 10.0, 'clf__subsample': 1.0}",0.8011284114225291,0.8213546426528171,0.7847343594836147,0.8000856187526016,0.8402087333760047,0.8095023531375135,0.019264526207861354,1155,1.0,1.0,1.0,1.0,1.0,1.0,0.0
37.81501059532165,0.46793404282457596,0.03502969741821289,0.0025171026754454004,0.5,0.03,3,1,1000,0.1,1.0,0.8,"{'clf__colsample_bytree': 0.5, 'clf__learning_rate': 0.03, 'clf__max_depth': 3, 'clf__min_child_weight': 1, 'clf__n_estimators': 1000, 'clf__reg_alpha': 0.1, 'clf__reg_lambda': 1.0, 'clf__subsample': 0.8}",0.8210498842778982,0.8203035060177917,0.7979949393329675,0.8020257414944322,0.8617247303600775,0.8206197602966334,0.022572211438755065,149,1.0,1.0,1.0,1.0,1.0,1.0,0.0
39.13104357719421,0.2918409866647125,0.033935546875,0.000751044560541213,0.5,0.03,3,1,1000,0.1,1.0,1.0,"{'clf__colsample_bytree': 0.5, 'clf__learning_rate': 0.03, 'clf__max_depth': 3, 'clf__min_child_weight': 1, 'clf__n_estimators': 1000, 'clf__reg_alpha': 0.1, 'clf__reg_lambda': 1.0, 'clf__subsample': 1.0}",0.8190981912955007,0.8369463320699176,0.7993063950129302,0.8087463313562586,0.8417620450639318,0.8211718589597078,0.016183832136578775,123,1.0,1.0,1.0,1.0,1.0,1.0,0.0
42.21323609352112,0.46274701244699357,0.035203170776367185,0.0007537134260154895,0.5,0.03,3,1,1000,0.1,10.0,0.8,"{'clf__colsample_bytree': 0.5, 'clf__learning_rate': 0.03, 'clf__max_depth': 3, 'clf__min_child_weight': 1, 'clf__n_estimators': 1000, 'clf__reg_alpha': 0.1, 'clf__reg_lambda': 10.0, 'clf__subsample': 0.8}",0.8140707820782077,0.8259311118988538,0.7898228903448745,0.8087012489997565,0.8449354725347982,0.8166923011712981,0.018306976089187944,487,1.0,1.0,1.0,1.0,1.0,1.0,0.0
43.407681465148926,0.6142886858809629,0.03458561897277832,0.0013970619043676277,0.5,0.03,3,1,1000,0.1,10.0,1.0,"{'clf__colsample_bytree': 0.5, 'clf__learning_rate': 0.03, 'clf__max_depth': 3, 'clf__min_child_weight': 1, 'clf__n_estimators': 1000, 'clf__reg_alpha': 0.1, 'clf__reg_lambda': 10.0, 'clf__subsample': 1.0}",0.8068926959337919,0.8258131809098772,0.7847343594836147,0.7905366178729556,0.8413784490447254,0.8098710606489931,0.021266931143191187,1136,1.0,1.0,1.0,1.0,1.0,1.0,0.0
11.784110116958619,0.18088901149685752,0.013340091705322266,0.000869695783001564,0.5,0.03,3,3,300,0.0,1.0,0.8,"{'clf__colsample_bytree': 0.5, 'clf__learning_rate': 0.03, 'clf__max_depth': 3, 'clf__min_child_weight': 3, 'clf__n_estimators': 300, 'clf__reg_alpha': 0.0, 'clf__reg_lambda': 1.0, 'clf__subsample': 0.8}",0.8193261427012819,0.81531279178338,0.7729935266675572,0.7836365433778401,0.8337940449670532,0.8050126098994225,0.022897597619003583,1265,0.9892048508157038,0.9845932607357794,0.9918509341535657,0.9883219148648067,0.9848507947914682,0.9877643510722647,0.0027433812092925447
12.046640300750733,0.161243552163,0.013942384719848632,0.0008082814557104033,0.5,0.03,3,3,300,0.0,1.0,1.0,"{'clf__colsample_bytree': 0.5, 'clf__learning_rate': 0.03, 'clf__max_depth': 3, 'clf__min_child_weight': 3, 'clf__n_estimators': 300, 'clf__reg_alpha': 0.0, 'clf__reg_lambda': 1.0, 'clf__subsample': 1.0}",0.8063557723030816,0.8240384718571139,0.7542157377026698,0.7839019126193718,0.8221185296045863,0.7981260848173648,0.026249809993709867,1294,0.9861403824441164,0.9869460634792429,0.987259827137448,0.9865933586330738,0.983497097327034,0.986087345804183,0.0013476169755434956
12.338607931137085,0.1101621937130837,0.014818191528320312,0.00033455593005068566,0.5,0.03,3,3,300,0.0,10.0,0.8,"{'clf__colsample_bytree': 0.5, 'clf__learning_rate': 0.03, 'clf__max_depth': 3, 'clf__min_child_weight': 3, 'clf__n_estimators': 300, 'clf__reg_alpha': 0.0, 'clf__reg_lambda': 10.0, 'clf__subsample': 0.8}",0.8114907936554484,0.826532395935381,0.7810911818930687,0.7794983114213427,0.8331018518518518,0.8063429069514185,0.022398389507870205,1243,0.9731979191885527,0.9694540241789045,0.9669680890282495,0.9707497573188933,0.9662166426403844,0.969317286470997,0.0025401850723412904
12.71207890510559,0.14126066510616256,0.014045953750610352,0.0008972021287413253,0.5,0.03,3,3,300,0.0,10.0,1.0,"{'clf__colsample_bytree': 0.5, 'clf__learning_rate': 0.03, 'clf__max_depth': 3, 'clf__min_child_weight': 3, 'clf__n_estimators': 300, 'clf__reg_alpha': 0.0, 'clf__reg_lambda': 10.0, 'clf__subsample': 1.0}",0.8070238855036701,0.8266744263564224,0.756426701126304,0.7800038913471684,0.8309564154140516,0.8002170639495233,0.028345725591353548,1291,0.9747771854767022,0.9733173365176874,0.973083475702085,0.9725527512370307,0.9718140301265141,0.973108955812004,0.0009811481059294174
12.154814624786377,0.16401251768618547,0.01435399055480957,0.0008743417641722532,0.5,0.03,3,3,300,0.1,1.0,0.8,"{'clf__colsample_bytree': 0.5, 'clf__learning_rate': 0.03, 'clf__max_depth': 3, 'clf__min_child_weight': 3, 'clf__n_estimators': 300, 'clf__reg_alpha': 0.1, 'clf__reg_lambda': 1.0, 'clf__subsample': 0.8}",0.8250299058615488,0.8212617124078168,0.7729935266675572,0.7810680395996589,0.8239441667223982,0.8048594702517959,0.022897930879432263,1269,0.9884945142682166,0.9831677909697702,0.9911419288594271,0.9876122906049805,0.9830150631760107,0.986686317575681,0.0031571383113614825
12.315946912765503,0.16828380271125865,0.015001964569091798,0.0009345266667932754,0.5,0.03,3,3,300,0.1,1.0,1.0,"{'clf__colsample_bytree': 0.5, 'clf__learning_rate': 0.03, 'clf__max_depth': 3, 'clf__min_child_weight': 3, 'clf__n_estimators': 300, 'clf__reg_alpha': 0.1, 'clf__reg_lambda': 1.0, 'clf__subsample': 1.0}",0.8104721613657391,0.8296147757145136,0.7535606855023973,0.7958933851109836,0.8238523862296736,0.8026786787846614,0.0271780611885304,1283,0.9861403824441164,0.9862329836590757,0.985511548988296,0.9860768986094677,0.984624587862581,0.9857172803127072,0.0006017628840050575
12.622353315353394,0.17192770947351496,0.014954280853271485,0.0016892329375428911,0.5,0.03,3,3,300,0.1,10.0,0.8,"{'clf__colsample_bytree': 0.5, 'clf__learning_rate': 0.03, 'clf__max_depth': 3, 'clf__min_child_weight': 3, 'clf__n_estimators': 300, 'clf__reg_alpha': 0.1, 'clf__reg_lambda': 10.0, 'clf__subsample': 0.8}",0.8058666140586661,0.8269162085040676,0.783570360743935,0.7752925274181038,0.8388888888888888,0.8061069199227322,0.02435226893953159,1251,0.9714543931961848,0.9687359440142338,0.9669680890282495,0.9683313584085402,0.9674998936691033,0.9685979356632624,0.0015563775666374675
12.990112161636352,0.1359431766476662,0.0147247314453125,0.001716376361059736,0.5,0.03,3,3,300,0.1,10.0,1.0,"{'clf__colsample_bytree': 0.5, 'clf__learning_rate': 0.03, 'clf__max_depth': 3, 'clf__min_child_weight': 3, 'clf__n_estimators': 300, 'clf__reg_alpha': 0.1, 'clf__reg_lambda': 10.0, 'clf__subsample': 1.0}",0.8089536482212629,0.8297006999086107,0.7650314931771885,0.7868526897938662,0.8212862154221283,0.8023649493046113,0.023592734761087527,1284,0.9735602727587238,0.9733358359074838,0.973083475702085,0.9713281756553248,0.973012912892629,0.9728641345832493,0.0007920259893037012
21.932852268218994,0.19239447745633564,0.024184226989746094,0.001256440024860236,0.5,0.03,3,3,600,0.0,1.0,0.8,"{'clf__colsample_bytree': 0.5, 'clf__learning_rate': 0.03, 'clf__max_depth': 3, 'clf__min_child_weight': 3, 'clf__n_estimators': 600, 'clf__reg_alpha': 0.0, 'clf__reg_lambda': 1.0, 'clf__subsample': 0.8}",0.8248829712065007,0.8202936311000827,0.7861764927428139,0.8038596751832047,0.8465135065670453,0.8163452553599294,0.020320677124324192,526,1.0,1.0,1.0,1.0,1.0,1.0,0.0
22.576379251480102,0.27808115851824805,0.02531147003173828,0.0009767899141350526,0.5,0.03,3,3,600,0.0,1.0,1.0,"{'clf__colsample_bytree': 0.5, 'clf__learning_rate': 0.03, 'clf__max_depth': 3, 'clf__min_child_weight': 3, 'clf__n_estimators': 600, 'clf__reg_alpha': 0.0, 'clf__reg_lambda': 1.0, 'clf__subsample': 1.0}",0.8160999557551282,0.8464066730371078,0.7782577482204657,0.802290409121395,0.8301551551551551,0.8146419882578504,0.023358739888078243,724,1.0,1.0,1.0,1.0,1.0,1.0,0.0
23.898679637908934,0.45638511427921896,0.025011253356933594,0.0010126092649916463,0.5,0.03,3,3,600,0.0,10.0,0.8,"{'clf__colsample_bytree': 0.5, 'clf__learning_rate': 0.03, 'clf__max_depth': 3, 'clf__min_child_weight': 3, 'clf__n_estimators': 600, 'clf__reg_alpha': 0.0, 'clf__reg_lambda': 10.0, 'clf__subsample': 0.8}",0.8031888462818884,0.8236214917407578,0.7807800863595565,0.799837139381964,0.8465135065670453,0.8107882140662424,0.022446174266731633,1091,0.9981581327810707,1.0,0.9990771574058865,0.9980414334996128,0.9981628558539307,0.9986879159081001,0.0007546351879509382
24.525097274780272,0.6069495391780644,0.023439359664916993,0.0013256284691471895,0.5,0.03,3,3,600,0.0,10.0,1.0,"{'clf__colsample_bytree': 0.5, 'clf__learning_rate': 0.03, 'clf__max_depth': 3, 'clf__min_child_weight': 3, 'clf__n_estimators': 600, 'clf__reg_alpha': 0.0, 'clf__reg_lambda': 10.0, 'clf__subsample': 1.0}",0.8084990138561567,0.825111198325484,0.784873363187452,0.7985550478124736,0.8446887102150764,0.8123454666793286,0.02082660139814905,959,0.9990802514078543,0.9992893709207822,1.0,1.0,0.9990825960013635,0.999490443666,0.00042292386314810655
22.316453981399537,0.352912456535783,0.023836421966552734,0.00106767805553141,0.5,0.03,3,3,600,0.1,1.0,0.8,"{'clf__colsample_bytree': 0.5, 'clf__learning_rate': 0.03, 'clf__max_depth': 3, 'clf__min_child_weight': 3, 'clf__n_estimators': 600, 'clf__reg_alpha': 0.1, 'clf__reg_lambda': 1.0, 'clf__subsample': 0.8}",0.8209263448969331,0.8229384242791669,0.7782066965207853,0.8008938668331458,0.8494881618893917,0.8144906988838846,0.02382858237530127,742,1.0,1.0,1.0,1.0,1.0,1.0,0.0
22.841188287734987,0.19506963079207223,0.023510837554931642,0.0019297361348863278,0.5,0.03,3,3,600,0.1,1.0,1.0,"{'clf__colsample_bytree': 0.5, 'clf__learning_rate': 0.03, 'clf__max_depth': 3, 'clf__min_child_weight': 3, 'clf__n_estimators': 600, 'clf__reg_alpha': 0.1, 'clf__reg_lambda': 1.0, 'clf__subsample': 1.0}",0.8078010399562123,0.8327605919813291,0.7806988070069465,0.8120263381478334,0.8339353727642362,0.8134444299713117,0.019489112396139787,851,1.0,1.0,1.0,1.0,1.0,1.0,0.0
24.305243492126465,0.3389930380949146,0.022954273223876952,0.0014898607981335451,0.5,0.03,3,3,600,0.1,10.0,0.8,"{'clf__colsample_bytree': 0.5, 'clf__learning_rate': 0.03, 'clf__max_depth': 3, 'clf__min_child_weight': 3, 'clf__n_estimators': 600, 'clf__reg_alpha': 0.1, 'clf__reg_lambda': 10.0, 'clf__subsample': 0.8}",0.8024698183038368,0.8280450823270014,0.7868812418444664,0.7925071601153806,0.8465135065670453,0.8112833618315461,0.022573462881519898,1056,0.9981581327810707,1.0,0.9990771574058865,0.9980414334996128,0.9981628558539307,0.9986879159081001,0.0007546351879509382
24.846126794815063,0.23569272178937176,0.024080753326416016,0.0009246063205863159,0.5,0.03,3,3,600,0.1,10.0,1.0,"{'clf__colsample_bytree': 0.5, 'clf__learning_rate': 0.03, 'clf__max_depth': 3, 'clf__min_child_weight': 3, 'clf__n_estimators': 600, 'clf__reg_alpha': 0.1, 'clf__reg_lambda': 10.0, 'clf__subsample': 1.0}",0.8084990138561567,0.8282685620667365,0.782337192204632,0.7945466681992552,0.8484285634960298,0.812415999964562,0.023611856900642807,948,0.9981581327810707,0.9992893709207822,1.0,1.0,0.9981628558539307,0.9991220719111567,0.0008268952180213533
32.555040788650516,0.2742230669204758,0.03398971557617188,0.003105697244018432,0.5,0.03,3,3,1000,0.0,1.0,0.8,"{'clf__colsample_bytree': 0.5, 'clf__learning_rate': 0.03, 'clf__max_depth': 3, 'clf__min_child_weight': 3, 'clf__n_estimators': 1000, 'clf__reg_alpha': 0.0, 'clf__reg_lambda': 1.0, 'clf__subsample': 0.8}",0.8221696696696696,0.8234341408653336,0.79110684913168,0.8008938668331458,0.8573509826933889,0.8189911018386435,0.022831407369277117,264,1.0,1.0,1.0,1.0,1.0,1.0,0.0
33.662643384933475,0.24904749236255436,0.03407330513000488,0.001897836746120135,0.5,0.03,3,3,1000,0.0,1.0,1.0,"{'clf__colsample_bytree': 0.5, 'clf__learning_rate': 0.03, 'clf__max_depth': 3, 'clf__min_child_weight': 3, 'clf__n_estimators': 1000, 'clf__reg_alpha': 0.0, 'clf__reg_lambda': 1.0, 'clf__subsample': 1.0}",0.8220891345891346,0.8430053124928901,0.7850240599867775,0.7959889173060528,0.8316129581723143,0.8155440765094338,0.021767139843875585,612,1.0,1.0,1.0,1.0,1.0,1.0,0.0
38.239151287078855,0.7583638939461204,0.03696770668029785,0.0016824481991261759,0.5,0.03,3,3,1000,0.0,10.0,0.8,"{'clf__colsample_bytree': 0.5, 'clf__learning_rate': 0.03, 'clf__max_depth': 3, 'clf__min_child_weight': 3, 'clf__n_estimators': 1000, 'clf__reg_alpha': 0.0, 'clf__reg_lambda': 10.0, 'clf__subsample': 0.8}",0.8081055496043547,0.8229384242791669,0.7997187074709474,0.7906604506604507,0.85319620243886,0.8149238668907559,0.021887916708557126,689,1.0,1.0,1.0,1.0,1.0,1.0,0.0
39.3972608089447,1.1218735601199783,0.036555814743041995,0.0022158035712185778,0.5,0.03,3,3,1000,0.0,10.0,1.0,"{'clf__colsample_bytree': 0.5, 'clf__learning_rate': 0.03, 'clf__max_depth': 3, 'clf__min_child_weight': 3, 'clf__n_estimators': 1000, 'clf__reg_alpha': 0.0, 'clf__reg_lambda': 10.0, 'clf__subsample': 1.0}",0.8129455058026487,0.8357589356812959,0.7849463178513394,0.7941844184418442,0.8432372050386421,0.814214476563154,0.022653569768887334,759,1.0,1.0,1.0,1.0,1.0,1.0,0.0
34.00231294631958,0.3275716684477331,0.03437809944152832,0.002147112993376835,0.5,0.03,3,3,1000,0.1,1.0,0.8,"{'clf__colsample_bytree': 0.5, 'clf__learning_rate': 0.03, 'clf__max_depth': 3, 'clf__min_child_weight': 3, 'clf__n_estimators': 1000, 'clf__reg_alpha': 0.1, 'clf__reg_lambda': 1.0, 'clf__subsample': 0.8}",0.8179263529263529,0.8199289911618678,0.791505488408488,0.8072913310666124,0.8603390595817171,0.8193982446290077,0.022817456876887614,235,1.0,1.0,1.0,1.0,1.0,1.0,0.0
34.57805638313293,0.5107148040128415,0.03373165130615234,0.001334398294693083,0.5,0.03,3,3,1000,0.1,1.0,1.0,"{'clf__colsample_bytree': 0.5, 'clf__learning_rate': 0.03, 'clf__max_depth': 3, 'clf__min_child_weight': 3, 'clf__n_estimators': 1000, 'clf__reg_alpha': 0.1, 'clf__reg_lambda': 1.0, 'clf__subsample': 1.0}",0.8173214764342323,0.8459059258371185,0.7849463178513394,0.8135467633142052,0.8339353727642362,0.8191311712402264,0.020683890711769112,250,1.0,1.0,1.0,1.0,1.0,1.0,0.0
38.80695753097534,0.4423907322056864,0.035737133026123045,0.0017654031536629084,0.5,0.03,3,3,1000,0.1,10.0,0.8,"{'clf__colsample_bytree': 0.5, 'clf__learning_rate': 0.03, 'clf__max_depth': 3, 'clf__min_child_weight': 3, 'clf__n_estimators': 1000, 'clf__reg_alpha': 0.1, 'clf__reg_lambda': 10.0, 'clf__subsample': 0.8}",0.8081055496043547,0.8229384242791669,0.799492883277713,0.8024304752662104,0.8465135065670453,0.8158961677988981,0.017309541645568555,567,1.0,1.0,1.0,1.0,1.0,1.0,0.0
39.87562713623047,0.45311869112807585,0.03391661643981934,0.0015608712224894593,0.5,0.03,3,3,1000,0.1,10.0,1.0,"{'clf__colsample_bytree': 0.5, 'clf__learning_rate': 0.03, 'clf__max_depth': 3, 'clf__min_child_weight': 3, 'clf__n_estimators': 1000, 'clf__reg_alpha': 0.1, 'clf__reg_lambda': 10.0, 'clf__subsample': 1.0}",0.8068926959337919,0.831294219479151,0.7878163674216672,0.7906101976035144,0.8416705024914468,0.8116567965859144,0.021542854808760205,1025,1.0,1.0,1.0,1.0,1.0,1.0,0.0
11.783101034164428,0.20414991997720858,0.015189743041992188,0.0015728560551971065,0.5,0.03,3,5,300,0.0,1.0,0.8,"{'clf__colsample_bytree': 0.5, 'clf__learning_rate': 0.03, 'clf__max_depth': 3, 'clf__min_child_weight': 5, 'clf__n_estimators': 300, 'clf__reg_alpha': 0.0, 'clf__reg_lambda': 1.0, 'clf__subsample': 0.8}",0.8181934368284276,0.8295324033897418,0.7824421100549027,0.7877125571300329,0.8376813474360316,0.8111123709678273,0.022203084232480595,1068,0.9847009735854796,0.9824539983176139,0.9815345713117224,0.9841547518290535,0.9829901317226262,0.9831668853532991,0.0011430840546492367
11.923479557037354,0.20666170125800878,0.015555286407470703,0.001163486287236441,0.5,0.03,3,5,300,0.0,1.0,1.0,"{'clf__colsample_bytree': 0.5, 'clf__learning_rate': 0.03, 'clf__max_depth': 3, 'clf__min_child_weight': 5, 'clf__n_estimators': 300, 'clf__reg_alpha': 0.0, 'clf__reg_lambda': 1.0, 'clf__subsample': 1.0}",0.8104884198409017,0.8144529389860742,0.7628360029457794,0.7974452714227315,0.8284368753567122,0.8027319017104398,0.022261730195649674,1282,0.9814491584017797,0.9812132702734251,0.9841727227648693,0.9859648441469903,0.9797947075291763,0.9825189406232481,0.0022306905424776765
12.328812646865845,0.3062872472500246,0.015651178359985352,0.0008760973033256124,0.5,0.03,3,5,300,0.0,10.0,0.8,"{'clf__colsample_bytree': 0.5, 'clf__learning_rate': 0.03, 'clf__max_depth': 3, 'clf__min_child_weight': 5, 'clf__n_estimators': 300, 'clf__reg_alpha': 0.0, 'clf__reg_lambda': 10.0, 'clf__subsample': 0.8}",0.8142315932432013,0.8269162085040676,0.7802059853952978,0.7793016309784115,0.8367365111537823,0.8074783858549521,0.023736832128881988,1221,0.9685295750109871,0.9672762125471801,0.9642973367630986,0.9658340350976138,0.9676193079388409,0.966711293471544,0.0014863741679938434
12.63298282623291,0.1427538714557436,0.01630086898803711,0.0008811505366298471,0.5,0.03,3,5,300,0.0,10.0,1.0,"{'clf__colsample_bytree': 0.5, 'clf__learning_rate': 0.03, 'clf__max_depth': 3, 'clf__min_child_weight': 5, 'clf__n_estimators': 300, 'clf__reg_alpha': 0.0, 'clf__reg_lambda': 10.0, 'clf__subsample': 1.0}",0.8144543650793651,0.8252160347806141,0.7743672650307721,0.7810680395996589,0.8212862154221283,0.8032783839825077,0.021258397238836747,1278,0.9721032528877025,0.9692011270550739,0.9651911682152389,0.9702598726006105,0.9664615178832227,0.9686433877283698,0.0025128923179278534
11.907736158370971,0.24586794451477306,0.015619707107543946,0.0009034499181337962,0.5,0.03,3,5,300,0.1,1.0,0.8,"{'clf__colsample_bytree': 0.5, 'clf__learning_rate': 0.03, 'clf__max_depth': 3, 'clf__min_child_weight': 5, 'clf__n_estimators': 300, 'clf__reg_alpha': 0.1, 'clf__reg_lambda': 1.0, 'clf__subsample': 0.8}",0.8146892003395184,0.8227525441868715,0.772216478734991,0.7861467804403017,0.840699555159661,0.8073009117722687,0.024848435952005064,1226,0.9839899619558803,0.982252889083606,0.980787970690531,0.9841547518290535,0.9805463548180023,0.9823463856754145,0.001526370931376913
11.952753686904908,0.2460758680730092,0.015354681015014648,0.0006910531056437632,0.5,0.03,3,5,300,0.1,1.0,1.0,"{'clf__colsample_bytree': 0.5, 'clf__learning_rate': 0.03, 'clf__max_depth': 3, 'clf__min_child_weight': 5, 'clf__n_estimators': 300, 'clf__reg_alpha': 0.1, 'clf__reg_lambda': 1.0, 'clf__subsample': 1.0}",0.8106093157333079,0.832698915416802,0.7580451735705509,0.8038956005235075,0.8254402695657703,0.8061378549619878,0.02613809791027346,1247,0.9821601383223586,0.9817394879537433,0.9841727227648693,0.9848482846794729,0.9802215122728606,0.9826284291986609,0.0016802001633002919
12.421799421310425,0.21260743237846993,0.015097665786743163,0.0007322760681465146,0.5,0.03,3,5,300,0.1,10.0,0.8,"{'clf__colsample_bytree': 0.5, 'clf__learning_rate': 0.03, 'clf__max_depth': 3, 'clf__min_child_weight': 5, 'clf__n_estimators': 300, 'clf__reg_alpha': 0.1, 'clf__reg_lambda': 10.0, 'clf__subsample': 0.8}",0.8020575838343766,0.826532395935381,0.7802059853952978,0.783529039994127,0.8367365111537823,0.805812303262593,0.022591830951314094,1255,0.9687251639210043,0.9671609593785173,0.9623691695380577,0.9658340350976138,0.9676193079388409,0.9663417271748068,0.0021919438933462035
12.49758825302124,0.20987939231288988,0.014720439910888672,0.0008816769730260863,0.5,0.03,3,5,300,0.1,10.0,1.0,"{'clf__colsample_bytree': 0.5, 'clf__learning_rate': 0.03, 'clf__max_depth': 3, 'clf__min_child_weight': 5, 'clf__n_estimators': 300, 'clf__reg_alpha': 0.1, 'clf__reg_lambda': 10.0, 'clf__subsample': 1.0}",0.8131125290598384,0.8197360762486814,0.7623390526078229,0.7810680395996589,0.8273281170138543,0.8007167629059712,0.024829315098573806,1289,0.9694577963757628,0.970252927251564,0.970397906087874,0.9712977255806793,0.9677358720589677,0.9698284454709697,0.0011982903198678578
20.942066383361816,0.25900184805502463,0.02534174919128418,0.001451959265438839,0.5,0.03,3,5,600,0.0,1.0,0.8,"{'clf__colsample_bytree': 0.5, 'clf__learning_rate': 0.03, 'clf__max_depth': 3, 'clf__min_child_weight': 5, 'clf__n_estimators': 600, 'clf__reg_alpha': 0.0, 'clf__reg_lambda': 1.0, 'clf__subsample': 0.8}",0.8163295224133258,0.822858618732192,0.7842120623269625,0.7943334338021245,0.8407211857113075,0.8116909645971824,0.020225530404444653,1023,1.0,1.0,1.0,1.0,1.0,1.0,0.0
21.19254026412964,0.24090047146239352,0.02583150863647461,0.001087525167188904,0.5,0.03,3,5,600,0.0,1.0,1.0,"{'clf__colsample_bytree': 0.5, 'clf__learning_rate': 0.03, 'clf__max_depth': 3, 'clf__min_child_weight': 5, 'clf__n_estimators': 600, 'clf__reg_alpha': 0.0, 'clf__reg_lambda': 1.0, 'clf__subsample': 1.0}",0.8093003229965913,0.835384690315883,0.7824148718654829,0.8103586418833402,0.8205650565271915,0.8116047167176976,0.017347534748448017,1031,1.0,1.0,1.0,1.0,1.0,1.0,0.0
22.647025966644286,0.31280688796910816,0.02484240531921387,0.0009919957502688265,0.5,0.03,3,5,600,0.0,10.0,0.8,"{'clf__colsample_bytree': 0.5, 'clf__learning_rate': 0.03, 'clf__max_depth': 3, 'clf__min_child_weight': 5, 'clf__n_estimators': 600, 'clf__reg_alpha': 0.0, 'clf__reg_lambda': 10.0, 'clf__subsample': 0.8}",0.8077717100662306,0.826532395935381,0.7853733766233766,0.78328768975346,0.8375976790895343,0.8081125702935965,0.021643120965703855,1204,0.996193433621131,0.9982598604262922,0.9972314722176595,0.9980414334996128,0.9962050689153487,0.9971862537360089,0.0008757195781049792
23.32897219657898,0.502392367369685,0.025232458114624025,0.0020683032817923235,0.5,0.03,3,5,600,0.0,10.0,1.0,"{'clf__colsample_bytree': 0.5, 'clf__learning_rate': 0.03, 'clf__max_depth': 3, 'clf__min_child_weight': 5, 'clf__n_estimators': 600, 'clf__reg_alpha': 0.0, 'clf__reg_lambda': 10.0, 'clf__subsample': 1.0}",0.8115922285373024,0.8270734910081685,0.7788413200290542,0.7863602013153014,0.8446887102150764,0.8097111902209806,0.024603382967588714,1146,0.9981581327810707,0.9981809090964352,0.9990771574058865,0.998257485274739,0.9972407542235628,0.9981828877563388,0.0005819820123217132
20.540805721282958,0.27533085888370046,0.024618196487426757,0.0006128223595467081,0.5,0.03,3,5,600,0.1,1.0,0.8,"{'clf__colsample_bytree': 0.5, 'clf__learning_rate': 0.03, 'clf__max_depth': 3, 'clf__min_child_weight': 5, 'clf__n_estimators': 600, 'clf__reg_alpha': 0.1, 'clf__reg_lambda': 1.0, 'clf__subsample': 0.8}",0.819329514383906,0.8229384242791669,0.7909150991881044,0.7850639454499748,0.8483177986785089,0.8133129563959323,0.02303848177354125,865,1.0,1.0,1.0,1.0,1.0,1.0,0.0
21.6476984500885,0.43717715151647063,0.024871444702148436,0.0016195709505518224,0.5,0.03,3,5,600,0.1,1.0,1.0,"{'clf__colsample_bytree': 0.5, 'clf__learning_rate': 0.03, 'clf__max_depth': 3, 'clf__min_child_weight': 5, 'clf__n_estimators': 600, 'clf__reg_alpha': 0.1, 'clf__reg_lambda': 1.0, 'clf__subsample': 1.0}",0.8036426708840502,0.8293432107188154,0.7672807991120976,0.7946316262770926,0.8299264238721739,0.8049649461728459,0.023434999479030338,1267,1.0,1.0,1.0,1.0,1.0,1.0,0.0
23.1498544216156,0.07402621649311157,0.02450532913208008,0.0017692333422342698,0.5,0.03,3,5,600,0.1,10.0,0.8,"{'clf__colsample_bytree': 0.5, 'clf__learning_rate': 0.03, 'clf__max_depth': 3, 'clf__min_child_weight': 5, 'clf__n_estimators': 600, 'clf__reg_alpha': 0.1, 'clf__reg_lambda': 10.0, 'clf__subsample': 0.8}",0.800207246566273,0.8295324033897418,0.7853733766233766,0.7937742168226055,0.8375976790895343,0.8092969844983061,0.02052471757563573,1166,0.996193433621131,0.9982598604262922,0.9972314722176595,0.9971130493246955,0.9962050689153487,0.9970005769010253,0.0007662990173414532
23.834605407714843,0.2568670746987743,0.02411799430847168,0.0021692326575508485,0.5,0.03,3,5,600,0.1,10.0,1.0,"{'clf__colsample_bytree': 0.5, 'clf__learning_rate': 0.03, 'clf__max_depth': 3, 'clf__min_child_weight': 5, 'clf__n_estimators': 600, 'clf__reg_alpha': 0.1, 'clf__reg_lambda': 10.0, 'clf__subsample': 1.0}",0.8104120686041206,0.8282685620667365,0.7846614048197272,0.7876576119150377,0.8449354725347982,0.8111870239880841,0.023188699761123803,1063,0.9981581327810707,0.9981809090964352,0.9990771574058865,0.998257485274739,0.9972407542235628,0.9981828877563388,0.0005819820123217132
30.38877191543579,0.596100793941058,0.03469862937927246,0.0007622114015781318,0.5,0.03,3,5,1000,0.0,1.0,0.8,"{'clf__colsample_bytree': 0.5, 'clf__learning_rate': 0.03, 'clf__max_depth': 3, 'clf__min_child_weight': 5, 'clf__n_estimators': 1000, 'clf__reg_alpha': 0.0, 'clf__reg_lambda': 1.0, 'clf__subsample': 0.8}",0.8051840622325839,0.8213525742937509,0.7880910362920642,0.8023871304175197,0.8476057383216816,0.8129241083115201,0.02030503475171391,905,1.0,1.0,1.0,1.0,1.0,1.0,0.0
32.54368343353271,0.7931215548438049,0.037436056137084964,0.000703315757234824,0.5,0.03,3,5,1000,0.0,1.0,1.0,"{'clf__colsample_bytree': 0.5, 'clf__learning_rate': 0.03, 'clf__max_depth': 3, 'clf__min_child_weight': 5, 'clf__n_estimators': 1000, 'clf__reg_alpha': 0.0, 'clf__reg_lambda': 1.0, 'clf__subsample': 1.0}",0.8150298526733131,0.8485875751775948,0.7800674540251074,0.8044230893677603,0.8272900793836917,0.8150796101254933,0.02285298346693532,670,1.0,1.0,1.0,1.0,1.0,1.0,0.0
37.014676904678346,0.9459732459827883,0.04024667739868164,0.0015006516622250192,0.5,0.03,3,5,1000,0.0,10.0,0.8,"{'clf__colsample_bytree': 0.5, 'clf__learning_rate': 0.03, 'clf__max_depth': 3, 'clf__min_child_weight': 5, 'clf__n_estimators': 1000, 'clf__reg_alpha': 0.0, 'clf__reg_lambda': 10.0, 'clf__subsample': 0.8}",0.8092264467619438,0.8203035060177917,0.7960802712872207,0.7973668385095749,0.8401637243004361,0.8126281573753934,0.016342768708360596,928,1.0,1.0,1.0,1.0,1.0,1.0,0.0
38.08618612289429,0.6817792691144696,0.04240994453430176,0.0013945345706097294,0.5,0.03,3,5,1000,0.0,10.0,1.0,"{'clf__colsample_bytree': 0.5, 'clf__learning_rate': 0.03, 'clf__max_depth': 3, 'clf__min_child_weight': 5, 'clf__n_estimators': 1000, 'clf__reg_alpha': 0.0, 'clf__reg_lambda': 10.0, 'clf__subsample': 1.0}",0.8126747226240126,0.8297441066369102,0.779669529739226,0.792843518992649,0.8359224112648175,0.8101708578515231,0.021368629336275077,1125,1.0,1.0,1.0,1.0,1.0,1.0,0.0
31.89822645187378,0.9763791663524816,0.038915586471557614,0.0030711926053721104,0.5,0.03,3,5,1000,0.1,1.0,0.8,"{'clf__colsample_bytree': 0.5, 'clf__learning_rate': 0.03, 'clf__max_depth': 3, 'clf__min_child_weight': 5, 'clf__n_estimators': 1000, 'clf__reg_alpha': 0.1, 'clf__reg_lambda': 1.0, 'clf__subsample': 0.8}",0.8168065675345815,0.8229384242791669,0.7850206279507947,0.7865620683587882,0.8465135065670453,0.8115682389380753,0.023272202934008928,1036,1.0,1.0,1.0,1.0,1.0,1.0,0.0
33.74065613746643,0.8783518475844446,0.040443801879882814,0.002451357762794418,0.5,0.03,3,5,1000,0.1,1.0,1.0,"{'clf__colsample_bytree': 0.5, 'clf__learning_rate': 0.03, 'clf__max_depth': 3, 'clf__min_child_weight': 5, 'clf__n_estimators': 1000, 'clf__reg_alpha': 0.1, 'clf__reg_lambda': 1.0, 'clf__subsample': 1.0}",0.8081055496043547,0.8425542763524508,0.787617610385765,0.8044230893677603,0.8228281713686911,0.8131057394158043,0.01850284865768946,887,1.0,1.0,1.0,1.0,1.0,1.0,0.0
38.088600635528564,0.863126058844428,0.04638905525207519,0.0019929018089812844,0.5,0.03,3,5,1000,0.1,10.0,0.8,"{'clf__colsample_bytree': 0.5, 'clf__learning_rate': 0.03, 'clf__max_depth': 3, 'clf__min_child_weight': 5, 'clf__n_estimators': 1000, 'clf__reg_alpha': 0.1, 'clf__reg_lambda': 10.0, 'clf__subsample': 0.8}",0.8081055496043547,0.8229384242791669,0.7968939595864328,0.8009105886097193,0.8415846500472096,0.8140866344253765,0.016367435192139578,777,1.0,1.0,1.0,1.0,1.0,1.0,0.0
40.62420077323914,1.3239951406652266,0.045298528671264646,0.0011587988602818663,0.5,0.03,3,5,1000,0.1,10.0,1.0,"{'clf__colsample_bytree': 0.5, 'clf__learning_rate': 0.03, 'clf__max_depth': 3, 'clf__min_child_weight': 5, 'clf__n_estimators': 1000, 'clf__reg_alpha': 0.1, 'clf__reg_lambda': 10.0, 'clf__subsample': 1.0}",0.8122182020127225,0.8213546426528171,0.7834343440924261,0.7874553224553223,0.8404628811788244,0.8089850784784225,0.0213104748449015,1173,1.0,1.0,1.0,1.0,1.0,1.0,0.0
36.77105264663696,0.9539255225962037,0.0288973331451416,0.0014770915110421583,0.5,0.03,5,1,300,0.0,1.0,0.8,"{'clf__colsample_bytree': 0.5, 'clf__learning_rate': 0.03, 'clf__max_depth': 5, 'clf__min_child_weight': 1, 'clf__n_estimators': 300, 'clf__reg_alpha': 0.0, 'clf__reg_lambda': 1.0, 'clf__subsample': 0.8}",0.829807974353884,0.8227966955654582,0.7748279329862993,0.794137939139536,0.8391567921781722,0.8121454668446699,0.023966200901977333,984,1.0,1.0,1.0,1.0,1.0,1.0,0.0
39.50671601295471,1.435051016698903,0.03098006248474121,0.0013421362565995715,0.5,0.03,5,1,300,0.0,1.0,1.0,"{'clf__colsample_bytree': 0.5, 'clf__learning_rate': 0.03, 'clf__max_depth': 5, 'clf__min_child_weight': 1, 'clf__n_estimators': 300, 'clf__reg_alpha': 0.0, 'clf__reg_lambda': 1.0, 'clf__subsample': 1.0}",0.8214192533923474,0.8171323591739859,0.795504537866154,0.7907938451506347,0.852979750968608,0.815565949310346,0.02214779779885032,611,1.0,1.0,1.0,1.0,1.0,1.0,0.0
43.973011541366574,0.3946985344915013,0.03306388854980469,0.001939576994943162,0.5,0.03,5,1,300,0.0,10.0,0.8,"{'clf__colsample_bytree': 0.5, 'clf__learning_rate': 0.03, 'clf__max_depth': 5, 'clf__min_child_weight': 1, 'clf__n_estimators': 300, 'clf__reg_alpha': 0.0, 'clf__reg_lambda': 10.0, 'clf__subsample': 0.8}",0.8194914710363553,0.8213279137591064,0.7702719089910961,0.7798327257259291,0.8379858397458462,0.8057819718516666,0.02608081181208137,1256,0.9981581327810707,0.9990795325574398,0.9981519138755981,0.9990771574058865,0.9981581327810707,0.9985249738802132,0.00045183194300445494
47.882961893081664,1.4426777081927484,0.036835432052612305,0.0023062582924262116,0.5,0.03,5,1,300,0.0,10.0,1.0,"{'clf__colsample_bytree': 0.5, 'clf__learning_rate': 0.03, 'clf__max_depth': 5, 'clf__min_child_weight': 1, 'clf__n_estimators': 300, 'clf__reg_alpha': 0.0, 'clf__reg_lambda': 10.0, 'clf__subsample': 1.0}",0.824727986694143,0.8190343357774551,0.7770789829109281,0.798111900329161,0.8337022078919765,0.8105310827207328,0.020415863977008612,1108,0.9981581327810707,1.0,1.0,1.0,1.0,0.9996316265562142,0.0007367468875717263
41.49433941841126,0.5421481025760515,0.032391929626464845,0.002293300574131307,0.5,0.03,5,1,300,0.1,1.0,0.8,"{'clf__colsample_bytree': 0.5, 'clf__learning_rate': 0.03, 'clf__max_depth': 5, 'clf__min_child_weight': 1, 'clf__n_estimators': 300, 'clf__reg_alpha': 0.1, 'clf__reg_lambda': 1.0, 'clf__subsample': 0.8}",0.8296782548635893,0.8291072090433367,0.7793238710534678,0.7961186048847327,0.8343323329048185,0.813712054549989,0.02195086717682479,820,1.0,1.0,1.0,1.0,1.0,1.0,0.0
44.024744510650635,1.3107464939956985,0.03305974006652832,0.002860479456618886,0.5,0.03,5,1,300,0.1,1.0,1.0,"{'clf__colsample_bytree': 0.5, 'clf__learning_rate': 0.03, 'clf__max_depth': 5, 'clf__min_child_weight': 1, 'clf__n_estimators': 300, 'clf__reg_alpha': 0.1, 'clf__reg_lambda': 1.0, 'clf__subsample': 1.0}",0.8286614058587152,0.8175035067769154,0.7745572673064895,0.8008342500916759,0.8352275495523193,0.8113567959172231,0.021780604837103312,1051,1.0,1.0,1.0,1.0,1.0,1.0,0.0
46.536060857772824,0.7883595365062736,0.035068607330322264,0.0015752549867603064,0.5,0.03,5,1,300,0.1,10.0,0.8,"{'clf__colsample_bytree': 0.5, 'clf__learning_rate': 0.03, 'clf__max_depth': 5, 'clf__min_child_weight': 1, 'clf__n_estimators': 300, 'clf__reg_alpha': 0.1, 'clf__reg_lambda': 10.0, 'clf__subsample': 0.8}",0.8189792309453873,0.82575150434535,0.7743362230154683,0.7828008988014438,0.8397826016255354,0.808330091746637,0.02535150079989739,1197,0.9981581327810707,0.9990795325574398,0.9981519138755981,0.9990771574058865,0.9981581327810707,0.9985249738802132,0.00045183194300445494
49.32240262031555,0.813191722908205,0.034978294372558595,0.0016578789877148658,0.5,0.03,5,1,300,0.1,10.0,1.0,"{'clf__colsample_bytree': 0.5, 'clf__learning_rate': 0.03, 'clf__max_depth': 5, 'clf__min_child_weight': 1, 'clf__n_estimators': 300, 'clf__reg_alpha': 0.1, 'clf__reg_lambda': 10.0, 'clf__subsample': 1.0}",0.8212530712530712,0.8234579263636987,0.7740492339354001,0.8011127429890863,0.8386148863566657,0.8116975721795845,0.022287176928123726,1022,0.9981581327810707,0.9990795325574398,0.9990771574058865,1.0,0.9990802514078543,0.9990790148304501,0.0005824504577371389
65.0189905166626,1.8551425755205226,0.04484634399414063,0.001442194575415106,0.5,0.03,5,1,600,0.0,1.0,0.8,"{'clf__colsample_bytree': 0.5, 'clf__learning_rate': 0.03, 'clf__max_depth': 5, 'clf__min_child_weight': 1, 'clf__n_estimators': 600, 'clf__reg_alpha': 0.0, 'clf__reg_lambda': 1.0, 'clf__subsample': 0.8}",0.8261361537075214,0.8332891526921378,0.7795262378281246,0.7947450763251037,0.8453115689297486,0.8158016378965272,0.024668744822927986,584,1.0,1.0,1.0,1.0,1.0,1.0,0.0
66.97076520919799,2.1625212316851683,0.047670412063598636,0.004622966873968553,0.5,0.03,5,1,600,0.0,1.0,1.0,"{'clf__colsample_bytree': 0.5, 'clf__learning_rate': 0.03, 'clf__max_depth': 5, 'clf__min_child_weight': 1, 'clf__n_estimators': 600, 'clf__reg_alpha': 0.0, 'clf__reg_lambda': 1.0, 'clf__subsample': 1.0}",0.8252308145872502,0.821257154478631,0.783005560663883,0.8003284672805749,0.859398525586244,0.8178441045193168,0.02574297570874877,360,1.0,1.0,1.0,1.0,1.0,1.0,0.0
84.33353605270386,1.941195595106221,0.055970621109008786,0.003424156146713517,0.5,0.03,5,1,600,0.0,10.0,0.8,"{'clf__colsample_bytree': 0.5, 'clf__learning_rate': 0.03, 'clf__max_depth': 5, 'clf__min_child_weight': 1, 'clf__n_estimators': 600, 'clf__reg_alpha': 0.0, 'clf__reg_lambda': 10.0, 'clf__subsample': 0.8}",0.8188611305844115,0.8236214917407578,0.7735638728769898,0.7870116578005093,0.843748883104972,0.8093614072215282,0.02552280555280728,1162,1.0,1.0,1.0,1.0,1.0,1.0,0.0
88.34510989189148,2.6376889011730555,0.057545948028564456,0.0030002388556347563,0.5,0.03,5,1,600,0.0,10.0,1.0,"{'clf__colsample_bytree': 0.5, 'clf__learning_rate': 0.03, 'clf__max_depth': 5, 'clf__min_child_weight': 1, 'clf__n_estimators': 600, 'clf__reg_alpha': 0.0, 'clf__reg_lambda': 10.0, 'clf__subsample': 1.0}",0.8242787388965584,0.8250132275132275,0.7813334360363082,0.804097937119428,0.8394826291615283,0.8148411937454101,0.020188735762518107,701,1.0,1.0,1.0,1.0,1.0,1.0,0.0
67.47975101470948,2.0605897913659166,0.047720146179199216,0.002741206431112025,0.5,0.03,5,1,600,0.1,1.0,0.8,"{'clf__colsample_bytree': 0.5, 'clf__learning_rate': 0.03, 'clf__max_depth': 5, 'clf__min_child_weight': 1, 'clf__n_estimators': 600, 'clf__reg_alpha': 0.1, 'clf__reg_lambda': 1.0, 'clf__subsample': 0.8}",0.8211153144935754,0.8328881080877282,0.7795262378281246,0.7961794414735591,0.835787194373643,0.8130992592513261,0.021835869944414003,889,1.0,1.0,1.0,1.0,1.0,1.0,0.0
70.45030155181885,1.1686425699785643,0.04721879959106445,0.0010072326454280485,0.5,0.03,5,1,600,0.1,1.0,1.0,"{'clf__colsample_bytree': 0.5, 'clf__learning_rate': 0.03, 'clf__max_depth': 5, 'clf__min_child_weight': 1, 'clf__n_estimators': 600, 'clf__reg_alpha': 0.1, 'clf__reg_lambda': 1.0, 'clf__subsample': 1.0}",0.828907038907039,0.827638047041032,0.7830187771754348,0.8002257923011782,0.846561078459746,0.817270146776886,0.022647452979330226,423,1.0,1.0,1.0,1.0,1.0,1.0,0.0
85.69005579948426,1.840736814329984,0.0542351245880127,0.0017169626702612133,0.5,0.03,5,1,600,0.1,10.0,0.8,"{'clf__colsample_bytree': 0.5, 'clf__learning_rate': 0.03, 'clf__max_depth': 5, 'clf__min_child_weight': 1, 'clf__n_estimators': 600, 'clf__reg_alpha': 0.1, 'clf__reg_lambda': 10.0, 'clf__subsample': 0.8}",0.8178363338858711,0.8295324033897418,0.7761983681795003,0.793445551573945,0.8483177986785089,0.8130660911415134,0.02561551134955686,892,1.0,1.0,1.0,1.0,1.0,1.0,0.0
89.1328562259674,1.678849159014585,0.056397867202758786,0.0011761391004052172,0.5,0.03,5,1,600,0.1,10.0,1.0,"{'clf__colsample_bytree': 0.5, 'clf__learning_rate': 0.03, 'clf__max_depth': 5, 'clf__min_child_weight': 1, 'clf__n_estimators': 600, 'clf__reg_alpha': 0.1, 'clf__reg_lambda': 10.0, 'clf__subsample': 1.0}",0.8205166826521508,0.8234579263636987,0.7833000264834182,0.8014948876829511,0.8471791000066667,0.8151897246377772,0.02156182360355703,652,1.0,1.0,1.0,1.0,1.0,1.0,0.0
82.64530367851258,0.8243062113018028,0.0558870792388916,0.00352887763231531,0.5,0.03,5,1,1000,0.0,1.0,0.8,"{'clf__colsample_bytree': 0.5, 'clf__learning_rate': 0.03, 'clf__max_depth': 5, 'clf__min_child_weight': 1, 'clf__n_estimators': 1000, 'clf__reg_alpha': 0.0, 'clf__reg_lambda': 1.0, 'clf__subsample': 0.8}",0.831568667669447,0.8332891526921378,0.7792733623237138,0.7986101099703939,0.843748883104972,0.8172980351521328,0.02430690618467629,419,1.0,1.0,1.0,1.0,1.0,1.0,0.0
84.97752032279968,3.067053286190225,0.06147947311401367,0.003524868552358548,0.5,0.03,5,1,1000,0.0,1.0,1.0,"{'clf__colsample_bytree': 0.5, 'clf__learning_rate': 0.03, 'clf__max_depth': 5, 'clf__min_child_weight': 1, 'clf__n_estimators': 1000, 'clf__reg_alpha': 0.0, 'clf__reg_lambda': 1.0, 'clf__subsample': 1.0}",0.8244831649086968,0.8292308645249822,0.7794914236500764,0.7905183628730352,0.849448051714979,0.8146343735343539,0.025840500482864598,726,1.0,1.0,1.0,1.0,1.0,1.0,0.0
121.06432023048401,2.6664209338205604,0.07222247123718262,0.0030706378219796503,0.5,0.03,5,1,1000,0.0,10.0,0.8,"{'clf__colsample_bytree': 0.5, 'clf__learning_rate': 0.03, 'clf__max_depth': 5, 'clf__min_child_weight': 1, 'clf__n_estimators': 1000, 'clf__reg_alpha': 0.0, 'clf__reg_lambda': 10.0, 'clf__subsample': 0.8}",0.8242549112103902,0.8236214917407578,0.7735491533611073,0.7837858513488964,0.843748883104972,0.8097920581532249,0.026620910025123984,1143,1.0,1.0,1.0,1.0,1.0,1.0,0.0
127.79164862632751,3.2136698382716666,0.07793083190917968,0.0043034536742104085,0.5,0.03,5,1,1000,0.0,10.0,1.0,"{'clf__colsample_bytree': 0.5, 'clf__learning_rate': 0.03, 'clf__max_depth': 5, 'clf__min_child_weight': 1, 'clf__n_estimators': 1000, 'clf__reg_alpha': 0.0, 'clf__reg_lambda': 10.0, 'clf__subsample': 1.0}",0.8246981804178299,0.831400787024988,0.7813768965384542,0.7976900936388834,0.8394826291615283,0.8149297173563369,0.02187492123635257,688,1.0,1.0,1.0,1.0,1.0,1.0,0.0
89.03704423904419,1.8013795891334596,0.06326117515563964,0.0011455616770480069,0.5,0.03,5,1,1000,0.1,1.0,0.8,"{'clf__colsample_bytree': 0.5, 'clf__learning_rate': 0.03, 'clf__max_depth': 5, 'clf__min_child_weight': 1, 'clf__n_estimators': 1000, 'clf__reg_alpha': 0.1, 'clf__reg_lambda': 1.0, 'clf__subsample': 0.8}",0.8320738924651583,0.8358488683711196,0.7792733623237138,0.8000348153830431,0.838842774515431,0.8172147426116931,0.023539307462003778,433,1.0,1.0,1.0,1.0,1.0,1.0,0.0
92.59827632904053,2.784746950851898,0.06254615783691406,0.0015458231300095671,0.5,0.03,5,1,1000,0.1,1.0,1.0,"{'clf__colsample_bytree': 0.5, 'clf__learning_rate': 0.03, 'clf__max_depth': 5, 'clf__min_child_weight': 1, 'clf__n_estimators': 1000, 'clf__reg_alpha': 0.1, 'clf__reg_lambda': 1.0, 'clf__subsample': 1.0}",0.8244831649086968,0.8289291518113928,0.7764310255166798,0.8061933670176509,0.846561078459746,0.8165195575428333,0.023806010425787484,510,1.0,1.0,1.0,1.0,1.0,1.0,0.0
123.42777738571166,3.594317389237003,0.07455224990844726,0.001875009354093295,0.5,0.03,5,1,1000,0.1,10.0,0.8,"{'clf__colsample_bytree': 0.5, 'clf__learning_rate': 0.03, 'clf__max_depth': 5, 'clf__min_child_weight': 1, 'clf__n_estimators': 1000, 'clf__reg_alpha': 0.1, 'clf__reg_lambda': 10.0, 'clf__subsample': 0.8}",0.8292959403967197,0.8325155350377862,0.7792733623237138,0.7898344673176995,0.8497518991182704,0.8161342408388379,0.026915150139826653,546,1.0,1.0,1.0,1.0,1.0,1.0,0.0
128.48295249938965,2.79162886842463,0.07858986854553222,0.005639650814186329,0.5,0.03,5,1,1000,0.1,10.0,1.0,"{'clf__colsample_bytree': 0.5, 'clf__learning_rate': 0.03, 'clf__max_depth': 5, 'clf__min_child_weight': 1, 'clf__n_estimators': 1000, 'clf__reg_alpha': 0.1, 'clf__reg_lambda': 10.0, 'clf__subsample': 1.0}",0.8246981804178299,0.8299107743137595,0.7823963687653974,0.7951039627677122,0.8471791000066667,0.8158576772542732,0.023694097945099135,580,1.0,1.0,1.0,1.0,1.0,1.0,0.0
34.3568675994873,0.13398726480201498,0.02780609130859375,0.0015214912497160036,0.5,0.03,5,3,300,0.0,1.0,0.8,"{'clf__colsample_bytree': 0.5, 'clf__learning_rate': 0.03, 'clf__max_depth': 5, 'clf__min_child_weight': 3, 'clf__n_estimators': 300, 'clf__reg_alpha': 0.0, 'clf__reg_lambda': 1.0, 'clf__subsample': 0.8}",0.826650550571228,0.8208871493802999,0.7704481307943642,0.7793016309784115,0.8312862424330651,0.8057147408314738,0.025549160300923243,1257,1.0,1.0,1.0,1.0,1.0,1.0,0.0
36.19896593093872,0.8503379593165448,0.03138437271118164,0.0012585863429527486,0.5,0.03,5,3,300,0.0,1.0,1.0,"{'clf__colsample_bytree': 0.5, 'clf__learning_rate': 0.03, 'clf__max_depth': 5, 'clf__min_child_weight': 3, 'clf__n_estimators': 300, 'clf__reg_alpha': 0.0, 'clf__reg_lambda': 1.0, 'clf__subsample': 1.0}",0.8171678993652087,0.8228543014257299,0.779537585875614,0.7953478078977525,0.8267579800497404,0.8083331149228092,0.018034381720395797,1196,1.0,1.0,1.0,1.0,1.0,1.0,0.0
38.239133262634276,0.9818029409930434,0.030813932418823242,0.0019896623792308443,0.5,0.03,5,3,300,0.0,10.0,0.8,"{'clf__colsample_bytree': 0.5, 'clf__learning_rate': 0.03, 'clf__max_depth': 5, 'clf__min_child_weight': 3, 'clf__n_estimators': 300, 'clf__reg_alpha': 0.0, 'clf__reg_lambda': 10.0, 'clf__subsample': 0.8}",0.8199979019599714,0.823137436792899,0.7825869377762502,0.7947081258751089,0.834930259604058,0.8110721324016575,0.019357883088373135,1071,0.996193433621131,0.9980469335546711,0.9981519138755981,0.9980414334996128,0.9940733571586708,0.9969014143419368,0.0015921527039297323
40.18446078300476,1.0422642798874044,0.03274645805358887,0.0008368139123671485,0.5,0.03,5,3,300,0.0,10.0,1.0,"{'clf__colsample_bytree': 0.5, 'clf__learning_rate': 0.03, 'clf__max_depth': 5, 'clf__min_child_weight': 3, 'clf__n_estimators': 300, 'clf__reg_alpha': 0.0, 'clf__reg_lambda': 10.0, 'clf__subsample': 1.0}",0.8362133282348693,0.8204694391640404,0.7763215820770859,0.7995179334552919,0.85020784396283,0.8165460253788236,0.026242239848134025,505,0.9981581327810707,0.9990795325574398,0.9981519138755981,0.9990771574058865,0.9981581327810707,0.9985249738802132,0.00045183194300445494
34.89783248901367,1.0702127209851027,0.029734325408935548,0.0013055664975057603,0.5,0.03,5,3,300,0.1,1.0,0.8,"{'clf__colsample_bytree': 0.5, 'clf__learning_rate': 0.03, 'clf__max_depth': 5, 'clf__min_child_weight': 3, 'clf__n_estimators': 300, 'clf__reg_alpha': 0.1, 'clf__reg_lambda': 1.0, 'clf__subsample': 0.8}",0.8272688595803757,0.818251267941407,0.7778262501692328,0.7882448383087156,0.8397826016255354,0.8102747635250533,0.023500468322338562,1121,1.0,1.0,1.0,1.0,1.0,1.0,0.0
36.7987015247345,0.6979954244217057,0.03235673904418945,0.0013381306163833,0.5,0.03,5,3,300,0.1,1.0,1.0,"{'clf__colsample_bytree': 0.5, 'clf__learning_rate': 0.03, 'clf__max_depth': 5, 'clf__min_child_weight': 3, 'clf__n_estimators': 300, 'clf__reg_alpha': 0.1, 'clf__reg_lambda': 1.0, 'clf__subsample': 1.0}",0.8294402664195434,0.8288329120543887,0.7755206070264203,0.7897904111139405,0.8324867850494247,0.8112141963327435,0.02378294639386815,1060,1.0,1.0,1.0,1.0,1.0,1.0,0.0
38.21213383674622,0.23822208585851065,0.03084530830383301,0.00111227375886284,0.5,0.03,5,3,300,0.1,10.0,0.8,"{'clf__colsample_bytree': 0.5, 'clf__learning_rate': 0.03, 'clf__max_depth': 5, 'clf__min_child_weight': 3, 'clf__n_estimators': 300, 'clf__reg_alpha': 0.1, 'clf__reg_lambda': 10.0, 'clf__subsample': 0.8}",0.8199979019599714,0.8261309225652498,0.7917061129832395,0.7820444039792731,0.8379858397458462,0.811573036246716,0.021199912115743014,1035,0.996193433621131,0.9980469335546711,0.9981519138755981,0.9980414334996128,0.9940733571586708,0.9969014143419368,0.0015921527039297323
40.48981466293335,0.8738907254089734,0.0321354866027832,0.0022425202641586026,0.5,0.03,5,3,300,0.1,10.0,1.0,"{'clf__colsample_bytree': 0.5, 'clf__learning_rate': 0.03, 'clf__max_depth': 5, 'clf__min_child_weight': 3, 'clf__n_estimators': 300, 'clf__reg_alpha': 0.1, 'clf__reg_lambda': 10.0, 'clf__subsample': 1.0}",0.8361166684140884,0.8204694391640404,0.7795985223178848,0.7910520487073798,0.833112594496788,0.8120698546200362,0.022749658294300444,990,0.9981581327810707,0.9990795325574398,0.9981519138755981,0.9990771574058865,0.9972407542235628,0.9983414981687115,0.0006880540058088255
50.72402544021607,1.2051177818329546,0.039104270935058597,0.0026852071806999964,0.5,0.03,5,3,600,0.0,1.0,0.8,"{'clf__colsample_bytree': 0.5, 'clf__learning_rate': 0.03, 'clf__max_depth': 5, 'clf__min_child_weight': 3, 'clf__n_estimators': 600, 'clf__reg_alpha': 0.0, 'clf__reg_lambda': 1.0, 'clf__subsample': 0.8}",0.8151170504111681,0.831796240289391,0.784141832308046,0.7924648777252612,0.8366768967175271,0.8120393794902787,0.020824250863785344,992,1.0,1.0,1.0,1.0,1.0,1.0,0.0
53.09767646789551,1.3743260946883964,0.04042296409606934,0.0015784909593704786,0.5,0.03,5,3,600,0.0,1.0,1.0,"{'clf__colsample_bytree': 0.5, 'clf__learning_rate': 0.03, 'clf__max_depth': 5, 'clf__min_child_weight': 3, 'clf__n_estimators': 600, 'clf__reg_alpha': 0.0, 'clf__reg_lambda': 1.0, 'clf__subsample': 1.0}",0.8152960681958196,0.8292308645249822,0.7714716941910567,0.8143524815258186,0.8393089213964181,0.813932005966819,0.023164448844982057,801,1.0,1.0,1.0,1.0,1.0,1.0,0.0
64.1124264240265,0.9434603301271527,0.042278099060058597,0.0015875445243154031,0.5,0.03,5,3,600,0.0,10.0,0.8,"{'clf__colsample_bytree': 0.5, 'clf__learning_rate': 0.03, 'clf__max_depth': 5, 'clf__min_child_weight': 3, 'clf__n_estimators': 600, 'clf__reg_alpha': 0.0, 'clf__reg_lambda': 10.0, 'clf__subsample': 0.8}",0.8242549112103902,0.8254101640656262,0.7793238710534678,0.7918909109157785,0.8353944986533621,0.811254871179725,0.02166401023918359,1057,1.0,1.0,1.0,1.0,1.0,1.0,0.0
67.12757058143616,1.7128338528032017,0.04553308486938477,0.001555745646725174,0.5,0.03,5,3,600,0.0,10.0,1.0,"{'clf__colsample_bytree': 0.5, 'clf__learning_rate': 0.03, 'clf__max_depth': 5, 'clf__min_child_weight': 3, 'clf__n_estimators': 600, 'clf__reg_alpha': 0.0, 'clf__reg_lambda': 10.0, 'clf__subsample': 1.0}",0.82468446476055,0.8302219570561349,0.7755023064255955,0.7920552468881277,0.8474443597488647,0.8139816669758545,0.02630390767985968,789,1.0,1.0,1.0,1.0,1.0,1.0,0.0
52.80635952949524,0.8445476974322238,0.03944001197814941,0.003493640554188575,0.5,0.03,5,3,600,0.1,1.0,0.8,"{'clf__colsample_bytree': 0.5, 'clf__learning_rate': 0.03, 'clf__max_depth': 5, 'clf__min_child_weight': 3, 'clf__n_estimators': 600, 'clf__reg_alpha': 0.1, 'clf__reg_lambda': 1.0, 'clf__subsample': 0.8}",0.8205918689529224,0.8302219570561349,0.7810163294340784,0.8027559338691408,0.8433575301997897,0.8155887239024132,0.021772462127288363,607,1.0,1.0,1.0,1.0,1.0,1.0,0.0
54.28349919319153,0.6506764654111549,0.042184972763061525,0.001449141062669375,0.5,0.03,5,3,600,0.1,1.0,1.0,"{'clf__colsample_bytree': 0.5, 'clf__learning_rate': 0.03, 'clf__max_depth': 5, 'clf__min_child_weight': 3, 'clf__n_estimators': 600, 'clf__reg_alpha': 0.1, 'clf__reg_lambda': 1.0, 'clf__subsample': 1.0}",0.8210588018792353,0.8378170487230889,0.7780612401866565,0.7904446285556477,0.846561078459746,0.8147885595608748,0.026535422266123432,708,1.0,1.0,1.0,1.0,1.0,1.0,0.0
63.94778842926026,0.8610973519914544,0.04298157691955566,0.0020880509979147215,0.5,0.03,5,3,600,0.1,10.0,0.8,"{'clf__colsample_bytree': 0.5, 'clf__learning_rate': 0.03, 'clf__max_depth': 5, 'clf__min_child_weight': 3, 'clf__n_estimators': 600, 'clf__reg_alpha': 0.1, 'clf__reg_lambda': 10.0, 'clf__subsample': 0.8}",0.8225747988295209,0.8254101640656262,0.7793238710534678,0.77996530422273,0.8339904324939535,0.8082529141330597,0.023660033245219654,1198,1.0,1.0,1.0,1.0,1.0,1.0,0.0
67.03012223243714,1.5029690561474907,0.044552850723266604,0.0011963851844326056,0.5,0.03,5,3,600,0.1,10.0,1.0,"{'clf__colsample_bytree': 0.5, 'clf__learning_rate': 0.03, 'clf__max_depth': 5, 'clf__min_child_weight': 3, 'clf__n_estimators': 600, 'clf__reg_alpha': 0.1, 'clf__reg_lambda': 10.0, 'clf__subsample': 1.0}",0.8281594434677269,0.8272492983669106,0.7755023064255955,0.8011269387355123,0.8455673260857353,0.8155210626162962,0.02453059225615577,614,1.0,1.0,1.0,1.0,1.0,1.0,0.0
63.22922897338867,1.7214375394838264,0.05054960250854492,0.0017409700691573106,0.5,0.03,5,3,1000,0.0,1.0,0.8,"{'clf__colsample_bytree': 0.5, 'clf__learning_rate': 0.03, 'clf__max_depth': 5, 'clf__min_child_weight': 3, 'clf__n_estimators': 1000, 'clf__reg_alpha': 0.0, 'clf__reg_lambda': 1.0, 'clf__subsample': 0.8}",0.8188629396019154,0.8347431200551074,0.7905718656662053,0.81049302350048,0.8366768967175271,0.818269569108247,0.016959935828946383,326,1.0,1.0,1.0,1.0,1.0,1.0,0.0
65.82786083221436,2.321848502270605,0.05184493064880371,0.0022666873272969893,0.5,0.03,5,3,1000,0.0,1.0,1.0,"{'clf__colsample_bytree': 0.5, 'clf__learning_rate': 0.03, 'clf__max_depth': 5, 'clf__min_child_weight': 3, 'clf__n_estimators': 1000, 'clf__reg_alpha': 0.0, 'clf__reg_lambda': 1.0, 'clf__subsample': 1.0}",0.8176018016780238,0.8288329120543887,0.7754613701161919,0.8033381712626996,0.8419403155117,0.8134349141246009,0.02285149212347493,853,1.0,1.0,1.0,1.0,1.0,1.0,0.0
86.92699084281921,0.9621477950945138,0.05795412063598633,0.0025439063538879765,0.5,0.03,5,3,1000,0.0,10.0,0.8,"{'clf__colsample_bytree': 0.5, 'clf__learning_rate': 0.03, 'clf__max_depth': 5, 'clf__min_child_weight': 3, 'clf__n_estimators': 1000, 'clf__reg_alpha': 0.0, 'clf__reg_lambda': 10.0, 'clf__subsample': 0.8}",0.8192184610815205,0.8281093310505074,0.7792733623237138,0.7968414059652834,0.8339904324939535,0.8114865985829958,0.020467993209793423,1041,1.0,1.0,1.0,1.0,1.0,1.0,0.0
90.71116333007812,2.2974967294804003,0.06091418266296387,0.0016298451194095066,0.5,0.03,5,3,1000,0.0,10.0,1.0,"{'clf__colsample_bytree': 0.5, 'clf__learning_rate': 0.03, 'clf__max_depth': 5, 'clf__min_child_weight': 3, 'clf__n_estimators': 1000, 'clf__reg_alpha': 0.0, 'clf__reg_lambda': 10.0, 'clf__subsample': 1.0}",0.8239532348761645,0.8332891526921378,0.7697130692001057,0.8003739384244039,0.8460065369935756,0.8146671864372775,0.02698270857948829,722,1.0,1.0,1.0,1.0,1.0,1.0,0.0
64.55040364265442,2.271431437952456,0.051337480545043945,0.0021163321995603668,0.5,0.03,5,3,1000,0.1,1.0,0.8,"{'clf__colsample_bytree': 0.5, 'clf__learning_rate': 0.03, 'clf__max_depth': 5, 'clf__min_child_weight': 3, 'clf__n_estimators': 1000, 'clf__reg_alpha': 0.1, 'clf__reg_lambda': 1.0, 'clf__subsample': 0.8}",0.8215463958038214,0.8302219570561349,0.7892509909590605,0.8009796806966618,0.8374626547161759,0.8158923358463708,0.018081668259215426,569,1.0,1.0,1.0,1.0,1.0,1.0,0.0
67.29028577804566,1.785396743234571,0.05158281326293945,0.002309406193533352,0.5,0.03,5,3,1000,0.1,1.0,1.0,"{'clf__colsample_bytree': 0.5, 'clf__learning_rate': 0.03, 'clf__max_depth': 5, 'clf__min_child_weight': 3, 'clf__n_estimators': 1000, 'clf__reg_alpha': 0.1, 'clf__reg_lambda': 1.0, 'clf__subsample': 1.0}",0.8242096709670967,0.841181616159667,0.7845784421101822,0.7880972107152721,0.8305187288420486,0.8137171337588534,0.02303097277887319,819,1.0,1.0,1.0,1.0,1.0,1.0,0.0
87.35505070686341,1.3458264901365844,0.059595251083374025,0.002160817004254666,0.5,0.03,5,3,1000,0.1,10.0,0.8,"{'clf__colsample_bytree': 0.5, 'clf__learning_rate': 0.03, 'clf__max_depth': 5, 'clf__min_child_weight': 3, 'clf__n_estimators': 1000, 'clf__reg_alpha': 0.1, 'clf__reg_lambda': 10.0, 'clf__subsample': 0.8}",0.8171909642444865,0.8299107743137595,0.7858952053929253,0.7864759535655058,0.8339904324939535,0.8106926660021262,0.020763972185181123,1099,1.0,1.0,1.0,1.0,1.0,1.0,0.0
91.7569857597351,2.5855189841108057,0.06126523017883301,0.002781877805387132,0.5,0.03,5,3,1000,0.1,10.0,1.0,"{'clf__colsample_bytree': 0.5, 'clf__learning_rate': 0.03, 'clf__max_depth': 5, 'clf__min_child_weight': 3, 'clf__n_estimators': 1000, 'clf__reg_alpha': 0.1, 'clf__reg_lambda': 10.0, 'clf__subsample': 1.0}",0.8231161985417303,0.8332891526921378,0.7728116744790784,0.8011269387355123,0.841434115607915,0.8143556160112748,0.02477647569135118,751,1.0,1.0,1.0,1.0,1.0,1.0,0.0
28.801936006546022,0.2493879448543583,0.02515377998352051,0.0010027124645416291,0.5,0.03,5,5,300,0.0,1.0,0.8,"{'clf__colsample_bytree': 0.5, 'clf__learning_rate': 0.03, 'clf__max_depth': 5, 'clf__min_child_weight': 5, 'clf__n_estimators': 300, 'clf__reg_alpha': 0.0, 'clf__reg_lambda': 1.0, 'clf__subsample': 0.8}",0.8149306507287395,0.8242596686626538,0.7770574832474965,0.7900501354011791,0.8276029900800989,0.8067801856240335,0.019843816221480237,1234,0.9990802514078543,1.0,0.9990771574058865,0.9980414334996128,0.9981628558539307,0.9988723396334569,0.0007142223414005868
30.71750912666321,1.0442742157205558,0.027321863174438476,0.0015657713021694805,0.5,0.03,5,5,300,0.0,1.0,1.0,"{'clf__colsample_bytree': 0.5, 'clf__learning_rate': 0.03, 'clf__max_depth': 5, 'clf__min_child_weight': 5, 'clf__n_estimators': 300, 'clf__reg_alpha': 0.0, 'clf__reg_lambda': 1.0, 'clf__subsample': 1.0}",0.8179269790107824,0.8335180087594294,0.7787975472672193,0.7880972107152721,0.8296944056519937,0.8096068302809393,0.022164637010715697,1150,1.0,1.0,1.0,1.0,1.0,1.0,0.0
31.50732626914978,0.36999898875497156,0.02669053077697754,0.0009763058566394128,0.5,0.03,5,5,300,0.0,10.0,0.8,"{'clf__colsample_bytree': 0.5, 'clf__learning_rate': 0.03, 'clf__max_depth': 5, 'clf__min_child_weight': 5, 'clf__n_estimators': 300, 'clf__reg_alpha': 0.0, 'clf__reg_lambda': 10.0, 'clf__subsample': 0.8}",0.813991378347814,0.820175360473868,0.7768502806973113,0.7791603821015586,0.839259533359913,0.805887386996093,0.024252865182067894,1254,0.9905963812037153,0.9915343524716475,0.991818239594228,0.9964045712730619,0.9926544885628654,0.9926016066211035,0.0020119125695057627
34.02146759033203,0.7080546842164678,0.02829298973083496,0.0007765214516742863,0.5,0.03,5,5,300,0.0,10.0,1.0,"{'clf__colsample_bytree': 0.5, 'clf__learning_rate': 0.03, 'clf__max_depth': 5, 'clf__min_child_weight': 5, 'clf__n_estimators': 300, 'clf__reg_alpha': 0.0, 'clf__reg_lambda': 10.0, 'clf__subsample': 1.0}",0.8304430637881342,0.8204694391640404,0.7845376774168015,0.7904197847271851,0.8401979829372704,0.8132135896066863,0.02199784124678858,877,0.996193433621131,0.9980469335546711,0.9972242434042095,0.9980414334996128,0.9962050689153487,0.9971422225989945,0.0008261073926417154
29.408471059799194,0.6219443744724344,0.025623559951782227,0.0012007407654962034,0.5,0.03,5,5,300,0.1,1.0,0.8,"{'clf__colsample_bytree': 0.5, 'clf__learning_rate': 0.03, 'clf__max_depth': 5, 'clf__min_child_weight': 5, 'clf__n_estimators': 300, 'clf__reg_alpha': 0.1, 'clf__reg_lambda': 1.0, 'clf__subsample': 0.8}",0.831568667669447,0.8242596686626538,0.7759176576257272,0.7765877722056564,0.8297027032751887,0.8076072938877348,0.025714198050702446,1218,0.9990802514078543,1.0,0.9990771574058865,0.9980414334996128,0.9981628558539307,0.9988723396334569,0.0007142223414005868
30.94379563331604,0.7952084971649974,0.027431297302246093,0.0013066352018291803,0.5,0.03,5,5,300,0.1,1.0,1.0,"{'clf__colsample_bytree': 0.5, 'clf__learning_rate': 0.03, 'clf__max_depth': 5, 'clf__min_child_weight': 5, 'clf__n_estimators': 300, 'clf__reg_alpha': 0.1, 'clf__reg_lambda': 1.0, 'clf__subsample': 1.0}",0.8155165115373504,0.8338633369973021,0.7787975472672193,0.7892390712736482,0.8430337009097755,0.8120900335970591,0.024794693641676326,988,1.0,1.0,1.0,1.0,1.0,1.0,0.0
31.955965089797974,0.8815460970588835,0.026534223556518556,0.000582615722875114,0.5,0.03,5,5,300,0.1,10.0,0.8,"{'clf__colsample_bytree': 0.5, 'clf__learning_rate': 0.03, 'clf__max_depth': 5, 'clf__min_child_weight': 5, 'clf__n_estimators': 300, 'clf__reg_alpha': 0.1, 'clf__reg_lambda': 10.0, 'clf__subsample': 0.8}",0.8182038423205519,0.823137436792899,0.7794628188055712,0.782476799480476,0.834930259604058,0.8076422314007111,0.02246625806196465,1214,0.9898873244667743,0.9915343524716475,0.9925260010106085,0.9954841556200487,0.9914323651142736,0.9921728397366705,0.001858444751283244
34.64244117736816,0.6217181600269363,0.028408145904541014,0.0019076368149964073,0.5,0.03,5,5,300,0.1,10.0,1.0,"{'clf__colsample_bytree': 0.5, 'clf__learning_rate': 0.03, 'clf__max_depth': 5, 'clf__min_child_weight': 5, 'clf__n_estimators': 300, 'clf__reg_alpha': 0.1, 'clf__reg_lambda': 10.0, 'clf__subsample': 1.0}",0.828860484999673,0.8204694391640404,0.7703838091930116,0.7867545442721036,0.8342815616152964,0.808149967848825,0.025090245022961682,1202,0.996193433621131,0.997337026390632,0.9972242434042095,0.9980414334996128,0.9940733571586708,0.9965738988148513,0.0013824928333072007
44.02853717803955,0.3995732291611945,0.0364588737487793,0.0024203649998813643,0.5,0.03,5,5,600,0.0,1.0,0.8,"{'clf__colsample_bytree': 0.5, 'clf__learning_rate': 0.03, 'clf__max_depth': 5, 'clf__min_child_weight': 5, 'clf__n_estimators': 600, 'clf__reg_alpha': 0.0, 'clf__reg_lambda': 1.0, 'clf__subsample': 0.8}",0.8261788294523992,0.8302219570561349,0.7887795099637205,0.8037409389798645,0.8336847447737405,0.8165211960451719,0.017369538033943217,509,1.0,1.0,1.0,1.0,1.0,1.0,0.0
45.408861351013186,1.2296509349629496,0.03858528137207031,0.0005158718634612308,0.5,0.03,5,5,600,0.0,1.0,1.0,"{'clf__colsample_bytree': 0.5, 'clf__learning_rate': 0.03, 'clf__max_depth': 5, 'clf__min_child_weight': 5, 'clf__n_estimators': 600, 'clf__reg_alpha': 0.0, 'clf__reg_lambda': 1.0, 'clf__subsample': 1.0}",0.818312969924812,0.8321164516323176,0.7813768965384542,0.8050071333994824,0.833616441712849,0.8140859786415829,0.01937376515969687,778,1.0,1.0,1.0,1.0,1.0,1.0,0.0
53.301865863800046,0.9363227268141713,0.03787846565246582,0.0011099441725892821,0.5,0.03,5,5,600,0.0,10.0,0.8,"{'clf__colsample_bytree': 0.5, 'clf__learning_rate': 0.03, 'clf__max_depth': 5, 'clf__min_child_weight': 5, 'clf__n_estimators': 600, 'clf__reg_alpha': 0.0, 'clf__reg_lambda': 10.0, 'clf__subsample': 0.8}",0.8115538254664236,0.8299107743137595,0.7792733623237138,0.7959890805547759,0.843748883104972,0.8120951851527289,0.02304918020518684,986,0.9990802514078543,1.0,0.9990771574058865,1.0,0.9990802514078543,0.999447532044319,0.00045108961166192267
56.43399662971497,1.539994732530692,0.039894485473632814,0.0013969031802593612,0.5,0.03,5,5,600,0.0,10.0,1.0,"{'clf__colsample_bytree': 0.5, 'clf__learning_rate': 0.03, 'clf__max_depth': 5, 'clf__min_child_weight': 5, 'clf__n_estimators': 600, 'clf__reg_alpha': 0.0, 'clf__reg_lambda': 10.0, 'clf__subsample': 1.0}",0.8149831373256132,0.8272492983669106,0.7695841678230454,0.8105487156102751,0.8448998642972916,0.8134530366846271,0.024957939607971675,850,1.0,1.0,1.0,1.0,1.0,1.0,0.0
44.181921768188474,0.7721224172007902,0.036490440368652344,0.0014588365946325752,0.5,0.03,5,5,600,0.1,1.0,0.8,"{'clf__colsample_bytree': 0.5, 'clf__learning_rate': 0.03, 'clf__max_depth': 5, 'clf__min_child_weight': 5, 'clf__n_estimators': 600, 'clf__reg_alpha': 0.1, 'clf__reg_lambda': 1.0, 'clf__subsample': 0.8}",0.8226945515545151,0.8258524861466039,0.7695479402114473,0.807290935374388,0.8382231430558973,0.8127218112685701,0.023730426247861425,920,1.0,1.0,1.0,1.0,1.0,1.0,0.0
47.02345290184021,0.9773252397711305,0.0373481273651123,0.0010811684485720835,0.5,0.03,5,5,600,0.1,1.0,1.0,"{'clf__colsample_bytree': 0.5, 'clf__learning_rate': 0.03, 'clf__max_depth': 5, 'clf__min_child_weight': 5, 'clf__n_estimators': 600, 'clf__reg_alpha': 0.1, 'clf__reg_lambda': 1.0, 'clf__subsample': 1.0}",0.8185042640861766,0.8351007336081963,0.7780612401866565,0.8010755654942745,0.8331019397599013,0.813168748627041,0.021380336883883452,882,1.0,1.0,1.0,1.0,1.0,1.0,0.0
52.87454676628113,1.084567167855225,0.038104248046875,0.0011379435541914722,0.5,0.03,5,5,600,0.1,10.0,0.8,"{'clf__colsample_bytree': 0.5, 'clf__learning_rate': 0.03, 'clf__max_depth': 5, 'clf__min_child_weight': 5, 'clf__n_estimators': 600, 'clf__reg_alpha': 0.1, 'clf__reg_lambda': 10.0, 'clf__subsample': 0.8}",0.8059180941659059,0.8299107743137595,0.7752509417912261,0.7909612072670082,0.8339904324939535,0.8072062900063706,0.02244811946574978,1228,0.9990802514078543,1.0,0.9990771574058865,0.9980414334996128,0.9990802514078543,0.9990558187442418,0.0006200169218383155
56.70940761566162,1.4754482699441105,0.04009876251220703,0.0025359789089114014,0.5,0.03,5,5,600,0.1,10.0,1.0,"{'clf__colsample_bytree': 0.5, 'clf__learning_rate': 0.03, 'clf__max_depth': 5, 'clf__min_child_weight': 5, 'clf__n_estimators': 600, 'clf__reg_alpha': 0.1, 'clf__reg_lambda': 10.0, 'clf__subsample': 1.0}",0.8196981804178299,0.8298670379903821,0.7729318556512181,0.8044560693265698,0.8401027187363852,0.813411172424477,0.0234159329665779,855,1.0,1.0,1.0,1.0,1.0,1.0,0.0
55.46733255386353,0.7029598715062152,0.05033230781555176,0.004678656558203975,0.5,0.03,5,5,1000,0.0,1.0,0.8,"{'clf__colsample_bytree': 0.5, 'clf__learning_rate': 0.03, 'clf__max_depth': 5, 'clf__min_child_weight': 5, 'clf__n_estimators': 1000, 'clf__reg_alpha': 0.0, 'clf__reg_lambda': 1.0, 'clf__subsample': 0.8}",0.8218738071679248,0.8302219570561349,0.7936169970380497,0.8084230683700888,0.8451059772435345,0.8198483613751465,0.017710352185115272,201,1.0,1.0,1.0,1.0,1.0,1.0,0.0
59.005745029449464,1.5914838963964533,0.04986891746520996,0.0019176057427516175,0.5,0.03,5,5,1000,0.0,1.0,1.0,"{'clf__colsample_bytree': 0.5, 'clf__learning_rate': 0.03, 'clf__max_depth': 5, 'clf__min_child_weight': 5, 'clf__n_estimators': 1000, 'clf__reg_alpha': 0.0, 'clf__reg_lambda': 1.0, 'clf__subsample': 1.0}",0.8117952758556448,0.8377802556154493,0.7879246586191224,0.8000445585627938,0.8224481050835593,0.811998570747314,0.01729960128882012,1000,1.0,1.0,1.0,1.0,1.0,1.0,0.0
72.41113252639771,1.3225114386483283,0.05478677749633789,0.004026995021716951,0.5,0.03,5,5,1000,0.0,10.0,0.8,"{'clf__colsample_bytree': 0.5, 'clf__learning_rate': 0.03, 'clf__max_depth': 5, 'clf__min_child_weight': 5, 'clf__n_estimators': 1000, 'clf__reg_alpha': 0.0, 'clf__reg_lambda': 10.0, 'clf__subsample': 0.8}",0.8108209052989193,0.8344613440251025,0.7752509417912261,0.7947697383961589,0.8418800958669141,0.8114366050756642,0.02467594169918919,1047,1.0,1.0,1.0,1.0,1.0,1.0,0.0
79.20524830818177,1.8518983331465275,0.06238489151000977,0.0028491127157609093,0.5,0.03,5,5,1000,0.0,10.0,1.0,"{'clf__colsample_bytree': 0.5, 'clf__learning_rate': 0.03, 'clf__max_depth': 5, 'clf__min_child_weight': 5, 'clf__n_estimators': 1000, 'clf__reg_alpha': 0.0, 'clf__reg_lambda': 10.0, 'clf__subsample': 1.0}",0.8219496199919998,0.8295324033897418,0.7763440813640241,0.8105487156102751,0.834547017985891,0.8145843676683862,0.02075959588041209,733,1.0,1.0,1.0,1.0,1.0,1.0,0.0
58.65547742843628,1.5772201775611696,0.048961305618286134,0.0032495406932346463,0.5,0.03,5,5,1000,0.1,1.0,0.8,"{'clf__colsample_bytree': 0.5, 'clf__learning_rate': 0.03, 'clf__max_depth': 5, 'clf__min_child_weight': 5, 'clf__n_estimators': 1000, 'clf__reg_alpha': 0.1, 'clf__reg_lambda': 1.0, 'clf__subsample': 0.8}",0.8277902406899922,0.8347431200551074,0.7865341237709659,0.8187420220246208,0.8368469596446124,0.8209312932370597,0.018325273985024752,135,1.0,1.0,1.0,1.0,1.0,1.0,0.0
60.79464325904846,0.6486801856800919,0.053041839599609376,0.005586837093440258,0.5,0.03,5,5,1000,0.1,1.0,1.0,"{'clf__colsample_bytree': 0.5, 'clf__learning_rate': 0.03, 'clf__max_depth': 5, 'clf__min_child_weight': 5, 'clf__n_estimators': 1000, 'clf__reg_alpha': 0.1, 'clf__reg_lambda': 1.0, 'clf__subsample': 1.0}",0.8180406275921709,0.8324288799112437,0.7845784421101822,0.7977577547747932,0.8355903995147762,0.8136792207806332,0.019753580634462538,825,1.0,1.0,1.0,1.0,1.0,1.0,0.0
77.9840754032135,1.3150981009892055,0.0592808723449707,0.004735415087879036,0.5,0.03,5,5,1000,0.1,10.0,0.8,"{'clf__colsample_bytree': 0.5, 'clf__learning_rate': 0.03, 'clf__max_depth': 5, 'clf__min_child_weight': 5, 'clf__n_estimators': 1000, 'clf__reg_alpha': 0.1, 'clf__reg_lambda': 10.0, 'clf__subsample': 0.8}",0.8074041154115411,0.8328881080877282,0.7752509417912261,0.7971171562365345,0.8339904324939535,0.8093301508041968,0.022259228108737716,1165,1.0,1.0,1.0,1.0,1.0,1.0,0.0
83.44634170532227,2.2539192707423354,0.06744041442871093,0.0021178072368975218,0.5,0.03,5,5,1000,0.1,10.0,1.0,"{'clf__colsample_bytree': 0.5, 'clf__learning_rate': 0.03, 'clf__max_depth': 5, 'clf__min_child_weight': 5, 'clf__n_estimators': 1000, 'clf__reg_alpha': 0.1, 'clf__reg_lambda': 10.0, 'clf__subsample': 1.0}",0.8185042640861766,0.8325155350377862,0.7695841678230454,0.8031957744338045,0.831759997560491,0.8111119477882607,0.023350906432985093,1069,1.0,1.0,1.0,1.0,1.0,1.0,0.0
63.521707916259764,1.3459930603173047,0.043369293212890625,0.0028518387168339587,0.5,0.03,7,1,300,0.0,1.0,0.8,"{'clf__colsample_bytree': 0.5, 'clf__learning_rate': 0.03, 'clf__max_depth': 7, 'clf__min_child_weight': 1, 'clf__n_estimators': 300, 'clf__reg_alpha': 0.0, 'clf__reg_lambda': 1.0, 'clf__subsample': 0.8}",0.8309543460857604,0.8209321566464424,0.7764050972501677,0.8021565124542076,0.832587274150896,0.8126070773174948,0.021094715685908722,930,1.0,1.0,1.0,1.0,1.0,1.0,0.0
70.3419795513153,1.843523762127339,0.0496828556060791,0.002812240749820857,0.5,0.03,7,1,300,0.0,1.0,1.0,"{'clf__colsample_bytree': 0.5, 'clf__learning_rate': 0.03, 'clf__max_depth': 7, 'clf__min_child_weight': 1, 'clf__n_estimators': 300, 'clf__reg_alpha': 0.0, 'clf__reg_lambda': 1.0, 'clf__subsample': 1.0}",0.8388550267245611,0.8274692650780893,0.7813365861917237,0.7813458070742102,0.8318144478899958,0.8121642265917159,0.025427908313742364,982,1.0,1.0,1.0,1.0,1.0,1.0,0.0
80.35898714065551,3.102007660971355,0.05574159622192383,0.004730533167269704,0.5,0.03,7,1,300,0.0,10.0,0.8,"{'clf__colsample_bytree': 0.5, 'clf__learning_rate': 0.03, 'clf__max_depth': 7, 'clf__min_child_weight': 1, 'clf__n_estimators': 300, 'clf__reg_alpha': 0.0, 'clf__reg_lambda': 10.0, 'clf__subsample': 0.8}",0.8340256163371325,0.8261309225652498,0.789295733688367,0.7893449667955308,0.8321553586993627,0.8141905196171285,0.020473356291315054,763,0.9981581327810707,0.9990795325574398,0.9990771574058865,1.0,0.9981581327810707,0.9988945911050935,0.0006890869823127696
89.62663412094116,2.8958351029487854,0.058321237564086914,0.0028670014819014034,0.5,0.03,7,1,300,0.0,10.0,1.0,"{'clf__colsample_bytree': 0.5, 'clf__learning_rate': 0.03, 'clf__max_depth': 7, 'clf__min_child_weight': 1, 'clf__n_estimators': 300, 'clf__reg_alpha': 0.0, 'clf__reg_lambda': 10.0, 'clf__subsample': 1.0}",0.8343377567394051,0.8194203708880812,0.780413187945483,0.8014322674328124,0.8291898428869748,0.8129586851785513,0.019770362969685266,901,1.0,1.0,1.0,1.0,1.0,1.0,0.0
71.65574178695678,2.1131076672700155,0.047556161880493164,0.002265107316706701,0.5,0.03,7,1,300,0.1,1.0,0.8,"{'clf__colsample_bytree': 0.5, 'clf__learning_rate': 0.03, 'clf__max_depth': 7, 'clf__min_child_weight': 1, 'clf__n_estimators': 300, 'clf__reg_alpha': 0.1, 'clf__reg_lambda': 1.0, 'clf__subsample': 0.8}",0.8315096531886297,0.8209321566464424,0.7762834895853763,0.792260474082106,0.8286443372307858,0.8099260221466681,0.02182317589504282,1132,1.0,1.0,1.0,1.0,1.0,1.0,0.0
77.55026364326477,1.7695828589702736,0.05139369964599609,0.002115809039434231,0.5,0.03,7,1,300,0.1,1.0,1.0,"{'clf__colsample_bytree': 0.5, 'clf__learning_rate': 0.03, 'clf__max_depth': 7, 'clf__min_child_weight': 1, 'clf__n_estimators': 300, 'clf__reg_alpha': 0.1, 'clf__reg_lambda': 1.0, 'clf__subsample': 1.0}",0.8360424112746094,0.8274692650780893,0.779344388076223,0.7972193775613807,0.8354532192490136,0.8151057322478632,0.02282111794329199,666,1.0,1.0,1.0,1.0,1.0,1.0,0.0
84.93302202224731,1.908925719210106,0.052147722244262694,0.003677559962355834,0.5,0.03,7,1,300,0.1,10.0,0.8,"{'clf__colsample_bytree': 0.5, 'clf__learning_rate': 0.03, 'clf__max_depth': 7, 'clf__min_child_weight': 1, 'clf__n_estimators': 300, 'clf__reg_alpha': 0.1, 'clf__reg_lambda': 10.0, 'clf__subsample': 0.8}",0.8345490618777855,0.8261309225652498,0.7852108654303951,0.7932620320855616,0.8371027627876944,0.8152511289493374,0.021698902456176766,645,0.9981581327810707,0.9990795325574398,0.9981519138755981,1.0,0.9981581327810707,0.9987095423990358,0.0007377300645794837
93.4464991569519,2.6570574283310893,0.05629863739013672,0.002614576114011469,0.5,0.03,7,1,300,0.1,10.0,1.0,"{'clf__colsample_bytree': 0.5, 'clf__learning_rate': 0.03, 'clf__max_depth': 7, 'clf__min_child_weight': 1, 'clf__n_estimators': 300, 'clf__reg_alpha': 0.1, 'clf__reg_lambda': 10.0, 'clf__subsample': 1.0}",0.8380951611685656,0.8238478175424186,0.7847817364310302,0.7930356227705899,0.8346545868334859,0.8148829849492181,0.021879131545150497,693,1.0,1.0,1.0,1.0,1.0,1.0,0.0
100.37468342781067,3.277485368446,0.05977025032043457,0.002704102964539346,0.5,0.03,7,1,600,0.0,1.0,0.8,"{'clf__colsample_bytree': 0.5, 'clf__learning_rate': 0.03, 'clf__max_depth': 7, 'clf__min_child_weight': 1, 'clf__n_estimators': 600, 'clf__reg_alpha': 0.0, 'clf__reg_lambda': 1.0, 'clf__subsample': 0.8}",0.8231447823595776,0.8209321566464424,0.7761478594497462,0.804839679833286,0.8446384682178756,0.8139405893013855,0.022746762128047833,799,1.0,1.0,1.0,1.0,1.0,1.0,0.0
104.41166987419129,1.7389356146667365,0.06307764053344726,0.004058179856904271,0.5,0.03,7,1,600,0.0,1.0,1.0,"{'clf__colsample_bytree': 0.5, 'clf__learning_rate': 0.03, 'clf__max_depth': 7, 'clf__min_child_weight': 1, 'clf__n_estimators': 600, 'clf__reg_alpha': 0.0, 'clf__reg_lambda': 1.0, 'clf__subsample': 1.0}",0.8301966498620081,0.8330374693458059,0.7949121768225932,0.7949931600547196,0.8444140548352979,0.819510702184085,0.020608431298468854,228,1.0,1.0,1.0,1.0,1.0,1.0,0.0
136.09180674552917,3.7162339462746954,0.07301201820373535,0.003600519437985709,0.5,0.03,7,1,600,0.0,10.0,0.8,"{'clf__colsample_bytree': 0.5, 'clf__learning_rate': 0.03, 'clf__max_depth': 7, 'clf__min_child_weight': 1, 'clf__n_estimators': 600, 'clf__reg_alpha': 0.0, 'clf__reg_lambda': 10.0, 'clf__subsample': 0.8}",0.8298114490262443,0.8221075727925043,0.7826644006839018,0.7867341681992552,0.8513072594701256,0.8145249700344062,0.026197456619553725,736,1.0,1.0,1.0,1.0,1.0,1.0,0.0
143.57632112503052,4.28931835098975,0.07639446258544921,0.006812690471976537,0.5,0.03,7,1,600,0.0,10.0,1.0,"{'clf__colsample_bytree': 0.5, 'clf__learning_rate': 0.03, 'clf__max_depth': 7, 'clf__min_child_weight': 1, 'clf__n_estimators': 600, 'clf__reg_alpha': 0.0, 'clf__reg_lambda': 10.0, 'clf__subsample': 1.0}",0.8351549123522217,0.8249661933440795,0.7747955620435802,0.8009719039130804,0.8480620925910598,0.8167901328488043,0.026060732535102462,481,1.0,1.0,1.0,1.0,1.0,1.0,0.0
101.71252064704895,2.787233478679676,0.056229782104492185,0.002305306138834122,0.5,0.03,7,1,600,0.1,1.0,0.8,"{'clf__colsample_bytree': 0.5, 'clf__learning_rate': 0.03, 'clf__max_depth': 7, 'clf__min_child_weight': 1, 'clf__n_estimators': 600, 'clf__reg_alpha': 0.1, 'clf__reg_lambda': 1.0, 'clf__subsample': 0.8}",0.8296723806242283,0.8273283974163139,0.7721308806005526,0.7975933030216917,0.8428102990191999,0.8139070521363972,0.025594775600462197,802,1.0,1.0,1.0,1.0,1.0,1.0,0.0
106.17943587303162,2.1771384591743415,0.062494421005249025,0.002306690423537519,0.5,0.03,7,1,600,0.1,1.0,1.0,"{'clf__colsample_bytree': 0.5, 'clf__learning_rate': 0.03, 'clf__max_depth': 7, 'clf__min_child_weight': 1, 'clf__n_estimators': 600, 'clf__reg_alpha': 0.1, 'clf__reg_lambda': 1.0, 'clf__subsample': 1.0}",0.8332184799150084,0.8321886167523751,0.785197802469038,0.7983037321208677,0.8360776410791209,0.816997254467282,0.021064755975157504,456,1.0,1.0,1.0,1.0,1.0,1.0,0.0
133.5710864543915,1.4136213666882482,0.07656879425048828,0.003946330281633636,0.5,0.03,7,1,600,0.1,10.0,0.8,"{'clf__colsample_bytree': 0.5, 'clf__learning_rate': 0.03, 'clf__max_depth': 7, 'clf__min_child_weight': 1, 'clf__n_estimators': 600, 'clf__reg_alpha': 0.1, 'clf__reg_lambda': 10.0, 'clf__subsample': 0.8}",0.8298114490262443,0.8217034759109122,0.7826644006839018,0.7837858513488964,0.8415379422678675,0.8119006238475646,0.024250613962664497,1011,1.0,1.0,1.0,1.0,1.0,1.0,0.0
143.75016355514526,3.043877834484149,0.078727388381958,0.0017170250492669439,0.5,0.03,7,1,600,0.1,10.0,1.0,"{'clf__colsample_bytree': 0.5, 'clf__learning_rate': 0.03, 'clf__max_depth': 7, 'clf__min_child_weight': 1, 'clf__n_estimators': 600, 'clf__reg_alpha': 0.1, 'clf__reg_lambda': 10.0, 'clf__subsample': 1.0}",0.8346545361188666,0.8253653197683049,0.7866557311814049,0.793797249137055,0.8449996746697899,0.8170945021750843,0.022911746535129156,441,1.0,1.0,1.0,1.0,1.0,1.0,0.0
115.52285265922546,1.3034787973285356,0.07282075881958008,0.005378295251975513,0.5,0.03,7,1,1000,0.0,1.0,0.8,"{'clf__colsample_bytree': 0.5, 'clf__learning_rate': 0.03, 'clf__max_depth': 7, 'clf__min_child_weight': 1, 'clf__n_estimators': 1000, 'clf__reg_alpha': 0.0, 'clf__reg_lambda': 1.0, 'clf__subsample': 0.8}",0.822629273730053,0.8269162085040676,0.7761478594497462,0.8045471397493642,0.8398100725565514,0.8140101107979565,0.022043562564232757,785,1.0,1.0,1.0,1.0,1.0,1.0,0.0
118.02776746749878,1.7954728476486348,0.07656254768371581,0.0042993809139378935,0.5,0.03,7,1,1000,0.0,1.0,1.0,"{'clf__colsample_bytree': 0.5, 'clf__learning_rate': 0.03, 'clf__max_depth': 7, 'clf__min_child_weight': 1, 'clf__n_estimators': 1000, 'clf__reg_alpha': 0.0, 'clf__reg_lambda': 1.0, 'clf__subsample': 1.0}",0.8290758333914124,0.8368622421200986,0.78245841995842,0.7988690609027919,0.8511052657841649,0.8196741644313775,0.02525707621886755,221,1.0,1.0,1.0,1.0,1.0,1.0,0.0
173.42810888290404,1.7992941759809722,0.08947820663452148,0.006610590245205531,0.5,0.03,7,1,1000,0.0,10.0,0.8,"{'clf__colsample_bytree': 0.5, 'clf__learning_rate': 0.03, 'clf__max_depth': 7, 'clf__min_child_weight': 1, 'clf__n_estimators': 1000, 'clf__reg_alpha': 0.0, 'clf__reg_lambda': 10.0, 'clf__subsample': 0.8}",0.8298114490262443,0.8332891526921378,0.7769272472753426,0.7867341681992552,0.8513072594701256,0.8156138553326212,0.028700860176163214,604,1.0,1.0,1.0,1.0,1.0,1.0,0.0
183.78536620140076,3.373711401976086,0.09599924087524414,0.0044953618938090726,0.5,0.03,7,1,1000,0.0,10.0,1.0,"{'clf__colsample_bytree': 0.5, 'clf__learning_rate': 0.03, 'clf__max_depth': 7, 'clf__min_child_weight': 1, 'clf__n_estimators': 1000, 'clf__reg_alpha': 0.0, 'clf__reg_lambda': 10.0, 'clf__subsample': 1.0}",0.8304626758200846,0.8234579263636987,0.7747424617729135,0.793797249137055,0.8480620925910598,0.8141044811369624,0.026343686478857722,774,1.0,1.0,1.0,1.0,1.0,1.0,0.0
120.74197688102723,4.152896979153323,0.07267813682556153,0.004479808251968806,0.5,0.03,7,1,1000,0.1,1.0,0.8,"{'clf__colsample_bytree': 0.5, 'clf__learning_rate': 0.03, 'clf__max_depth': 7, 'clf__min_child_weight': 1, 'clf__n_estimators': 1000, 'clf__reg_alpha': 0.1, 'clf__reg_lambda': 1.0, 'clf__subsample': 0.8}",0.8296723806242283,0.8303175690482851,0.7721308806005526,0.7961794414735591,0.8370556365935602,0.8130711816680372,0.024938848813933212,891,1.0,1.0,1.0,1.0,1.0,1.0,0.0
125.03202815055847,1.8304351293544776,0.0768592357635498,0.003562617250165249,0.5,0.03,7,1,1000,0.1,1.0,1.0,"{'clf__colsample_bytree': 0.5, 'clf__learning_rate': 0.03, 'clf__max_depth': 7, 'clf__min_child_weight': 1, 'clf__n_estimators': 1000, 'clf__reg_alpha': 0.1, 'clf__reg_lambda': 1.0, 'clf__subsample': 1.0}",0.8332184799150084,0.8321886167523751,0.7935350765790182,0.8085284250292496,0.8360776410791209,0.8207096478709545,0.016800311519451182,139,1.0,1.0,1.0,1.0,1.0,1.0,0.0
175.96542344093322,2.6917872151376327,0.09373927116394043,0.003451642350989115,0.5,0.03,7,1,1000,0.1,10.0,0.8,"{'clf__colsample_bytree': 0.5, 'clf__learning_rate': 0.03, 'clf__max_depth': 7, 'clf__min_child_weight': 1, 'clf__n_estimators': 1000, 'clf__reg_alpha': 0.1, 'clf__reg_lambda': 10.0, 'clf__subsample': 0.8}",0.8292959403967197,0.8291072090433367,0.7826527681722693,0.7893052357821606,0.8464957193218063,0.8153713745432585,0.024904787950461985,630,1.0,1.0,1.0,1.0,1.0,1.0,0.0
186.89068598747252,2.878543838708898,0.10204887390136719,0.0033967979412569595,0.5,0.03,7,1,1000,0.1,10.0,1.0,"{'clf__colsample_bytree': 0.5, 'clf__learning_rate': 0.03, 'clf__max_depth': 7, 'clf__min_child_weight': 1, 'clf__n_estimators': 1000, 'clf__reg_alpha': 0.1, 'clf__reg_lambda': 10.0, 'clf__subsample': 1.0}",0.8304626758200846,0.8238478175424186,0.7747424617729135,0.7997035961648973,0.8480620925910598,0.8153637287782747,0.025551782898858236,633,1.0,1.0,1.0,1.0,1.0,1.0,0.0
50.3769775390625,0.9279058444602272,0.03467192649841309,0.0017559729838461603,0.5,0.03,7,3,300,0.0,1.0,0.8,"{'clf__colsample_bytree': 0.5, 'clf__learning_rate': 0.03, 'clf__max_depth': 7, 'clf__min_child_weight': 3, 'clf__n_estimators': 300, 'clf__reg_alpha': 0.0, 'clf__reg_lambda': 1.0, 'clf__subsample': 0.8}",0.8349522400836544,0.8179014497806444,0.7761983681795003,0.8014277645528475,0.8312862424330651,0.8123532130059423,0.021570798723185732,958,1.0,1.0,1.0,1.0,1.0,1.0,0.0
53.167136907577515,2.5565331459238956,0.03690118789672851,0.0019369522808604627,0.5,0.03,7,3,300,0.0,1.0,1.0,"{'clf__colsample_bytree': 0.5, 'clf__learning_rate': 0.03, 'clf__max_depth': 7, 'clf__min_child_weight': 3, 'clf__n_estimators': 300, 'clf__reg_alpha': 0.0, 'clf__reg_lambda': 1.0, 'clf__subsample': 1.0}",0.8206093656031078,0.8312606370813012,0.7878039534777633,0.7797749025758921,0.8384353027098602,0.8115768322895848,0.023524152537217187,1034,1.0,1.0,1.0,1.0,1.0,1.0,0.0
54.09974145889282,1.2168738873511322,0.03524527549743652,0.0029705147956153497,0.5,0.03,7,3,300,0.0,10.0,0.8,"{'clf__colsample_bytree': 0.5, 'clf__learning_rate': 0.03, 'clf__max_depth': 7, 'clf__min_child_weight': 3, 'clf__n_estimators': 300, 'clf__reg_alpha': 0.0, 'clf__reg_lambda': 10.0, 'clf__subsample': 0.8}",0.8250166073281235,0.82575150434535,0.7852108654303951,0.7962861346860469,0.8250064980476224,0.8114543219675076,0.017267306686772437,1045,0.9981581327810707,0.9990795325574398,0.9981519138755981,0.9980414334996128,0.9958174873937601,0.9978497000214963,0.0010831068218985647
60.11155786514282,1.382595731416681,0.03973112106323242,0.002125929374358952,0.5,0.03,7,3,300,0.0,10.0,1.0,"{'clf__colsample_bytree': 0.5, 'clf__learning_rate': 0.03, 'clf__max_depth': 7, 'clf__min_child_weight': 3, 'clf__n_estimators': 300, 'clf__reg_alpha': 0.0, 'clf__reg_lambda': 10.0, 'clf__subsample': 1.0}",0.8324379476394537,0.8163585801340438,0.7845376774168015,0.779506828228987,0.8441207107486561,0.8113923488335886,0.02559916466293684,1048,0.9990802514078543,1.0,0.9990771574058865,1.0,0.9990802514078543,0.999447532044319,0.00045108961166192267
49.315637254714964,0.2679649206272876,0.03685593605041504,0.0022209733031458715,0.5,0.03,7,3,300,0.1,1.0,0.8,"{'clf__colsample_bytree': 0.5, 'clf__learning_rate': 0.03, 'clf__max_depth': 7, 'clf__min_child_weight': 3, 'clf__n_estimators': 300, 'clf__reg_alpha': 0.1, 'clf__reg_lambda': 1.0, 'clf__subsample': 0.8}",0.8290758333914124,0.8249661933440795,0.7810163294340784,0.8017208153718245,0.8343323329048185,0.8142223008892426,0.019996978376569784,758,1.0,1.0,1.0,1.0,1.0,1.0,0.0
53.267965173721315,1.1045117762283194,0.03658909797668457,0.0019039420725224208,0.5,0.03,7,3,300,0.1,1.0,1.0,"{'clf__colsample_bytree': 0.5, 'clf__learning_rate': 0.03, 'clf__max_depth': 7, 'clf__min_child_weight': 3, 'clf__n_estimators': 300, 'clf__reg_alpha': 0.1, 'clf__reg_lambda': 1.0, 'clf__subsample': 1.0}",0.8128987437546645,0.8324555020946576,0.7854894480837877,0.7800202494377252,0.8337983162324893,0.8089324519206649,0.022684207941583663,1176,1.0,1.0,1.0,1.0,1.0,1.0,0.0
54.448011589050296,1.116093726218369,0.03844318389892578,0.0028435362499907575,0.5,0.03,7,3,300,0.1,10.0,0.8,"{'clf__colsample_bytree': 0.5, 'clf__learning_rate': 0.03, 'clf__max_depth': 7, 'clf__min_child_weight': 3, 'clf__n_estimators': 300, 'clf__reg_alpha': 0.1, 'clf__reg_lambda': 10.0, 'clf__subsample': 0.8}",0.8285829385712162,0.8186829152582576,0.7852108654303951,0.7942517695515982,0.8248070449867438,0.8103071067596421,0.01733207192876834,1119,0.9981581327810707,0.9990795325574398,0.9981519138755981,0.9980414334996128,0.9947818326430256,0.9976425690713494,0.0014787161913786325
61.83012895584106,2.214243551010398,0.039240264892578126,0.00275021725811759,0.5,0.03,7,3,300,0.1,10.0,1.0,"{'clf__colsample_bytree': 0.5, 'clf__learning_rate': 0.03, 'clf__max_depth': 7, 'clf__min_child_weight': 3, 'clf__n_estimators': 300, 'clf__reg_alpha': 0.1, 'clf__reg_lambda': 10.0, 'clf__subsample': 1.0}",0.8289037299256694,0.8197599406782614,0.7876314937614938,0.7861120010076367,0.8425235643326192,0.8129861459411363,0.022524612819474953,896,0.9990802514078543,1.0,0.9990771574058865,1.0,0.9981581327810707,0.9992631083189624,0.0006892030224132329
68.69954361915589,0.9608244837071508,0.04768590927124024,0.0013781728120343733,0.5,0.03,7,3,600,0.0,1.0,0.8,"{'clf__colsample_bytree': 0.5, 'clf__learning_rate': 0.03, 'clf__max_depth': 7, 'clf__min_child_weight': 3, 'clf__n_estimators': 600, 'clf__reg_alpha': 0.0, 'clf__reg_lambda': 1.0, 'clf__subsample': 0.8}",0.8354826772940904,0.8272492983669106,0.7809153493115757,0.8033587942859998,0.8401027187363852,0.8174217675989924,0.022215706871866317,409,1.0,1.0,1.0,1.0,1.0,1.0,0.0
73.34077558517455,1.0312791851561525,0.05152897834777832,0.0031870474601079467,0.5,0.03,7,3,600,0.0,1.0,1.0,"{'clf__colsample_bytree': 0.5, 'clf__learning_rate': 0.03, 'clf__max_depth': 7, 'clf__min_child_weight': 3, 'clf__n_estimators': 600, 'clf__reg_alpha': 0.0, 'clf__reg_lambda': 1.0, 'clf__subsample': 1.0}",0.8202803195377453,0.8384791119865745,0.7804610790505644,0.8037409389798645,0.8440355870552655,0.8173994073220028,0.023294349218919146,411,1.0,1.0,1.0,1.0,1.0,1.0,0.0
84.78448510169983,1.800238603088585,0.05199742317199707,0.0014688369639385957,0.5,0.03,7,3,600,0.0,10.0,0.8,"{'clf__colsample_bytree': 0.5, 'clf__learning_rate': 0.03, 'clf__max_depth': 7, 'clf__min_child_weight': 3, 'clf__n_estimators': 600, 'clf__reg_alpha': 0.0, 'clf__reg_lambda': 10.0, 'clf__subsample': 0.8}",0.8305875497051968,0.8265387973371168,0.7793238710534678,0.779829444578523,0.8345833809611738,0.8101726087270956,0.025111192613755762,1124,1.0,1.0,1.0,1.0,1.0,1.0,0.0
91.58040618896484,1.578931133107705,0.05512514114379883,0.004137080763616244,0.5,0.03,7,3,600,0.0,10.0,1.0,"{'clf__colsample_bytree': 0.5, 'clf__learning_rate': 0.03, 'clf__max_depth': 7, 'clf__min_child_weight': 3, 'clf__n_estimators': 600, 'clf__reg_alpha': 0.0, 'clf__reg_lambda': 10.0, 'clf__subsample': 1.0}",0.8398006186290592,0.8227525441868715,0.7803902411890739,0.7951512387900896,0.8491019348413714,0.8174393155272931,0.02607746924449775,405,1.0,1.0,1.0,1.0,1.0,1.0,0.0
67.13130002021789,1.0427164292869064,0.04682278633117676,0.002669894751462314,0.5,0.03,7,3,600,0.1,1.0,0.8,"{'clf__colsample_bytree': 0.5, 'clf__learning_rate': 0.03, 'clf__max_depth': 7, 'clf__min_child_weight': 3, 'clf__n_estimators': 600, 'clf__reg_alpha': 0.1, 'clf__reg_lambda': 1.0, 'clf__subsample': 0.8}",0.8381323322814884,0.8261798019332265,0.7809153493115757,0.7999760162621297,0.8382231430558973,0.8166853285688636,0.022683425576506714,488,1.0,1.0,1.0,1.0,1.0,1.0,0.0
71.83677959442139,0.5525006317956502,0.04585728645324707,0.0005465808943964463,0.5,0.03,7,3,600,0.1,1.0,1.0,"{'clf__colsample_bytree': 0.5, 'clf__learning_rate': 0.03, 'clf__max_depth': 7, 'clf__min_child_weight': 3, 'clf__n_estimators': 600, 'clf__reg_alpha': 0.1, 'clf__reg_lambda': 1.0, 'clf__subsample': 1.0}",0.811590717308266,0.8384791119865745,0.7762065756936123,0.7998230739272035,0.8410446930440836,0.8134288343919479,0.024348075864452763,854,1.0,1.0,1.0,1.0,1.0,1.0,0.0
83.62286610603333,2.095664650605546,0.05156674385070801,0.004815640331557942,0.5,0.03,7,3,600,0.1,10.0,0.8,"{'clf__colsample_bytree': 0.5, 'clf__learning_rate': 0.03, 'clf__max_depth': 7, 'clf__min_child_weight': 3, 'clf__n_estimators': 600, 'clf__reg_alpha': 0.1, 'clf__reg_lambda': 10.0, 'clf__subsample': 0.8}",0.8247704198399146,0.8217034759109122,0.7735638728769898,0.7885908138400316,0.829410721202033,0.8076078607339762,0.0223125332880145,1217,1.0,1.0,1.0,1.0,1.0,1.0,0.0
91.65349521636963,2.048192083246553,0.05359950065612793,0.0022254371200464483,0.5,0.03,7,3,600,0.1,10.0,1.0,"{'clf__colsample_bytree': 0.5, 'clf__learning_rate': 0.03, 'clf__max_depth': 7, 'clf__min_child_weight': 3, 'clf__n_estimators': 600, 'clf__reg_alpha': 0.1, 'clf__reg_lambda': 10.0, 'clf__subsample': 1.0}",0.827690082891589,0.82575150434535,0.7774688280814108,0.7955191877375284,0.8405039124556292,0.8133867031023014,0.023247192852538644,859,1.0,1.0,1.0,1.0,1.0,1.0,0.0
81.03958072662354,1.6315826990686757,0.059572362899780275,0.0027504054608715653,0.5,0.03,7,3,1000,0.0,1.0,0.8,"{'clf__colsample_bytree': 0.5, 'clf__learning_rate': 0.03, 'clf__max_depth': 7, 'clf__min_child_weight': 3, 'clf__n_estimators': 1000, 'clf__reg_alpha': 0.0, 'clf__reg_lambda': 1.0, 'clf__subsample': 0.8}",0.8226102439337732,0.8272492983669106,0.7769502054198774,0.8058333835578437,0.8303431036407551,0.8125972469838321,0.01972977225843068,931,1.0,1.0,1.0,1.0,1.0,1.0,0.0
84.4162799358368,0.9960735300151371,0.06229057312011719,0.0020975531514656315,0.5,0.03,7,3,1000,0.0,1.0,1.0,"{'clf__colsample_bytree': 0.5, 'clf__learning_rate': 0.03, 'clf__max_depth': 7, 'clf__min_child_weight': 3, 'clf__n_estimators': 1000, 'clf__reg_alpha': 0.0, 'clf__reg_lambda': 1.0, 'clf__subsample': 1.0}",0.8202803195377453,0.832828006335469,0.7754613701161919,0.8011427005488572,0.8400121693626577,0.8139449131801841,0.023328481136692773,797,1.0,1.0,1.0,1.0,1.0,1.0,0.0
106.40947742462158,2.7843823794165123,0.06163721084594727,0.004548724910748066,0.5,0.03,7,3,1000,0.0,10.0,0.8,"{'clf__colsample_bytree': 0.5, 'clf__learning_rate': 0.03, 'clf__max_depth': 7, 'clf__min_child_weight': 3, 'clf__n_estimators': 1000, 'clf__reg_alpha': 0.0, 'clf__reg_lambda': 10.0, 'clf__subsample': 0.8}",0.8240940432116903,0.8332891526921378,0.7840408521855432,0.7839019126193718,0.8315677615476408,0.8113787444512768,0.022590608067144555,1049,1.0,1.0,1.0,1.0,1.0,1.0,0.0
115.45937933921815,3.06670524418466,0.06925468444824219,0.0026217972267653265,0.5,0.03,7,3,1000,0.0,10.0,1.0,"{'clf__colsample_bytree': 0.5, 'clf__learning_rate': 0.03, 'clf__max_depth': 7, 'clf__min_child_weight': 3, 'clf__n_estimators': 1000, 'clf__reg_alpha': 0.0, 'clf__reg_lambda': 10.0, 'clf__subsample': 1.0}",0.8255248100763535,0.8272492983669106,0.7647645368281013,0.8089942798599846,0.8383408586311429,0.8129747567524988,0.025864164408314207,899,1.0,1.0,1.0,1.0,1.0,1.0,0.0
80.3645947933197,1.9784343104011217,0.05809750556945801,0.002750279842232869,0.5,0.03,7,3,1000,0.1,1.0,0.8,"{'clf__colsample_bytree': 0.5, 'clf__learning_rate': 0.03, 'clf__max_depth': 7, 'clf__min_child_weight': 3, 'clf__n_estimators': 1000, 'clf__reg_alpha': 0.1, 'clf__reg_lambda': 1.0, 'clf__subsample': 0.8}",0.8381323322814884,0.8347431200551074,0.7809153493115757,0.8072117075237311,0.8382231430558973,0.8198451304455598,0.022668279276387954,203,1.0,1.0,1.0,1.0,1.0,1.0,0.0
82.67285213470458,2.0660288235296407,0.06141242980957031,0.00407075590560521,0.5,0.03,7,3,1000,0.1,1.0,1.0,"{'clf__colsample_bytree': 0.5, 'clf__learning_rate': 0.03, 'clf__max_depth': 7, 'clf__min_child_weight': 3, 'clf__n_estimators': 1000, 'clf__reg_alpha': 0.1, 'clf__reg_lambda': 1.0, 'clf__subsample': 1.0}",0.811590717308266,0.8355178121765353,0.7762065756936123,0.8093141632718531,0.8398097580190136,0.814487805293856,0.022733564214945767,743,1.0,1.0,1.0,1.0,1.0,1.0,0.0
107.11716198921204,3.0985320828946805,0.06733150482177734,0.0011919279022477118,0.5,0.03,7,3,1000,0.1,10.0,0.8,"{'clf__colsample_bytree': 0.5, 'clf__learning_rate': 0.03, 'clf__max_depth': 7, 'clf__min_child_weight': 3, 'clf__n_estimators': 1000, 'clf__reg_alpha': 0.1, 'clf__reg_lambda': 10.0, 'clf__subsample': 0.8}",0.8235567728058342,0.8332891526921378,0.7840408521855432,0.7939561904377296,0.8279828965918703,0.8125651729426231,0.019737962971168043,935,1.0,1.0,1.0,1.0,1.0,1.0,0.0
116.0046332359314,2.1419493092594806,0.07144927978515625,0.0037627344786302576,0.5,0.03,7,3,1000,0.1,10.0,1.0,"{'clf__colsample_bytree': 0.5, 'clf__learning_rate': 0.03, 'clf__max_depth': 7, 'clf__min_child_weight': 3, 'clf__n_estimators': 1000, 'clf__reg_alpha': 0.1, 'clf__reg_lambda': 10.0, 'clf__subsample': 1.0}",0.8143704397959717,0.8306050030648973,0.773372267567314,0.8041410033127604,0.8355486027899821,0.8116074633061849,0.022178354013644846,1029,1.0,1.0,1.0,1.0,1.0,1.0,0.0
38.48594479560852,1.0219540001805256,0.029073143005371095,0.0022455390687934514,0.5,0.03,7,5,300,0.0,1.0,0.8,"{'clf__colsample_bytree': 0.5, 'clf__learning_rate': 0.03, 'clf__max_depth': 7, 'clf__min_child_weight': 5, 'clf__n_estimators': 300, 'clf__reg_alpha': 0.0, 'clf__reg_lambda': 1.0, 'clf__subsample': 0.8}",0.8285385629855563,0.8216104886460931,0.7817744643795719,0.7861467804403017,0.8340775145679886,0.8104295622039024,0.022013372290179987,1113,0.9990802514078543,1.0,0.9990771574058865,0.9989673933007089,0.9990802514078543,0.9992410107044609,0.00038195974675965825
41.944239377975464,1.2412176533592594,0.03298087120056152,0.0018689749869780369,0.5,0.03,7,5,300,0.0,1.0,1.0,"{'clf__colsample_bytree': 0.5, 'clf__learning_rate': 0.03, 'clf__max_depth': 7, 'clf__min_child_weight': 5, 'clf__n_estimators': 300, 'clf__reg_alpha': 0.0, 'clf__reg_lambda': 1.0, 'clf__subsample': 1.0}",0.822183178204017,0.8278822587029226,0.7798215552518867,0.787881991565334,0.8317318029860378,0.8099001573420397,0.02163502368957422,1134,1.0,1.0,1.0,1.0,1.0,1.0,0.0
39.945506954193114,1.4275958891853935,0.03212594985961914,0.0017065235324834548,0.5,0.03,7,5,300,0.0,10.0,0.8,"{'clf__colsample_bytree': 0.5, 'clf__learning_rate': 0.03, 'clf__max_depth': 7, 'clf__min_child_weight': 5, 'clf__n_estimators': 300, 'clf__reg_alpha': 0.0, 'clf__reg_lambda': 10.0, 'clf__subsample': 0.8}",0.8250166073281235,0.8201022216657121,0.779967500225693,0.7750044084730672,0.8316999173725739,0.8063581310130339,0.023911362205568006,1242,0.9947671651499143,0.9947694090497161,0.9925260010106085,0.9971130493246955,0.9947818326430256,0.994791491435592,0.0014507412305690582
46.74372043609619,1.350787954788039,0.03350462913513184,0.0028009724266229766,0.5,0.03,7,5,300,0.0,10.0,1.0,"{'clf__colsample_bytree': 0.5, 'clf__learning_rate': 0.03, 'clf__max_depth': 7, 'clf__min_child_weight': 5, 'clf__n_estimators': 300, 'clf__reg_alpha': 0.0, 'clf__reg_lambda': 10.0, 'clf__subsample': 1.0}",0.8270236544224698,0.8264294750158128,0.7780492831032346,0.7957043882715934,0.8410231610973291,0.813645992382088,0.023155627852930762,835,0.996193433621131,0.9980469335546711,0.9981519138755981,0.9980414334996128,0.9962050689153487,0.9973277566932724,0.0009222691236022454
39.27558374404907,0.4795495143495249,0.03116183280944824,0.0023386012126253492,0.5,0.03,7,5,300,0.1,1.0,0.8,"{'clf__colsample_bytree': 0.5, 'clf__learning_rate': 0.03, 'clf__max_depth': 7, 'clf__min_child_weight': 5, 'clf__n_estimators': 300, 'clf__reg_alpha': 0.1, 'clf__reg_lambda': 1.0, 'clf__subsample': 0.8}",0.8285385629855563,0.8242596686626538,0.7745917148538396,0.7863771577006872,0.8354732995846772,0.8098480807574828,0.024525804360622284,1138,0.9990802514078543,1.0,0.9990771574058865,0.9980414334996128,0.9981628558539307,0.9988723396334569,0.0007142223414005868
42.34281029701233,1.0464452314287829,0.031581783294677736,0.0019085173638204807,0.5,0.03,7,5,300,0.1,1.0,1.0,"{'clf__colsample_bytree': 0.5, 'clf__learning_rate': 0.03, 'clf__max_depth': 7, 'clf__min_child_weight': 5, 'clf__n_estimators': 300, 'clf__reg_alpha': 0.1, 'clf__reg_lambda': 1.0, 'clf__subsample': 1.0}",0.822183178204017,0.8358112067926442,0.7745800823422072,0.7828814824026863,0.832116559453008,0.8095145018389125,0.025661630698458945,1154,1.0,1.0,1.0,1.0,1.0,1.0,0.0
42.284034442901614,0.8577290005348652,0.0326085090637207,0.001542145311441914,0.5,0.03,7,5,300,0.1,10.0,0.8,"{'clf__colsample_bytree': 0.5, 'clf__learning_rate': 0.03, 'clf__max_depth': 7, 'clf__min_child_weight': 5, 'clf__n_estimators': 300, 'clf__reg_alpha': 0.1, 'clf__reg_lambda': 10.0, 'clf__subsample': 0.8}",0.814503618438782,0.8137990258406527,0.7864627477785372,0.7711631902782466,0.8281522804887291,0.8028161725649895,0.020825386487371454,1281,0.9947671651499143,0.9947694090497161,0.9925260010106085,0.9971130493246955,0.9940733571586708,0.9946497963387209,0.0014790866529986672
47.03201560974121,1.3083990706012776,0.03412809371948242,0.0012844194652382986,0.5,0.03,7,5,300,0.1,10.0,1.0,"{'clf__colsample_bytree': 0.5, 'clf__learning_rate': 0.03, 'clf__max_depth': 7, 'clf__min_child_weight': 5, 'clf__n_estimators': 300, 'clf__reg_alpha': 0.1, 'clf__reg_lambda': 10.0, 'clf__subsample': 1.0}",0.8375467430976958,0.8264294750158128,0.7802146560459484,0.7887007011562565,0.8458203066582355,0.8157423763947896,0.026411351673379973,592,0.996193433621131,0.9980469335546711,0.9972242434042095,0.9980414334996128,0.9947818326430256,0.99685757534453,0.0012409940000647592
55.63952293395996,0.7454727100132786,0.04416112899780274,0.002996086234839089,0.5,0.03,7,5,600,0.0,1.0,0.8,"{'clf__colsample_bytree': 0.5, 'clf__learning_rate': 0.03, 'clf__max_depth': 7, 'clf__min_child_weight': 5, 'clf__n_estimators': 600, 'clf__reg_alpha': 0.0, 'clf__reg_lambda': 1.0, 'clf__subsample': 0.8}",0.8234344082181497,0.820596175293278,0.7783154792411112,0.8033587942859998,0.8412331506949327,0.8133876015466942,0.021255150929647297,858,1.0,1.0,1.0,1.0,1.0,1.0,0.0
59.54676260948181,1.3574161255854689,0.045462608337402344,0.0009030925049267434,0.5,0.03,7,5,600,0.0,1.0,1.0,"{'clf__colsample_bytree': 0.5, 'clf__learning_rate': 0.03, 'clf__max_depth': 7, 'clf__min_child_weight': 5, 'clf__n_estimators': 600, 'clf__reg_alpha': 0.0, 'clf__reg_lambda': 1.0, 'clf__subsample': 1.0}",0.8183772395096652,0.8258524861466039,0.7770209536010539,0.8089147286821705,0.8241234173095076,0.8108577650498002,0.01792242665568984,1088,1.0,1.0,1.0,1.0,1.0,1.0,0.0
66.41192588806152,0.9333735744437143,0.041672134399414064,0.0020758183044674327,0.5,0.03,7,5,600,0.0,10.0,0.8,"{'clf__colsample_bytree': 0.5, 'clf__learning_rate': 0.03, 'clf__max_depth': 7, 'clf__min_child_weight': 5, 'clf__n_estimators': 600, 'clf__reg_alpha': 0.0, 'clf__reg_lambda': 10.0, 'clf__subsample': 0.8}",0.8083807402437998,0.8299107743137595,0.7792733623237138,0.7948895252156567,0.8249982625063952,0.8074905329206651,0.01878815797319667,1219,1.0,1.0,1.0,1.0,1.0,1.0,0.0
71.41776223182679,2.2072415190894192,0.04154353141784668,0.0027746818317229277,0.5,0.03,7,5,600,0.0,10.0,1.0,"{'clf__colsample_bytree': 0.5, 'clf__learning_rate': 0.03, 'clf__max_depth': 7, 'clf__min_child_weight': 5, 'clf__n_estimators': 600, 'clf__reg_alpha': 0.0, 'clf__reg_lambda': 10.0, 'clf__subsample': 1.0}",0.8259071912154745,0.8302219570561349,0.7703655085921868,0.8048295250767391,0.8360325367174681,0.8134713437316007,0.023987641947743145,849,1.0,1.0,1.0,1.0,1.0,1.0,0.0
55.39496088027954,0.8944432314875603,0.039527511596679686,0.004003656722166809,0.5,0.03,7,5,600,0.1,1.0,0.8,"{'clf__colsample_bytree': 0.5, 'clf__learning_rate': 0.03, 'clf__max_depth': 7, 'clf__min_child_weight': 5, 'clf__n_estimators': 600, 'clf__reg_alpha': 0.1, 'clf__reg_lambda': 1.0, 'clf__subsample': 0.8}",0.8239532348761645,0.8344613440251025,0.7745917148538396,0.7958961077188356,0.8384781124443719,0.8134761027836628,0.02447979977481708,847,1.0,1.0,1.0,1.0,1.0,1.0,0.0
59.299911212921145,1.4045921025164845,0.04056649208068848,0.002475079174400701,0.5,0.03,7,5,600,0.1,1.0,1.0,"{'clf__colsample_bytree': 0.5, 'clf__learning_rate': 0.03, 'clf__max_depth': 7, 'clf__min_child_weight': 5, 'clf__n_estimators': 600, 'clf__reg_alpha': 0.1, 'clf__reg_lambda': 1.0, 'clf__subsample': 1.0}",0.8152702770277027,0.8314933079638962,0.7812419339465728,0.8022640128905562,0.8277159669118619,0.8115970997481179,0.01831781543997739,1032,1.0,1.0,1.0,1.0,1.0,1.0,0.0
65.27410531044006,0.9703454602495184,0.04369306564331055,0.0032636302069295195,0.5,0.03,7,5,600,0.1,10.0,0.8,"{'clf__colsample_bytree': 0.5, 'clf__learning_rate': 0.03, 'clf__max_depth': 7, 'clf__min_child_weight': 5, 'clf__n_estimators': 600, 'clf__reg_alpha': 0.1, 'clf__reg_lambda': 10.0, 'clf__subsample': 0.8}",0.8018017051032484,0.8328881080877282,0.7700751441540915,0.7939691027926322,0.8342360820006471,0.8065940284276696,0.02437804655678494,1237,0.9990802514078543,1.0,1.0,1.0,1.0,0.9998160502815707,0.00036789943685828775
70.8024968624115,1.582401751050929,0.04342131614685059,0.003019342191281802,0.5,0.03,7,5,600,0.1,10.0,1.0,"{'clf__colsample_bytree': 0.5, 'clf__learning_rate': 0.03, 'clf__max_depth': 7, 'clf__min_child_weight': 5, 'clf__n_estimators': 600, 'clf__reg_alpha': 0.1, 'clf__reg_lambda': 10.0, 'clf__subsample': 1.0}",0.8185685336710298,0.831796240289391,0.7734731853906611,0.7949687049951647,0.8388047825864462,0.8115222893865386,0.024194100727336146,1039,1.0,1.0,1.0,1.0,1.0,1.0,0.0
66.50853161811828,2.079132152000332,0.05098371505737305,0.001953504328101753,0.5,0.03,7,5,1000,0.0,1.0,0.8,"{'clf__colsample_bytree': 0.5, 'clf__learning_rate': 0.03, 'clf__max_depth': 7, 'clf__min_child_weight': 5, 'clf__n_estimators': 1000, 'clf__reg_alpha': 0.0, 'clf__reg_lambda': 1.0, 'clf__subsample': 0.8}",0.8214868065900764,0.8314318617769618,0.7880952380952381,0.8012305012872937,0.8426426533470569,0.8169774122193253,0.01985001530369817,460,1.0,1.0,1.0,1.0,1.0,1.0,0.0
68.19639916419983,2.0029319263336385,0.05068159103393555,0.002323762852353148,0.5,0.03,7,5,1000,0.0,1.0,1.0,"{'clf__colsample_bytree': 0.5, 'clf__learning_rate': 0.03, 'clf__max_depth': 7, 'clf__min_child_weight': 5, 'clf__n_estimators': 1000, 'clf__reg_alpha': 0.0, 'clf__reg_lambda': 1.0, 'clf__subsample': 1.0}",0.8274874525899487,0.8347910839834781,0.7736275605967855,0.8019017647949684,0.8306545238868537,0.813692477170407,0.02309710814565677,822,1.0,1.0,1.0,1.0,1.0,1.0,0.0
76.36093506813049,1.7557005134914145,0.043325948715209964,0.002333672144861585,0.5,0.03,7,5,1000,0.0,10.0,0.8,"{'clf__colsample_bytree': 0.5, 'clf__learning_rate': 0.03, 'clf__max_depth': 7, 'clf__min_child_weight': 5, 'clf__n_estimators': 1000, 'clf__reg_alpha': 0.0, 'clf__reg_lambda': 10.0, 'clf__subsample': 0.8}",0.8138531607471801,0.8328881080877282,0.7726611357737185,0.7873137676398991,0.8259181070918232,0.8065268558680698,0.022981038891073897,1239,1.0,1.0,1.0,1.0,1.0,1.0,0.0
78.90093736648559,3.522863135471176,0.04653887748718262,0.0007907175147875665,0.5,0.03,7,5,1000,0.0,10.0,1.0,"{'clf__colsample_bytree': 0.5, 'clf__learning_rate': 0.03, 'clf__max_depth': 7, 'clf__min_child_weight': 5, 'clf__n_estimators': 1000, 'clf__reg_alpha': 0.0, 'clf__reg_lambda': 10.0, 'clf__subsample': 1.0}",0.8310013953578309,0.8357412354198487,0.7704420062326328,0.8103917801264827,0.8376018880291587,0.8170356610331908,0.025231011721240912,449,1.0,1.0,1.0,1.0,1.0,1.0,0.0
56.58607110977173,2.2814192965495868,0.04065847396850586,0.0013799215476118533,0.5,0.03,7,5,1000,0.1,1.0,0.8,"{'clf__colsample_bytree': 0.5, 'clf__learning_rate': 0.03, 'clf__max_depth': 7, 'clf__min_child_weight': 5, 'clf__n_estimators': 1000, 'clf__reg_alpha': 0.1, 'clf__reg_lambda': 1.0, 'clf__subsample': 0.8}",0.8206628837000498,0.8288329120543887,0.7856616110001394,0.8038415134143098,0.8384781124443719,0.815495406522652,0.01875454731808822,617,1.0,1.0,1.0,1.0,1.0,1.0,0.0
61.40324101448059,1.3212463632175238,0.042107009887695314,0.002957674188433438,0.5,0.03,7,5,1000,0.1,1.0,1.0,"{'clf__colsample_bytree': 0.5, 'clf__learning_rate': 0.03, 'clf__max_depth': 7, 'clf__min_child_weight': 5, 'clf__n_estimators': 1000, 'clf__reg_alpha': 0.1, 'clf__reg_lambda': 1.0, 'clf__subsample': 1.0}",0.8180406275921709,0.8314933079638962,0.7762065756936123,0.7986759583433556,0.8369099347965714,0.8122652808779213,0.022339787503806666,967,1.0,1.0,1.0,1.0,1.0,1.0,0.0
69.78316960334777,1.1293574054472828,0.04393081665039063,0.0019822974722300034,0.5,0.03,7,5,1000,0.1,10.0,0.8,"{'clf__colsample_bytree': 0.5, 'clf__learning_rate': 0.03, 'clf__max_depth': 7, 'clf__min_child_weight': 5, 'clf__n_estimators': 1000, 'clf__reg_alpha': 0.1, 'clf__reg_lambda': 10.0, 'clf__subsample': 0.8}",0.8115538254664236,0.8344613440251025,0.7777999193413314,0.8015080713678845,0.8325702965038226,0.811578691340913,0.021008030483285825,1033,1.0,1.0,1.0,1.0,1.0,1.0,0.0
71.06509127616883,2.20752797094441,0.04544773101806641,0.0020825231228110714,0.5,0.03,7,5,1000,0.1,10.0,1.0,"{'clf__colsample_bytree': 0.5, 'clf__learning_rate': 0.03, 'clf__max_depth': 7, 'clf__min_child_weight': 5, 'clf__n_estimators': 1000, 'clf__reg_alpha': 0.1, 'clf__reg_lambda': 10.0, 'clf__subsample': 1.0}",0.8157781841532569,0.8340793453122219,0.7664555052790347,0.8030488803788164,0.8286041583455377,0.8095932146937737,0.02409535516893404,1151,1.0,1.0,1.0,1.0,1.0,1.0,0.0
14.773279285430908,0.5736384492955724,0.02044391632080078,0.0011647668868440039,0.5,0.1,3,1,300,0.0,1.0,0.8,"{'clf__colsample_bytree': 0.5, 'clf__learning_rate': 0.1, 'clf__max_depth': 3, 'clf__min_child_weight': 1, 'clf__n_estimators': 300, 'clf__reg_alpha': 0.0, 'clf__reg_lambda': 1.0, 'clf__subsample': 0.8}",0.8161428955143701,0.8412446796900579,0.786156354082175,0.8023871654797906,0.8423818376091032,0.8176625864750994,0.021888111493785587,387,1.0,1.0,1.0,1.0,1.0,1.0,0.0
15.035161781311036,0.9130703157638532,0.01986832618713379,0.0008748969325804114,0.5,0.1,3,1,300,0.0,1.0,1.0,"{'clf__colsample_bytree': 0.5, 'clf__learning_rate': 0.1, 'clf__max_depth': 3, 'clf__min_child_weight': 1, 'clf__n_estimators': 300, 'clf__reg_alpha': 0.0, 'clf__reg_lambda': 1.0, 'clf__subsample': 1.0}",0.8167422979497283,0.8455799337648653,0.7909236753221716,0.821042093635082,0.835460430325939,0.8219496861995571,0.01860904497526677,83,1.0,1.0,1.0,1.0,1.0,1.0,0.0
15.226586389541627,0.48736655364080206,0.018513250350952148,0.0009645639540125452,0.5,0.1,3,1,300,0.0,10.0,0.8,"{'clf__colsample_bytree': 0.5, 'clf__learning_rate': 0.1, 'clf__max_depth': 3, 'clf__min_child_weight': 1, 'clf__n_estimators': 300, 'clf__reg_alpha': 0.0, 'clf__reg_lambda': 10.0, 'clf__subsample': 0.8}",0.804732133444101,0.8263215768799449,0.8085332996547949,0.7858252076561936,0.8415958651939961,0.813401616565806,0.01908486209392585,856,1.0,1.0,1.0,1.0,1.0,1.0,0.0
15.118081283569335,0.550198684946777,0.01869368553161621,0.0017256238170714326,0.5,0.1,3,1,300,0.0,10.0,1.0,"{'clf__colsample_bytree': 0.5, 'clf__learning_rate': 0.1, 'clf__max_depth': 3, 'clf__min_child_weight': 1, 'clf__n_estimators': 300, 'clf__reg_alpha': 0.0, 'clf__reg_lambda': 10.0, 'clf__subsample': 1.0}",0.7851592787704219,0.8430053124928901,0.7906216539000082,0.8012725292137056,0.8402087333760047,0.8120535015506061,0.0246964951235857,991,1.0,1.0,1.0,1.0,1.0,1.0,0.0
13.93481149673462,0.5547838943807026,0.018466091156005858,0.0011185336183894812,0.5,0.1,3,1,300,0.1,1.0,0.8,"{'clf__colsample_bytree': 0.5, 'clf__learning_rate': 0.1, 'clf__max_depth': 3, 'clf__min_child_weight': 1, 'clf__n_estimators': 300, 'clf__reg_alpha': 0.1, 'clf__reg_lambda': 1.0, 'clf__subsample': 0.8}",0.8188629396019154,0.8304903779693695,0.7859966865719621,0.8090917086064648,0.834930259604058,0.815874394470754,0.01746062214487571,578,1.0,1.0,1.0,1.0,1.0,1.0,0.0
13.885072946548462,0.8392750986896034,0.01717238426208496,0.0020625560350607665,0.5,0.1,3,1,300,0.1,1.0,1.0,"{'clf__colsample_bytree': 0.5, 'clf__learning_rate': 0.1, 'clf__max_depth': 3, 'clf__min_child_weight': 1, 'clf__n_estimators': 300, 'clf__reg_alpha': 0.1, 'clf__reg_lambda': 1.0, 'clf__subsample': 1.0}",0.8158545745620049,0.8362025914044547,0.7765721997300944,0.8142072863417092,0.8308050289345019,0.8147283361945531,0.020866405258110825,715,1.0,1.0,1.0,1.0,1.0,1.0,0.0
13.960708618164062,0.5687326694660638,0.017348051071166992,0.0017654310657198788,0.5,0.1,3,1,300,0.1,10.0,0.8,"{'clf__colsample_bytree': 0.5, 'clf__learning_rate': 0.1, 'clf__max_depth': 3, 'clf__min_child_weight': 1, 'clf__n_estimators': 300, 'clf__reg_alpha': 0.1, 'clf__reg_lambda': 10.0, 'clf__subsample': 0.8}",0.8008486177565125,0.827862102126808,0.8090046659492496,0.7865724300501911,0.8468523260776781,0.814228028392088,0.02107774670070177,757,1.0,1.0,1.0,1.0,1.0,1.0,0.0
13.783890438079833,0.45494073242764294,0.01602516174316406,0.0013672411847031926,0.5,0.1,3,1,300,0.1,10.0,1.0,"{'clf__colsample_bytree': 0.5, 'clf__learning_rate': 0.1, 'clf__max_depth': 3, 'clf__min_child_weight': 1, 'clf__n_estimators': 300, 'clf__reg_alpha': 0.1, 'clf__reg_lambda': 10.0, 'clf__subsample': 1.0}",0.797518830054327,0.8227966955654582,0.7854190068334764,0.7721173569783416,0.8457069240524182,0.8047117626968043,0.02643487107733828,1271,1.0,1.0,1.0,1.0,1.0,1.0,0.0
19.176084518432617,0.8074549011416595,0.02521224021911621,0.0028699472097122283,0.5,0.1,3,1,600,0.0,1.0,0.8,"{'clf__colsample_bytree': 0.5, 'clf__learning_rate': 0.1, 'clf__max_depth': 3, 'clf__min_child_weight': 1, 'clf__n_estimators': 600, 'clf__reg_alpha': 0.0, 'clf__reg_lambda': 1.0, 'clf__subsample': 0.8}",0.8119375564956158,0.8408368049181909,0.7866875741090251,0.8075261621019584,0.8529631638010926,0.8199902522851765,0.023879110024439286,188,1.0,1.0,1.0,1.0,1.0,1.0,0.0
20.45758452415466,0.942465844274744,0.023636913299560545,0.0011815788341339548,0.5,0.1,3,1,600,0.0,1.0,1.0,"{'clf__colsample_bytree': 0.5, 'clf__learning_rate': 0.1, 'clf__max_depth': 3, 'clf__min_child_weight': 1, 'clf__n_estimators': 600, 'clf__reg_alpha': 0.0, 'clf__reg_lambda': 1.0, 'clf__subsample': 1.0}",0.8167422979497283,0.8369904834485045,0.7990414347557204,0.8055910627161663,0.848641360895931,0.82140132795321,0.018743943208509518,115,1.0,1.0,1.0,1.0,1.0,1.0,0.0
24.99515595436096,0.6224297282611436,0.02598719596862793,0.0018148584259881579,0.5,0.1,3,1,600,0.0,10.0,0.8,"{'clf__colsample_bytree': 0.5, 'clf__learning_rate': 0.1, 'clf__max_depth': 3, 'clf__min_child_weight': 1, 'clf__n_estimators': 600, 'clf__reg_alpha': 0.0, 'clf__reg_lambda': 10.0, 'clf__subsample': 0.8}",0.8020367877217193,0.8223957996473634,0.7916715666761462,0.795853088190929,0.852939298038204,0.8129793080548723,0.022594411318340175,897,1.0,1.0,1.0,1.0,1.0,1.0,0.0
25.586223602294922,0.7107197691671675,0.024260330200195312,0.0008333835050926143,0.5,0.1,3,1,600,0.0,10.0,1.0,"{'clf__colsample_bytree': 0.5, 'clf__learning_rate': 0.1, 'clf__max_depth': 3, 'clf__min_child_weight': 1, 'clf__n_estimators': 600, 'clf__reg_alpha': 0.0, 'clf__reg_lambda': 10.0, 'clf__subsample': 1.0}",0.8027873885016742,0.853653049848702,0.7963063012498699,0.8012725292137056,0.839636064527054,0.8187310666682013,0.02331709824284671,287,1.0,1.0,1.0,1.0,1.0,1.0,0.0
20.145015239715576,0.19137496552201436,0.023150634765625,0.0012494626702192844,0.5,0.1,3,1,600,0.1,1.0,0.8,"{'clf__colsample_bytree': 0.5, 'clf__learning_rate': 0.1, 'clf__max_depth': 3, 'clf__min_child_weight': 1, 'clf__n_estimators': 600, 'clf__reg_alpha': 0.1, 'clf__reg_lambda': 1.0, 'clf__subsample': 0.8}",0.8119375564956158,0.830105485363342,0.7919668278910916,0.7980190290076105,0.8379858397458462,0.8140029477007011,0.01777533630571693,787,1.0,1.0,1.0,1.0,1.0,1.0,0.0
20.41667184829712,0.05948505447063088,0.02393627166748047,0.0019075313957390302,0.5,0.1,3,1,600,0.1,1.0,1.0,"{'clf__colsample_bytree': 0.5, 'clf__learning_rate': 0.1, 'clf__max_depth': 3, 'clf__min_child_weight': 1, 'clf__n_estimators': 600, 'clf__reg_alpha': 0.1, 'clf__reg_lambda': 1.0, 'clf__subsample': 1.0}",0.8117274881980764,0.8418617341562548,0.7839622877122877,0.8020200088704044,0.8314104597555301,0.8141963957385105,0.020640523925020287,762,1.0,1.0,1.0,1.0,1.0,1.0,0.0
24.68522129058838,0.6489469001908116,0.02369089126586914,0.001156833307165571,0.5,0.1,3,1,600,0.1,10.0,0.8,"{'clf__colsample_bytree': 0.5, 'clf__learning_rate': 0.1, 'clf__max_depth': 3, 'clf__min_child_weight': 1, 'clf__n_estimators': 600, 'clf__reg_alpha': 0.1, 'clf__reg_lambda': 10.0, 'clf__subsample': 0.8}",0.8122874157805665,0.8223957996473634,0.8094054020369645,0.7830513962076052,0.8464967680721106,0.8147273563489221,0.020521907817787524,716,1.0,1.0,1.0,1.0,1.0,1.0,0.0
25.438249921798707,0.35288032493120536,0.02652711868286133,0.0016346154120194063,0.5,0.1,3,1,600,0.1,10.0,1.0,"{'clf__colsample_bytree': 0.5, 'clf__learning_rate': 0.1, 'clf__max_depth': 3, 'clf__min_child_weight': 1, 'clf__n_estimators': 600, 'clf__reg_alpha': 0.1, 'clf__reg_lambda': 10.0, 'clf__subsample': 1.0}",0.8065824707122047,0.8332357445634888,0.7973766726884711,0.78555527919413,0.8407211857113075,0.8126942705739204,0.021052163221031407,925,1.0,1.0,1.0,1.0,1.0,1.0,0.0
23.682623291015624,0.8273710786011917,0.029917240142822266,0.001036900606563511,0.5,0.1,3,1,1000,0.0,1.0,0.8,"{'clf__colsample_bytree': 0.5, 'clf__learning_rate': 0.1, 'clf__max_depth': 3, 'clf__min_child_weight': 1, 'clf__n_estimators': 1000, 'clf__reg_alpha': 0.0, 'clf__reg_lambda': 1.0, 'clf__subsample': 0.8}",0.8119375564956158,0.8498238009506458,0.7884030837668975,0.800864290939698,0.8413506464768199,0.8184758757259354,0.02350845765273224,309,1.0,1.0,1.0,1.0,1.0,1.0,0.0
25.644458723068237,0.7103923015486516,0.031241083145141603,0.0012720515221333133,0.5,0.1,3,1,1000,0.0,1.0,1.0,"{'clf__colsample_bytree': 0.5, 'clf__learning_rate': 0.1, 'clf__max_depth': 3, 'clf__min_child_weight': 1, 'clf__n_estimators': 1000, 'clf__reg_alpha': 0.0, 'clf__reg_lambda': 1.0, 'clf__subsample': 1.0}",0.8107874560080442,0.8301496367419289,0.794809438927086,0.809741197655987,0.8443923279939376,0.8179760114653968,0.017333184949808702,347,1.0,1.0,1.0,1.0,1.0,1.0,0.0
36.30837821960449,0.8865688311580487,0.035859107971191406,0.0009144936751345418,0.5,0.1,3,1,1000,0.0,10.0,0.8,"{'clf__colsample_bytree': 0.5, 'clf__learning_rate': 0.1, 'clf__max_depth': 3, 'clf__min_child_weight': 1, 'clf__n_estimators': 1000, 'clf__reg_alpha': 0.0, 'clf__reg_lambda': 10.0, 'clf__subsample': 0.8}",0.8047322617427509,0.8223957996473634,0.7948082472305216,0.7989523637855376,0.8364734972804442,0.8114724339373236,0.015647685344096697,1043,1.0,1.0,1.0,1.0,1.0,1.0,0.0
36.5474916934967,0.26055743450661584,0.03518095016479492,0.0011500738593799111,0.5,0.1,3,1,1000,0.0,10.0,1.0,"{'clf__colsample_bytree': 0.5, 'clf__learning_rate': 0.1, 'clf__max_depth': 3, 'clf__min_child_weight': 1, 'clf__n_estimators': 1000, 'clf__reg_alpha': 0.0, 'clf__reg_lambda': 10.0, 'clf__subsample': 1.0}",0.7966650024869202,0.8477224791226448,0.791800678335387,0.7978911645656519,0.833450745775512,0.8135060140572232,0.02265887728481203,844,1.0,1.0,1.0,1.0,1.0,1.0,0.0
26.95801124572754,0.4447572262216857,0.031897544860839844,0.0016175966063418012,0.5,0.1,3,1,1000,0.1,1.0,0.8,"{'clf__colsample_bytree': 0.5, 'clf__learning_rate': 0.1, 'clf__max_depth': 3, 'clf__min_child_weight': 1, 'clf__n_estimators': 1000, 'clf__reg_alpha': 0.1, 'clf__reg_lambda': 1.0, 'clf__subsample': 0.8}",0.8119375564956158,0.8331044455218206,0.7894240431724503,0.8016290220393006,0.8422822665181715,0.8156754667494719,0.01955557678443999,597,1.0,1.0,1.0,1.0,1.0,1.0,0.0
27.585885286331177,0.6976667327570079,0.03270621299743652,0.0015467817931285397,0.5,0.1,3,1,1000,0.1,1.0,1.0,"{'clf__colsample_bytree': 0.5, 'clf__learning_rate': 0.1, 'clf__max_depth': 3, 'clf__min_child_weight': 1, 'clf__n_estimators': 1000, 'clf__reg_alpha': 0.1, 'clf__reg_lambda': 1.0, 'clf__subsample': 1.0}",0.8117274881980764,0.8400069687929234,0.7889403895280929,0.8043290883542716,0.8314104597555301,0.8152828789257789,0.01842787324656358,641,1.0,1.0,1.0,1.0,1.0,1.0,0.0
36.806730365753175,0.8253642619746949,0.03838405609130859,0.0025507924578749264,0.5,0.1,3,1,1000,0.1,10.0,0.8,"{'clf__colsample_bytree': 0.5, 'clf__learning_rate': 0.1, 'clf__max_depth': 3, 'clf__min_child_weight': 1, 'clf__n_estimators': 1000, 'clf__reg_alpha': 0.1, 'clf__reg_lambda': 10.0, 'clf__subsample': 0.8}",0.8122874157805665,0.8250356492097024,0.7969173229405966,0.7902642557056818,0.8435157508015709,0.8136040788876236,0.01923703557543985,840,1.0,1.0,1.0,1.0,1.0,1.0,0.0
38.14903416633606,0.6875488820005141,0.03706302642822266,0.0022151887488609527,0.5,0.1,3,1,1000,0.1,10.0,1.0,"{'clf__colsample_bytree': 0.5, 'clf__learning_rate': 0.1, 'clf__max_depth': 3, 'clf__min_child_weight': 1, 'clf__n_estimators': 1000, 'clf__reg_alpha': 0.1, 'clf__reg_lambda': 10.0, 'clf__subsample': 1.0}",0.7958951974314008,0.8337884430834218,0.7983457205947149,0.7885216075842794,0.835787194373643,0.810467632613492,0.02012890976387216,1111,1.0,1.0,1.0,1.0,1.0,1.0,0.0
10.066071033477783,0.22066620098239326,0.015694332122802735,0.001444112220453569,0.5,0.1,3,3,300,0.0,1.0,0.8,"{'clf__colsample_bytree': 0.5, 'clf__learning_rate': 0.1, 'clf__max_depth': 3, 'clf__min_child_weight': 3, 'clf__n_estimators': 300, 'clf__reg_alpha': 0.0, 'clf__reg_lambda': 1.0, 'clf__subsample': 0.8}",0.806987411069874,0.8312404805051865,0.7901849833605378,0.8012381155925186,0.8456992392022464,0.8150700459460726,0.020374238916279187,673,1.0,1.0,1.0,1.0,1.0,1.0,0.0
10.856874227523804,0.46527768374676864,0.015512228012084961,0.0006703644828684731,0.5,0.1,3,3,300,0.0,1.0,1.0,"{'clf__colsample_bytree': 0.5, 'clf__learning_rate': 0.1, 'clf__max_depth': 3, 'clf__min_child_weight': 3, 'clf__n_estimators': 300, 'clf__reg_alpha': 0.0, 'clf__reg_lambda': 1.0, 'clf__subsample': 1.0}",0.82090507961251,0.839409898183065,0.7841657868529626,0.7964155864160645,0.8175262622992103,0.8116845226727627,0.019381755724704953,1024,1.0,1.0,1.0,1.0,1.0,1.0,0.0
11.851893949508668,0.2944254755950221,0.01636614799499512,0.0006520772041263043,0.5,0.1,3,3,300,0.0,10.0,0.8,"{'clf__colsample_bytree': 0.5, 'clf__learning_rate': 0.1, 'clf__max_depth': 3, 'clf__min_child_weight': 3, 'clf__n_estimators': 300, 'clf__reg_alpha': 0.0, 'clf__reg_lambda': 10.0, 'clf__subsample': 0.8}",0.8047007516429241,0.8267102194205981,0.7974617298376665,0.7876877384432422,0.8444478186315757,0.8122016515952014,0.020614434556475266,979,1.0,1.0,1.0,1.0,1.0,1.0,0.0
12.318892478942871,0.14197014197901528,0.01611781120300293,0.0007372514216959668,0.5,0.1,3,3,300,0.0,10.0,1.0,"{'clf__colsample_bytree': 0.5, 'clf__learning_rate': 0.1, 'clf__max_depth': 3, 'clf__min_child_weight': 3, 'clf__n_estimators': 300, 'clf__reg_alpha': 0.0, 'clf__reg_lambda': 10.0, 'clf__subsample': 1.0}",0.7985396942931189,0.8412499615230707,0.7814448857994041,0.8016759624583409,0.836282790604612,0.8118386589357094,0.023093135770826615,1017,1.0,1.0,1.0,1.0,1.0,1.0,0.0
10.443231010437012,0.2751432102798364,0.014728164672851563,0.000456305819921098,0.5,0.1,3,3,300,0.1,1.0,0.8,"{'clf__colsample_bytree': 0.5, 'clf__learning_rate': 0.1, 'clf__max_depth': 3, 'clf__min_child_weight': 3, 'clf__n_estimators': 300, 'clf__reg_alpha': 0.1, 'clf__reg_lambda': 1.0, 'clf__subsample': 0.8}",0.8065824707122047,0.8332174517900265,0.7958952669281204,0.8016290220393006,0.8356384219054706,0.8145925266750245,0.016562720263299042,731,1.0,1.0,1.0,1.0,1.0,1.0,0.0
10.791625356674194,0.3650106769222474,0.014154958724975585,0.0008843871713729468,0.5,0.1,3,3,300,0.1,1.0,1.0,"{'clf__colsample_bytree': 0.5, 'clf__learning_rate': 0.1, 'clf__max_depth': 3, 'clf__min_child_weight': 3, 'clf__n_estimators': 300, 'clf__reg_alpha': 0.1, 'clf__reg_lambda': 1.0, 'clf__subsample': 1.0}",0.8179050876419298,0.844871002120703,0.7936626380801364,0.8060865919993057,0.8318669530621337,0.8188784545808417,0.018136869706266205,276,1.0,1.0,1.0,1.0,1.0,1.0,0.0
11.767101955413818,0.19361167443535618,0.015013027191162109,0.001250670069467333,0.5,0.1,3,3,300,0.1,10.0,0.8,"{'clf__colsample_bytree': 0.5, 'clf__learning_rate': 0.1, 'clf__max_depth': 3, 'clf__min_child_weight': 3, 'clf__n_estimators': 300, 'clf__reg_alpha': 0.1, 'clf__reg_lambda': 10.0, 'clf__subsample': 0.8}",0.7878956927341294,0.8238795029128605,0.7953559243300922,0.790632899963886,0.8466696693918345,0.8088867378665606,0.022844003183613206,1179,1.0,1.0,1.0,1.0,1.0,1.0,0.0
12.151438522338868,0.31704791358033696,0.015746927261352538,0.001190669703661595,0.5,0.1,3,3,300,0.1,10.0,1.0,"{'clf__colsample_bytree': 0.5, 'clf__learning_rate': 0.1, 'clf__max_depth': 3, 'clf__min_child_weight': 3, 'clf__n_estimators': 300, 'clf__reg_alpha': 0.1, 'clf__reg_lambda': 10.0, 'clf__subsample': 1.0}",0.7957516097950041,0.8418857543638052,0.7861630362327324,0.7866042302430811,0.8405385431886521,0.810188634764655,0.025564450096399557,1122,1.0,1.0,1.0,1.0,1.0,1.0,0.0
15.254782915115356,0.23028068071429922,0.022020959854125978,0.0010004823761547447,0.5,0.1,3,3,600,0.0,1.0,0.8,"{'clf__colsample_bytree': 0.5, 'clf__learning_rate': 0.1, 'clf__max_depth': 3, 'clf__min_child_weight': 3, 'clf__n_estimators': 600, 'clf__reg_alpha': 0.0, 'clf__reg_lambda': 1.0, 'clf__subsample': 0.8}",0.8058689229116304,0.8313562802360882,0.7826527681722693,0.8003068130073642,0.8446384682178756,0.8129646505090454,0.02222999407747602,900,1.0,1.0,1.0,1.0,1.0,1.0,0.0
15.932594871520996,0.15529117325751596,0.021860027313232423,0.0007212163294642312,0.5,0.1,3,3,600,0.0,1.0,1.0,"{'clf__colsample_bytree': 0.5, 'clf__learning_rate': 0.1, 'clf__max_depth': 3, 'clf__min_child_weight': 3, 'clf__n_estimators': 600, 'clf__reg_alpha': 0.0, 'clf__reg_lambda': 1.0, 'clf__subsample': 1.0}",0.8092360017714988,0.8353910656416476,0.8004194659672906,0.8026567137460117,0.8228147022522742,0.8141035898757446,0.013198634304687727,775,1.0,1.0,1.0,1.0,1.0,1.0,0.0
20.380822944641114,0.6241009585902956,0.02393031120300293,0.0008669854075899963,0.5,0.1,3,3,600,0.0,10.0,0.8,"{'clf__colsample_bytree': 0.5, 'clf__learning_rate': 0.1, 'clf__max_depth': 3, 'clf__min_child_weight': 3, 'clf__n_estimators': 600, 'clf__reg_alpha': 0.0, 'clf__reg_lambda': 10.0, 'clf__subsample': 0.8}",0.8057993730407523,0.8315827101758557,0.7977659608066069,0.7977202264619415,0.8353873389079889,0.8136511218786291,0.016503252530839438,832,1.0,1.0,1.0,1.0,1.0,1.0,0.0
20.849564170837404,0.5021702271891262,0.02485795021057129,0.001333251483709689,0.5,0.1,3,3,600,0.0,10.0,1.0,"{'clf__colsample_bytree': 0.5, 'clf__learning_rate': 0.1, 'clf__max_depth': 3, 'clf__min_child_weight': 3, 'clf__n_estimators': 600, 'clf__reg_alpha': 0.0, 'clf__reg_lambda': 10.0, 'clf__subsample': 1.0}",0.8064479401599077,0.8386547137678447,0.789022404263719,0.8060865919993057,0.8331148090186395,0.8146652918418834,0.0185178491807116,723,1.0,1.0,1.0,1.0,1.0,1.0,0.0
16.057319116592407,0.7198259316629967,0.022916746139526368,0.0005483254419999214,0.5,0.1,3,3,600,0.1,1.0,0.8,"{'clf__colsample_bytree': 0.5, 'clf__learning_rate': 0.1, 'clf__max_depth': 3, 'clf__min_child_weight': 3, 'clf__n_estimators': 600, 'clf__reg_alpha': 0.1, 'clf__reg_lambda': 1.0, 'clf__subsample': 0.8}",0.799764060448992,0.824892262950631,0.7913926809716821,0.8081089597893392,0.8305451965997916,0.8109406321520872,0.014792183529681839,1077,1.0,1.0,1.0,1.0,1.0,1.0,0.0
16.566356086730956,0.36927011600200627,0.023132133483886718,0.0005229623224040216,0.5,0.1,3,3,600,0.1,1.0,1.0,"{'clf__colsample_bytree': 0.5, 'clf__learning_rate': 0.1, 'clf__max_depth': 3, 'clf__min_child_weight': 3, 'clf__n_estimators': 600, 'clf__reg_alpha': 0.1, 'clf__reg_lambda': 1.0, 'clf__subsample': 1.0}",0.8179050876419298,0.8422977112226666,0.7921082076891449,0.8039871968606135,0.8374746554756711,0.8187545717780053,0.019149656148154445,285,1.0,1.0,1.0,1.0,1.0,1.0,0.0
20.310110521316528,0.4468385905510143,0.025757551193237305,0.0008471020234992797,0.5,0.1,3,3,600,0.1,10.0,0.8,"{'clf__colsample_bytree': 0.5, 'clf__learning_rate': 0.1, 'clf__max_depth': 3, 'clf__min_child_weight': 3, 'clf__n_estimators': 600, 'clf__reg_alpha': 0.1, 'clf__reg_lambda': 10.0, 'clf__subsample': 0.8}",0.8020369160203691,0.8234341408653336,0.7957875354404026,0.8085220701026192,0.8487825910771116,0.8157126507011672,0.018915510848942947,595,1.0,1.0,1.0,1.0,1.0,1.0,0.0
20.905220699310302,0.4089734016178483,0.024394130706787108,0.0008797191024037433,0.5,0.1,3,3,600,0.1,10.0,1.0,"{'clf__colsample_bytree': 0.5, 'clf__learning_rate': 0.1, 'clf__max_depth': 3, 'clf__min_child_weight': 3, 'clf__n_estimators': 600, 'clf__reg_alpha': 0.1, 'clf__reg_lambda': 10.0, 'clf__subsample': 1.0}",0.8007304589519354,0.8446513220672884,0.7893737107381407,0.7983733584301508,0.8411407343081929,0.8148539168991416,0.023234473964757384,698,1.0,1.0,1.0,1.0,1.0,1.0,0.0
20.164697265625,0.4337242072987045,0.028208351135253905,0.0007452769164033852,0.5,0.1,3,3,1000,0.0,1.0,0.8,"{'clf__colsample_bytree': 0.5, 'clf__learning_rate': 0.1, 'clf__max_depth': 3, 'clf__min_child_weight': 3, 'clf__n_estimators': 1000, 'clf__reg_alpha': 0.0, 'clf__reg_lambda': 1.0, 'clf__subsample': 0.8}",0.8058689229116304,0.8302222568099422,0.7882573647667986,0.8189417475678092,0.8463845506099028,0.8179349685332167,0.019938502450368056,353,1.0,1.0,1.0,1.0,1.0,1.0,0.0
20.948925304412843,0.37921475678765704,0.029331731796264648,0.0006019744656571914,0.5,0.1,3,3,1000,0.0,1.0,1.0,"{'clf__colsample_bytree': 0.5, 'clf__learning_rate': 0.1, 'clf__max_depth': 3, 'clf__min_child_weight': 3, 'clf__n_estimators': 1000, 'clf__reg_alpha': 0.0, 'clf__reg_lambda': 1.0, 'clf__subsample': 1.0}",0.8096979934479934,0.8347119849340748,0.7970375225781687,0.7949283442671071,0.8196284367932614,0.8112008564041211,0.014774644153731491,1061,1.0,1.0,1.0,1.0,1.0,1.0,0.0
28.224722051620482,0.6006221966396301,0.03275704383850098,0.0014234168793267985,0.5,0.1,3,3,1000,0.0,10.0,0.8,"{'clf__colsample_bytree': 0.5, 'clf__learning_rate': 0.1, 'clf__max_depth': 3, 'clf__min_child_weight': 3, 'clf__n_estimators': 1000, 'clf__reg_alpha': 0.0, 'clf__reg_lambda': 10.0, 'clf__subsample': 0.8}",0.8057993730407523,0.8345744191396366,0.7961977981139964,0.8056290596311275,0.8421781958981909,0.8168757691647407,0.018056624948975857,469,1.0,1.0,1.0,1.0,1.0,1.0,0.0
29.34027690887451,0.5311245083538682,0.03383278846740723,0.0013711014070501468,0.5,0.1,3,3,1000,0.0,10.0,1.0,"{'clf__colsample_bytree': 0.5, 'clf__learning_rate': 0.1, 'clf__max_depth': 3, 'clf__min_child_weight': 3, 'clf__n_estimators': 1000, 'clf__reg_alpha': 0.0, 'clf__reg_lambda': 10.0, 'clf__subsample': 1.0}",0.7909801266944125,0.8325185622986768,0.7920714367817528,0.8033501663576229,0.8331148090186395,0.8104070202302209,0.01880404724377759,1115,1.0,1.0,1.0,1.0,1.0,1.0,0.0
21.005989694595335,0.8664248812987532,0.02932462692260742,0.0009986357424014766,0.5,0.1,3,3,1000,0.1,1.0,0.8,"{'clf__colsample_bytree': 0.5, 'clf__learning_rate': 0.1, 'clf__max_depth': 3, 'clf__min_child_weight': 3, 'clf__n_estimators': 1000, 'clf__reg_alpha': 0.1, 'clf__reg_lambda': 1.0, 'clf__subsample': 0.8}",0.8031578131779582,0.8313246588958164,0.791948510663827,0.8059189928934899,0.8274462120719197,0.8119592375406022,0.015028271628792646,1004,1.0,1.0,1.0,1.0,1.0,1.0,0.0
22.419373273849487,1.0316382396965973,0.029700565338134765,0.0013371273908905363,0.5,0.1,3,3,1000,0.1,1.0,1.0,"{'clf__colsample_bytree': 0.5, 'clf__learning_rate': 0.1, 'clf__max_depth': 3, 'clf__min_child_weight': 3, 'clf__n_estimators': 1000, 'clf__reg_alpha': 0.1, 'clf__reg_lambda': 1.0, 'clf__subsample': 1.0}",0.8184072279470133,0.8494623740759157,0.7952268184846466,0.8037110071085386,0.836237801332141,0.820609045789651,0.020057027342282385,153,1.0,1.0,1.0,1.0,1.0,1.0,0.0
29.972552967071532,1.0267916359301006,0.03139915466308594,0.001443364705903257,0.5,0.1,3,3,1000,0.1,10.0,0.8,"{'clf__colsample_bytree': 0.5, 'clf__learning_rate': 0.1, 'clf__max_depth': 3, 'clf__min_child_weight': 3, 'clf__n_estimators': 1000, 'clf__reg_alpha': 0.1, 'clf__reg_lambda': 10.0, 'clf__subsample': 0.8}",0.8020369160203691,0.8278912231091097,0.7977659608066069,0.8175305935423169,0.8407514350170285,0.8171952256990862,0.015979252274084876,435,1.0,1.0,1.0,1.0,1.0,1.0,0.0
30.002189493179323,0.46463745447386895,0.03473787307739258,0.0015020752811107318,0.5,0.1,3,3,1000,0.1,10.0,1.0,"{'clf__colsample_bytree': 0.5, 'clf__learning_rate': 0.1, 'clf__max_depth': 3, 'clf__min_child_weight': 3, 'clf__n_estimators': 1000, 'clf__reg_alpha': 0.1, 'clf__reg_lambda': 10.0, 'clf__subsample': 1.0}",0.7973715271683461,0.8489380986137973,0.8017842211136914,0.8025147887022103,0.8392323995645283,0.8179682070325146,0.021615979405680653,348,1.0,1.0,1.0,1.0,1.0,1.0,0.0
9.579140949249268,0.2946275281176362,0.01620616912841797,0.0003935974791177563,0.5,0.1,3,5,300,0.0,1.0,0.8,"{'clf__colsample_bytree': 0.5, 'clf__learning_rate': 0.1, 'clf__max_depth': 3, 'clf__min_child_weight': 5, 'clf__n_estimators': 300, 'clf__reg_alpha': 0.0, 'clf__reg_lambda': 1.0, 'clf__subsample': 0.8}",0.8179263529263529,0.8256562931666714,0.7810185599619655,0.7900361248630839,0.8428102990191999,0.8114895259874547,0.022855410943525944,1040,1.0,1.0,1.0,1.0,1.0,1.0,0.0
9.918669891357421,0.14678443612688705,0.015508937835693359,0.0006191502248517794,0.5,0.1,3,5,300,0.0,1.0,1.0,"{'clf__colsample_bytree': 0.5, 'clf__learning_rate': 0.1, 'clf__max_depth': 3, 'clf__min_child_weight': 5, 'clf__n_estimators': 300, 'clf__reg_alpha': 0.0, 'clf__reg_lambda': 1.0, 'clf__subsample': 1.0}",0.8074402585849363,0.8465420489496687,0.7919545234639574,0.8000821925014138,0.8204917227705603,0.8133021492541073,0.019086283267080235,869,1.0,1.0,1.0,1.0,1.0,1.0,0.0
10.983752012252808,0.3047811338849593,0.014666748046875,0.0011667296019914329,0.5,0.1,3,5,300,0.0,10.0,0.8,"{'clf__colsample_bytree': 0.5, 'clf__learning_rate': 0.1, 'clf__max_depth': 3, 'clf__min_child_weight': 5, 'clf__n_estimators': 300, 'clf__reg_alpha': 0.0, 'clf__reg_lambda': 10.0, 'clf__subsample': 0.8}",0.8014054336468129,0.8208812902842753,0.7861657338240563,0.7939746550203988,0.8590841746094013,0.8123022574769889,0.026076453840756048,963,1.0,1.0,1.0,1.0,1.0,1.0,0.0
11.018701553344727,0.26980674398981785,0.015438222885131836,0.0006652995258481238,0.5,0.1,3,5,300,0.0,10.0,1.0,"{'clf__colsample_bytree': 0.5, 'clf__learning_rate': 0.1, 'clf__max_depth': 3, 'clf__min_child_weight': 5, 'clf__n_estimators': 300, 'clf__reg_alpha': 0.0, 'clf__reg_lambda': 10.0, 'clf__subsample': 1.0}",0.796308498109465,0.8343092092588467,0.7872689458923636,0.8016492237119133,0.8446887102150764,0.812844917437533,0.022484083279157872,912,1.0,1.0,1.0,1.0,1.0,1.0,0.0
9.572981357574463,0.28890540387343855,0.014804983139038086,0.0010054387278095095,0.5,0.1,3,5,300,0.1,1.0,0.8,"{'clf__colsample_bytree': 0.5, 'clf__learning_rate': 0.1, 'clf__max_depth': 3, 'clf__min_child_weight': 5, 'clf__n_estimators': 300, 'clf__reg_alpha': 0.1, 'clf__reg_lambda': 1.0, 'clf__subsample': 0.8}",0.8184284932314364,0.831722355229818,0.7858707912290293,0.7940564687046044,0.8443923279939376,0.814894087277765,0.02210152435645012,692,1.0,1.0,1.0,1.0,1.0,1.0,0.0
9.729559755325317,0.16452217429518726,0.015093994140625,0.0005282055526114662,0.5,0.1,3,5,300,0.1,1.0,1.0,"{'clf__colsample_bytree': 0.5, 'clf__learning_rate': 0.1, 'clf__max_depth': 3, 'clf__min_child_weight': 5, 'clf__n_estimators': 300, 'clf__reg_alpha': 0.1, 'clf__reg_lambda': 1.0, 'clf__subsample': 1.0}",0.8183105822231804,0.8430053124928901,0.7736062077637847,0.8031122650717459,0.8153674702970477,0.8106803675697298,0.022613538744107493,1101,1.0,1.0,1.0,1.0,1.0,1.0,0.0
10.96506209373474,0.12320157228912113,0.015722227096557618,0.0008405041475215105,0.5,0.1,3,5,300,0.1,10.0,0.8,"{'clf__colsample_bytree': 0.5, 'clf__learning_rate': 0.1, 'clf__max_depth': 3, 'clf__min_child_weight': 5, 'clf__n_estimators': 300, 'clf__reg_alpha': 0.1, 'clf__reg_lambda': 10.0, 'clf__subsample': 0.8}",0.7940101880701924,0.8282332163634685,0.7860583888271591,0.7959890805547759,0.8453141542581701,0.8099210056147532,0.022824062583883115,1133,1.0,1.0,1.0,1.0,1.0,1.0,0.0
11.174993801116944,0.22577919255937012,0.015323829650878907,0.0006870283178976181,0.5,0.1,3,5,300,0.1,10.0,1.0,"{'clf__colsample_bytree': 0.5, 'clf__learning_rate': 0.1, 'clf__max_depth': 3, 'clf__min_child_weight': 5, 'clf__n_estimators': 300, 'clf__reg_alpha': 0.1, 'clf__reg_lambda': 10.0, 'clf__subsample': 1.0}",0.8127717100662306,0.8418857543638052,0.7826006854869334,0.8068550899407094,0.8256343211458645,0.8139495122007088,0.01975568458789232,796,1.0,1.0,1.0,1.0,1.0,1.0,0.0
13.98967204093933,0.37175666281621333,0.020794439315795898,0.0014788381454934009,0.5,0.1,3,5,600,0.0,1.0,0.8,"{'clf__colsample_bytree': 0.5, 'clf__learning_rate': 0.1, 'clf__max_depth': 3, 'clf__min_child_weight': 5, 'clf__n_estimators': 600, 'clf__reg_alpha': 0.0, 'clf__reg_lambda': 1.0, 'clf__subsample': 0.8}",0.8031578131779582,0.8221267189608967,0.783389355742297,0.8015470077065991,0.8367393367459183,0.8093920464667338,0.01836625379278624,1160,1.0,1.0,1.0,1.0,1.0,1.0,0.0
14.797045755386353,0.29721842812420324,0.02222132682800293,0.0008382668808830947,0.5,0.1,3,5,600,0.0,1.0,1.0,"{'clf__colsample_bytree': 0.5, 'clf__learning_rate': 0.1, 'clf__max_depth': 3, 'clf__min_child_weight': 5, 'clf__n_estimators': 600, 'clf__reg_alpha': 0.0, 'clf__reg_lambda': 1.0, 'clf__subsample': 1.0}",0.8074402585849363,0.8357222558068892,0.7851370851370851,0.7992520486571276,0.8270116399816465,0.810912657633537,0.018369000454794646,1081,1.0,1.0,1.0,1.0,1.0,1.0,0.0
18.119884490966797,0.5599110324937931,0.023300361633300782,0.0006671734948647033,0.5,0.1,3,5,600,0.0,10.0,0.8,"{'clf__colsample_bytree': 0.5, 'clf__learning_rate': 0.1, 'clf__max_depth': 3, 'clf__min_child_weight': 5, 'clf__n_estimators': 600, 'clf__reg_alpha': 0.0, 'clf__reg_lambda': 10.0, 'clf__subsample': 0.8}",0.7951876009518759,0.819374165808493,0.7955815224379581,0.7991168305216414,0.8404741498918986,0.8099468539223734,0.017676412036235392,1131,1.0,1.0,1.0,1.0,1.0,1.0,0.0
18.128298377990724,0.5522304639022099,0.023995113372802735,0.001388871136429195,0.5,0.1,3,5,600,0.0,10.0,1.0,"{'clf__colsample_bytree': 0.5, 'clf__learning_rate': 0.1, 'clf__max_depth': 3, 'clf__min_child_weight': 5, 'clf__n_estimators': 600, 'clf__reg_alpha': 0.0, 'clf__reg_lambda': 10.0, 'clf__subsample': 1.0}",0.8020367877217193,0.8354114192095937,0.7799989101450382,0.8054538852039264,0.8362091396975118,0.8118220283955578,0.021448569157740256,1019,1.0,1.0,1.0,1.0,1.0,1.0,0.0
14.603962612152099,0.3310167172070956,0.021986961364746094,0.0004794062784260272,0.5,0.1,3,5,600,0.1,1.0,0.8,"{'clf__colsample_bytree': 0.5, 'clf__learning_rate': 0.1, 'clf__max_depth': 3, 'clf__min_child_weight': 5, 'clf__n_estimators': 600, 'clf__reg_alpha': 0.1, 'clf__reg_lambda': 1.0, 'clf__subsample': 0.8}",0.816983872350582,0.8360386645318152,0.7802897931227565,0.8036552692755184,0.8424151754460284,0.8158765549453401,0.02248471762479226,577,1.0,1.0,1.0,1.0,1.0,1.0,0.0
15.539287281036376,0.31912090379822367,0.02150125503540039,0.0013401000597418947,0.5,0.1,3,5,600,0.1,1.0,1.0,"{'clf__colsample_bytree': 0.5, 'clf__learning_rate': 0.1, 'clf__max_depth': 3, 'clf__min_child_weight': 5, 'clf__n_estimators': 600, 'clf__reg_alpha': 0.1, 'clf__reg_lambda': 1.0, 'clf__subsample': 1.0}",0.8031578131779582,0.8362752504056853,0.7937480488939582,0.7995416352284722,0.8295582381446867,0.812456197170152,0.01710595083278128,942,1.0,1.0,1.0,1.0,1.0,1.0,0.0
18.278079891204833,0.38877384857667363,0.02262396812438965,0.001302409278333247,0.5,0.1,3,5,600,0.1,10.0,0.8,"{'clf__colsample_bytree': 0.5, 'clf__learning_rate': 0.1, 'clf__max_depth': 3, 'clf__min_child_weight': 5, 'clf__n_estimators': 600, 'clf__reg_alpha': 0.1, 'clf__reg_lambda': 10.0, 'clf__subsample': 0.8}",0.7925003990474528,0.8369463320699176,0.7805253941300777,0.8044563077389065,0.8343083929556931,0.8097473651884096,0.022460652737362207,1144,1.0,1.0,1.0,1.0,1.0,1.0,0.0
19.416066217422486,0.5730684572754761,0.02356405258178711,0.0008889435925687653,0.5,0.1,3,5,600,0.1,10.0,1.0,"{'clf__colsample_bytree': 0.5, 'clf__learning_rate': 0.1, 'clf__max_depth': 3, 'clf__min_child_weight': 5, 'clf__n_estimators': 600, 'clf__reg_alpha': 0.1, 'clf__reg_lambda': 10.0, 'clf__subsample': 1.0}",0.8008098258805473,0.8373312246759451,0.7856082308763854,0.8107937856535987,0.8279553091003078,0.8124996752373569,0.018537501895901434,940,1.0,1.0,1.0,1.0,1.0,1.0,0.0
18.665298414230346,0.8271687531812786,0.027908992767333985,0.001760645685274427,0.5,0.1,3,5,1000,0.0,1.0,0.8,"{'clf__colsample_bytree': 0.5, 'clf__learning_rate': 0.1, 'clf__max_depth': 3, 'clf__min_child_weight': 5, 'clf__n_estimators': 1000, 'clf__reg_alpha': 0.0, 'clf__reg_lambda': 1.0, 'clf__subsample': 0.8}",0.8023761899527684,0.817315417482346,0.7802897931227565,0.793516378656261,0.8370721415874893,0.8061139841603243,0.019613460849486376,1250,1.0,1.0,1.0,1.0,1.0,1.0,0.0
18.951582384109496,0.613994257856534,0.03148961067199707,0.0012301627493499275,0.5,0.1,3,5,1000,0.0,1.0,1.0,"{'clf__colsample_bytree': 0.5, 'clf__learning_rate': 0.1, 'clf__max_depth': 3, 'clf__min_child_weight': 5, 'clf__n_estimators': 1000, 'clf__reg_alpha': 0.0, 'clf__reg_lambda': 1.0, 'clf__subsample': 1.0}",0.811019046313164,0.8430937730875998,0.790780134897782,0.8018752794720528,0.8270116399816465,0.8147559747504491,0.01848215348111379,712,1.0,1.0,1.0,1.0,1.0,1.0,0.0
25.564871788024902,0.48076971158727044,0.034936952590942386,0.0033369526528741335,0.5,0.1,3,5,1000,0.0,10.0,0.8,"{'clf__colsample_bytree': 0.5, 'clf__learning_rate': 0.1, 'clf__max_depth': 3, 'clf__min_child_weight': 5, 'clf__n_estimators': 1000, 'clf__reg_alpha': 0.0, 'clf__reg_lambda': 10.0, 'clf__subsample': 0.8}",0.7985350749480205,0.823893593668924,0.7909671907040328,0.7933503952347657,0.8547917615952039,0.8123076032301894,0.024263595625881675,962,1.0,1.0,1.0,1.0,1.0,1.0,0.0
26.97424054145813,0.19775734170397075,0.03895549774169922,0.0018845613002335367,0.5,0.1,3,5,1000,0.0,10.0,1.0,"{'clf__colsample_bytree': 0.5, 'clf__learning_rate': 0.1, 'clf__max_depth': 3, 'clf__min_child_weight': 5, 'clf__n_estimators': 1000, 'clf__reg_alpha': 0.0, 'clf__reg_lambda': 10.0, 'clf__subsample': 1.0}",0.8020367877217193,0.8429846688108948,0.7863710866428257,0.8080157642939108,0.8362091396975118,0.8151234894333724,0.02130414113709275,662,1.0,1.0,1.0,1.0,1.0,1.0,0.0
20.556909561157227,0.6802647026984707,0.031989336013793945,0.001505007705091476,0.5,0.1,3,5,1000,0.1,1.0,0.8,"{'clf__colsample_bytree': 0.5, 'clf__learning_rate': 0.1, 'clf__max_depth': 3, 'clf__min_child_weight': 5, 'clf__n_estimators': 1000, 'clf__reg_alpha': 0.1, 'clf__reg_lambda': 1.0, 'clf__subsample': 0.8}",0.8081675710030558,0.8290321490347337,0.7825359272652014,0.810847933975015,0.8367825342517177,0.8134732231059447,0.01885503923805802,848,1.0,1.0,1.0,1.0,1.0,1.0,0.0
21.657806301116942,1.1476984316252807,0.03400301933288574,0.0024931337359675406,0.5,0.1,3,5,1000,0.1,1.0,1.0,"{'clf__colsample_bytree': 0.5, 'clf__learning_rate': 0.1, 'clf__max_depth': 3, 'clf__min_child_weight': 5, 'clf__n_estimators': 1000, 'clf__reg_alpha': 0.1, 'clf__reg_lambda': 1.0, 'clf__subsample': 1.0}",0.8074135290975509,0.8343788950712316,0.7952268184846466,0.7995416352284722,0.826483679972052,0.8126089115707906,0.015273010508103833,929,1.0,1.0,1.0,1.0,1.0,1.0,0.0
26.727177095413207,0.9252598072640634,0.03843855857849121,0.0023916188481541566,0.5,0.1,3,5,1000,0.1,10.0,0.8,"{'clf__colsample_bytree': 0.5, 'clf__learning_rate': 0.1, 'clf__max_depth': 3, 'clf__min_child_weight': 5, 'clf__n_estimators': 1000, 'clf__reg_alpha': 0.1, 'clf__reg_lambda': 10.0, 'clf__subsample': 0.8}",0.7925003990474528,0.823893593668924,0.7853394850763272,0.8035590509654844,0.8396288179738884,0.8089842693464153,0.020107725430928914,1174,1.0,1.0,1.0,1.0,1.0,1.0,0.0
29.796747255325318,0.9850327097916175,0.04353113174438476,0.002124830734330967,0.5,0.1,3,5,1000,0.1,10.0,1.0,"{'clf__colsample_bytree': 0.5, 'clf__learning_rate': 0.1, 'clf__max_depth': 3, 'clf__min_child_weight': 5, 'clf__n_estimators': 1000, 'clf__reg_alpha': 0.1, 'clf__reg_lambda': 10.0, 'clf__subsample': 1.0}",0.7974508940969578,0.8278223803405109,0.7865544578520243,0.8146081408945723,0.8215276825320263,0.8095927111432182,0.01534994301343968,1152,1.0,1.0,1.0,1.0,1.0,1.0,0.0
21.85638542175293,0.32373075408889906,0.02204413414001465,0.002421520607633845,0.5,0.1,5,1,300,0.0,1.0,0.8,"{'clf__colsample_bytree': 0.5, 'clf__learning_rate': 0.1, 'clf__max_depth': 5, 'clf__min_child_weight': 1, 'clf__n_estimators': 300, 'clf__reg_alpha': 0.0, 'clf__reg_lambda': 1.0, 'clf__subsample': 0.8}",0.8218738071679248,0.8358488683711196,0.785898874200761,0.7952864079407889,0.8553729208531798,0.8188561757067548,0.025585339766391636,277,1.0,1.0,1.0,1.0,1.0,1.0,0.0
22.513382053375246,0.49097632900676197,0.0229550838470459,0.0011883933798317735,0.5,0.1,5,1,300,0.0,1.0,1.0,"{'clf__colsample_bytree': 0.5, 'clf__learning_rate': 0.1, 'clf__max_depth': 5, 'clf__min_child_weight': 1, 'clf__n_estimators': 300, 'clf__reg_alpha': 0.0, 'clf__reg_lambda': 1.0, 'clf__subsample': 1.0}",0.8361069330862101,0.8384791119865745,0.7852273312244349,0.79393864013267,0.8490552988548178,0.8205614630569416,0.025814252004994747,157,1.0,1.0,1.0,1.0,1.0,1.0,0.0
33.71594004631042,0.4028946477874222,0.029178333282470704,0.0014484073646039727,0.5,0.1,5,1,300,0.0,10.0,0.8,"{'clf__colsample_bytree': 0.5, 'clf__learning_rate': 0.1, 'clf__max_depth': 5, 'clf__min_child_weight': 1, 'clf__n_estimators': 300, 'clf__reg_alpha': 0.0, 'clf__reg_lambda': 10.0, 'clf__subsample': 0.8}",0.8288143369462866,0.8298670379903821,0.7767369332772176,0.79393864013267,0.8392594165958651,0.8137232729884843,0.02408267847490534,818,1.0,1.0,1.0,1.0,1.0,1.0,0.0
35.56202688217163,1.1137913718560084,0.027618217468261718,0.0010951086067643937,0.5,0.1,5,1,300,0.0,10.0,1.0,"{'clf__colsample_bytree': 0.5, 'clf__learning_rate': 0.1, 'clf__max_depth': 5, 'clf__min_child_weight': 1, 'clf__n_estimators': 300, 'clf__reg_alpha': 0.0, 'clf__reg_lambda': 10.0, 'clf__subsample': 1.0}",0.8292922737120005,0.8299107743137595,0.7737896940608057,0.8048247386734066,0.8345521811219221,0.8144739323763789,0.0228443848158028,745,1.0,1.0,1.0,1.0,1.0,1.0,0.0
25.470152711868288,0.6215763747687794,0.026760673522949217,0.0009356473469333176,0.5,0.1,5,1,300,0.1,1.0,0.8,"{'clf__colsample_bytree': 0.5, 'clf__learning_rate': 0.1, 'clf__max_depth': 5, 'clf__min_child_weight': 1, 'clf__n_estimators': 300, 'clf__reg_alpha': 0.1, 'clf__reg_lambda': 1.0, 'clf__subsample': 0.8}",0.8206396544631839,0.825369537869538,0.7827697025189577,0.7946316262770926,0.8507625802605358,0.8148346202778617,0.02396589717307986,704,1.0,1.0,1.0,1.0,1.0,1.0,0.0
26.712520360946655,0.6207934758396245,0.024708938598632813,0.0018415363843465413,0.5,0.1,5,1,300,0.1,1.0,1.0,"{'clf__colsample_bytree': 0.5, 'clf__learning_rate': 0.1, 'clf__max_depth': 5, 'clf__min_child_weight': 1, 'clf__n_estimators': 300, 'clf__reg_alpha': 0.1, 'clf__reg_lambda': 1.0, 'clf__subsample': 1.0}",0.8317243210807567,0.8273283974163139,0.7863737960156283,0.8180058660071614,0.8353914576284962,0.8197647676296713,0.01767757661482831,205,1.0,1.0,1.0,1.0,1.0,1.0,0.0
36.32145490646362,1.2108863512728099,0.029436635971069335,0.0011848133640838957,0.5,0.1,5,1,300,0.1,10.0,0.8,"{'clf__colsample_bytree': 0.5, 'clf__learning_rate': 0.1, 'clf__max_depth': 5, 'clf__min_child_weight': 1, 'clf__n_estimators': 300, 'clf__reg_alpha': 0.1, 'clf__reg_lambda': 10.0, 'clf__subsample': 0.8}",0.8211235740233255,0.8268886237228015,0.7853976247897372,0.7935481519650477,0.8266570776938076,0.8107230104389439,0.01766207347328125,1098,1.0,1.0,1.0,1.0,1.0,1.0,0.0
37.564967203140256,1.5585180353402697,0.028745031356811522,0.001806976877928833,0.5,0.1,5,1,300,0.1,10.0,1.0,"{'clf__colsample_bytree': 0.5, 'clf__learning_rate': 0.1, 'clf__max_depth': 5, 'clf__min_child_weight': 1, 'clf__n_estimators': 300, 'clf__reg_alpha': 0.1, 'clf__reg_lambda': 10.0, 'clf__subsample': 1.0}",0.8287642071026164,0.8288329120543887,0.7919668278910916,0.7871331122403599,0.8430220855235653,0.8159438289624044,0.02222015533435257,563,1.0,1.0,1.0,1.0,1.0,1.0,0.0
32.25076518058777,0.6714154901837384,0.03045792579650879,0.002014936432790689,0.5,0.1,5,1,600,0.0,1.0,0.8,"{'clf__colsample_bytree': 0.5, 'clf__learning_rate': 0.1, 'clf__max_depth': 5, 'clf__min_child_weight': 1, 'clf__n_estimators': 600, 'clf__reg_alpha': 0.0, 'clf__reg_lambda': 1.0, 'clf__subsample': 0.8}",0.8218738071679248,0.8354824437339654,0.7972818450690387,0.7992828481174763,0.8553729208531798,0.821858772988317,0.022011363008426037,90,1.0,1.0,1.0,1.0,1.0,1.0,0.0
33.059872484207155,1.090483785748482,0.03166341781616211,0.0038518065439634317,0.5,0.1,5,1,600,0.0,1.0,1.0,"{'clf__colsample_bytree': 0.5, 'clf__learning_rate': 0.1, 'clf__max_depth': 5, 'clf__min_child_weight': 1, 'clf__n_estimators': 600, 'clf__reg_alpha': 0.0, 'clf__reg_lambda': 1.0, 'clf__subsample': 1.0}",0.8379780341172223,0.841181616159667,0.7898115726437409,0.8063802389279551,0.846031746031746,0.8242766415760663,0.0221581276166098,30,1.0,1.0,1.0,1.0,1.0,1.0,0.0
53.35615639686584,1.4347126638658096,0.038686943054199216,0.0012247357070639205,0.5,0.1,5,1,600,0.0,10.0,0.8,"{'clf__colsample_bytree': 0.5, 'clf__learning_rate': 0.1, 'clf__max_depth': 5, 'clf__min_child_weight': 1, 'clf__n_estimators': 600, 'clf__reg_alpha': 0.0, 'clf__reg_lambda': 10.0, 'clf__subsample': 0.8}",0.8276018016780238,0.8298670379903821,0.7905718656662053,0.7895653295204297,0.8329869385842568,0.8141185946878595,0.019713629886890082,772,1.0,1.0,1.0,1.0,1.0,1.0,0.0
55.83571047782898,1.604972469570272,0.03739032745361328,0.0018890983576453529,0.5,0.1,5,1,600,0.0,10.0,1.0,"{'clf__colsample_bytree': 0.5, 'clf__learning_rate': 0.1, 'clf__max_depth': 5, 'clf__min_child_weight': 1, 'clf__n_estimators': 600, 'clf__reg_alpha': 0.0, 'clf__reg_lambda': 10.0, 'clf__subsample': 1.0}",0.8235567728058342,0.8328881080877282,0.785124006020726,0.8055108777452548,0.8376319129765338,0.8169423355272153,0.019334742706847766,465,1.0,1.0,1.0,1.0,1.0,1.0,0.0
35.56913161277771,1.5448957686898295,0.033838653564453126,7.728493342651867e-05,0.5,0.1,5,1,600,0.1,1.0,0.8,"{'clf__colsample_bytree': 0.5, 'clf__learning_rate': 0.1, 'clf__max_depth': 5, 'clf__min_child_weight': 1, 'clf__n_estimators': 600, 'clf__reg_alpha': 0.1, 'clf__reg_lambda': 1.0, 'clf__subsample': 0.8}",0.8206396544631839,0.827997071450582,0.7827697025189577,0.8046087131291153,0.8496585840183342,0.8171347451160346,0.02247635312905056,439,1.0,1.0,1.0,1.0,1.0,1.0,0.0
37.25737557411194,0.4314105107416825,0.03265962600708008,0.0016522222479352301,0.5,0.1,5,1,600,0.1,1.0,1.0,"{'clf__colsample_bytree': 0.5, 'clf__learning_rate': 0.1, 'clf__max_depth': 5, 'clf__min_child_weight': 1, 'clf__n_estimators': 600, 'clf__reg_alpha': 0.1, 'clf__reg_lambda': 1.0, 'clf__subsample': 1.0}",0.8253167696666148,0.8285079142222,0.7878704030319607,0.8158290137535421,0.8317397779354301,0.8178527757219495,0.015906792870776294,358,1.0,1.0,1.0,1.0,1.0,1.0,0.0
54.40031514167786,1.0597736558941606,0.040582895278930664,0.00207642406990163,0.5,0.1,5,1,600,0.1,10.0,0.8,"{'clf__colsample_bytree': 0.5, 'clf__learning_rate': 0.1, 'clf__max_depth': 5, 'clf__min_child_weight': 1, 'clf__n_estimators': 600, 'clf__reg_alpha': 0.1, 'clf__reg_lambda': 10.0, 'clf__subsample': 0.8}",0.8253703106644283,0.8268886237228015,0.7792733623237138,0.7980378310606956,0.8204631951795025,0.8100066645902284,0.018537367887994195,1130,1.0,1.0,1.0,1.0,1.0,1.0,0.0
56.22360892295838,1.162375645876296,0.041382884979248045,0.0016842542689069222,0.5,0.1,5,1,600,0.1,10.0,1.0,"{'clf__colsample_bytree': 0.5, 'clf__learning_rate': 0.1, 'clf__max_depth': 5, 'clf__min_child_weight': 1, 'clf__n_estimators': 600, 'clf__reg_alpha': 0.1, 'clf__reg_lambda': 10.0, 'clf__subsample': 1.0}",0.8249254054142285,0.8314933079638962,0.7842412947728937,0.7884057257296694,0.8430220855235653,0.8144175638808505,0.02369572691169385,747,1.0,1.0,1.0,1.0,1.0,1.0,0.0
38.57844443321228,1.0386331056866496,0.04032735824584961,0.002874878047881906,0.5,0.1,5,1,1000,0.0,1.0,0.8,"{'clf__colsample_bytree': 0.5, 'clf__learning_rate': 0.1, 'clf__max_depth': 5, 'clf__min_child_weight': 1, 'clf__n_estimators': 1000, 'clf__reg_alpha': 0.0, 'clf__reg_lambda': 1.0, 'clf__subsample': 0.8}",0.8116205469146646,0.8354824437339654,0.7975347205734494,0.8030488803788164,0.8553729208531798,0.8206119024908152,0.021685580188242192,151,1.0,1.0,1.0,1.0,1.0,1.0,0.0
39.12922482490539,0.8046462239769973,0.04250621795654297,0.00238988220154667,0.5,0.1,5,1,1000,0.0,1.0,1.0,"{'clf__colsample_bytree': 0.5, 'clf__learning_rate': 0.1, 'clf__max_depth': 5, 'clf__min_child_weight': 1, 'clf__n_estimators': 1000, 'clf__reg_alpha': 0.0, 'clf__reg_lambda': 1.0, 'clf__subsample': 1.0}",0.82936700069053,0.841181616159667,0.7952916119054256,0.8122889148256693,0.8407847087720861,0.8237827704706756,0.017702113989244896,41,1.0,1.0,1.0,1.0,1.0,1.0,0.0
68.87159113883972,0.8133031523517226,0.05008111000061035,0.0050216333317450405,0.5,0.1,5,1,1000,0.0,10.0,0.8,"{'clf__colsample_bytree': 0.5, 'clf__learning_rate': 0.1, 'clf__max_depth': 5, 'clf__min_child_weight': 1, 'clf__n_estimators': 1000, 'clf__reg_alpha': 0.0, 'clf__reg_lambda': 10.0, 'clf__subsample': 0.8}",0.82764504660402,0.8298670379903821,0.7905718656662053,0.8005977667192621,0.8281522804887291,0.8153667994937198,0.016476612913091437,631,1.0,1.0,1.0,1.0,1.0,1.0,0.0
70.56166234016419,1.7469139310585815,0.05253891944885254,0.0019084497098885269,0.5,0.1,5,1,1000,0.0,10.0,1.0,"{'clf__colsample_bytree': 0.5, 'clf__learning_rate': 0.1, 'clf__max_depth': 5, 'clf__min_child_weight': 1, 'clf__n_estimators': 1000, 'clf__reg_alpha': 0.0, 'clf__reg_lambda': 10.0, 'clf__subsample': 1.0}",0.8211616809454224,0.8344613440251025,0.7816569704804999,0.8083763173602018,0.8285944032095358,0.8148501432041524,0.018745861014713226,699,1.0,1.0,1.0,1.0,1.0,1.0,0.0
43.79858269691467,1.6621176369547233,0.044501447677612306,0.0018951273722198892,0.5,0.1,5,1,1000,0.1,1.0,0.8,"{'clf__colsample_bytree': 0.5, 'clf__learning_rate': 0.1, 'clf__max_depth': 5, 'clf__min_child_weight': 1, 'clf__n_estimators': 1000, 'clf__reg_alpha': 0.1, 'clf__reg_lambda': 1.0, 'clf__subsample': 0.8}",0.8206396544631839,0.830931105931106,0.795695606941883,0.7910229087386866,0.8542908829121518,0.8185160317974024,0.02330290718928675,301,1.0,1.0,1.0,1.0,1.0,1.0,0.0
42.88628945350647,1.6761838848790416,0.04258441925048828,0.002413952431591667,0.5,0.1,5,1,1000,0.1,1.0,1.0,"{'clf__colsample_bytree': 0.5, 'clf__learning_rate': 0.1, 'clf__max_depth': 5, 'clf__min_child_weight': 1, 'clf__n_estimators': 1000, 'clf__reg_alpha': 0.1, 'clf__reg_lambda': 1.0, 'clf__subsample': 1.0}",0.8253167696666148,0.8285079142222,0.7821577514344626,0.8158290137535421,0.8389861547470243,0.8181595207647689,0.019460846846247836,334,1.0,1.0,1.0,1.0,1.0,1.0,0.0
71.33709778785706,1.5548975209574707,0.05461592674255371,0.0018731750944955047,0.5,0.1,5,1,1000,0.1,10.0,0.8,"{'clf__colsample_bytree': 0.5, 'clf__learning_rate': 0.1, 'clf__max_depth': 5, 'clf__min_child_weight': 1, 'clf__n_estimators': 1000, 'clf__reg_alpha': 0.1, 'clf__reg_lambda': 10.0, 'clf__subsample': 0.8}",0.830802824626354,0.8303562605860535,0.7899278465624706,0.7939018644081376,0.8260186116700201,0.8142014815706071,0.01831671287938975,760,1.0,1.0,1.0,1.0,1.0,1.0,0.0
76.78731875419616,1.1826455416894677,0.05313010215759277,0.0021306751247048084,0.5,0.1,5,1,1000,0.1,10.0,1.0,"{'clf__colsample_bytree': 0.5, 'clf__learning_rate': 0.1, 'clf__max_depth': 5, 'clf__min_child_weight': 1, 'clf__n_estimators': 1000, 'clf__reg_alpha': 0.1, 'clf__reg_lambda': 10.0, 'clf__subsample': 1.0}",0.8292330943355906,0.8314933079638962,0.7906773542102139,0.7884057257296694,0.8459190263833545,0.8171457017245448,0.02326552263405963,437,1.0,1.0,1.0,1.0,1.0,1.0,0.0
18.705975389480592,0.6098202201527995,0.0215362548828125,0.0006729086138646281,0.5,0.1,5,3,300,0.0,1.0,0.8,"{'clf__colsample_bytree': 0.5, 'clf__learning_rate': 0.1, 'clf__max_depth': 5, 'clf__min_child_weight': 3, 'clf__n_estimators': 300, 'clf__reg_alpha': 0.0, 'clf__reg_lambda': 1.0, 'clf__subsample': 0.8}",0.825211543015288,0.8288329120543887,0.7839094380245917,0.8066593391239478,0.8445711174584414,0.8178368699353313,0.020813584828397725,363,1.0,1.0,1.0,1.0,1.0,1.0,0.0
19.21924138069153,0.5239499782233501,0.02153172492980957,0.0003507909391566678,0.5,0.1,5,3,300,0.0,1.0,1.0,"{'clf__colsample_bytree': 0.5, 'clf__learning_rate': 0.1, 'clf__max_depth': 5, 'clf__min_child_weight': 3, 'clf__n_estimators': 300, 'clf__reg_alpha': 0.0, 'clf__reg_lambda': 1.0, 'clf__subsample': 1.0}",0.8213165484995062,0.831796240289391,0.801594920028154,0.8146638330043675,0.8193930444839121,0.8177529172610661,0.00983084658320295,374,1.0,1.0,1.0,1.0,1.0,1.0,0.0
25.11188750267029,0.45737231426296227,0.02412443161010742,0.0007991954277159521,0.5,0.1,5,3,300,0.0,10.0,0.8,"{'clf__colsample_bytree': 0.5, 'clf__learning_rate': 0.1, 'clf__max_depth': 5, 'clf__min_child_weight': 3, 'clf__n_estimators': 300, 'clf__reg_alpha': 0.0, 'clf__reg_lambda': 10.0, 'clf__subsample': 0.8}",0.8203465732463247,0.8268886237228015,0.7915889281292124,0.8000886033511908,0.8428102990191999,0.816344605493746,0.018464702367090698,527,1.0,1.0,1.0,1.0,1.0,1.0,0.0
26.271495294570922,0.914905062142007,0.024180507659912108,0.0018274720764796962,0.5,0.1,5,3,300,0.0,10.0,1.0,"{'clf__colsample_bytree': 0.5, 'clf__learning_rate': 0.1, 'clf__max_depth': 5, 'clf__min_child_weight': 3, 'clf__n_estimators': 300, 'clf__reg_alpha': 0.0, 'clf__reg_lambda': 10.0, 'clf__subsample': 1.0}",0.8148451548451547,0.8299107743137595,0.7730083532916642,0.8021082597512889,0.8170432042443565,0.8073831492892449,0.019318090678999675,1223,1.0,1.0,1.0,1.0,1.0,1.0,0.0
18.88928575515747,0.1768971461866456,0.022701501846313477,0.00217124826214667,0.5,0.1,5,3,300,0.1,1.0,0.8,"{'clf__colsample_bytree': 0.5, 'clf__learning_rate': 0.1, 'clf__max_depth': 5, 'clf__min_child_weight': 3, 'clf__n_estimators': 300, 'clf__reg_alpha': 0.1, 'clf__reg_lambda': 1.0, 'clf__subsample': 0.8}",0.8206478293704622,0.8327532303243879,0.7848393723393724,0.7998139601658043,0.8480867440799447,0.8172282272559943,0.022615313752267014,432,1.0,1.0,1.0,1.0,1.0,1.0,0.0
20.011732053756713,0.17128115752582612,0.022690963745117188,0.0010253086298561164,0.5,0.1,5,3,300,0.1,1.0,1.0,"{'clf__colsample_bytree': 0.5, 'clf__learning_rate': 0.1, 'clf__max_depth': 5, 'clf__min_child_weight': 3, 'clf__n_estimators': 300, 'clf__reg_alpha': 0.1, 'clf__reg_lambda': 1.0, 'clf__subsample': 1.0}",0.8166226920482239,0.8382566198239043,0.779569133528915,0.7993821586515544,0.8210243245126966,0.8109709857130587,0.01998946956578117,1075,1.0,1.0,1.0,1.0,1.0,1.0,0.0
25.543791389465333,0.42079186010378844,0.02327561378479004,0.0009699038580944672,0.5,0.1,5,3,300,0.1,10.0,0.8,"{'clf__colsample_bytree': 0.5, 'clf__learning_rate': 0.1, 'clf__max_depth': 5, 'clf__min_child_weight': 3, 'clf__n_estimators': 300, 'clf__reg_alpha': 0.1, 'clf__reg_lambda': 10.0, 'clf__subsample': 0.8}",0.8062960184210912,0.8208812902842753,0.7851301690775585,0.7995490245179503,0.8420057381324988,0.8107724480866748,0.01939709890472201,1093,1.0,1.0,1.0,1.0,1.0,1.0,0.0
26.585551738739014,0.7289689408148524,0.021491432189941408,0.0024812029962174974,0.5,0.1,5,3,300,0.1,10.0,1.0,"{'clf__colsample_bytree': 0.5, 'clf__learning_rate': 0.1, 'clf__max_depth': 5, 'clf__min_child_weight': 3, 'clf__n_estimators': 300, 'clf__reg_alpha': 0.1, 'clf__reg_lambda': 10.0, 'clf__subsample': 1.0}",0.8178077585179768,0.8299107743137595,0.7760958612990765,0.799771811153158,0.8369948792484003,0.8121162169064741,0.021990171125510164,985,1.0,1.0,1.0,1.0,1.0,1.0,0.0
24.395294094085692,0.41685798070246316,0.02657032012939453,0.0006257319295899754,0.5,0.1,5,3,600,0.0,1.0,0.8,"{'clf__colsample_bytree': 0.5, 'clf__learning_rate': 0.1, 'clf__max_depth': 5, 'clf__min_child_weight': 3, 'clf__n_estimators': 600, 'clf__reg_alpha': 0.0, 'clf__reg_lambda': 1.0, 'clf__subsample': 0.8}",0.8196235650979584,0.8290321490347337,0.7979331159828343,0.8032221968691062,0.835345514936318,0.81703130838419,0.014433174610313881,450,1.0,1.0,1.0,1.0,1.0,1.0,0.0
25.032488584518433,1.1459690400366684,0.029569196701049804,0.0018336374190214685,0.5,0.1,5,3,600,0.0,1.0,1.0,"{'clf__colsample_bytree': 0.5, 'clf__learning_rate': 0.1, 'clf__max_depth': 5, 'clf__min_child_weight': 3, 'clf__n_estimators': 600, 'clf__reg_alpha': 0.0, 'clf__reg_lambda': 1.0, 'clf__subsample': 1.0}",0.8177974427180944,0.8314318617769618,0.788384419504004,0.8169894143997163,0.8254881821680435,0.8160182641133641,0.014798623707480935,557,1.0,1.0,1.0,1.0,1.0,1.0,0.0
35.767631483078006,0.7333332101848706,0.031018877029418947,0.0016249382365533215,0.5,0.1,5,3,600,0.0,10.0,0.8,"{'clf__colsample_bytree': 0.5, 'clf__learning_rate': 0.1, 'clf__max_depth': 5, 'clf__min_child_weight': 3, 'clf__n_estimators': 600, 'clf__reg_alpha': 0.0, 'clf__reg_lambda': 10.0, 'clf__subsample': 0.8}",0.8203393582391096,0.8302219570561349,0.7997072426539312,0.8085711867206621,0.8442111526466333,0.8206101794632943,0.01569290069645356,152,1.0,1.0,1.0,1.0,1.0,1.0,0.0
36.980681848526004,1.0256391827060554,0.03287086486816406,0.0036348049240499452,0.5,0.1,5,3,600,0.0,10.0,1.0,"{'clf__colsample_bytree': 0.5, 'clf__learning_rate': 0.1, 'clf__max_depth': 5, 'clf__min_child_weight': 3, 'clf__n_estimators': 600, 'clf__reg_alpha': 0.0, 'clf__reg_lambda': 10.0, 'clf__subsample': 1.0}",0.8201940863761196,0.8269162085040676,0.7794572769262954,0.8096494259404257,0.8130641116200751,0.8098562218733966,0.016323870627991136,1137,1.0,1.0,1.0,1.0,1.0,1.0,0.0
24.993666648864746,0.38386103688591305,0.029546451568603516,0.0010096021408501942,0.5,0.1,5,3,600,0.1,1.0,0.8,"{'clf__colsample_bytree': 0.5, 'clf__learning_rate': 0.1, 'clf__max_depth': 5, 'clf__min_child_weight': 3, 'clf__n_estimators': 600, 'clf__reg_alpha': 0.1, 'clf__reg_lambda': 1.0, 'clf__subsample': 0.8}",0.8274290772786321,0.8343513102899656,0.7882521522924367,0.8078855454432721,0.8542720628314864,0.8224380296271585,0.022630472765416333,65,1.0,1.0,1.0,1.0,1.0,1.0,0.0
25.845025873184206,0.5787497413624555,0.027509403228759766,0.0018273198661786611,0.5,0.1,5,3,600,0.1,1.0,1.0,"{'clf__colsample_bytree': 0.5, 'clf__learning_rate': 0.1, 'clf__max_depth': 5, 'clf__min_child_weight': 3, 'clf__n_estimators': 600, 'clf__reg_alpha': 0.1, 'clf__reg_lambda': 1.0, 'clf__subsample': 1.0}",0.8161082951845172,0.8321164516323176,0.7861979479949803,0.799771811153158,0.8220617574367983,0.8112512526803544,0.016341726076004676,1059,1.0,1.0,1.0,1.0,1.0,1.0,0.0
35.79852442741394,1.3957073103190571,0.03128833770751953,0.0016192024011036689,0.5,0.1,5,3,600,0.1,10.0,0.8,"{'clf__colsample_bytree': 0.5, 'clf__learning_rate': 0.1, 'clf__max_depth': 5, 'clf__min_child_weight': 3, 'clf__n_estimators': 600, 'clf__reg_alpha': 0.1, 'clf__reg_lambda': 10.0, 'clf__subsample': 0.8}",0.8106117141094066,0.8242596686626538,0.7873965568835298,0.807590893497952,0.8398100725565514,0.8139337811420188,0.017502565725277978,800,1.0,1.0,1.0,1.0,1.0,1.0,0.0
37.52634444236755,0.8157996500421498,0.0320429801940918,0.0017686341895236026,0.5,0.1,5,3,600,0.1,10.0,1.0,"{'clf__colsample_bytree': 0.5, 'clf__learning_rate': 0.1, 'clf__max_depth': 5, 'clf__min_child_weight': 3, 'clf__n_estimators': 600, 'clf__reg_alpha': 0.1, 'clf__reg_lambda': 10.0, 'clf__subsample': 1.0}",0.8120502071571992,0.8374126786455554,0.7881641179112031,0.7962395889058739,0.8279930368373765,0.8123719258914417,0.018533387021512495,954,1.0,1.0,1.0,1.0,1.0,1.0,0.0
28.097358560562135,1.0282348979724951,0.033797597885131835,0.002032331766303515,0.5,0.1,5,3,1000,0.0,1.0,0.8,"{'clf__colsample_bytree': 0.5, 'clf__learning_rate': 0.1, 'clf__max_depth': 5, 'clf__min_child_weight': 3, 'clf__n_estimators': 1000, 'clf__reg_alpha': 0.0, 'clf__reg_lambda': 1.0, 'clf__subsample': 0.8}",0.8229201203603398,0.8320011038556379,0.8054166333600107,0.8001407768728277,0.834429980556741,0.8189817230011114,0.013875567167358898,265,1.0,1.0,1.0,1.0,1.0,1.0,0.0
29.520468282699586,0.5489668521698339,0.035760927200317386,0.0016375025227929952,0.5,0.1,5,3,1000,0.0,1.0,1.0,"{'clf__colsample_bytree': 0.5, 'clf__learning_rate': 0.1, 'clf__max_depth': 5, 'clf__min_child_weight': 3, 'clf__n_estimators': 1000, 'clf__reg_alpha': 0.0, 'clf__reg_lambda': 1.0, 'clf__subsample': 1.0}",0.8090413889983981,0.8370366980367587,0.7937059959118783,0.8135023747925185,0.8254881821680435,0.8157549279815195,0.014723796933552073,589,1.0,1.0,1.0,1.0,1.0,1.0,0.0
44.27979583740235,0.9385026672244066,0.04272980690002441,0.0016575027691040566,0.5,0.1,5,3,1000,0.0,10.0,0.8,"{'clf__colsample_bytree': 0.5, 'clf__learning_rate': 0.1, 'clf__max_depth': 5, 'clf__min_child_weight': 3, 'clf__n_estimators': 1000, 'clf__reg_alpha': 0.0, 'clf__reg_lambda': 10.0, 'clf__subsample': 0.8}",0.8167485498549855,0.8328294824956255,0.8059216222374117,0.7982561963630569,0.8472298093103596,0.8201971320522878,0.017818133886731848,179,1.0,1.0,1.0,1.0,1.0,1.0,0.0
46.40061082839966,1.2425885687417269,0.042638731002807614,0.0012277355450123777,0.5,0.1,5,3,1000,0.0,10.0,1.0,"{'clf__colsample_bytree': 0.5, 'clf__learning_rate': 0.1, 'clf__max_depth': 5, 'clf__min_child_weight': 3, 'clf__n_estimators': 1000, 'clf__reg_alpha': 0.0, 'clf__reg_lambda': 10.0, 'clf__subsample': 1.0}",0.8201940863761196,0.8269162085040676,0.7834843312861889,0.8122240042378099,0.821467413028453,0.8128572086865278,0.01541938872692778,909,1.0,1.0,1.0,1.0,1.0,1.0,0.0
29.974739456176756,0.9361634676996641,0.0351506233215332,0.0025773244190089944,0.5,0.1,5,3,1000,0.1,1.0,0.8,"{'clf__colsample_bytree': 0.5, 'clf__learning_rate': 0.1, 'clf__max_depth': 5, 'clf__min_child_weight': 3, 'clf__n_estimators': 1000, 'clf__reg_alpha': 0.1, 'clf__reg_lambda': 1.0, 'clf__subsample': 0.8}",0.825244235335201,0.8343513102899656,0.8100788367424736,0.8069315205060773,0.8480867440799447,0.8249385293907323,0.015294421062937156,19,1.0,1.0,1.0,1.0,1.0,1.0,0.0
31.603501319885254,0.9113586358671336,0.0381779670715332,0.0030223117689827,0.5,0.1,5,3,1000,0.1,1.0,1.0,"{'clf__colsample_bytree': 0.5, 'clf__learning_rate': 0.1, 'clf__max_depth': 5, 'clf__min_child_weight': 3, 'clf__n_estimators': 1000, 'clf__reg_alpha': 0.1, 'clf__reg_lambda': 1.0, 'clf__subsample': 1.0}",0.8161082951845172,0.8347910839834781,0.7821085689056013,0.7995091806223876,0.8273868738723286,0.8119808005136626,0.01909232235492566,1002,1.0,1.0,1.0,1.0,1.0,1.0,0.0
45.431961393356325,0.7793295508764119,0.04287247657775879,0.001503748005554441,0.5,0.1,5,3,1000,0.1,10.0,0.8,"{'clf__colsample_bytree': 0.5, 'clf__learning_rate': 0.1, 'clf__max_depth': 5, 'clf__min_child_weight': 3, 'clf__n_estimators': 1000, 'clf__reg_alpha': 0.1, 'clf__reg_lambda': 10.0, 'clf__subsample': 0.8}",0.8117337852206273,0.8242596686626538,0.8004761904761905,0.8040590168230694,0.8398100725565514,0.8160677467478183,0.01440066014711037,552,1.0,1.0,1.0,1.0,1.0,1.0,0.0
47.791839075088504,1.8343426175172,0.042961645126342776,0.0029559196528103782,0.5,0.1,5,3,1000,0.1,10.0,1.0,"{'clf__colsample_bytree': 0.5, 'clf__learning_rate': 0.1, 'clf__max_depth': 5, 'clf__min_child_weight': 3, 'clf__n_estimators': 1000, 'clf__reg_alpha': 0.1, 'clf__reg_lambda': 10.0, 'clf__subsample': 1.0}",0.8147922444582673,0.8433115549382837,0.7907533652267716,0.8122240042378099,0.8279930368373765,0.8178148411397018,0.017472235739797202,365,1.0,1.0,1.0,1.0,1.0,1.0,0.0
15.525846147537232,0.5068290337989374,0.01816849708557129,0.00019607196055194487,0.5,0.1,5,5,300,0.0,1.0,0.8,"{'clf__colsample_bytree': 0.5, 'clf__learning_rate': 0.1, 'clf__max_depth': 5, 'clf__min_child_weight': 5, 'clf__n_estimators': 300, 'clf__reg_alpha': 0.0, 'clf__reg_lambda': 1.0, 'clf__subsample': 0.8}",0.8100488843063101,0.8343847154543249,0.7906111041062498,0.7913053484304521,0.8346971460275225,0.8122094396649718,0.01952217673564245,977,1.0,1.0,1.0,1.0,1.0,1.0,0.0
15.856693887710572,0.39651948360632333,0.018512916564941407,0.0011161698474826591,0.5,0.1,5,5,300,0.0,1.0,1.0,"{'clf__colsample_bytree': 0.5, 'clf__learning_rate': 0.1, 'clf__max_depth': 5, 'clf__min_child_weight': 5, 'clf__n_estimators': 300, 'clf__reg_alpha': 0.0, 'clf__reg_lambda': 1.0, 'clf__subsample': 1.0}",0.81754300430043,0.8327631052420968,0.7841714651945675,0.7898088216055414,0.8441613482249701,0.8136895489135213,0.02344690438378898,823,1.0,1.0,1.0,1.0,1.0,1.0,0.0
19.972023057937623,0.5200611080962155,0.02190408706665039,0.0007606890330575584,0.5,0.1,5,5,300,0.0,10.0,0.8,"{'clf__colsample_bytree': 0.5, 'clf__learning_rate': 0.1, 'clf__max_depth': 5, 'clf__min_child_weight': 5, 'clf__n_estimators': 300, 'clf__reg_alpha': 0.0, 'clf__reg_lambda': 10.0, 'clf__subsample': 0.8}",0.8117694805194805,0.8272492983669106,0.8047031834506851,0.7910717583812393,0.8427486887623927,0.8155084818961417,0.017931891720899228,615,1.0,1.0,1.0,1.0,1.0,1.0,0.0
21.13076272010803,0.6599488111565326,0.021112394332885743,0.0005269854773348665,0.5,0.1,5,5,300,0.0,10.0,1.0,"{'clf__colsample_bytree': 0.5, 'clf__learning_rate': 0.1, 'clf__max_depth': 5, 'clf__min_child_weight': 5, 'clf__n_estimators': 300, 'clf__reg_alpha': 0.0, 'clf__reg_lambda': 10.0, 'clf__subsample': 1.0}",0.815603058199407,0.8387134045784777,0.7726326176403576,0.8056975841979984,0.8285150106698039,0.8122323350572088,0.02275335109773082,972,1.0,1.0,1.0,1.0,1.0,1.0,0.0
15.861338186264039,0.15017769329663036,0.0192535400390625,0.0012046114071227957,0.5,0.1,5,5,300,0.1,1.0,0.8,"{'clf__colsample_bytree': 0.5, 'clf__learning_rate': 0.1, 'clf__max_depth': 5, 'clf__min_child_weight': 5, 'clf__n_estimators': 300, 'clf__reg_alpha': 0.1, 'clf__reg_lambda': 1.0, 'clf__subsample': 0.8}",0.8170856761789539,0.8232044800836749,0.7901175272470045,0.7887021617905432,0.8429769811619126,0.8124173652924179,0.020648189984263383,947,1.0,1.0,1.0,1.0,1.0,1.0,0.0
16.65239577293396,0.42563359876427725,0.02039165496826172,0.0011092945521707742,0.5,0.1,5,5,300,0.1,1.0,1.0,"{'clf__colsample_bytree': 0.5, 'clf__learning_rate': 0.1, 'clf__max_depth': 5, 'clf__min_child_weight': 5, 'clf__n_estimators': 300, 'clf__reg_alpha': 0.1, 'clf__reg_lambda': 1.0, 'clf__subsample': 1.0}",0.8098551448551449,0.82575150434535,0.7898901182868383,0.7880373745742429,0.8430962189055528,0.8113260721934257,0.021078247075112393,1054,1.0,1.0,1.0,1.0,1.0,1.0,0.0
20.51325159072876,0.47257548109779196,0.020749473571777345,0.0009866568166812012,0.5,0.1,5,5,300,0.1,10.0,0.8,"{'clf__colsample_bytree': 0.5, 'clf__learning_rate': 0.1, 'clf__max_depth': 5, 'clf__min_child_weight': 5, 'clf__n_estimators': 300, 'clf__reg_alpha': 0.1, 'clf__reg_lambda': 10.0, 'clf__subsample': 0.8}",0.8203393582391096,0.8242596686626538,0.7952089623883185,0.8093141632718531,0.845290104828817,0.8188824514781503,0.016615579570593224,275,1.0,1.0,1.0,1.0,1.0,1.0,0.0
21.67851185798645,0.44388874419619906,0.020952415466308594,0.0012416572556942175,0.5,0.1,5,5,300,0.1,10.0,1.0,"{'clf__colsample_bytree': 0.5, 'clf__learning_rate': 0.1, 'clf__max_depth': 5, 'clf__min_child_weight': 5, 'clf__n_estimators': 300, 'clf__reg_alpha': 0.1, 'clf__reg_lambda': 10.0, 'clf__subsample': 1.0}",0.8009161190091612,0.8315827101758557,0.7773580851953361,0.8056975841979984,0.8224865500808898,0.8076082097318483,0.018759777641152355,1216,1.0,1.0,1.0,1.0,1.0,1.0,0.0
20.86870093345642,0.47004830094498173,0.026816892623901366,0.0013806978989575525,0.5,0.1,5,5,600,0.0,1.0,0.8,"{'clf__colsample_bytree': 0.5, 'clf__learning_rate': 0.1, 'clf__max_depth': 5, 'clf__min_child_weight': 5, 'clf__n_estimators': 600, 'clf__reg_alpha': 0.0, 'clf__reg_lambda': 1.0, 'clf__subsample': 0.8}",0.8142856295533293,0.8343847154543249,0.800505087739473,0.7987292073227396,0.8313964141866985,0.8158602108513131,0.014941628283458071,579,1.0,1.0,1.0,1.0,1.0,1.0,0.0
22.063913822174072,0.41916267346978614,0.02753748893737793,0.001253918381485533,0.5,0.1,5,5,600,0.0,1.0,1.0,"{'clf__colsample_bytree': 0.5, 'clf__learning_rate': 0.1, 'clf__max_depth': 5, 'clf__min_child_weight': 5, 'clf__n_estimators': 600, 'clf__reg_alpha': 0.0, 'clf__reg_lambda': 1.0, 'clf__subsample': 1.0}",0.8096544514727848,0.8327631052420968,0.7984975682455315,0.7954029926926702,0.8428884127052495,0.8158413060716667,0.01883985313000212,581,1.0,1.0,1.0,1.0,1.0,1.0,0.0
28.76795392036438,0.8905615051430275,0.028379201889038086,0.0015606110207374763,0.5,0.1,5,5,600,0.0,10.0,0.8,"{'clf__colsample_bytree': 0.5, 'clf__learning_rate': 0.1, 'clf__max_depth': 5, 'clf__min_child_weight': 5, 'clf__n_estimators': 600, 'clf__reg_alpha': 0.0, 'clf__reg_lambda': 10.0, 'clf__subsample': 0.8}",0.8075824175824176,0.8288329120543887,0.8023659673659673,0.8031050551881572,0.8353873389079889,0.8154547382197839,0.013871468062229062,623,1.0,1.0,1.0,1.0,1.0,1.0,0.0
30.460713052749632,0.9100786697802077,0.029805803298950197,0.0020457811100742787,0.5,0.1,5,5,600,0.0,10.0,1.0,"{'clf__colsample_bytree': 0.5, 'clf__learning_rate': 0.1, 'clf__max_depth': 5, 'clf__min_child_weight': 5, 'clf__n_estimators': 600, 'clf__reg_alpha': 0.0, 'clf__reg_lambda': 10.0, 'clf__subsample': 1.0}",0.8041772414483658,0.8369950899569059,0.785235104998939,0.8122240042378099,0.8280525885193757,0.8133368058322793,0.018172012572269875,864,1.0,1.0,1.0,1.0,1.0,1.0,0.0
21.276300382614135,0.18823247246455624,0.02552971839904785,0.0008372978708613325,0.5,0.1,5,5,600,0.1,1.0,0.8,"{'clf__colsample_bytree': 0.5, 'clf__learning_rate': 0.1, 'clf__max_depth': 5, 'clf__min_child_weight': 5, 'clf__n_estimators': 600, 'clf__reg_alpha': 0.1, 'clf__reg_lambda': 1.0, 'clf__subsample': 0.8}",0.8138829903535786,0.8254772073564021,0.7804154995331466,0.8087981367828488,0.8454586276974774,0.8148064923446906,0.021321872054749315,707,1.0,1.0,1.0,1.0,1.0,1.0,0.0
22.372239446640016,0.4402630545980774,0.027486801147460938,0.0016869493468567873,0.5,0.1,5,5,600,0.1,1.0,1.0,"{'clf__colsample_bytree': 0.5, 'clf__learning_rate': 0.1, 'clf__max_depth': 5, 'clf__min_child_weight': 5, 'clf__n_estimators': 600, 'clf__reg_alpha': 0.1, 'clf__reg_lambda': 1.0, 'clf__subsample': 1.0}",0.8098624538567216,0.8299107743137595,0.7890416119054257,0.8011090419038258,0.8430962189055528,0.8146040201770569,0.01951479293764728,730,1.0,1.0,1.0,1.0,1.0,1.0,0.0
29.42730212211609,0.5124927705507231,0.02797088623046875,0.0017441150302594383,0.5,0.1,5,5,600,0.1,10.0,0.8,"{'clf__colsample_bytree': 0.5, 'clf__learning_rate': 0.1, 'clf__max_depth': 5, 'clf__min_child_weight': 5, 'clf__n_estimators': 600, 'clf__reg_alpha': 0.1, 'clf__reg_lambda': 10.0, 'clf__subsample': 0.8}",0.8161520811270498,0.8264294750158128,0.7983841489636192,0.801530657358035,0.8388284477674592,0.8162649620463952,0.015160898159691454,536,1.0,1.0,1.0,1.0,1.0,1.0,0.0
29.789217376708983,0.8282987906570942,0.029043006896972656,0.0014850725298609312,0.5,0.1,5,5,600,0.1,10.0,1.0,"{'clf__colsample_bytree': 0.5, 'clf__learning_rate': 0.1, 'clf__max_depth': 5, 'clf__min_child_weight': 5, 'clf__n_estimators': 600, 'clf__reg_alpha': 0.1, 'clf__reg_lambda': 10.0, 'clf__subsample': 1.0}",0.8065402986059435,0.8360865636577212,0.7856738862145324,0.8092310491385853,0.8224865500808898,0.8120036695395344,0.01685627425820689,999,1.0,1.0,1.0,1.0,1.0,1.0,0.0
25.27705192565918,0.5449468488811383,0.031148862838745118,0.0018148535586778437,0.5,0.1,5,5,1000,0.0,1.0,0.8,"{'clf__colsample_bytree': 0.5, 'clf__learning_rate': 0.1, 'clf__max_depth': 5, 'clf__min_child_weight': 5, 'clf__n_estimators': 1000, 'clf__reg_alpha': 0.0, 'clf__reg_lambda': 1.0, 'clf__subsample': 0.8}",0.8115815768112441,0.8420028782626883,0.800505087739473,0.7875231782853986,0.8426982085000954,0.8168621859197799,0.022162000526391896,471,1.0,1.0,1.0,1.0,1.0,1.0,0.0
27.687057304382325,1.3805702703303877,0.03467020988464355,0.00197918011472493,0.5,0.1,5,5,1000,0.0,1.0,1.0,"{'clf__colsample_bytree': 0.5, 'clf__learning_rate': 0.1, 'clf__max_depth': 5, 'clf__min_child_weight': 5, 'clf__n_estimators': 1000, 'clf__reg_alpha': 0.0, 'clf__reg_lambda': 1.0, 'clf__subsample': 1.0}",0.8131419364671191,0.839276206976128,0.7821151142892067,0.7981105398995244,0.8552735571613077,0.8175834709586571,0.026638483408000242,395,1.0,1.0,1.0,1.0,1.0,1.0,0.0
37.64374618530273,1.5779686468558902,0.03842883110046387,0.004521513524558369,0.5,0.1,5,5,1000,0.0,10.0,0.8,"{'clf__colsample_bytree': 0.5, 'clf__learning_rate': 0.1, 'clf__max_depth': 5, 'clf__min_child_weight': 5, 'clf__n_estimators': 1000, 'clf__reg_alpha': 0.0, 'clf__reg_lambda': 10.0, 'clf__subsample': 0.8}",0.7989693707580241,0.82459504574115,0.8023659673659673,0.802190611300774,0.8420247983628265,0.8140291587057484,0.01672347008591473,782,1.0,1.0,1.0,1.0,1.0,1.0,0.0
38.808567476272586,1.4751213116256083,0.042648839950561526,0.0016551716544396958,0.5,0.1,5,5,1000,0.0,10.0,1.0,"{'clf__colsample_bytree': 0.5, 'clf__learning_rate': 0.1, 'clf__max_depth': 5, 'clf__min_child_weight': 5, 'clf__n_estimators': 1000, 'clf__reg_alpha': 0.0, 'clf__reg_lambda': 10.0, 'clf__subsample': 1.0}",0.8086767782921958,0.8345973761068102,0.785235104998939,0.805673651767184,0.8320968112446339,0.8132559444819526,0.01829788149107015,872,1.0,1.0,1.0,1.0,1.0,1.0,0.0
26.661617517471313,1.1109936591299767,0.03323678970336914,0.001966339763559148,0.5,0.1,5,5,1000,0.1,1.0,0.8,"{'clf__colsample_bytree': 0.5, 'clf__learning_rate': 0.1, 'clf__max_depth': 5, 'clf__min_child_weight': 5, 'clf__n_estimators': 1000, 'clf__reg_alpha': 0.1, 'clf__reg_lambda': 1.0, 'clf__subsample': 0.8}",0.8161634969189165,0.8254772073564021,0.7890139926748431,0.8063074666593109,0.8413961619394281,0.8156716651097803,0.017643469084539527,598,1.0,1.0,1.0,1.0,1.0,1.0,0.0
28.04424915313721,1.6953916991440603,0.03723540306091309,0.004462844737522647,0.5,0.1,5,5,1000,0.1,1.0,1.0,"{'clf__colsample_bytree': 0.5, 'clf__learning_rate': 0.1, 'clf__max_depth': 5, 'clf__min_child_weight': 5, 'clf__n_estimators': 1000, 'clf__reg_alpha': 0.1, 'clf__reg_lambda': 1.0, 'clf__subsample': 1.0}",0.8051522103966181,0.8300216259854132,0.7847193216445326,0.7984844045147614,0.8511438968064622,0.8139042918695575,0.02371788767170474,803,1.0,1.0,1.0,1.0,1.0,1.0,0.0
39.194067335128786,1.1976202417297415,0.04743766784667969,0.002585404247245379,0.5,0.1,5,5,1000,0.1,10.0,0.8,"{'clf__colsample_bytree': 0.5, 'clf__learning_rate': 0.1, 'clf__max_depth': 5, 'clf__min_child_weight': 5, 'clf__n_estimators': 1000, 'clf__reg_alpha': 0.1, 'clf__reg_lambda': 10.0, 'clf__subsample': 0.8}",0.8092038278274508,0.8264294750158128,0.7983841489636192,0.8041363950613322,0.831887156270959,0.8140082006278349,0.012950603428908013,786,1.0,1.0,1.0,1.0,1.0,1.0,0.0
44.07192273139954,1.9026305812641326,0.048481321334838866,0.0030265689038683615,0.5,0.1,5,5,1000,0.1,10.0,1.0,"{'clf__colsample_bytree': 0.5, 'clf__learning_rate': 0.1, 'clf__max_depth': 5, 'clf__min_child_weight': 5, 'clf__n_estimators': 1000, 'clf__reg_alpha': 0.1, 'clf__reg_lambda': 10.0, 'clf__subsample': 1.0}",0.8101085376820671,0.8373734608809236,0.7926093514328808,0.805673651767184,0.8224865500808898,0.813650310368789,0.015229971711232039,833,1.0,1.0,1.0,1.0,1.0,1.0,0.0
29.402693605422975,1.3243102972808882,0.027630186080932616,0.0019390144604677349,0.5,0.1,7,1,300,0.0,1.0,0.8,"{'clf__colsample_bytree': 0.5, 'clf__learning_rate': 0.1, 'clf__max_depth': 7, 'clf__min_child_weight': 1, 'clf__n_estimators': 300, 'clf__reg_alpha': 0.0, 'clf__reg_lambda': 1.0, 'clf__subsample': 0.8}",0.8236839565335428,0.8288329120543887,0.7877438211826943,0.8032562107115531,0.8550925925925925,0.8197218986149544,0.022993524200084544,212,1.0,1.0,1.0,1.0,1.0,1.0,0.0
30.311833381652832,1.243396024928043,0.02939467430114746,0.002480478134413838,0.5,0.1,7,1,300,0.0,1.0,1.0,"{'clf__colsample_bytree': 0.5, 'clf__learning_rate': 0.1, 'clf__max_depth': 7, 'clf__min_child_weight': 1, 'clf__n_estimators': 300, 'clf__reg_alpha': 0.0, 'clf__reg_lambda': 1.0, 'clf__subsample': 1.0}",0.8290758333914124,0.8292308645249822,0.7880933429484805,0.8007603424323033,0.8269808173477898,0.8148282401289937,0.017150948132270714,705,1.0,1.0,1.0,1.0,1.0,1.0,0.0
46.93516879081726,1.5070783230495992,0.034692573547363284,0.0016088165001309695,0.5,0.1,7,1,300,0.0,10.0,0.8,"{'clf__colsample_bytree': 0.5, 'clf__learning_rate': 0.1, 'clf__max_depth': 7, 'clf__min_child_weight': 1, 'clf__n_estimators': 300, 'clf__reg_alpha': 0.0, 'clf__reg_lambda': 10.0, 'clf__subsample': 0.8}",0.8227735997528767,0.8257454083224478,0.7745798294349671,0.7928393108298172,0.8379364350353328,0.8107749166750884,0.023399155509358345,1092,1.0,1.0,1.0,1.0,1.0,1.0,0.0
51.72500195503235,0.8492119304752267,0.03315544128417969,0.0010781528039158893,0.5,0.1,7,1,300,0.0,10.0,1.0,"{'clf__colsample_bytree': 0.5, 'clf__learning_rate': 0.1, 'clf__max_depth': 7, 'clf__min_child_weight': 1, 'clf__n_estimators': 300, 'clf__reg_alpha': 0.0, 'clf__reg_lambda': 10.0, 'clf__subsample': 1.0}",0.8347383908361479,0.82575150434535,0.7863435515051092,0.7951691003879978,0.8442111526466333,0.8172427399442477,0.022573424928032246,429,1.0,1.0,1.0,1.0,1.0,1.0,0.0
32.365240287780765,1.260196304790048,0.030344724655151367,0.0018978338563788344,0.5,0.1,7,1,300,0.1,1.0,0.8,"{'clf__colsample_bytree': 0.5, 'clf__learning_rate': 0.1, 'clf__max_depth': 7, 'clf__min_child_weight': 1, 'clf__n_estimators': 300, 'clf__reg_alpha': 0.1, 'clf__reg_lambda': 1.0, 'clf__subsample': 0.8}",0.8236839565335428,0.831796240289391,0.7785842751245595,0.8074818800825614,0.8331818113794858,0.8149456326819081,0.020350505744305226,686,1.0,1.0,1.0,1.0,1.0,1.0,0.0
35.60974545478821,0.7696623524130768,0.03239383697509766,0.0006925188410279115,0.5,0.1,7,1,300,0.1,1.0,1.0,"{'clf__colsample_bytree': 0.5, 'clf__learning_rate': 0.1, 'clf__max_depth': 7, 'clf__min_child_weight': 1, 'clf__n_estimators': 300, 'clf__reg_alpha': 0.1, 'clf__reg_lambda': 1.0, 'clf__subsample': 1.0}",0.8279646295620686,0.831796240289391,0.7843643025382137,0.8118734701316866,0.8324401728071452,0.817687763065701,0.0182568109569253,383,1.0,1.0,1.0,1.0,1.0,1.0,0.0
50.38845448493957,0.9925883697987212,0.03421649932861328,0.0013862633334435477,0.5,0.1,7,1,300,0.1,10.0,0.8,"{'clf__colsample_bytree': 0.5, 'clf__learning_rate': 0.1, 'clf__max_depth': 7, 'clf__min_child_weight': 1, 'clf__n_estimators': 300, 'clf__reg_alpha': 0.1, 'clf__reg_lambda': 10.0, 'clf__subsample': 0.8}",0.82468446476055,0.8328294824956255,0.7679134156755405,0.7935398873593894,0.8445892487429754,0.8127112998068162,0.028066688653827873,924,1.0,1.0,1.0,1.0,1.0,1.0,0.0
54.22100381851196,0.9146092693296618,0.037323713302612305,0.0021568343807576674,0.5,0.1,7,1,300,0.1,10.0,1.0,"{'clf__colsample_bytree': 0.5, 'clf__learning_rate': 0.1, 'clf__max_depth': 7, 'clf__min_child_weight': 1, 'clf__n_estimators': 300, 'clf__reg_alpha': 0.1, 'clf__reg_lambda': 10.0, 'clf__subsample': 1.0}",0.8352835981531326,0.8171323591739859,0.7670080652354687,0.7963553818068374,0.8442128457850697,0.8119984500308988,0.027839406414195297,1001,1.0,1.0,1.0,1.0,1.0,1.0,0.0
41.25967950820923,1.5539356387910932,0.03553848266601563,0.002922069494913728,0.5,0.1,7,1,600,0.0,1.0,0.8,"{'clf__colsample_bytree': 0.5, 'clf__learning_rate': 0.1, 'clf__max_depth': 7, 'clf__min_child_weight': 1, 'clf__n_estimators': 600, 'clf__reg_alpha': 0.0, 'clf__reg_lambda': 1.0, 'clf__subsample': 0.8}",0.82129400440044,0.8344613440251025,0.7947456587859432,0.8039228571773075,0.8580897858564258,0.8225027300490438,0.022479211231688855,63,1.0,1.0,1.0,1.0,1.0,1.0,0.0
42.955684423446655,1.0795304777457422,0.0383669376373291,0.00223360645551909,0.5,0.1,7,1,600,0.0,1.0,1.0,"{'clf__colsample_bytree': 0.5, 'clf__learning_rate': 0.1, 'clf__max_depth': 7, 'clf__min_child_weight': 1, 'clf__n_estimators': 600, 'clf__reg_alpha': 0.0, 'clf__reg_lambda': 1.0, 'clf__subsample': 1.0}",0.8333575483170244,0.8262556619699477,0.7946816047170346,0.8141915385388403,0.8300619193206702,0.8197096545727034,0.014093526783981831,214,1.0,1.0,1.0,1.0,1.0,1.0,0.0
69.44700989723205,2.0340075098432786,0.04401731491088867,0.0015986375390990156,0.5,0.1,7,1,600,0.0,10.0,0.8,"{'clf__colsample_bytree': 0.5, 'clf__learning_rate': 0.1, 'clf__max_depth': 7, 'clf__min_child_weight': 1, 'clf__n_estimators': 600, 'clf__reg_alpha': 0.0, 'clf__reg_lambda': 10.0, 'clf__subsample': 0.8}",0.8214868065900764,0.8325155350377862,0.7705118688569392,0.7866255147865593,0.8331260582140864,0.8088531566970895,0.025584422700364703,1180,1.0,1.0,1.0,1.0,1.0,1.0,0.0
72.1980812072754,1.1065551076451503,0.045618438720703126,0.0031252268088339265,0.5,0.1,7,1,600,0.0,10.0,1.0,"{'clf__colsample_bytree': 0.5, 'clf__learning_rate': 0.1, 'clf__max_depth': 7, 'clf__min_child_weight': 1, 'clf__n_estimators': 600, 'clf__reg_alpha': 0.0, 'clf__reg_lambda': 10.0, 'clf__subsample': 1.0}",0.8193857186347799,0.8272492983669106,0.7699325322873145,0.8124142237052078,0.8411742898197792,0.8140312125627984,0.02403099425984331,781,1.0,1.0,1.0,1.0,1.0,1.0,0.0
44.770765161514284,1.6087446498601474,0.037084197998046874,0.0024878891819983535,0.5,0.1,7,1,600,0.1,1.0,0.8,"{'clf__colsample_bytree': 0.5, 'clf__learning_rate': 0.1, 'clf__max_depth': 7, 'clf__min_child_weight': 1, 'clf__n_estimators': 600, 'clf__reg_alpha': 0.1, 'clf__reg_lambda': 1.0, 'clf__subsample': 0.8}",0.8112361223028025,0.8347431200551074,0.7833919674322518,0.8011499471583505,0.8288677715527358,0.8118777857002497,0.01864630380810738,1014,1.0,1.0,1.0,1.0,1.0,1.0,0.0
47.25263681411743,0.8887453191700144,0.038074064254760745,0.0014526740322184273,0.5,0.1,7,1,600,0.1,1.0,1.0,"{'clf__colsample_bytree': 0.5, 'clf__learning_rate': 0.1, 'clf__max_depth': 7, 'clf__min_child_weight': 1, 'clf__n_estimators': 600, 'clf__reg_alpha': 0.1, 'clf__reg_lambda': 1.0, 'clf__subsample': 1.0}",0.826650550571228,0.8292308645249822,0.7990865134087267,0.8077319338601601,0.8292638867549673,0.8183927498240129,0.012571566196474458,314,1.0,1.0,1.0,1.0,1.0,1.0,0.0
69.59844660758972,1.0516567013255207,0.04724345207214355,0.0021351089077177345,0.5,0.1,7,1,600,0.1,10.0,0.8,"{'clf__colsample_bytree': 0.5, 'clf__learning_rate': 0.1, 'clf__max_depth': 7, 'clf__min_child_weight': 1, 'clf__n_estimators': 600, 'clf__reg_alpha': 0.1, 'clf__reg_lambda': 10.0, 'clf__subsample': 0.8}",0.82468446476055,0.8354824437339654,0.7735491533611073,0.7899563266166683,0.8386063285742573,0.8124557434093097,0.026013727773561545,943,1.0,1.0,1.0,1.0,1.0,1.0,0.0
73.63098855018616,1.2100872421030908,0.04457902908325195,0.0017999584661835288,0.5,0.1,7,1,600,0.1,10.0,1.0,"{'clf__colsample_bytree': 0.5, 'clf__learning_rate': 0.1, 'clf__max_depth': 7, 'clf__min_child_weight': 1, 'clf__n_estimators': 600, 'clf__reg_alpha': 0.1, 'clf__reg_lambda': 10.0, 'clf__subsample': 1.0}",0.8253167696666148,0.8272492983669106,0.7811662846956964,0.8124173449904531,0.8403397179340575,0.8172978831307465,0.020117511852072254,420,1.0,1.0,1.0,1.0,1.0,1.0,0.0
45.80031499862671,1.154733398264227,0.043047332763671876,0.003003427756123663,0.5,0.1,7,1,1000,0.0,1.0,0.8,"{'clf__colsample_bytree': 0.5, 'clf__learning_rate': 0.1, 'clf__max_depth': 7, 'clf__min_child_weight': 1, 'clf__n_estimators': 1000, 'clf__reg_alpha': 0.0, 'clf__reg_lambda': 1.0, 'clf__subsample': 0.8}",0.8153287719265869,0.8370366980367587,0.7973516263610603,0.8068674449179104,0.8541299220064955,0.8221428926497623,0.0206851343472075,76,1.0,1.0,1.0,1.0,1.0,1.0,0.0
48.76291069984436,0.5227482758189091,0.045513916015625,0.005247876101162557,0.5,0.1,7,1,1000,0.0,1.0,1.0,"{'clf__colsample_bytree': 0.5, 'clf__learning_rate': 0.1, 'clf__max_depth': 7, 'clf__min_child_weight': 1, 'clf__n_estimators': 1000, 'clf__reg_alpha': 0.0, 'clf__reg_lambda': 1.0, 'clf__subsample': 1.0}",0.841756461096677,0.8288329120543887,0.8001880152867364,0.8160894398649964,0.8300619193206702,0.8233857495246937,0.014164016908036436,46,1.0,1.0,1.0,1.0,1.0,1.0,0.0
83.9342782497406,2.7703860271143195,0.05769948959350586,0.002883752779580444,0.5,0.1,7,1,1000,0.0,10.0,0.8,"{'clf__colsample_bytree': 0.5, 'clf__learning_rate': 0.1, 'clf__max_depth': 7, 'clf__min_child_weight': 1, 'clf__n_estimators': 1000, 'clf__reg_alpha': 0.0, 'clf__reg_lambda': 10.0, 'clf__subsample': 0.8}",0.8172462361893875,0.8354824437339654,0.7782808540090653,0.7891897394390036,0.8331260582140864,0.8106650663171017,0.023124173702290366,1103,1.0,1.0,1.0,1.0,1.0,1.0,0.0
88.40140490531921,1.8362694069272554,0.05890412330627441,0.003417578817587644,0.5,0.1,7,1,1000,0.0,10.0,1.0,"{'clf__colsample_bytree': 0.5, 'clf__learning_rate': 0.1, 'clf__max_depth': 7, 'clf__min_child_weight': 1, 'clf__n_estimators': 1000, 'clf__reg_alpha': 0.0, 'clf__reg_lambda': 10.0, 'clf__subsample': 1.0}",0.8185685336710298,0.8302219570561349,0.7765549401578813,0.815010063580619,0.8338237496256364,0.8148358488182602,0.020379715202309117,703,1.0,1.0,1.0,1.0,1.0,1.0,0.0
51.84427723884583,0.540857856463117,0.04630160331726074,0.004027930156935214,0.5,0.1,7,1,1000,0.1,1.0,0.8,"{'clf__colsample_bytree': 0.5, 'clf__learning_rate': 0.1, 'clf__max_depth': 7, 'clf__min_child_weight': 1, 'clf__n_estimators': 1000, 'clf__reg_alpha': 0.1, 'clf__reg_lambda': 1.0, 'clf__subsample': 0.8}",0.8146539922275217,0.8376741891385355,0.7882555947958791,0.8011499471583505,0.8377234621212943,0.8158914370883161,0.019665747777662345,570,1.0,1.0,1.0,1.0,1.0,1.0,0.0
50.908459711074826,1.1793615472993022,0.046364116668701175,0.0036160002420280186,0.5,0.1,7,1,1000,0.1,1.0,1.0,"{'clf__colsample_bytree': 0.5, 'clf__learning_rate': 0.1, 'clf__max_depth': 7, 'clf__min_child_weight': 1, 'clf__n_estimators': 1000, 'clf__reg_alpha': 0.1, 'clf__reg_lambda': 1.0, 'clf__subsample': 1.0}",0.8231447823595776,0.8258524861466039,0.7990865134087267,0.8130124752603687,0.8292638867549673,0.8180720287860488,0.010932290760635347,339,1.0,1.0,1.0,1.0,1.0,1.0,0.0
87.25412621498108,0.9334314507445439,0.05578970909118652,0.00360463734725359,0.5,0.1,7,1,1000,0.1,10.0,0.8,"{'clf__colsample_bytree': 0.5, 'clf__learning_rate': 0.1, 'clf__max_depth': 7, 'clf__min_child_weight': 1, 'clf__n_estimators': 1000, 'clf__reg_alpha': 0.1, 'clf__reg_lambda': 10.0, 'clf__subsample': 0.8}",0.8199816790189657,0.8328294824956255,0.7782808540090653,0.7970701481912897,0.8386063285742573,0.8133536984578408,0.022610572947242717,863,1.0,1.0,1.0,1.0,1.0,1.0,0.0
91.67269501686096,1.0809058728631245,0.05312991142272949,0.007032148729318328,0.5,0.1,7,1,1000,0.1,10.0,1.0,"{'clf__colsample_bytree': 0.5, 'clf__learning_rate': 0.1, 'clf__max_depth': 7, 'clf__min_child_weight': 1, 'clf__n_estimators': 1000, 'clf__reg_alpha': 0.1, 'clf__reg_lambda': 10.0, 'clf__subsample': 1.0}",0.8253167696666148,0.8302219570561349,0.7771042992095624,0.8087853715011182,0.8433795587844453,0.816961591243575,0.022799164960654678,464,1.0,1.0,1.0,1.0,1.0,1.0,0.0
21.881092596054078,0.46493026188635184,0.023104286193847655,0.0018471610632581456,0.5,0.1,7,3,300,0.0,1.0,0.8,"{'clf__colsample_bytree': 0.5, 'clf__learning_rate': 0.1, 'clf__max_depth': 7, 'clf__min_child_weight': 3, 'clf__n_estimators': 300, 'clf__reg_alpha': 0.0, 'clf__reg_lambda': 1.0, 'clf__subsample': 0.8}",0.82943172988695,0.8256562931666714,0.7893130761101085,0.7925469858065585,0.840934876938398,0.8155765923817372,0.020768932879743057,609,1.0,1.0,1.0,1.0,1.0,1.0,0.0
22.7276819229126,0.3615021971660394,0.024374961853027344,0.0007647134749104723,0.5,0.1,7,3,300,0.0,1.0,1.0,"{'clf__colsample_bytree': 0.5, 'clf__learning_rate': 0.1, 'clf__max_depth': 7, 'clf__min_child_weight': 3, 'clf__n_estimators': 300, 'clf__reg_alpha': 0.0, 'clf__reg_lambda': 1.0, 'clf__subsample': 1.0}",0.8209566961659696,0.8261798019332265,0.7699715197083618,0.8094612009277594,0.8325806583834108,0.8118299754237457,0.022260039546869028,1018,1.0,1.0,1.0,1.0,1.0,1.0,0.0
29.9228618144989,1.3345083464289755,0.026332569122314454,0.0016356441649470505,0.5,0.1,7,3,300,0.0,10.0,0.8,"{'clf__colsample_bytree': 0.5, 'clf__learning_rate': 0.1, 'clf__max_depth': 7, 'clf__min_child_weight': 3, 'clf__n_estimators': 300, 'clf__reg_alpha': 0.0, 'clf__reg_lambda': 10.0, 'clf__subsample': 0.8}",0.8208639462894782,0.8242596686626538,0.7896916245228063,0.7759565515752966,0.8520070319280688,0.8125557645956606,0.02692463943149875,936,1.0,1.0,1.0,1.0,1.0,1.0,0.0
32.59390616416931,0.7427680233023038,0.028093290328979493,0.0014829254099485798,0.5,0.1,7,3,300,0.0,10.0,1.0,"{'clf__colsample_bytree': 0.5, 'clf__learning_rate': 0.1, 'clf__max_depth': 7, 'clf__min_child_weight': 3, 'clf__n_estimators': 300, 'clf__reg_alpha': 0.0, 'clf__reg_lambda': 10.0, 'clf__subsample': 1.0}",0.8012785180935336,0.8306050030648973,0.7715080971659919,0.794281566458013,0.8320968112446339,0.8059539992054139,0.02295972382141324,1253,1.0,1.0,1.0,1.0,1.0,1.0,0.0
22.86281418800354,0.23587393927709377,0.02414731979370117,0.0011450432510952725,0.5,0.1,7,3,300,0.1,1.0,0.8,"{'clf__colsample_bytree': 0.5, 'clf__learning_rate': 0.1, 'clf__max_depth': 7, 'clf__min_child_weight': 3, 'clf__n_estimators': 300, 'clf__reg_alpha': 0.1, 'clf__reg_lambda': 1.0, 'clf__subsample': 0.8}",0.8092031971878524,0.8293173846923649,0.7882521522924367,0.7919554622850099,0.8412902499170105,0.8120036892749349,0.020646434818873002,998,1.0,1.0,1.0,1.0,1.0,1.0,0.0
24.212634563446045,0.7575473695512366,0.025265979766845702,0.0012553900740026073,0.5,0.1,7,3,300,0.1,1.0,1.0,"{'clf__colsample_bytree': 0.5, 'clf__learning_rate': 0.1, 'clf__max_depth': 7, 'clf__min_child_weight': 3, 'clf__n_estimators': 300, 'clf__reg_alpha': 0.1, 'clf__reg_lambda': 1.0, 'clf__subsample': 1.0}",0.8379172241987476,0.8292308645249822,0.7788396188808218,0.791049475441292,0.8363072729261709,0.8146688911944029,0.024748208718087746,721,1.0,1.0,1.0,1.0,1.0,1.0,0.0
30.977582597732543,0.6882853781981688,0.02652764320373535,0.0006253801226034218,0.5,0.1,7,3,300,0.1,10.0,0.8,"{'clf__colsample_bytree': 0.5, 'clf__learning_rate': 0.1, 'clf__max_depth': 7, 'clf__min_child_weight': 3, 'clf__n_estimators': 300, 'clf__reg_alpha': 0.1, 'clf__reg_lambda': 10.0, 'clf__subsample': 0.8}",0.8261084368280864,0.8197360762486814,0.7793278024403852,0.7938787786686141,0.8557252315366793,0.8149552651444892,0.026544204391686487,685,1.0,1.0,1.0,1.0,1.0,1.0,0.0
33.02513103485107,0.8168223627679075,0.02689085006713867,0.000898438557151731,0.5,0.1,7,3,300,0.1,10.0,1.0,"{'clf__colsample_bytree': 0.5, 'clf__learning_rate': 0.1, 'clf__max_depth': 7, 'clf__min_child_weight': 3, 'clf__n_estimators': 300, 'clf__reg_alpha': 0.1, 'clf__reg_lambda': 10.0, 'clf__subsample': 1.0}",0.809292093765188,0.8298670379903821,0.7741070144564393,0.7897751895991333,0.8220926002318012,0.8050267872085888,0.020567529991482758,1264,1.0,1.0,1.0,1.0,1.0,1.0,0.0
28.932969284057616,0.7739688375247691,0.030076026916503906,0.001357417012482427,0.5,0.1,7,3,600,0.0,1.0,0.8,"{'clf__colsample_bytree': 0.5, 'clf__learning_rate': 0.1, 'clf__max_depth': 7, 'clf__min_child_weight': 3, 'clf__n_estimators': 600, 'clf__reg_alpha': 0.0, 'clf__reg_lambda': 1.0, 'clf__subsample': 0.8}",0.8156615450277421,0.8354769749775882,0.7901793718810316,0.8001407768728277,0.8394571527341826,0.8161831642986744,0.01922372060395474,540,1.0,1.0,1.0,1.0,1.0,1.0,0.0
28.938173389434816,1.0653988117302877,0.03117504119873047,0.0012089511237901372,0.5,0.1,7,3,600,0.0,1.0,1.0,"{'clf__colsample_bytree': 0.5, 'clf__learning_rate': 0.1, 'clf__max_depth': 7, 'clf__min_child_weight': 3, 'clf__n_estimators': 600, 'clf__reg_alpha': 0.0, 'clf__reg_lambda': 1.0, 'clf__subsample': 1.0}",0.8196113637290108,0.8288329120543887,0.7814665404189056,0.816415036104722,0.8281517460544384,0.8148955196722932,0.017389785585718378,691,1.0,1.0,1.0,1.0,1.0,1.0,0.0
40.85362057685852,1.0301557846433593,0.03399438858032226,0.0012117904590886591,0.5,0.1,7,3,600,0.0,10.0,0.8,"{'clf__colsample_bytree': 0.5, 'clf__learning_rate': 0.1, 'clf__max_depth': 7, 'clf__min_child_weight': 3, 'clf__n_estimators': 600, 'clf__reg_alpha': 0.0, 'clf__reg_lambda': 10.0, 'clf__subsample': 0.8}",0.8213793061234483,0.8242596686626538,0.7952380952380952,0.783858836848491,0.8442111526466333,0.8137894119038643,0.02159956367086464,812,1.0,1.0,1.0,1.0,1.0,1.0,0.0
43.27387127876282,0.8168983692883601,0.04024186134338379,0.0044453567281392825,0.5,0.1,7,3,600,0.0,10.0,1.0,"{'clf__colsample_bytree': 0.5, 'clf__learning_rate': 0.1, 'clf__max_depth': 7, 'clf__min_child_weight': 3, 'clf__n_estimators': 600, 'clf__reg_alpha': 0.0, 'clf__reg_lambda': 10.0, 'clf__subsample': 1.0}",0.8223822573449747,0.8272492983669106,0.779053054788349,0.7933693301511026,0.8250210082524725,0.8094149897807619,0.019540064957935147,1159,1.0,1.0,1.0,1.0,1.0,1.0,0.0
29.714027214050294,0.9957877548662416,0.02914600372314453,0.0009084891875509828,0.5,0.1,7,3,600,0.1,1.0,0.8,"{'clf__colsample_bytree': 0.5, 'clf__learning_rate': 0.1, 'clf__max_depth': 7, 'clf__min_child_weight': 3, 'clf__n_estimators': 600, 'clf__reg_alpha': 0.1, 'clf__reg_lambda': 1.0, 'clf__subsample': 0.8}",0.8205216447309517,0.8259160241481471,0.7979331159828343,0.8070448085199763,0.8443568059847129,0.8191544798733246,0.01599834546327705,249,1.0,1.0,1.0,1.0,1.0,1.0,0.0
30.47720127105713,0.7800199377290898,0.032864856719970706,0.002253460108048781,0.5,0.1,7,3,600,0.1,1.0,1.0,"{'clf__colsample_bytree': 0.5, 'clf__learning_rate': 0.1, 'clf__max_depth': 7, 'clf__min_child_weight': 3, 'clf__n_estimators': 600, 'clf__reg_alpha': 0.1, 'clf__reg_lambda': 1.0, 'clf__subsample': 1.0}",0.8288498448706837,0.8292308645249822,0.7852122188751497,0.7966947987779008,0.8363072729261709,0.8152589999949773,0.020348918785809102,643,1.0,1.0,1.0,1.0,1.0,1.0,0.0
41.3523992061615,0.8157285315488835,0.03243532180786133,0.0018134288062313893,0.5,0.1,7,3,600,0.1,10.0,0.8,"{'clf__colsample_bytree': 0.5, 'clf__learning_rate': 0.1, 'clf__max_depth': 7, 'clf__min_child_weight': 3, 'clf__n_estimators': 600, 'clf__reg_alpha': 0.1, 'clf__reg_lambda': 10.0, 'clf__subsample': 0.8}",0.8150311839694607,0.8197360762486814,0.786434388198069,0.8012305012872937,0.8432271675950104,0.8131318634597031,0.019012353788323826,885,1.0,1.0,1.0,1.0,1.0,1.0,0.0
43.97931060791016,1.926448069737894,0.037190723419189456,0.0021235336380921554,0.5,0.1,7,3,600,0.1,10.0,1.0,"{'clf__colsample_bytree': 0.5, 'clf__learning_rate': 0.1, 'clf__max_depth': 7, 'clf__min_child_weight': 3, 'clf__n_estimators': 600, 'clf__reg_alpha': 0.1, 'clf__reg_lambda': 10.0, 'clf__subsample': 1.0}",0.8235190287205347,0.8340793453122219,0.7808794602768727,0.8037409389798645,0.8258749466495945,0.8136187439878176,0.019164018773276753,837,1.0,1.0,1.0,1.0,1.0,1.0,0.0
34.004003047943115,1.245297204398106,0.036964702606201175,0.0015496876008813576,0.5,0.1,7,3,1000,0.0,1.0,0.8,"{'clf__colsample_bytree': 0.5, 'clf__learning_rate': 0.1, 'clf__max_depth': 7, 'clf__min_child_weight': 3, 'clf__n_estimators': 1000, 'clf__reg_alpha': 0.0, 'clf__reg_lambda': 1.0, 'clf__subsample': 0.8}",0.8084626261397987,0.8343847154543249,0.8033399452042891,0.8004085160287652,0.838230898794976,0.8169653403244308,0.016048268307971552,463,1.0,1.0,1.0,1.0,1.0,1.0,0.0
35.06927752494812,0.6481236724542184,0.03834991455078125,0.002478959890131601,0.5,0.1,7,3,1000,0.0,1.0,1.0,"{'clf__colsample_bytree': 0.5, 'clf__learning_rate': 0.1, 'clf__max_depth': 7, 'clf__min_child_weight': 3, 'clf__n_estimators': 1000, 'clf__reg_alpha': 0.0, 'clf__reg_lambda': 1.0, 'clf__subsample': 1.0}",0.8246856489543642,0.8403507946548924,0.7904269253952798,0.8172197710613702,0.8322660695049919,0.8209898419141796,0.01711118984619497,132,1.0,1.0,1.0,1.0,1.0,1.0,0.0
49.84100918769836,1.470965921441143,0.044888782501220706,0.0013552077158949358,0.5,0.1,7,3,1000,0.0,10.0,0.8,"{'clf__colsample_bytree': 0.5, 'clf__learning_rate': 0.1, 'clf__max_depth': 7, 'clf__min_child_weight': 3, 'clf__n_estimators': 1000, 'clf__reg_alpha': 0.0, 'clf__reg_lambda': 10.0, 'clf__subsample': 0.8}",0.8213793061234483,0.8272492983669106,0.7983775470617576,0.7941931886651619,0.8513520505459351,0.8185102781526427,0.020783799037016864,302,1.0,1.0,1.0,1.0,1.0,1.0,0.0
52.75564932823181,1.2485695333432822,0.04484744071960449,0.003147817110825497,0.5,0.1,7,3,1000,0.0,10.0,1.0,"{'clf__colsample_bytree': 0.5, 'clf__learning_rate': 0.1, 'clf__max_depth': 7, 'clf__min_child_weight': 3, 'clf__n_estimators': 1000, 'clf__reg_alpha': 0.0, 'clf__reg_lambda': 10.0, 'clf__subsample': 1.0}",0.8135807599042894,0.8269162085040676,0.7742635868936457,0.8092310491385853,0.8254481212227691,0.8098879451326713,0.019053840172665683,1135,1.0,1.0,1.0,1.0,1.0,1.0,0.0
33.50911226272583,1.1641192153340434,0.034918928146362306,0.0031968178326115112,0.5,0.1,7,3,1000,0.1,1.0,0.8,"{'clf__colsample_bytree': 0.5, 'clf__learning_rate': 0.1, 'clf__max_depth': 7, 'clf__min_child_weight': 3, 'clf__n_estimators': 1000, 'clf__reg_alpha': 0.1, 'clf__reg_lambda': 1.0, 'clf__subsample': 0.8}",0.8202419646081617,0.8289462704557045,0.797142857142857,0.7928325591821466,0.8443568059847129,0.8167040914747166,0.019388409191387443,486,1.0,1.0,1.0,1.0,1.0,1.0,0.0
36.15697870254517,1.7070678349080366,0.03982000350952149,0.0021227188737561855,0.5,0.1,7,3,1000,0.1,1.0,1.0,"{'clf__colsample_bytree': 0.5, 'clf__learning_rate': 0.1, 'clf__max_depth': 7, 'clf__min_child_weight': 3, 'clf__n_estimators': 1000, 'clf__reg_alpha': 0.1, 'clf__reg_lambda': 1.0, 'clf__subsample': 1.0}",0.8256766220001515,0.8288329120543887,0.7852122188751497,0.8064236194888128,0.8332959960173529,0.8158882736871711,0.017871789165070304,573,1.0,1.0,1.0,1.0,1.0,1.0,0.0
50.838289976119995,1.4553097229011684,0.0462249755859375,0.0012320574614810929,0.5,0.1,7,3,1000,0.1,10.0,0.8,"{'clf__colsample_bytree': 0.5, 'clf__learning_rate': 0.1, 'clf__max_depth': 7, 'clf__min_child_weight': 3, 'clf__n_estimators': 1000, 'clf__reg_alpha': 0.1, 'clf__reg_lambda': 10.0, 'clf__subsample': 0.8}",0.8122667466437942,0.8160190103438635,0.7929685119690348,0.7921017709791054,0.8480867440799447,0.8122885568031485,0.020377425872298027,964,1.0,1.0,1.0,1.0,1.0,1.0,0.0
54.6717610836029,1.0646389920400419,0.048382806777954104,0.00393062294236863,0.5,0.1,7,3,1000,0.1,10.0,1.0,"{'clf__colsample_bytree': 0.5, 'clf__learning_rate': 0.1, 'clf__max_depth': 7, 'clf__min_child_weight': 3, 'clf__n_estimators': 1000, 'clf__reg_alpha': 0.1, 'clf__reg_lambda': 10.0, 'clf__subsample': 1.0}",0.8207286792027618,0.8340793453122219,0.7808794602768727,0.8094369881123682,0.8258749466495945,0.8141998839107639,0.018477343158911426,761,1.0,1.0,1.0,1.0,1.0,1.0,0.0
17.69347252845764,0.7818222551201065,0.019160699844360352,0.0006753145274015767,0.5,0.1,7,5,300,0.0,1.0,0.8,"{'clf__colsample_bytree': 0.5, 'clf__learning_rate': 0.1, 'clf__max_depth': 7, 'clf__min_child_weight': 5, 'clf__n_estimators': 300, 'clf__reg_alpha': 0.0, 'clf__reg_lambda': 1.0, 'clf__subsample': 0.8}",0.8016826156299841,0.8291382837953105,0.7864985499936956,0.8031094607171958,0.8340902935520755,0.8109038407376523,0.017952760659158216,1083,1.0,1.0,1.0,1.0,1.0,1.0,0.0
18.503995656967163,0.3702954446505834,0.020978736877441406,0.0010076124213907356,0.5,0.1,7,5,300,0.0,1.0,1.0,"{'clf__colsample_bytree': 0.5, 'clf__learning_rate': 0.1, 'clf__max_depth': 7, 'clf__min_child_weight': 5, 'clf__n_estimators': 300, 'clf__reg_alpha': 0.0, 'clf__reg_lambda': 1.0, 'clf__subsample': 1.0}",0.8169457338087933,0.8254772073564021,0.7809574244525701,0.7938451957226943,0.8390412556890784,0.8112533634059076,0.021108178482398685,1058,1.0,1.0,1.0,1.0,1.0,1.0,0.0
23.15516619682312,0.4401814297194906,0.025057125091552734,0.0013883103289265238,0.5,0.1,7,5,300,0.0,10.0,0.8,"{'clf__colsample_bytree': 0.5, 'clf__learning_rate': 0.1, 'clf__max_depth': 7, 'clf__min_child_weight': 5, 'clf__n_estimators': 300, 'clf__reg_alpha': 0.0, 'clf__reg_lambda': 10.0, 'clf__subsample': 0.8}",0.811086230080498,0.8278912231091097,0.7891184480633597,0.8083676264049019,0.836485122749505,0.8145897300814748,0.016468838641001193,732,1.0,1.0,1.0,1.0,1.0,1.0,0.0
24.5213743686676,1.0508436727913135,0.02458820343017578,0.0017094917480848539,0.5,0.1,7,5,300,0.0,10.0,1.0,"{'clf__colsample_bytree': 0.5, 'clf__learning_rate': 0.1, 'clf__max_depth': 7, 'clf__min_child_weight': 5, 'clf__n_estimators': 300, 'clf__reg_alpha': 0.0, 'clf__reg_lambda': 10.0, 'clf__subsample': 1.0}",0.8222928619368247,0.8295324033897418,0.7743556325191396,0.8097400715939903,0.825947298569332,0.8123736536018058,0.020146279593100506,953,1.0,1.0,1.0,1.0,1.0,1.0,0.0
18.55641827583313,1.0280635477404019,0.021506643295288085,0.0012279532458607761,0.5,0.1,7,5,300,0.1,1.0,0.8,"{'clf__colsample_bytree': 0.5, 'clf__learning_rate': 0.1, 'clf__max_depth': 7, 'clf__min_child_weight': 5, 'clf__n_estimators': 300, 'clf__reg_alpha': 0.1, 'clf__reg_lambda': 1.0, 'clf__subsample': 0.8}",0.8088363162465692,0.8210930794451883,0.7856018936909082,0.7907616007760996,0.8323419682265782,0.8077269716770686,0.017681201447166246,1213,1.0,1.0,1.0,1.0,1.0,1.0,0.0
18.933696699142455,0.39447125008285266,0.02172818183898926,0.0005618847756298308,0.5,0.1,7,5,300,0.1,1.0,1.0,"{'clf__colsample_bytree': 0.5, 'clf__learning_rate': 0.1, 'clf__max_depth': 7, 'clf__min_child_weight': 5, 'clf__n_estimators': 300, 'clf__reg_alpha': 0.1, 'clf__reg_lambda': 1.0, 'clf__subsample': 1.0}",0.8163511104687575,0.8313562802360882,0.8029143520274519,0.8054350421125447,0.8262351034366303,0.8164583776562946,0.011157938261661721,514,1.0,1.0,1.0,1.0,1.0,1.0,0.0
24.092763948440552,1.0013697262373091,0.02451629638671875,0.0029717998204772888,0.5,0.1,7,5,300,0.1,10.0,0.8,"{'clf__colsample_bytree': 0.5, 'clf__learning_rate': 0.1, 'clf__max_depth': 7, 'clf__min_child_weight': 5, 'clf__n_estimators': 300, 'clf__reg_alpha': 0.1, 'clf__reg_lambda': 10.0, 'clf__subsample': 0.8}",0.8208639462894782,0.82575150434535,0.799191374385652,0.782809090711227,0.8467588907440073,0.8150749612951429,0.02211220044110286,671,1.0,1.0,1.0,1.0,1.0,1.0,0.0
25.912837505340576,0.8268356138355727,0.023626422882080077,0.001140564466403632,0.5,0.1,7,5,300,0.1,10.0,1.0,"{'clf__colsample_bytree': 0.5, 'clf__learning_rate': 0.1, 'clf__max_depth': 7, 'clf__min_child_weight': 5, 'clf__n_estimators': 300, 'clf__reg_alpha': 0.1, 'clf__reg_lambda': 10.0, 'clf__subsample': 1.0}",0.8304484784621771,0.8357412354198487,0.77308116723982,0.7997982024390502,0.8231094379609412,0.8124357043043673,0.023194923774684528,945,1.0,1.0,1.0,1.0,1.0,1.0,0.0
24.011976051330567,1.0208253456399288,0.028645706176757813,0.0017980423308853136,0.5,0.1,7,5,600,0.0,1.0,0.8,"{'clf__colsample_bytree': 0.5, 'clf__learning_rate': 0.1, 'clf__max_depth': 7, 'clf__min_child_weight': 5, 'clf__n_estimators': 600, 'clf__reg_alpha': 0.0, 'clf__reg_lambda': 1.0, 'clf__subsample': 0.8}",0.809859574328265,0.8314318617769618,0.7750097046149678,0.8056233179344363,0.8425055223066762,0.8128859961922614,0.023314307392466115,906,1.0,1.0,1.0,1.0,1.0,1.0,0.0
25.37955732345581,0.43908408324679166,0.03061976432800293,0.000967527840887949,0.5,0.1,7,5,600,0.0,1.0,1.0,"{'clf__colsample_bytree': 0.5, 'clf__learning_rate': 0.1, 'clf__max_depth': 7, 'clf__min_child_weight': 5, 'clf__n_estimators': 600, 'clf__reg_alpha': 0.0, 'clf__reg_lambda': 1.0, 'clf__subsample': 1.0}",0.8204321081156011,0.8194529408815123,0.7866448466500594,0.7938451957226943,0.8390412556890784,0.8118832694117891,0.019132636378156456,1012,1.0,1.0,1.0,1.0,1.0,1.0,0.0
32.56486330032349,0.6195183376864116,0.03061785697937012,0.001863203390620215,0.5,0.1,7,5,600,0.0,10.0,0.8,"{'clf__colsample_bytree': 0.5, 'clf__learning_rate': 0.1, 'clf__max_depth': 7, 'clf__min_child_weight': 5, 'clf__n_estimators': 600, 'clf__reg_alpha': 0.0, 'clf__reg_lambda': 10.0, 'clf__subsample': 0.8}",0.8005605445187634,0.8278912231091097,0.7920803507432815,0.7986496021923651,0.845056699066133,0.8128476839259304,0.02023645312153766,911,1.0,1.0,1.0,1.0,1.0,1.0,0.0
34.515494918823244,1.1577123604592747,0.0319331169128418,0.0016733602673973471,0.5,0.1,7,5,600,0.0,10.0,1.0,"{'clf__colsample_bytree': 0.5, 'clf__learning_rate': 0.1, 'clf__max_depth': 7, 'clf__min_child_weight': 5, 'clf__n_estimators': 600, 'clf__reg_alpha': 0.0, 'clf__reg_lambda': 10.0, 'clf__subsample': 1.0}",0.8152702770277027,0.8227525441868715,0.7809104737620516,0.8091013574140529,0.8203652279465432,0.8096799760674444,0.015128365227143125,1148,1.0,1.0,1.0,1.0,1.0,1.0,0.0
24.434764289855956,1.0151594062802098,0.027257585525512697,0.0021793570384820563,0.5,0.1,7,5,600,0.1,1.0,0.8,"{'clf__colsample_bytree': 0.5, 'clf__learning_rate': 0.1, 'clf__max_depth': 7, 'clf__min_child_weight': 5, 'clf__n_estimators': 600, 'clf__reg_alpha': 0.1, 'clf__reg_lambda': 1.0, 'clf__subsample': 0.8}",0.8088363162465692,0.8304465070580473,0.7973735810567226,0.7786801910436468,0.8450630027853334,0.8120799196380638,0.023526812512393906,989,1.0,1.0,1.0,1.0,1.0,1.0,0.0
25.519066953659056,0.7530602887350409,0.027441978454589844,0.0013385403470528945,0.5,0.1,7,5,600,0.1,1.0,1.0,"{'clf__colsample_bytree': 0.5, 'clf__learning_rate': 0.1, 'clf__max_depth': 7, 'clf__min_child_weight': 5, 'clf__n_estimators': 600, 'clf__reg_alpha': 0.1, 'clf__reg_lambda': 1.0, 'clf__subsample': 1.0}",0.8133589573532252,0.8339950825025452,0.8029143520274519,0.7954713998011712,0.8323220411663808,0.8156123665701548,0.015421500828244037,605,1.0,1.0,1.0,1.0,1.0,1.0,0.0
32.24339556694031,1.155869058048906,0.02885594367980957,0.0019234169793503706,0.5,0.1,7,5,600,0.1,10.0,0.8,"{'clf__colsample_bytree': 0.5, 'clf__learning_rate': 0.1, 'clf__max_depth': 7, 'clf__min_child_weight': 5, 'clf__n_estimators': 600, 'clf__reg_alpha': 0.1, 'clf__reg_lambda': 10.0, 'clf__subsample': 0.8}",0.8133888177550149,0.8315827101758557,0.799191374385652,0.7950643721801041,0.8505696297917587,0.817959380857677,0.02071874983491933,351,1.0,1.0,1.0,1.0,1.0,1.0,0.0
34.24999599456787,1.0237634744168242,0.02779560089111328,0.0008546759629173734,0.5,0.1,7,5,600,0.1,10.0,1.0,"{'clf__colsample_bytree': 0.5, 'clf__learning_rate': 0.1, 'clf__max_depth': 7, 'clf__min_child_weight': 5, 'clf__n_estimators': 600, 'clf__reg_alpha': 0.1, 'clf__reg_lambda': 10.0, 'clf__subsample': 1.0}",0.8183797786772188,0.8297487408238341,0.786773587310762,0.79663397752091,0.8169822279865717,0.8097036624638593,0.01566309475236815,1147,1.0,1.0,1.0,1.0,1.0,1.0,0.0
27.762114238739013,0.5877857672359533,0.031077766418457033,0.0022954676850057013,0.5,0.1,7,5,1000,0.0,1.0,0.8,"{'clf__colsample_bytree': 0.5, 'clf__learning_rate': 0.1, 'clf__max_depth': 7, 'clf__min_child_weight': 5, 'clf__n_estimators': 1000, 'clf__reg_alpha': 0.0, 'clf__reg_lambda': 1.0, 'clf__subsample': 0.8}",0.8165049153764591,0.8379773542479748,0.7896572536908891,0.8086358403265057,0.8437815334482907,0.8193113794180238,0.019740403251044224,241,1.0,1.0,1.0,1.0,1.0,1.0,0.0
29.069991493225096,1.2886276468400246,0.030907630920410156,0.001373956729214851,0.5,0.1,7,5,1000,0.0,1.0,1.0,"{'clf__colsample_bytree': 0.5, 'clf__learning_rate': 0.1, 'clf__max_depth': 7, 'clf__min_child_weight': 5, 'clf__n_estimators': 1000, 'clf__reg_alpha': 0.0, 'clf__reg_lambda': 1.0, 'clf__subsample': 1.0}",0.8172996591627187,0.8343788950712316,0.7901637214137214,0.7942608188774598,0.8391868891934706,0.8150579967437205,0.020063764177447197,675,1.0,1.0,1.0,1.0,1.0,1.0,0.0
35.670065832138064,1.3124401007417654,0.027222919464111327,0.0013565528689877654,0.5,0.1,7,5,1000,0.0,10.0,0.8,"{'clf__colsample_bytree': 0.5, 'clf__learning_rate': 0.1, 'clf__max_depth': 7, 'clf__min_child_weight': 5, 'clf__n_estimators': 1000, 'clf__reg_alpha': 0.0, 'clf__reg_lambda': 10.0, 'clf__subsample': 0.8}",0.8005605445187634,0.8323950765909751,0.8065742152584258,0.8018263183357522,0.845056699066133,0.8172825707540099,0.01807197174532742,421,1.0,1.0,1.0,1.0,1.0,1.0,0.0
33.76451826095581,2.109309444589563,0.02711491584777832,0.0009929491974877114,0.5,0.1,7,5,1000,0.0,10.0,1.0,"{'clf__colsample_bytree': 0.5, 'clf__learning_rate': 0.1, 'clf__max_depth': 7, 'clf__min_child_weight': 5, 'clf__n_estimators': 1000, 'clf__reg_alpha': 0.0, 'clf__reg_lambda': 10.0, 'clf__subsample': 1.0}",0.8152702770277027,0.8227525441868715,0.7856319287776242,0.8055284157993661,0.8253661997948472,0.8109098731172824,0.014395707097856456,1082,1.0,1.0,1.0,1.0,1.0,1.0,0.0
25.69507231712341,1.1585904746656002,0.02654376029968262,0.0015549171376331545,0.5,0.1,7,5,1000,0.1,1.0,0.8,"{'clf__colsample_bytree': 0.5, 'clf__learning_rate': 0.1, 'clf__max_depth': 7, 'clf__min_child_weight': 5, 'clf__n_estimators': 1000, 'clf__reg_alpha': 0.1, 'clf__reg_lambda': 1.0, 'clf__subsample': 0.8}",0.8051369088838871,0.8337391769681689,0.7861929044947913,0.7791210823952223,0.8315514932211752,0.8071483131926488,0.0225001768837167,1229,1.0,1.0,1.0,1.0,1.0,1.0,0.0
25.987772846221922,1.222937889690134,0.024631786346435546,0.0018811625994934614,0.5,0.1,7,5,1000,0.1,1.0,1.0,"{'clf__colsample_bytree': 0.5, 'clf__learning_rate': 0.1, 'clf__max_depth': 7, 'clf__min_child_weight': 5, 'clf__n_estimators': 1000, 'clf__reg_alpha': 0.1, 'clf__reg_lambda': 1.0, 'clf__subsample': 1.0}",0.8163295224133258,0.8307460119788888,0.798059983095413,0.7980906779169633,0.8323220411663808,0.8151096473141942,0.014983903807917665,665,1.0,1.0,1.0,1.0,1.0,1.0,0.0
29.62723879814148,1.353563461787306,0.023954057693481447,0.0011369909480006323,0.5,0.1,7,5,1000,0.1,10.0,0.8,"{'clf__colsample_bytree': 0.5, 'clf__learning_rate': 0.1, 'clf__max_depth': 7, 'clf__min_child_weight': 5, 'clf__n_estimators': 1000, 'clf__reg_alpha': 0.1, 'clf__reg_lambda': 10.0, 'clf__subsample': 0.8}",0.8054807950577492,0.8360865636577212,0.8047031834506851,0.7874942209893666,0.8444196257544307,0.8156368777819907,0.021266579662186126,602,1.0,1.0,1.0,1.0,1.0,1.0,0.0
30.660476875305175,1.2558046944838863,0.02398982048034668,0.0009340252441935519,0.5,0.1,7,5,1000,0.1,10.0,1.0,"{'clf__colsample_bytree': 0.5, 'clf__learning_rate': 0.1, 'clf__max_depth': 7, 'clf__min_child_weight': 5, 'clf__n_estimators': 1000, 'clf__reg_alpha': 0.1, 'clf__reg_lambda': 10.0, 'clf__subsample': 1.0}",0.8211616809454224,0.8327631052420968,0.7831860993443467,0.805673651767184,0.8169822279865717,0.8119533530571242,0.016793559515603587,1006,1.0,1.0,1.0,1.0,1.0,1.0,0.0
19.054112577438353,0.5053885946506769,0.011355972290039063,0.0007084067429304669,0.8,0.03,3,1,300,0.0,1.0,0.8,"{'clf__colsample_bytree': 0.8, 'clf__learning_rate': 0.03, 'clf__max_depth': 3, 'clf__min_child_weight': 1, 'clf__n_estimators': 300, 'clf__reg_alpha': 0.0, 'clf__reg_lambda': 1.0, 'clf__subsample': 0.8}",0.8242314751682197,0.8297127339558532,0.7796279612745206,0.790712833681057,0.8350057417080217,0.8118581491575345,0.022332065794926158,1016,0.9944073885470659,0.99167141829581,0.995842043379788,0.9937165001768862,0.9927850279027427,0.9936844756604586,0.001417048573408394
18.823082542419435,0.4962626945391431,0.01098041534423828,0.0008819400617850958,0.8,0.03,3,1,300,0.0,1.0,1.0,"{'clf__colsample_bytree': 0.8, 'clf__learning_rate': 0.03, 'clf__max_depth': 3, 'clf__min_child_weight': 1, 'clf__n_estimators': 300, 'clf__reg_alpha': 0.0, 'clf__reg_lambda': 1.0, 'clf__subsample': 1.0}",0.832575216195371,0.8302185481052055,0.770406218519426,0.7857497928748965,0.8116382761637467,0.806117610371729,0.024500976935429675,1249,0.9925826688725439,0.9892135099396571,0.992888257670132,0.9894487117842183,0.9868902926526032,0.9902046881838309,0.002253685413256032
19.272617626190186,0.28334492245249093,0.011873960494995117,0.0007646399114714325,0.8,0.03,3,1,300,0.0,10.0,0.8,"{'clf__colsample_bytree': 0.8, 'clf__learning_rate': 0.03, 'clf__max_depth': 3, 'clf__min_child_weight': 1, 'clf__n_estimators': 300, 'clf__reg_alpha': 0.0, 'clf__reg_lambda': 10.0, 'clf__subsample': 0.8}",0.8041327063740857,0.8259228580124314,0.7684769916557995,0.7913848730303393,0.8375188361476754,0.8054872530440663,0.0245524240485824,1261,0.9788708879091984,0.9718699548131975,0.9706794336484377,0.9716262648943228,0.9708365082626312,0.9727766099055575,0.0030805091827601685
18.685742712020875,0.6784704436490195,0.010717201232910156,8.656366287739644e-05,0.8,0.03,3,1,300,0.0,10.0,1.0,"{'clf__colsample_bytree': 0.8, 'clf__learning_rate': 0.03, 'clf__max_depth': 3, 'clf__min_child_weight': 1, 'clf__n_estimators': 300, 'clf__reg_alpha': 0.0, 'clf__reg_lambda': 10.0, 'clf__subsample': 1.0}",0.7978330450303545,0.8201657596369996,0.7912455122894229,0.7754936554720689,0.817398610327035,0.8004273165511762,0.01667545607719008,1290,0.9715402667059686,0.9748842926427911,0.9744089613259714,0.9778091800405325,0.9714673577802297,0.9740220116990986,0.00236310039321521
17.526252651214598,0.577665014532233,0.01050257682800293,0.0002223099519154855,0.8,0.03,3,1,300,0.1,1.0,0.8,"{'clf__colsample_bytree': 0.8, 'clf__learning_rate': 0.03, 'clf__max_depth': 3, 'clf__min_child_weight': 1, 'clf__n_estimators': 300, 'clf__reg_alpha': 0.1, 'clf__reg_lambda': 1.0, 'clf__subsample': 0.8}",0.8242314751682197,0.8327396918150343,0.7814333245125215,0.779829444578523,0.8386405490677142,0.8113748970284025,0.025521658150912962,1050,0.9932919230335947,0.9909610447797887,0.9942099173711629,0.9944275755619507,0.9934940779657528,0.9932769077424501,0.0012333006952717817
17.471760511398315,0.4276517217689116,0.01046285629272461,0.0004598128280100648,0.8,0.03,3,1,300,0.1,1.0,1.0,"{'clf__colsample_bytree': 0.8, 'clf__learning_rate': 0.03, 'clf__max_depth': 3, 'clf__min_child_weight': 1, 'clf__n_estimators': 300, 'clf__reg_alpha': 0.1, 'clf__reg_lambda': 1.0, 'clf__subsample': 1.0}",0.8222536789046556,0.8321206216995128,0.7634778861266498,0.7791999628395527,0.8295262930134002,0.8053156885167543,0.02836894840450057,1262,0.9907535505320672,0.9885004075404711,0.9939081596219127,0.9888523627823758,0.988406369799961,0.9900841700553575,0.00209340072542558
17.705119562149047,0.21393239961217383,0.010523366928100585,0.00043556135242356657,0.8,0.03,3,1,300,0.1,10.0,0.8,"{'clf__colsample_bytree': 0.8, 'clf__learning_rate': 0.03, 'clf__max_depth': 3, 'clf__min_child_weight': 1, 'clf__n_estimators': 300, 'clf__reg_alpha': 0.1, 'clf__reg_lambda': 10.0, 'clf__subsample': 0.8}",0.8081887179832384,0.8262807125890493,0.7686642634509933,0.7851607814843109,0.8375188361476754,0.8051626623310535,0.02543328292523826,1263,0.9788708879091984,0.9699088130434803,0.9706794336484377,0.9716262648943228,0.9720579053413017,0.9726286609673481,0.0032091437155477064
17.69208245277405,0.14432287711921213,0.010209083557128906,0.00014867618956286254,0.8,0.03,3,1,300,0.1,10.0,1.0,"{'clf__colsample_bytree': 0.8, 'clf__learning_rate': 0.03, 'clf__max_depth': 3, 'clf__min_child_weight': 1, 'clf__n_estimators': 300, 'clf__reg_alpha': 0.1, 'clf__reg_lambda': 10.0, 'clf__subsample': 1.0}",0.8114888902008578,0.828509154315606,0.7834764624968602,0.7784924120787499,0.8194960667526596,0.8042925971689467,0.019841042181278124,1274,0.9736816074036398,0.9779714269024775,0.97583931655328,0.9765683094889488,0.9721797410993223,0.9752480802895336,0.0020677390996553468
31.243902015686036,0.3370182603808459,0.018384838104248048,0.000704478814086344,0.8,0.03,3,1,600,0.0,1.0,0.8,"{'clf__colsample_bytree': 0.8, 'clf__learning_rate': 0.03, 'clf__max_depth': 3, 'clf__min_child_weight': 1, 'clf__n_estimators': 600, 'clf__reg_alpha': 0.0, 'clf__reg_lambda': 1.0, 'clf__subsample': 0.8}",0.8192436225706464,0.8263215768799449,0.7754391039884585,0.8015174233566145,0.8482604619316193,0.8141564377454567,0.024477463689155435,766,1.0,1.0,1.0,1.0,1.0,1.0,0.0
31.626803731918336,0.1899197117522548,0.019110584259033205,0.00020902860488656474,0.8,0.03,3,1,600,0.0,1.0,1.0,"{'clf__colsample_bytree': 0.8, 'clf__learning_rate': 0.03, 'clf__max_depth': 3, 'clf__min_child_weight': 1, 'clf__n_estimators': 600, 'clf__reg_alpha': 0.0, 'clf__reg_lambda': 1.0, 'clf__subsample': 1.0}",0.825975422654373,0.8323588919234712,0.7811530691583216,0.7976572088419318,0.826536467525027,0.8127362120206248,0.019877849816742215,917,1.0,1.0,1.0,1.0,1.0,1.0,0.0
33.77908344268799,0.3207658358229132,0.018747472763061525,0.0007977076729179796,0.8,0.03,3,1,600,0.0,10.0,0.8,"{'clf__colsample_bytree': 0.8, 'clf__learning_rate': 0.03, 'clf__max_depth': 3, 'clf__min_child_weight': 1, 'clf__n_estimators': 600, 'clf__reg_alpha': 0.0, 'clf__reg_lambda': 10.0, 'clf__subsample': 0.8}",0.8047007516429241,0.828388294243378,0.7740174242568179,0.7915460335842501,0.8375188361476754,0.8072342679750092,0.023326148446199988,1227,0.9990802514078543,1.0,1.0,0.9990771574058865,0.9990825960013635,0.9994480009630209,0.00045070862846163887
34.210315752029416,0.1380959914390922,0.018826913833618165,0.000922056418715337,0.8,0.03,3,1,600,0.0,10.0,1.0,"{'clf__colsample_bytree': 0.8, 'clf__learning_rate': 0.03, 'clf__max_depth': 3, 'clf__min_child_weight': 1, 'clf__n_estimators': 600, 'clf__reg_alpha': 0.0, 'clf__reg_lambda': 10.0, 'clf__subsample': 1.0}",0.806983856665755,0.8198498277221968,0.7779947381530605,0.7904500183911949,0.843786421807802,0.8078129725480018,0.02293583068807926,1210,0.9990802514078543,0.9992893709207822,1.0,1.0,0.9990825960013635,0.999490443666,0.00042292386314810655
31.55607752799988,0.3545338778301697,0.019008541107177736,0.0006934110243574422,0.8,0.03,3,1,600,0.1,1.0,0.8,"{'clf__colsample_bytree': 0.8, 'clf__learning_rate': 0.03, 'clf__max_depth': 3, 'clf__min_child_weight': 1, 'clf__n_estimators': 600, 'clf__reg_alpha': 0.1, 'clf__reg_lambda': 1.0, 'clf__subsample': 0.8}",0.8297849319908144,0.8266834873201333,0.7739474657787643,0.8006548833210984,0.8492480018307949,0.816063754048321,0.02612837076618167,553,1.0,1.0,1.0,1.0,1.0,1.0,0.0
32.18921761512756,0.16343323687846234,0.018764209747314454,0.0004143658221683491,0.8,0.03,3,1,600,0.1,1.0,1.0,"{'clf__colsample_bytree': 0.8, 'clf__learning_rate': 0.03, 'clf__max_depth': 3, 'clf__min_child_weight': 1, 'clf__n_estimators': 600, 'clf__reg_alpha': 0.1, 'clf__reg_lambda': 1.0, 'clf__subsample': 1.0}",0.8170386295386295,0.8346419969463023,0.777100758641043,0.810879944173783,0.8285892775010686,0.8136501213601652,0.02009402404357863,834,1.0,1.0,1.0,1.0,1.0,1.0,0.0
33.96862435340881,0.20697588159911692,0.018591976165771483,0.0007850360239536971,0.8,0.03,3,1,600,0.1,10.0,0.8,"{'clf__colsample_bytree': 0.8, 'clf__learning_rate': 0.03, 'clf__max_depth': 3, 'clf__min_child_weight': 1, 'clf__n_estimators': 600, 'clf__reg_alpha': 0.1, 'clf__reg_lambda': 10.0, 'clf__subsample': 0.8}",0.8080721003134796,0.828388294243378,0.7923780038331122,0.8016880073331686,0.8419403155117,0.8144933442469677,0.018114652498790906,740,0.9990802514078543,1.0,1.0,0.9990771574058865,0.9990825960013635,0.9994480009630209,0.00045070862846163887
34.478818321228026,0.34417755070026407,0.01943039894104004,0.0010081762859983838,0.8,0.03,3,1,600,0.1,10.0,1.0,"{'clf__colsample_bytree': 0.8, 'clf__learning_rate': 0.03, 'clf__max_depth': 3, 'clf__min_child_weight': 1, 'clf__n_estimators': 600, 'clf__reg_alpha': 0.1, 'clf__reg_lambda': 10.0, 'clf__subsample': 1.0}",0.8122182020127225,0.8273571495402705,0.7779947381530605,0.7897564695477409,0.8325938110059271,0.8079840740519444,0.021121026869101753,1206,0.9990802514078543,0.9992893709207822,1.0,1.0,0.9990825960013635,0.999490443666,0.00042292386314810655
45.919248056411746,0.34912761896128314,0.02795834541320801,0.000497268948566185,0.8,0.03,3,1,1000,0.0,1.0,0.8,"{'clf__colsample_bytree': 0.8, 'clf__learning_rate': 0.03, 'clf__max_depth': 3, 'clf__min_child_weight': 1, 'clf__n_estimators': 1000, 'clf__reg_alpha': 0.0, 'clf__reg_lambda': 1.0, 'clf__subsample': 0.8}",0.8247662266226622,0.8354114192095937,0.7929949393329675,0.8122268631705319,0.8579187182908086,0.8246636333253127,0.02181286562524515,23,1.0,1.0,1.0,1.0,1.0,1.0,0.0
47.910873889923096,0.8532619178919483,0.02859835624694824,0.0005905997014917234,0.8,0.03,3,1,1000,0.0,1.0,1.0,"{'clf__colsample_bytree': 0.8, 'clf__learning_rate': 0.03, 'clf__max_depth': 3, 'clf__min_child_weight': 1, 'clf__n_estimators': 1000, 'clf__reg_alpha': 0.0, 'clf__reg_lambda': 1.0, 'clf__subsample': 1.0}",0.8269697376977516,0.8377570389103045,0.7853142118544962,0.7850758376679212,0.8308840570427494,0.8132001766346445,0.023125593601113652,880,1.0,1.0,1.0,1.0,1.0,1.0,0.0
54.066824436187744,0.40766174862041343,0.028779888153076173,0.001084135924737448,0.8,0.03,3,1,1000,0.0,10.0,0.8,"{'clf__colsample_bytree': 0.8, 'clf__learning_rate': 0.03, 'clf__max_depth': 3, 'clf__min_child_weight': 1, 'clf__n_estimators': 1000, 'clf__reg_alpha': 0.0, 'clf__reg_lambda': 10.0, 'clf__subsample': 0.8}",0.8140065124933547,0.8299744688824865,0.7860011929693466,0.7906604506604507,0.8404955041008622,0.8122276258213,0.021308010903954965,974,1.0,1.0,1.0,1.0,1.0,1.0,0.0
55.58433270454407,0.4295048750636782,0.02962522506713867,0.0009205661065161778,0.8,0.03,3,1,1000,0.0,10.0,1.0,"{'clf__colsample_bytree': 0.8, 'clf__learning_rate': 0.03, 'clf__max_depth': 3, 'clf__min_child_weight': 1, 'clf__n_estimators': 1000, 'clf__reg_alpha': 0.0, 'clf__reg_lambda': 10.0, 'clf__subsample': 1.0}",0.8068926959337919,0.8254767390371816,0.7902168092570936,0.8012796529564336,0.8446045344409829,0.8136940863250967,0.01921377793827227,821,1.0,1.0,1.0,1.0,1.0,1.0,0.0
47.50288624763489,0.32965673290558023,0.029543066024780275,0.0008105132028378354,0.8,0.03,3,1,1000,0.1,1.0,0.8,"{'clf__colsample_bytree': 0.8, 'clf__learning_rate': 0.03, 'clf__max_depth': 3, 'clf__min_child_weight': 1, 'clf__n_estimators': 1000, 'clf__reg_alpha': 0.1, 'clf__reg_lambda': 1.0, 'clf__subsample': 0.8}",0.8209263448969331,0.8264865271714588,0.7889083783589893,0.8110833782383213,0.8579187182908086,0.8210646693913022,0.022455688908499662,126,1.0,1.0,1.0,1.0,1.0,1.0,0.0
49.41435122489929,0.41922817818944547,0.029414653778076172,0.0005217781316362413,0.8,0.03,3,1,1000,0.1,1.0,1.0,"{'clf__colsample_bytree': 0.8, 'clf__learning_rate': 0.03, 'clf__max_depth': 3, 'clf__min_child_weight': 1, 'clf__n_estimators': 1000, 'clf__reg_alpha': 0.1, 'clf__reg_lambda': 1.0, 'clf__subsample': 1.0}",0.81871408631972,0.8365823112586768,0.7882976672450357,0.8081207322913484,0.8387558153151715,0.8180941224859906,0.01874246668247193,337,1.0,1.0,1.0,1.0,1.0,1.0,0.0
54.22935791015625,0.3436507175468404,0.029578733444213866,0.0012961935822272568,0.8,0.03,3,1,1000,0.1,10.0,0.8,"{'clf__colsample_bytree': 0.8, 'clf__learning_rate': 0.03, 'clf__max_depth': 3, 'clf__min_child_weight': 1, 'clf__n_estimators': 1000, 'clf__reg_alpha': 0.1, 'clf__reg_lambda': 10.0, 'clf__subsample': 0.8}",0.8080721003134796,0.8262538053541725,0.7975493816227984,0.7942715349166962,0.843748883104972,0.8139791410624237,0.018601746103007404,791,1.0,1.0,1.0,1.0,1.0,1.0,0.0
56.13652811050415,0.20809498424684703,0.02947077751159668,0.0011264832513069559,0.8,0.03,3,1,1000,0.1,10.0,1.0,"{'clf__colsample_bytree': 0.8, 'clf__learning_rate': 0.03, 'clf__max_depth': 3, 'clf__min_child_weight': 1, 'clf__n_estimators': 1000, 'clf__reg_alpha': 0.1, 'clf__reg_lambda': 10.0, 'clf__subsample': 1.0}",0.8018778518778519,0.8349924933984534,0.7820072909546594,0.7930244434039501,0.8418404745201733,0.8107485108310175,0.023551517034712185,1096,1.0,1.0,1.0,1.0,1.0,1.0,0.0
14.96728482246399,0.1474099842955802,0.010845184326171875,0.0006720479708055432,0.8,0.03,3,3,300,0.0,1.0,0.8,"{'clf__colsample_bytree': 0.8, 'clf__learning_rate': 0.03, 'clf__max_depth': 3, 'clf__min_child_weight': 3, 'clf__n_estimators': 300, 'clf__reg_alpha': 0.0, 'clf__reg_lambda': 1.0, 'clf__subsample': 0.8}",0.824930842772323,0.8266834873201333,0.7755876020133295,0.787116190812409,0.8266459451081711,0.8081928136052733,0.022225699306873428,1199,0.9906223982727274,0.9872702867523717,0.9923653870501166,0.9904706630923553,0.9877997411696254,0.9897056952674392,0.0019007028284368404
15.393298768997193,0.07513872746487572,0.010641145706176757,0.0005410144762981201,0.8,0.03,3,3,300,0.0,1.0,1.0,"{'clf__colsample_bytree': 0.8, 'clf__learning_rate': 0.03, 'clf__max_depth': 3, 'clf__min_child_weight': 3, 'clf__n_estimators': 300, 'clf__reg_alpha': 0.0, 'clf__reg_lambda': 1.0, 'clf__subsample': 1.0}",0.8183739301033822,0.8297127339558532,0.7812313066714915,0.7857024771674963,0.8204351143853543,0.8070911124567155,0.019714489065428175,1231,0.9901282613216115,0.9865489825322842,0.9895319581282226,0.9868974026385541,0.9867775608325242,0.9879768330906392,0.001529002196369309
15.900976514816284,0.12288274234684059,0.01123652458190918,0.0004925764218516432,0.8,0.03,3,3,300,0.0,10.0,0.8,"{'clf__colsample_bytree': 0.8, 'clf__learning_rate': 0.03, 'clf__max_depth': 3, 'clf__min_child_weight': 3, 'clf__n_estimators': 300, 'clf__reg_alpha': 0.0, 'clf__reg_lambda': 10.0, 'clf__subsample': 0.8}",0.8067522001527534,0.8274551628421827,0.7720660246603642,0.7912157274941878,0.8375188361476754,0.8070015902594327,0.02374615897528087,1233,0.9767050945214854,0.9706112221394951,0.9699769711244735,0.9701601346773839,0.9719882572436898,0.9718883359413055,0.002509269304830568
16.22376389503479,0.09353996701277932,0.012301874160766602,0.00039087663797788023,0.8,0.03,3,3,300,0.0,10.0,1.0,"{'clf__colsample_bytree': 0.8, 'clf__learning_rate': 0.03, 'clf__max_depth': 3, 'clf__min_child_weight': 3, 'clf__n_estimators': 300, 'clf__reg_alpha': 0.0, 'clf__reg_lambda': 10.0, 'clf__subsample': 1.0}",0.816532071860749,0.828040027605245,0.7808255250221452,0.7886532925448632,0.8282237737257279,0.8084549381517461,0.019975546632983746,1194,0.9736816074036398,0.9747906665363351,0.9744181288609717,0.975854673459089,0.9707475050393801,0.9738985162598832,0.0017244362280259043
15.331196832656861,0.17105206342618465,0.011229658126831054,0.00040216539209595516,0.8,0.03,3,3,300,0.1,1.0,0.8,"{'clf__colsample_bytree': 0.8, 'clf__learning_rate': 0.03, 'clf__max_depth': 3, 'clf__min_child_weight': 3, 'clf__n_estimators': 300, 'clf__reg_alpha': 0.1, 'clf__reg_lambda': 1.0, 'clf__subsample': 0.8}",0.82390637205669,0.8266834873201333,0.7725125251314778,0.779829444578523,0.8415290685977821,0.8088921795369213,0.027478154796675137,1178,0.9882850753352052,0.9863514002438138,0.9916557016687051,0.9915786790280022,0.9877997411696254,0.9891341194890704,0.002125051335877445
15.515931797027587,0.17513976508581272,0.010805892944335937,0.0003831174372201608,0.8,0.03,3,3,300,0.1,1.0,1.0,"{'clf__colsample_bytree': 0.8, 'clf__learning_rate': 0.03, 'clf__max_depth': 3, 'clf__min_child_weight': 3, 'clf__n_estimators': 300, 'clf__reg_alpha': 0.1, 'clf__reg_lambda': 1.0, 'clf__subsample': 1.0}",0.8222536789046556,0.8286070237765292,0.7827092133143343,0.7918375670867849,0.8187356664902543,0.8088286299145115,0.018113455315932073,1182,0.9875589549857291,0.987587716732371,0.9856090492367868,0.988007944147398,0.985654840634856,0.9868837011474282,0.0010344431995643391
15.975167655944825,0.07554707109786626,0.011168718338012695,0.0005013930134342526,0.8,0.03,3,3,300,0.1,10.0,0.8,"{'clf__colsample_bytree': 0.8, 'clf__learning_rate': 0.03, 'clf__max_depth': 3, 'clf__min_child_weight': 3, 'clf__n_estimators': 300, 'clf__reg_alpha': 0.1, 'clf__reg_lambda': 10.0, 'clf__subsample': 0.8}",0.8029316816816816,0.8229023342106708,0.7762636029987836,0.7912157274941878,0.8402877965779262,0.80672022859265,0.022675938116217823,1236,0.973828868021366,0.9698940364636823,0.9698668280998703,0.9695991452662773,0.9708365082626312,0.9708050772227654,0.0015690046060462695
16.357885313034057,0.18869097957359376,0.011281156539916992,0.00036364764683431537,0.8,0.03,3,3,300,0.1,10.0,1.0,"{'clf__colsample_bytree': 0.8, 'clf__learning_rate': 0.03, 'clf__max_depth': 3, 'clf__min_child_weight': 3, 'clf__n_estimators': 300, 'clf__reg_alpha': 0.1, 'clf__reg_lambda': 10.0, 'clf__subsample': 1.0}",0.8034275184275185,0.8306847627743361,0.7867877207750058,0.7916609305202456,0.8185747332793658,0.8062271331552944,0.01642279958427549,1245,0.9715402667059686,0.9740711475817281,0.9722288922499889,0.9736926382046155,0.9703915096597615,0.9723848908804126,0.0013612464131291515
26.561357307434083,0.39175924471445817,0.02048358917236328,0.000589078372368181,0.8,0.03,3,3,600,0.0,1.0,0.8,"{'clf__colsample_bytree': 0.8, 'clf__learning_rate': 0.03, 'clf__max_depth': 3, 'clf__min_child_weight': 3, 'clf__n_estimators': 600, 'clf__reg_alpha': 0.0, 'clf__reg_lambda': 1.0, 'clf__subsample': 0.8}",0.8149371660629268,0.8338694355653341,0.7849338028973438,0.797794014042154,0.8455944949897671,0.8154257827115053,0.022321283013066746,627,1.0,1.0,1.0,1.0,1.0,1.0,0.0
27.688959503173827,0.2514119653058585,0.020235633850097655,0.00030835019105065814,0.8,0.03,3,3,600,0.0,1.0,1.0,"{'clf__colsample_bytree': 0.8, 'clf__learning_rate': 0.03, 'clf__max_depth': 3, 'clf__min_child_weight': 3, 'clf__n_estimators': 600, 'clf__reg_alpha': 0.0, 'clf__reg_lambda': 1.0, 'clf__subsample': 1.0}",0.8170386295386295,0.8319830602811544,0.7982251107245271,0.815875478199422,0.8234122824600474,0.8173069122407559,0.011125654991469112,418,1.0,1.0,1.0,1.0,1.0,1.0,0.0
29.874974536895753,0.3486838070030675,0.020581722259521484,0.0016228176314258748,0.8,0.03,3,3,600,0.0,10.0,0.8,"{'clf__colsample_bytree': 0.8, 'clf__learning_rate': 0.03, 'clf__max_depth': 3, 'clf__min_child_weight': 3, 'clf__n_estimators': 600, 'clf__reg_alpha': 0.0, 'clf__reg_lambda': 10.0, 'clf__subsample': 0.8}",0.8052759740259741,0.823893593668924,0.7892548078704105,0.7904079081437991,0.8374692554750414,0.8092603078368299,0.018875305031218148,1168,0.9990802514078543,1.0,0.9990771574058865,0.9990771574058865,0.9981628558539307,0.9990794844147116,0.0005809592549252828
30.818791818618774,0.13557145348014718,0.02084493637084961,0.0009677286363436685,0.8,0.03,3,3,600,0.0,10.0,1.0,"{'clf__colsample_bytree': 0.8, 'clf__learning_rate': 0.03, 'clf__max_depth': 3, 'clf__min_child_weight': 3, 'clf__n_estimators': 600, 'clf__reg_alpha': 0.0, 'clf__reg_lambda': 10.0, 'clf__subsample': 1.0}",0.8032318976062501,0.8228723921001526,0.7861503056445969,0.8011003393608112,0.8340323604408111,0.8094774590305244,0.01694524518420662,1157,0.9990802514078543,0.9992893709207822,1.0,1.0,0.9990825960013635,0.999490443666,0.00042292386314810655
27.259711170196532,0.31241298283759933,0.020197725296020506,0.00035234060668886297,0.8,0.03,3,3,600,0.1,1.0,0.8,"{'clf__colsample_bytree': 0.8, 'clf__learning_rate': 0.03, 'clf__max_depth': 3, 'clf__min_child_weight': 3, 'clf__n_estimators': 600, 'clf__reg_alpha': 0.1, 'clf__reg_lambda': 1.0, 'clf__subsample': 0.8}",0.8149371660629268,0.8296999552583234,0.7806618084220898,0.7982981071216365,0.8492480018307949,0.8145690077391542,0.023858558703406772,735,1.0,1.0,1.0,1.0,1.0,1.0,0.0
28.021701669692995,0.09508124122519891,0.019852638244628906,0.0007179387158104307,0.8,0.03,3,3,600,0.1,1.0,1.0,"{'clf__colsample_bytree': 0.8, 'clf__learning_rate': 0.03, 'clf__max_depth': 3, 'clf__min_child_weight': 3, 'clf__n_estimators': 600, 'clf__reg_alpha': 0.1, 'clf__reg_lambda': 1.0, 'clf__subsample': 1.0}",0.8221696696696696,0.8338970203466002,0.7907642664612318,0.810320004243485,0.8329935932416631,0.81802891079253,0.016097655583320682,344,1.0,1.0,1.0,1.0,1.0,1.0,0.0
29.97428617477417,0.19409800438485036,0.01999063491821289,0.0016511483895654598,0.8,0.03,3,3,600,0.1,10.0,0.8,"{'clf__colsample_bytree': 0.8, 'clf__learning_rate': 0.03, 'clf__max_depth': 3, 'clf__min_child_weight': 3, 'clf__n_estimators': 600, 'clf__reg_alpha': 0.1, 'clf__reg_lambda': 10.0, 'clf__subsample': 0.8}",0.8048218878166917,0.8223957996473634,0.792879457146349,0.800551023051023,0.8407847087720861,0.8122865752867027,0.017230327966349678,965,0.9981581327810707,1.0,0.9990771574058865,0.9990771574058865,0.9981628558539307,0.9988950606893547,0.0006879529012336206
31.00225772857666,0.2752543670618361,0.01953258514404297,0.0011178550218479673,0.8,0.03,3,3,600,0.1,10.0,1.0,"{'clf__colsample_bytree': 0.8, 'clf__learning_rate': 0.03, 'clf__max_depth': 3, 'clf__min_child_weight': 3, 'clf__n_estimators': 600, 'clf__reg_alpha': 0.1, 'clf__reg_lambda': 10.0, 'clf__subsample': 1.0}",0.8032318976062501,0.8172569863565691,0.7847343594836147,0.8077753697696333,0.8397826016255354,0.8105562429683205,0.018040116184454575,1107,0.9990802514078543,0.9992893709207822,1.0,1.0,0.9990825960013635,0.999490443666,0.00042292386314810655
37.75491666793823,0.5582529462638197,0.029188823699951173,0.0014998194157791658,0.8,0.03,3,3,1000,0.0,1.0,0.8,"{'clf__colsample_bytree': 0.8, 'clf__learning_rate': 0.03, 'clf__max_depth': 3, 'clf__min_child_weight': 3, 'clf__n_estimators': 1000, 'clf__reg_alpha': 0.0, 'clf__reg_lambda': 1.0, 'clf__subsample': 0.8}",0.8260003793274031,0.8268886237228015,0.782293735691715,0.8001221889923547,0.8456701272927092,0.8161950110053967,0.022302076837763852,538,1.0,1.0,1.0,1.0,1.0,1.0,0.0
40.00276598930359,0.42904485198347997,0.02905139923095703,0.00094120855626932,0.8,0.03,3,3,1000,0.0,1.0,1.0,"{'clf__colsample_bytree': 0.8, 'clf__learning_rate': 0.03, 'clf__max_depth': 3, 'clf__min_child_weight': 3, 'clf__n_estimators': 1000, 'clf__reg_alpha': 0.0, 'clf__reg_lambda': 1.0, 'clf__subsample': 1.0}",0.8170101492469914,0.8459059258371185,0.7894310100889416,0.806571705977077,0.8289957273116856,0.8175829036923629,0.019217438760751937,396,1.0,1.0,1.0,1.0,1.0,1.0,0.0
46.07797803878784,0.6342612700133128,0.031221485137939452,0.0012086354830639719,0.8,0.03,3,3,1000,0.0,10.0,0.8,"{'clf__colsample_bytree': 0.8, 'clf__learning_rate': 0.03, 'clf__max_depth': 3, 'clf__min_child_weight': 3, 'clf__n_estimators': 1000, 'clf__reg_alpha': 0.0, 'clf__reg_lambda': 10.0, 'clf__subsample': 0.8}",0.8128875101306609,0.8268886237228015,0.8009465292875823,0.7980334342274641,0.8374550922203883,0.8152422379177795,0.015067210433461667,647,1.0,1.0,1.0,1.0,1.0,1.0,0.0
48.3774796962738,0.5054452200722909,0.02965402603149414,0.0004329894602563379,0.8,0.03,3,3,1000,0.0,10.0,1.0,"{'clf__colsample_bytree': 0.8, 'clf__learning_rate': 0.03, 'clf__max_depth': 3, 'clf__min_child_weight': 3, 'clf__n_estimators': 1000, 'clf__reg_alpha': 0.0, 'clf__reg_lambda': 10.0, 'clf__subsample': 1.0}",0.8078973407544837,0.83804335749052,0.7902168092570936,0.8151292356633624,0.833590290667346,0.8169754067665611,0.017445658976830435,461,1.0,1.0,1.0,1.0,1.0,1.0,0.0
39.24483494758606,0.43465422437382495,0.030901336669921876,0.0016285337557039527,0.8,0.03,3,3,1000,0.1,1.0,0.8,"{'clf__colsample_bytree': 0.8, 'clf__learning_rate': 0.03, 'clf__max_depth': 3, 'clf__min_child_weight': 3, 'clf__n_estimators': 1000, 'clf__reg_alpha': 0.1, 'clf__reg_lambda': 1.0, 'clf__subsample': 0.8}",0.8107874560080442,0.8220088035214086,0.7863737960156283,0.795968232254142,0.8444004001779697,0.8119077375954387,0.020322941167579316,1010,1.0,1.0,1.0,1.0,1.0,1.0,0.0
41.52692837715149,0.33927563303513014,0.028532791137695312,0.001440738277382271,0.8,0.03,3,3,1000,0.1,1.0,1.0,"{'clf__colsample_bytree': 0.8, 'clf__learning_rate': 0.03, 'clf__max_depth': 3, 'clf__min_child_weight': 3, 'clf__n_estimators': 1000, 'clf__reg_alpha': 0.1, 'clf__reg_lambda': 1.0, 'clf__subsample': 1.0}",0.8220891345891346,0.8459059258371185,0.7756713398627302,0.8098834810049763,0.827650040557105,0.816239984370213,0.023369595956268436,537,1.0,1.0,1.0,1.0,1.0,1.0,0.0
46.39517521858215,0.6218757453996817,0.030321264266967775,0.0013875796015564476,0.8,0.03,3,3,1000,0.1,10.0,0.8,"{'clf__colsample_bytree': 0.8, 'clf__learning_rate': 0.03, 'clf__max_depth': 3, 'clf__min_child_weight': 3, 'clf__n_estimators': 1000, 'clf__reg_alpha': 0.1, 'clf__reg_lambda': 10.0, 'clf__subsample': 0.8}",0.806983856665755,0.8313604634020071,0.7925442815546209,0.8016880073331686,0.8449354725347982,0.81550241629807,0.01953592670718393,616,1.0,1.0,1.0,1.0,1.0,1.0,0.0
48.193442010879515,0.6509801986171875,0.029500579833984374,0.00037624602020664723,0.8,0.03,3,3,1000,0.1,10.0,1.0,"{'clf__colsample_bytree': 0.8, 'clf__learning_rate': 0.03, 'clf__max_depth': 3, 'clf__min_child_weight': 3, 'clf__n_estimators': 1000, 'clf__reg_alpha': 0.1, 'clf__reg_lambda': 10.0, 'clf__subsample': 1.0}",0.8078973407544837,0.8365132152322744,0.7811662846956964,0.8077753697696333,0.8407682140841723,0.814824084907252,0.021790033950110015,706,1.0,1.0,1.0,1.0,1.0,1.0,0.0
14.04705376625061,0.08516576570195324,0.012925863265991211,0.0005772314792964086,0.8,0.03,3,5,300,0.0,1.0,0.8,"{'clf__colsample_bytree': 0.8, 'clf__learning_rate': 0.03, 'clf__max_depth': 3, 'clf__min_child_weight': 5, 'clf__n_estimators': 300, 'clf__reg_alpha': 0.0, 'clf__reg_lambda': 1.0, 'clf__subsample': 0.8}",0.82390637205669,0.8266834873201333,0.7762636029987836,0.7912695154623355,0.8326020004291528,0.8101449956534189,0.022232619149715045,1127,0.983986751856918,0.9818695949138054,0.9865369118576613,0.9870921242264157,0.984216304171068,0.9847403374051737,0.001889033905287738
14.656877613067627,0.10253564468760629,0.012187528610229491,0.00045672635425614863,0.8,0.03,3,5,300,0.0,1.0,1.0,"{'clf__colsample_bytree': 0.8, 'clf__learning_rate': 0.03, 'clf__max_depth': 3, 'clf__min_child_weight': 5, 'clf__n_estimators': 300, 'clf__reg_alpha': 0.0, 'clf__reg_lambda': 1.0, 'clf__subsample': 1.0}",0.8213959409082383,0.8244060719551604,0.7678899330187449,0.7923373329431275,0.8158326690847751,0.8043723895820092,0.02143968264997475,1273,0.9835964849429135,0.9817394879537433,0.9841727227648693,0.9882228586188578,0.9828865538279896,0.9841236216216748,0.0022044708223140615
15.204523992538451,0.14511439351109828,0.012742185592651367,0.0001360327577013645,0.8,0.03,3,5,300,0.0,10.0,0.8,"{'clf__colsample_bytree': 0.8, 'clf__learning_rate': 0.03, 'clf__max_depth': 3, 'clf__min_child_weight': 5, 'clf__n_estimators': 300, 'clf__reg_alpha': 0.0, 'clf__reg_lambda': 10.0, 'clf__subsample': 0.8}",0.802469690005187,0.8259228580124314,0.7686642634509933,0.7839221864631751,0.838116837055563,0.8038191669974699,0.025684553699823493,1275,0.9720888654679823,0.9699088130434803,0.9674766506663836,0.9679034946851763,0.9681964791983713,0.9691148606122788,0.0017011542553422236
15.627002573013305,0.2323762546873992,0.013265657424926757,0.0007119195603378237,0.8,0.03,3,5,300,0.0,10.0,1.0,"{'clf__colsample_bytree': 0.8, 'clf__learning_rate': 0.03, 'clf__max_depth': 3, 'clf__min_child_weight': 5, 'clf__n_estimators': 300, 'clf__reg_alpha': 0.0, 'clf__reg_lambda': 10.0, 'clf__subsample': 1.0}",0.8127013622030155,0.8222346959167699,0.7747484366525508,0.7808230501176628,0.8270432697824938,0.8035101629344986,0.021590902639762096,1276,0.9697687260365164,0.9654966051688993,0.9688308677010065,0.9725401513368359,0.9675355913920698,0.9688343883270655,0.002342364135824504
14.578512525558471,0.2057043773985321,0.012535572052001953,0.000659136489963836,0.8,0.03,3,5,300,0.1,1.0,0.8,"{'clf__colsample_bytree': 0.8, 'clf__learning_rate': 0.03, 'clf__max_depth': 3, 'clf__min_child_weight': 5, 'clf__n_estimators': 300, 'clf__reg_alpha': 0.1, 'clf__reg_lambda': 1.0, 'clf__subsample': 0.8}",0.8212545252661333,0.8266834873201333,0.7762636029987836,0.7938451957226943,0.8266459451081711,0.808938551283183,0.020374392720475885,1175,0.9826647371281515,0.9829659626203389,0.9870679442339318,0.9876122906049805,0.9823833715641644,0.9845388612303134,0.0023010743511975872
15.003854274749756,0.2251817002183842,0.011793804168701173,0.0006361648635943495,0.8,0.03,3,5,300,0.1,1.0,1.0,"{'clf__colsample_bytree': 0.8, 'clf__learning_rate': 0.03, 'clf__max_depth': 3, 'clf__min_child_weight': 5, 'clf__n_estimators': 300, 'clf__reg_alpha': 0.1, 'clf__reg_lambda': 1.0, 'clf__subsample': 1.0}",0.8274536954816558,0.8232675657763096,0.78119354638708,0.7934002408061557,0.8224482338979457,0.8095526564698293,0.01865465898187388,1153,0.9819885537144253,0.9838872432396788,0.9841727227648693,0.987188118866687,0.9826747289059814,0.9839822734983283,0.0017892645213446713
15.0896888256073,0.13836042209650154,0.012116670608520508,0.0008094082732212072,0.8,0.03,3,5,300,0.1,10.0,0.8,"{'clf__colsample_bytree': 0.8, 'clf__learning_rate': 0.03, 'clf__max_depth': 3, 'clf__min_child_weight': 5, 'clf__n_estimators': 300, 'clf__reg_alpha': 0.1, 'clf__reg_lambda': 10.0, 'clf__subsample': 0.8}",0.8085250125691302,0.83044908285895,0.7686642634509933,0.7901126040900642,0.8408857974858135,0.8077273520909902,0.02627774744366001,1212,0.9688168493034466,0.968756398549861,0.9674766506663836,0.9679034946851763,0.9657418737156734,0.9677390533841083,0.001120826301065282
15.420283365249634,0.16738848088127983,0.011740493774414062,0.0009387882779432243,0.8,0.03,3,5,300,0.1,10.0,1.0,"{'clf__colsample_bytree': 0.8, 'clf__learning_rate': 0.03, 'clf__max_depth': 3, 'clf__min_child_weight': 5, 'clf__n_estimators': 300, 'clf__reg_alpha': 0.1, 'clf__reg_lambda': 10.0, 'clf__subsample': 1.0}",0.8076011748425541,0.827049632737164,0.7732976056002181,0.7808230501176628,0.8197145541821438,0.8016972034959485,0.02118723630746158,1286,0.9700832468349472,0.9679734703692179,0.9704450921157992,0.9708468890781654,0.9675355913920698,0.96937685795804,0.001353577500313784
24.535556745529174,0.2958693195035361,0.01998624801635742,0.0013771220471081782,0.8,0.03,3,5,600,0.0,1.0,0.8,"{'clf__colsample_bytree': 0.8, 'clf__learning_rate': 0.03, 'clf__max_depth': 3, 'clf__min_child_weight': 5, 'clf__n_estimators': 600, 'clf__reg_alpha': 0.0, 'clf__reg_lambda': 1.0, 'clf__subsample': 0.8}",0.8149371660629268,0.8263215768799449,0.775603619311656,0.7869026226755174,0.8389350496487382,0.8085400069157567,0.023807345603626753,1191,1.0,1.0,1.0,1.0,1.0,1.0,0.0
25.501894235610962,0.22740050292154912,0.021327733993530273,0.0013079311301969698,0.8,0.03,3,5,600,0.0,1.0,1.0,"{'clf__colsample_bytree': 0.8, 'clf__learning_rate': 0.03, 'clf__max_depth': 3, 'clf__min_child_weight': 5, 'clf__n_estimators': 600, 'clf__reg_alpha': 0.0, 'clf__reg_lambda': 1.0, 'clf__subsample': 1.0}",0.8221696696696696,0.8293432107188154,0.7788630356601238,0.8076385705797471,0.8164733937383956,0.8108975760733503,0.017522694829540202,1084,1.0,1.0,1.0,1.0,1.0,1.0,0.0
27.54301724433899,0.3346895850695518,0.021420049667358398,0.000870165266114581,0.8,0.03,3,5,600,0.0,10.0,0.8,"{'clf__colsample_bytree': 0.8, 'clf__learning_rate': 0.03, 'clf__max_depth': 3, 'clf__min_child_weight': 5, 'clf__n_estimators': 600, 'clf__reg_alpha': 0.0, 'clf__reg_lambda': 10.0, 'clf__subsample': 0.8}",0.8014054336468129,0.823893593668924,0.7915474687812568,0.7940201335583502,0.8320039995212654,0.8085741258353218,0.016350908017431453,1189,0.9981581327810707,1.0,0.9981566985217796,0.9980414334996128,0.9972407542235628,0.9983194038052051,0.0009074841412616664
28.199364042282106,0.19239619321729817,0.02064857482910156,0.0007507737926582374,0.8,0.03,3,5,600,0.0,10.0,1.0,"{'clf__colsample_bytree': 0.8, 'clf__learning_rate': 0.03, 'clf__max_depth': 3, 'clf__min_child_weight': 5, 'clf__n_estimators': 600, 'clf__reg_alpha': 0.0, 'clf__reg_lambda': 10.0, 'clf__subsample': 1.0}",0.8041854967209937,0.8202741172942412,0.7883700953023209,0.8063214443408723,0.8380622955455126,0.8114426898407882,0.01672026402258953,1046,0.9981581327810707,0.9992893709207822,1.0,1.0,0.9972407542235628,0.9989376515850832,0.0010833268225056431
25.05751266479492,0.3435200829860757,0.020643186569213868,0.001405294986451256,0.8,0.03,3,5,600,0.1,1.0,0.8,"{'clf__colsample_bytree': 0.8, 'clf__learning_rate': 0.03, 'clf__max_depth': 3, 'clf__min_child_weight': 5, 'clf__n_estimators': 600, 'clf__reg_alpha': 0.1, 'clf__reg_lambda': 1.0, 'clf__subsample': 0.8}",0.8161496380650844,0.8296999552583234,0.7671340682227925,0.7869026226755174,0.8428614484938612,0.8085495465431158,0.02780733339560257,1190,1.0,1.0,1.0,1.0,1.0,1.0,0.0
26.04962239265442,0.3758723408742236,0.019581937789916994,0.0009384604672006652,0.8,0.03,3,5,600,0.1,1.0,1.0,"{'clf__colsample_bytree': 0.8, 'clf__learning_rate': 0.03, 'clf__max_depth': 3, 'clf__min_child_weight': 5, 'clf__n_estimators': 600, 'clf__reg_alpha': 0.1, 'clf__reg_lambda': 1.0, 'clf__subsample': 1.0}",0.8209263448969331,0.8312324440893312,0.7862738786909402,0.8141683464663123,0.8272433543120677,0.8159688736911169,0.015935505273932893,562,1.0,1.0,1.0,1.0,1.0,1.0,0.0
27.65053596496582,0.21684002781349257,0.02015519142150879,0.0015308250119060998,0.8,0.03,3,5,600,0.1,10.0,0.8,"{'clf__colsample_bytree': 0.8, 'clf__learning_rate': 0.03, 'clf__max_depth': 3, 'clf__min_child_weight': 5, 'clf__n_estimators': 600, 'clf__reg_alpha': 0.1, 'clf__reg_lambda': 10.0, 'clf__subsample': 0.8}",0.8036660476505462,0.8254002891479173,0.7827131017834447,0.7904079081437991,0.8275864417240884,0.8059547576899592,0.01807305033228816,1252,0.996193433621131,1.0,0.9981566985217796,0.9980414334996128,0.9972407542235628,0.9979264639732172,0.0012521477273661145
28.67921323776245,0.21308255713769586,0.021564960479736328,0.0011868099549189812,0.8,0.03,3,5,600,0.1,10.0,1.0,"{'clf__colsample_bytree': 0.8, 'clf__learning_rate': 0.03, 'clf__max_depth': 3, 'clf__min_child_weight': 5, 'clf__n_estimators': 600, 'clf__reg_alpha': 0.1, 'clf__reg_lambda': 10.0, 'clf__subsample': 1.0}",0.7980999296270233,0.8259875060208288,0.7865266106442577,0.8056217150511862,0.8380622955455126,0.8108596113777617,0.01871458887214428,1087,0.9981581327810707,0.9992893709207822,0.9990771574058865,0.9990771574058865,0.9972407542235628,0.9985685145474378,0.0007705101813365161
34.589545011520386,0.28450947741290694,0.03013272285461426,0.0012038424662653652,0.8,0.03,3,5,1000,0.0,1.0,0.8,"{'clf__colsample_bytree': 0.8, 'clf__learning_rate': 0.03, 'clf__max_depth': 3, 'clf__min_child_weight': 5, 'clf__n_estimators': 1000, 'clf__reg_alpha': 0.0, 'clf__reg_lambda': 1.0, 'clf__subsample': 0.8}",0.8108209052989193,0.823893593668924,0.7908759511877497,0.8051059217035084,0.8482454164453461,0.8157883576608895,0.019383361591419297,585,1.0,1.0,1.0,1.0,1.0,1.0,0.0
36.97515678405762,0.561241962981854,0.03161067962646484,0.002891071989011989,0.8,0.03,3,5,1000,0.0,1.0,1.0,"{'clf__colsample_bytree': 0.8, 'clf__learning_rate': 0.03, 'clf__max_depth': 3, 'clf__min_child_weight': 5, 'clf__n_estimators': 1000, 'clf__reg_alpha': 0.0, 'clf__reg_lambda': 1.0, 'clf__subsample': 1.0}",0.8167422979497283,0.8350124190877616,0.7914746072640809,0.8025147887022103,0.8194459679503117,0.8130380161908185,0.014922311168832192,894,1.0,1.0,1.0,1.0,1.0,1.0,0.0
42.610273933410646,0.6658728062013368,0.033043622970581055,0.0015519312499161653,0.8,0.03,3,5,1000,0.0,10.0,0.8,"{'clf__colsample_bytree': 0.8, 'clf__learning_rate': 0.03, 'clf__max_depth': 3, 'clf__min_child_weight': 5, 'clf__n_estimators': 1000, 'clf__reg_alpha': 0.0, 'clf__reg_lambda': 10.0, 'clf__subsample': 0.8}",0.806983856665755,0.8291284046009992,0.7945016150888252,0.7889755993265094,0.8312098333748263,0.810159861811383,0.01736057369167762,1126,1.0,1.0,1.0,1.0,1.0,1.0,0.0
44.52388262748718,0.825916813522575,0.032127904891967776,0.0016383941527797583,0.8,0.03,3,5,1000,0.0,10.0,1.0,"{'clf__colsample_bytree': 0.8, 'clf__learning_rate': 0.03, 'clf__max_depth': 3, 'clf__min_child_weight': 5, 'clf__n_estimators': 1000, 'clf__reg_alpha': 0.0, 'clf__reg_lambda': 10.0, 'clf__subsample': 1.0}",0.8122182020127225,0.8316367887004668,0.7745112781954887,0.8076279536157223,0.8353119911111664,0.8122612427271134,0.021694597601532986,968,1.0,1.0,1.0,1.0,1.0,1.0,0.0
36.82974572181702,0.5913983971178626,0.03535585403442383,0.004032452591896171,0.8,0.03,3,5,1000,0.1,1.0,0.8,"{'clf__colsample_bytree': 0.8, 'clf__learning_rate': 0.03, 'clf__max_depth': 3, 'clf__min_child_weight': 5, 'clf__n_estimators': 1000, 'clf__reg_alpha': 0.1, 'clf__reg_lambda': 1.0, 'clf__subsample': 0.8}",0.8158572921616838,0.8227525441868715,0.7908759511877497,0.80418480890179,0.8427579304018032,0.8152857053679797,0.017492109896815808,640,1.0,1.0,1.0,1.0,1.0,1.0,0.0
39.297963333129886,0.7299910431379004,0.029123592376708984,0.0014709511377577447,0.8,0.03,3,5,1000,0.1,1.0,1.0,"{'clf__colsample_bytree': 0.8, 'clf__learning_rate': 0.03, 'clf__max_depth': 3, 'clf__min_child_weight': 5, 'clf__n_estimators': 1000, 'clf__reg_alpha': 0.1, 'clf__reg_lambda': 1.0, 'clf__subsample': 1.0}",0.813115272507287,0.8369463320699176,0.7938140891366697,0.8029736613573506,0.8215053549234919,0.8136709419989433,0.014914134209743978,826,1.0,1.0,1.0,1.0,1.0,1.0,0.0
43.65244174003601,0.40674276050569796,0.03271470069885254,0.0009745360934406128,0.8,0.03,3,5,1000,0.1,10.0,0.8,"{'clf__colsample_bytree': 0.8, 'clf__learning_rate': 0.03, 'clf__max_depth': 3, 'clf__min_child_weight': 5, 'clf__n_estimators': 1000, 'clf__reg_alpha': 0.1, 'clf__reg_lambda': 10.0, 'clf__subsample': 0.8}",0.806983856665755,0.8291284046009992,0.8088224812974278,0.7909612072670082,0.833973893295636,0.8139739686253652,0.015713946600332894,793,1.0,1.0,1.0,1.0,1.0,1.0,0.0
46.37077360153198,0.6684071502181075,0.03458867073059082,0.002358483099257,0.8,0.03,3,5,1000,0.1,10.0,1.0,"{'clf__colsample_bytree': 0.8, 'clf__learning_rate': 0.03, 'clf__max_depth': 3, 'clf__min_child_weight': 5, 'clf__n_estimators': 1000, 'clf__reg_alpha': 0.1, 'clf__reg_lambda': 10.0, 'clf__subsample': 1.0}",0.8080417119825988,0.8346518476848069,0.7745112781954887,0.8089071040259495,0.843786421807802,0.8139796727393291,0.02422612476718481,790,1.0,1.0,1.0,1.0,1.0,1.0,0.0
43.96518478393555,0.5596112384747164,0.022287368774414062,0.002434088288496614,0.8,0.03,5,1,300,0.0,1.0,0.8,"{'clf__colsample_bytree': 0.8, 'clf__learning_rate': 0.03, 'clf__max_depth': 5, 'clf__min_child_weight': 1, 'clf__n_estimators': 300, 'clf__reg_alpha': 0.0, 'clf__reg_lambda': 1.0, 'clf__subsample': 0.8}",0.8301813096367552,0.8265387973371168,0.7867694372250026,0.7950256035081116,0.8368544894219557,0.8150739274257883,0.020184888296224376,672,1.0,1.0,1.0,1.0,1.0,1.0,0.0
46.820235633850096,0.668409174568152,0.02268819808959961,0.001275084961842053,0.8,0.03,5,1,300,0.0,1.0,1.0,"{'clf__colsample_bytree': 0.8, 'clf__learning_rate': 0.03, 'clf__max_depth': 5, 'clf__min_child_weight': 1, 'clf__n_estimators': 300, 'clf__reg_alpha': 0.0, 'clf__reg_lambda': 1.0, 'clf__subsample': 1.0}",0.8313474544583208,0.829384737706709,0.7945250193073108,0.7965655946090994,0.828101753471132,0.8159849119105145,0.016733306722227403,558,1.0,1.0,1.0,1.0,1.0,1.0,0.0
51.45319223403931,0.5261366042862385,0.021588611602783202,0.0024430007328518676,0.8,0.03,5,1,300,0.0,10.0,0.8,"{'clf__colsample_bytree': 0.8, 'clf__learning_rate': 0.03, 'clf__max_depth': 5, 'clf__min_child_weight': 1, 'clf__n_estimators': 300, 'clf__reg_alpha': 0.0, 'clf__reg_lambda': 10.0, 'clf__subsample': 0.8}",0.8234284932314364,0.8183021153666946,0.7961204100312538,0.8052441869719476,0.8377651056536428,0.816172062250995,0.014456414874332526,543,0.9981581327810707,0.9990795325574398,0.9981519138755981,0.9990771574058865,0.9981581327810707,0.9985249738802132,0.00045183194300445494
55.37746782302857,0.9324559619255776,0.02352118492126465,0.0011368002065642033,0.8,0.03,5,1,300,0.0,10.0,1.0,"{'clf__colsample_bytree': 0.8, 'clf__learning_rate': 0.03, 'clf__max_depth': 5, 'clf__min_child_weight': 1, 'clf__n_estimators': 300, 'clf__reg_alpha': 0.0, 'clf__reg_lambda': 10.0, 'clf__subsample': 1.0}",0.8248451548451547,0.817463348975954,0.8027457210476079,0.8011127429890863,0.8388650178242948,0.8170063971364195,0.0141097792359864,453,1.0,1.0,1.0,1.0,1.0,1.0,0.0
45.93773360252381,0.34722155117667286,0.023029899597167967,0.001965449391744127,0.8,0.03,5,1,300,0.1,1.0,0.8,"{'clf__colsample_bytree': 0.8, 'clf__learning_rate': 0.03, 'clf__max_depth': 5, 'clf__min_child_weight': 1, 'clf__n_estimators': 300, 'clf__reg_alpha': 0.1, 'clf__reg_lambda': 1.0, 'clf__subsample': 0.8}",0.8296723806242283,0.8265387973371168,0.7867877207750058,0.800985011436467,0.8368544894219557,0.8161676799189548,0.01903458182678572,544,1.0,1.0,1.0,1.0,1.0,1.0,0.0
49.06337251663208,0.8529740057211088,0.024279260635375978,0.00218404639668454,0.8,0.03,5,1,300,0.1,1.0,1.0,"{'clf__colsample_bytree': 0.8, 'clf__learning_rate': 0.03, 'clf__max_depth': 5, 'clf__min_child_weight': 1, 'clf__n_estimators': 300, 'clf__reg_alpha': 0.1, 'clf__reg_lambda': 1.0, 'clf__subsample': 1.0}",0.8325240381694444,0.8279283790744834,0.8019448250502996,0.7981467863271052,0.8201631381263047,0.8161414333495275,0.013775681095201423,545,1.0,1.0,1.0,1.0,1.0,1.0,0.0
52.44085693359375,0.6606121661492305,0.024594974517822266,0.0022445799864851098,0.8,0.03,5,1,300,0.1,10.0,0.8,"{'clf__colsample_bytree': 0.8, 'clf__learning_rate': 0.03, 'clf__max_depth': 5, 'clf__min_child_weight': 1, 'clf__n_estimators': 300, 'clf__reg_alpha': 0.1, 'clf__reg_lambda': 10.0, 'clf__subsample': 0.8}",0.8222353895778656,0.8186829152582576,0.7836052395749117,0.7962861346860469,0.8414014652645965,0.8124422288723355,0.020327719334399457,944,0.9981581327810707,0.9990795325574398,0.9981519138755981,0.9990771574058865,0.9981581327810707,0.9985249738802132,0.00045183194300445494
56.05089602470398,1.0693939135886001,0.023581218719482423,0.0014171215305000865,0.8,0.03,5,1,300,0.1,10.0,1.0,"{'clf__colsample_bytree': 0.8, 'clf__learning_rate': 0.03, 'clf__max_depth': 5, 'clf__min_child_weight': 1, 'clf__n_estimators': 300, 'clf__reg_alpha': 0.1, 'clf__reg_lambda': 10.0, 'clf__subsample': 1.0}",0.833665309731276,0.8263723934079978,0.8041036407750815,0.7787296162770834,0.8255360575685833,0.8136814035520044,0.02007143006904086,824,1.0,1.0,1.0,1.0,1.0,1.0,0.0
66.84591903686524,0.8433355748294049,0.03349623680114746,0.0018020449591739326,0.8,0.03,5,1,600,0.0,1.0,0.8,"{'clf__colsample_bytree': 0.8, 'clf__learning_rate': 0.03, 'clf__max_depth': 5, 'clf__min_child_weight': 1, 'clf__n_estimators': 600, 'clf__reg_alpha': 0.0, 'clf__reg_lambda': 1.0, 'clf__subsample': 0.8}",0.834382224936455,0.8295093009436281,0.7771009523389513,0.8013514241860574,0.8405316223902131,0.8165751049590609,0.023867429088360658,501,1.0,1.0,1.0,1.0,1.0,1.0,0.0
69.57465591430665,1.1679135814553927,0.034395790100097655,0.0025786216928754655,0.8,0.03,5,1,600,0.0,1.0,1.0,"{'clf__colsample_bytree': 0.8, 'clf__learning_rate': 0.03, 'clf__max_depth': 5, 'clf__min_child_weight': 1, 'clf__n_estimators': 600, 'clf__reg_alpha': 0.0, 'clf__reg_lambda': 1.0, 'clf__subsample': 1.0}",0.8260255348076392,0.831796240289391,0.7925385197222108,0.8040704459199552,0.8471791000066667,0.8203219681491726,0.019603709376781648,169,1.0,1.0,1.0,1.0,1.0,1.0,0.0
90.62833399772644,1.2965284216525972,0.0399986743927002,0.0007748106661766457,0.8,0.03,5,1,600,0.0,10.0,0.8,"{'clf__colsample_bytree': 0.8, 'clf__learning_rate': 0.03, 'clf__max_depth': 5, 'clf__min_child_weight': 1, 'clf__n_estimators': 600, 'clf__reg_alpha': 0.0, 'clf__reg_lambda': 10.0, 'clf__subsample': 0.8}",0.8117305050343091,0.8246893776290147,0.7861878049683471,0.782573635514812,0.8423134280271165,0.8094989502347198,0.02271959920609794,1156,1.0,1.0,1.0,1.0,1.0,1.0,0.0
96.67370853424072,1.6710681002049015,0.04251208305358887,0.002744920755513351,0.8,0.03,5,1,600,0.0,10.0,1.0,"{'clf__colsample_bytree': 0.8, 'clf__learning_rate': 0.03, 'clf__max_depth': 5, 'clf__min_child_weight': 1, 'clf__n_estimators': 600, 'clf__reg_alpha': 0.0, 'clf__reg_lambda': 10.0, 'clf__subsample': 1.0}",0.826960623856744,0.8319470051866122,0.7989500363447651,0.7986824246168494,0.8399326708996209,0.8192945521809183,0.017225239003116267,243,1.0,1.0,1.0,1.0,1.0,1.0,0.0
70.80224485397339,0.7843317127379235,0.03751893043518066,0.0028028943876486087,0.8,0.03,5,1,600,0.1,1.0,0.8,"{'clf__colsample_bytree': 0.8, 'clf__learning_rate': 0.03, 'clf__max_depth': 5, 'clf__min_child_weight': 1, 'clf__n_estimators': 600, 'clf__reg_alpha': 0.1, 'clf__reg_lambda': 1.0, 'clf__subsample': 0.8}",0.8291568719947039,0.8319092747664176,0.785898874200761,0.7983949068396107,0.8435262117860203,0.8177772279175027,0.021836323059439666,371,1.0,1.0,1.0,1.0,1.0,1.0,0.0
74.94768099784851,1.641395518584552,0.0357628345489502,0.0017662392022288601,0.8,0.03,5,1,600,0.1,1.0,1.0,"{'clf__colsample_bytree': 0.8, 'clf__learning_rate': 0.03, 'clf__max_depth': 5, 'clf__min_child_weight': 1, 'clf__n_estimators': 600, 'clf__reg_alpha': 0.1, 'clf__reg_lambda': 1.0, 'clf__subsample': 1.0}",0.8287921839235982,0.8306050030648973,0.798278984367656,0.7984192126462988,0.8416471819697626,0.8195485131944427,0.017859914762468024,227,1.0,1.0,1.0,1.0,1.0,1.0,0.0
93.64797792434692,1.5829734254433439,0.04058055877685547,0.002882439474217599,0.8,0.03,5,1,600,0.1,10.0,0.8,"{'clf__colsample_bytree': 0.8, 'clf__learning_rate': 0.03, 'clf__max_depth': 5, 'clf__min_child_weight': 1, 'clf__n_estimators': 600, 'clf__reg_alpha': 0.1, 'clf__reg_lambda': 10.0, 'clf__subsample': 0.8}",0.8230214734766935,0.8243363333642615,0.7916715666761462,0.782573635514812,0.8377651056536428,0.8118736229371113,0.021055046617010416,1015,1.0,1.0,1.0,1.0,1.0,1.0,0.0
98.24001898765565,1.6793925903137246,0.04104914665222168,0.0018710946185562867,0.8,0.03,5,1,600,0.1,10.0,1.0,"{'clf__colsample_bytree': 0.8, 'clf__learning_rate': 0.03, 'clf__max_depth': 5, 'clf__min_child_weight': 1, 'clf__n_estimators': 600, 'clf__reg_alpha': 0.1, 'clf__reg_lambda': 10.0, 'clf__subsample': 1.0}",0.8248451548451547,0.8242516322467985,0.7907994414226085,0.7976900936388834,0.8363057721114318,0.8147784188529755,0.017444254647786688,709,1.0,1.0,1.0,1.0,1.0,1.0,0.0
83.94652442932129,0.8645215214038057,0.04436826705932617,0.00197061416492797,0.8,0.03,5,1,1000,0.0,1.0,0.8,"{'clf__colsample_bytree': 0.8, 'clf__learning_rate': 0.03, 'clf__max_depth': 5, 'clf__min_child_weight': 1, 'clf__n_estimators': 1000, 'clf__reg_alpha': 0.0, 'clf__reg_lambda': 1.0, 'clf__subsample': 0.8}",0.8334320581379404,0.8362438127857148,0.776938572908245,0.7977633696388567,0.8405316223902131,0.816981887172194,0.025175537195470037,458,1.0,1.0,1.0,1.0,1.0,1.0,0.0
87.22052960395813,1.7882084556191884,0.046028947830200194,0.0019251942061407695,0.8,0.03,5,1,1000,0.0,1.0,1.0,"{'clf__colsample_bytree': 0.8, 'clf__learning_rate': 0.03, 'clf__max_depth': 5, 'clf__min_child_weight': 1, 'clf__n_estimators': 1000, 'clf__reg_alpha': 0.0, 'clf__reg_lambda': 1.0, 'clf__subsample': 1.0}",0.8260255348076392,0.8288329120543887,0.7925385197222108,0.8066919296804211,0.844420806925793,0.8197019406380907,0.018119032279609468,215,1.0,1.0,1.0,1.0,1.0,1.0,0.0
131.4738811969757,1.5262339389431057,0.05830740928649902,0.0033000953954542035,0.8,0.03,5,1,1000,0.0,10.0,0.8,"{'clf__colsample_bytree': 0.8, 'clf__learning_rate': 0.03, 'clf__max_depth': 5, 'clf__min_child_weight': 1, 'clf__n_estimators': 1000, 'clf__reg_alpha': 0.0, 'clf__reg_lambda': 10.0, 'clf__subsample': 0.8}",0.8230214734766935,0.8250356492097024,0.7951197816566499,0.7848884503296268,0.8444004001779697,0.8144931509701283,0.02158743082285372,741,1.0,1.0,1.0,1.0,1.0,1.0,0.0
137.35194449424745,2.4489341178096162,0.059672069549560544,0.0033142326937390743,0.8,0.03,5,1,1000,0.0,10.0,1.0,"{'clf__colsample_bytree': 0.8, 'clf__learning_rate': 0.03, 'clf__max_depth': 5, 'clf__min_child_weight': 1, 'clf__n_estimators': 1000, 'clf__reg_alpha': 0.0, 'clf__reg_lambda': 10.0, 'clf__subsample': 1.0}",0.8327251192589986,0.8319470051866122,0.7912455122894229,0.7976900936388834,0.8399326708996209,0.8187080802547075,0.020090685227116618,291,1.0,1.0,1.0,1.0,1.0,1.0,0.0
90.9889554977417,0.8749771016271615,0.04887566566467285,0.0007141128723675993,0.8,0.03,5,1,1000,0.1,1.0,0.8,"{'clf__colsample_bytree': 0.8, 'clf__learning_rate': 0.03, 'clf__max_depth': 5, 'clf__min_child_weight': 1, 'clf__n_estimators': 1000, 'clf__reg_alpha': 0.1, 'clf__reg_lambda': 1.0, 'clf__subsample': 0.8}",0.825382603165106,0.8348716863422745,0.788412931882604,0.8103013218826913,0.8435262117860203,0.8204989510117393,0.01946373335931359,164,1.0,1.0,1.0,1.0,1.0,1.0,0.0
95.61287264823913,2.560608543639542,0.04950656890869141,0.001736981036783963,0.8,0.03,5,1,1000,0.1,1.0,1.0,"{'clf__colsample_bytree': 0.8, 'clf__learning_rate': 0.03, 'clf__max_depth': 5, 'clf__min_child_weight': 1, 'clf__n_estimators': 1000, 'clf__reg_alpha': 0.1, 'clf__reg_lambda': 1.0, 'clf__subsample': 1.0}",0.8304116957199791,0.8280551256093711,0.7993866596430059,0.7941183122708932,0.8358465310078214,0.8175636648502141,0.01725974459196825,397,1.0,1.0,1.0,1.0,1.0,1.0,0.0
132.8794849395752,2.228532830039261,0.060385513305664065,0.0035223490859196023,0.8,0.03,5,1,1000,0.1,10.0,0.8,"{'clf__colsample_bytree': 0.8, 'clf__learning_rate': 0.03, 'clf__max_depth': 5, 'clf__min_child_weight': 1, 'clf__n_estimators': 1000, 'clf__reg_alpha': 0.1, 'clf__reg_lambda': 10.0, 'clf__subsample': 0.8}",0.8230214734766935,0.8254101640656262,0.7951197816566499,0.7833828544144736,0.8444004001779697,0.8142669347582825,0.02204213753857772,755,1.0,1.0,1.0,1.0,1.0,1.0,0.0
140.60132961273194,3.589229723222092,0.061792516708374025,0.0018045226584793572,0.8,0.03,5,1,1000,0.1,10.0,1.0,"{'clf__colsample_bytree': 0.8, 'clf__learning_rate': 0.03, 'clf__max_depth': 5, 'clf__min_child_weight': 1, 'clf__n_estimators': 1000, 'clf__reg_alpha': 0.1, 'clf__reg_lambda': 10.0, 'clf__subsample': 1.0}",0.8321981326869557,0.8310952417701145,0.78757739482665,0.7983949068396107,0.8399326708996209,0.8178396694045904,0.020803271067152844,362,1.0,1.0,1.0,1.0,1.0,1.0,0.0
36.49878034591675,0.6162723264355086,0.022068023681640625,0.0005921600094095351,0.8,0.03,5,3,300,0.0,1.0,0.8,"{'clf__colsample_bytree': 0.8, 'clf__learning_rate': 0.03, 'clf__max_depth': 5, 'clf__min_child_weight': 3, 'clf__n_estimators': 300, 'clf__reg_alpha': 0.0, 'clf__reg_lambda': 1.0, 'clf__subsample': 0.8}",0.8286718723972212,0.8303175690482851,0.7900806955031483,0.8067350998280249,0.8340845029962385,0.8179779479545836,0.016915706975274784,346,1.0,1.0,1.0,1.0,1.0,1.0,0.0
38.84488525390625,0.5055365546754824,0.024182701110839845,0.0016790485024305278,0.8,0.03,5,3,300,0.0,1.0,1.0,"{'clf__colsample_bytree': 0.8, 'clf__learning_rate': 0.03, 'clf__max_depth': 5, 'clf__min_child_weight': 3, 'clf__n_estimators': 300, 'clf__reg_alpha': 0.0, 'clf__reg_lambda': 1.0, 'clf__subsample': 1.0}",0.8122205798262135,0.8288329120543887,0.7876739385486409,0.7865080713678845,0.8309750114507823,0.8092421026495821,0.019219845709010235,1169,1.0,1.0,1.0,1.0,1.0,1.0,0.0
41.8199257850647,0.36531892987943837,0.022591257095336915,0.0012097790668640842,0.8,0.03,5,3,300,0.0,10.0,0.8,"{'clf__colsample_bytree': 0.8, 'clf__learning_rate': 0.03, 'clf__max_depth': 5, 'clf__min_child_weight': 3, 'clf__n_estimators': 300, 'clf__reg_alpha': 0.0, 'clf__reg_lambda': 10.0, 'clf__subsample': 0.8}",0.8280807982661327,0.8201022216657121,0.7828145261164129,0.7768402867819355,0.8411473174617765,0.809797030058394,0.02544616324942508,1142,0.9972336184628036,0.9983696231905673,0.9981519138755981,0.9980414334996128,0.9972407542235628,0.9978074686504289,0.00047746603444632997
45.03501744270325,0.966190132792922,0.023888635635375976,0.0015071999314081113,0.8,0.03,5,3,300,0.0,10.0,1.0,"{'clf__colsample_bytree': 0.8, 'clf__learning_rate': 0.03, 'clf__max_depth': 5, 'clf__min_child_weight': 3, 'clf__n_estimators': 300, 'clf__reg_alpha': 0.0, 'clf__reg_lambda': 10.0, 'clf__subsample': 1.0}",0.8318452718452719,0.8167920950455196,0.7894101460145527,0.7813262745617693,0.8315341351996397,0.8101815845333507,0.021133041375215638,1123,0.9981581327810707,1.0,0.9990771574058865,0.9990771574058865,0.9990802514078543,0.9990785398001396,0.0005824508103362562
37.49775686264038,0.6289064627381655,0.021683788299560545,0.0012692799202623378,0.8,0.03,5,3,300,0.1,1.0,0.8,"{'clf__colsample_bytree': 0.8, 'clf__learning_rate': 0.03, 'clf__max_depth': 5, 'clf__min_child_weight': 3, 'clf__n_estimators': 300, 'clf__reg_alpha': 0.1, 'clf__reg_lambda': 1.0, 'clf__subsample': 0.8}",0.8296723806242283,0.8258131809098772,0.785921488264471,0.8056467548259614,0.8380358431895164,0.8170179295628108,0.018844291164491173,452,1.0,1.0,1.0,1.0,1.0,1.0,0.0
39.385600233078,0.9942860091381321,0.024338579177856444,0.002149471416146834,0.8,0.03,5,3,300,0.1,1.0,1.0,"{'clf__colsample_bytree': 0.8, 'clf__learning_rate': 0.03, 'clf__max_depth': 5, 'clf__min_child_weight': 3, 'clf__n_estimators': 300, 'clf__reg_alpha': 0.1, 'clf__reg_lambda': 1.0, 'clf__subsample': 1.0}",0.8204534017059575,0.8272492983669106,0.7883871797822454,0.7862305012872937,0.8388650178242948,0.8122370797933405,0.021199441465204447,971,1.0,1.0,1.0,1.0,1.0,1.0,0.0
41.615501165390015,0.349592577180455,0.02275385856628418,0.002264532756503379,0.8,0.03,5,3,300,0.1,10.0,0.8,"{'clf__colsample_bytree': 0.8, 'clf__learning_rate': 0.03, 'clf__max_depth': 5, 'clf__min_child_weight': 3, 'clf__n_estimators': 300, 'clf__reg_alpha': 0.1, 'clf__reg_lambda': 10.0, 'clf__subsample': 0.8}",0.818803655796685,0.8182547839481065,0.7828145261164129,0.7897904111139405,0.8441694615733764,0.8107665677097042,0.022170869448814107,1094,0.9972336184628036,0.9990795325574398,0.9981519138755981,0.9980414334996128,0.9947818326430256,0.9974576662076959,0.0014603764713072356
44.6179717540741,1.0647600822127647,0.022797060012817384,0.0025890567910570295,0.8,0.03,5,3,300,0.1,10.0,1.0,"{'clf__colsample_bytree': 0.8, 'clf__learning_rate': 0.03, 'clf__max_depth': 5, 'clf__min_child_weight': 3, 'clf__n_estimators': 300, 'clf__reg_alpha': 0.1, 'clf__reg_lambda': 10.0, 'clf__subsample': 1.0}",0.8318452718452719,0.821238359312155,0.7894101460145527,0.7850449252629714,0.8430880338457463,0.8141253472561395,0.023064865046881218,771,0.9981581327810707,1.0,0.9990771574058865,0.9990771574058865,0.9990802514078543,0.9990785398001396,0.0005824508103362562
52.441823434829715,0.9878968144409426,0.03194575309753418,0.0012773401917931294,0.8,0.03,5,3,600,0.0,1.0,0.8,"{'clf__colsample_bytree': 0.8, 'clf__learning_rate': 0.03, 'clf__max_depth': 5, 'clf__min_child_weight': 3, 'clf__n_estimators': 600, 'clf__reg_alpha': 0.0, 'clf__reg_lambda': 1.0, 'clf__subsample': 0.8}",0.8236839565335428,0.8358488683711196,0.785915271279085,0.8089147286821705,0.8486310610429797,0.8205987771817795,0.021759389340852833,154,1.0,1.0,1.0,1.0,1.0,1.0,0.0
55.04226698875427,1.0598106932227649,0.03316974639892578,0.002686682403978477,0.8,0.03,5,3,600,0.0,1.0,1.0,"{'clf__colsample_bytree': 0.8, 'clf__learning_rate': 0.03, 'clf__max_depth': 5, 'clf__min_child_weight': 3, 'clf__n_estimators': 600, 'clf__reg_alpha': 0.0, 'clf__reg_lambda': 1.0, 'clf__subsample': 1.0}",0.8248883997711511,0.8304903779693695,0.7836914768670313,0.8078996424366633,0.843499871215128,0.8180939536518685,0.020653091154799193,338,1.0,1.0,1.0,1.0,1.0,1.0,0.0
67.76073484420776,0.8790606872069557,0.034633970260620116,0.0013527218154506502,0.8,0.03,5,3,600,0.0,10.0,0.8,"{'clf__colsample_bytree': 0.8, 'clf__learning_rate': 0.03, 'clf__max_depth': 5, 'clf__min_child_weight': 3, 'clf__n_estimators': 600, 'clf__reg_alpha': 0.0, 'clf__reg_lambda': 10.0, 'clf__subsample': 0.8}",0.8230214734766935,0.8291822017044528,0.7795259533639816,0.7856976692292884,0.8459593081124712,0.8126773211773773,0.025744972439260116,926,1.0,1.0,1.0,1.0,1.0,1.0,0.0
71.9195074081421,1.585275760358687,0.03672342300415039,0.002104347935944899,0.8,0.03,5,3,600,0.0,10.0,1.0,"{'clf__colsample_bytree': 0.8, 'clf__learning_rate': 0.03, 'clf__max_depth': 5, 'clf__min_child_weight': 3, 'clf__n_estimators': 600, 'clf__reg_alpha': 0.0, 'clf__reg_lambda': 10.0, 'clf__subsample': 1.0}",0.8314295992674312,0.8242596686626538,0.7802196995461375,0.7851481746168653,0.8402087333760047,0.8122531750938184,0.0247152947677871,969,1.0,1.0,1.0,1.0,1.0,1.0,0.0
53.29275970458984,1.20398169248142,0.03229093551635742,0.001798781212106852,0.8,0.03,5,3,600,0.1,1.0,0.8,"{'clf__colsample_bytree': 0.8, 'clf__learning_rate': 0.03, 'clf__max_depth': 5, 'clf__min_child_weight': 3, 'clf__n_estimators': 600, 'clf__reg_alpha': 0.1, 'clf__reg_lambda': 1.0, 'clf__subsample': 0.8}",0.825382603165106,0.827638047041032,0.7996841662244506,0.8059353858502466,0.8410446930440836,0.8199369790649838,0.015104422529442652,195,1.0,1.0,1.0,1.0,1.0,1.0,0.0
55.806222915649414,0.5686942647140555,0.03336524963378906,0.001115765051449068,0.8,0.03,5,3,600,0.1,1.0,1.0,"{'clf__colsample_bytree': 0.8, 'clf__learning_rate': 0.03, 'clf__max_depth': 5, 'clf__min_child_weight': 3, 'clf__n_estimators': 600, 'clf__reg_alpha': 0.1, 'clf__reg_lambda': 1.0, 'clf__subsample': 1.0}",0.8248883997711511,0.8288329120543887,0.7883332294541721,0.8001739754996587,0.8513520505459351,0.8187161134650612,0.022237273404063215,290,1.0,1.0,1.0,1.0,1.0,1.0,0.0
67.80799460411072,1.0408551729194528,0.03518810272216797,0.0023192501297327104,0.8,0.03,5,3,600,0.1,10.0,0.8,"{'clf__colsample_bytree': 0.8, 'clf__learning_rate': 0.03, 'clf__max_depth': 5, 'clf__min_child_weight': 3, 'clf__n_estimators': 600, 'clf__reg_alpha': 0.1, 'clf__reg_lambda': 10.0, 'clf__subsample': 0.8}",0.8230504679727819,0.8268886237228015,0.7851281930849956,0.7861377333637882,0.8444004001779697,0.8131210836644673,0.023572172534560055,886,1.0,1.0,1.0,1.0,1.0,1.0,0.0
72.27663145065307,1.6107997106298064,0.037766313552856444,0.002530169430272231,0.8,0.03,5,3,600,0.1,10.0,1.0,"{'clf__colsample_bytree': 0.8, 'clf__learning_rate': 0.03, 'clf__max_depth': 5, 'clf__min_child_weight': 3, 'clf__n_estimators': 600, 'clf__reg_alpha': 0.1, 'clf__reg_lambda': 10.0, 'clf__subsample': 1.0}",0.82764504660402,0.8242596686626538,0.7893130761101085,0.7916609305202456,0.8402087333760047,0.8146174910546066,0.02042017415901156,728,1.0,1.0,1.0,1.0,1.0,1.0,0.0
63.58280558586121,1.0798363360256293,0.04063749313354492,0.001504817425328071,0.8,0.03,5,3,1000,0.0,1.0,0.8,"{'clf__colsample_bytree': 0.8, 'clf__learning_rate': 0.03, 'clf__max_depth': 5, 'clf__min_child_weight': 3, 'clf__n_estimators': 1000, 'clf__reg_alpha': 0.0, 'clf__reg_lambda': 1.0, 'clf__subsample': 0.8}",0.8133589573532252,0.8387537282014585,0.7924368770897442,0.8073877565595137,0.8486310610429797,0.8201136760493842,0.020660460998168623,185,1.0,1.0,1.0,1.0,1.0,1.0,0.0
66.52914052009582,0.9280806793515763,0.043511056900024415,0.0016346160324016642,0.8,0.03,5,3,1000,0.0,1.0,1.0,"{'clf__colsample_bytree': 0.8, 'clf__learning_rate': 0.03, 'clf__max_depth': 5, 'clf__min_child_weight': 3, 'clf__n_estimators': 1000, 'clf__reg_alpha': 0.0, 'clf__reg_lambda': 1.0, 'clf__subsample': 1.0}",0.8221411565273326,0.8347119849340748,0.7836914768670313,0.8113295206899572,0.8452939474728467,0.8194336172982485,0.021225894315543437,233,1.0,1.0,1.0,1.0,1.0,1.0,0.0
90.54390993118287,1.5867472864254488,0.047387552261352536,0.00216554660883299,0.8,0.03,5,3,1000,0.0,10.0,0.8,"{'clf__colsample_bytree': 0.8, 'clf__learning_rate': 0.03, 'clf__max_depth': 5, 'clf__min_child_weight': 3, 'clf__n_estimators': 1000, 'clf__reg_alpha': 0.0, 'clf__reg_lambda': 10.0, 'clf__subsample': 0.8}",0.8230214734766935,0.8291822017044528,0.7965148327611089,0.7945158245699346,0.8444004001779697,0.8175269465380317,0.019283350172710916,399,1.0,1.0,1.0,1.0,1.0,1.0,0.0
95.59151892662048,1.2371526050972048,0.05000801086425781,0.001980647862927008,0.8,0.03,5,3,1000,0.0,10.0,1.0,"{'clf__colsample_bytree': 0.8, 'clf__learning_rate': 0.03, 'clf__max_depth': 5, 'clf__min_child_weight': 3, 'clf__n_estimators': 1000, 'clf__reg_alpha': 0.0, 'clf__reg_lambda': 10.0, 'clf__subsample': 1.0}",0.822493499349935,0.8268886237228015,0.7785295213810992,0.7909153932106469,0.8356384219054706,0.8108930919139906,0.02213263197196777,1085,1.0,1.0,1.0,1.0,1.0,1.0,0.0
65.60627779960632,1.0111645751061258,0.0419466495513916,0.0012905835662697042,0.8,0.03,5,3,1000,0.1,1.0,0.8,"{'clf__colsample_bytree': 0.8, 'clf__learning_rate': 0.03, 'clf__max_depth': 5, 'clf__min_child_weight': 3, 'clf__n_estimators': 1000, 'clf__reg_alpha': 0.1, 'clf__reg_lambda': 1.0, 'clf__subsample': 0.8}",0.825382603165106,0.8394198969910546,0.7973686004189519,0.8062955003581722,0.837476006255432,0.8211885214377433,0.016759750905106695,122,1.0,1.0,1.0,1.0,1.0,1.0,0.0
69.97052202224731,1.7528141295053585,0.04322047233581543,0.0026309038334653262,0.8,0.03,5,3,1000,0.1,1.0,1.0,"{'clf__colsample_bytree': 0.8, 'clf__learning_rate': 0.03, 'clf__max_depth': 5, 'clf__min_child_weight': 3, 'clf__n_estimators': 1000, 'clf__reg_alpha': 0.1, 'clf__reg_lambda': 1.0, 'clf__subsample': 1.0}",0.8248883997711511,0.8284629069560576,0.7907560489923716,0.8067019426108742,0.85020784396283,0.8202034284586569,0.02019837205580815,177,1.0,1.0,1.0,1.0,1.0,1.0,0.0
90.91935415267945,0.8746614580550128,0.04879951477050781,0.002380173392025423,0.8,0.03,5,3,1000,0.1,10.0,0.8,"{'clf__colsample_bytree': 0.8, 'clf__learning_rate': 0.03, 'clf__max_depth': 5, 'clf__min_child_weight': 3, 'clf__n_estimators': 1000, 'clf__reg_alpha': 0.1, 'clf__reg_lambda': 10.0, 'clf__subsample': 0.8}",0.8230214734766935,0.8346343182895553,0.7899349214443555,0.7942729417890894,0.8471735406392185,0.8178074391277825,0.02237609323136813,366,1.0,1.0,1.0,1.0,1.0,1.0,0.0
96.86822447776794,1.776072982788722,0.049301528930664064,0.001914489026345724,0.8,0.03,5,3,1000,0.1,10.0,1.0,"{'clf__colsample_bytree': 0.8, 'clf__learning_rate': 0.03, 'clf__max_depth': 5, 'clf__min_child_weight': 3, 'clf__n_estimators': 1000, 'clf__reg_alpha': 0.1, 'clf__reg_lambda': 10.0, 'clf__subsample': 1.0}",0.8174787347155767,0.8272492983669106,0.7891432555572074,0.7914432507189028,0.8404628811788244,0.8131554841074843,0.02005506534361023,883,1.0,1.0,1.0,1.0,1.0,1.0,0.0
31.248584938049316,0.33605528312427213,0.021180200576782226,0.0009493942705510207,0.8,0.03,5,5,300,0.0,1.0,0.8,"{'clf__colsample_bytree': 0.8, 'clf__learning_rate': 0.03, 'clf__max_depth': 5, 'clf__min_child_weight': 5, 'clf__n_estimators': 300, 'clf__reg_alpha': 0.0, 'clf__reg_lambda': 1.0, 'clf__subsample': 0.8}",0.8221442741325703,0.8327631052420968,0.7917686365805905,0.8094612009277594,0.8361385844545428,0.818455160267512,0.01627324302394163,310,0.9990802514078543,1.0,0.9990771574058865,0.9980414334996128,0.9981628558539307,0.9988723396334569,0.0007142223414005868
33.783255672454835,0.49338767427627034,0.021999645233154296,0.0008419064520447789,0.8,0.03,5,5,300,0.0,1.0,1.0,"{'clf__colsample_bytree': 0.8, 'clf__learning_rate': 0.03, 'clf__max_depth': 5, 'clf__min_child_weight': 5, 'clf__n_estimators': 300, 'clf__reg_alpha': 0.0, 'clf__reg_lambda': 1.0, 'clf__subsample': 1.0}",0.8226945515545151,0.8246809550770908,0.7814013257124712,0.8026393491172594,0.8287328680726646,0.8120298099068004,0.017771129049706902,994,1.0,1.0,1.0,1.0,1.0,1.0,0.0
34.8680802822113,0.23965228473426817,0.02213578224182129,0.0014040538778281326,0.8,0.03,5,5,300,0.0,10.0,0.8,"{'clf__colsample_bytree': 0.8, 'clf__learning_rate': 0.03, 'clf__max_depth': 5, 'clf__min_child_weight': 5, 'clf__n_estimators': 300, 'clf__reg_alpha': 0.0, 'clf__reg_lambda': 10.0, 'clf__subsample': 0.8}",0.8117305050343091,0.8193484197033893,0.7852145418055918,0.8006520789665482,0.8451045490666393,0.8124100189152955,0.019976879503518917,950,0.9931437978939084,0.9933504014149361,0.9925260010106085,0.9945661148982848,0.9940733571586708,0.9935319344752817,0.0007152865247660208
37.81505002975464,0.7304824783332244,0.021203231811523438,0.0015880320538452343,0.8,0.03,5,5,300,0.0,10.0,1.0,"{'clf__colsample_bytree': 0.8, 'clf__learning_rate': 0.03, 'clf__max_depth': 5, 'clf__min_child_weight': 5, 'clf__n_estimators': 300, 'clf__reg_alpha': 0.0, 'clf__reg_lambda': 10.0, 'clf__subsample': 1.0}",0.816983872350582,0.8201022216657121,0.7759182259182259,0.7828246709146851,0.8411892612460673,0.8074036504190545,0.02445387516281096,1222,0.9971210806548733,0.9983696231905673,0.9981519138755981,0.9980414334996128,0.9962050689153487,0.9975778240272,0.0008080259794501957
31.55229287147522,0.23728365758106776,0.022017812728881835,0.001758497793961823,0.8,0.03,5,5,300,0.1,1.0,0.8,"{'clf__colsample_bytree': 0.8, 'clf__learning_rate': 0.03, 'clf__max_depth': 5, 'clf__min_child_weight': 5, 'clf__n_estimators': 300, 'clf__reg_alpha': 0.1, 'clf__reg_lambda': 1.0, 'clf__subsample': 0.8}",0.8256522341473798,0.8242596686626538,0.7918245716365255,0.8030972351695883,0.8453724523559227,0.818041232394414,0.01873087417201871,342,0.9990802514078543,1.0,0.9990771574058865,0.9980414334996128,0.9981628558539307,0.9988723396334569,0.0007142223414005868
34.08180413246155,0.6109225122083648,0.021980142593383788,0.0006857450959286604,0.8,0.03,5,5,300,0.1,1.0,1.0,"{'clf__colsample_bytree': 0.8, 'clf__learning_rate': 0.03, 'clf__max_depth': 5, 'clf__min_child_weight': 5, 'clf__n_estimators': 300, 'clf__reg_alpha': 0.1, 'clf__reg_lambda': 1.0, 'clf__subsample': 1.0}",0.8184284932314364,0.8235552903894681,0.7827830997385452,0.799256090617783,0.8317460317460317,0.8111538011446529,0.0177606883630272,1064,1.0,1.0,1.0,1.0,1.0,1.0,0.0
34.759096670150754,0.17848691935262992,0.021374940872192383,0.0003717161426801882,0.8,0.03,5,5,300,0.1,10.0,0.8,"{'clf__colsample_bytree': 0.8, 'clf__learning_rate': 0.03, 'clf__max_depth': 5, 'clf__min_child_weight': 5, 'clf__n_estimators': 300, 'clf__reg_alpha': 0.1, 'clf__reg_lambda': 10.0, 'clf__subsample': 0.8}",0.8117305050343091,0.818608563011548,0.7785836234882508,0.8009261220514158,0.8448150102708336,0.8109327647712714,0.021698666634228817,1078,0.9922318799552818,0.9933504014149361,0.9925260010106085,0.9945661148982848,0.9933642455322425,0.9932077285622707,0.00081327725913174
38.11706571578979,0.6227566812856956,0.022646617889404298,0.0008932965992670204,0.8,0.03,5,5,300,0.1,10.0,1.0,"{'clf__colsample_bytree': 0.8, 'clf__learning_rate': 0.03, 'clf__max_depth': 5, 'clf__min_child_weight': 5, 'clf__n_estimators': 300, 'clf__reg_alpha': 0.1, 'clf__reg_lambda': 10.0, 'clf__subsample': 1.0}",0.8195038838603195,0.8156559573990766,0.786331618033686,0.7811237407929184,0.8381510903299895,0.808153258083198,0.021409231286804175,1201,0.9971210806548733,0.9983696231905673,0.9981519138755981,0.9980414334996128,0.9962050689153487,0.9975778240272,0.0008080259794501957
45.04518976211548,0.4776111643875703,0.029673433303833006,0.001110363672107686,0.8,0.03,5,5,600,0.0,1.0,0.8,"{'clf__colsample_bytree': 0.8, 'clf__learning_rate': 0.03, 'clf__max_depth': 5, 'clf__min_child_weight': 5, 'clf__n_estimators': 600, 'clf__reg_alpha': 0.0, 'clf__reg_lambda': 1.0, 'clf__subsample': 0.8}",0.8226102439337732,0.8387537282014585,0.7828145261164129,0.816347734225647,0.8421571758593891,0.8205366816673362,0.02118544082187129,159,1.0,1.0,1.0,1.0,1.0,1.0,0.0
47.604156255722046,0.7084906688462704,0.030963945388793945,0.00028948498367738955,0.8,0.03,5,5,600,0.0,1.0,1.0,"{'clf__colsample_bytree': 0.8, 'clf__learning_rate': 0.03, 'clf__max_depth': 5, 'clf__min_child_weight': 5, 'clf__n_estimators': 600, 'clf__reg_alpha': 0.0, 'clf__reg_lambda': 1.0, 'clf__subsample': 1.0}",0.8269697376977516,0.8287150910880999,0.7776240911192367,0.7998303050514208,0.835148193234643,0.8136574836382303,0.021704352067345115,830,1.0,1.0,1.0,1.0,1.0,1.0,0.0
55.337363958358765,0.7429474784586924,0.03211336135864258,0.0021396895719233,0.8,0.03,5,5,600,0.0,10.0,0.8,"{'clf__colsample_bytree': 0.8, 'clf__learning_rate': 0.03, 'clf__max_depth': 5, 'clf__min_child_weight': 5, 'clf__n_estimators': 600, 'clf__reg_alpha': 0.0, 'clf__reg_lambda': 10.0, 'clf__subsample': 0.8}",0.8128279524785058,0.8220088035214086,0.7869609442728982,0.8033211734306126,0.8444004001779697,0.8139038547762791,0.019156203236602058,804,1.0,1.0,1.0,1.0,1.0,1.0,0.0
60.040988540649415,1.2661268506566596,0.033518314361572266,0.0011264154539666414,0.8,0.03,5,5,600,0.0,10.0,1.0,"{'clf__colsample_bytree': 0.8, 'clf__learning_rate': 0.03, 'clf__max_depth': 5, 'clf__min_child_weight': 5, 'clf__n_estimators': 600, 'clf__reg_alpha': 0.0, 'clf__reg_lambda': 10.0, 'clf__subsample': 1.0}",0.8234395273976813,0.823893593668924,0.7711917266472335,0.8033587942859998,0.8369099347965714,0.811758715359282,0.02294567378766535,1020,1.0,1.0,1.0,1.0,1.0,1.0,0.0
45.32299976348877,0.7938719524821818,0.030708980560302735,0.0007987596491208548,0.8,0.03,5,5,600,0.1,1.0,0.8,"{'clf__colsample_bytree': 0.8, 'clf__learning_rate': 0.03, 'clf__max_depth': 5, 'clf__min_child_weight': 5, 'clf__n_estimators': 600, 'clf__reg_alpha': 0.1, 'clf__reg_lambda': 1.0, 'clf__subsample': 0.8}",0.8234395273976813,0.8272492983669106,0.7932161348507588,0.8068621217988582,0.8421571758593891,0.8185848516547196,0.01694278117288194,297,1.0,1.0,1.0,1.0,1.0,1.0,0.0
48.6959105014801,0.7821606856695655,0.03131647109985351,0.0010528352746528137,0.8,0.03,5,5,600,0.1,1.0,1.0,"{'clf__colsample_bytree': 0.8, 'clf__learning_rate': 0.03, 'clf__max_depth': 5, 'clf__min_child_weight': 5, 'clf__n_estimators': 600, 'clf__reg_alpha': 0.1, 'clf__reg_lambda': 1.0, 'clf__subsample': 1.0}",0.8319202327472566,0.8254772073564021,0.7832891419520728,0.7964982205376002,0.8264612088943537,0.8127292022975372,0.019232977980094015,918,1.0,1.0,1.0,1.0,1.0,1.0,0.0
55.67315673828125,0.7404055122361825,0.030951547622680663,0.0017659809316154652,0.8,0.03,5,5,600,0.1,10.0,0.8,"{'clf__colsample_bytree': 0.8, 'clf__learning_rate': 0.03, 'clf__max_depth': 5, 'clf__min_child_weight': 5, 'clf__n_estimators': 600, 'clf__reg_alpha': 0.1, 'clf__reg_lambda': 10.0, 'clf__subsample': 0.8}",0.8128279524785058,0.823893593668924,0.7777318083872464,0.8033211734306126,0.8356215774127018,0.810679221075598,0.019702947481666677,1102,0.9990802514078543,1.0,0.9990771574058865,1.0,1.0,0.9996314817627482,0.0004513418815771679
60.405188751220706,0.9184591496066711,0.03275623321533203,0.00048795593775885536,0.8,0.03,5,5,600,0.1,10.0,1.0,"{'clf__colsample_bytree': 0.8, 'clf__learning_rate': 0.03, 'clf__max_depth': 5, 'clf__min_child_weight': 5, 'clf__n_estimators': 600, 'clf__reg_alpha': 0.1, 'clf__reg_lambda': 10.0, 'clf__subsample': 1.0}",0.8244242615501636,0.831722355229818,0.7709310641508524,0.803647425310285,0.8308571381231642,0.8123164488728566,0.023042775550515163,960,1.0,1.0,1.0,1.0,1.0,1.0,0.0
55.34493379592895,0.7889337418223122,0.03944807052612305,0.0008826934756395055,0.8,0.03,5,5,1000,0.0,1.0,0.8,"{'clf__colsample_bytree': 0.8, 'clf__learning_rate': 0.03, 'clf__max_depth': 5, 'clf__min_child_weight': 5, 'clf__n_estimators': 1000, 'clf__reg_alpha': 0.0, 'clf__reg_lambda': 1.0, 'clf__subsample': 0.8}",0.8131419364671191,0.8357669687645514,0.7942430975449843,0.8101405324287567,0.8407846878327294,0.8188154446076282,0.017211884587255304,280,1.0,1.0,1.0,1.0,1.0,1.0,0.0
58.68195753097534,1.3952960103762415,0.041201543807983396,0.0024975318794156626,0.8,0.03,5,5,1000,0.0,1.0,1.0,"{'clf__colsample_bytree': 0.8, 'clf__learning_rate': 0.03, 'clf__max_depth': 5, 'clf__min_child_weight': 5, 'clf__n_estimators': 1000, 'clf__reg_alpha': 0.0, 'clf__reg_lambda': 1.0, 'clf__subsample': 1.0}",0.8242096709670967,0.8287150910880999,0.789731327073349,0.803611839935994,0.8399271638276242,0.8172390185784328,0.01809649280667902,431,1.0,1.0,1.0,1.0,1.0,1.0,0.0
74.61091375350952,1.4248400303461617,0.04357624053955078,0.0034573413248649935,0.8,0.03,5,5,1000,0.0,10.0,0.8,"{'clf__colsample_bytree': 0.8, 'clf__learning_rate': 0.03, 'clf__max_depth': 5, 'clf__min_child_weight': 5, 'clf__n_estimators': 1000, 'clf__reg_alpha': 0.0, 'clf__reg_lambda': 10.0, 'clf__subsample': 0.8}",0.8155622091589115,0.8282020193425792,0.788327734604861,0.8044230893677603,0.8366737848235146,0.8146377674595253,0.01712884736460939,725,1.0,1.0,1.0,1.0,1.0,1.0,0.0
80.57711267471313,1.9100853965004243,0.046959877014160156,0.002789436669789518,0.8,0.03,5,5,1000,0.0,10.0,1.0,"{'clf__colsample_bytree': 0.8, 'clf__learning_rate': 0.03, 'clf__max_depth': 5, 'clf__min_child_weight': 5, 'clf__n_estimators': 1000, 'clf__reg_alpha': 0.0, 'clf__reg_lambda': 10.0, 'clf__subsample': 1.0}",0.8207091055600322,0.8208812902842753,0.7743758232523827,0.8024698760156398,0.8338926234172712,0.8104657437059203,0.020633201516359022,1112,1.0,1.0,1.0,1.0,1.0,1.0,0.0
57.18335375785828,0.5477525082305055,0.03978419303894043,0.0018532652411253955,0.8,0.03,5,5,1000,0.1,1.0,0.8,"{'clf__colsample_bytree': 0.8, 'clf__learning_rate': 0.03, 'clf__max_depth': 5, 'clf__min_child_weight': 5, 'clf__n_estimators': 1000, 'clf__reg_alpha': 0.1, 'clf__reg_lambda': 1.0, 'clf__subsample': 0.8}",0.8191380217115511,0.8360865636577212,0.7970673327614337,0.8098543359913645,0.8492557978539288,0.8222804103952,0.018537867255711337,71,1.0,1.0,1.0,1.0,1.0,1.0,0.0
61.868111038208006,1.503713040768516,0.04444117546081543,0.0030756135888487055,0.8,0.03,5,5,1000,0.1,1.0,1.0,"{'clf__colsample_bytree': 0.8, 'clf__learning_rate': 0.03, 'clf__max_depth': 5, 'clf__min_child_weight': 5, 'clf__n_estimators': 1000, 'clf__reg_alpha': 0.1, 'clf__reg_lambda': 1.0, 'clf__subsample': 1.0}",0.82936700069053,0.8254772073564021,0.792343865181609,0.8062849196354963,0.8360185723658917,0.8178983130459858,0.016156824844239477,355,1.0,1.0,1.0,1.0,1.0,1.0,0.0
77.38880281448364,1.684290397572364,0.05111055374145508,0.004748855247015869,0.8,0.03,5,5,1000,0.1,10.0,0.8,"{'clf__colsample_bytree': 0.8, 'clf__learning_rate': 0.03, 'clf__max_depth': 5, 'clf__min_child_weight': 5, 'clf__n_estimators': 1000, 'clf__reg_alpha': 0.1, 'clf__reg_lambda': 10.0, 'clf__subsample': 0.8}",0.8117694805194805,0.8242596686626538,0.788327734604861,0.801033212890651,0.8323776302163277,0.8115535453787949,0.015781320527624074,1038,1.0,1.0,1.0,1.0,1.0,1.0,0.0
83.42267889976502,1.9715528271629208,0.048354291915893556,0.0026052612259221935,0.8,0.03,5,5,1000,0.1,10.0,1.0,"{'clf__colsample_bytree': 0.8, 'clf__learning_rate': 0.03, 'clf__max_depth': 5, 'clf__min_child_weight': 5, 'clf__n_estimators': 1000, 'clf__reg_alpha': 0.1, 'clf__reg_lambda': 10.0, 'clf__subsample': 1.0}",0.8205306554350362,0.8343513102899656,0.7775682019987271,0.792395973731065,0.8338926234172712,0.811747752974413,0.022896237816130635,1021,1.0,1.0,1.0,1.0,1.0,1.0,0.0
71.31810088157654,1.2370121664978024,0.03169655799865723,0.0035843693989281626,0.8,0.03,7,1,300,0.0,1.0,0.8,"{'clf__colsample_bytree': 0.8, 'clf__learning_rate': 0.03, 'clf__max_depth': 7, 'clf__min_child_weight': 1, 'clf__n_estimators': 300, 'clf__reg_alpha': 0.0, 'clf__reg_lambda': 1.0, 'clf__subsample': 0.8}",0.8354258001753634,0.8253878905968103,0.7892548215978042,0.7986759583433556,0.846561078459746,0.8190611098346159,0.021762576772625514,260,1.0,1.0,1.0,1.0,1.0,1.0,0.0
76.89408979415893,2.013274561076401,0.03422560691833496,0.0024802457896783278,0.8,0.03,7,1,300,0.0,1.0,1.0,"{'clf__colsample_bytree': 0.8, 'clf__learning_rate': 0.03, 'clf__max_depth': 7, 'clf__min_child_weight': 1, 'clf__n_estimators': 300, 'clf__reg_alpha': 0.0, 'clf__reg_lambda': 1.0, 'clf__subsample': 1.0}",0.8300526841289062,0.8227440639141196,0.7835403836347232,0.7914809081553955,0.834218046167915,0.8124072172002117,0.02080927511334141,951,1.0,1.0,1.0,1.0,1.0,1.0,0.0
87.51615648269653,1.9149740302813703,0.039605903625488284,0.001734175727374107,0.8,0.03,7,1,300,0.0,10.0,0.8,"{'clf__colsample_bytree': 0.8, 'clf__learning_rate': 0.03, 'clf__max_depth': 7, 'clf__min_child_weight': 1, 'clf__n_estimators': 300, 'clf__reg_alpha': 0.0, 'clf__reg_lambda': 10.0, 'clf__subsample': 0.8}",0.8285829385712162,0.8183021153666946,0.7828145261164129,0.7935552533291769,0.8519350870266706,0.8150379840820342,0.024719933311910598,678,0.9990802514078543,1.0,0.9990771574058865,0.9990771574058865,1.0,0.9994469132439254,0.00045159485848466697
99.79401307106018,2.8857374856816786,0.04183549880981445,0.002923744459099527,0.8,0.03,7,1,300,0.0,10.0,1.0,"{'clf__colsample_bytree': 0.8, 'clf__learning_rate': 0.03, 'clf__max_depth': 7, 'clf__min_child_weight': 1, 'clf__n_estimators': 300, 'clf__reg_alpha': 0.0, 'clf__reg_lambda': 10.0, 'clf__subsample': 1.0}",0.8352829533253332,0.8240908866997108,0.7964425747320484,0.7897296654927789,0.8353463324297228,0.8161784825359188,0.019411539831608118,541,1.0,1.0,1.0,1.0,1.0,1.0,0.0
75.18327889442443,1.7280250154635846,0.037077808380126955,0.0032191605432757486,0.8,0.03,7,1,300,0.1,1.0,0.8,"{'clf__colsample_bytree': 0.8, 'clf__learning_rate': 0.03, 'clf__max_depth': 7, 'clf__min_child_weight': 1, 'clf__n_estimators': 300, 'clf__reg_alpha': 0.1, 'clf__reg_lambda': 1.0, 'clf__subsample': 0.8}",0.8406598303657127,0.8321886167523751,0.785898874200761,0.7986759583433556,0.841187838540105,0.8197222236404619,0.022984913338527525,211,1.0,1.0,1.0,1.0,1.0,1.0,0.0
81.75814228057861,1.9464368084302892,0.03658733367919922,0.005887420629621314,0.8,0.03,7,1,300,0.1,1.0,1.0,"{'clf__colsample_bytree': 0.8, 'clf__learning_rate': 0.03, 'clf__max_depth': 7, 'clf__min_child_weight': 1, 'clf__n_estimators': 300, 'clf__reg_alpha': 0.1, 'clf__reg_lambda': 1.0, 'clf__subsample': 1.0}",0.8283431542690594,0.8227234891411681,0.7698336473312073,0.8056142047486616,0.8316209950580267,0.8116270981096246,0.022738336602187593,1028,1.0,1.0,1.0,1.0,1.0,1.0,0.0
90.36108789443969,1.0133999869388854,0.0391024112701416,0.003914652983464743,0.8,0.03,7,1,300,0.1,10.0,0.8,"{'clf__colsample_bytree': 0.8, 'clf__learning_rate': 0.03, 'clf__max_depth': 7, 'clf__min_child_weight': 1, 'clf__n_estimators': 300, 'clf__reg_alpha': 0.1, 'clf__reg_lambda': 10.0, 'clf__subsample': 0.8}",0.8340256163371325,0.8247062921374848,0.7828145261164129,0.7862599454337854,0.8457125457927495,0.8147037851635129,0.02553782842205256,719,0.9990802514078543,1.0,0.9990771574058865,0.9990771574058865,0.9990802514078543,0.9992629635254964,0.0003685208349019573
101.44099745750427,1.1621616722959822,0.04023098945617676,0.0027010187633074207,0.8,0.03,7,1,300,0.1,10.0,1.0,"{'clf__colsample_bytree': 0.8, 'clf__learning_rate': 0.03, 'clf__max_depth': 7, 'clf__min_child_weight': 1, 'clf__n_estimators': 300, 'clf__reg_alpha': 0.1, 'clf__reg_lambda': 10.0, 'clf__subsample': 1.0}",0.8391046143061203,0.8226651462348358,0.7985044687069477,0.789154129393693,0.8378021625311897,0.8174461042345573,0.020346596590847626,404,1.0,1.0,1.0,1.0,1.0,1.0,0.0
97.08592109680175,1.578229831373856,0.04647736549377442,0.0029761199976622034,0.8,0.03,7,1,600,0.0,1.0,0.8,"{'clf__colsample_bytree': 0.8, 'clf__learning_rate': 0.03, 'clf__max_depth': 7, 'clf__min_child_weight': 1, 'clf__n_estimators': 600, 'clf__reg_alpha': 0.0, 'clf__reg_lambda': 1.0, 'clf__subsample': 0.8}",0.8354895104895105,0.8332891526921378,0.7850678148797687,0.7983949068396107,0.8433058731847124,0.819109451617148,0.022990269528710233,252,1.0,1.0,1.0,1.0,1.0,1.0,0.0
103.34428682327271,1.8366248017367632,0.04880399703979492,0.0018462610224984825,0.8,0.03,7,1,600,0.0,1.0,1.0,"{'clf__colsample_bytree': 0.8, 'clf__learning_rate': 0.03, 'clf__max_depth': 7, 'clf__min_child_weight': 1, 'clf__n_estimators': 600, 'clf__reg_alpha': 0.0, 'clf__reg_lambda': 1.0, 'clf__subsample': 1.0}",0.8320738924651583,0.831796240289391,0.792553611423224,0.8004873514175899,0.8294247473680234,0.8172671685926772,0.01714912178672767,425,1.0,1.0,1.0,1.0,1.0,1.0,0.0
140.22622561454773,1.8750997041529978,0.054697704315185544,0.0026587704895660257,0.8,0.03,7,1,600,0.0,10.0,0.8,"{'clf__colsample_bytree': 0.8, 'clf__learning_rate': 0.03, 'clf__max_depth': 7, 'clf__min_child_weight': 1, 'clf__n_estimators': 600, 'clf__reg_alpha': 0.0, 'clf__reg_lambda': 10.0, 'clf__subsample': 0.8}",0.8334073073279848,0.8217034759109122,0.7861926200306483,0.7823294727425172,0.8549354707078876,0.8157136693439899,0.027832675923573677,594,1.0,1.0,1.0,1.0,1.0,1.0,0.0
153.4069371700287,1.6639535423534195,0.05897216796875,0.0042695470685885795,0.8,0.03,7,1,600,0.0,10.0,1.0,"{'clf__colsample_bytree': 0.8, 'clf__learning_rate': 0.03, 'clf__max_depth': 7, 'clf__min_child_weight': 1, 'clf__n_estimators': 600, 'clf__reg_alpha': 0.0, 'clf__reg_lambda': 10.0, 'clf__subsample': 1.0}",0.8351549123522217,0.8234579263636987,0.7880776382454234,0.7940888613831264,0.8383657791547777,0.8158290234998496,0.020891957910599047,582,1.0,1.0,1.0,1.0,1.0,1.0,0.0
101.01525683403015,1.9944528593139534,0.046109914779663086,0.002645496184993581,0.8,0.03,7,1,600,0.1,1.0,0.8,"{'clf__colsample_bytree': 0.8, 'clf__learning_rate': 0.03, 'clf__max_depth': 7, 'clf__min_child_weight': 1, 'clf__n_estimators': 600, 'clf__reg_alpha': 0.1, 'clf__reg_lambda': 1.0, 'clf__subsample': 0.8}",0.8406598303657127,0.8321886167523751,0.785898874200761,0.7922108235933529,0.8435262117860203,0.8188968713396443,0.024730201179957136,272,1.0,1.0,1.0,1.0,1.0,1.0,0.0
107.387948179245,1.0964398351195164,0.050166082382202146,0.0009613550996479582,0.8,0.03,7,1,600,0.1,1.0,1.0,"{'clf__colsample_bytree': 0.8, 'clf__learning_rate': 0.03, 'clf__max_depth': 7, 'clf__min_child_weight': 1, 'clf__n_estimators': 600, 'clf__reg_alpha': 0.1, 'clf__reg_lambda': 1.0, 'clf__subsample': 1.0}",0.8232089484182219,0.8220825985227691,0.7844039190643165,0.8118817049463604,0.8397765131010478,0.8162707368105432,0.018271265472704707,535,1.0,1.0,1.0,1.0,1.0,1.0,0.0
142.80184950828553,2.94265469563836,0.05868101119995117,0.002258451484350845,0.8,0.03,7,1,600,0.1,10.0,0.8,"{'clf__colsample_bytree': 0.8, 'clf__learning_rate': 0.03, 'clf__max_depth': 7, 'clf__min_child_weight': 1, 'clf__n_estimators': 600, 'clf__reg_alpha': 0.1, 'clf__reg_lambda': 10.0, 'clf__subsample': 0.8}",0.8274411840214155,0.8247062921374848,0.7836052395749117,0.7818802007606561,0.8549354707078876,0.8145136774404712,0.028018588555518177,737,1.0,1.0,1.0,1.0,1.0,1.0,0.0
153.55289602279663,2.6446140802591747,0.06389193534851074,0.004021205103522195,0.8,0.03,7,1,600,0.1,10.0,1.0,"{'clf__colsample_bytree': 0.8, 'clf__learning_rate': 0.03, 'clf__max_depth': 7, 'clf__min_child_weight': 1, 'clf__n_estimators': 600, 'clf__reg_alpha': 0.1, 'clf__reg_lambda': 10.0, 'clf__subsample': 1.0}",0.834609705035237,0.8264294750158128,0.78757739482665,0.7911177065915057,0.8396987442677534,0.8158866051473916,0.022107167473993185,575,1.0,1.0,1.0,1.0,1.0,1.0,0.0
112.26834726333618,2.7277011238608075,0.05726323127746582,0.0030017254352361178,0.8,0.03,7,1,1000,0.0,1.0,0.8,"{'clf__colsample_bytree': 0.8, 'clf__learning_rate': 0.03, 'clf__max_depth': 7, 'clf__min_child_weight': 1, 'clf__n_estimators': 1000, 'clf__reg_alpha': 0.0, 'clf__reg_lambda': 1.0, 'clf__subsample': 0.8}",0.8366963273280517,0.8348716863422745,0.7809153493115757,0.8011360969498007,0.8463054796476309,0.8199849879158666,0.024800678584710047,189,1.0,1.0,1.0,1.0,1.0,1.0,0.0
117.45761303901672,2.7824003345935453,0.059902000427246097,0.0034384324382619375,0.8,0.03,7,1,1000,0.0,1.0,1.0,"{'clf__colsample_bytree': 0.8, 'clf__learning_rate': 0.03, 'clf__max_depth': 7, 'clf__min_child_weight': 1, 'clf__n_estimators': 1000, 'clf__reg_alpha': 0.0, 'clf__reg_lambda': 1.0, 'clf__subsample': 1.0}",0.8320738924651583,0.8380676896320614,0.7914992155820982,0.8003739384244039,0.8383051793602252,0.8200639830927894,0.020023767954781672,186,1.0,1.0,1.0,1.0,1.0,1.0,0.0
180.86330423355102,2.63550127476636,0.07441411018371583,0.0032518876637749423,0.8,0.03,7,1,1000,0.0,10.0,0.8,"{'clf__colsample_bytree': 0.8, 'clf__learning_rate': 0.03, 'clf__max_depth': 7, 'clf__min_child_weight': 1, 'clf__n_estimators': 1000, 'clf__reg_alpha': 0.0, 'clf__reg_lambda': 10.0, 'clf__subsample': 0.8}",0.8284587335901479,0.82510483645513,0.7896347781478421,0.7833828544144736,0.8549354707078876,0.8163033346630961,0.02650521465169245,531,1.0,1.0,1.0,1.0,1.0,1.0,0.0
195.8030991077423,3.3320411776609826,0.0780871868133545,0.001691572890291011,0.8,0.03,7,1,1000,0.0,10.0,1.0,"{'clf__colsample_bytree': 0.8, 'clf__learning_rate': 0.03, 'clf__max_depth': 7, 'clf__min_child_weight': 1, 'clf__n_estimators': 1000, 'clf__reg_alpha': 0.0, 'clf__reg_lambda': 10.0, 'clf__subsample': 1.0}",0.8351549123522217,0.8279283790744834,0.7841175976127432,0.7926653744757685,0.8469451210793476,0.8173622769189128,0.024570351041454056,415,1.0,1.0,1.0,1.0,1.0,1.0,0.0
118.92798614501953,1.7187452162732075,0.057951164245605466,0.0035425597286647373,0.8,0.03,7,1,1000,0.1,1.0,0.8,"{'clf__colsample_bytree': 0.8, 'clf__learning_rate': 0.03, 'clf__max_depth': 7, 'clf__min_child_weight': 1, 'clf__n_estimators': 1000, 'clf__reg_alpha': 0.1, 'clf__reg_lambda': 1.0, 'clf__subsample': 0.8}",0.8338276262414545,0.8348716863422745,0.7850678148797687,0.8011360969498007,0.8435262117860203,0.8196858872398638,0.02254534987339099,218,1.0,1.0,1.0,1.0,1.0,1.0,0.0
124.84455223083496,2.053662281956722,0.06047444343566895,0.0033011880628095753,0.8,0.03,7,1,1000,0.1,1.0,1.0,"{'clf__colsample_bytree': 0.8, 'clf__learning_rate': 0.03, 'clf__max_depth': 7, 'clf__min_child_weight': 1, 'clf__n_estimators': 1000, 'clf__reg_alpha': 0.1, 'clf__reg_lambda': 1.0, 'clf__subsample': 1.0}",0.8283046375536989,0.8217583036631806,0.7901292920087486,0.8022640128905562,0.8399541211905046,0.8164820734613377,0.017973152133910476,512,1.0,1.0,1.0,1.0,1.0,1.0,0.0
183.99971942901612,2.7038585016944583,0.07570343017578125,0.001953576513530837,0.8,0.03,7,1,1000,0.1,10.0,0.8,"{'clf__colsample_bytree': 0.8, 'clf__learning_rate': 0.03, 'clf__max_depth': 7, 'clf__min_child_weight': 1, 'clf__n_estimators': 1000, 'clf__reg_alpha': 0.1, 'clf__reg_lambda': 10.0, 'clf__subsample': 0.8}",0.8236839565335428,0.8247062921374848,0.7861878049683471,0.7833828544144736,0.8549354707078876,0.8145792757523473,0.026808082594063923,734,1.0,1.0,1.0,1.0,1.0,1.0,0.0
198.56272821426393,2.8931502295345846,0.07500720024108887,0.0010331807656818873,0.8,0.03,7,1,1000,0.1,10.0,1.0,"{'clf__colsample_bytree': 0.8, 'clf__learning_rate': 0.03, 'clf__max_depth': 7, 'clf__min_child_weight': 1, 'clf__n_estimators': 1000, 'clf__reg_alpha': 0.1, 'clf__reg_lambda': 10.0, 'clf__subsample': 1.0}",0.834609705035237,0.8264294750158128,0.7826405935152958,0.7940888613831264,0.8485403096384405,0.8172617889175825,0.024895599057289133,427,1.0,1.0,1.0,1.0,1.0,1.0,0.0
51.47292194366455,1.3184775770445054,0.02919158935546875,0.0015824580516555055,0.8,0.03,7,3,300,0.0,1.0,0.8,"{'clf__colsample_bytree': 0.8, 'clf__learning_rate': 0.03, 'clf__max_depth': 7, 'clf__min_child_weight': 3, 'clf__n_estimators': 300, 'clf__reg_alpha': 0.0, 'clf__reg_lambda': 1.0, 'clf__subsample': 0.8}",0.8299380347200023,0.8285742905707006,0.785921488264471,0.8086319489563031,0.8435416317346912,0.8193214788492336,0.020073699257979832,239,1.0,1.0,1.0,1.0,1.0,1.0,0.0
55.90204257965088,1.3936786253373326,0.02902536392211914,0.0005033988962537477,0.8,0.03,7,3,300,0.0,1.0,1.0,"{'clf__colsample_bytree': 0.8, 'clf__learning_rate': 0.03, 'clf__max_depth': 7, 'clf__min_child_weight': 3, 'clf__n_estimators': 300, 'clf__reg_alpha': 0.0, 'clf__reg_lambda': 1.0, 'clf__subsample': 1.0}",0.8135962914901778,0.8410903470343033,0.7900521714010769,0.7983416840914769,0.8405434418265212,0.8167247871687111,0.021072082066651347,484,1.0,1.0,1.0,1.0,1.0,1.0,0.0
58.21909680366516,0.7321681669267425,0.0304929256439209,0.0006593894259191902,0.8,0.03,7,3,300,0.0,10.0,0.8,"{'clf__colsample_bytree': 0.8, 'clf__learning_rate': 0.03, 'clf__max_depth': 7, 'clf__min_child_weight': 3, 'clf__n_estimators': 300, 'clf__reg_alpha': 0.0, 'clf__reg_lambda': 10.0, 'clf__subsample': 0.8}",0.8281594434677269,0.8234579263636987,0.7869312463078995,0.7904572399784439,0.8455673260857353,0.814914636440701,0.02266819120884126,690,0.9981581327810707,0.9990795325574398,0.9981519138755981,0.9980414334996128,0.9958174873937601,0.9978497000214963,0.0010831068218985647
65.57131910324097,0.7316940599514193,0.032701635360717775,0.003405157630717513,0.8,0.03,7,3,300,0.0,10.0,1.0,"{'clf__colsample_bytree': 0.8, 'clf__learning_rate': 0.03, 'clf__max_depth': 7, 'clf__min_child_weight': 3, 'clf__n_estimators': 300, 'clf__reg_alpha': 0.0, 'clf__reg_lambda': 10.0, 'clf__subsample': 1.0}",0.8366298503627271,0.8226651462348358,0.785898874200761,0.792157422017235,0.8393458393458393,0.8153394264322795,0.022304293878695106,634,0.9990802514078543,1.0,1.0,1.0,1.0,0.9998160502815707,0.00036789943685828775
51.586073541641234,0.7170218621690617,0.029660892486572266,0.0016212214818619832,0.8,0.03,7,3,300,0.1,1.0,0.8,"{'clf__colsample_bytree': 0.8, 'clf__learning_rate': 0.03, 'clf__max_depth': 7, 'clf__min_child_weight': 3, 'clf__n_estimators': 300, 'clf__reg_alpha': 0.1, 'clf__reg_lambda': 1.0, 'clf__subsample': 0.8}",0.8372249673563816,0.8272492983669106,0.7811595835025661,0.8073701978040941,0.8355316989971611,0.8177071492054229,0.02112955056005781,381,1.0,1.0,1.0,1.0,1.0,1.0,0.0
56.63943648338318,0.8503942253325453,0.030925989151000977,0.0024956338781681577,0.8,0.03,7,3,300,0.1,1.0,1.0,"{'clf__colsample_bytree': 0.8, 'clf__learning_rate': 0.03, 'clf__max_depth': 7, 'clf__min_child_weight': 3, 'clf__n_estimators': 300, 'clf__reg_alpha': 0.1, 'clf__reg_lambda': 1.0, 'clf__subsample': 1.0}",0.828907038907039,0.8387233236484654,0.7942891484356277,0.7909239853745959,0.838612743542321,0.8182912479816098,0.02129880635185473,323,1.0,1.0,1.0,1.0,1.0,1.0,0.0
58.90019226074219,0.6076013333039071,0.03043532371520996,0.0030045202922968865,0.8,0.03,7,3,300,0.1,10.0,0.8,"{'clf__colsample_bytree': 0.8, 'clf__learning_rate': 0.03, 'clf__max_depth': 7, 'clf__min_child_weight': 3, 'clf__n_estimators': 300, 'clf__reg_alpha': 0.1, 'clf__reg_lambda': 10.0, 'clf__subsample': 0.8}",0.8294402664195434,0.8201022216657121,0.7953351888440382,0.7874755962991257,0.8425343147713533,0.8149775175999545,0.020673594364397332,684,0.9981581327810707,0.9990795325574398,0.9981519138755981,0.9980414334996128,0.9958174873937601,0.9978497000214963,0.0010831068218985647
65.88090353012085,1.385925438430701,0.03156900405883789,0.002611884132781994,0.8,0.03,7,3,300,0.1,10.0,1.0,"{'clf__colsample_bytree': 0.8, 'clf__learning_rate': 0.03, 'clf__max_depth': 7, 'clf__min_child_weight': 3, 'clf__n_estimators': 300, 'clf__reg_alpha': 0.1, 'clf__reg_lambda': 10.0, 'clf__subsample': 1.0}",0.8422977935306702,0.8267600268331681,0.785898874200761,0.7873711201652378,0.8399327231950725,0.816452107584982,0.02491905251086845,516,0.9990802514078543,1.0,1.0,0.9990771574058865,1.0,0.9996314817627482,0.0004513418815771679
67.18842921257018,1.3751041263760362,0.038980293273925784,0.0033440515975565817,0.8,0.03,7,3,600,0.0,1.0,0.8,"{'clf__colsample_bytree': 0.8, 'clf__learning_rate': 0.03, 'clf__max_depth': 7, 'clf__min_child_weight': 3, 'clf__n_estimators': 600, 'clf__reg_alpha': 0.0, 'clf__reg_lambda': 1.0, 'clf__subsample': 0.8}",0.82943172988695,0.8272492983669106,0.785921488264471,0.8157030461327403,0.8432390969323158,0.8203089319166775,0.019291952009595548,170,1.0,1.0,1.0,1.0,1.0,1.0,0.0
71.63943786621094,1.7876433370965024,0.04050302505493164,0.002680956649866061,0.8,0.03,7,3,600,0.0,1.0,1.0,"{'clf__colsample_bytree': 0.8, 'clf__learning_rate': 0.03, 'clf__max_depth': 7, 'clf__min_child_weight': 3, 'clf__n_estimators': 600, 'clf__reg_alpha': 0.0, 'clf__reg_lambda': 1.0, 'clf__subsample': 1.0}",0.8214868065900764,0.8404573866982912,0.7898959255594327,0.8059671119211251,0.8405562682728585,0.8196726998083568,0.01972773199506543,222,1.0,1.0,1.0,1.0,1.0,1.0,0.0
87.89091238975524,1.0554684253652693,0.04257388114929199,0.0022272791878184,0.8,0.03,7,3,600,0.0,10.0,0.8,"{'clf__colsample_bytree': 0.8, 'clf__learning_rate': 0.03, 'clf__max_depth': 7, 'clf__min_child_weight': 3, 'clf__n_estimators': 600, 'clf__reg_alpha': 0.0, 'clf__reg_lambda': 10.0, 'clf__subsample': 0.8}",0.8219123157726717,0.8391990457606733,0.7901810865191147,0.7934677126303716,0.8366496835369774,0.8162819688439618,0.02084938065015382,533,1.0,1.0,1.0,1.0,1.0,1.0,0.0
95.67579407691956,2.4619561764770443,0.04670414924621582,0.0012789578007077855,0.8,0.03,7,3,600,0.0,10.0,1.0,"{'clf__colsample_bytree': 0.8, 'clf__learning_rate': 0.03, 'clf__max_depth': 7, 'clf__min_child_weight': 3, 'clf__n_estimators': 600, 'clf__reg_alpha': 0.0, 'clf__reg_lambda': 10.0, 'clf__subsample': 1.0}",0.8372365779088029,0.8234579263636987,0.7824625031260102,0.8021401729776261,0.8399965385946694,0.8170587437941614,0.021880130625766804,445,1.0,1.0,1.0,1.0,1.0,1.0,0.0
67.82605686187745,1.2509439143763328,0.040221214294433594,0.0024840716219764335,0.8,0.03,7,3,600,0.1,1.0,0.8,"{'clf__colsample_bytree': 0.8, 'clf__learning_rate': 0.03, 'clf__max_depth': 7, 'clf__min_child_weight': 3, 'clf__n_estimators': 600, 'clf__reg_alpha': 0.1, 'clf__reg_lambda': 1.0, 'clf__subsample': 0.8}",0.8255929281985621,0.8328881080877282,0.785921488264471,0.8118787022030562,0.838374311187933,0.8189311075883501,0.018743464314918194,270,1.0,1.0,1.0,1.0,1.0,1.0,0.0
72.71252102851868,1.4845537391004755,0.0400393009185791,0.002114010633729286,0.8,0.03,7,3,600,0.1,1.0,1.0,"{'clf__colsample_bytree': 0.8, 'clf__learning_rate': 0.03, 'clf__max_depth': 7, 'clf__min_child_weight': 3, 'clf__n_estimators': 600, 'clf__reg_alpha': 0.1, 'clf__reg_lambda': 1.0, 'clf__subsample': 1.0}",0.8284899196434655,0.8383439054285655,0.7872661122661123,0.8023889745900743,0.8416243532522603,0.8196226530360956,0.021246806461259853,223,1.0,1.0,1.0,1.0,1.0,1.0,0.0
87.91655597686767,0.5971963172391315,0.045477676391601565,0.010497850560545294,0.8,0.03,7,3,600,0.1,10.0,0.8,"{'clf__colsample_bytree': 0.8, 'clf__learning_rate': 0.03, 'clf__max_depth': 7, 'clf__min_child_weight': 3, 'clf__n_estimators': 600, 'clf__reg_alpha': 0.1, 'clf__reg_lambda': 10.0, 'clf__subsample': 0.8}",0.8230504679727819,0.8315827101758557,0.7795259533639816,0.7962534549474848,0.8393980782403538,0.8139621329400916,0.02253671506298033,795,1.0,1.0,1.0,1.0,1.0,1.0,0.0
95.82921171188354,1.4645047627411696,0.045221376419067386,0.001705097066530165,0.8,0.03,7,3,600,0.1,10.0,1.0,"{'clf__colsample_bytree': 0.8, 'clf__learning_rate': 0.03, 'clf__max_depth': 7, 'clf__min_child_weight': 3, 'clf__n_estimators': 600, 'clf__reg_alpha': 0.1, 'clf__reg_lambda': 10.0, 'clf__subsample': 1.0}",0.8329093567251462,0.83044908285895,0.7783098941411865,0.7932025707457251,0.8469963747116314,0.8163734558365279,0.0260578091923706,523,1.0,1.0,1.0,1.0,1.0,1.0,0.0
78.50926513671875,1.328914216035757,0.04956979751586914,0.001499000457439877,0.8,0.03,7,3,1000,0.0,1.0,0.8,"{'clf__colsample_bytree': 0.8, 'clf__learning_rate': 0.03, 'clf__max_depth': 7, 'clf__min_child_weight': 3, 'clf__n_estimators': 1000, 'clf__reg_alpha': 0.0, 'clf__reg_lambda': 1.0, 'clf__subsample': 0.8}",0.830662462624532,0.830105485363342,0.7858859265494337,0.8105167418260009,0.8525451709032745,0.8219431574533166,0.022404553025289594,84,1.0,1.0,1.0,1.0,1.0,1.0,0.0
83.8831995010376,1.007920002334248,0.048824501037597653,0.0005642546367134493,0.8,0.03,7,3,1000,0.0,1.0,1.0,"{'clf__colsample_bytree': 0.8, 'clf__learning_rate': 0.03, 'clf__max_depth': 7, 'clf__min_child_weight': 3, 'clf__n_estimators': 1000, 'clf__reg_alpha': 0.0, 'clf__reg_lambda': 1.0, 'clf__subsample': 1.0}",0.818727947882839,0.8374584265398126,0.7872661122661123,0.8157030461327403,0.8405562682728585,0.8199423602188725,0.019073172500299017,193,1.0,1.0,1.0,1.0,1.0,1.0,0.0
110.49175419807435,1.4564810407065263,0.0562528133392334,0.002224338706793819,0.8,0.03,7,3,1000,0.0,10.0,0.8,"{'clf__colsample_bytree': 0.8, 'clf__learning_rate': 0.03, 'clf__max_depth': 7, 'clf__min_child_weight': 3, 'clf__n_estimators': 1000, 'clf__reg_alpha': 0.0, 'clf__reg_lambda': 10.0, 'clf__subsample': 0.8}",0.8202812208478696,0.8346343182895553,0.7967609978358681,0.8001195954375028,0.8396448405600758,0.8182881945941742,0.017440140114185477,324,1.0,1.0,1.0,1.0,1.0,1.0,0.0
119.12198853492737,2.215696222095815,0.06470670700073242,0.010754594372612447,0.8,0.03,7,3,1000,0.0,10.0,1.0,"{'clf__colsample_bytree': 0.8, 'clf__learning_rate': 0.03, 'clf__max_depth': 7, 'clf__min_child_weight': 3, 'clf__n_estimators': 1000, 'clf__reg_alpha': 0.0, 'clf__reg_lambda': 10.0, 'clf__subsample': 1.0}",0.833089523089523,0.8268886237228015,0.7824784600512755,0.8094679351656096,0.8422386129116162,0.8188326309881653,0.02109654594235165,279,1.0,1.0,1.0,1.0,1.0,1.0,0.0
79.49039750099182,2.1448621004667,0.045500564575195315,0.00110201253072818,0.8,0.03,7,3,1000,0.1,1.0,0.8,"{'clf__colsample_bytree': 0.8, 'clf__learning_rate': 0.03, 'clf__max_depth': 7, 'clf__min_child_weight': 3, 'clf__n_estimators': 1000, 'clf__reg_alpha': 0.1, 'clf__reg_lambda': 1.0, 'clf__subsample': 0.8}",0.8298351648351647,0.8387537282014585,0.7984353032472571,0.8120741939286504,0.8370604378631902,0.8232317656151441,0.015589254836810363,51,1.0,1.0,1.0,1.0,1.0,1.0,0.0
85.81203446388244,2.266776453410159,0.05122509002685547,0.001352875563433432,0.8,0.03,7,3,1000,0.1,1.0,1.0,"{'clf__colsample_bytree': 0.8, 'clf__learning_rate': 0.03, 'clf__max_depth': 7, 'clf__min_child_weight': 3, 'clf__n_estimators': 1000, 'clf__reg_alpha': 0.1, 'clf__reg_lambda': 1.0, 'clf__subsample': 1.0}",0.8255277972510782,0.8404573866982912,0.7872661122661123,0.8085740471145577,0.8416243532522603,0.82068993931646,0.020573544132035736,144,1.0,1.0,1.0,1.0,1.0,1.0,0.0
111.21445307731628,1.4436713981922282,0.05616574287414551,0.0028714001667156045,0.8,0.03,7,3,1000,0.1,10.0,0.8,"{'clf__colsample_bytree': 0.8, 'clf__learning_rate': 0.03, 'clf__max_depth': 7, 'clf__min_child_weight': 3, 'clf__n_estimators': 1000, 'clf__reg_alpha': 0.1, 'clf__reg_lambda': 10.0, 'clf__subsample': 0.8}",0.8230504679727819,0.8342462469307304,0.7901810865191147,0.799220890182362,0.8396448405600758,0.8172687064330131,0.019400102321089824,424,1.0,1.0,1.0,1.0,1.0,1.0,0.0
121.35755109786987,1.8472769489794139,0.05724368095397949,0.0015027505799576704,0.8,0.03,7,3,1000,0.1,10.0,1.0,"{'clf__colsample_bytree': 0.8, 'clf__learning_rate': 0.03, 'clf__max_depth': 7, 'clf__min_child_weight': 3, 'clf__n_estimators': 1000, 'clf__reg_alpha': 0.1, 'clf__reg_lambda': 10.0, 'clf__subsample': 1.0}",0.8283849032676547,0.8343513102899656,0.7824784600512755,0.8025531898189584,0.8442111526466333,0.8183958032148976,0.022635531941245523,313,1.0,1.0,1.0,1.0,1.0,1.0,0.0
40.622183895111085,1.0888902009514676,0.023246240615844727,0.001225447444828177,0.8,0.03,7,5,300,0.0,1.0,0.8,"{'clf__colsample_bytree': 0.8, 'clf__learning_rate': 0.03, 'clf__max_depth': 7, 'clf__min_child_weight': 5, 'clf__n_estimators': 300, 'clf__reg_alpha': 0.0, 'clf__reg_lambda': 1.0, 'clf__subsample': 0.8}",0.8253167696666148,0.8281149295855179,0.7810911818930687,0.8036328373708674,0.8451045490666393,0.8166520535165416,0.022136372405754674,491,1.0,1.0,0.9990771574058865,1.0,1.0,0.9998154314811772,0.000369137037645384
45.04972715377808,0.7682876900510895,0.025682592391967775,0.0006891432605856221,0.8,0.03,7,5,300,0.0,1.0,1.0,"{'clf__colsample_bytree': 0.8, 'clf__learning_rate': 0.03, 'clf__max_depth': 7, 'clf__min_child_weight': 5, 'clf__n_estimators': 300, 'clf__reg_alpha': 0.0, 'clf__reg_lambda': 1.0, 'clf__subsample': 1.0}",0.830315363175335,0.8317619834399832,0.7878225947777324,0.7866700617268542,0.8377750411676925,0.8148690088575196,0.02269510036110578,695,1.0,1.0,1.0,1.0,1.0,1.0,0.0
44.3683828830719,0.6447291926073317,0.0267486572265625,0.0012108513749100698,0.8,0.03,7,5,300,0.0,10.0,0.8,"{'clf__colsample_bytree': 0.8, 'clf__learning_rate': 0.03, 'clf__max_depth': 7, 'clf__min_child_weight': 5, 'clf__n_estimators': 300, 'clf__reg_alpha': 0.0, 'clf__reg_lambda': 10.0, 'clf__subsample': 0.8}",0.8271611270438785,0.8242596686626538,0.7828571428571428,0.8009261220514158,0.8515155619028858,0.8173439245035953,0.023540552802463952,417,0.9947671651499143,0.9947694090497161,0.9925260010106085,0.9961926311044034,0.9947818326430256,0.9946074077915334,0.0011770622744251256
50.453367471694946,0.6538421159295865,0.02882208824157715,0.0006157349055503135,0.8,0.03,7,5,300,0.0,10.0,1.0,"{'clf__colsample_bytree': 0.8, 'clf__learning_rate': 0.03, 'clf__max_depth': 7, 'clf__min_child_weight': 5, 'clf__n_estimators': 300, 'clf__reg_alpha': 0.0, 'clf__reg_lambda': 10.0, 'clf__subsample': 1.0}",0.8245024064644759,0.8201022216657121,0.7833330661502519,0.7865371762935406,0.8395053477236374,0.8107960436595235,0.022097064283857742,1090,0.9981581327810707,0.9990795325574398,0.9981519138755981,0.9990771574058865,0.9962050689153487,0.9981343611070688,0.0010493098193442173
40.84970550537109,0.8833565316617898,0.02501392364501953,0.0008010766193380038,0.8,0.03,7,5,300,0.1,1.0,0.8,"{'clf__colsample_bytree': 0.8, 'clf__learning_rate': 0.03, 'clf__max_depth': 7, 'clf__min_child_weight': 5, 'clf__n_estimators': 300, 'clf__reg_alpha': 0.1, 'clf__reg_lambda': 1.0, 'clf__subsample': 0.8}",0.8176127486335875,0.8254772073564021,0.7975347205734494,0.8130431252836339,0.8410446930440836,0.8189424989782313,0.014325314784032947,269,1.0,1.0,0.9990771574058865,0.9980414334996128,0.9981628558539307,0.999056289351886,0.0008496788648150517
45.21836256980896,0.7126628188169157,0.027614736557006837,0.001433706376345379,0.8,0.03,7,5,300,0.1,1.0,1.0,"{'clf__colsample_bytree': 0.8, 'clf__learning_rate': 0.03, 'clf__max_depth': 7, 'clf__min_child_weight': 5, 'clf__n_estimators': 300, 'clf__reg_alpha': 0.1, 'clf__reg_lambda': 1.0, 'clf__subsample': 1.0}",0.8320738924651583,0.835779881718537,0.7884297731761629,0.8077794289297636,0.8407630971011252,0.8209652146781494,0.019835589881113305,134,1.0,1.0,1.0,1.0,1.0,1.0,0.0
44.96132893562317,0.4851496975113903,0.025899457931518554,0.0023738068232229655,0.8,0.03,7,5,300,0.1,10.0,0.8,"{'clf__colsample_bytree': 0.8, 'clf__learning_rate': 0.03, 'clf__max_depth': 7, 'clf__min_child_weight': 5, 'clf__n_estimators': 300, 'clf__reg_alpha': 0.1, 'clf__reg_lambda': 10.0, 'clf__subsample': 0.8}",0.8230214734766935,0.8205444433132061,0.790952380952381,0.7983171798961273,0.8487559292013926,0.8163182813679601,0.020408149275679667,528,0.9938529139477422,0.9940602215980225,0.9925260010106085,0.995274586947288,0.9947818326430256,0.9940991112293374,0.0009364457226511029
50.75388712882996,1.3043095089758778,0.0278872013092041,0.001307485267072443,0.8,0.03,7,5,300,0.1,10.0,1.0,"{'clf__colsample_bytree': 0.8, 'clf__learning_rate': 0.03, 'clf__max_depth': 7, 'clf__min_child_weight': 5, 'clf__n_estimators': 300, 'clf__reg_alpha': 0.1, 'clf__reg_lambda': 10.0, 'clf__subsample': 1.0}",0.8159641875014743,0.8237330321230929,0.786331618033686,0.7854327273000473,0.8399965385946694,0.810291620710594,0.021388211758494792,1120,0.9981581327810707,0.9990795325574398,0.9981519138755981,0.9990771574058865,0.9962050689153487,0.9981343611070688,0.0010493098193442173
55.06536154747009,0.5175323758743944,0.035799074172973636,0.0016467590789043267,0.8,0.03,7,5,600,0.0,1.0,0.8,"{'clf__colsample_bytree': 0.8, 'clf__learning_rate': 0.03, 'clf__max_depth': 7, 'clf__min_child_weight': 5, 'clf__n_estimators': 600, 'clf__reg_alpha': 0.0, 'clf__reg_lambda': 1.0, 'clf__subsample': 0.8}",0.832892910464278,0.8314933079638962,0.7918245716365255,0.8104762628877488,0.8345049434472867,0.820238399279947,0.016691248087348,171,1.0,1.0,1.0,1.0,1.0,1.0,0.0
59.57970938682556,1.1271051872808144,0.03596253395080566,0.002367739638052161,0.8,0.03,7,5,600,0.0,1.0,1.0,"{'clf__colsample_bytree': 0.8, 'clf__learning_rate': 0.03, 'clf__max_depth': 7, 'clf__min_child_weight': 5, 'clf__n_estimators': 600, 'clf__reg_alpha': 0.0, 'clf__reg_lambda': 1.0, 'clf__subsample': 1.0}",0.8199379047216462,0.8373297245575462,0.7803566753576343,0.7939308345723248,0.8345049434472867,0.8132120165312875,0.02250123361245302,878,1.0,1.0,1.0,1.0,1.0,1.0,0.0
68.27555541992187,1.6259550384671477,0.03830146789550781,0.0028335046910983883,0.8,0.03,7,5,600,0.0,10.0,0.8,"{'clf__colsample_bytree': 0.8, 'clf__learning_rate': 0.03, 'clf__max_depth': 7, 'clf__min_child_weight': 5, 'clf__n_estimators': 600, 'clf__reg_alpha': 0.0, 'clf__reg_lambda': 10.0, 'clf__subsample': 0.8}",0.8252181078118364,0.8223885233756305,0.763627052436255,0.8056467548259614,0.8496834305222369,0.8133127737943842,0.02854599668270763,866,1.0,1.0,1.0,1.0,1.0,1.0,0.0
75.14232120513915,2.362534810044931,0.03870511054992676,0.0017846838433083797,0.8,0.03,7,5,600,0.0,10.0,1.0,"{'clf__colsample_bytree': 0.8, 'clf__learning_rate': 0.03, 'clf__max_depth': 7, 'clf__min_child_weight': 5, 'clf__n_estimators': 600, 'clf__reg_alpha': 0.0, 'clf__reg_lambda': 10.0, 'clf__subsample': 1.0}",0.8244415714646809,0.8268886237228015,0.7711305846257303,0.8105487156102751,0.8334616589345024,0.813294230871598,0.022365628954984944,870,1.0,1.0,1.0,1.0,1.0,1.0,0.0
55.032881784439084,1.5385303566902828,0.03422689437866211,0.0016385837380490315,0.8,0.03,7,5,600,0.1,1.0,0.8,"{'clf__colsample_bytree': 0.8, 'clf__learning_rate': 0.03, 'clf__max_depth': 7, 'clf__min_child_weight': 5, 'clf__n_estimators': 600, 'clf__reg_alpha': 0.1, 'clf__reg_lambda': 1.0, 'clf__subsample': 0.8}",0.8269480923932783,0.8258524861466039,0.7996685867351869,0.8168086069828394,0.8356469725609776,0.8209849489637773,0.01221520417147481,133,1.0,1.0,1.0,1.0,1.0,1.0,0.0
60.71542534828186,1.0387660760948174,0.03597893714904785,0.0010744161743607282,0.8,0.03,7,5,600,0.1,1.0,1.0,"{'clf__colsample_bytree': 0.8, 'clf__learning_rate': 0.03, 'clf__max_depth': 7, 'clf__min_child_weight': 5, 'clf__n_estimators': 600, 'clf__reg_alpha': 0.1, 'clf__reg_lambda': 1.0, 'clf__subsample': 1.0}",0.8242096709670967,0.8347119849340748,0.7802196995461375,0.8018591684567551,0.8313699067609626,0.8144740861330053,0.02060253413081697,744,1.0,1.0,1.0,1.0,1.0,1.0,0.0
68.1374032497406,1.029533281910663,0.036136817932128903,0.0013390099500035955,0.8,0.03,7,5,600,0.1,10.0,0.8,"{'clf__colsample_bytree': 0.8, 'clf__learning_rate': 0.03, 'clf__max_depth': 7, 'clf__min_child_weight': 5, 'clf__n_estimators': 600, 'clf__reg_alpha': 0.1, 'clf__reg_lambda': 10.0, 'clf__subsample': 0.8}",0.8197963085479054,0.8299107743137595,0.7753621401408008,0.7967017578408124,0.8446887102150764,0.8132919382116709,0.02456889702663672,871,1.0,1.0,1.0,1.0,1.0,1.0,0.0
73.82200622558594,2.0245604091889753,0.03560352325439453,0.0016931415543804391,0.8,0.03,7,5,600,0.1,10.0,1.0,"{'clf__colsample_bytree': 0.8, 'clf__learning_rate': 0.03, 'clf__max_depth': 7, 'clf__min_child_weight': 5, 'clf__n_estimators': 600, 'clf__reg_alpha': 0.1, 'clf__reg_lambda': 10.0, 'clf__subsample': 1.0}",0.8295877159591022,0.8268886237228015,0.7711305846257303,0.8033587942859998,0.8334616589345024,0.8128854755056272,0.02337802766748756,907,1.0,1.0,1.0,1.0,1.0,1.0,0.0
64.43330769538879,1.2325631356575335,0.04179468154907227,0.0023975215862419214,0.8,0.03,7,5,1000,0.0,1.0,0.8,"{'clf__colsample_bytree': 0.8, 'clf__learning_rate': 0.03, 'clf__max_depth': 7, 'clf__min_child_weight': 5, 'clf__n_estimators': 1000, 'clf__reg_alpha': 0.0, 'clf__reg_lambda': 1.0, 'clf__subsample': 0.8}",0.8169192834092329,0.8344613440251025,0.8028039898403727,0.8137153269274536,0.8464548144550572,0.8228709517314439,0.015572196732599379,57,1.0,1.0,1.0,1.0,1.0,1.0,0.0
68.66539106369018,1.1251291372667087,0.03883128166198731,0.0009554278750595966,0.8,0.03,7,5,1000,0.0,1.0,1.0,"{'clf__colsample_bytree': 0.8, 'clf__learning_rate': 0.03, 'clf__max_depth': 7, 'clf__min_child_weight': 5, 'clf__n_estimators': 1000, 'clf__reg_alpha': 0.0, 'clf__reg_lambda': 1.0, 'clf__subsample': 1.0}",0.8242096709670967,0.8343513102899656,0.8010426473521053,0.7947181266316024,0.8345049434472867,0.8177653397376113,0.016778919089678646,373,1.0,1.0,1.0,1.0,1.0,1.0,0.0
82.5253168106079,0.8739247377078594,0.040274524688720705,0.0016595625969158736,0.8,0.03,7,5,1000,0.0,10.0,0.8,"{'clf__colsample_bytree': 0.8, 'clf__learning_rate': 0.03, 'clf__max_depth': 7, 'clf__min_child_weight': 5, 'clf__n_estimators': 1000, 'clf__reg_alpha': 0.0, 'clf__reg_lambda': 10.0, 'clf__subsample': 0.8}",0.8175724275724277,0.8342462469307304,0.78,0.8077050538525269,0.8276548925063958,0.813435724172416,0.018990329927903733,852,1.0,1.0,1.0,1.0,1.0,1.0,0.0
84.58949632644654,3.739249497862516,0.03888616561889648,0.0014375467995945488,0.8,0.03,7,5,1000,0.0,10.0,1.0,"{'clf__colsample_bytree': 0.8, 'clf__learning_rate': 0.03, 'clf__max_depth': 7, 'clf__min_child_weight': 5, 'clf__n_estimators': 1000, 'clf__reg_alpha': 0.0, 'clf__reg_lambda': 10.0, 'clf__subsample': 1.0}",0.826006873677774,0.83882908698745,0.7777677224736048,0.8118628703144288,0.8292364325815029,0.816740597206952,0.021319420004981212,482,1.0,1.0,1.0,1.0,1.0,1.0,0.0
60.810591554641725,1.3869092271484889,0.03687376976013183,0.0015150811196942434,0.8,0.03,7,5,1000,0.1,1.0,0.8,"{'clf__colsample_bytree': 0.8, 'clf__learning_rate': 0.03, 'clf__max_depth': 7, 'clf__min_child_weight': 5, 'clf__n_estimators': 1000, 'clf__reg_alpha': 0.1, 'clf__reg_lambda': 1.0, 'clf__subsample': 0.8}",0.8242123069369046,0.8258524861466039,0.8039702433328261,0.8140003163852714,0.8392569216656138,0.8214584548934439,0.011875504239964463,113,1.0,1.0,1.0,1.0,1.0,1.0,0.0
62.55374984741211,0.30543779343164007,0.03599891662597656,0.0016553012540309112,0.8,0.03,7,5,1000,0.1,1.0,1.0,"{'clf__colsample_bytree': 0.8, 'clf__learning_rate': 0.03, 'clf__max_depth': 7, 'clf__min_child_weight': 5, 'clf__n_estimators': 1000, 'clf__reg_alpha': 0.1, 'clf__reg_lambda': 1.0, 'clf__subsample': 1.0}",0.8242096709670967,0.8347119849340748,0.7898959255594327,0.7985446116431069,0.8345049434472867,0.8163734273101996,0.018683608082257233,524,1.0,1.0,1.0,1.0,1.0,1.0,0.0
73.92614226341247,0.8244175660846672,0.03457498550415039,0.0014610124084704851,0.8,0.03,7,5,1000,0.1,10.0,0.8,"{'clf__colsample_bytree': 0.8, 'clf__learning_rate': 0.03, 'clf__max_depth': 7, 'clf__min_child_weight': 5, 'clf__n_estimators': 1000, 'clf__reg_alpha': 0.1, 'clf__reg_lambda': 10.0, 'clf__subsample': 0.8}",0.8094915692421142,0.8417240444564924,0.7831294144452039,0.8015491048830007,0.8323787481580193,0.813654576236966,0.02113834537805774,831,1.0,1.0,1.0,1.0,1.0,1.0,0.0
79.84852709770203,2.5558659127716576,0.03627653121948242,0.0011302986400029183,0.8,0.03,7,5,1000,0.1,10.0,1.0,"{'clf__colsample_bytree': 0.8, 'clf__learning_rate': 0.03, 'clf__max_depth': 7, 'clf__min_child_weight': 5, 'clf__n_estimators': 1000, 'clf__reg_alpha': 0.1, 'clf__reg_lambda': 10.0, 'clf__subsample': 1.0}",0.8208566120512132,0.8297487408238341,0.7737650662671973,0.8088471319679293,0.8322815418334286,0.8130998185887206,0.021310096418071103,888,1.0,1.0,1.0,1.0,1.0,1.0,0.0
16.422733879089357,0.2249769379471837,0.015275859832763672,0.000975952369951297,0.8,0.1,3,1,300,0.0,1.0,0.8,"{'clf__colsample_bytree': 0.8, 'clf__learning_rate': 0.1, 'clf__max_depth': 3, 'clf__min_child_weight': 1, 'clf__n_estimators': 300, 'clf__reg_alpha': 0.0, 'clf__reg_lambda': 1.0, 'clf__subsample': 0.8}",0.8156243756243756,0.8491777493259859,0.7835956659397543,0.7949920568377389,0.8385349391906461,0.8163849573837002,0.02489723361819987,519,1.0,1.0,1.0,1.0,1.0,1.0,0.0
16.633573865890504,0.5459338135433499,0.014328289031982421,0.0006686094329566806,0.8,0.1,3,1,300,0.0,1.0,1.0,"{'clf__colsample_bytree': 0.8, 'clf__learning_rate': 0.1, 'clf__max_depth': 3, 'clf__min_child_weight': 1, 'clf__n_estimators': 300, 'clf__reg_alpha': 0.0, 'clf__reg_lambda': 1.0, 'clf__subsample': 1.0}",0.8110494507046232,0.8327634633502905,0.7797343594836147,0.8033454018891156,0.8399631539018642,0.8133711658659017,0.021543147762736987,861,1.0,1.0,1.0,1.0,1.0,1.0,0.0
18.10073356628418,0.613570327609018,0.01574735641479492,0.0030684981990257744,0.8,0.1,3,1,300,0.0,10.0,0.8,"{'clf__colsample_bytree': 0.8, 'clf__learning_rate': 0.1, 'clf__max_depth': 3, 'clf__min_child_weight': 1, 'clf__n_estimators': 300, 'clf__reg_alpha': 0.0, 'clf__reg_lambda': 10.0, 'clf__subsample': 0.8}",0.8128875101306609,0.8221267189608967,0.7802135570699926,0.7894326222198489,0.8422496651394666,0.8093820147041733,0.02237755845110775,1161,1.0,1.0,1.0,1.0,1.0,1.0,0.0
19.065068006515503,0.3702292895254315,0.01454939842224121,0.000614008779653205,0.8,0.1,3,1,300,0.0,10.0,1.0,"{'clf__colsample_bytree': 0.8, 'clf__learning_rate': 0.1, 'clf__max_depth': 3, 'clf__min_child_weight': 1, 'clf__n_estimators': 300, 'clf__reg_alpha': 0.0, 'clf__reg_lambda': 10.0, 'clf__subsample': 1.0}",0.813815438346801,0.8214850764162691,0.7837978635161371,0.797409901728887,0.8432598380746172,0.8119536236165423,0.02038951045726817,1005,1.0,1.0,1.0,1.0,1.0,1.0,0.0
16.51945343017578,0.6484589945567346,0.01398019790649414,0.0016112324287637747,0.8,0.1,3,1,300,0.1,1.0,0.8,"{'clf__colsample_bytree': 0.8, 'clf__learning_rate': 0.1, 'clf__max_depth': 3, 'clf__min_child_weight': 1, 'clf__n_estimators': 300, 'clf__reg_alpha': 0.1, 'clf__reg_lambda': 1.0, 'clf__subsample': 0.8}",0.8137785324021553,0.8455359670638952,0.7752676696241052,0.8067585054525354,0.8471087666820889,0.817689888244956,0.026740654371529806,382,1.0,1.0,1.0,1.0,1.0,1.0,0.0
16.335805702209473,0.275422477036883,0.014374923706054688,0.001399095132123346,0.8,0.1,3,1,300,0.1,1.0,1.0,"{'clf__colsample_bytree': 0.8, 'clf__learning_rate': 0.1, 'clf__max_depth': 3, 'clf__min_child_weight': 1, 'clf__n_estimators': 300, 'clf__reg_alpha': 0.1, 'clf__reg_lambda': 1.0, 'clf__subsample': 1.0}",0.8191188867538586,0.8378982678263187,0.7838101174832086,0.8090159511755906,0.8370801554051635,0.8173846757288279,0.020045016240147883,414,1.0,1.0,1.0,1.0,1.0,1.0,0.0
17.534011840820312,0.4624678544940574,0.013570213317871093,0.0005100015520373844,0.8,0.1,3,1,300,0.1,10.0,0.8,"{'clf__colsample_bytree': 0.8, 'clf__learning_rate': 0.1, 'clf__max_depth': 3, 'clf__min_child_weight': 1, 'clf__n_estimators': 300, 'clf__reg_alpha': 0.1, 'clf__reg_lambda': 10.0, 'clf__subsample': 0.8}",0.8128875101306609,0.8276496608539952,0.7806988560847035,0.8056029731772861,0.845444735347407,0.8144567471188106,0.021701407383314567,746,1.0,1.0,1.0,1.0,1.0,1.0,0.0
18.13930630683899,0.4603858201179734,0.014341592788696289,0.0011889342614006461,0.8,0.1,3,1,300,0.1,10.0,1.0,"{'clf__colsample_bytree': 0.8, 'clf__learning_rate': 0.1, 'clf__max_depth': 3, 'clf__min_child_weight': 1, 'clf__n_estimators': 300, 'clf__reg_alpha': 0.1, 'clf__reg_lambda': 10.0, 'clf__subsample': 1.0}",0.8025824175824176,0.8376782682975344,0.7832621503318704,0.8064170387626998,0.8409545630177016,0.8141788875984448,0.02199875789579995,764,1.0,1.0,1.0,1.0,1.0,1.0,0.0
21.89615340232849,0.43736412742373,0.021547889709472655,0.0006964841051082023,0.8,0.1,3,1,600,0.0,1.0,0.8,"{'clf__colsample_bytree': 0.8, 'clf__learning_rate': 0.1, 'clf__max_depth': 3, 'clf__min_child_weight': 1, 'clf__n_estimators': 600, 'clf__reg_alpha': 0.0, 'clf__reg_lambda': 1.0, 'clf__subsample': 0.8}",0.8168065675345815,0.8394198969910546,0.7778946007545242,0.7875536479752346,0.8409648575020383,0.8125279141514866,0.025974317049090135,937,1.0,1.0,1.0,1.0,1.0,1.0,0.0
23.554116010665894,0.6836254652389819,0.01985821723937988,0.002009200019991879,0.8,0.1,3,1,600,0.0,1.0,1.0,"{'clf__colsample_bytree': 0.8, 'clf__learning_rate': 0.1, 'clf__max_depth': 3, 'clf__min_child_weight': 1, 'clf__n_estimators': 600, 'clf__reg_alpha': 0.0, 'clf__reg_lambda': 1.0, 'clf__subsample': 1.0}",0.8189080459770114,0.8375025779183994,0.7853022501320082,0.8065712083407286,0.840977626285363,0.8178523417307021,0.02053678413514513,359,1.0,1.0,1.0,1.0,1.0,1.0,0.0
29.8670223236084,0.41332549770332633,0.02276501655578613,0.001772930216132156,0.8,0.1,3,1,600,0.0,10.0,0.8,"{'clf__colsample_bytree': 0.8, 'clf__learning_rate': 0.1, 'clf__max_depth': 3, 'clf__min_child_weight': 1, 'clf__n_estimators': 600, 'clf__reg_alpha': 0.0, 'clf__reg_lambda': 10.0, 'clf__subsample': 0.8}",0.8128875101306609,0.8251051332284771,0.7896411535320906,0.7973173779625392,0.8439960838867957,0.8137894517481128,0.019471868388705703,811,1.0,1.0,1.0,1.0,1.0,1.0,0.0
30.81177225112915,0.5022434311317439,0.02135624885559082,0.0009028466359501527,0.8,0.1,3,1,600,0.0,10.0,1.0,"{'clf__colsample_bytree': 0.8, 'clf__learning_rate': 0.1, 'clf__max_depth': 3, 'clf__min_child_weight': 1, 'clf__n_estimators': 600, 'clf__reg_alpha': 0.0, 'clf__reg_lambda': 10.0, 'clf__subsample': 1.0}",0.8078950007521436,0.820629706044694,0.7963063012498699,0.7976275815302297,0.8395260469983289,0.8123969273150532,0.016131193044903982,952,1.0,1.0,1.0,1.0,1.0,1.0,0.0
22.815077352523804,0.40901058623415876,0.02027125358581543,0.0017034713623790532,0.8,0.1,3,1,600,0.1,1.0,0.8,"{'clf__colsample_bytree': 0.8, 'clf__learning_rate': 0.1, 'clf__max_depth': 3, 'clf__min_child_weight': 1, 'clf__n_estimators': 600, 'clf__reg_alpha': 0.1, 'clf__reg_lambda': 1.0, 'clf__subsample': 0.8}",0.8137785324021553,0.830105485363342,0.7828450958040292,0.8025721318178624,0.8520618003014309,0.8162726091377639,0.02359464691007228,534,1.0,1.0,1.0,1.0,1.0,1.0,0.0
24.237747478485108,0.41125555198708486,0.020040178298950197,0.0017746726843706475,0.8,0.1,3,1,600,0.1,1.0,1.0,"{'clf__colsample_bytree': 0.8, 'clf__learning_rate': 0.1, 'clf__max_depth': 3, 'clf__min_child_weight': 1, 'clf__n_estimators': 600, 'clf__reg_alpha': 0.1, 'clf__reg_lambda': 1.0, 'clf__subsample': 1.0}",0.8150298526733131,0.83564069813552,0.7778869985449299,0.814916547090943,0.8394686496788515,0.8165885492247116,0.0218610087873617,499,1.0,1.0,1.0,1.0,1.0,1.0,0.0
30.065104389190672,0.33392336654663113,0.02015266418457031,0.0011668604301048942,0.8,0.1,3,1,600,0.1,10.0,0.8,"{'clf__colsample_bytree': 0.8, 'clf__learning_rate': 0.1, 'clf__max_depth': 3, 'clf__min_child_weight': 1, 'clf__n_estimators': 600, 'clf__reg_alpha': 0.1, 'clf__reg_lambda': 10.0, 'clf__subsample': 0.8}",0.8128875101306609,0.831014687490176,0.7901860356681127,0.8119384622330579,0.8476057383216816,0.8187264867687378,0.01938937503651283,288,1.0,1.0,1.0,1.0,1.0,1.0,0.0
30.85558214187622,0.5103146838961637,0.021651840209960936,0.0010990059983703622,0.8,0.1,3,1,600,0.1,10.0,1.0,"{'clf__colsample_bytree': 0.8, 'clf__learning_rate': 0.1, 'clf__max_depth': 3, 'clf__min_child_weight': 1, 'clf__n_estimators': 600, 'clf__reg_alpha': 0.1, 'clf__reg_lambda': 10.0, 'clf__subsample': 1.0}",0.796682615629984,0.8405190632628183,0.7927774973995142,0.7978125423269673,0.8405135868975044,0.8136610611033577,0.02199080177071005,829,1.0,1.0,1.0,1.0,1.0,1.0,0.0
26.476206588745118,0.4458885992253463,0.025549936294555663,0.0009238480829405584,0.8,0.1,3,1,1000,0.0,1.0,0.8,"{'clf__colsample_bytree': 0.8, 'clf__learning_rate': 0.1, 'clf__max_depth': 3, 'clf__min_child_weight': 1, 'clf__n_estimators': 1000, 'clf__reg_alpha': 0.0, 'clf__reg_lambda': 1.0, 'clf__subsample': 0.8}",0.8156316846259525,0.8503489173179737,0.7835643495987077,0.7875536479752346,0.8403242255707254,0.8154845650177187,0.026950286533223403,620,1.0,1.0,1.0,1.0,1.0,1.0,0.0
28.593409967422485,0.7233368954523135,0.02672467231750488,0.0012679400284459077,0.8,0.1,3,1,1000,0.0,1.0,1.0,"{'clf__colsample_bytree': 0.8, 'clf__learning_rate': 0.1, 'clf__max_depth': 3, 'clf__min_child_weight': 1, 'clf__n_estimators': 1000, 'clf__reg_alpha': 0.0, 'clf__reg_lambda': 1.0, 'clf__subsample': 1.0}",0.8108209052989193,0.8368279489256183,0.7949351302292479,0.8089930720918264,0.8491584364130066,0.8201470985917236,0.019834021413964613,183,1.0,1.0,1.0,1.0,1.0,1.0,0.0
41.9414785861969,0.7919054219249893,0.030850028991699217,0.0014647562154802248,0.8,0.1,3,1,1000,0.0,10.0,0.8,"{'clf__colsample_bytree': 0.8, 'clf__learning_rate': 0.1, 'clf__max_depth': 3, 'clf__min_child_weight': 1, 'clf__n_estimators': 1000, 'clf__reg_alpha': 0.0, 'clf__reg_lambda': 10.0, 'clf__subsample': 0.8}",0.8128875101306609,0.8251051332284771,0.7853878805226706,0.800916718347911,0.8446407570842094,0.8137875998627859,0.02026335452538179,813,1.0,1.0,1.0,1.0,1.0,1.0,0.0
43.70778665542603,0.28016916305525935,0.03142638206481933,0.0011110666109553618,0.8,0.1,3,1,1000,0.0,10.0,1.0,"{'clf__colsample_bytree': 0.8, 'clf__learning_rate': 0.1, 'clf__max_depth': 3, 'clf__min_child_weight': 1, 'clf__n_estimators': 1000, 'clf__reg_alpha': 0.0, 'clf__reg_lambda': 10.0, 'clf__subsample': 1.0}",0.8011458730441117,0.845933345933346,0.79940596201768,0.8016207132912236,0.838927604082699,0.817406699673812,0.02056481110202747,410,1.0,1.0,1.0,1.0,1.0,1.0,0.0
29.835339069366455,0.7753126963132906,0.02859349250793457,0.002494604049372008,0.8,0.1,3,1,1000,0.1,1.0,0.8,"{'clf__colsample_bytree': 0.8, 'clf__learning_rate': 0.1, 'clf__max_depth': 3, 'clf__min_child_weight': 1, 'clf__n_estimators': 1000, 'clf__reg_alpha': 0.1, 'clf__reg_lambda': 1.0, 'clf__subsample': 0.8}",0.8137785324021553,0.830105485363342,0.7828450958040292,0.7958963533938257,0.846041986216204,0.8137334906359113,0.022733849331165883,817,1.0,1.0,1.0,1.0,1.0,1.0,0.0
30.617595672607422,0.5445811531654317,0.028832292556762694,0.0010487194714989805,0.8,0.1,3,1,1000,0.1,1.0,1.0,"{'clf__colsample_bytree': 0.8, 'clf__learning_rate': 0.1, 'clf__max_depth': 3, 'clf__min_child_weight': 1, 'clf__n_estimators': 1000, 'clf__reg_alpha': 0.1, 'clf__reg_lambda': 1.0, 'clf__subsample': 1.0}",0.8108209052989193,0.8408313296486856,0.7778869985449299,0.8138450559202695,0.8394686496788515,0.8165705878183311,0.023020913463205186,502,1.0,1.0,1.0,1.0,1.0,1.0,0.0
43.3670693397522,0.43746108582910176,0.03174500465393067,0.0020022301504479473,0.8,0.1,3,1,1000,0.1,10.0,0.8,"{'clf__colsample_bytree': 0.8, 'clf__learning_rate': 0.1, 'clf__max_depth': 3, 'clf__min_child_weight': 1, 'clf__n_estimators': 1000, 'clf__reg_alpha': 0.1, 'clf__reg_lambda': 10.0, 'clf__subsample': 0.8}",0.8128875101306609,0.831014687490176,0.7927408142999006,0.8241477035925647,0.8585323256738293,0.8238646082374264,0.021643667159065714,38,1.0,1.0,1.0,1.0,1.0,1.0,0.0
46.122129344940184,1.0430012168852036,0.03241219520568848,0.0013087771692582724,0.8,0.1,3,1,1000,0.1,10.0,1.0,"{'clf__colsample_bytree': 0.8, 'clf__learning_rate': 0.1, 'clf__max_depth': 3, 'clf__min_child_weight': 1, 'clf__n_estimators': 1000, 'clf__reg_alpha': 0.1, 'clf__reg_lambda': 10.0, 'clf__subsample': 1.0}",0.796682615629984,0.8520114942528736,0.7927774973995142,0.7983630254373527,0.837620035509837,0.8154909336459124,0.02443958571113273,618,1.0,1.0,1.0,1.0,1.0,1.0,0.0
12.07245454788208,0.26645203173182563,0.013976001739501953,0.0012544171044412827,0.8,0.1,3,3,300,0.0,1.0,0.8,"{'clf__colsample_bytree': 0.8, 'clf__learning_rate': 0.1, 'clf__max_depth': 3, 'clf__min_child_weight': 3, 'clf__n_estimators': 300, 'clf__reg_alpha': 0.0, 'clf__reg_lambda': 1.0, 'clf__subsample': 0.8}",0.8140707820782077,0.8374681035033587,0.780864960282436,0.824938681439506,0.8461153521894081,0.8206915758985833,0.022697367279416805,143,1.0,1.0,1.0,1.0,1.0,1.0,0.0
12.4756995677948,0.12139711565412482,0.012380218505859375,0.0006344846831042627,0.8,0.1,3,3,300,0.0,1.0,1.0,"{'clf__colsample_bytree': 0.8, 'clf__learning_rate': 0.1, 'clf__max_depth': 3, 'clf__min_child_weight': 3, 'clf__n_estimators': 300, 'clf__reg_alpha': 0.0, 'clf__reg_lambda': 1.0, 'clf__subsample': 1.0}",0.8158545745620049,0.8484155596998499,0.7777110276945444,0.8187384249914984,0.8345769398973131,0.819059305369042,0.02375979789517451,261,1.0,1.0,1.0,1.0,1.0,1.0,0.0
14.370022058486938,0.10990425312759396,0.013205957412719727,0.0010644451315735813,0.8,0.1,3,3,300,0.0,10.0,0.8,"{'clf__colsample_bytree': 0.8, 'clf__learning_rate': 0.1, 'clf__max_depth': 3, 'clf__min_child_weight': 3, 'clf__n_estimators': 300, 'clf__reg_alpha': 0.0, 'clf__reg_lambda': 10.0, 'clf__subsample': 0.8}",0.8197514619883041,0.8357765922520808,0.7878049450617299,0.7904003749661322,0.8416705024914468,0.8150807753519388,0.022406422389113386,669,1.0,1.0,1.0,1.0,1.0,1.0,0.0
15.003889179229736,0.1597850025235878,0.012321281433105468,0.0009183527691003868,0.8,0.1,3,3,300,0.0,10.0,1.0,"{'clf__colsample_bytree': 0.8, 'clf__learning_rate': 0.1, 'clf__max_depth': 3, 'clf__min_child_weight': 3, 'clf__n_estimators': 300, 'clf__reg_alpha': 0.0, 'clf__reg_lambda': 10.0, 'clf__subsample': 1.0}",0.80490928088833,0.8271570327762989,0.7739315886297677,0.8106140350877192,0.8476361682226179,0.8128496211209468,0.024484550183487674,910,1.0,1.0,1.0,1.0,1.0,1.0,0.0
12.199210929870606,0.18557402715100862,0.013115882873535156,0.0010957202969828564,0.8,0.1,3,3,300,0.1,1.0,0.8,"{'clf__colsample_bytree': 0.8, 'clf__learning_rate': 0.1, 'clf__max_depth': 3, 'clf__min_child_weight': 3, 'clf__n_estimators': 300, 'clf__reg_alpha': 0.1, 'clf__reg_lambda': 1.0, 'clf__subsample': 0.8}",0.821936573909668,0.8358206673822949,0.7737532645107785,0.810110995826526,0.8458203066582355,0.8174883616575006,0.02500297335114195,401,1.0,1.0,1.0,1.0,1.0,1.0,0.0
12.803209686279297,0.23476037042209624,0.012843036651611328,0.0007003534881096363,0.8,0.1,3,3,300,0.1,1.0,1.0,"{'clf__colsample_bytree': 0.8, 'clf__learning_rate': 0.1, 'clf__max_depth': 3, 'clf__min_child_weight': 3, 'clf__n_estimators': 300, 'clf__reg_alpha': 0.1, 'clf__reg_lambda': 1.0, 'clf__subsample': 1.0}",0.815926344896933,0.8484155596998499,0.784467784451301,0.8182639776107012,0.8381919826691016,0.8210531298655773,0.021977232015674156,127,1.0,1.0,1.0,1.0,1.0,1.0,0.0
14.42182216644287,0.2958520321882684,0.013622474670410157,0.0014664252242243085,0.8,0.1,3,3,300,0.1,10.0,0.8,"{'clf__colsample_bytree': 0.8, 'clf__learning_rate': 0.1, 'clf__max_depth': 3, 'clf__min_child_weight': 3, 'clf__n_estimators': 300, 'clf__reg_alpha': 0.1, 'clf__reg_lambda': 10.0, 'clf__subsample': 0.8}",0.8128875101306609,0.8420028782626883,0.775573346172845,0.8024474742784602,0.8465420713415901,0.8158906560372488,0.026216715681215207,571,1.0,1.0,1.0,1.0,1.0,1.0,0.0
14.825449371337891,0.18639172583749933,0.01287999153137207,0.0011268565399597348,0.8,0.1,3,3,300,0.1,10.0,1.0,"{'clf__colsample_bytree': 0.8, 'clf__learning_rate': 0.1, 'clf__max_depth': 3, 'clf__min_child_weight': 3, 'clf__n_estimators': 300, 'clf__reg_alpha': 0.1, 'clf__reg_lambda': 10.0, 'clf__subsample': 1.0}",0.804525992083928,0.8227818882230646,0.7917469472765917,0.8088577037460656,0.8462820699780191,0.8148389202615338,0.01858565607703897,702,1.0,1.0,1.0,1.0,1.0,1.0,0.0
16.79550256729126,0.25920314582798554,0.017679500579833984,0.0015754270591041232,0.8,0.1,3,3,600,0.0,1.0,0.8,"{'clf__colsample_bytree': 0.8, 'clf__learning_rate': 0.1, 'clf__max_depth': 3, 'clf__min_child_weight': 3, 'clf__n_estimators': 600, 'clf__reg_alpha': 0.0, 'clf__reg_lambda': 1.0, 'clf__subsample': 0.8}",0.8140707820782077,0.8360386645318152,0.7868730958825298,0.8107120369984685,0.8386252999737387,0.8172639758929521,0.01889722242973342,426,1.0,1.0,1.0,1.0,1.0,1.0,0.0
18.172282934188843,0.4259931637771102,0.018518686294555664,0.0009969792106619166,0.8,0.1,3,3,600,0.0,1.0,1.0,"{'clf__colsample_bytree': 0.8, 'clf__learning_rate': 0.1, 'clf__max_depth': 3, 'clf__min_child_weight': 3, 'clf__n_estimators': 600, 'clf__reg_alpha': 0.0, 'clf__reg_lambda': 1.0, 'clf__subsample': 1.0}",0.8030721003134796,0.84757108725989,0.791953739750191,0.8258302990179852,0.8463597655507291,0.822957398378455,0.022442860580476218,56,1.0,1.0,1.0,1.0,1.0,1.0,0.0
23.218482398986815,0.30430913707028345,0.022029972076416014,0.0013250964418775055,0.8,0.1,3,3,600,0.0,10.0,0.8,"{'clf__colsample_bytree': 0.8, 'clf__learning_rate': 0.1, 'clf__max_depth': 3, 'clf__min_child_weight': 3, 'clf__n_estimators': 600, 'clf__reg_alpha': 0.0, 'clf__reg_lambda': 10.0, 'clf__subsample': 0.8}",0.8178453141817426,0.8333187050912969,0.79410602513968,0.807477553493001,0.8404628811788244,0.818642095816909,0.016845475144134578,294,1.0,1.0,1.0,1.0,1.0,1.0,0.0
24.26739182472229,0.4869819764552156,0.020641040802001954,0.0013835396364806141,0.8,0.1,3,3,600,0.0,10.0,1.0,"{'clf__colsample_bytree': 0.8, 'clf__learning_rate': 0.1, 'clf__max_depth': 3, 'clf__min_child_weight': 3, 'clf__n_estimators': 600, 'clf__reg_alpha': 0.0, 'clf__reg_lambda': 10.0, 'clf__subsample': 1.0}",0.8071772519717725,0.849697133495308,0.783723302763587,0.8047669714409896,0.8387958636206301,0.8168321046584575,0.024072778032732497,474,1.0,1.0,1.0,1.0,1.0,1.0,0.0
17.579438829421996,0.18611752095664938,0.019791889190673827,0.0014894144725651076,0.8,0.1,3,3,600,0.1,1.0,0.8,"{'clf__colsample_bytree': 0.8, 'clf__learning_rate': 0.1, 'clf__max_depth': 3, 'clf__min_child_weight': 3, 'clf__n_estimators': 600, 'clf__reg_alpha': 0.1, 'clf__reg_lambda': 1.0, 'clf__subsample': 0.8}",0.8137356722097548,0.8306279641380114,0.7861261095716557,0.7994752830709749,0.8457492270308906,0.8151428512042574,0.02128832122417834,658,1.0,1.0,1.0,1.0,1.0,1.0,0.0
19.098404932022095,0.06640869412233458,0.020653200149536134,0.0006746655259727071,0.8,0.1,3,3,600,0.1,1.0,1.0,"{'clf__colsample_bytree': 0.8, 'clf__learning_rate': 0.1, 'clf__max_depth': 3, 'clf__min_child_weight': 3, 'clf__n_estimators': 600, 'clf__reg_alpha': 0.1, 'clf__reg_lambda': 1.0, 'clf__subsample': 1.0}",0.8090065124933545,0.8471883846376747,0.8015350931184057,0.8220278986757089,0.8402471052219804,0.8240009988294249,0.017521618062578913,37,1.0,1.0,1.0,1.0,1.0,1.0,0.0
23.8315212726593,0.5082113287517274,0.0214688777923584,0.0011402059494532346,0.8,0.1,3,3,600,0.1,10.0,0.8,"{'clf__colsample_bytree': 0.8, 'clf__learning_rate': 0.1, 'clf__max_depth': 3, 'clf__min_child_weight': 3, 'clf__n_estimators': 600, 'clf__reg_alpha': 0.1, 'clf__reg_lambda': 10.0, 'clf__subsample': 0.8}",0.8128875101306609,0.8392358833531471,0.7937815126050419,0.8063276660446472,0.8495475279401794,0.8203560200147354,0.020820044061936202,168,1.0,1.0,1.0,1.0,1.0,1.0,0.0
24.64100546836853,0.3795421450636245,0.021463394165039062,0.001024094529081538,0.8,0.1,3,3,600,0.1,10.0,1.0,"{'clf__colsample_bytree': 0.8, 'clf__learning_rate': 0.1, 'clf__max_depth': 3, 'clf__min_child_weight': 3, 'clf__n_estimators': 600, 'clf__reg_alpha': 0.1, 'clf__reg_lambda': 10.0, 'clf__subsample': 1.0}",0.8037899543378996,0.8302973934332551,0.8004043147046662,0.8003412961428703,0.8358966452340291,0.8141459207705439,0.015624400935687458,767,1.0,1.0,1.0,1.0,1.0,1.0,0.0
21.89332523345947,0.2510244370588794,0.02495255470275879,0.0024656957481867317,0.8,0.1,3,3,1000,0.0,1.0,0.8,"{'clf__colsample_bytree': 0.8, 'clf__learning_rate': 0.1, 'clf__max_depth': 3, 'clf__min_child_weight': 3, 'clf__n_estimators': 1000, 'clf__reg_alpha': 0.0, 'clf__reg_lambda': 1.0, 'clf__subsample': 0.8}",0.8135948487227698,0.8290321490347337,0.7975841142613334,0.8204479055653031,0.8338008407003847,0.818891971656905,0.01272480099574149,274,1.0,1.0,1.0,1.0,1.0,1.0,0.0
23.2035165309906,0.5689534083639197,0.02540106773376465,0.0026893208649442575,0.8,0.1,3,3,1000,0.0,1.0,1.0,"{'clf__colsample_bytree': 0.8, 'clf__learning_rate': 0.1, 'clf__max_depth': 3, 'clf__min_child_weight': 3, 'clf__n_estimators': 1000, 'clf__reg_alpha': 0.0, 'clf__reg_lambda': 1.0, 'clf__subsample': 1.0}",0.803931893189319,0.8445557100751381,0.7821489749785389,0.8267225364899782,0.8463597655507291,0.8207437760567406,0.024621660267271,138,1.0,1.0,1.0,1.0,1.0,1.0,0.0
32.53065466880798,0.7192631495963188,0.028945207595825195,0.0017698716567397944,0.8,0.1,3,3,1000,0.0,10.0,0.8,"{'clf__colsample_bytree': 0.8, 'clf__learning_rate': 0.1, 'clf__max_depth': 3, 'clf__min_child_weight': 3, 'clf__n_estimators': 1000, 'clf__reg_alpha': 0.0, 'clf__reg_lambda': 10.0, 'clf__subsample': 0.8}",0.8119109020018677,0.8303562605860535,0.79410602513968,0.8063401718834609,0.8355893955113214,0.8156605510244767,0.01535349890638917,601,1.0,1.0,1.0,1.0,1.0,1.0,0.0
33.50988073348999,0.8445099237761272,0.028182363510131835,0.0005914032442138339,0.8,0.1,3,3,1000,0.0,10.0,1.0,"{'clf__colsample_bytree': 0.8, 'clf__learning_rate': 0.1, 'clf__max_depth': 3, 'clf__min_child_weight': 3, 'clf__n_estimators': 1000, 'clf__reg_alpha': 0.0, 'clf__reg_lambda': 10.0, 'clf__subsample': 1.0}",0.8000687393102255,0.8479989352560989,0.7810386630173438,0.8081775124625605,0.8462820699780191,0.8167131840048496,0.02636544679920136,485,1.0,1.0,1.0,1.0,1.0,1.0,0.0
22.91442265510559,0.6031879405662536,0.026501274108886717,0.0015738623839294532,0.8,0.1,3,3,1000,0.1,1.0,0.8,"{'clf__colsample_bytree': 0.8, 'clf__learning_rate': 0.1, 'clf__max_depth': 3, 'clf__min_child_weight': 3, 'clf__n_estimators': 1000, 'clf__reg_alpha': 0.1, 'clf__reg_lambda': 1.0, 'clf__subsample': 0.8}",0.8172516316080671,0.8213705128799469,0.787637615125494,0.807948932634954,0.8396288179738884,0.8147675020444701,0.017031613749456206,710,1.0,1.0,1.0,1.0,1.0,1.0,0.0
24.852684593200685,0.43470110513689436,0.025244665145874024,0.0020259694838317887,0.8,0.1,3,3,1000,0.1,1.0,1.0,"{'clf__colsample_bytree': 0.8, 'clf__learning_rate': 0.1, 'clf__max_depth': 3, 'clf__min_child_weight': 3, 'clf__n_estimators': 1000, 'clf__reg_alpha': 0.1, 'clf__reg_lambda': 1.0, 'clf__subsample': 1.0}",0.8090065124933545,0.8457902391725921,0.8060431634459566,0.8220278986757089,0.8409545630177016,0.8247644753610628,0.01618944994560009,21,1.0,1.0,1.0,1.0,1.0,1.0,0.0
32.725496196746825,0.7030071695524576,0.027168416976928712,0.0005326443859770369,0.8,0.1,3,3,1000,0.1,10.0,0.8,"{'clf__colsample_bytree': 0.8, 'clf__learning_rate': 0.1, 'clf__max_depth': 3, 'clf__min_child_weight': 3, 'clf__n_estimators': 1000, 'clf__reg_alpha': 0.1, 'clf__reg_lambda': 10.0, 'clf__subsample': 0.8}",0.8128875101306609,0.8366090424323906,0.7946587421277606,0.8104233510473906,0.8465420713415901,0.8202241434159585,0.018786003875857833,172,1.0,1.0,1.0,1.0,1.0,1.0,0.0
34.880617189407346,0.23584849872783914,0.028148794174194337,0.0023366730131173657,0.8,0.1,3,3,1000,0.1,10.0,1.0,"{'clf__colsample_bytree': 0.8, 'clf__learning_rate': 0.1, 'clf__max_depth': 3, 'clf__min_child_weight': 3, 'clf__n_estimators': 1000, 'clf__reg_alpha': 0.1, 'clf__reg_lambda': 10.0, 'clf__subsample': 1.0}",0.8072182020127225,0.8415830513859139,0.7993704058804729,0.8038852754914436,0.8432372050386421,0.819058827961839,0.01923541338478837,262,1.0,1.0,1.0,1.0,1.0,1.0,0.0
11.022271347045898,0.29445907211494954,0.013923454284667968,0.001402996078497455,0.8,0.1,3,5,300,0.0,1.0,0.8,"{'clf__colsample_bytree': 0.8, 'clf__learning_rate': 0.1, 'clf__max_depth': 3, 'clf__min_child_weight': 5, 'clf__n_estimators': 300, 'clf__reg_alpha': 0.0, 'clf__reg_lambda': 1.0, 'clf__subsample': 0.8}",0.8217422979497283,0.8320011038556379,0.7882913165266107,0.8160076480650412,0.8374392907689245,0.8190963314331885,0.017137604007663832,257,1.0,1.0,1.0,1.0,1.0,1.0,0.0
11.620922899246215,0.24447676126807039,0.013951444625854492,0.0006369297539441154,0.8,0.1,3,5,300,0.0,1.0,1.0,"{'clf__colsample_bytree': 0.8, 'clf__learning_rate': 0.1, 'clf__max_depth': 3, 'clf__min_child_weight': 5, 'clf__n_estimators': 300, 'clf__reg_alpha': 0.0, 'clf__reg_lambda': 1.0, 'clf__subsample': 1.0}",0.8257467008813254,0.8417333834099155,0.7803751803751804,0.8154928316429151,0.8175262622992103,0.8161748717217094,0.020143320326330663,542,1.0,1.0,1.0,1.0,1.0,1.0,0.0
12.982827425003052,0.22551267444961304,0.012552976608276367,0.0014929871328842618,0.8,0.1,3,5,300,0.0,10.0,0.8,"{'clf__colsample_bytree': 0.8, 'clf__learning_rate': 0.1, 'clf__max_depth': 3, 'clf__min_child_weight': 5, 'clf__n_estimators': 300, 'clf__reg_alpha': 0.0, 'clf__reg_lambda': 10.0, 'clf__subsample': 0.8}",0.8190212771277127,0.8298670379903821,0.7802886426913292,0.8145287495582816,0.8517889405157746,0.8190989295766959,0.023288279959816666,255,1.0,1.0,1.0,1.0,1.0,1.0,0.0
13.723064041137695,0.3395850137679,0.013998079299926757,0.0006548613977084465,0.8,0.1,3,5,300,0.0,10.0,1.0,"{'clf__colsample_bytree': 0.8, 'clf__learning_rate': 0.1, 'clf__max_depth': 3, 'clf__min_child_weight': 5, 'clf__n_estimators': 300, 'clf__reg_alpha': 0.0, 'clf__reg_lambda': 10.0, 'clf__subsample': 1.0}",0.8065824707122047,0.843866156408745,0.7835472370766488,0.8078043240473398,0.8247245386329893,0.8133049453755856,0.020126422602037394,867,1.0,1.0,1.0,1.0,1.0,1.0,0.0
11.22037501335144,0.27768686273876797,0.014119863510131836,0.0006719664791969814,0.8,0.1,3,5,300,0.1,1.0,0.8,"{'clf__colsample_bytree': 0.8, 'clf__learning_rate': 0.1, 'clf__max_depth': 3, 'clf__min_child_weight': 5, 'clf__n_estimators': 300, 'clf__reg_alpha': 0.1, 'clf__reg_lambda': 1.0, 'clf__subsample': 0.8}",0.8171051266085512,0.8351007336081963,0.786529648099706,0.8018549806024586,0.8345734094272719,0.8150327796692369,0.01884110668717764,679,1.0,1.0,1.0,1.0,1.0,1.0,0.0
11.838875865936279,0.34708521378148804,0.013791322708129883,0.0013221169823027735,0.8,0.1,3,5,300,0.1,1.0,1.0,"{'clf__colsample_bytree': 0.8, 'clf__learning_rate': 0.1, 'clf__max_depth': 3, 'clf__min_child_weight': 5, 'clf__n_estimators': 300, 'clf__reg_alpha': 0.1, 'clf__reg_lambda': 1.0, 'clf__subsample': 1.0}",0.8220891345891346,0.8454202291295381,0.7881511470985154,0.8123382516090186,0.8225870117613573,0.8181171548375128,0.018507141606421758,335,1.0,1.0,1.0,1.0,1.0,1.0,0.0
12.883265495300293,0.24971351695329266,0.013546180725097657,0.0018544221077626626,0.8,0.1,3,5,300,0.1,10.0,0.8,"{'clf__colsample_bytree': 0.8, 'clf__learning_rate': 0.1, 'clf__max_depth': 3, 'clf__min_child_weight': 5, 'clf__n_estimators': 300, 'clf__reg_alpha': 0.1, 'clf__reg_lambda': 10.0, 'clf__subsample': 0.8}",0.8128948191322376,0.8213759580706059,0.7752078056102825,0.8085001502891348,0.8414161792739712,0.8118789824752464,0.021540019423865468,1013,1.0,1.0,1.0,1.0,1.0,1.0,0.0
13.687545013427734,0.1442983083562864,0.012855863571166993,0.001299116051583795,0.8,0.1,3,5,300,0.1,10.0,1.0,"{'clf__colsample_bytree': 0.8, 'clf__learning_rate': 0.1, 'clf__max_depth': 3, 'clf__min_child_weight': 5, 'clf__n_estimators': 300, 'clf__reg_alpha': 0.1, 'clf__reg_lambda': 10.0, 'clf__subsample': 1.0}",0.8092360017714988,0.8407395077801438,0.7810560492139439,0.8001221889923547,0.8349055413005493,0.813211857811698,0.022133821648001095,879,1.0,1.0,1.0,1.0,1.0,1.0,0.0
15.46500334739685,0.17567465939410462,0.01865811347961426,0.0015718907187428092,0.8,0.1,3,5,600,0.0,1.0,0.8,"{'clf__colsample_bytree': 0.8, 'clf__learning_rate': 0.1, 'clf__max_depth': 3, 'clf__min_child_weight': 5, 'clf__n_estimators': 600, 'clf__reg_alpha': 0.0, 'clf__reg_lambda': 1.0, 'clf__subsample': 0.8}",0.8119502457002458,0.8323246488340827,0.7953703488642171,0.8109079206421324,0.8344671159116656,0.8170040559904687,0.014631474126350625,454,1.0,1.0,1.0,1.0,1.0,1.0,0.0
16.65002508163452,0.4180661724684435,0.019402360916137694,0.0014125698986190713,0.8,0.1,3,5,600,0.0,1.0,1.0,"{'clf__colsample_bytree': 0.8, 'clf__learning_rate': 0.1, 'clf__max_depth': 3, 'clf__min_child_weight': 5, 'clf__n_estimators': 600, 'clf__reg_alpha': 0.0, 'clf__reg_lambda': 1.0, 'clf__subsample': 1.0}",0.8109833510143107,0.8297414645521012,0.7787086287889674,0.8244886906658171,0.8274732970994654,0.8142790864241324,0.018939523118367073,754,1.0,1.0,1.0,1.0,1.0,1.0,0.0
20.418762016296387,0.28339812393406605,0.022269058227539062,0.0008355610652142057,0.8,0.1,3,5,600,0.0,10.0,0.8,"{'clf__colsample_bytree': 0.8, 'clf__learning_rate': 0.1, 'clf__max_depth': 3, 'clf__min_child_weight': 5, 'clf__n_estimators': 600, 'clf__reg_alpha': 0.0, 'clf__reg_lambda': 10.0, 'clf__subsample': 0.8}",0.8130560446538596,0.8246872163487518,0.7850697504335642,0.8207058541143392,0.8383549041999745,0.8163747539500978,0.01767483828119511,522,1.0,1.0,1.0,1.0,1.0,1.0,0.0
21.598526000976562,0.2803512604005663,0.021490001678466798,0.0011244333880744955,0.8,0.1,3,5,600,0.0,10.0,1.0,"{'clf__colsample_bytree': 0.8, 'clf__learning_rate': 0.1, 'clf__max_depth': 3, 'clf__min_child_weight': 5, 'clf__n_estimators': 600, 'clf__reg_alpha': 0.0, 'clf__reg_lambda': 10.0, 'clf__subsample': 1.0}",0.8039720374912729,0.8472533456045175,0.7810386630173438,0.8056664540410472,0.8377707313454977,0.8151402462999359,0.024169359157749124,659,1.0,1.0,1.0,1.0,1.0,1.0,0.0
15.9120183467865,0.4954555442736845,0.021366643905639648,0.0008784650157198626,0.8,0.1,3,5,600,0.1,1.0,0.8,"{'clf__colsample_bytree': 0.8, 'clf__learning_rate': 0.1, 'clf__max_depth': 3, 'clf__min_child_weight': 5, 'clf__n_estimators': 600, 'clf__reg_alpha': 0.1, 'clf__reg_lambda': 1.0, 'clf__subsample': 0.8}",0.8205357142857141,0.8230433498469015,0.7894286603752757,0.8156373051264711,0.8401015542517736,0.8177493167772273,0.01638251195383021,376,1.0,1.0,1.0,1.0,1.0,1.0,0.0
17.25561065673828,0.4686141955504801,0.01937894821166992,0.00158863823185055,0.8,0.1,3,5,600,0.1,1.0,1.0,"{'clf__colsample_bytree': 0.8, 'clf__learning_rate': 0.1, 'clf__max_depth': 3, 'clf__min_child_weight': 5, 'clf__n_estimators': 600, 'clf__reg_alpha': 0.1, 'clf__reg_lambda': 1.0, 'clf__subsample': 1.0}",0.8151916792357968,0.8400069687929234,0.7963841421736159,0.8190580889074823,0.8447284977307192,0.8230738753681075,0.017585503901563746,54,1.0,1.0,1.0,1.0,1.0,1.0,0.0
20.916211366653442,0.18578372801405785,0.021210241317749023,0.0006710550589017161,0.8,0.1,3,5,600,0.1,10.0,0.8,"{'clf__colsample_bytree': 0.8, 'clf__learning_rate': 0.1, 'clf__max_depth': 3, 'clf__min_child_weight': 5, 'clf__n_estimators': 600, 'clf__reg_alpha': 0.1, 'clf__reg_lambda': 10.0, 'clf__subsample': 0.8}",0.8128948191322376,0.8217088020811711,0.7808242364699319,0.8137425482776137,0.8391680402831095,0.8136676892488127,0.01894319255555907,827,1.0,1.0,1.0,1.0,1.0,1.0,0.0
22.129153633117674,0.25815771618562544,0.021214389801025392,0.0006652062184518019,0.8,0.1,3,5,600,0.1,10.0,1.0,"{'clf__colsample_bytree': 0.8, 'clf__learning_rate': 0.1, 'clf__max_depth': 3, 'clf__min_child_weight': 5, 'clf__n_estimators': 600, 'clf__reg_alpha': 0.1, 'clf__reg_lambda': 10.0, 'clf__subsample': 1.0}",0.8190212771277127,0.8365823112586768,0.7868152109328579,0.7961968361478653,0.8444627953649606,0.8166156861664146,0.022293103132536823,497,1.0,1.0,1.0,1.0,1.0,1.0,0.0
20.46685070991516,0.4408043222733093,0.02521066665649414,0.0029312122308727834,0.8,0.1,3,5,1000,0.0,1.0,0.8,"{'clf__colsample_bytree': 0.8, 'clf__learning_rate': 0.1, 'clf__max_depth': 3, 'clf__min_child_weight': 5, 'clf__n_estimators': 1000, 'clf__reg_alpha': 0.0, 'clf__reg_lambda': 1.0, 'clf__subsample': 0.8}",0.8142264467619437,0.8397517442806062,0.7985075309047329,0.8256792905597351,0.8293381037567085,0.8215006232527452,0.014096713937862895,112,1.0,1.0,1.0,1.0,1.0,1.0,0.0
21.663544368743896,0.6419283458657076,0.02630481719970703,0.0017918576211554183,0.8,0.1,3,5,1000,0.0,1.0,1.0,"{'clf__colsample_bytree': 0.8, 'clf__learning_rate': 0.1, 'clf__max_depth': 3, 'clf__min_child_weight': 5, 'clf__n_estimators': 1000, 'clf__reg_alpha': 0.0, 'clf__reg_lambda': 1.0, 'clf__subsample': 1.0}",0.8171775971775971,0.8306167041241668,0.7755786696963168,0.8172918985875752,0.8211214538218619,0.8123572646815035,0.01902876457520303,956,1.0,1.0,1.0,1.0,1.0,1.0,0.0
27.546850872039794,0.5839449393119143,0.02758369445800781,0.0018153964883631671,0.8,0.1,3,5,1000,0.0,10.0,0.8,"{'clf__colsample_bytree': 0.8, 'clf__learning_rate': 0.1, 'clf__max_depth': 3, 'clf__min_child_weight': 5, 'clf__n_estimators': 1000, 'clf__reg_alpha': 0.0, 'clf__reg_lambda': 10.0, 'clf__subsample': 0.8}",0.8130560446538596,0.8343847154543249,0.7859695692159205,0.8198396730261842,0.8383549041999745,0.8183209813100527,0.01863352606472496,321,1.0,1.0,1.0,1.0,1.0,1.0,0.0
29.596430206298827,0.8984033999703367,0.030093288421630858,0.0014961714323153377,0.8,0.1,3,5,1000,0.0,10.0,1.0,"{'clf__colsample_bytree': 0.8, 'clf__learning_rate': 0.1, 'clf__max_depth': 3, 'clf__min_child_weight': 5, 'clf__n_estimators': 1000, 'clf__reg_alpha': 0.0, 'clf__reg_lambda': 10.0, 'clf__subsample': 1.0}",0.7958593308310423,0.830105485363342,0.7832539192833311,0.8006807070374615,0.8393175120296024,0.8098433909089557,0.021287484589939457,1140,1.0,1.0,1.0,1.0,1.0,1.0,0.0
21.648632526397705,0.4243560478511249,0.02860288619995117,0.0025704947086037377,0.8,0.1,3,5,1000,0.1,1.0,0.8,"{'clf__colsample_bytree': 0.8, 'clf__learning_rate': 0.1, 'clf__max_depth': 3, 'clf__min_child_weight': 5, 'clf__n_estimators': 1000, 'clf__reg_alpha': 0.1, 'clf__reg_lambda': 1.0, 'clf__subsample': 0.8}",0.8255854598617756,0.8243828162645956,0.7944764871223964,0.8189497993794935,0.8453660001987545,0.821752112565403,0.01631590356129391,97,1.0,1.0,1.0,1.0,1.0,1.0,0.0
24.148805713653566,1.1929285147427346,0.026554012298583986,0.0008144005754630622,0.8,0.1,3,5,1000,0.1,1.0,1.0,"{'clf__colsample_bytree': 0.8, 'clf__learning_rate': 0.1, 'clf__max_depth': 3, 'clf__min_child_weight': 5, 'clf__n_estimators': 1000, 'clf__reg_alpha': 0.1, 'clf__reg_lambda': 1.0, 'clf__subsample': 1.0}",0.8109833510143107,0.8343788950712316,0.7906294380984565,0.8187009521619273,0.8286058221805885,0.816659691705303,0.01530125414457533,490,1.0,1.0,1.0,1.0,1.0,1.0,0.0
28.49468159675598,0.9252270263221903,0.02942814826965332,0.0012012677139613462,0.8,0.1,3,5,1000,0.1,10.0,0.8,"{'clf__colsample_bytree': 0.8, 'clf__learning_rate': 0.1, 'clf__max_depth': 3, 'clf__min_child_weight': 5, 'clf__n_estimators': 1000, 'clf__reg_alpha': 0.1, 'clf__reg_lambda': 10.0, 'clf__subsample': 0.8}",0.8128948191322376,0.8221267189608967,0.7896572536908891,0.8144985845284388,0.8363919047557039,0.8151138562136332,0.015200505850048968,664,1.0,1.0,1.0,1.0,1.0,1.0,0.0
31.976573753356934,0.717110551449798,0.0317692756652832,0.0008640810469726358,0.8,0.1,3,5,1000,0.1,10.0,1.0,"{'clf__colsample_bytree': 0.8, 'clf__learning_rate': 0.1, 'clf__max_depth': 3, 'clf__min_child_weight': 5, 'clf__n_estimators': 1000, 'clf__reg_alpha': 0.1, 'clf__reg_lambda': 10.0, 'clf__subsample': 1.0}",0.808882388238824,0.8412499615230707,0.7945959979252981,0.796231882419304,0.8389059687702243,0.8159732397753443,0.02030670114199656,560,1.0,1.0,1.0,1.0,1.0,1.0,0.0
23.884582567214967,0.5968103289305382,0.015668296813964845,0.0013991724480316573,0.8,0.1,5,1,300,0.0,1.0,0.8,"{'clf__colsample_bytree': 0.8, 'clf__learning_rate': 0.1, 'clf__max_depth': 5, 'clf__min_child_weight': 1, 'clf__n_estimators': 300, 'clf__reg_alpha': 0.0, 'clf__reg_lambda': 1.0, 'clf__subsample': 0.8}",0.8264553990610328,0.8351442973104402,0.7709952766531714,0.8002039609191947,0.8287721955542975,0.8123142258996273,0.02385776095481389,961,1.0,1.0,1.0,1.0,1.0,1.0,0.0
25.051394033432008,0.6239663373374172,0.015775680541992188,0.0012666606091348293,0.8,0.1,5,1,300,0.0,1.0,1.0,"{'clf__colsample_bytree': 0.8, 'clf__learning_rate': 0.1, 'clf__max_depth': 5, 'clf__min_child_weight': 1, 'clf__n_estimators': 300, 'clf__reg_alpha': 0.0, 'clf__reg_lambda': 1.0, 'clf__subsample': 1.0}",0.8241689561310255,0.8321164516323176,0.7878346326270715,0.7977382581897138,0.8437989338664001,0.8171314464893056,0.021069555567228792,440,1.0,1.0,1.0,1.0,1.0,1.0,0.0
37.64954147338867,0.86025605339344,0.020659971237182616,0.0024138658699825897,0.8,0.1,5,1,300,0.0,10.0,0.8,"{'clf__colsample_bytree': 0.8, 'clf__learning_rate': 0.1, 'clf__max_depth': 5, 'clf__min_child_weight': 1, 'clf__n_estimators': 300, 'clf__reg_alpha': 0.0, 'clf__reg_lambda': 10.0, 'clf__subsample': 0.8}",0.8202522263517812,0.8243828162645956,0.7744528912499237,0.7813458070742102,0.8316999173725739,0.8064267316626168,0.023679858287199356,1241,1.0,1.0,1.0,1.0,1.0,1.0,0.0
40.37307324409485,1.063350485974056,0.020516443252563476,0.0019464823286885155,0.8,0.1,5,1,300,0.0,10.0,1.0,"{'clf__colsample_bytree': 0.8, 'clf__learning_rate': 0.1, 'clf__max_depth': 5, 'clf__min_child_weight': 1, 'clf__n_estimators': 300, 'clf__reg_alpha': 0.0, 'clf__reg_lambda': 10.0, 'clf__subsample': 1.0}",0.8342495739554563,0.8358469800759193,0.7875674707154835,0.7959437550165022,0.8310762468114838,0.8169368053149689,0.020787094308597254,466,1.0,1.0,1.0,1.0,1.0,1.0,0.0
26.318818187713624,0.41131701474122073,0.020366764068603514,0.0018665319385153486,0.8,0.1,5,1,300,0.1,1.0,0.8,"{'clf__colsample_bytree': 0.8, 'clf__learning_rate': 0.1, 'clf__max_depth': 5, 'clf__min_child_weight': 1, 'clf__n_estimators': 300, 'clf__reg_alpha': 0.1, 'clf__reg_lambda': 1.0, 'clf__subsample': 0.8}",0.8216381172620344,0.8501826213901228,0.7720747912576156,0.8035843854011632,0.8293524995321984,0.8153664829686267,0.026306249998439474,632,1.0,1.0,1.0,1.0,1.0,1.0,0.0
27.802286291122435,0.4148022562626838,0.01900906562805176,0.0022844076294718085,0.8,0.1,5,1,300,0.1,1.0,1.0,"{'clf__colsample_bytree': 0.8, 'clf__learning_rate': 0.1, 'clf__max_depth': 5, 'clf__min_child_weight': 1, 'clf__n_estimators': 300, 'clf__reg_alpha': 0.1, 'clf__reg_lambda': 1.0, 'clf__subsample': 1.0}",0.8248883997711511,0.827638047041032,0.7949081879686564,0.8017874091330702,0.8327987514265934,0.8164041590681007,0.015117482528967427,518,1.0,1.0,1.0,1.0,1.0,1.0,0.0
39.1523355960846,0.7617352071086835,0.021477365493774415,0.0018436073612107847,0.8,0.1,5,1,300,0.1,10.0,0.8,"{'clf__colsample_bytree': 0.8, 'clf__learning_rate': 0.1, 'clf__max_depth': 5, 'clf__min_child_weight': 1, 'clf__n_estimators': 300, 'clf__reg_alpha': 0.1, 'clf__reg_lambda': 10.0, 'clf__subsample': 0.8}",0.8241826717883055,0.8266659212874266,0.7774688280814108,0.7921492821325143,0.8407514350170285,0.8122436276613371,0.02356398869626199,970,1.0,1.0,1.0,1.0,1.0,1.0,0.0
41.26499915122986,0.8856753969329768,0.022643852233886718,0.0005213933033587899,0.8,0.1,5,1,300,0.1,10.0,1.0,"{'clf__colsample_bytree': 0.8, 'clf__learning_rate': 0.1, 'clf__max_depth': 5, 'clf__min_child_weight': 1, 'clf__n_estimators': 300, 'clf__reg_alpha': 0.1, 'clf__reg_lambda': 10.0, 'clf__subsample': 1.0}",0.8322107619927295,0.8349091909170161,0.7850697504335642,0.8003695351402059,0.8399326708996209,0.8184983818766274,0.021738910974925155,304,1.0,1.0,1.0,1.0,1.0,1.0,0.0
32.23945803642273,0.4631280807628017,0.02448301315307617,0.0009197238568495578,0.8,0.1,5,1,600,0.0,1.0,0.8,"{'clf__colsample_bytree': 0.8, 'clf__learning_rate': 0.1, 'clf__max_depth': 5, 'clf__min_child_weight': 1, 'clf__n_estimators': 600, 'clf__reg_alpha': 0.0, 'clf__reg_lambda': 1.0, 'clf__subsample': 0.8}",0.8217422979497283,0.8354824437339654,0.787885034681828,0.8009955920352637,0.8285944032095358,0.8149399543220642,0.017782708684633233,687,1.0,1.0,1.0,1.0,1.0,1.0,0.0
33.56074013710022,0.6041623755152963,0.02560005187988281,0.000697202760829804,0.8,0.1,5,1,600,0.0,1.0,1.0,"{'clf__colsample_bytree': 0.8, 'clf__learning_rate': 0.1, 'clf__max_depth': 5, 'clf__min_child_weight': 1, 'clf__n_estimators': 600, 'clf__reg_alpha': 0.0, 'clf__reg_lambda': 1.0, 'clf__subsample': 1.0}",0.8241689561310255,0.8321164516323176,0.7974249600921152,0.8008694961114546,0.8437989338664001,0.8196757595666625,0.017920160686429033,220,1.0,1.0,1.0,1.0,1.0,1.0,0.0
56.05337896347046,1.0292628337129859,0.02933502197265625,0.002059796707167912,0.8,0.1,5,1,600,0.0,10.0,0.8,"{'clf__colsample_bytree': 0.8, 'clf__learning_rate': 0.1, 'clf__max_depth': 5, 'clf__min_child_weight': 1, 'clf__n_estimators': 600, 'clf__reg_alpha': 0.0, 'clf__reg_lambda': 10.0, 'clf__subsample': 0.8}",0.824043919394963,0.8270216185310526,0.7865116320667289,0.779829444578523,0.8362577180392375,0.810732866522101,0.02295959625921172,1097,1.0,1.0,1.0,1.0,1.0,1.0,0.0
59.529972553253174,1.1326430557142912,0.03330421447753906,0.0027503395744250233,0.8,0.1,5,1,600,0.0,10.0,1.0,"{'clf__colsample_bytree': 0.8, 'clf__learning_rate': 0.1, 'clf__max_depth': 5, 'clf__min_child_weight': 1, 'clf__n_estimators': 600, 'clf__reg_alpha': 0.0, 'clf__reg_lambda': 10.0, 'clf__subsample': 1.0}",0.8386819951734934,0.8362449325465128,0.7800050435001891,0.7989350584316266,0.8333071261775146,0.8174348311658672,0.02366610334284121,407,1.0,1.0,1.0,1.0,1.0,1.0,0.0
35.31881709098816,0.5196284776538092,0.027275609970092773,0.002187007907476115,0.8,0.1,5,1,600,0.1,1.0,0.8,"{'clf__colsample_bytree': 0.8, 'clf__learning_rate': 0.1, 'clf__max_depth': 5, 'clf__min_child_weight': 1, 'clf__n_estimators': 600, 'clf__reg_alpha': 0.1, 'clf__reg_lambda': 1.0, 'clf__subsample': 0.8}",0.825818647610895,0.8433115549382837,0.7743672650307721,0.8073877565595137,0.8318948142305331,0.8165560076739995,0.024086849644174797,504,1.0,1.0,1.0,1.0,1.0,1.0,0.0
38.348766279220584,1.3116006050917568,0.028210830688476563,0.0009799224428719035,0.8,0.1,5,1,600,0.1,1.0,1.0,"{'clf__colsample_bytree': 0.8, 'clf__learning_rate': 0.1, 'clf__max_depth': 5, 'clf__min_child_weight': 1, 'clf__n_estimators': 600, 'clf__reg_alpha': 0.1, 'clf__reg_lambda': 1.0, 'clf__subsample': 1.0}",0.82764504660402,0.8246537650651535,0.7880962020435704,0.8008694961114546,0.8337022078919765,0.814993343543235,0.01747197886141246,683,1.0,1.0,1.0,1.0,1.0,1.0,0.0
57.67877564430237,1.3343309847487121,0.03284273147583008,0.0007003397550435018,0.8,0.1,5,1,600,0.1,10.0,0.8,"{'clf__colsample_bytree': 0.8, 'clf__learning_rate': 0.1, 'clf__max_depth': 5, 'clf__min_child_weight': 1, 'clf__n_estimators': 600, 'clf__reg_alpha': 0.1, 'clf__reg_lambda': 10.0, 'clf__subsample': 0.8}",0.8244077930073479,0.8266659212874266,0.7791573918251771,0.7883471608156342,0.8455218205218205,0.8128200174914813,0.02500994440375295,913,1.0,1.0,1.0,1.0,1.0,1.0,0.0
62.13204684257507,2.0801679214402107,0.032846832275390626,0.002041295724305349,0.8,0.1,5,1,600,0.1,10.0,1.0,"{'clf__colsample_bytree': 0.8, 'clf__learning_rate': 0.1, 'clf__max_depth': 5, 'clf__min_child_weight': 1, 'clf__n_estimators': 600, 'clf__reg_alpha': 0.1, 'clf__reg_lambda': 10.0, 'clf__subsample': 1.0}",0.8314295992674312,0.8392026847739058,0.7816569704804999,0.7972193775613807,0.8429791326580318,0.8184975529482499,0.0245164325111265,305,1.0,1.0,1.0,1.0,1.0,1.0,0.0
38.28037853240967,0.9916215349373636,0.03220829963684082,0.0012588002780246073,0.8,0.1,5,1,1000,0.0,1.0,0.8,"{'clf__colsample_bytree': 0.8, 'clf__learning_rate': 0.1, 'clf__max_depth': 5, 'clf__min_child_weight': 1, 'clf__n_estimators': 1000, 'clf__reg_alpha': 0.0, 'clf__reg_lambda': 1.0, 'clf__subsample': 0.8}",0.8165443874704212,0.8389229935903222,0.8001959444064707,0.809224859534457,0.8316487839852326,0.8193073937973807,0.014224070204781862,242,1.0,1.0,1.0,1.0,1.0,1.0,0.0
39.64957280158997,1.6065682268386317,0.03508257865905762,0.000613770131344481,0.8,0.1,5,1,1000,0.0,1.0,1.0,"{'clf__colsample_bytree': 0.8, 'clf__learning_rate': 0.1, 'clf__max_depth': 5, 'clf__min_child_weight': 1, 'clf__n_estimators': 1000, 'clf__reg_alpha': 0.0, 'clf__reg_lambda': 1.0, 'clf__subsample': 1.0}",0.8214868065900764,0.8431199099410219,0.7974249600921152,0.8067979022056627,0.8437989338664001,0.8225257025390553,0.01873585882274647,62,1.0,1.0,1.0,1.0,1.0,1.0,0.0
72.2268235206604,1.062648554119381,0.04442262649536133,0.0018569224566619975,0.8,0.1,5,1,1000,0.0,10.0,0.8,"{'clf__colsample_bytree': 0.8, 'clf__learning_rate': 0.1, 'clf__max_depth': 5, 'clf__min_child_weight': 1, 'clf__n_estimators': 1000, 'clf__reg_alpha': 0.0, 'clf__reg_lambda': 10.0, 'clf__subsample': 0.8}",0.8199151071007024,0.8270216185310526,0.7865164471290299,0.7842291760786855,0.8368817797389225,0.8109128257156785,0.021550504844471935,1080,1.0,1.0,1.0,1.0,1.0,1.0,0.0
76.29777584075927,2.0355704076450953,0.04348440170288086,0.0020265340433396842,0.8,0.1,5,1,1000,0.0,10.0,1.0,"{'clf__colsample_bytree': 0.8, 'clf__learning_rate': 0.1, 'clf__max_depth': 5, 'clf__min_child_weight': 1, 'clf__n_estimators': 1000, 'clf__reg_alpha': 0.0, 'clf__reg_lambda': 10.0, 'clf__subsample': 1.0}",0.834389146205081,0.8362449325465128,0.7899717112178779,0.7958361886268923,0.8268887552815418,0.8166661467755812,0.019740391748537946,489,1.0,1.0,1.0,1.0,1.0,1.0,0.0
43.71537084579468,0.6698099372392823,0.0334047794342041,0.0022588232753311573,0.8,0.1,5,1,1000,0.1,1.0,0.8,"{'clf__colsample_bytree': 0.8, 'clf__learning_rate': 0.1, 'clf__max_depth': 5, 'clf__min_child_weight': 1, 'clf__n_estimators': 1000, 'clf__reg_alpha': 0.1, 'clf__reg_lambda': 1.0, 'clf__subsample': 0.8}",0.8216381172620344,0.8433115549382837,0.7658478387750196,0.8047749113346135,0.8279930368373765,0.8127130918294656,0.026490622478396356,922,1.0,1.0,1.0,1.0,1.0,1.0,0.0
43.06747007369995,0.830487732062348,0.03459863662719727,0.002426084122678216,0.8,0.1,5,1,1000,0.1,1.0,1.0,"{'clf__colsample_bytree': 0.8, 'clf__learning_rate': 0.1, 'clf__max_depth': 5, 'clf__min_child_weight': 1, 'clf__n_estimators': 1000, 'clf__reg_alpha': 0.1, 'clf__reg_lambda': 1.0, 'clf__subsample': 1.0}",0.8304116957199791,0.8246537650651535,0.7839650841328694,0.8008694961114546,0.8300661097382696,0.8139932301535453,0.018522809845967762,788,1.0,1.0,1.0,1.0,1.0,1.0,0.0
76.13279271125793,1.0606701344090301,0.04287862777709961,0.0028116952125476513,0.8,0.1,5,1,1000,0.1,10.0,0.8,"{'clf__colsample_bytree': 0.8, 'clf__learning_rate': 0.1, 'clf__max_depth': 5, 'clf__min_child_weight': 1, 'clf__n_estimators': 1000, 'clf__reg_alpha': 0.1, 'clf__reg_lambda': 10.0, 'clf__subsample': 0.8}",0.824043919394963,0.8270216185310526,0.7848393723393724,0.7883471608156342,0.8446648857522355,0.8137833913666516,0.023319321823153064,814,1.0,1.0,1.0,1.0,1.0,1.0,0.0
81.08409276008607,1.9729955713539353,0.044652128219604494,0.001554527184248921,0.8,0.1,5,1,1000,0.1,10.0,1.0,"{'clf__colsample_bytree': 0.8, 'clf__learning_rate': 0.1, 'clf__max_depth': 5, 'clf__min_child_weight': 1, 'clf__n_estimators': 1000, 'clf__reg_alpha': 0.1, 'clf__reg_lambda': 10.0, 'clf__subsample': 1.0}",0.8329436386426716,0.8362449325465128,0.7782186592150823,0.8033962915001064,0.8460065369935756,0.8193620117795899,0.025008414624038,238,1.0,1.0,1.0,1.0,1.0,1.0,0.0
19.256724166870118,0.4846853665429184,0.01680417060852051,0.0007156631167902625,0.8,0.1,5,3,300,0.0,1.0,0.8,"{'clf__colsample_bytree': 0.8, 'clf__learning_rate': 0.1, 'clf__max_depth': 5, 'clf__min_child_weight': 3, 'clf__n_estimators': 300, 'clf__reg_alpha': 0.0, 'clf__reg_lambda': 1.0, 'clf__subsample': 0.8}",0.8125402216334994,0.8347910839834781,0.784762868710237,0.8024693265510185,0.8369121883868621,0.814295137853019,0.01973169656792269,753,1.0,1.0,1.0,1.0,1.0,1.0,0.0
20.215327882766722,0.5623159515653234,0.016707181930541992,0.001033098224556146,0.8,0.1,5,3,300,0.0,1.0,1.0,"{'clf__colsample_bytree': 0.8, 'clf__learning_rate': 0.1, 'clf__max_depth': 5, 'clf__min_child_weight': 3, 'clf__n_estimators': 300, 'clf__reg_alpha': 0.0, 'clf__reg_lambda': 1.0, 'clf__subsample': 1.0}",0.8148018648018648,0.8355178121765353,0.7834022131492984,0.7909153932106469,0.8389861547470243,0.812724687617074,0.022578568065655374,919,1.0,1.0,1.0,1.0,1.0,1.0,0.0
26.907280683517456,0.3680526250676078,0.019930219650268553,0.0009380321087687052,0.8,0.1,5,3,300,0.0,10.0,0.8,"{'clf__colsample_bytree': 0.8, 'clf__learning_rate': 0.1, 'clf__max_depth': 5, 'clf__min_child_weight': 3, 'clf__n_estimators': 300, 'clf__reg_alpha': 0.0, 'clf__reg_lambda': 10.0, 'clf__subsample': 0.8}",0.8279719685261985,0.8182268300955686,0.7964382229785073,0.7748992044829709,0.8432034395358595,0.8121479331238209,0.024025238152935936,983,1.0,1.0,1.0,1.0,1.0,1.0,0.0
28.452024602890013,0.6351721350730721,0.020860815048217775,0.0013715590758084748,0.8,0.1,5,3,300,0.0,10.0,1.0,"{'clf__colsample_bytree': 0.8, 'clf__learning_rate': 0.1, 'clf__max_depth': 5, 'clf__min_child_weight': 3, 'clf__n_estimators': 300, 'clf__reg_alpha': 0.0, 'clf__reg_lambda': 10.0, 'clf__subsample': 1.0}",0.8339508847959551,0.8296590909674276,0.7735818116224578,0.7924194949297548,0.8381185003326106,0.8135459565296411,0.025780862537185506,842,1.0,1.0,1.0,1.0,1.0,1.0,0.0
19.582162427902222,0.3387896542862195,0.017085933685302736,0.0011543254740397162,0.8,0.1,5,3,300,0.1,1.0,0.8,"{'clf__colsample_bytree': 0.8, 'clf__learning_rate': 0.1, 'clf__max_depth': 5, 'clf__min_child_weight': 3, 'clf__n_estimators': 300, 'clf__reg_alpha': 0.1, 'clf__reg_lambda': 1.0, 'clf__subsample': 0.8}",0.8214754924495751,0.8347910839834781,0.7738690476190476,0.816194553141522,0.8295936540109251,0.8151847662409096,0.0216314828583219,653,1.0,1.0,1.0,1.0,1.0,1.0,0.0
20.77048511505127,0.46434737022936023,0.018499374389648438,0.0009384594059974539,0.8,0.1,5,3,300,0.1,1.0,1.0,"{'clf__colsample_bytree': 0.8, 'clf__learning_rate': 0.1, 'clf__max_depth': 5, 'clf__min_child_weight': 3, 'clf__n_estimators': 300, 'clf__reg_alpha': 0.1, 'clf__reg_lambda': 1.0, 'clf__subsample': 1.0}",0.8138458517456032,0.8405190632628183,0.777824012932372,0.7971327598393297,0.8399326708996209,0.8138508717359489,0.0243675297589598,808,1.0,1.0,1.0,1.0,1.0,1.0,0.0
27.516054821014404,0.1973695893932946,0.019704627990722656,0.0006672083238608785,0.8,0.1,5,3,300,0.1,10.0,0.8,"{'clf__colsample_bytree': 0.8, 'clf__learning_rate': 0.1, 'clf__max_depth': 5, 'clf__min_child_weight': 3, 'clf__n_estimators': 300, 'clf__reg_alpha': 0.1, 'clf__reg_lambda': 10.0, 'clf__subsample': 0.8}",0.8225747988295209,0.8212524045209357,0.7912664493161677,0.7825949539414921,0.8434618160921976,0.8122300845400628,0.022278022330122858,973,1.0,1.0,1.0,1.0,1.0,1.0,0.0
29.098787307739258,0.6498957111454239,0.02027578353881836,0.002123766895091725,0.8,0.1,5,3,300,0.1,10.0,1.0,"{'clf__colsample_bytree': 0.8, 'clf__learning_rate': 0.1, 'clf__max_depth': 5, 'clf__min_child_weight': 3, 'clf__n_estimators': 300, 'clf__reg_alpha': 0.1, 'clf__reg_lambda': 10.0, 'clf__subsample': 1.0}",0.8190212771277127,0.8212524045209357,0.7833871523699507,0.7914432507189028,0.832116559453008,0.809444128838102,0.018698630375911376,1158,1.0,1.0,1.0,1.0,1.0,1.0,0.0
24.14165759086609,0.4140134744668158,0.02291736602783203,0.0005916836831735809,0.8,0.1,5,3,600,0.0,1.0,0.8,"{'clf__colsample_bytree': 0.8, 'clf__learning_rate': 0.1, 'clf__max_depth': 5, 'clf__min_child_weight': 3, 'clf__n_estimators': 600, 'clf__reg_alpha': 0.0, 'clf__reg_lambda': 1.0, 'clf__subsample': 0.8}",0.8148704236939531,0.8317836473160056,0.7952380952380953,0.8210585981255086,0.832904474270222,0.8191710477287568,0.013729742178404943,248,1.0,1.0,1.0,1.0,1.0,1.0,0.0
25.42936191558838,0.5382720498910304,0.024177122116088866,0.001143875716963711,0.8,0.1,5,3,600,0.0,1.0,1.0,"{'clf__colsample_bytree': 0.8, 'clf__learning_rate': 0.1, 'clf__max_depth': 5, 'clf__min_child_weight': 3, 'clf__n_estimators': 600, 'clf__reg_alpha': 0.0, 'clf__reg_lambda': 1.0, 'clf__subsample': 1.0}",0.8226018016780237,0.8351007336081963,0.7968364499666344,0.7945911401789673,0.8389861547470243,0.8176232560357691,0.018703963471687034,392,1.0,1.0,1.0,1.0,1.0,1.0,0.0
37.13439726829529,0.6096244049873969,0.025786781311035158,0.0012718997669620604,0.8,0.1,5,3,600,0.0,10.0,0.8,"{'clf__colsample_bytree': 0.8, 'clf__learning_rate': 0.1, 'clf__max_depth': 5, 'clf__min_child_weight': 3, 'clf__n_estimators': 600, 'clf__reg_alpha': 0.0, 'clf__reg_lambda': 10.0, 'clf__subsample': 0.8}",0.8251831816321833,0.8178510439767182,0.7908581198675538,0.7824745002846374,0.841439517250965,0.8115612726024114,0.021874587949783725,1037,1.0,1.0,1.0,1.0,1.0,1.0,0.0
39.03795709609985,0.9701358680717802,0.026820564270019533,0.0006735364036108539,0.8,0.1,5,3,600,0.0,10.0,1.0,"{'clf__colsample_bytree': 0.8, 'clf__learning_rate': 0.1, 'clf__max_depth': 5, 'clf__min_child_weight': 3, 'clf__n_estimators': 600, 'clf__reg_alpha': 0.0, 'clf__reg_lambda': 10.0, 'clf__subsample': 1.0}",0.8311593308652132,0.8242596686626538,0.7785295213810992,0.8018957506450756,0.8318325779593385,0.813535369902676,0.020597536618482196,843,1.0,1.0,1.0,1.0,1.0,1.0,0.0
25.116048431396486,0.32082794303599876,0.023679161071777345,0.0007228381008258739,0.8,0.1,5,3,600,0.1,1.0,0.8,"{'clf__colsample_bytree': 0.8, 'clf__learning_rate': 0.1, 'clf__max_depth': 5, 'clf__min_child_weight': 3, 'clf__n_estimators': 600, 'clf__reg_alpha': 0.1, 'clf__reg_lambda': 1.0, 'clf__subsample': 0.8}",0.8196113637290108,0.8403507946548924,0.7852976190476191,0.8173191282261866,0.8353914576284962,0.8195940726572409,0.01929674211549878,226,1.0,1.0,1.0,1.0,1.0,1.0,0.0
26.558891534805298,0.6608695614049973,0.023712778091430665,0.0015037511521197023,0.8,0.1,5,3,600,0.1,1.0,1.0,"{'clf__colsample_bytree': 0.8, 'clf__learning_rate': 0.1, 'clf__max_depth': 5, 'clf__min_child_weight': 3, 'clf__n_estimators': 600, 'clf__reg_alpha': 0.1, 'clf__reg_lambda': 1.0, 'clf__subsample': 1.0}",0.8236839565335428,0.8401160464185674,0.7793829636128169,0.8006322074657047,0.834066323360355,0.8155762994781973,0.022552595030857697,610,1.0,1.0,1.0,1.0,1.0,1.0,0.0
37.23414912223816,0.42898278931333805,0.02619161605834961,0.0008903691397899586,0.8,0.1,5,3,600,0.1,10.0,0.8,"{'clf__colsample_bytree': 0.8, 'clf__learning_rate': 0.1, 'clf__max_depth': 5, 'clf__min_child_weight': 3, 'clf__n_estimators': 600, 'clf__reg_alpha': 0.1, 'clf__reg_lambda': 10.0, 'clf__subsample': 0.8}",0.8236839565335428,0.81871605269124,0.8036811626076581,0.7986509285107416,0.8383789633789633,0.8166222127444293,0.014269172540057525,494,1.0,1.0,1.0,1.0,1.0,1.0,0.0
39.76150183677673,1.1446301363362286,0.027884817123413085,0.0014172182385645928,0.8,0.1,5,3,600,0.1,10.0,1.0,"{'clf__colsample_bytree': 0.8, 'clf__learning_rate': 0.1, 'clf__max_depth': 5, 'clf__min_child_weight': 3, 'clf__n_estimators': 600, 'clf__reg_alpha': 0.1, 'clf__reg_lambda': 10.0, 'clf__subsample': 1.0}",0.8247614448759242,0.8349811886754965,0.7913529189257344,0.8045219803670508,0.8273606346266607,0.8165956334941733,0.01614659160843562,498,1.0,1.0,1.0,1.0,1.0,1.0,0.0
30.134053421020507,1.2724772772991557,0.029838943481445314,0.0012900076902193844,0.8,0.1,5,3,1000,0.0,1.0,0.8,"{'clf__colsample_bytree': 0.8, 'clf__learning_rate': 0.1, 'clf__max_depth': 5, 'clf__min_child_weight': 3, 'clf__n_estimators': 1000, 'clf__reg_alpha': 0.0, 'clf__reg_lambda': 1.0, 'clf__subsample': 0.8}",0.8148704236939531,0.830105485363342,0.7970561017929438,0.8177877242221909,0.8356896511030996,0.819101877235106,0.013430428480089546,253,1.0,1.0,1.0,1.0,1.0,1.0,0.0
29.992657136917114,0.5042495090398981,0.029836416244506836,0.0015143326648618181,0.8,0.1,5,3,1000,0.0,1.0,1.0,"{'clf__colsample_bytree': 0.8, 'clf__learning_rate': 0.1, 'clf__max_depth': 5, 'clf__min_child_weight': 3, 'clf__n_estimators': 1000, 'clf__reg_alpha': 0.0, 'clf__reg_lambda': 1.0, 'clf__subsample': 1.0}",0.8198451548451549,0.8409530882591574,0.8023218877236507,0.7983733584301508,0.8411742898197792,0.8205335558155784,0.018254918812168276,160,1.0,1.0,1.0,1.0,1.0,1.0,0.0
45.00030355453491,0.7118665730726589,0.03637194633483887,0.00222396318437486,0.8,0.1,5,3,1000,0.0,10.0,0.8,"{'clf__colsample_bytree': 0.8, 'clf__learning_rate': 0.1, 'clf__max_depth': 5, 'clf__min_child_weight': 3, 'clf__n_estimators': 1000, 'clf__reg_alpha': 0.0, 'clf__reg_lambda': 10.0, 'clf__subsample': 0.8}",0.8286718723972212,0.8183402665723896,0.8110381529915974,0.7867769993383451,0.8367392799271639,0.8163133142453434,0.017171393617891148,529,1.0,1.0,1.0,1.0,1.0,1.0,0.0
48.17689638137817,1.036285385382307,0.03578052520751953,0.0011049860919255883,0.8,0.1,5,3,1000,0.0,10.0,1.0,"{'clf__colsample_bytree': 0.8, 'clf__learning_rate': 0.1, 'clf__max_depth': 5, 'clf__min_child_weight': 3, 'clf__n_estimators': 1000, 'clf__reg_alpha': 0.0, 'clf__reg_lambda': 10.0, 'clf__subsample': 1.0}",0.8311593308652132,0.8343788950712316,0.7783462667363596,0.8024056779109748,0.833174836435706,0.8158930014038971,0.022204126108294808,568,1.0,1.0,1.0,1.0,1.0,1.0,0.0
29.819147396087647,0.3804959262150212,0.02891368865966797,0.0008878603068018828,0.8,0.1,5,3,1000,0.1,1.0,0.8,"{'clf__colsample_bytree': 0.8, 'clf__learning_rate': 0.1, 'clf__max_depth': 5, 'clf__min_child_weight': 3, 'clf__n_estimators': 1000, 'clf__reg_alpha': 0.1, 'clf__reg_lambda': 1.0, 'clf__subsample': 0.8}",0.8246856489543642,0.8409530882591574,0.7966287878787879,0.8253896170694281,0.8336966769032843,0.8242707638130045,0.015050917462732695,31,1.0,1.0,1.0,1.0,1.0,1.0,0.0
32.259668827056885,1.0464091286961896,0.03119802474975586,0.001869822473243413,0.8,0.1,5,3,1000,0.1,1.0,1.0,"{'clf__colsample_bytree': 0.8, 'clf__learning_rate': 0.1, 'clf__max_depth': 5, 'clf__min_child_weight': 3, 'clf__n_estimators': 1000, 'clf__reg_alpha': 0.1, 'clf__reg_lambda': 1.0, 'clf__subsample': 1.0}",0.8286718723972212,0.8401160464185674,0.7777677224736048,0.8048046344679031,0.8381185003326106,0.8178957552179813,0.023666271007058533,356,1.0,1.0,1.0,1.0,1.0,1.0,0.0
46.99127616882324,0.5883168294775556,0.03497014045715332,0.0008882630630968052,0.8,0.1,5,3,1000,0.1,10.0,0.8,"{'clf__colsample_bytree': 0.8, 'clf__learning_rate': 0.1, 'clf__max_depth': 5, 'clf__min_child_weight': 3, 'clf__n_estimators': 1000, 'clf__reg_alpha': 0.1, 'clf__reg_lambda': 10.0, 'clf__subsample': 0.8}",0.8225747988295209,0.8183402665723896,0.8045001734273021,0.8096482127841642,0.8399271638276242,0.8189981230882001,0.012238149352658444,263,1.0,1.0,1.0,1.0,1.0,1.0,0.0
50.24971008300781,0.8894511775351125,0.03461756706237793,0.002312438981790492,0.8,0.1,5,3,1000,0.1,10.0,1.0,"{'clf__colsample_bytree': 0.8, 'clf__learning_rate': 0.1, 'clf__max_depth': 5, 'clf__min_child_weight': 3, 'clf__n_estimators': 1000, 'clf__reg_alpha': 0.1, 'clf__reg_lambda': 10.0, 'clf__subsample': 1.0}",0.8247614448759242,0.8319687200534964,0.787403980255558,0.8090209409694602,0.8242816305869041,0.8154873433482684,0.015908952621729654,619,1.0,1.0,1.0,1.0,1.0,1.0,0.0
15.871529245376587,0.2258303473878456,0.01555628776550293,0.001070500613851243,0.8,0.1,5,5,300,0.0,1.0,0.8,"{'clf__colsample_bytree': 0.8, 'clf__learning_rate': 0.1, 'clf__max_depth': 5, 'clf__min_child_weight': 5, 'clf__n_estimators': 300, 'clf__reg_alpha': 0.0, 'clf__reg_lambda': 1.0, 'clf__subsample': 0.8}",0.8237477328198124,0.8254772073564021,0.7986598225484276,0.7927147018724837,0.8288578239159634,0.8138914577026177,0.015071997669966945,805,1.0,1.0,1.0,1.0,1.0,1.0,0.0
17.10862030982971,0.21992595164017048,0.015100908279418946,0.0010600560997655933,0.8,0.1,5,5,300,0.0,1.0,1.0,"{'clf__colsample_bytree': 0.8, 'clf__learning_rate': 0.1, 'clf__max_depth': 5, 'clf__min_child_weight': 5, 'clf__n_estimators': 300, 'clf__reg_alpha': 0.0, 'clf__reg_lambda': 1.0, 'clf__subsample': 1.0}",0.8210215258644904,0.8554957573106756,0.7888238153401356,0.8094465627066784,0.833174836435706,0.8215924995315372,0.022384002645273782,106,1.0,1.0,1.0,1.0,1.0,1.0,0.0
21.44591121673584,0.2532129677885573,0.017977237701416016,0.0009691189180386908,0.8,0.1,5,5,300,0.0,10.0,0.8,"{'clf__colsample_bytree': 0.8, 'clf__learning_rate': 0.1, 'clf__max_depth': 5, 'clf__min_child_weight': 5, 'clf__n_estimators': 300, 'clf__reg_alpha': 0.0, 'clf__reg_lambda': 10.0, 'clf__subsample': 0.8}",0.8293957088710262,0.8190718106051682,0.7868379238978751,0.798625670253076,0.8365243163724472,0.8140910859999184,0.018677274172373522,776,1.0,1.0,1.0,1.0,1.0,1.0,0.0
23.149183893203734,0.6124273728772891,0.018569135665893556,0.001042356240190796,0.8,0.1,5,5,300,0.0,10.0,1.0,"{'clf__colsample_bytree': 0.8, 'clf__learning_rate': 0.1, 'clf__max_depth': 5, 'clf__min_child_weight': 5, 'clf__n_estimators': 300, 'clf__reg_alpha': 0.0, 'clf__reg_lambda': 10.0, 'clf__subsample': 1.0}",0.818663901458019,0.8208812902842753,0.7881292469140766,0.8018752794720528,0.8301283387428162,0.811935611374248,0.014994823470201753,1007,1.0,1.0,1.0,1.0,1.0,1.0,0.0
16.419866371154786,0.33985363202443564,0.017086124420166014,0.0006984290127772664,0.8,0.1,5,5,300,0.1,1.0,0.8,"{'clf__colsample_bytree': 0.8, 'clf__learning_rate': 0.1, 'clf__max_depth': 5, 'clf__min_child_weight': 5, 'clf__n_estimators': 300, 'clf__reg_alpha': 0.1, 'clf__reg_lambda': 1.0, 'clf__subsample': 0.8}",0.8220718014379986,0.8235552903894681,0.8009695553391643,0.8060243022454647,0.8371688991255065,0.8179579697075205,0.01302560602253875,352,1.0,1.0,1.0,1.0,1.0,1.0,0.0
17.79163475036621,0.4420302913142281,0.016585922241210936,0.0008041539611390563,0.8,0.1,5,5,300,0.1,1.0,1.0,"{'clf__colsample_bytree': 0.8, 'clf__learning_rate': 0.1, 'clf__max_depth': 5, 'clf__min_child_weight': 5, 'clf__n_estimators': 300, 'clf__reg_alpha': 0.1, 'clf__reg_lambda': 1.0, 'clf__subsample': 1.0}",0.8240576820839978,0.8335132077779137,0.7800361416061996,0.7994488594778569,0.8270435601646269,0.812819890222119,0.020051796829736086,914,1.0,1.0,1.0,1.0,1.0,1.0,0.0
21.830154371261596,0.3975181361594316,0.017614412307739257,0.0004478649290733,0.8,0.1,5,5,300,0.1,10.0,0.8,"{'clf__colsample_bytree': 0.8, 'clf__learning_rate': 0.1, 'clf__max_depth': 5, 'clf__min_child_weight': 5, 'clf__n_estimators': 300, 'clf__reg_alpha': 0.1, 'clf__reg_lambda': 10.0, 'clf__subsample': 0.8}",0.8150131463163887,0.8265557797122363,0.7861755380381208,0.8089612751205026,0.8339809075762024,0.81413732935269,0.016476685785273282,769,1.0,1.0,1.0,1.0,1.0,1.0,0.0
23.45144658088684,0.40571684377959355,0.01850471496582031,0.00036345229496191877,0.8,0.1,5,5,300,0.1,10.0,1.0,"{'clf__colsample_bytree': 0.8, 'clf__learning_rate': 0.1, 'clf__max_depth': 5, 'clf__min_child_weight': 5, 'clf__n_estimators': 300, 'clf__reg_alpha': 0.1, 'clf__reg_lambda': 10.0, 'clf__subsample': 1.0}",0.8245553053757387,0.8371016820003047,0.787403980255558,0.794785501286326,0.8187556639129087,0.8125204265661672,0.01861890470143102,938,1.0,1.0,1.0,1.0,1.0,1.0,0.0
20.971675539016722,0.2282844933584385,0.022945737838745116,0.0009936610064309056,0.8,0.1,5,5,600,0.0,1.0,0.8,"{'clf__colsample_bytree': 0.8, 'clf__learning_rate': 0.1, 'clf__max_depth': 5, 'clf__min_child_weight': 5, 'clf__n_estimators': 600, 'clf__reg_alpha': 0.0, 'clf__reg_lambda': 1.0, 'clf__subsample': 0.8}",0.8289778749337573,0.8194529408815123,0.8009695553391643,0.7874550120745443,0.8411996987019391,0.8156110163861836,0.01926316128938211,606,1.0,1.0,1.0,1.0,1.0,1.0,0.0
22.10418829917908,0.4638707225498448,0.02178797721862793,0.000949543238137262,0.8,0.1,5,5,600,0.0,1.0,1.0,"{'clf__colsample_bytree': 0.8, 'clf__learning_rate': 0.1, 'clf__max_depth': 5, 'clf__min_child_weight': 5, 'clf__n_estimators': 600, 'clf__reg_alpha': 0.0, 'clf__reg_lambda': 1.0, 'clf__subsample': 1.0}",0.8191380217115511,0.8444889391508743,0.7873463029272401,0.8159785738308711,0.8362265220455312,0.8206356719332135,0.01971885682243795,147,1.0,1.0,1.0,1.0,1.0,1.0,0.0
30.153534507751466,0.37664323410737394,0.0237060546875,0.0014880556555209115,0.8,0.1,5,5,600,0.0,10.0,0.8,"{'clf__colsample_bytree': 0.8, 'clf__learning_rate': 0.1, 'clf__max_depth': 5, 'clf__min_child_weight': 5, 'clf__n_estimators': 600, 'clf__reg_alpha': 0.0, 'clf__reg_lambda': 10.0, 'clf__subsample': 0.8}",0.8197427395077722,0.8250032153588926,0.7859905794688403,0.7943346870587088,0.8360331255014151,0.8122208693791257,0.0189469473392893,975,1.0,1.0,1.0,1.0,1.0,1.0,0.0
31.55061454772949,0.6581677650507811,0.024503135681152345,0.0007259277280779639,0.8,0.1,5,5,600,0.0,10.0,1.0,"{'clf__colsample_bytree': 0.8, 'clf__learning_rate': 0.1, 'clf__max_depth': 5, 'clf__min_child_weight': 5, 'clf__n_estimators': 600, 'clf__reg_alpha': 0.0, 'clf__reg_lambda': 10.0, 'clf__subsample': 1.0}",0.812767409234399,0.8267271069849635,0.791609538552263,0.7960932857991682,0.8329868384779318,0.8120368358097452,0.016289331948932687,993,1.0,1.0,1.0,1.0,1.0,1.0,0.0
21.530423069000243,0.5472041940993918,0.022180700302124025,0.000690859746854586,0.8,0.1,5,5,600,0.1,1.0,0.8,"{'clf__colsample_bytree': 0.8, 'clf__learning_rate': 0.1, 'clf__max_depth': 5, 'clf__min_child_weight': 5, 'clf__n_estimators': 600, 'clf__reg_alpha': 0.1, 'clf__reg_lambda': 1.0, 'clf__subsample': 0.8}",0.803931893189319,0.8256757957566583,0.8100542176270331,0.8093514495434123,0.8411996987019391,0.8180426109636724,0.013660009470296764,341,1.0,1.0,1.0,1.0,1.0,1.0,0.0
23.281844043731688,0.9019555447061615,0.022255706787109374,0.0009194009933129319,0.8,0.1,5,5,600,0.1,1.0,1.0,"{'clf__colsample_bytree': 0.8, 'clf__learning_rate': 0.1, 'clf__max_depth': 5, 'clf__min_child_weight': 5, 'clf__n_estimators': 600, 'clf__reg_alpha': 0.1, 'clf__reg_lambda': 1.0, 'clf__subsample': 1.0}",0.8242096709670967,0.8275187008134701,0.7800361416061996,0.8051738090857085,0.833193586721295,0.814026381838754,0.01942590161207934,783,1.0,1.0,1.0,1.0,1.0,1.0,0.0
29.833559274673462,0.3104671582931052,0.023583316802978517,0.0003083771782639238,0.8,0.1,5,5,600,0.1,10.0,0.8,"{'clf__colsample_bytree': 0.8, 'clf__learning_rate': 0.1, 'clf__max_depth': 5, 'clf__min_child_weight': 5, 'clf__n_estimators': 600, 'clf__reg_alpha': 0.1, 'clf__reg_lambda': 10.0, 'clf__subsample': 0.8}",0.8144425784960694,0.8278912231091097,0.7852791422925259,0.811910782092034,0.8367392799271639,0.8152526011833805,0.01750225275268913,644,1.0,1.0,1.0,1.0,1.0,1.0,0.0
32.062430238723756,0.45586345146869217,0.02509169578552246,0.0021225410564694046,0.8,0.1,5,5,600,0.1,10.0,1.0,"{'clf__colsample_bytree': 0.8, 'clf__learning_rate': 0.1, 'clf__max_depth': 5, 'clf__min_child_weight': 5, 'clf__n_estimators': 600, 'clf__reg_alpha': 0.1, 'clf__reg_lambda': 10.0, 'clf__subsample': 1.0}",0.8088234036287746,0.8369973881587938,0.7791928573662319,0.7933370504599945,0.824343307596973,0.8085388014421536,0.02074623935917825,1192,1.0,1.0,1.0,1.0,1.0,1.0,0.0
25.916945886611938,0.46617570997120744,0.026346874237060548,0.0014897394268744894,0.8,0.1,5,5,1000,0.0,1.0,0.8,"{'clf__colsample_bytree': 0.8, 'clf__learning_rate': 0.1, 'clf__max_depth': 5, 'clf__min_child_weight': 5, 'clf__n_estimators': 1000, 'clf__reg_alpha': 0.0, 'clf__reg_lambda': 1.0, 'clf__subsample': 0.8}",0.8245842947696291,0.8078655578655578,0.8035607111335266,0.7975493709189361,0.8322001773614677,0.8131520224098235,0.013091308195083584,884,1.0,1.0,1.0,1.0,1.0,1.0,0.0
27.650665044784546,0.9571356157668109,0.02893819808959961,0.0017438166681740788,0.8,0.1,5,5,1000,0.0,1.0,1.0,"{'clf__colsample_bytree': 0.8, 'clf__learning_rate': 0.1, 'clf__max_depth': 5, 'clf__min_child_weight': 5, 'clf__n_estimators': 1000, 'clf__reg_alpha': 0.0, 'clf__reg_lambda': 1.0, 'clf__subsample': 1.0}",0.8191380217115511,0.8362637141945181,0.7920841426247888,0.8089655580542076,0.8308043016651935,0.8174511476500518,0.01581489867803297,403,1.0,1.0,1.0,1.0,1.0,1.0,0.0
36.886926078796385,1.0844546245646354,0.033217573165893556,0.0028778663213171623,0.8,0.1,5,5,1000,0.0,10.0,0.8,"{'clf__colsample_bytree': 0.8, 'clf__learning_rate': 0.1, 'clf__max_depth': 5, 'clf__min_child_weight': 5, 'clf__n_estimators': 1000, 'clf__reg_alpha': 0.0, 'clf__reg_lambda': 10.0, 'clf__subsample': 0.8}",0.8190212771277127,0.8183131688792643,0.790943584924664,0.7978448702513239,0.8360331255014151,0.812431205336876,0.01618367188856077,946,1.0,1.0,1.0,1.0,1.0,1.0,0.0
40.19193859100342,1.1966174785340788,0.03463554382324219,0.0032915431929259236,0.8,0.1,5,5,1000,0.0,10.0,1.0,"{'clf__colsample_bytree': 0.8, 'clf__learning_rate': 0.1, 'clf__max_depth': 5, 'clf__min_child_weight': 5, 'clf__n_estimators': 1000, 'clf__reg_alpha': 0.0, 'clf__reg_lambda': 10.0, 'clf__subsample': 1.0}",0.8183105822231804,0.8267271069849635,0.7808693297458892,0.7988974585267896,0.8360325367174681,0.8121674028396582,0.01987424994404713,981,1.0,1.0,1.0,1.0,1.0,1.0,0.0
27.564294815063477,1.8931721117591929,0.029500389099121095,0.001214141529439655,0.8,0.1,5,5,1000,0.1,1.0,0.8,"{'clf__colsample_bytree': 0.8, 'clf__learning_rate': 0.1, 'clf__max_depth': 5, 'clf__min_child_weight': 5, 'clf__n_estimators': 1000, 'clf__reg_alpha': 0.1, 'clf__reg_lambda': 1.0, 'clf__subsample': 0.8}",0.803931893189319,0.8240040705555214,0.8088659322282215,0.817990832696715,0.8352182539682539,0.8180021965276062,0.01108025285057091,345,1.0,1.0,1.0,1.0,1.0,1.0,0.0
29.52690052986145,1.3395510481850308,0.02924060821533203,0.000977859274035352,0.8,0.1,5,5,1000,0.1,1.0,1.0,"{'clf__colsample_bytree': 0.8, 'clf__learning_rate': 0.1, 'clf__max_depth': 5, 'clf__min_child_weight': 5, 'clf__n_estimators': 1000, 'clf__reg_alpha': 0.1, 'clf__reg_lambda': 1.0, 'clf__subsample': 1.0}",0.8242096709670967,0.833536591554769,0.782594509450945,0.8083104959977028,0.8304204011950491,0.8158143338331125,0.01874972865067479,583,1.0,1.0,1.0,1.0,1.0,1.0,0.0
39.36887559890747,1.0178997589048804,0.0348785400390625,0.0034070298098274527,0.8,0.1,5,5,1000,0.1,10.0,0.8,"{'clf__colsample_bytree': 0.8, 'clf__learning_rate': 0.1, 'clf__max_depth': 5, 'clf__min_child_weight': 5, 'clf__n_estimators': 1000, 'clf__reg_alpha': 0.1, 'clf__reg_lambda': 10.0, 'clf__subsample': 0.8}",0.8179027889694691,0.8298670379903821,0.8030144053161956,0.812624881936163,0.8320869406038679,0.8190992109632156,0.010832327125283077,254,1.0,1.0,1.0,1.0,1.0,1.0,0.0
42.971505355834964,1.4073811030352377,0.03861255645751953,0.003318930091853499,0.8,0.1,5,5,1000,0.1,10.0,1.0,"{'clf__colsample_bytree': 0.8, 'clf__learning_rate': 0.1, 'clf__max_depth': 5, 'clf__min_child_weight': 5, 'clf__n_estimators': 1000, 'clf__reg_alpha': 0.1, 'clf__reg_lambda': 10.0, 'clf__subsample': 1.0}",0.8088234036287746,0.8329518189338695,0.779360165118679,0.7963185759767312,0.8357314584522303,0.810637084422057,0.021513855012655073,1105,1.0,1.0,1.0,1.0,1.0,1.0,0.0
30.37026491165161,0.6032187720717181,0.020101213455200197,0.002974352730774943,0.8,0.1,7,1,300,0.0,1.0,0.8,"{'clf__colsample_bytree': 0.8, 'clf__learning_rate': 0.1, 'clf__max_depth': 7, 'clf__min_child_weight': 1, 'clf__n_estimators': 300, 'clf__reg_alpha': 0.0, 'clf__reg_lambda': 1.0, 'clf__subsample': 0.8}",0.8309905226395602,0.8304903779693695,0.7778001642020478,0.808705820323304,0.8453716454585958,0.8186717061185755,0.02355471427920142,293,1.0,1.0,1.0,1.0,1.0,1.0,0.0
32.33028211593628,0.6417826153139786,0.023721599578857423,0.0037761546617686137,0.8,0.1,7,1,300,0.0,1.0,1.0,"{'clf__colsample_bytree': 0.8, 'clf__learning_rate': 0.1, 'clf__max_depth': 7, 'clf__min_child_weight': 1, 'clf__n_estimators': 300, 'clf__reg_alpha': 0.0, 'clf__reg_lambda': 1.0, 'clf__subsample': 1.0}",0.8160588018792353,0.8347119849340748,0.7652809909388857,0.7867582036151977,0.8370840460506362,0.807978805483606,0.027930204311110506,1207,1.0,1.0,1.0,1.0,1.0,1.0,0.0
50.800061511993405,0.4074789068732344,0.025595617294311524,0.0030595358783612097,0.8,0.1,7,1,300,0.0,10.0,0.8,"{'clf__colsample_bytree': 0.8, 'clf__learning_rate': 0.1, 'clf__max_depth': 7, 'clf__min_child_weight': 1, 'clf__n_estimators': 300, 'clf__reg_alpha': 0.0, 'clf__reg_lambda': 10.0, 'clf__subsample': 0.8}",0.8314295992674312,0.8260734794285634,0.789314619776635,0.7769763234376246,0.8395216053008765,0.8126631254422261,0.024787483245865365,927,1.0,1.0,1.0,1.0,1.0,1.0,0.0
55.495117330551146,0.9629018102382345,0.029392814636230467,0.0016257855639827488,0.8,0.1,7,1,300,0.0,10.0,1.0,"{'clf__colsample_bytree': 0.8, 'clf__learning_rate': 0.1, 'clf__max_depth': 7, 'clf__min_child_weight': 1, 'clf__n_estimators': 300, 'clf__reg_alpha': 0.0, 'clf__reg_lambda': 10.0, 'clf__subsample': 1.0}",0.8294402664195434,0.8303782484975145,0.7824784600512755,0.7970440023838082,0.8371977043979933,0.815307736350027,0.02152832926347476,638,1.0,1.0,1.0,1.0,1.0,1.0,0.0
34.07389497756958,0.46577172561441643,0.023795080184936524,0.002470793410398968,0.8,0.1,7,1,300,0.1,1.0,0.8,"{'clf__colsample_bytree': 0.8, 'clf__learning_rate': 0.1, 'clf__max_depth': 7, 'clf__min_child_weight': 1, 'clf__n_estimators': 300, 'clf__reg_alpha': 0.1, 'clf__reg_lambda': 1.0, 'clf__subsample': 0.8}",0.836836784847456,0.8349384148738422,0.7779808814937371,0.7913819568231333,0.8318948142305331,0.8146065704537403,0.02484863566671414,729,1.0,1.0,1.0,1.0,1.0,1.0,0.0
36.66685075759888,0.6695941438314156,0.022467803955078126,0.0012327633009863582,0.8,0.1,7,1,300,0.1,1.0,1.0,"{'clf__colsample_bytree': 0.8, 'clf__learning_rate': 0.1, 'clf__max_depth': 7, 'clf__min_child_weight': 1, 'clf__n_estimators': 300, 'clf__reg_alpha': 0.1, 'clf__reg_lambda': 1.0, 'clf__subsample': 1.0}",0.8192375318603733,0.8321886167523751,0.7831978533569359,0.7954234433748989,0.8381510903299895,0.8136397071349146,0.02114116516469123,836,1.0,1.0,1.0,1.0,1.0,1.0,0.0
53.177487230300905,0.7526522501937122,0.027886152267456055,0.0007558819112408704,0.8,0.1,7,1,300,0.1,10.0,0.8,"{'clf__colsample_bytree': 0.8, 'clf__learning_rate': 0.1, 'clf__max_depth': 7, 'clf__min_child_weight': 1, 'clf__n_estimators': 300, 'clf__reg_alpha': 0.1, 'clf__reg_lambda': 10.0, 'clf__subsample': 0.8}",0.8264416834037529,0.8230961416824794,0.7839736710669475,0.78555527919413,0.8409990396337519,0.8120131629962124,0.023053973128697457,997,1.0,1.0,1.0,1.0,1.0,1.0,0.0
58.31219325065613,0.7981624533466961,0.029539155960083007,0.002249773796161914,0.8,0.1,7,1,300,0.1,10.0,1.0,"{'clf__colsample_bytree': 0.8, 'clf__learning_rate': 0.1, 'clf__max_depth': 7, 'clf__min_child_weight': 1, 'clf__n_estimators': 300, 'clf__reg_alpha': 0.1, 'clf__reg_lambda': 10.0, 'clf__subsample': 1.0}",0.821193009118541,0.8347564917229746,0.7850740684781763,0.7970440023838082,0.8278953604535,0.8131925864314,0.01895578095025239,881,1.0,1.0,1.0,1.0,1.0,1.0,0.0
40.158517026901244,0.6699529736968671,0.029212331771850585,0.0023653460519785087,0.8,0.1,7,1,600,0.0,1.0,0.8,"{'clf__colsample_bytree': 0.8, 'clf__learning_rate': 0.1, 'clf__max_depth': 7, 'clf__min_child_weight': 1, 'clf__n_estimators': 600, 'clf__reg_alpha': 0.0, 'clf__reg_lambda': 1.0, 'clf__subsample': 0.8}",0.8352989648218206,0.8291141741969793,0.770952380952381,0.8154972616447347,0.8377015806586399,0.817712872454911,0.024618128599165866,380,1.0,1.0,1.0,1.0,1.0,1.0,0.0
42.03622498512268,0.35563187035304716,0.02888598442077637,0.0006108879288157762,0.8,0.1,7,1,600,0.0,1.0,1.0,"{'clf__colsample_bytree': 0.8, 'clf__learning_rate': 0.1, 'clf__max_depth': 7, 'clf__min_child_weight': 1, 'clf__n_estimators': 600, 'clf__reg_alpha': 0.0, 'clf__reg_lambda': 1.0, 'clf__subsample': 1.0}",0.8143810166241672,0.8347119849340748,0.768403411680686,0.7941631484821338,0.8401170573650182,0.8103553238172161,0.026523059405358918,1117,1.0,1.0,1.0,1.0,1.0,1.0,0.0
71.08955121040344,0.8175933369651591,0.03597359657287598,0.0008285975218840693,0.8,0.1,7,1,600,0.0,10.0,0.8,"{'clf__colsample_bytree': 0.8, 'clf__learning_rate': 0.1, 'clf__max_depth': 7, 'clf__min_child_weight': 1, 'clf__n_estimators': 600, 'clf__reg_alpha': 0.0, 'clf__reg_lambda': 10.0, 'clf__subsample': 0.8}",0.8351697321073739,0.829384737706709,0.7901447151492947,0.7754042732052627,0.8434618160921976,0.8147130548521677,0.026866368661447242,717,1.0,1.0,1.0,1.0,1.0,1.0,0.0
75.75508136749268,1.0829644248337087,0.03717479705810547,0.0012513566106888826,0.8,0.1,7,1,600,0.0,10.0,1.0,"{'clf__colsample_bytree': 0.8, 'clf__learning_rate': 0.1, 'clf__max_depth': 7, 'clf__min_child_weight': 1, 'clf__n_estimators': 600, 'clf__reg_alpha': 0.0, 'clf__reg_lambda': 10.0, 'clf__subsample': 1.0}",0.82468446476055,0.8284140275880807,0.781584131751917,0.7923373329431275,0.843154141873307,0.8140348197833964,0.023203187553031177,780,1.0,1.0,1.0,1.0,1.0,1.0,0.0
43.64454870223999,1.2446793107354819,0.030375957489013672,0.0014434814027827582,0.8,0.1,7,1,600,0.1,1.0,0.8,"{'clf__colsample_bytree': 0.8, 'clf__learning_rate': 0.1, 'clf__max_depth': 7, 'clf__min_child_weight': 1, 'clf__n_estimators': 600, 'clf__reg_alpha': 0.1, 'clf__reg_lambda': 1.0, 'clf__subsample': 0.8}",0.8267117381882549,0.8387537282014585,0.7771901680352383,0.8052879827266135,0.834907100365128,0.8165701435033388,0.022844154523304055,503,1.0,1.0,1.0,1.0,1.0,1.0,0.0
46.65042986869812,0.7003774324735377,0.031768083572387695,0.001906733485206978,0.8,0.1,7,1,600,0.1,1.0,1.0,"{'clf__colsample_bytree': 0.8, 'clf__learning_rate': 0.1, 'clf__max_depth': 7, 'clf__min_child_weight': 1, 'clf__n_estimators': 600, 'clf__reg_alpha': 0.1, 'clf__reg_lambda': 1.0, 'clf__subsample': 1.0}",0.8193377824869396,0.8321886167523751,0.7872661122661123,0.7983949068396107,0.8276964022694573,0.8129767641228989,0.017319894710887015,898,1.0,1.0,1.0,1.0,1.0,1.0,0.0
73.27437701225281,1.0789700736071293,0.038138198852539065,0.000886559406563654,0.8,0.1,7,1,600,0.1,10.0,0.8,"{'clf__colsample_bytree': 0.8, 'clf__learning_rate': 0.1, 'clf__max_depth': 7, 'clf__min_child_weight': 1, 'clf__n_estimators': 600, 'clf__reg_alpha': 0.1, 'clf__reg_lambda': 10.0, 'clf__subsample': 0.8}",0.8264416834037529,0.8387537282014585,0.7798647501159213,0.7918375670867849,0.8409990396337519,0.8155793536883339,0.025061554675848814,608,1.0,1.0,1.0,1.0,1.0,1.0,0.0
77.74133658409119,0.6535788364196902,0.03517627716064453,0.0006755668754285248,0.8,0.1,7,1,600,0.1,10.0,1.0,"{'clf__colsample_bytree': 0.8, 'clf__learning_rate': 0.1, 'clf__max_depth': 7, 'clf__min_child_weight': 1, 'clf__n_estimators': 600, 'clf__reg_alpha': 0.1, 'clf__reg_lambda': 10.0, 'clf__subsample': 1.0}",0.8259963082015743,0.8358488683711196,0.781108536477926,0.7933718831593634,0.8437815334482907,0.8160214259316547,0.02447513414519469,556,1.0,1.0,1.0,1.0,1.0,1.0,0.0
46.842293643951415,1.4794241478237236,0.0333916187286377,0.001463493148906531,0.8,0.1,7,1,1000,0.0,1.0,0.8,"{'clf__colsample_bytree': 0.8, 'clf__learning_rate': 0.1, 'clf__max_depth': 7, 'clf__min_child_weight': 1, 'clf__n_estimators': 1000, 'clf__reg_alpha': 0.0, 'clf__reg_lambda': 1.0, 'clf__subsample': 0.8}",0.8346691897748235,0.8347119849340748,0.7860408390589598,0.8154972616447347,0.8377015806586399,0.8217241712142467,0.019512093787186595,98,1.0,1.0,1.0,1.0,1.0,1.0,0.0
47.69918975830078,1.2200113548029465,0.03949284553527832,0.0032395641516670855,0.8,0.1,7,1,1000,0.0,1.0,1.0,"{'clf__colsample_bytree': 0.8, 'clf__learning_rate': 0.1, 'clf__max_depth': 7, 'clf__min_child_weight': 1, 'clf__n_estimators': 1000, 'clf__reg_alpha': 0.0, 'clf__reg_lambda': 1.0, 'clf__subsample': 1.0}",0.8183212453181493,0.8284629069560576,0.7741679811416653,0.8025320112314381,0.8401170573650182,0.8127202404024656,0.022890456936094764,921,1.0,1.0,1.0,1.0,1.0,1.0,0.0
85.93665766716003,0.9399725727918308,0.05020065307617187,0.0027895362003591533,0.8,0.1,7,1,1000,0.0,10.0,0.8,"{'clf__colsample_bytree': 0.8, 'clf__learning_rate': 0.1, 'clf__max_depth': 7, 'clf__min_child_weight': 1, 'clf__n_estimators': 1000, 'clf__reg_alpha': 0.0, 'clf__reg_lambda': 10.0, 'clf__subsample': 0.8}",0.8305628215477224,0.8331782962685277,0.7885352228087228,0.774910414384316,0.842530196050846,0.813943390212027,0.026953815127924444,798,1.0,1.0,1.0,1.0,1.0,1.0,0.0
92.062917470932,1.8298655597388385,0.05168108940124512,0.0012984615833510986,0.8,0.1,7,1,1000,0.0,10.0,1.0,"{'clf__colsample_bytree': 0.8, 'clf__learning_rate': 0.1, 'clf__max_depth': 7, 'clf__min_child_weight': 1, 'clf__n_estimators': 1000, 'clf__reg_alpha': 0.0, 'clf__reg_lambda': 10.0, 'clf__subsample': 1.0}",0.8289037299256694,0.8342462469307304,0.781584131751917,0.7923373329431275,0.8423562434997197,0.8158855370102328,0.024242077613529735,576,1.0,1.0,1.0,1.0,1.0,1.0,0.0
51.20769248008728,1.1008904439415372,0.03750214576721191,0.002095777211786528,0.8,0.1,7,1,1000,0.1,1.0,0.8,"{'clf__colsample_bytree': 0.8, 'clf__learning_rate': 0.1, 'clf__max_depth': 7, 'clf__min_child_weight': 1, 'clf__n_estimators': 1000, 'clf__reg_alpha': 0.1, 'clf__reg_lambda': 1.0, 'clf__subsample': 0.8}",0.8267117381882549,0.8387537282014585,0.7841797999376467,0.8052879827266135,0.8346842692793397,0.8179235036666628,0.020446752871190275,354,1.0,1.0,1.0,1.0,1.0,1.0,0.0
51.3904727935791,1.3878115044694639,0.04001569747924805,0.002229255211795791,0.8,0.1,7,1,1000,0.1,1.0,1.0,"{'clf__colsample_bytree': 0.8, 'clf__learning_rate': 0.1, 'clf__max_depth': 7, 'clf__min_child_weight': 1, 'clf__n_estimators': 1000, 'clf__reg_alpha': 0.1, 'clf__reg_lambda': 1.0, 'clf__subsample': 1.0}",0.8188143369462866,0.8321886167523751,0.7872661122661123,0.7958098473827984,0.8276964022694573,0.812355063123406,0.017740622163212077,957,1.0,1.0,1.0,1.0,1.0,1.0,0.0
90.76697244644166,1.123629537898999,0.04875116348266602,0.002099957184344228,0.8,0.1,7,1,1000,0.1,10.0,0.8,"{'clf__colsample_bytree': 0.8, 'clf__learning_rate': 0.1, 'clf__max_depth': 7, 'clf__min_child_weight': 1, 'clf__n_estimators': 1000, 'clf__reg_alpha': 0.1, 'clf__reg_lambda': 10.0, 'clf__subsample': 0.8}",0.8253045784995247,0.8387537282014585,0.7829317412867,0.7944344679565997,0.8401027343066141,0.8163054500501794,0.023423768002410698,530,1.0,1.0,1.0,1.0,1.0,1.0,0.0
97.3875358581543,1.951101864435242,0.051633024215698244,0.0018496801544230011,0.8,0.1,7,1,1000,0.1,10.0,1.0,"{'clf__colsample_bytree': 0.8, 'clf__learning_rate': 0.1, 'clf__max_depth': 7, 'clf__min_child_weight': 1, 'clf__n_estimators': 1000, 'clf__reg_alpha': 0.1, 'clf__reg_lambda': 10.0, 'clf__subsample': 1.0}",0.8341029890967313,0.8358488683711196,0.780622812369545,0.7906889052579887,0.8374626547161759,0.8157452459623121,0.024796022910527758,590,1.0,1.0,1.0,1.0,1.0,1.0,0.0
22.95823731422424,0.6072126441828952,0.018512582778930663,0.0005786956652884744,0.8,0.1,7,3,300,0.0,1.0,0.8,"{'clf__colsample_bytree': 0.8, 'clf__learning_rate': 0.1, 'clf__max_depth': 7, 'clf__min_child_weight': 3, 'clf__n_estimators': 300, 'clf__reg_alpha': 0.0, 'clf__reg_lambda': 1.0, 'clf__subsample': 0.8}",0.8255929281985621,0.8327631052420968,0.7767665808817346,0.8190746528076494,0.8437815334482907,0.8195957601156667,0.022929922725856887,225,1.0,1.0,1.0,1.0,1.0,1.0,0.0
23.672176122665405,0.5274526050500338,0.019317197799682616,0.00041117464930136006,0.8,0.1,7,3,300,0.0,1.0,1.0,"{'clf__colsample_bytree': 0.8, 'clf__learning_rate': 0.1, 'clf__max_depth': 7, 'clf__min_child_weight': 3, 'clf__n_estimators': 300, 'clf__reg_alpha': 0.0, 'clf__reg_lambda': 1.0, 'clf__subsample': 1.0}",0.8240146620720625,0.827089017425152,0.7941240085263817,0.8031122650717459,0.8511863928369813,0.8199052691864648,0.019968377169434972,198,1.0,1.0,1.0,1.0,1.0,1.0,0.0
31.90642614364624,0.4735940595261101,0.021732854843139648,0.0006460979396242402,0.8,0.1,7,3,300,0.0,10.0,0.8,"{'clf__colsample_bytree': 0.8, 'clf__learning_rate': 0.1, 'clf__max_depth': 7, 'clf__min_child_weight': 3, 'clf__n_estimators': 300, 'clf__reg_alpha': 0.0, 'clf__reg_lambda': 10.0, 'clf__subsample': 0.8}",0.8230899866571255,0.8216514876298151,0.7817586457989303,0.8072198249966116,0.8449996675671478,0.815743922529926,0.02084428878370812,591,1.0,1.0,1.0,1.0,1.0,1.0,0.0
34.82001338005066,0.4992484018507554,0.022369861602783203,0.0007807952134096317,0.8,0.1,7,3,300,0.0,10.0,1.0,"{'clf__colsample_bytree': 0.8, 'clf__learning_rate': 0.1, 'clf__max_depth': 7, 'clf__min_child_weight': 3, 'clf__n_estimators': 300, 'clf__reg_alpha': 0.0, 'clf__reg_lambda': 10.0, 'clf__subsample': 1.0}",0.830975616220101,0.8312404805051865,0.7807021306566457,0.7965025866565174,0.8299526257272736,0.813874687953145,0.02123544698220728,807,1.0,1.0,1.0,1.0,1.0,1.0,0.0
23.132169723510742,0.43967567191507906,0.019133329391479492,0.0009709303838601759,0.8,0.1,7,3,300,0.1,1.0,0.8,"{'clf__colsample_bytree': 0.8, 'clf__learning_rate': 0.1, 'clf__max_depth': 7, 'clf__min_child_weight': 3, 'clf__n_estimators': 300, 'clf__reg_alpha': 0.1, 'clf__reg_lambda': 1.0, 'clf__subsample': 0.8}",0.8325823670127812,0.8346343182895553,0.7712243776442207,0.7990610898477167,0.8397012894744881,0.8154406884537524,0.026359752366371603,626,1.0,1.0,1.0,1.0,1.0,1.0,0.0
24.735534954071046,0.6712779560554135,0.020260095596313477,0.0017466680553284964,0.8,0.1,7,3,300,0.1,1.0,1.0,"{'clf__colsample_bytree': 0.8, 'clf__learning_rate': 0.1, 'clf__max_depth': 7, 'clf__min_child_weight': 3, 'clf__n_estimators': 300, 'clf__reg_alpha': 0.1, 'clf__reg_lambda': 1.0, 'clf__subsample': 1.0}",0.8198451548451549,0.831722355229818,0.7813461538461538,0.7978591140351764,0.8411742898197792,0.8143894135552164,0.021966945126933833,748,1.0,1.0,1.0,1.0,1.0,1.0,0.0
32.6408296585083,0.5456597144375207,0.022721576690673827,0.001678862541318334,0.8,0.1,7,3,300,0.1,10.0,0.8,"{'clf__colsample_bytree': 0.8, 'clf__learning_rate': 0.1, 'clf__max_depth': 7, 'clf__min_child_weight': 3, 'clf__n_estimators': 300, 'clf__reg_alpha': 0.1, 'clf__reg_lambda': 10.0, 'clf__subsample': 0.8}",0.8219381187997353,0.823893593668924,0.797884258320821,0.7840654789585279,0.843385444944801,0.8142333789385618,0.020880237793549975,756,1.0,1.0,1.0,1.0,1.0,1.0,0.0
35.61023178100586,0.49795433399246997,0.022758960723876953,0.0012961014818111143,0.8,0.1,7,3,300,0.1,10.0,1.0,"{'clf__colsample_bytree': 0.8, 'clf__learning_rate': 0.1, 'clf__max_depth': 7, 'clf__min_child_weight': 3, 'clf__n_estimators': 300, 'clf__reg_alpha': 0.1, 'clf__reg_lambda': 10.0, 'clf__subsample': 1.0}",0.8379987165646827,0.8422388702100476,0.7896913598504424,0.780014564874378,0.8384244689428781,0.8176735960884859,0.027012479027758135,386,1.0,1.0,1.0,1.0,1.0,1.0,0.0
27.896432399749756,0.6070955279880114,0.024640464782714845,0.0016889359073274984,0.8,0.1,7,3,600,0.0,1.0,0.8,"{'clf__colsample_bytree': 0.8, 'clf__learning_rate': 0.1, 'clf__max_depth': 7, 'clf__min_child_weight': 3, 'clf__n_estimators': 600, 'clf__reg_alpha': 0.0, 'clf__reg_lambda': 1.0, 'clf__subsample': 0.8}",0.8233212453181493,0.8281149295855179,0.7876721060683325,0.8221801265977895,0.8485823743938221,0.8219741563927222,0.019617309139404234,80,1.0,1.0,1.0,1.0,1.0,1.0,0.0
29.219489002227782,0.6954711087955674,0.02688632011413574,0.0019279463599209004,0.8,0.1,7,3,600,0.0,1.0,1.0,"{'clf__colsample_bytree': 0.8, 'clf__learning_rate': 0.1, 'clf__max_depth': 7, 'clf__min_child_weight': 3, 'clf__n_estimators': 600, 'clf__reg_alpha': 0.0, 'clf__reg_lambda': 1.0, 'clf__subsample': 1.0}",0.8319564421782633,0.8287150910880999,0.7941240085263817,0.796023015723279,0.8586854922399125,0.8219008099511873,0.024256438112289256,87,1.0,1.0,1.0,1.0,1.0,1.0,0.0
42.83463282585144,0.4738053194127361,0.028936433792114257,0.001460883390707756,0.8,0.1,7,3,600,0.0,10.0,0.8,"{'clf__colsample_bytree': 0.8, 'clf__learning_rate': 0.1, 'clf__max_depth': 7, 'clf__min_child_weight': 3, 'clf__n_estimators': 600, 'clf__reg_alpha': 0.0, 'clf__reg_lambda': 10.0, 'clf__subsample': 0.8}",0.8244215086646279,0.8212524045209357,0.7865106919983449,0.8018439893439894,0.8463916746935616,0.816084053844292,0.020455512953651816,549,1.0,1.0,1.0,1.0,1.0,1.0,0.0
45.62186942100525,0.6657172928103376,0.030196571350097658,0.0007860383311465665,0.8,0.1,7,3,600,0.0,10.0,1.0,"{'clf__colsample_bytree': 0.8, 'clf__learning_rate': 0.1, 'clf__max_depth': 7, 'clf__min_child_weight': 3, 'clf__n_estimators': 600, 'clf__reg_alpha': 0.0, 'clf__reg_lambda': 10.0, 'clf__subsample': 1.0}",0.8232610772726854,0.8213705128799469,0.7874155488174324,0.8022985496796129,0.8304098820421053,0.8129511141383565,0.01579577422936245,902,1.0,1.0,1.0,1.0,1.0,1.0,0.0
28.936096239089967,0.5502811903375692,0.026630640029907227,0.0010893751524216793,0.8,0.1,7,3,600,0.1,1.0,0.8,"{'clf__colsample_bytree': 0.8, 'clf__learning_rate': 0.1, 'clf__max_depth': 7, 'clf__min_child_weight': 3, 'clf__n_estimators': 600, 'clf__reg_alpha': 0.1, 'clf__reg_lambda': 1.0, 'clf__subsample': 0.8}",0.8268119714540476,0.8391453471429298,0.7841797999376467,0.7996956474897652,0.8347779488515079,0.8169221429751794,0.02135098353056616,467,1.0,1.0,1.0,1.0,1.0,1.0,0.0
30.758174562454222,0.9466276711303263,0.02660508155822754,0.0008940251580919225,0.8,0.1,7,3,600,0.1,1.0,1.0,"{'clf__colsample_bytree': 0.8, 'clf__learning_rate': 0.1, 'clf__max_depth': 7, 'clf__min_child_weight': 3, 'clf__n_estimators': 600, 'clf__reg_alpha': 0.1, 'clf__reg_lambda': 1.0, 'clf__subsample': 1.0}",0.8199379047216462,0.8290731752132572,0.7847013512802987,0.8032562904756493,0.841434115607915,0.8156805674597531,0.019873633783943568,596,1.0,1.0,1.0,1.0,1.0,1.0,0.0
42.68692169189453,0.5026334398579095,0.027237606048583985,0.0010719745960127746,0.8,0.1,7,3,600,0.1,10.0,0.8,"{'clf__colsample_bytree': 0.8, 'clf__learning_rate': 0.1, 'clf__max_depth': 7, 'clf__min_child_weight': 3, 'clf__n_estimators': 600, 'clf__reg_alpha': 0.1, 'clf__reg_lambda': 10.0, 'clf__subsample': 0.8}",0.823297525266216,0.830105485363342,0.8036811626076581,0.7991022084159715,0.843385444944801,0.8199143653195978,0.016509748774655098,197,1.0,1.0,1.0,1.0,1.0,1.0,0.0
46.23782777786255,0.973712563992643,0.0309751033782959,0.0021519449367366356,0.8,0.1,7,3,600,0.1,10.0,1.0,"{'clf__colsample_bytree': 0.8, 'clf__learning_rate': 0.1, 'clf__max_depth': 7, 'clf__min_child_weight': 3, 'clf__n_estimators': 600, 'clf__reg_alpha': 0.1, 'clf__reg_lambda': 10.0, 'clf__subsample': 1.0}",0.8342689614748438,0.8421552762306187,0.793183043605284,0.7914188752424047,0.8273606346266607,0.8176773582359622,0.021249446992323603,385,1.0,1.0,1.0,1.0,1.0,1.0,0.0
33.45870800018311,0.7072940770489274,0.031271839141845705,0.001494689633630215,0.8,0.1,7,3,1000,0.0,1.0,0.8,"{'clf__colsample_bytree': 0.8, 'clf__learning_rate': 0.1, 'clf__max_depth': 7, 'clf__min_child_weight': 3, 'clf__n_estimators': 1000, 'clf__reg_alpha': 0.0, 'clf__reg_lambda': 1.0, 'clf__subsample': 0.8}",0.8233212453181493,0.8272492983669106,0.7999160637442663,0.8219059380218035,0.8437815334482907,0.8232348157798841,0.014027268159170452,50,1.0,1.0,1.0,1.0,1.0,1.0,0.0
35.098528957366945,0.5406244521285508,0.033554458618164064,0.0015875272457389225,0.8,0.1,7,3,1000,0.0,1.0,1.0,"{'clf__colsample_bytree': 0.8, 'clf__learning_rate': 0.1, 'clf__max_depth': 7, 'clf__min_child_weight': 3, 'clf__n_estimators': 1000, 'clf__reg_alpha': 0.0, 'clf__reg_lambda': 1.0, 'clf__subsample': 1.0}",0.8347083445250245,0.8349811886754965,0.7914892331162403,0.8060910779635851,0.8577203386935555,0.8249980365947804,0.023430814989903858,18,1.0,1.0,1.0,1.0,1.0,1.0,0.0
50.398698043823245,0.7032023609816447,0.03786172866821289,0.0017613047115247328,0.8,0.1,7,3,1000,0.0,10.0,0.8,"{'clf__colsample_bytree': 0.8, 'clf__learning_rate': 0.1, 'clf__max_depth': 7, 'clf__min_child_weight': 3, 'clf__n_estimators': 1000, 'clf__reg_alpha': 0.0, 'clf__reg_lambda': 10.0, 'clf__subsample': 0.8}",0.8203207395322132,0.8272492983669106,0.7912664493161677,0.8019971811789487,0.8352760889711606,0.8152219514730803,0.01625782135890774,651,1.0,1.0,1.0,1.0,1.0,1.0,0.0
54.7500479221344,0.36849197531969907,0.039223003387451175,0.0017220833214157275,0.8,0.1,7,3,1000,0.0,10.0,1.0,"{'clf__colsample_bytree': 0.8, 'clf__learning_rate': 0.1, 'clf__max_depth': 7, 'clf__min_child_weight': 3, 'clf__n_estimators': 1000, 'clf__reg_alpha': 0.0, 'clf__reg_lambda': 10.0, 'clf__subsample': 1.0}",0.8234395273976813,0.8240040705555214,0.7874155488174324,0.80607538230091,0.8334491292237771,0.8148767316590645,0.016328772465066872,694,1.0,1.0,1.0,1.0,1.0,1.0,0.0
33.45768747329712,0.7133877266028512,0.030302143096923827,0.0009292247522514497,0.8,0.1,7,3,1000,0.1,1.0,0.8,"{'clf__colsample_bytree': 0.8, 'clf__learning_rate': 0.1, 'clf__max_depth': 7, 'clf__min_child_weight': 3, 'clf__n_estimators': 1000, 'clf__reg_alpha': 0.1, 'clf__reg_lambda': 1.0, 'clf__subsample': 0.8}",0.8209486106981738,0.8387537282014585,0.7841797999376467,0.8029129401851026,0.8336073366691861,0.8160804831383135,0.020179212464410592,550,1.0,1.0,1.0,1.0,1.0,1.0,0.0
35.90264310836792,1.077138857663455,0.03267812728881836,0.0020302217182418267,0.8,0.1,7,3,1000,0.1,1.0,1.0,"{'clf__colsample_bytree': 0.8, 'clf__learning_rate': 0.1, 'clf__max_depth': 7, 'clf__min_child_weight': 3, 'clf__n_estimators': 1000, 'clf__reg_alpha': 0.1, 'clf__reg_lambda': 1.0, 'clf__subsample': 1.0}",0.8199379047216462,0.8244440019621325,0.7912607304124933,0.8052553661733766,0.8444478186315757,0.8170691643802449,0.0179880499279934,444,1.0,1.0,1.0,1.0,1.0,1.0,0.0
52.59942493438721,0.8539593620147519,0.0398747444152832,0.0011391233362716476,0.8,0.1,7,3,1000,0.1,10.0,0.8,"{'clf__colsample_bytree': 0.8, 'clf__learning_rate': 0.1, 'clf__max_depth': 7, 'clf__min_child_weight': 3, 'clf__n_estimators': 1000, 'clf__reg_alpha': 0.1, 'clf__reg_lambda': 10.0, 'clf__subsample': 0.8}",0.8240667882070951,0.8243828162645956,0.8005390835579514,0.7960475543413931,0.8300265330376442,0.8150125550817359,0.01388778670065798,681,1.0,1.0,1.0,1.0,1.0,1.0,0.0
57.03649468421936,1.1704299910609217,0.038863086700439455,0.0028022318393301957,0.8,0.1,7,3,1000,0.1,10.0,1.0,"{'clf__colsample_bytree': 0.8, 'clf__learning_rate': 0.1, 'clf__max_depth': 7, 'clf__min_child_weight': 3, 'clf__n_estimators': 1000, 'clf__reg_alpha': 0.1, 'clf__reg_lambda': 10.0, 'clf__subsample': 1.0}",0.83453384422762,0.8331576537244302,0.793183043605284,0.8056975841979984,0.8304204011950491,0.8193985053900764,0.016821655744017127,234,1.0,1.0,1.0,1.0,1.0,1.0,0.0
18.287560844421385,0.5122392643822156,0.01728854179382324,0.0011130065966246045,0.8,0.1,7,5,300,0.0,1.0,0.8,"{'clf__colsample_bytree': 0.8, 'clf__learning_rate': 0.1, 'clf__max_depth': 7, 'clf__min_child_weight': 5, 'clf__n_estimators': 300, 'clf__reg_alpha': 0.0, 'clf__reg_lambda': 1.0, 'clf__subsample': 0.8}",0.816784717351366,0.8208812902842753,0.7872265062479677,0.8141791204417891,0.837405565110449,0.8152954398871695,0.01619499005346625,639,1.0,1.0,1.0,1.0,1.0,1.0,0.0
19.864934158325195,0.46783524588219694,0.018351268768310548,0.0018920433695819162,0.8,0.1,7,5,300,0.0,1.0,1.0,"{'clf__colsample_bytree': 0.8, 'clf__learning_rate': 0.1, 'clf__max_depth': 7, 'clf__min_child_weight': 5, 'clf__n_estimators': 300, 'clf__reg_alpha': 0.0, 'clf__reg_lambda': 1.0, 'clf__subsample': 1.0}",0.8201940863761196,0.8343513102899656,0.7953814203814203,0.7846851261945601,0.8337091814959018,0.8136642249475935,0.020230887180768167,828,1.0,1.0,1.0,1.0,1.0,1.0,0.0
24.24400839805603,0.4443339170577215,0.020559358596801757,0.0020169251522806444,0.8,0.1,7,5,300,0.0,10.0,0.8,"{'clf__colsample_bytree': 0.8, 'clf__learning_rate': 0.1, 'clf__max_depth': 7, 'clf__min_child_weight': 5, 'clf__n_estimators': 300, 'clf__reg_alpha': 0.0, 'clf__reg_lambda': 10.0, 'clf__subsample': 0.8}",0.8260713023260244,0.8265557797122363,0.7799551764025447,0.7753464041440628,0.8412984111325789,0.8098454147434895,0.02689020188655969,1139,1.0,1.0,1.0,1.0,1.0,1.0,0.0
26.50938949584961,0.7034295750446978,0.020144271850585937,0.001312117508661725,0.8,0.1,7,5,300,0.0,10.0,1.0,"{'clf__colsample_bytree': 0.8, 'clf__learning_rate': 0.1, 'clf__max_depth': 7, 'clf__min_child_weight': 5, 'clf__n_estimators': 300, 'clf__reg_alpha': 0.0, 'clf__reg_lambda': 10.0, 'clf__subsample': 1.0}",0.8287791174734822,0.8391596109713949,0.7831095833139778,0.789076465640286,0.8246242085138477,0.8129497971825979,0.022513053645830266,903,1.0,1.0,1.0,1.0,1.0,1.0,0.0
18.841974353790285,0.4810289672472838,0.017255878448486327,0.0008908606937337104,0.8,0.1,7,5,300,0.1,1.0,0.8,"{'clf__colsample_bytree': 0.8, 'clf__learning_rate': 0.1, 'clf__max_depth': 7, 'clf__min_child_weight': 5, 'clf__n_estimators': 300, 'clf__reg_alpha': 0.1, 'clf__reg_lambda': 1.0, 'clf__subsample': 0.8}",0.8263919354292222,0.8267271069849635,0.7859882575003824,0.8202023119817012,0.8294474603112595,0.8177514144415058,0.016167400447692302,375,1.0,1.0,1.0,1.0,1.0,1.0,0.0
20.788444137573244,0.48934578919682004,0.019189786911010743,0.002748258655137225,0.8,0.1,7,5,300,0.1,1.0,1.0,"{'clf__colsample_bytree': 0.8, 'clf__learning_rate': 0.1, 'clf__max_depth': 7, 'clf__min_child_weight': 5, 'clf__n_estimators': 300, 'clf__reg_alpha': 0.1, 'clf__reg_lambda': 1.0, 'clf__subsample': 1.0}",0.821458911124934,0.8244890892339276,0.7870091179922362,0.8026366552388289,0.8381618962583035,0.814751133969646,0.01791237495945451,713,1.0,1.0,1.0,1.0,1.0,1.0,0.0
25.137526416778563,0.46206323006101696,0.01951308250427246,0.0011276594553076996,0.8,0.1,7,5,300,0.1,10.0,0.8,"{'clf__colsample_bytree': 0.8, 'clf__learning_rate': 0.1, 'clf__max_depth': 7, 'clf__min_child_weight': 5, 'clf__n_estimators': 300, 'clf__reg_alpha': 0.1, 'clf__reg_lambda': 10.0, 'clf__subsample': 0.8}",0.8272664151094109,0.8292406445396625,0.7799551764025447,0.8078000499054487,0.8446142975630326,0.8177753167040199,0.02223391348816474,372,1.0,1.0,1.0,1.0,1.0,1.0,0.0
27.161062049865723,0.46331500548049437,0.019460725784301757,0.002084827412189588,0.8,0.1,7,5,300,0.1,10.0,1.0,"{'clf__colsample_bytree': 0.8, 'clf__learning_rate': 0.1, 'clf__max_depth': 7, 'clf__min_child_weight': 5, 'clf__n_estimators': 300, 'clf__reg_alpha': 0.1, 'clf__reg_lambda': 10.0, 'clf__subsample': 1.0}",0.83590549440064,0.8137630226915941,0.7804761904761905,0.8008701930384557,0.8246242085138477,0.8111278218241456,0.019223793840934127,1065,1.0,1.0,1.0,1.0,1.0,1.0,0.0
23.40498266220093,0.44344857603035087,0.023337364196777344,0.0016133631809373684,0.8,0.1,7,5,600,0.0,1.0,0.8,"{'clf__colsample_bytree': 0.8, 'clf__learning_rate': 0.1, 'clf__max_depth': 7, 'clf__min_child_weight': 5, 'clf__n_estimators': 600, 'clf__reg_alpha': 0.0, 'clf__reg_lambda': 1.0, 'clf__subsample': 0.8}",0.8207337844498268,0.8130891392148134,0.797142857142857,0.8149877644580739,0.8448641747852116,0.8181635440101566,0.015474070284621421,333,1.0,1.0,1.0,1.0,1.0,1.0,0.0
24.97574324607849,0.2769790253700988,0.025568056106567382,0.0013512510343996731,0.8,0.1,7,5,600,0.0,1.0,1.0,"{'clf__colsample_bytree': 0.8, 'clf__learning_rate': 0.1, 'clf__max_depth': 7, 'clf__min_child_weight': 5, 'clf__n_estimators': 600, 'clf__reg_alpha': 0.0, 'clf__reg_lambda': 1.0, 'clf__subsample': 1.0}",0.8187334614840378,0.8343513102899656,0.8005446837810064,0.7862652284822096,0.8334616589345024,0.8146712685943444,0.018779498048087498,720,1.0,1.0,1.0,1.0,1.0,1.0,0.0
33.259209108352664,0.2814862470472117,0.026458740234375,0.0009593001842637567,0.8,0.1,7,5,600,0.0,10.0,0.8,"{'clf__colsample_bytree': 0.8, 'clf__learning_rate': 0.1, 'clf__max_depth': 7, 'clf__min_child_weight': 5, 'clf__n_estimators': 600, 'clf__reg_alpha': 0.0, 'clf__reg_lambda': 10.0, 'clf__subsample': 0.8}",0.8160812923360145,0.8298670379903821,0.7830538321327795,0.7973086015879118,0.830224454681062,0.8113070437456299,0.018543654557565042,1055,1.0,1.0,1.0,1.0,1.0,1.0,0.0
35.779576015472415,1.0768806873340728,0.0263033390045166,0.0007528167329025676,0.8,0.1,7,5,600,0.0,10.0,1.0,"{'clf__colsample_bytree': 0.8, 'clf__learning_rate': 0.1, 'clf__max_depth': 7, 'clf__min_child_weight': 5, 'clf__n_estimators': 600, 'clf__reg_alpha': 0.0, 'clf__reg_lambda': 10.0, 'clf__subsample': 1.0}",0.8147922444582673,0.8391071947523561,0.7783462667363596,0.7933370504599945,0.8246242085138477,0.810041392984165,0.021742428649801953,1129,1.0,1.0,1.0,1.0,1.0,1.0,0.0
24.391791105270386,0.5197077961540298,0.024349737167358398,0.0008636892279350303,0.8,0.1,7,5,600,0.1,1.0,0.8,"{'clf__colsample_bytree': 0.8, 'clf__learning_rate': 0.1, 'clf__max_depth': 7, 'clf__min_child_weight': 5, 'clf__n_estimators': 600, 'clf__reg_alpha': 0.1, 'clf__reg_lambda': 1.0, 'clf__subsample': 0.8}",0.8271413358639688,0.8213705128799469,0.8012698412698412,0.8161010388436516,0.8341320362986524,0.8200029530312122,0.01112305833821099,187,1.0,1.0,1.0,1.0,1.0,1.0,0.0
26.02220368385315,0.3978067339591747,0.024132823944091795,0.0017080433843451636,0.8,0.1,7,5,600,0.1,1.0,1.0,"{'clf__colsample_bytree': 0.8, 'clf__learning_rate': 0.1, 'clf__max_depth': 7, 'clf__min_child_weight': 5, 'clf__n_estimators': 600, 'clf__reg_alpha': 0.1, 'clf__reg_lambda': 1.0, 'clf__subsample': 1.0}",0.8199379047216462,0.824099458144196,0.8045277223340865,0.8026366552388289,0.8381618962583035,0.8178727273394122,0.013152296842764618,357,1.0,1.0,1.0,1.0,1.0,1.0,0.0
33.17795877456665,0.5068868108086076,0.024297428131103516,0.0011010250667013706,0.8,0.1,7,5,600,0.1,10.0,0.8,"{'clf__colsample_bytree': 0.8, 'clf__learning_rate': 0.1, 'clf__max_depth': 7, 'clf__min_child_weight': 5, 'clf__n_estimators': 600, 'clf__reg_alpha': 0.1, 'clf__reg_lambda': 10.0, 'clf__subsample': 0.8}",0.8230504679727819,0.8325086183958716,0.7960923175949932,0.8078690891663095,0.8272803507384433,0.8173601687736799,0.013436272749669874,416,1.0,1.0,1.0,1.0,1.0,1.0,0.0
34.93058285713196,0.8888048718112532,0.024942445755004882,0.0022174219862919602,0.8,0.1,7,5,600,0.1,10.0,1.0,"{'clf__colsample_bytree': 0.8, 'clf__learning_rate': 0.1, 'clf__max_depth': 7, 'clf__min_child_weight': 5, 'clf__n_estimators': 600, 'clf__reg_alpha': 0.1, 'clf__reg_lambda': 10.0, 'clf__subsample': 1.0}",0.83590549440064,0.8156559573990766,0.7832928379587174,0.8067499158504832,0.8249106824919978,0.813302977620183,0.017858892418624664,868,1.0,1.0,1.0,1.0,1.0,1.0,0.0
28.027057266235353,0.6022157566867365,0.026528310775756837,0.0006837753304596276,0.8,0.1,7,5,1000,0.0,1.0,0.8,"{'clf__colsample_bytree': 0.8, 'clf__learning_rate': 0.1, 'clf__max_depth': 7, 'clf__min_child_weight': 5, 'clf__n_estimators': 1000, 'clf__reg_alpha': 0.0, 'clf__reg_lambda': 1.0, 'clf__subsample': 0.8}",0.8131419364671191,0.810468279871265,0.8016419939415347,0.8211850266247429,0.8418727448049471,0.8176619963419217,0.013619053258974844,388,1.0,1.0,1.0,1.0,1.0,1.0,0.0
30.068419170379638,0.5593021904196366,0.026493120193481445,0.0012805735225242443,0.8,0.1,7,5,1000,0.0,1.0,1.0,"{'clf__colsample_bytree': 0.8, 'clf__learning_rate': 0.1, 'clf__max_depth': 7, 'clf__min_child_weight': 5, 'clf__n_estimators': 1000, 'clf__reg_alpha': 0.0, 'clf__reg_lambda': 1.0, 'clf__subsample': 1.0}",0.8199379047216462,0.8376049889828441,0.8128913269735765,0.7978400132814394,0.8304204011950491,0.8197389270309111,0.013854830941320619,210,1.0,1.0,1.0,1.0,1.0,1.0,0.0
37.21887202262879,0.4661876524700377,0.02672443389892578,0.0008376787372675229,0.8,0.1,7,5,1000,0.0,10.0,0.8,"{'clf__colsample_bytree': 0.8, 'clf__learning_rate': 0.1, 'clf__max_depth': 7, 'clf__min_child_weight': 5, 'clf__n_estimators': 1000, 'clf__reg_alpha': 0.0, 'clf__reg_lambda': 10.0, 'clf__subsample': 0.8}",0.8160812923360145,0.8235088750664554,0.7860187553282182,0.790237390770753,0.830224454681062,0.8092141536365005,0.017838573015822524,1170,1.0,1.0,1.0,1.0,1.0,1.0,0.0
37.60365595817566,1.5228008448344001,0.023972797393798827,0.001465545608157669,0.8,0.1,7,5,1000,0.0,10.0,1.0,"{'clf__colsample_bytree': 0.8, 'clf__learning_rate': 0.1, 'clf__max_depth': 7, 'clf__min_child_weight': 5, 'clf__n_estimators': 1000, 'clf__reg_alpha': 0.0, 'clf__reg_lambda': 10.0, 'clf__subsample': 1.0}",0.8147922444582673,0.8263689921674879,0.775056793052149,0.7995653292234844,0.8249106824919978,0.8081388082786773,0.019109305883789986,1203,1.0,1.0,1.0,1.0,1.0,1.0,0.0
27.50433111190796,1.0605519441885147,0.02300238609313965,0.0020691236242357906,0.8,0.1,7,5,1000,0.1,1.0,0.8,"{'clf__colsample_bytree': 0.8, 'clf__learning_rate': 0.1, 'clf__max_depth': 7, 'clf__min_child_weight': 5, 'clf__n_estimators': 1000, 'clf__reg_alpha': 0.1, 'clf__reg_lambda': 1.0, 'clf__subsample': 0.8}",0.8371559691180386,0.8300292314070865,0.8012698412698412,0.8161010388436516,0.8384244689428781,0.8245961099162992,0.014105129755980278,25,1.0,1.0,1.0,1.0,1.0,1.0,0.0
27.461297082901,0.8052955938834089,0.02130751609802246,0.0008758484304572226,0.8,0.1,7,5,1000,0.1,1.0,1.0,"{'clf__colsample_bytree': 0.8, 'clf__learning_rate': 0.1, 'clf__max_depth': 7, 'clf__min_child_weight': 5, 'clf__n_estimators': 1000, 'clf__reg_alpha': 0.1, 'clf__reg_lambda': 1.0, 'clf__subsample': 1.0}",0.8199379047216462,0.8361726478030825,0.809811616954474,0.7991251734339022,0.8381618962583035,0.8206418478342817,0.015026074394323262,146,1.0,1.0,1.0,1.0,1.0,1.0,0.0
34.306059503555296,0.4787641390791792,0.022503376007080078,0.001285069435540929,0.8,0.1,7,5,1000,0.1,10.0,0.8,"{'clf__colsample_bytree': 0.8, 'clf__learning_rate': 0.1, 'clf__max_depth': 7, 'clf__min_child_weight': 5, 'clf__n_estimators': 1000, 'clf__reg_alpha': 0.1, 'clf__reg_lambda': 10.0, 'clf__subsample': 0.8}",0.8179027889694691,0.8328282647255705,0.7920841426247888,0.810476708946239,0.8293325046408767,0.8165248819813888,0.014599070190387333,507,1.0,1.0,1.0,1.0,1.0,1.0,0.0
35.54495749473572,0.9480277949679723,0.022025251388549806,0.00037844936203138165,0.8,0.1,7,5,1000,0.1,10.0,1.0,"{'clf__colsample_bytree': 0.8, 'clf__learning_rate': 0.1, 'clf__max_depth': 7, 'clf__min_child_weight': 5, 'clf__n_estimators': 1000, 'clf__reg_alpha': 0.1, 'clf__reg_lambda': 10.0, 'clf__subsample': 1.0}",0.832127067421185,0.8156559573990766,0.7791928573662319,0.8130594548388441,0.8249106824919978,0.8129892039034671,0.01820817959283548,895,1.0,1.0,1.0,1.0,1.0,1.0,0.0
21.554443883895875,0.5341694808545864,0.010465192794799804,0.0005215562224104415,1.0,0.03,3,1,300,0.0,1.0,0.8,"{'clf__colsample_bytree': 1.0, 'clf__learning_rate': 0.03, 'clf__max_depth': 3, 'clf__min_child_weight': 1, 'clf__n_estimators': 300, 'clf__reg_alpha': 0.0, 'clf__reg_lambda': 1.0, 'clf__subsample': 0.8}",0.8312419598079259,0.8282228833398756,0.7737935522716859,0.7972298687762247,0.8356742620944877,0.81323250525804,0.023934074977554516,875,0.9936969629798801,0.9925869016231507,0.9942099173711629,0.9951379871068342,0.9927854364528083,0.9936834411067673,0.0009382830449280692
21.51631875038147,0.3907491910657025,0.010742902755737305,0.0006689731845685506,1.0,0.03,3,1,300,0.0,1.0,1.0,"{'clf__colsample_bytree': 1.0, 'clf__learning_rate': 0.03, 'clf__max_depth': 3, 'clf__min_child_weight': 1, 'clf__n_estimators': 300, 'clf__reg_alpha': 0.0, 'clf__reg_lambda': 1.0, 'clf__subsample': 1.0}",0.8172536789046556,0.8184574860359485,0.7859314318111708,0.799268035455457,0.8247244433338885,0.8091270151082239,0.014363945723458503,1171,0.9918729617093617,0.9892135099396571,0.991560623360462,0.9932075517292701,0.9913649472235394,0.9914439187924581,0.0012875604122445654
22.08582739830017,0.259310483889131,0.010354232788085938,0.00019892880451535466,1.0,0.03,3,1,300,0.0,10.0,0.8,"{'clf__colsample_bytree': 1.0, 'clf__learning_rate': 0.03, 'clf__max_depth': 3, 'clf__min_child_weight': 1, 'clf__n_estimators': 300, 'clf__reg_alpha': 0.0, 'clf__reg_lambda': 10.0, 'clf__subsample': 0.8}",0.8104120686041206,0.8167465169677255,0.7726287522340154,0.7900875393042244,0.8349251261420716,0.8049600006504314,0.02160118278362393,1268,0.9767050945214854,0.9732390473283195,0.9699769711244735,0.9732656447774304,0.9759002327253014,0.973817398095402,0.002369168267448963
21.806913328170776,0.5773557792743966,0.009977769851684571,0.0002143832712239104,1.0,0.03,3,1,300,0.0,10.0,1.0,"{'clf__colsample_bytree': 1.0, 'clf__learning_rate': 0.03, 'clf__max_depth': 3, 'clf__min_child_weight': 1, 'clf__n_estimators': 300, 'clf__reg_alpha': 0.0, 'clf__reg_lambda': 10.0, 'clf__subsample': 1.0}",0.8009079001493862,0.8222346959167699,0.7837918150785591,0.7834080381196314,0.817398610327035,0.8015482119182764,0.01627225419708192,1288,0.9753635204286204,0.9768469255238275,0.9792325669732912,0.9792343871765,0.9751779689475263,0.977171073809953,0.0017805507261213186
20.710483455657958,0.48687902617215945,0.010092544555664062,0.00022299642370423426,1.0,0.03,3,1,300,0.1,1.0,0.8,"{'clf__colsample_bytree': 1.0, 'clf__learning_rate': 0.03, 'clf__max_depth': 3, 'clf__min_child_weight': 1, 'clf__n_estimators': 300, 'clf__reg_alpha': 0.1, 'clf__reg_lambda': 1.0, 'clf__subsample': 0.8}",0.8312419598079259,0.8323588919234712,0.776329798601425,0.8009386379563638,0.8329288562970407,0.8147596289172453,0.022712964415832697,711,0.9944073885470659,0.9909610447797887,0.99491963938212,0.9951379871068342,0.9920753207395605,0.9935002761110738,0.0016731847439506108
20.397632932662965,0.1365502874969751,0.010033512115478515,0.0002748581618694421,1.0,0.03,3,1,300,0.1,1.0,1.0,"{'clf__colsample_bytree': 1.0, 'clf__learning_rate': 0.03, 'clf__max_depth': 3, 'clf__min_child_weight': 1, 'clf__n_estimators': 300, 'clf__reg_alpha': 0.1, 'clf__reg_lambda': 1.0, 'clf__subsample': 1.0}",0.8225032004321509,0.8184574860359485,0.7816394588118512,0.8034124689266637,0.8193936103821698,0.8090812449177568,0.015228882524518532,1172,0.9905444831132952,0.9880846222531122,0.9920830174239538,0.9937139594618676,0.9901375433275148,0.9909127251159486,0.0018947914253211677
21.05660037994385,0.3131216658496908,0.010028457641601563,0.00022238841580644213,1.0,0.03,3,1,300,0.1,10.0,0.8,"{'clf__colsample_bytree': 1.0, 'clf__learning_rate': 0.03, 'clf__max_depth': 3, 'clf__min_child_weight': 1, 'clf__n_estimators': 300, 'clf__reg_alpha': 0.1, 'clf__reg_lambda': 10.0, 'clf__subsample': 0.8}",0.8104120686041206,0.8167465169677255,0.7726287522340154,0.7937564010695657,0.8349251261420716,0.8056937730034998,0.02114092673465839,1258,0.9767050945214854,0.9707232238600338,0.9699769711244735,0.9722291466053041,0.9759002327253014,0.9731069337673197,0.0027202400354007167
20.99468312263489,0.08207282395410348,0.009911251068115235,0.00019050550976359892,1.0,0.03,3,1,300,0.1,10.0,1.0,"{'clf__colsample_bytree': 1.0, 'clf__learning_rate': 0.03, 'clf__max_depth': 3, 'clf__min_child_weight': 1, 'clf__n_estimators': 300, 'clf__reg_alpha': 0.1, 'clf__reg_lambda': 10.0, 'clf__subsample': 1.0}",0.8009079001493862,0.8196123321123321,0.7797339634306115,0.788138119783586,0.8282237737257279,0.8033232178403289,0.01832073586576534,1277,0.9719582729290337,0.9768469255238275,0.9772618690577963,0.9785221388778176,0.9733298819763121,0.9755838176729574,0.0025007930826369935
36.49736347198486,0.3670860754820909,0.017360162734985352,0.00043686464638814084,1.0,0.03,3,1,600,0.0,1.0,0.8,"{'clf__colsample_bytree': 1.0, 'clf__learning_rate': 0.03, 'clf__max_depth': 3, 'clf__min_child_weight': 1, 'clf__n_estimators': 600, 'clf__reg_alpha': 0.0, 'clf__reg_lambda': 1.0, 'clf__subsample': 0.8}",0.8205821796754574,0.8318176251119171,0.7790376720100678,0.8117373929043759,0.8442877333520755,0.8174925206107787,0.022111693348888715,400,1.0,1.0,1.0,1.0,1.0,1.0,0.0
36.94421443939209,0.30489690331668445,0.017015361785888673,0.0007980760795860532,1.0,0.03,3,1,600,0.0,1.0,1.0,"{'clf__colsample_bytree': 1.0, 'clf__learning_rate': 0.03, 'clf__max_depth': 3, 'clf__min_child_weight': 1, 'clf__n_estimators': 600, 'clf__reg_alpha': 0.0, 'clf__reg_lambda': 1.0, 'clf__subsample': 1.0}",0.8082192650854623,0.822932929757783,0.7923467973467974,0.8078646544209322,0.8349055413005493,0.8132538375823047,0.01451878539014856,873,1.0,1.0,1.0,1.0,1.0,1.0,0.0
39.803488445281985,0.2917773049309021,0.017126703262329103,0.0003348770226663757,1.0,0.03,3,1,600,0.0,10.0,0.8,"{'clf__colsample_bytree': 1.0, 'clf__learning_rate': 0.03, 'clf__max_depth': 3, 'clf__min_child_weight': 1, 'clf__n_estimators': 600, 'clf__reg_alpha': 0.0, 'clf__reg_lambda': 10.0, 'clf__subsample': 0.8}",0.8051548378522062,0.8223957996473634,0.7981178036143354,0.79393864013267,0.8478930291480152,0.813500022078918,0.01975305648308196,845,0.9990802514078543,1.0,1.0,1.0,0.9990825960013635,0.9996325694818436,0.0004500092534836805
40.38962082862854,0.21085691955873567,0.017047834396362305,0.0004614712998841325,1.0,0.03,3,1,600,0.0,10.0,1.0,"{'clf__colsample_bytree': 1.0, 'clf__learning_rate': 0.03, 'clf__max_depth': 3, 'clf__min_child_weight': 1, 'clf__n_estimators': 600, 'clf__reg_alpha': 0.0, 'clf__reg_lambda': 10.0, 'clf__subsample': 1.0}",0.7986220069970799,0.8172569863565691,0.7894040541796327,0.8011003393608112,0.8367497070752015,0.8086266187938588,0.01668313800461015,1188,1.0,1.0,1.0,1.0,1.0,1.0,0.0
37.078377151489256,0.2573744392836903,0.017325639724731445,0.0010620322033671398,1.0,0.03,3,1,600,0.1,1.0,0.8,"{'clf__colsample_bytree': 1.0, 'clf__learning_rate': 0.03, 'clf__max_depth': 3, 'clf__min_child_weight': 1, 'clf__n_estimators': 600, 'clf__reg_alpha': 0.1, 'clf__reg_lambda': 1.0, 'clf__subsample': 0.8}",0.8205821796754574,0.8236214917407578,0.7779947381530605,0.8185460648054854,0.8472939631008359,0.8176076874951195,0.022344371605070676,393,1.0,1.0,1.0,1.0,1.0,1.0,0.0
38.04467482566834,0.20559045419108807,0.01724100112915039,0.0001264714719177313,1.0,0.03,3,1,600,0.1,1.0,1.0,"{'clf__colsample_bytree': 1.0, 'clf__learning_rate': 0.03, 'clf__max_depth': 3, 'clf__min_child_weight': 1, 'clf__n_estimators': 600, 'clf__reg_alpha': 0.1, 'clf__reg_lambda': 1.0, 'clf__subsample': 1.0}",0.8073880571483311,0.827862102126808,0.7867074507805633,0.8163670225340054,0.8252330049873488,0.8127115275154113,0.014860964279263632,923,1.0,1.0,1.0,1.0,1.0,1.0,0.0
40.012943744659424,0.23799126327845047,0.017008304595947266,0.0005187507915697249,1.0,0.03,3,1,600,0.1,10.0,0.8,"{'clf__colsample_bytree': 1.0, 'clf__learning_rate': 0.03, 'clf__max_depth': 3, 'clf__min_child_weight': 1, 'clf__n_estimators': 600, 'clf__reg_alpha': 0.1, 'clf__reg_lambda': 10.0, 'clf__subsample': 0.8}",0.7991327063740856,0.8254002891479173,0.8073575746473713,0.803716141514649,0.8466618625728888,0.8164537148513823,0.017536112774489365,515,0.9990802514078543,1.0,1.0,0.9990771574058865,0.9990825960013635,0.9994480009630209,0.00045070862846163887
41.00084614753723,0.2160794563968786,0.01694188117980957,0.00049273294889648,1.0,0.03,3,1,600,0.1,10.0,1.0,"{'clf__colsample_bytree': 1.0, 'clf__learning_rate': 0.03, 'clf__max_depth': 3, 'clf__min_child_weight': 1, 'clf__n_estimators': 600, 'clf__reg_alpha': 0.1, 'clf__reg_lambda': 10.0, 'clf__subsample': 1.0}",0.7936454567104723,0.8084412965339216,0.7926405935152959,0.8004873514175899,0.8326397444826783,0.8055708885319917,0.014671148608875596,1260,1.0,1.0,1.0,1.0,0.9990825960013635,0.9998165192002727,0.00036696159945459605
52.991715574264525,0.8071996006916362,0.025990390777587892,0.0006539646411263347,1.0,0.03,3,1,1000,0.0,1.0,0.8,"{'clf__colsample_bytree': 1.0, 'clf__learning_rate': 0.03, 'clf__max_depth': 3, 'clf__min_child_weight': 1, 'clf__n_estimators': 1000, 'clf__reg_alpha': 0.0, 'clf__reg_lambda': 1.0, 'clf__subsample': 0.8}",0.8205821796754574,0.8291060972253632,0.7898573536645352,0.814464301109215,0.8488133150324986,0.8205646493414139,0.019241081097146496,156,1.0,1.0,1.0,1.0,1.0,1.0,0.0
55.316048526763915,0.5535103040565781,0.02664504051208496,0.0003847529740087275,1.0,0.03,3,1,1000,0.0,1.0,1.0,"{'clf__colsample_bytree': 1.0, 'clf__learning_rate': 0.03, 'clf__max_depth': 3, 'clf__min_child_weight': 1, 'clf__n_estimators': 1000, 'clf__reg_alpha': 0.0, 'clf__reg_lambda': 1.0, 'clf__subsample': 1.0}",0.8117422979497283,0.827557442398439,0.7987255302349642,0.8037193552756332,0.8340101185732569,0.8151509488864044,0.013577068712403726,655,1.0,1.0,1.0,1.0,1.0,1.0,0.0
62.71669020652771,0.4398807676348961,0.02762327194213867,0.0007629879787033469,1.0,0.03,3,1,1000,0.0,10.0,0.8,"{'clf__colsample_bytree': 1.0, 'clf__learning_rate': 0.03, 'clf__max_depth': 3, 'clf__min_child_weight': 1, 'clf__n_estimators': 1000, 'clf__reg_alpha': 0.0, 'clf__reg_lambda': 10.0, 'clf__subsample': 0.8}",0.8140065124933547,0.8266404808296993,0.7953423571733431,0.8031103198534392,0.8478930291480152,0.8173985398995702,0.018533545937803816,413,1.0,1.0,1.0,1.0,1.0,1.0,0.0
64.64312362670898,0.565063667800736,0.027051639556884766,0.0006151775103983647,1.0,0.03,3,1,1000,0.0,10.0,1.0,"{'clf__colsample_bytree': 1.0, 'clf__learning_rate': 0.03, 'clf__max_depth': 3, 'clf__min_child_weight': 1, 'clf__n_estimators': 1000, 'clf__reg_alpha': 0.0, 'clf__reg_lambda': 10.0, 'clf__subsample': 1.0}",0.7981578131779582,0.8258045693578171,0.7951251083576804,0.7905486237606314,0.8336253569413152,0.8086522943190804,0.017542611994130482,1187,1.0,1.0,1.0,1.0,1.0,1.0,0.0
54.86480965614319,0.6685566295332622,0.026593923568725586,0.0009642903847891293,1.0,0.03,3,1,1000,0.1,1.0,0.8,"{'clf__colsample_bytree': 1.0, 'clf__learning_rate': 0.03, 'clf__max_depth': 3, 'clf__min_child_weight': 1, 'clf__n_estimators': 1000, 'clf__reg_alpha': 0.1, 'clf__reg_lambda': 1.0, 'clf__subsample': 0.8}",0.8205821796754574,0.8342462469307304,0.785770792690557,0.8170662791313332,0.8579187182908086,0.8231168433437773,0.02354907841348951,53,1.0,1.0,1.0,1.0,1.0,1.0,0.0
57.28515777587891,0.7021229564722101,0.026294183731079102,0.0004284160265448233,1.0,0.03,3,1,1000,0.1,1.0,1.0,"{'clf__colsample_bytree': 1.0, 'clf__learning_rate': 0.03, 'clf__max_depth': 3, 'clf__min_child_weight': 1, 'clf__n_estimators': 1000, 'clf__reg_alpha': 0.1, 'clf__reg_lambda': 1.0, 'clf__subsample': 1.0}",0.8180498923073181,0.8367812225913719,0.7811549724011391,0.8255172653856864,0.8377840532862748,0.819857481194358,0.0206927993824221,200,1.0,1.0,1.0,1.0,1.0,1.0,0.0
63.71941847801209,0.5957101084900446,0.027317047119140625,0.0006323423295863329,1.0,0.03,3,1,1000,0.1,10.0,0.8,"{'clf__colsample_bytree': 1.0, 'clf__learning_rate': 0.03, 'clf__max_depth': 3, 'clf__min_child_weight': 1, 'clf__n_estimators': 1000, 'clf__reg_alpha': 0.1, 'clf__reg_lambda': 10.0, 'clf__subsample': 0.8}",0.8085250125691302,0.8310377699466884,0.7945186939177081,0.7980334342274641,0.8466618625728888,0.815755354646776,0.02003049933683932,588,1.0,1.0,1.0,1.0,1.0,1.0,0.0
65.93089365959167,0.515656657839633,0.027261877059936525,0.0005079087928483624,1.0,0.03,3,1,1000,0.1,10.0,1.0,"{'clf__colsample_bytree': 1.0, 'clf__learning_rate': 0.03, 'clf__max_depth': 3, 'clf__min_child_weight': 1, 'clf__n_estimators': 1000, 'clf__reg_alpha': 0.1, 'clf__reg_lambda': 10.0, 'clf__subsample': 1.0}",0.794070554192258,0.8227818882230646,0.7944495622068946,0.8052768406022666,0.839388094284917,0.8111933879018801,0.017537317199730115,1062,1.0,1.0,1.0,1.0,1.0,1.0,0.0
17.511035919189453,0.19786467666490318,0.010350608825683593,0.00028863826415828907,1.0,0.03,3,3,300,0.0,1.0,0.8,"{'clf__colsample_bytree': 1.0, 'clf__learning_rate': 0.03, 'clf__max_depth': 3, 'clf__min_child_weight': 3, 'clf__n_estimators': 300, 'clf__reg_alpha': 0.0, 'clf__reg_lambda': 1.0, 'clf__subsample': 0.8}",0.8252219282033408,0.8312529001039257,0.7818886078064938,0.7972298687762247,0.8420337091194939,0.8155254028018957,0.022406372410191833,613,0.9896032797904208,0.9892187938761177,0.9927757458968394,0.9922890391300833,0.9896233970271676,0.9907020511441258,0.0015092770527545649
17.870205307006835,0.11103221128674705,0.010218667984008788,0.00033628463150118745,1.0,0.03,3,3,300,0.0,1.0,1.0,"{'clf__colsample_bytree': 1.0, 'clf__learning_rate': 0.03, 'clf__max_depth': 3, 'clf__min_child_weight': 3, 'clf__n_estimators': 300, 'clf__reg_alpha': 0.0, 'clf__reg_lambda': 1.0, 'clf__subsample': 1.0}",0.8260854396713274,0.8323263794038341,0.7845040145098694,0.7907553162109915,0.8103984056036068,0.8088139110799257,0.01881880128674041,1184,0.9906401874051532,0.9872627837780947,0.9899298273030721,0.9887422338593748,0.9843219669657007,0.9881793998622792,0.002243043791918601
18.69146270751953,0.22724088344663806,0.010871553421020507,0.000281929242937631,1.0,0.03,3,3,300,0.0,10.0,0.8,"{'clf__colsample_bytree': 1.0, 'clf__learning_rate': 0.03, 'clf__max_depth': 3, 'clf__min_child_weight': 3, 'clf__n_estimators': 300, 'clf__reg_alpha': 0.0, 'clf__reg_lambda': 10.0, 'clf__subsample': 0.8}",0.802469690005187,0.8259228580124314,0.7800218078721062,0.8036619632276586,0.8412480537530398,0.8106648745740845,0.021087134758629687,1104,0.9767050945214854,0.9707232238600338,0.9696420965369175,0.9721314537061344,0.9733213610597327,0.9725046459368608,0.0024420367740064417
19.016139602661134,0.08862472633420053,0.010492658615112305,0.00031894309768609286,1.0,0.03,3,3,300,0.0,10.0,1.0,"{'clf__colsample_bytree': 1.0, 'clf__learning_rate': 0.03, 'clf__max_depth': 3, 'clf__min_child_weight': 3, 'clf__n_estimators': 300, 'clf__reg_alpha': 0.0, 'clf__reg_lambda': 10.0, 'clf__subsample': 1.0}",0.8042666792666794,0.8306847627743361,0.7808255250221452,0.7970416236670107,0.8228197329266753,0.8071276647313692,0.017904713836957707,1230,0.9715402667059686,0.9767309241686598,0.973984919155904,0.9780134443040778,0.9701899586115645,0.974091902589235,0.002969524617125797
17.7222403049469,0.11312290545557274,0.010569381713867187,0.0003179622754010518,1.0,0.03,3,3,300,0.1,1.0,0.8,"{'clf__colsample_bytree': 1.0, 'clf__learning_rate': 0.03, 'clf__max_depth': 3, 'clf__min_child_weight': 3, 'clf__n_estimators': 300, 'clf__reg_alpha': 0.1, 'clf__reg_lambda': 1.0, 'clf__subsample': 0.8}",0.831946510683069,0.8267102194205981,0.7845755401802174,0.8068394623173932,0.8356742620944877,0.817149198939153,0.019083424360192933,436,0.9893977332704662,0.9892187938761177,0.9916609898447452,0.9922890391300833,0.9896233970271676,0.990437990629716,0.0012770470990096368
18.209609603881837,0.1341300527183246,0.0103271484375,0.00015045428189146382,1.0,0.03,3,3,300,0.1,1.0,1.0,"{'clf__colsample_bytree': 1.0, 'clf__learning_rate': 0.03, 'clf__max_depth': 3, 'clf__min_child_weight': 3, 'clf__n_estimators': 300, 'clf__reg_alpha': 0.1, 'clf__reg_lambda': 1.0, 'clf__subsample': 1.0}",0.8272536789046556,0.8247692581287516,0.7828765201273352,0.7907553162109915,0.8163421599169263,0.8083993866577319,0.018161908561685175,1195,0.987081343276456,0.9872627837780947,0.9899298273030721,0.9899682069168999,0.9850349841999575,0.987855429094896,0.0018800162117629112
18.711146211624147,0.1501969913267218,0.01056981086730957,0.00034862539363587165,1.0,0.03,3,3,300,0.1,10.0,0.8,"{'clf__colsample_bytree': 1.0, 'clf__learning_rate': 0.03, 'clf__max_depth': 3, 'clf__min_child_weight': 3, 'clf__n_estimators': 300, 'clf__reg_alpha': 0.1, 'clf__reg_lambda': 10.0, 'clf__subsample': 0.8}",0.8074203133533417,0.8259228580124314,0.7760720123359282,0.7931476125598553,0.8382198647069588,0.8081565321937031,0.02224712294279844,1200,0.9767050945214854,0.9707232238600338,0.9696420965369175,0.9721314537061344,0.9724026498808768,0.9723209037010896,0.002407998819994586
19.15641884803772,0.1431222216650813,0.010530996322631835,0.0003360063207535941,1.0,0.03,3,3,300,0.1,10.0,1.0,"{'clf__colsample_bytree': 1.0, 'clf__learning_rate': 0.03, 'clf__max_depth': 3, 'clf__min_child_weight': 3, 'clf__n_estimators': 300, 'clf__reg_alpha': 0.1, 'clf__reg_lambda': 10.0, 'clf__subsample': 1.0}",0.7997870029917973,0.8306847627743361,0.7808255250221452,0.7970416236670107,0.8255523746149993,0.8067782578140577,0.01866125649008044,1235,0.9715402667059686,0.9752955109721365,0.9744089613259714,0.9765582065351296,0.9682046843614005,0.9732015259801212,0.0029946013473617014
30.51753101348877,0.16177008677935556,0.017409038543701173,0.0006022791464124621,1.0,0.03,3,3,600,0.0,1.0,0.8,"{'clf__colsample_bytree': 1.0, 'clf__learning_rate': 0.03, 'clf__max_depth': 3, 'clf__min_child_weight': 3, 'clf__n_estimators': 600, 'clf__reg_alpha': 0.0, 'clf__reg_lambda': 1.0, 'clf__subsample': 0.8}",0.8209263448969331,0.8185848617041277,0.7862347068867761,0.8058203576767934,0.8446887102150764,0.8152509962759413,0.01918741898708067,646,1.0,1.0,1.0,1.0,1.0,1.0,0.0
31.69001111984253,0.4788299843300301,0.017583322525024415,0.0009209147456612563,1.0,0.03,3,3,600,0.0,1.0,1.0,"{'clf__colsample_bytree': 1.0, 'clf__learning_rate': 0.03, 'clf__max_depth': 3, 'clf__min_child_weight': 3, 'clf__n_estimators': 600, 'clf__reg_alpha': 0.0, 'clf__reg_lambda': 1.0, 'clf__subsample': 1.0}",0.8083916083916084,0.8338694355653341,0.8047902143528459,0.8261777874193956,0.8255268391812918,0.8197511769820951,0.011196919418581289,208,1.0,1.0,1.0,1.0,1.0,1.0,0.0
34.25739421844482,0.2093127378401887,0.018743228912353516,0.0004949483889091298,1.0,0.03,3,3,600,0.0,10.0,0.8,"{'clf__colsample_bytree': 1.0, 'clf__learning_rate': 0.03, 'clf__max_depth': 3, 'clf__min_child_weight': 3, 'clf__n_estimators': 600, 'clf__reg_alpha': 0.0, 'clf__reg_lambda': 10.0, 'clf__subsample': 0.8}",0.8047007516429241,0.8254002891479173,0.7926678596360133,0.8002856294032764,0.8494161033952052,0.8144941266450673,0.02055561412378063,739,0.9990802514078543,1.0,0.9990771574058865,0.9990771574058865,0.9981628558539307,0.9990794844147116,0.0005809592549252828
35.56754732131958,0.3276756998185074,0.018041706085205077,0.0005934859515740058,1.0,0.03,3,3,600,0.0,10.0,1.0,"{'clf__colsample_bytree': 1.0, 'clf__learning_rate': 0.03, 'clf__max_depth': 3, 'clf__min_child_weight': 3, 'clf__n_estimators': 600, 'clf__reg_alpha': 0.0, 'clf__reg_lambda': 10.0, 'clf__subsample': 1.0}",0.7950806196604516,0.8132524401343251,0.7968504714481407,0.8092165530638331,0.8343323329048185,0.8097464834423137,0.014131038448374761,1145,0.9990802514078543,0.9992893709207822,1.0,1.0,0.9990825960013635,0.999490443666,0.00042292386314810655
31.024074459075926,0.2685396583452182,0.0185699462890625,0.00045450618649534605,1.0,0.03,3,3,600,0.1,1.0,0.8,"{'clf__colsample_bytree': 1.0, 'clf__learning_rate': 0.03, 'clf__max_depth': 3, 'clf__min_child_weight': 3, 'clf__n_estimators': 600, 'clf__reg_alpha': 0.1, 'clf__reg_lambda': 1.0, 'clf__subsample': 0.8}",0.8209263448969331,0.823994708994709,0.7829452332025655,0.8035055428619785,0.8448228622880141,0.81523893844884,0.02080756896040865,648,1.0,1.0,1.0,1.0,1.0,1.0,0.0
32.588002347946166,0.40535543661133605,0.017739152908325194,0.0006917381611375762,1.0,0.03,3,3,600,0.1,1.0,1.0,"{'clf__colsample_bytree': 1.0, 'clf__learning_rate': 0.03, 'clf__max_depth': 3, 'clf__min_child_weight': 3, 'clf__n_estimators': 600, 'clf__reg_alpha': 0.1, 'clf__reg_lambda': 1.0, 'clf__subsample': 1.0}",0.806530450896648,0.8330867942314886,0.7972507012669334,0.8039378963486203,0.8243934202386052,0.8130398525964593,0.013455843227808519,893,1.0,1.0,1.0,1.0,1.0,1.0,0.0
34.86784114837646,0.22987997949517316,0.01824193000793457,0.0008998482362455875,1.0,0.03,3,3,600,0.1,10.0,0.8,"{'clf__colsample_bytree': 1.0, 'clf__learning_rate': 0.03, 'clf__max_depth': 3, 'clf__min_child_weight': 3, 'clf__n_estimators': 600, 'clf__reg_alpha': 0.1, 'clf__reg_lambda': 10.0, 'clf__subsample': 0.8}",0.7991327063740856,0.8268886237228015,0.7879562575219529,0.7976949384404924,0.8426943380691199,0.8108733728256905,0.02052204008249945,1086,0.9990802514078543,1.0,0.9990771574058865,0.9990771574058865,0.9981628558539307,0.9990794844147116,0.0005809592549252828
35.98221073150635,0.2517287709344599,0.018154335021972657,0.0004927696746654346,1.0,0.03,3,3,600,0.1,10.0,1.0,"{'clf__colsample_bytree': 1.0, 'clf__learning_rate': 0.03, 'clf__max_depth': 3, 'clf__min_child_weight': 3, 'clf__n_estimators': 600, 'clf__reg_alpha': 0.1, 'clf__reg_lambda': 10.0, 'clf__subsample': 1.0}",0.8000687393102255,0.8217635283906222,0.7990847490626936,0.803404486826249,0.8312862424330651,0.811121549204571,0.013011293478840448,1067,0.9990802514078543,0.9992893709207822,1.0,1.0,0.9990825960013635,0.999490443666,0.00042292386314810655
42.76997938156128,0.22455468430258965,0.026436424255371092,0.0013135333292272353,1.0,0.03,3,3,1000,0.0,1.0,0.8,"{'clf__colsample_bytree': 1.0, 'clf__learning_rate': 0.03, 'clf__max_depth': 3, 'clf__min_child_weight': 3, 'clf__n_estimators': 1000, 'clf__reg_alpha': 0.0, 'clf__reg_lambda': 1.0, 'clf__subsample': 0.8}",0.8167422979497283,0.8199289911618678,0.7871593532351158,0.8186549852982778,0.8467297174594689,0.8178430690208917,0.018879358297394747,361,1.0,1.0,1.0,1.0,1.0,1.0,0.0
45.323786067962644,0.5293289264901256,0.026858186721801756,0.000555225910896535,1.0,0.03,3,3,1000,0.0,1.0,1.0,"{'clf__colsample_bytree': 1.0, 'clf__learning_rate': 0.03, 'clf__max_depth': 3, 'clf__min_child_weight': 3, 'clf__n_estimators': 1000, 'clf__reg_alpha': 0.0, 'clf__reg_lambda': 1.0, 'clf__subsample': 1.0}",0.8115365862338957,0.8399452922283962,0.7857261301436285,0.803086397509261,0.8215053549234919,0.8123599522077347,0.018114229770563355,955,1.0,1.0,1.0,1.0,1.0,1.0,0.0
51.94922533035278,0.5595467184772797,0.028296184539794923,0.0008248275684329316,1.0,0.03,3,3,1000,0.0,10.0,0.8,"{'clf__colsample_bytree': 1.0, 'clf__learning_rate': 0.03, 'clf__max_depth': 3, 'clf__min_child_weight': 3, 'clf__n_estimators': 1000, 'clf__reg_alpha': 0.0, 'clf__reg_lambda': 10.0, 'clf__subsample': 0.8}",0.8140065124933547,0.8280450823270014,0.7951908910567607,0.8066835767495262,0.8524121015024841,0.8192676328258253,0.019704450118194692,244,1.0,1.0,1.0,1.0,1.0,1.0,0.0
54.61026496887207,0.5966329256015178,0.027905988693237304,0.0005149606284324057,1.0,0.03,3,3,1000,0.0,10.0,1.0,"{'clf__colsample_bytree': 1.0, 'clf__learning_rate': 0.03, 'clf__max_depth': 3, 'clf__min_child_weight': 3, 'clf__n_estimators': 1000, 'clf__reg_alpha': 0.0, 'clf__reg_lambda': 10.0, 'clf__subsample': 1.0}",0.813815438346801,0.8191914984346178,0.7894259339510756,0.8028129328129388,0.8343323329048185,0.8119156272900504,0.01515058828433826,1009,1.0,1.0,1.0,1.0,1.0,1.0,0.0
43.89259729385376,0.46739620278591937,0.0269899845123291,0.0014511058336090352,1.0,0.03,3,3,1000,0.1,1.0,0.8,"{'clf__colsample_bytree': 1.0, 'clf__learning_rate': 0.03, 'clf__max_depth': 3, 'clf__min_child_weight': 3, 'clf__n_estimators': 1000, 'clf__reg_alpha': 0.1, 'clf__reg_lambda': 1.0, 'clf__subsample': 0.8}",0.8167422979497283,0.8305537463518404,0.790415416916763,0.8054126870847814,0.8405316223902131,0.8167311541386653,0.017765991053984336,483,1.0,1.0,1.0,1.0,1.0,1.0,0.0
46.920605945587155,0.5920295982732847,0.026314830780029295,0.0006574603450874565,1.0,0.03,3,3,1000,0.1,1.0,1.0,"{'clf__colsample_bytree': 1.0, 'clf__learning_rate': 0.03, 'clf__max_depth': 3, 'clf__min_child_weight': 3, 'clf__n_estimators': 1000, 'clf__reg_alpha': 0.1, 'clf__reg_lambda': 1.0, 'clf__subsample': 1.0}",0.8128830628830629,0.8415830513859139,0.7912405968676779,0.8099922288817076,0.8242216527102122,0.8159841185457151,0.01661880552066406,559,1.0,1.0,1.0,1.0,1.0,1.0,0.0
52.80585107803345,0.25808705198733717,0.027498865127563478,0.0005155615880404362,1.0,0.03,3,3,1000,0.1,10.0,0.8,"{'clf__colsample_bytree': 1.0, 'clf__learning_rate': 0.03, 'clf__max_depth': 3, 'clf__min_child_weight': 3, 'clf__n_estimators': 1000, 'clf__reg_alpha': 0.1, 'clf__reg_lambda': 10.0, 'clf__subsample': 0.8}",0.8085250125691302,0.8310377699466884,0.7892548078704105,0.8041153139306354,0.8459678275331364,0.8157801463700002,0.02018112997847187,587,1.0,1.0,1.0,1.0,1.0,1.0,0.0
55.64896273612976,1.0173358400439414,0.02741870880126953,0.0008790213280663774,1.0,0.03,3,3,1000,0.1,10.0,1.0,"{'clf__colsample_bytree': 1.0, 'clf__learning_rate': 0.03, 'clf__max_depth': 3, 'clf__min_child_weight': 3, 'clf__n_estimators': 1000, 'clf__reg_alpha': 0.1, 'clf__reg_lambda': 10.0, 'clf__subsample': 1.0}",0.8041854967209937,0.8156968216899724,0.7859891429213686,0.8029420774157616,0.8353119911111664,0.8088251059718525,0.016287374059248256,1183,1.0,1.0,1.0,1.0,1.0,1.0,0.0
16.245216131210327,0.21771287517599489,0.011184263229370116,0.0002996679848611432,1.0,0.03,3,5,300,0.0,1.0,0.8,"{'clf__colsample_bytree': 1.0, 'clf__learning_rate': 0.03, 'clf__max_depth': 3, 'clf__min_child_weight': 5, 'clf__n_estimators': 300, 'clf__reg_alpha': 0.0, 'clf__reg_lambda': 1.0, 'clf__subsample': 0.8}",0.8210498842778982,0.8236939280391774,0.7855448281244928,0.790482881604377,0.8316215790368612,0.8104786202165613,0.018734696384597245,1110,0.9852226199332291,0.9832884582564084,0.987359280278714,0.9870921242264157,0.9860545329728589,0.9858034031335252,0.0014701618144318353
16.770861101150512,0.15136597283286002,0.010754108428955078,0.0005567149278182476,1.0,0.03,3,5,300,0.0,1.0,1.0,"{'clf__colsample_bytree': 1.0, 'clf__learning_rate': 0.03, 'clf__max_depth': 3, 'clf__min_child_weight': 5, 'clf__n_estimators': 300, 'clf__reg_alpha': 0.0, 'clf__reg_lambda': 1.0, 'clf__subsample': 1.0}",0.831886470291434,0.8251456511727817,0.7746102663615094,0.7979708145884616,0.82109305827727,0.8101412521382911,0.02111160373370027,1128,0.9814697319846264,0.9831727328758084,0.9841727227648693,0.9926821577966647,0.9838022194415283,0.9850599129726995,0.0039222025415551155
17.536718082427978,0.17696035261347468,0.012111473083496093,0.0006979552873269079,1.0,0.03,3,5,300,0.0,10.0,0.8,"{'clf__colsample_bytree': 1.0, 'clf__learning_rate': 0.03, 'clf__max_depth': 3, 'clf__min_child_weight': 5, 'clf__n_estimators': 300, 'clf__reg_alpha': 0.0, 'clf__reg_lambda': 10.0, 'clf__subsample': 0.8}",0.802469690005187,0.8267102194205981,0.7751915015007039,0.7952048025284489,0.8393430345043249,0.8077838495918526,0.022816325288987898,1211,0.9723498750815762,0.9700195061631638,0.9681572449725029,0.9707630163883653,0.9703111941928624,0.970320167359694,0.0013479272698701421
17.974784517288207,0.154402885609687,0.01105036735534668,0.0003374368935579825,1.0,0.03,3,5,300,0.0,10.0,1.0,"{'clf__colsample_bytree': 1.0, 'clf__learning_rate': 0.03, 'clf__max_depth': 3, 'clf__min_child_weight': 5, 'clf__n_estimators': 300, 'clf__reg_alpha': 0.0, 'clf__reg_lambda': 10.0, 'clf__subsample': 1.0}",0.7937213459186553,0.8180947785355246,0.7771203350406509,0.7907033460150229,0.820798529086251,0.800087666919221,0.016788625530396006,1292,0.969367988437374,0.971372277413312,0.9716609923377293,0.9752285806012075,0.9674066546015043,0.9710072986782254,0.0026088971533513357
16.691151714324953,0.23673700065413622,0.010733509063720703,0.0006102113749025605,1.0,0.03,3,5,300,0.1,1.0,0.8,"{'clf__colsample_bytree': 1.0, 'clf__learning_rate': 0.03, 'clf__max_depth': 3, 'clf__min_child_weight': 5, 'clf__n_estimators': 300, 'clf__reg_alpha': 0.1, 'clf__reg_lambda': 1.0, 'clf__subsample': 0.8}",0.8260003793274031,0.8222346959167699,0.7845755401802174,0.7977880764095717,0.8304280143480853,0.8122053412364096,0.017856204961096047,978,0.9845108942628239,0.9832884582564084,0.987359280278714,0.9890261945185544,0.9849379151943519,0.9858245485021706,0.0020760298002627862
17.104835748672485,0.17807452068378699,0.010377264022827149,0.00026905878801752035,1.0,0.03,3,5,300,0.1,1.0,1.0,"{'clf__colsample_bytree': 1.0, 'clf__learning_rate': 0.03, 'clf__max_depth': 3, 'clf__min_child_weight': 5, 'clf__n_estimators': 300, 'clf__reg_alpha': 0.1, 'clf__reg_lambda': 1.0, 'clf__subsample': 1.0}",0.8209496996996997,0.8296601901440612,0.7830270067516879,0.7942132758911767,0.8163421599169263,0.8088384664807103,0.01741642451656215,1181,0.9812674284486018,0.9838872432396788,0.9854135744951661,0.9917580244847879,0.9838022194415283,0.9852256980219526,0.0035268183132868697
17.301281356811522,0.13309784255540796,0.011124229431152344,0.000388730174575122,1.0,0.03,3,5,300,0.1,10.0,0.8,"{'clf__colsample_bytree': 1.0, 'clf__learning_rate': 0.03, 'clf__max_depth': 3, 'clf__min_child_weight': 5, 'clf__n_estimators': 300, 'clf__reg_alpha': 0.1, 'clf__reg_lambda': 10.0, 'clf__subsample': 0.8}",0.8051839339339338,0.8231831610555302,0.7774590586054176,0.7959811738981816,0.8363057721114318,0.8076226199208991,0.02057262523871702,1215,0.9729401938537131,0.9664362865943894,0.9675868086076946,0.9704989801738331,0.9681728904377493,0.9691270319334759,0.0023214318930836614
17.871600770950316,0.10368069748446897,0.010763072967529297,0.0003519802673806393,1.0,0.03,3,5,300,0.1,10.0,1.0,"{'clf__colsample_bytree': 1.0, 'clf__learning_rate': 0.03, 'clf__max_depth': 3, 'clf__min_child_weight': 5, 'clf__n_estimators': 300, 'clf__reg_alpha': 0.1, 'clf__reg_lambda': 10.0, 'clf__subsample': 1.0}",0.7992826282299967,0.8171552334597465,0.7862600465991372,0.7896886824905401,0.8235253252954445,0.8031823832149729,0.014783297069161204,1279,0.9686519751123528,0.9694303470115591,0.9704450921157992,0.9739778216767994,0.9648913571318144,0.969479318609665,0.0029293526353914765
27.5429527759552,0.2206382863859256,0.018182706832885743,0.0008978300918931836,1.0,0.03,3,5,600,0.0,1.0,0.8,"{'clf__colsample_bytree': 1.0, 'clf__learning_rate': 0.03, 'clf__max_depth': 3, 'clf__min_child_weight': 5, 'clf__n_estimators': 600, 'clf__reg_alpha': 0.0, 'clf__reg_lambda': 1.0, 'clf__subsample': 0.8}",0.8210498842778982,0.8175309849967384,0.7880567163586031,0.8004844105995607,0.8484763691290418,0.8151196730723683,0.020495099588414785,663,1.0,1.0,1.0,1.0,1.0,1.0,0.0
29.082086992263793,0.25492769872208376,0.018724584579467775,0.0008844130118588711,1.0,0.03,3,5,600,0.0,1.0,1.0,"{'clf__colsample_bytree': 1.0, 'clf__learning_rate': 0.03, 'clf__max_depth': 3, 'clf__min_child_weight': 5, 'clf__n_estimators': 600, 'clf__reg_alpha': 0.0, 'clf__reg_lambda': 1.0, 'clf__subsample': 1.0}",0.8108710255261979,0.833536591554769,0.7936876245424758,0.8100862155641465,0.8272433543120677,0.8150849622999313,0.014063284919583613,668,1.0,1.0,1.0,1.0,1.0,1.0,0.0
30.889926624298095,0.31917071130236563,0.017994785308837892,0.0008695311775755672,1.0,0.03,3,5,600,0.0,10.0,0.8,"{'clf__colsample_bytree': 1.0, 'clf__learning_rate': 0.03, 'clf__max_depth': 3, 'clf__min_child_weight': 5, 'clf__n_estimators': 600, 'clf__reg_alpha': 0.0, 'clf__reg_lambda': 10.0, 'clf__subsample': 0.8}",0.802469690005187,0.8223957996473634,0.7949617540186573,0.7960973651600369,0.8510453106779943,0.8133939839018478,0.02124577798164775,857,0.9981581327810707,1.0,0.9981566985217796,0.9980414334996128,0.9972407542235628,0.9983194038052051,0.0009074841412616664
32.428648710250854,0.2868465062397733,0.018825578689575195,0.0006480818594934813,1.0,0.03,3,5,600,0.0,10.0,1.0,"{'clf__colsample_bytree': 1.0, 'clf__learning_rate': 0.03, 'clf__max_depth': 3, 'clf__min_child_weight': 5, 'clf__n_estimators': 600, 'clf__reg_alpha': 0.0, 'clf__reg_lambda': 10.0, 'clf__subsample': 1.0}",0.8083315984202366,0.8041616907485908,0.7868586789554531,0.7989037691368194,0.8370840460506362,0.8070679566623472,0.016649790735056413,1232,0.9981581327810707,0.9992893709207822,1.0,0.9990771574058865,0.9981628558539307,0.998937503392334,0.000704231552947543
28.170788383483888,0.21303693421137046,0.01840825080871582,0.0008500937176910815,1.0,0.03,3,5,600,0.1,1.0,0.8,"{'clf__colsample_bytree': 1.0, 'clf__learning_rate': 0.03, 'clf__max_depth': 3, 'clf__min_child_weight': 5, 'clf__n_estimators': 600, 'clf__reg_alpha': 0.1, 'clf__reg_lambda': 1.0, 'clf__subsample': 0.8}",0.8168065675345815,0.817949535380728,0.7860977139671035,0.8013340638390749,0.84588014670035,0.8136136054843675,0.019889878862231803,838,1.0,1.0,1.0,1.0,1.0,1.0,0.0
29.637708044052125,0.39411155689525085,0.018358469009399414,0.0010943862702173413,1.0,0.03,3,5,600,0.1,1.0,1.0,"{'clf__colsample_bytree': 1.0, 'clf__learning_rate': 0.03, 'clf__max_depth': 3, 'clf__min_child_weight': 5, 'clf__n_estimators': 600, 'clf__reg_alpha': 0.1, 'clf__reg_lambda': 1.0, 'clf__subsample': 1.0}",0.8046943743886857,0.8248634547946474,0.7852399687398329,0.8041410033127604,0.8359937502366651,0.8109865102945184,0.017704620754513047,1074,1.0,1.0,1.0,1.0,1.0,1.0,0.0
31.397613620758058,0.35018542098799454,0.019176006317138672,0.0008184406368929764,1.0,0.03,3,5,600,0.1,10.0,0.8,"{'clf__colsample_bytree': 1.0, 'clf__learning_rate': 0.03, 'clf__max_depth': 3, 'clf__min_child_weight': 5, 'clf__n_estimators': 600, 'clf__reg_alpha': 0.1, 'clf__reg_lambda': 10.0, 'clf__subsample': 0.8}",0.7991327063740856,0.8280450823270014,0.7866573295985061,0.7962455886563127,0.8437169312169313,0.8107595276345674,0.021502251972168616,1095,0.9981581327810707,1.0,0.9981566985217796,0.9980414334996128,0.9972407542235628,0.9983194038052051,0.0009074841412616664
32.63186340332031,0.21634160186323437,0.019133567810058594,0.0007785844224481725,1.0,0.03,3,5,600,0.1,10.0,1.0,"{'clf__colsample_bytree': 1.0, 'clf__learning_rate': 0.03, 'clf__max_depth': 3, 'clf__min_child_weight': 5, 'clf__n_estimators': 600, 'clf__reg_alpha': 0.1, 'clf__reg_lambda': 10.0, 'clf__subsample': 1.0}",0.8118065138613084,0.8121785633894828,0.7870241685644529,0.7983037321208677,0.8370840460506362,0.8092794047973497,0.016755001679920906,1167,0.9981581327810707,0.9992893709207822,1.0,0.9990771574058865,0.9981628558539307,0.998937503392334,0.000704231552947543
38.35363121032715,0.3888443284738095,0.027209043502807617,0.0012876052333382043,1.0,0.03,3,5,1000,0.0,1.0,0.8,"{'clf__colsample_bytree': 1.0, 'clf__learning_rate': 0.03, 'clf__max_depth': 3, 'clf__min_child_weight': 5, 'clf__n_estimators': 1000, 'clf__reg_alpha': 0.0, 'clf__reg_lambda': 1.0, 'clf__subsample': 0.8}",0.8168065675345815,0.8229384242791669,0.7884812275912807,0.7955541470967263,0.8512534061677601,0.815006754533903,0.022189988653175223,682,1.0,1.0,1.0,1.0,1.0,1.0,0.0
41.795660972595215,0.5681545999134633,0.028404760360717773,0.002668165246096157,1.0,0.03,3,5,1000,0.0,1.0,1.0,"{'clf__colsample_bytree': 1.0, 'clf__learning_rate': 0.03, 'clf__max_depth': 3, 'clf__min_child_weight': 5, 'clf__n_estimators': 1000, 'clf__reg_alpha': 0.0, 'clf__reg_lambda': 1.0, 'clf__subsample': 1.0}",0.8179050876419298,0.8497539792616076,0.7881511470985154,0.8080627601212509,0.8224958803326219,0.8172737708911851,0.02007786273295736,422,1.0,1.0,1.0,1.0,1.0,1.0,0.0
46.95339856147766,0.4737832172583311,0.03075375556945801,0.0029264218234613436,1.0,0.03,3,5,1000,0.0,10.0,0.8,"{'clf__colsample_bytree': 1.0, 'clf__learning_rate': 0.03, 'clf__max_depth': 3, 'clf__min_child_weight': 5, 'clf__n_estimators': 1000, 'clf__reg_alpha': 0.0, 'clf__reg_lambda': 10.0, 'clf__subsample': 0.8}",0.802469690005187,0.8373734608809236,0.7918575577234274,0.8025147887022103,0.851249603073428,0.8170930200770352,0.02298331400733149,442,1.0,1.0,1.0,1.0,1.0,1.0,0.0
49.74663815498352,0.7464029218019612,0.03149881362915039,0.0022350354016773114,1.0,0.03,3,5,1000,0.0,10.0,1.0,"{'clf__colsample_bytree': 1.0, 'clf__learning_rate': 0.03, 'clf__max_depth': 3, 'clf__min_child_weight': 5, 'clf__n_estimators': 1000, 'clf__reg_alpha': 0.0, 'clf__reg_lambda': 10.0, 'clf__subsample': 1.0}",0.8011382439953868,0.8241981710813739,0.7792486955462463,0.8122398878091478,0.8277992623625882,0.8089248521589486,0.017560254159880155,1177,1.0,1.0,1.0,1.0,1.0,1.0,0.0
40.394947385787965,0.5222012446352277,0.02920398712158203,0.0018498172670831147,1.0,0.03,3,5,1000,0.1,1.0,0.8,"{'clf__colsample_bytree': 1.0, 'clf__learning_rate': 0.03, 'clf__max_depth': 3, 'clf__min_child_weight': 5, 'clf__n_estimators': 1000, 'clf__reg_alpha': 0.1, 'clf__reg_lambda': 1.0, 'clf__subsample': 0.8}",0.8168065675345815,0.8210371819960862,0.7984145820418909,0.7939811226626043,0.8507192756687196,0.8161917459807764,0.020126330554599496,539,1.0,1.0,1.0,1.0,1.0,1.0,0.0
43.2683340549469,0.5793891748230323,0.029378890991210938,0.0017019712490404214,1.0,0.03,3,5,1000,0.1,1.0,1.0,"{'clf__colsample_bytree': 1.0, 'clf__learning_rate': 0.03, 'clf__max_depth': 3, 'clf__min_child_weight': 5, 'clf__n_estimators': 1000, 'clf__reg_alpha': 0.1, 'clf__reg_lambda': 1.0, 'clf__subsample': 1.0}",0.8137499581161552,0.8350124190877616,0.7993072567243183,0.8198815396489815,0.824885340948425,0.8185673029051284,0.011884804238173412,300,1.0,1.0,1.0,1.0,1.0,1.0,0.0
48.31141057014465,0.6171857274666726,0.03167314529418945,0.002000322992080027,1.0,0.03,3,5,1000,0.1,10.0,0.8,"{'clf__colsample_bytree': 1.0, 'clf__learning_rate': 0.03, 'clf__max_depth': 3, 'clf__min_child_weight': 5, 'clf__n_estimators': 1000, 'clf__reg_alpha': 0.1, 'clf__reg_lambda': 10.0, 'clf__subsample': 0.8}",0.7991327063740856,0.8213525742937509,0.8094919172368364,0.7991531708861718,0.8426292690893655,0.8143519275760422,0.01633930045587287,752,1.0,1.0,1.0,1.0,1.0,1.0,0.0
51.7098023891449,0.16634346049939724,0.03213281631469726,0.0024976718393885902,1.0,0.03,3,5,1000,0.1,10.0,1.0,"{'clf__colsample_bytree': 1.0, 'clf__learning_rate': 0.03, 'clf__max_depth': 3, 'clf__min_child_weight': 5, 'clf__n_estimators': 1000, 'clf__reg_alpha': 0.1, 'clf__reg_lambda': 10.0, 'clf__subsample': 1.0}",0.8122182020127225,0.8305361022320008,0.7817911479338999,0.8184824434824435,0.8353119911111664,0.8156679773544466,0.018838312848721717,599,1.0,1.0,1.0,1.0,1.0,1.0,0.0
49.19211506843567,0.7282095319053244,0.01873888969421387,0.0032128285645460896,1.0,0.03,5,1,300,0.0,1.0,0.8,"{'clf__colsample_bytree': 1.0, 'clf__learning_rate': 0.03, 'clf__max_depth': 5, 'clf__min_child_weight': 1, 'clf__n_estimators': 300, 'clf__reg_alpha': 0.0, 'clf__reg_lambda': 1.0, 'clf__subsample': 0.8}",0.8279524287570956,0.8247062921374848,0.786144278499416,0.8084230405974364,0.8407260616573593,0.8175904203297584,0.018794496199910197,394,1.0,1.0,1.0,1.0,1.0,1.0,0.0
53.15910449028015,0.7345869285629846,0.017297887802124025,0.002083062913306742,1.0,0.03,5,1,300,0.0,1.0,1.0,"{'clf__colsample_bytree': 1.0, 'clf__learning_rate': 0.03, 'clf__max_depth': 5, 'clf__min_child_weight': 1, 'clf__n_estimators': 300, 'clf__reg_alpha': 0.0, 'clf__reg_lambda': 1.0, 'clf__subsample': 1.0}",0.8322082819141643,0.8064969940213499,0.7981956309912435,0.798718610251118,0.8190316799968749,0.8109302394349502,0.013033312973766838,1079,1.0,1.0,1.0,1.0,1.0,1.0,0.0
58.07790575027466,1.0281723298548044,0.02135009765625,0.0037162327263173087,1.0,0.03,5,1,300,0.0,10.0,0.8,"{'clf__colsample_bytree': 1.0, 'clf__learning_rate': 0.03, 'clf__max_depth': 5, 'clf__min_child_weight': 1, 'clf__n_estimators': 300, 'clf__reg_alpha': 0.0, 'clf__reg_lambda': 10.0, 'clf__subsample': 0.8}",0.8237630913687252,0.8282418331730259,0.7942430975449843,0.8020200088704044,0.8442569309943082,0.8185049923902895,0.018143925916383495,303,0.9981581327810707,1.0,0.9981519138755981,0.9990771574058865,0.9981581327810707,0.9987090673687252,0.000737492398414974
62.48528614044189,1.234678877309581,0.019958925247192384,0.0031806074515915396,1.0,0.03,5,1,300,0.0,10.0,1.0,"{'clf__colsample_bytree': 1.0, 'clf__learning_rate': 0.03, 'clf__max_depth': 5, 'clf__min_child_weight': 1, 'clf__n_estimators': 300, 'clf__reg_alpha': 0.0, 'clf__reg_lambda': 10.0, 'clf__subsample': 1.0}",0.8252356903495544,0.8271577044092682,0.7996027805362463,0.7994725943182553,0.8396464445360821,0.8182230428298812,0.01603908370643095,331,1.0,1.0,1.0,1.0,1.0,1.0,0.0
51.493264245986936,0.5118570819490704,0.019106054306030275,0.002904404583969595,1.0,0.03,5,1,300,0.1,1.0,0.8,"{'clf__colsample_bytree': 1.0, 'clf__learning_rate': 0.03, 'clf__max_depth': 5, 'clf__min_child_weight': 1, 'clf__n_estimators': 300, 'clf__reg_alpha': 0.1, 'clf__reg_lambda': 1.0, 'clf__subsample': 0.8}",0.8332245329672419,0.8183985631688794,0.7920312728763433,0.8014896194843026,0.8389145642956599,0.8168117105584856,0.017940298495618734,480,1.0,1.0,1.0,1.0,1.0,1.0,0.0
55.19543590545654,0.7432348121865467,0.021725225448608398,0.0027726892911637694,1.0,0.03,5,1,300,0.1,1.0,1.0,"{'clf__colsample_bytree': 1.0, 'clf__learning_rate': 0.03, 'clf__max_depth': 5, 'clf__min_child_weight': 1, 'clf__n_estimators': 300, 'clf__reg_alpha': 0.1, 'clf__reg_lambda': 1.0, 'clf__subsample': 1.0}",0.8367290402734331,0.8246759031544417,0.8072006129552929,0.7917997970564987,0.8190316799968749,0.8158874066873082,0.015343866125623013,574,1.0,1.0,1.0,1.0,1.0,1.0,0.0
59.38903393745422,0.9222832345811477,0.02118391990661621,0.0019658130832064897,1.0,0.03,5,1,300,0.1,10.0,0.8,"{'clf__colsample_bytree': 1.0, 'clf__learning_rate': 0.03, 'clf__max_depth': 5, 'clf__min_child_weight': 1, 'clf__n_estimators': 300, 'clf__reg_alpha': 0.1, 'clf__reg_lambda': 10.0, 'clf__subsample': 0.8}",0.8237630913687252,0.8282418331730259,0.7942430975449843,0.8118817049463604,0.8442569309943082,0.8204773316054809,0.016725267611079838,165,0.9981581327810707,0.9990795325574398,0.9981519138755981,0.9990771574058865,0.9981581327810707,0.9985249738802132,0.00045183194300445494
63.207573127746585,1.3017393597727076,0.02109827995300293,0.004042016926437232,1.0,0.03,5,1,300,0.1,10.0,1.0,"{'clf__colsample_bytree': 1.0, 'clf__learning_rate': 0.03, 'clf__max_depth': 5, 'clf__min_child_weight': 1, 'clf__n_estimators': 300, 'clf__reg_alpha': 0.1, 'clf__reg_lambda': 10.0, 'clf__subsample': 1.0}",0.8313173912831251,0.8303103969401936,0.8000967371700278,0.7926653744757685,0.8297235622728498,0.816822692428393,0.016862861563801457,477,1.0,1.0,1.0,1.0,1.0,1.0,0.0
72.67373323440552,1.2591602048879664,0.03021893501281738,0.003711152865159556,1.0,0.03,5,1,600,0.0,1.0,0.8,"{'clf__colsample_bytree': 1.0, 'clf__learning_rate': 0.03, 'clf__max_depth': 5, 'clf__min_child_weight': 1, 'clf__n_estimators': 600, 'clf__reg_alpha': 0.0, 'clf__reg_lambda': 1.0, 'clf__subsample': 0.8}",0.8279524287570956,0.831400787024988,0.786144278499416,0.8081620122796593,0.8437505733570212,0.8194820159836361,0.020210468065332172,230,1.0,1.0,1.0,1.0,1.0,1.0,0.0
77.01358199119568,1.39587913818762,0.028127670288085938,0.0012620039918582948,1.0,0.03,5,1,600,0.0,1.0,1.0,"{'clf__colsample_bytree': 1.0, 'clf__learning_rate': 0.03, 'clf__max_depth': 5, 'clf__min_child_weight': 1, 'clf__n_estimators': 600, 'clf__reg_alpha': 0.0, 'clf__reg_lambda': 1.0, 'clf__subsample': 1.0}",0.82764504660402,0.8197866117997465,0.7923984454520219,0.8013935395738584,0.8428743883688496,0.8168196063596994,0.018106361201902885,478,1.0,1.0,1.0,1.0,1.0,1.0,0.0
100.55209226608277,1.4979155088047842,0.03557419776916504,0.002314094845689326,1.0,0.03,5,1,600,0.0,10.0,0.8,"{'clf__colsample_bytree': 1.0, 'clf__learning_rate': 0.03, 'clf__max_depth': 5, 'clf__min_child_weight': 1, 'clf__n_estimators': 600, 'clf__reg_alpha': 0.0, 'clf__reg_lambda': 10.0, 'clf__subsample': 0.8}",0.8171904500400363,0.8312502527781809,0.8030194421016916,0.7890056953882246,0.8467297174594689,0.8174391115535204,0.02032306606170583,406,1.0,1.0,1.0,1.0,1.0,1.0,0.0
107.43291182518006,1.728316461197315,0.03588509559631348,0.003051916338111291,1.0,0.03,5,1,600,0.0,10.0,1.0,"{'clf__colsample_bytree': 1.0, 'clf__learning_rate': 0.03, 'clf__max_depth': 5, 'clf__min_child_weight': 1, 'clf__n_estimators': 600, 'clf__reg_alpha': 0.0, 'clf__reg_lambda': 10.0, 'clf__subsample': 1.0}",0.823271499742088,0.8272492983669106,0.7987009176436134,0.8168177255171525,0.8350430494831789,0.8202164981505886,0.012272667175399349,176,1.0,1.0,1.0,1.0,1.0,1.0,0.0
77.22352805137635,1.1599408707219134,0.03258547782897949,0.0028724243145370207,1.0,0.03,5,1,600,0.1,1.0,0.8,"{'clf__colsample_bytree': 1.0, 'clf__learning_rate': 0.03, 'clf__max_depth': 5, 'clf__min_child_weight': 1, 'clf__n_estimators': 600, 'clf__reg_alpha': 0.1, 'clf__reg_lambda': 1.0, 'clf__subsample': 0.8}",0.8332245329672419,0.8295324033897418,0.7920312728763433,0.8055719076828031,0.8493317132128461,0.8219383660257952,0.02048285925923632,86,1.0,1.0,1.0,1.0,1.0,1.0,0.0
81.63942365646362,1.5782382293195794,0.03238401412963867,0.0028751300020783766,1.0,0.03,5,1,600,0.1,1.0,1.0,"{'clf__colsample_bytree': 1.0, 'clf__learning_rate': 0.03, 'clf__max_depth': 5, 'clf__min_child_weight': 1, 'clf__n_estimators': 600, 'clf__reg_alpha': 0.1, 'clf__reg_lambda': 1.0, 'clf__subsample': 1.0}",0.8329351898972593,0.8208871493802999,0.7951615575807788,0.7917997970564987,0.8317792736902503,0.8145125935210175,0.01771157236899466,738,1.0,1.0,1.0,1.0,1.0,1.0,0.0
102.58602271080017,1.8322949525330636,0.03695268630981445,0.0043975173889583144,1.0,0.03,5,1,600,0.1,10.0,0.8,"{'clf__colsample_bytree': 1.0, 'clf__learning_rate': 0.03, 'clf__max_depth': 5, 'clf__min_child_weight': 1, 'clf__n_estimators': 600, 'clf__reg_alpha': 0.1, 'clf__reg_lambda': 10.0, 'clf__subsample': 0.8}",0.8321683758937246,0.8213279137591064,0.8030194421016916,0.7817606886224032,0.8467297174594689,0.8170012275672789,0.022671266497308905,455,1.0,1.0,1.0,1.0,1.0,1.0,0.0
109.75098657608032,1.896634329837724,0.03737297058105469,0.0033137423812157497,1.0,0.03,5,1,600,0.1,10.0,1.0,"{'clf__colsample_bytree': 1.0, 'clf__learning_rate': 0.03, 'clf__max_depth': 5, 'clf__min_child_weight': 1, 'clf__n_estimators': 600, 'clf__reg_alpha': 0.1, 'clf__reg_lambda': 10.0, 'clf__subsample': 1.0}",0.816343509350935,0.8272492983669106,0.8088133790983567,0.8168177255171525,0.8229068803536889,0.8184261585374089,0.006280997968543901,312,1.0,1.0,1.0,1.0,1.0,1.0,0.0
90.23937849998474,1.558523039563775,0.04228754043579101,0.004230994076509547,1.0,0.03,5,1,1000,0.0,1.0,0.8,"{'clf__colsample_bytree': 1.0, 'clf__learning_rate': 0.03, 'clf__max_depth': 5, 'clf__min_child_weight': 1, 'clf__n_estimators': 1000, 'clf__reg_alpha': 0.0, 'clf__reg_lambda': 1.0, 'clf__subsample': 0.8}",0.8323074442957406,0.8284140275880807,0.7819520727971432,0.8085284250292496,0.8523374481474061,0.820707883571524,0.02385252984075772,140,1.0,1.0,1.0,1.0,1.0,1.0,0.0
94.22254157066345,1.8231169756618333,0.04214739799499512,0.004362377673613419,1.0,0.03,5,1,1000,0.0,1.0,1.0,"{'clf__colsample_bytree': 1.0, 'clf__learning_rate': 0.03, 'clf__max_depth': 5, 'clf__min_child_weight': 1, 'clf__n_estimators': 1000, 'clf__reg_alpha': 0.0, 'clf__reg_lambda': 1.0, 'clf__subsample': 1.0}",0.8326922014743059,0.8261309225652498,0.7867823337959189,0.811675839926614,0.8340380960987647,0.8182638787721708,0.017626019041338415,327,1.0,1.0,1.0,1.0,1.0,1.0,0.0
140.40671582221984,2.0990306838090387,0.05064778327941895,0.0028846819299473826,1.0,0.03,5,1,1000,0.0,10.0,0.8,"{'clf__colsample_bytree': 1.0, 'clf__learning_rate': 0.03, 'clf__max_depth': 5, 'clf__min_child_weight': 1, 'clf__n_estimators': 1000, 'clf__reg_alpha': 0.0, 'clf__reg_lambda': 10.0, 'clf__subsample': 0.8}",0.8271804600300463,0.8280450823270014,0.7999685391091826,0.7828055840123751,0.8533778136963038,0.8182754958349818,0.02449561281552881,325,1.0,1.0,1.0,1.0,1.0,1.0,0.0
149.31559658050537,2.9691873215966234,0.049744701385498045,0.002180042601933742,1.0,0.03,5,1,1000,0.0,10.0,1.0,"{'clf__colsample_bytree': 1.0, 'clf__learning_rate': 0.03, 'clf__max_depth': 5, 'clf__min_child_weight': 1, 'clf__n_estimators': 1000, 'clf__reg_alpha': 0.0, 'clf__reg_lambda': 10.0, 'clf__subsample': 1.0}",0.8233212453181493,0.8216104886460931,0.7925434739265754,0.8003860219422998,0.8391599973973582,0.8154042454460951,0.01681483870918304,628,1.0,1.0,1.0,1.0,1.0,1.0,0.0
95.95803165435791,1.4163893273842534,0.04137310981750488,0.0011631804370755225,1.0,0.03,5,1,1000,0.1,1.0,0.8,"{'clf__colsample_bytree': 1.0, 'clf__learning_rate': 0.03, 'clf__max_depth': 5, 'clf__min_child_weight': 1, 'clf__n_estimators': 1000, 'clf__reg_alpha': 0.1, 'clf__reg_lambda': 1.0, 'clf__subsample': 0.8}",0.8321683758937246,0.8299107743137595,0.7920312728763433,0.8052653949823761,0.8474478329317039,0.8213647301995814,0.019948544765925592,118,1.0,1.0,1.0,1.0,1.0,1.0,0.0
101.76088347434998,1.9782545244910053,0.04275035858154297,0.0024305278826560347,1.0,0.03,5,1,1000,0.1,1.0,1.0,"{'clf__colsample_bytree': 1.0, 'clf__learning_rate': 0.03, 'clf__max_depth': 5, 'clf__min_child_weight': 1, 'clf__n_estimators': 1000, 'clf__reg_alpha': 0.1, 'clf__reg_lambda': 1.0, 'clf__subsample': 1.0}",0.8329351898972593,0.8272492983669106,0.7933705764588117,0.7947759212350712,0.8290621275151783,0.8154786226946463,0.017579304329696826,621,1.0,1.0,1.0,1.0,1.0,1.0,0.0
143.09437594413757,2.2728527180088953,0.049900245666503903,0.0012337982885938807,1.0,0.03,5,1,1000,0.1,10.0,0.8,"{'clf__colsample_bytree': 1.0, 'clf__learning_rate': 0.03, 'clf__max_depth': 5, 'clf__min_child_weight': 1, 'clf__n_estimators': 1000, 'clf__reg_alpha': 0.1, 'clf__reg_lambda': 10.0, 'clf__subsample': 0.8}",0.8321683758937246,0.8280450823270014,0.7999685391091826,0.7828055840123751,0.8499541860335762,0.8185883534751721,0.024019851202698308,295,1.0,1.0,1.0,1.0,1.0,1.0,0.0
151.97473034858703,2.9041881821685402,0.05093350410461426,0.001860203638052162,1.0,0.03,5,1,1000,0.1,10.0,1.0,"{'clf__colsample_bytree': 1.0, 'clf__learning_rate': 0.03, 'clf__max_depth': 5, 'clf__min_child_weight': 1, 'clf__n_estimators': 1000, 'clf__reg_alpha': 0.1, 'clf__reg_lambda': 10.0, 'clf__subsample': 1.0}",0.8206396544631839,0.8342301102094434,0.8066723134139455,0.8047628429053576,0.8317709988709389,0.8196151839725738,0.012251688683711378,224,1.0,1.0,1.0,1.0,1.0,1.0,0.0
38.84957904815674,0.5671828085604613,0.019231462478637697,0.0008248778504186286,1.0,0.03,5,3,300,0.0,1.0,0.8,"{'clf__colsample_bytree': 1.0, 'clf__learning_rate': 0.03, 'clf__max_depth': 5, 'clf__min_child_weight': 3, 'clf__n_estimators': 300, 'clf__reg_alpha': 0.0, 'clf__reg_lambda': 1.0, 'clf__subsample': 0.8}",0.8342239939724412,0.8227525441868715,0.7880316288819121,0.7943792700467458,0.8379604918788661,0.8154695857933675,0.020534132869067617,622,1.0,1.0,1.0,1.0,1.0,1.0,0.0
42.194200658798216,0.8088399189152817,0.02024049758911133,0.0010224768315107635,1.0,0.03,5,3,300,0.0,1.0,1.0,"{'clf__colsample_bytree': 1.0, 'clf__learning_rate': 0.03, 'clf__max_depth': 5, 'clf__min_child_weight': 3, 'clf__n_estimators': 300, 'clf__reg_alpha': 0.0, 'clf__reg_lambda': 1.0, 'clf__subsample': 1.0}",0.8200009875848863,0.8289262709914883,0.8015403386688583,0.7908856935773874,0.8388650178242948,0.8160436617293831,0.017582412147781414,554,1.0,1.0,1.0,1.0,1.0,1.0,0.0
45.11009840965271,0.5737795196355869,0.019629621505737306,0.0020104117332804664,1.0,0.03,5,3,300,0.0,10.0,0.8,"{'clf__colsample_bytree': 1.0, 'clf__learning_rate': 0.03, 'clf__max_depth': 5, 'clf__min_child_weight': 3, 'clf__n_estimators': 300, 'clf__reg_alpha': 0.0, 'clf__reg_lambda': 10.0, 'clf__subsample': 0.8}",0.8206396544631839,0.8201022216657121,0.8046029494627625,0.8021565124542076,0.8453816118273976,0.8185765899746528,0.015427083707556006,299,0.9981581327810707,0.9990795325574398,0.9981519138755981,0.9980414334996128,0.9958174873937601,0.9978497000214963,0.0010831068218985647
48.49262881278992,0.7855566941698344,0.02094268798828125,0.0018537154090042384,1.0,0.03,5,3,300,0.0,10.0,1.0,"{'clf__colsample_bytree': 1.0, 'clf__learning_rate': 0.03, 'clf__max_depth': 5, 'clf__min_child_weight': 3, 'clf__n_estimators': 300, 'clf__reg_alpha': 0.0, 'clf__reg_lambda': 10.0, 'clf__subsample': 1.0}",0.818581774665578,0.8173795545615505,0.7789248492253652,0.7828963368293054,0.83471037725875,0.8064985785081099,0.021806793514062575,1240,0.9990802514078543,1.0,0.9990771574058865,0.9990771574058865,0.9990802514078543,0.9992629635254964,0.0003685208349019573
39.70109305381775,0.1549267762528256,0.01763772964477539,0.00174601357869758,1.0,0.03,5,3,300,0.1,1.0,0.8,"{'clf__colsample_bytree': 1.0, 'clf__learning_rate': 0.03, 'clf__max_depth': 5, 'clf__min_child_weight': 3, 'clf__n_estimators': 300, 'clf__reg_alpha': 0.1, 'clf__reg_lambda': 1.0, 'clf__subsample': 0.8}",0.831568667669447,0.8284140275880807,0.786144278499416,0.8035843854011632,0.8407847087720861,0.8180992135860385,0.020170529921966218,336,1.0,1.0,1.0,1.0,1.0,1.0,0.0
42.41181468963623,0.8787263972422581,0.019301652908325195,0.001398786641759319,1.0,0.03,5,3,300,0.1,1.0,1.0,"{'clf__colsample_bytree': 1.0, 'clf__learning_rate': 0.03, 'clf__max_depth': 5, 'clf__min_child_weight': 3, 'clf__n_estimators': 300, 'clf__reg_alpha': 0.1, 'clf__reg_lambda': 1.0, 'clf__subsample': 1.0}",0.8149861778332345,0.83044908285895,0.7989284575961632,0.7965717059770769,0.8297767296501875,0.8141424307831224,0.014499968706274327,768,1.0,1.0,1.0,1.0,1.0,1.0,0.0
45.34473452568054,0.6676170151182813,0.020421600341796874,0.0029902194016946863,1.0,0.03,5,3,300,0.1,10.0,0.8,"{'clf__colsample_bytree': 1.0, 'clf__learning_rate': 0.03, 'clf__max_depth': 5, 'clf__min_child_weight': 3, 'clf__n_estimators': 300, 'clf__reg_alpha': 0.1, 'clf__reg_lambda': 10.0, 'clf__subsample': 0.8}",0.8222501542122237,0.8201022216657121,0.8002593201191331,0.8085705577602251,0.8453816118273976,0.8193127731169383,0.015279169154974464,240,0.9981581327810707,0.9990795325574398,0.9981519138755981,0.9980414334996128,0.9947818326430256,0.9976425690713494,0.0014787161913786325
48.883180379867554,0.9644953001406442,0.02089524269104004,0.0012114374165385106,1.0,0.03,5,3,300,0.1,10.0,1.0,"{'clf__colsample_bytree': 1.0, 'clf__learning_rate': 0.03, 'clf__max_depth': 5, 'clf__min_child_weight': 3, 'clf__n_estimators': 300, 'clf__reg_alpha': 0.1, 'clf__reg_lambda': 10.0, 'clf__subsample': 1.0}",0.8192361246028342,0.8160144791861698,0.7828523428150603,0.7889481134455678,0.8396341645870362,0.8093370449273337,0.02086932360821174,1164,0.9990802514078543,1.0,0.9990771574058865,0.9990771574058865,0.9990802514078543,0.9992629635254964,0.0003685208349019573
54.40217113494873,0.893086019376285,0.027757644653320312,0.0018331939709802126,1.0,0.03,5,3,600,0.0,1.0,0.8,"{'clf__colsample_bytree': 1.0, 'clf__learning_rate': 0.03, 'clf__max_depth': 5, 'clf__min_child_weight': 3, 'clf__n_estimators': 600, 'clf__reg_alpha': 0.0, 'clf__reg_lambda': 1.0, 'clf__subsample': 0.8}",0.8168065675345815,0.8254002891479173,0.787223580568651,0.8032217527299521,0.8504498163474538,0.8166204012657111,0.02128495836761965,495,1.0,1.0,1.0,1.0,1.0,1.0,0.0
57.92405500411987,0.7781687215637645,0.027823686599731445,0.0018641648196813332,1.0,0.03,5,3,600,0.0,1.0,1.0,"{'clf__colsample_bytree': 1.0, 'clf__learning_rate': 0.03, 'clf__max_depth': 5, 'clf__min_child_weight': 3, 'clf__n_estimators': 600, 'clf__reg_alpha': 0.0, 'clf__reg_lambda': 1.0, 'clf__subsample': 1.0}",0.8226018016780237,0.8348319622896577,0.7926914544884869,0.8023097467394174,0.85020784396283,0.8205285618316832,0.020959843246287208,161,1.0,1.0,1.0,1.0,1.0,1.0,0.0
71.36124897003174,1.232551619118132,0.029550600051879882,0.0012787054947154745,1.0,0.03,5,3,600,0.0,10.0,0.8,"{'clf__colsample_bytree': 1.0, 'clf__learning_rate': 0.03, 'clf__max_depth': 5, 'clf__min_child_weight': 3, 'clf__n_estimators': 600, 'clf__reg_alpha': 0.0, 'clf__reg_lambda': 10.0, 'clf__subsample': 0.8}",0.8271804600300463,0.8295324033897418,0.7967609978358681,0.7991138363038166,0.8545537328189636,0.8214282860756873,0.02145912030960479,114,1.0,1.0,1.0,1.0,1.0,1.0,0.0
76.94860844612121,1.6813090042639185,0.03138060569763183,0.0011854889998308916,1.0,0.03,5,3,600,0.0,10.0,1.0,"{'clf__colsample_bytree': 1.0, 'clf__learning_rate': 0.03, 'clf__max_depth': 5, 'clf__min_child_weight': 3, 'clf__n_estimators': 600, 'clf__reg_alpha': 0.0, 'clf__reg_lambda': 10.0, 'clf__subsample': 1.0}",0.8162792397660819,0.827049632737164,0.7763331642790816,0.7862877954462113,0.8378121942665165,0.808752405299011,0.023628707065774548,1186,1.0,1.0,1.0,1.0,1.0,1.0,0.0
55.20562081336975,0.8504153418994924,0.027799654006958007,0.001019470823244161,1.0,0.03,5,3,600,0.1,1.0,0.8,"{'clf__colsample_bytree': 1.0, 'clf__learning_rate': 0.03, 'clf__max_depth': 5, 'clf__min_child_weight': 3, 'clf__n_estimators': 600, 'clf__reg_alpha': 0.1, 'clf__reg_lambda': 1.0, 'clf__subsample': 0.8}",0.8279846948477544,0.8315827101758557,0.786144278499416,0.8025295423145434,0.8455673260857353,0.818761710384661,0.02142597794366033,283,1.0,1.0,1.0,1.0,1.0,1.0,0.0
59.63553657531738,0.8825047177515266,0.026885080337524413,0.0013853586762627914,1.0,0.03,5,3,600,0.1,1.0,1.0,"{'clf__colsample_bytree': 1.0, 'clf__learning_rate': 0.03, 'clf__max_depth': 5, 'clf__min_child_weight': 3, 'clf__n_estimators': 600, 'clf__reg_alpha': 0.1, 'clf__reg_lambda': 1.0, 'clf__subsample': 1.0}",0.8175585116347336,0.831722355229818,0.7843435377931985,0.7998312487591821,0.8278931301450905,0.8122697567124046,0.01780479990536871,966,1.0,1.0,1.0,1.0,1.0,1.0,0.0
72.18969359397889,1.584327061901241,0.030278682708740234,0.0013581118617255908,1.0,0.03,5,3,600,0.1,10.0,0.8,"{'clf__colsample_bytree': 1.0, 'clf__learning_rate': 0.03, 'clf__max_depth': 5, 'clf__min_child_weight': 3, 'clf__n_estimators': 600, 'clf__reg_alpha': 0.1, 'clf__reg_lambda': 10.0, 'clf__subsample': 0.8}",0.8306576305403819,0.8268886237228015,0.7967609978358681,0.7919765982833394,0.8484584327950979,0.8189484566354978,0.02140445827767406,267,1.0,1.0,1.0,1.0,1.0,1.0,0.0
77.87009811401367,1.4016760088232745,0.03159565925598144,0.001317010733737606,1.0,0.03,5,3,600,0.1,10.0,1.0,"{'clf__colsample_bytree': 1.0, 'clf__learning_rate': 0.03, 'clf__max_depth': 5, 'clf__min_child_weight': 3, 'clf__n_estimators': 600, 'clf__reg_alpha': 0.1, 'clf__reg_lambda': 10.0, 'clf__subsample': 1.0}",0.82129400440044,0.8184916047037405,0.7763331642790816,0.7885308138657003,0.8350430494831789,0.8079385273464282,0.021908672467678553,1208,1.0,1.0,1.0,1.0,1.0,1.0,0.0
65.5732892036438,0.9770469327974924,0.03627080917358398,0.0011754338529456597,1.0,0.03,5,3,1000,0.0,1.0,0.8,"{'clf__colsample_bytree': 1.0, 'clf__learning_rate': 0.03, 'clf__max_depth': 5, 'clf__min_child_weight': 3, 'clf__n_estimators': 1000, 'clf__reg_alpha': 0.0, 'clf__reg_lambda': 1.0, 'clf__subsample': 0.8}",0.8168065675345815,0.8342388155551496,0.7869901593213411,0.8131302342517296,0.8483343208084266,0.8199000194942456,0.02074882597911745,199,1.0,1.0,1.0,1.0,1.0,1.0,0.0
70.05175566673279,1.313898682538346,0.0375363826751709,0.0012248473953134222,1.0,0.03,5,3,1000,0.0,1.0,1.0,"{'clf__colsample_bytree': 1.0, 'clf__learning_rate': 0.03, 'clf__max_depth': 5, 'clf__min_child_weight': 3, 'clf__n_estimators': 1000, 'clf__reg_alpha': 0.0, 'clf__reg_lambda': 1.0, 'clf__subsample': 1.0}",0.8198451548451549,0.8344419586016225,0.7926914544884869,0.8085258159940397,0.8399326708996209,0.819087410965785,0.01719973823809956,259,1.0,1.0,1.0,1.0,1.0,1.0,0.0
94.4331771850586,1.7172917889439896,0.04169387817382812,0.0015154300081436098,1.0,0.03,5,3,1000,0.0,10.0,0.8,"{'clf__colsample_bytree': 1.0, 'clf__learning_rate': 0.03, 'clf__max_depth': 5, 'clf__min_child_weight': 3, 'clf__n_estimators': 1000, 'clf__reg_alpha': 0.0, 'clf__reg_lambda': 10.0, 'clf__subsample': 0.8}",0.8230214734766935,0.8295324033897418,0.801609657947686,0.7991138363038166,0.8545537328189636,0.8215662207873804,0.02027869692583926,108,1.0,1.0,1.0,1.0,1.0,1.0,0.0
101.15802292823791,1.7725692090403302,0.042989921569824216,0.0009773964040931183,1.0,0.03,5,3,1000,0.0,10.0,1.0,"{'clf__colsample_bytree': 1.0, 'clf__learning_rate': 0.03, 'clf__max_depth': 5, 'clf__min_child_weight': 3, 'clf__n_estimators': 1000, 'clf__reg_alpha': 0.0, 'clf__reg_lambda': 10.0, 'clf__subsample': 1.0}",0.8322905613021694,0.823893593668924,0.7786916548451194,0.7823250855565469,0.8378121942665165,0.8110026179278552,0.025316028007429187,1073,1.0,1.0,1.0,1.0,1.0,1.0,0.0
67.79722256660462,1.1875529635005082,0.03635692596435547,0.00187965777214405,1.0,0.03,5,3,1000,0.1,1.0,0.8,"{'clf__colsample_bytree': 1.0, 'clf__learning_rate': 0.03, 'clf__max_depth': 5, 'clf__min_child_weight': 3, 'clf__n_estimators': 1000, 'clf__reg_alpha': 0.1, 'clf__reg_lambda': 1.0, 'clf__subsample': 0.8}",0.818450313859179,0.8360865636577212,0.7810174841235054,0.8060865919993057,0.8440355870552655,0.8171353081389953,0.022410156945022155,438,1.0,1.0,1.0,1.0,1.0,1.0,0.0
72.36193718910218,1.9443540841963598,0.03938779830932617,0.001200325202988554,1.0,0.03,5,3,1000,0.1,1.0,1.0,"{'clf__colsample_bytree': 1.0, 'clf__learning_rate': 0.03, 'clf__max_depth': 5, 'clf__min_child_weight': 3, 'clf__n_estimators': 1000, 'clf__reg_alpha': 0.1, 'clf__reg_lambda': 1.0, 'clf__subsample': 1.0}",0.8198451548451549,0.8378433191458401,0.7859016800603328,0.8037320070035172,0.8278931301450905,0.815043058239987,0.018358628377034808,677,1.0,1.0,1.0,1.0,1.0,1.0,0.0
96.71842036247253,1.6216388976596763,0.03991279602050781,0.0005368023106054921,1.0,0.03,5,3,1000,0.1,10.0,0.8,"{'clf__colsample_bytree': 1.0, 'clf__learning_rate': 0.03, 'clf__max_depth': 5, 'clf__min_child_weight': 3, 'clf__n_estimators': 1000, 'clf__reg_alpha': 0.1, 'clf__reg_lambda': 10.0, 'clf__subsample': 0.8}",0.8264416834037529,0.8295324033897418,0.801609657947686,0.7993480616138302,0.8452939474728467,0.8204451507655716,0.017526335738567208,166,1.0,1.0,1.0,1.0,1.0,1.0,0.0
102.98980975151062,2.5869482758551596,0.04240083694458008,0.0017223446801951283,1.0,0.03,5,3,1000,0.1,10.0,1.0,"{'clf__colsample_bytree': 1.0, 'clf__learning_rate': 0.03, 'clf__max_depth': 5, 'clf__min_child_weight': 3, 'clf__n_estimators': 1000, 'clf__reg_alpha': 0.1, 'clf__reg_lambda': 10.0, 'clf__subsample': 1.0}",0.8322905613021694,0.823893593668924,0.7809104737620516,0.7809385404047539,0.8350430494831789,0.8106152437242156,0.024519101704480784,1106,1.0,1.0,1.0,1.0,1.0,1.0,0.0
33.393961143493655,0.45257508021271026,0.017757654190063477,0.0010480209607651213,1.0,0.03,5,5,300,0.0,1.0,0.8,"{'clf__colsample_bytree': 1.0, 'clf__learning_rate': 0.03, 'clf__max_depth': 5, 'clf__min_child_weight': 5, 'clf__n_estimators': 300, 'clf__reg_alpha': 0.0, 'clf__reg_lambda': 1.0, 'clf__subsample': 0.8}",0.8237699116129075,0.823893593668924,0.7983894455110571,0.8105487156102751,0.8276266610056491,0.8168456654817625,0.010900752029041078,473,0.9990802514078543,1.0,0.9990771574058865,0.9980414334996128,0.9981628558539307,0.9988723396334569,0.0007142223414005868
35.92661304473877,0.49536885255849833,0.017924737930297852,0.0011279396504304297,1.0,0.03,5,5,300,0.0,1.0,1.0,"{'clf__colsample_bytree': 1.0, 'clf__learning_rate': 0.03, 'clf__max_depth': 5, 'clf__min_child_weight': 5, 'clf__n_estimators': 300, 'clf__reg_alpha': 0.0, 'clf__reg_lambda': 1.0, 'clf__subsample': 1.0}",0.8137785324021553,0.8348406314874155,0.7795532461389221,0.7916761312966696,0.83747236563561,0.8114641813921544,0.022970045723126713,1044,1.0,1.0,1.0,1.0,1.0,1.0,0.0
37.085157251358034,0.5430504621972037,0.019881010055541992,0.0012025326881522475,1.0,0.03,5,5,300,0.0,10.0,0.8,"{'clf__colsample_bytree': 1.0, 'clf__learning_rate': 0.03, 'clf__max_depth': 5, 'clf__min_child_weight': 5, 'clf__n_estimators': 300, 'clf__reg_alpha': 0.0, 'clf__reg_lambda': 10.0, 'clf__subsample': 0.8}",0.8274767596138346,0.8223957996473634,0.8048031043687998,0.8164243497900547,0.8371465094866988,0.8216493045813504,0.010823811353585074,105,0.9929409917303177,0.9940602215980225,0.9927309254833873,0.9947750439936203,0.9940733571586708,0.9937161079928037,0.0007666519928709788
40.919977235794065,0.6775551004049866,0.019601917266845702,0.0007720423380743912,1.0,0.03,5,5,300,0.0,10.0,1.0,"{'clf__colsample_bytree': 1.0, 'clf__learning_rate': 0.03, 'clf__max_depth': 5, 'clf__min_child_weight': 5, 'clf__n_estimators': 300, 'clf__reg_alpha': 0.0, 'clf__reg_lambda': 10.0, 'clf__subsample': 1.0}",0.8179243753459,0.8127582099359121,0.7658514815407902,0.7873738792675797,0.8238892068004356,0.8015594305781235,0.02176295234076575,1287,0.9981581327810707,0.9983696231905673,0.9972242434042095,0.9980414334996128,0.9962050689153487,0.9975997003581618,0.0007982131159816491
33.64635500907898,0.6714535361333336,0.018323421478271484,0.0004609074277732949,1.0,0.03,5,5,300,0.1,1.0,0.8,"{'clf__colsample_bytree': 1.0, 'clf__learning_rate': 0.03, 'clf__max_depth': 5, 'clf__min_child_weight': 5, 'clf__n_estimators': 300, 'clf__reg_alpha': 0.1, 'clf__reg_lambda': 1.0, 'clf__subsample': 0.8}",0.8171904500400363,0.823893593668924,0.7860977139671035,0.8007607865714574,0.8245884895511817,0.8105062067597405,0.014919515140639703,1109,0.9990802514078543,1.0,0.9990771574058865,0.9980414334996128,0.9981628558539307,0.9988723396334569,0.0007142223414005868
36.095027446746826,0.5863639490092031,0.017894411087036134,0.0006862858916699961,1.0,0.03,5,5,300,0.1,1.0,1.0,"{'clf__colsample_bytree': 1.0, 'clf__learning_rate': 0.03, 'clf__max_depth': 5, 'clf__min_child_weight': 5, 'clf__n_estimators': 300, 'clf__reg_alpha': 0.1, 'clf__reg_lambda': 1.0, 'clf__subsample': 1.0}",0.8068686676798379,0.8311056393271159,0.7809641751437417,0.7925809936229883,0.8251267228999535,0.8073292397347276,0.018946805036577842,1225,1.0,1.0,1.0,1.0,1.0,1.0,0.0
37.36518487930298,0.4914271033840009,0.01869368553161621,0.0018889026851382125,1.0,0.03,5,5,300,0.1,10.0,0.8,"{'clf__colsample_bytree': 1.0, 'clf__learning_rate': 0.03, 'clf__max_depth': 5, 'clf__min_child_weight': 5, 'clf__n_estimators': 300, 'clf__reg_alpha': 0.1, 'clf__reg_lambda': 10.0, 'clf__subsample': 0.8}",0.8267013709889992,0.8242596686626538,0.7970457133889542,0.8002080139727914,0.8453816118273976,0.8187192757681592,0.017987218134762346,289,0.9929409917303177,0.9940602215980225,0.9913025544676132,0.9947750439936203,0.9933642455322425,0.9932886114643631,0.0011726761060464157
41.100849294662474,1.1523524887649286,0.018845081329345703,0.0012162351424225295,1.0,0.03,5,5,300,0.1,10.0,1.0,"{'clf__colsample_bytree': 1.0, 'clf__learning_rate': 0.03, 'clf__max_depth': 5, 'clf__min_child_weight': 5, 'clf__n_estimators': 300, 'clf__reg_alpha': 0.1, 'clf__reg_lambda': 10.0, 'clf__subsample': 1.0}",0.8155587559877063,0.8063053613053613,0.7717659227623458,0.7795760532952184,0.8269597392895296,0.8000331665280325,0.02108532773282984,1293,0.9981581327810707,0.9983696231905673,0.9972242434042095,0.9980414334996128,0.9962050689153487,0.9975997003581618,0.0007982131159816491
46.33310289382935,0.6880618328182228,0.02580914497375488,0.0006264336369040457,1.0,0.03,5,5,600,0.0,1.0,0.8,"{'clf__colsample_bytree': 1.0, 'clf__learning_rate': 0.03, 'clf__max_depth': 5, 'clf__min_child_weight': 5, 'clf__n_estimators': 600, 'clf__reg_alpha': 0.0, 'clf__reg_lambda': 1.0, 'clf__subsample': 0.8}",0.8229459887228809,0.8331044455218206,0.7894990671573896,0.8091490567993312,0.8449178983105496,0.8199232913023945,0.019231887321304306,196,1.0,1.0,1.0,1.0,1.0,1.0,0.0
49.95848302841186,0.5129698398210962,0.02771611213684082,0.0007762966548274745,1.0,0.03,5,5,600,0.0,1.0,1.0,"{'clf__colsample_bytree': 1.0, 'clf__learning_rate': 0.03, 'clf__max_depth': 5, 'clf__min_child_weight': 5, 'clf__n_estimators': 600, 'clf__reg_alpha': 0.0, 'clf__reg_lambda': 1.0, 'clf__subsample': 1.0}",0.8101916792357968,0.8311056393271159,0.7833383768335225,0.801992384169269,0.8307387601505248,0.8114733679432458,0.018109063590366216,1042,1.0,1.0,1.0,1.0,1.0,1.0,0.0
58.39181246757507,1.1284728708214862,0.029132509231567384,0.0015377942062984621,1.0,0.03,5,5,600,0.0,10.0,0.8,"{'clf__colsample_bytree': 1.0, 'clf__learning_rate': 0.03, 'clf__max_depth': 5, 'clf__min_child_weight': 5, 'clf__n_estimators': 600, 'clf__reg_alpha': 0.0, 'clf__reg_lambda': 10.0, 'clf__subsample': 0.8}",0.813386052137649,0.8227525441868715,0.8019000823209931,0.8025444625709223,0.8282248995801588,0.8137616081593189,0.010551634205805781,816,1.0,1.0,1.0,1.0,1.0,1.0,0.0
63.77583227157593,1.3901346847290388,0.030021142959594727,0.002289528803039248,1.0,0.03,5,5,600,0.0,10.0,1.0,"{'clf__colsample_bytree': 1.0, 'clf__learning_rate': 0.03, 'clf__max_depth': 5, 'clf__min_child_weight': 5, 'clf__n_estimators': 600, 'clf__reg_alpha': 0.0, 'clf__reg_lambda': 10.0, 'clf__subsample': 1.0}",0.8286305639246816,0.8191316889070193,0.7675702458016699,0.8012039294067542,0.8273514847056044,0.8087775825491459,0.02281115101447694,1185,1.0,1.0,1.0,1.0,1.0,1.0,0.0
47.23760724067688,0.8519911102265263,0.027522850036621093,0.0009764831643921889,1.0,0.03,5,5,600,0.1,1.0,0.8,"{'clf__colsample_bytree': 1.0, 'clf__learning_rate': 0.03, 'clf__max_depth': 5, 'clf__min_child_weight': 5, 'clf__n_estimators': 600, 'clf__reg_alpha': 0.1, 'clf__reg_lambda': 1.0, 'clf__subsample': 0.8}",0.81754300430043,0.830105485363342,0.7818865441908923,0.8068616776597041,0.839259533359913,0.8151312489748562,0.019928946948818752,661,1.0,1.0,1.0,1.0,1.0,1.0,0.0
50.93686418533325,0.8864140167633552,0.026989173889160157,0.0011607571282214832,1.0,0.03,5,5,600,0.1,1.0,1.0,"{'clf__colsample_bytree': 1.0, 'clf__learning_rate': 0.03, 'clf__max_depth': 5, 'clf__min_child_weight': 5, 'clf__n_estimators': 600, 'clf__reg_alpha': 0.1, 'clf__reg_lambda': 1.0, 'clf__subsample': 1.0}",0.8101916792357968,0.8340793453122219,0.7807358289225046,0.803611839935994,0.8310066634398082,0.8119250713692651,0.01949257458336632,1008,1.0,1.0,1.0,1.0,1.0,1.0,0.0
58.74306035041809,0.8759447396882943,0.028422975540161134,0.001499224493951599,1.0,0.03,5,5,600,0.1,10.0,0.8,"{'clf__colsample_bytree': 1.0, 'clf__learning_rate': 0.03, 'clf__max_depth': 5, 'clf__min_child_weight': 5, 'clf__n_estimators': 600, 'clf__reg_alpha': 0.1, 'clf__reg_lambda': 10.0, 'clf__subsample': 0.8}",0.8094915692421142,0.8272492983669106,0.7993072601819625,0.8025444625709223,0.8320664395496565,0.8141318059823132,0.013185485733791854,770,0.9990802514078543,1.0,1.0,1.0,0.9990825960013635,0.9996325694818436,0.0004500092534836805
64.36201710700989,1.5620248885180228,0.028324174880981445,0.0010229557381650658,1.0,0.03,5,5,600,0.1,10.0,1.0,"{'clf__colsample_bytree': 1.0, 'clf__learning_rate': 0.03, 'clf__max_depth': 5, 'clf__min_child_weight': 5, 'clf__n_estimators': 600, 'clf__reg_alpha': 0.1, 'clf__reg_lambda': 10.0, 'clf__subsample': 1.0}",0.8250335938571233,0.819497763900749,0.7675702458016699,0.8094109866168689,0.8265359016267694,0.809609698360636,0.021861023796854843,1149,1.0,1.0,1.0,1.0,1.0,1.0,0.0
56.90555424690247,0.7897597839490965,0.035099029541015625,0.001518306449560506,1.0,0.03,5,5,1000,0.0,1.0,0.8,"{'clf__colsample_bytree': 1.0, 'clf__learning_rate': 0.03, 'clf__max_depth': 5, 'clf__min_child_weight': 5, 'clf__n_estimators': 1000, 'clf__reg_alpha': 0.0, 'clf__reg_lambda': 1.0, 'clf__subsample': 0.8}",0.8133589573532252,0.830105485363342,0.7891645941845369,0.8167332136057207,0.8435653332270872,0.8185855167467825,0.018182626558067128,296,1.0,1.0,1.0,1.0,1.0,1.0,0.0
61.32467975616455,0.844103488814135,0.037311887741088866,0.00465991566466876,1.0,0.03,5,5,1000,0.0,1.0,1.0,"{'clf__colsample_bytree': 1.0, 'clf__learning_rate': 0.03, 'clf__max_depth': 5, 'clf__min_child_weight': 5, 'clf__n_estimators': 1000, 'clf__reg_alpha': 0.0, 'clf__reg_lambda': 1.0, 'clf__subsample': 1.0}",0.815315218616762,0.8311056393271159,0.7898922645981469,0.809402799322644,0.8339009406501823,0.8159233725029702,0.015963711892345488,565,1.0,1.0,1.0,1.0,1.0,1.0,0.0
77.29979572296142,0.5604837582324432,0.04005279541015625,0.0024458571538469496,1.0,0.03,5,5,1000,0.0,10.0,0.8,"{'clf__colsample_bytree': 1.0, 'clf__learning_rate': 0.03, 'clf__max_depth': 5, 'clf__min_child_weight': 5, 'clf__n_estimators': 1000, 'clf__reg_alpha': 0.0, 'clf__reg_lambda': 10.0, 'clf__subsample': 0.8}",0.8094915692421142,0.8357669687645514,0.8073268834455158,0.7960777199123481,0.8285699360531531,0.8154466154835365,0.014571788085149416,625,1.0,1.0,1.0,1.0,1.0,1.0,0.0
83.59237761497498,1.9016786555079797,0.04057011604309082,0.0014263950933523658,1.0,0.03,5,5,1000,0.0,10.0,1.0,"{'clf__colsample_bytree': 1.0, 'clf__learning_rate': 0.03, 'clf__max_depth': 5, 'clf__min_child_weight': 5, 'clf__n_estimators': 1000, 'clf__reg_alpha': 0.0, 'clf__reg_lambda': 10.0, 'clf__subsample': 1.0}",0.8183105822231804,0.8316748814057919,0.7742341198405556,0.812312258529363,0.8245523066834111,0.8122168297364603,0.020052974559079832,976,1.0,1.0,1.0,1.0,1.0,1.0,0.0
59.096318531036374,0.7587295560661399,0.03577513694763183,0.0023830784629451426,1.0,0.03,5,5,1000,0.1,1.0,0.8,"{'clf__colsample_bytree': 1.0, 'clf__learning_rate': 0.03, 'clf__max_depth': 5, 'clf__min_child_weight': 5, 'clf__n_estimators': 1000, 'clf__reg_alpha': 0.1, 'clf__reg_lambda': 1.0, 'clf__subsample': 0.8}",0.8133589573532252,0.827089017425152,0.7993794440853264,0.8134575584723494,0.8310802859130402,0.8168730526498186,0.011280533853714409,470,1.0,1.0,1.0,1.0,1.0,1.0,0.0
64.20982294082641,1.0070753919990405,0.037841272354125974,0.002676358829851423,1.0,0.03,5,5,1000,0.1,1.0,1.0,"{'clf__colsample_bytree': 1.0, 'clf__learning_rate': 0.03, 'clf__max_depth': 5, 'clf__min_child_weight': 5, 'clf__n_estimators': 1000, 'clf__reg_alpha': 0.1, 'clf__reg_lambda': 1.0, 'clf__subsample': 1.0}",0.8131870428422152,0.8340793453122219,0.7898922645981469,0.7930802046541374,0.8306504899861259,0.8121778694785695,0.018348295668093068,980,1.0,1.0,1.0,1.0,1.0,1.0,0.0
78.88596143722535,1.72394329644304,0.041594743728637695,0.00427307972194929,1.0,0.03,5,5,1000,0.1,10.0,0.8,"{'clf__colsample_bytree': 1.0, 'clf__learning_rate': 0.03, 'clf__max_depth': 5, 'clf__min_child_weight': 5, 'clf__n_estimators': 1000, 'clf__reg_alpha': 0.1, 'clf__reg_lambda': 10.0, 'clf__subsample': 0.8}",0.8094915692421142,0.8272492983669106,0.800505087739473,0.8045142598193284,0.8300336367134981,0.8143587703762648,0.012036575128786477,750,1.0,1.0,1.0,1.0,1.0,1.0,0.0
86.36972107887269,1.287003469535079,0.041223335266113284,0.001600077132640387,1.0,0.03,5,5,1000,0.1,10.0,1.0,"{'clf__colsample_bytree': 1.0, 'clf__learning_rate': 0.03, 'clf__max_depth': 5, 'clf__min_child_weight': 5, 'clf__n_estimators': 1000, 'clf__reg_alpha': 0.1, 'clf__reg_lambda': 10.0, 'clf__subsample': 1.0}",0.8148451548451547,0.8247488912583252,0.7742341198405556,0.8129905420552517,0.8273514847056044,0.8108340385409785,0.019114093042763153,1089,1.0,1.0,1.0,1.0,1.0,1.0,0.0
74.85019154548645,1.5606108677979933,0.027620840072631835,0.0018105791741200858,1.0,0.03,7,1,300,0.0,1.0,0.8,"{'clf__colsample_bytree': 1.0, 'clf__learning_rate': 0.03, 'clf__max_depth': 7, 'clf__min_child_weight': 1, 'clf__n_estimators': 300, 'clf__reg_alpha': 0.0, 'clf__reg_lambda': 1.0, 'clf__subsample': 0.8}",0.8337215073460724,0.8297628083491462,0.7903312852174516,0.8022703833975897,0.8437505733570212,0.8199673115334563,0.02021013866620004,191,1.0,1.0,1.0,1.0,1.0,1.0,0.0
81.95701422691346,1.8674755124703097,0.02823300361633301,0.003357794673572589,1.0,0.03,7,1,300,0.0,1.0,1.0,"{'clf__colsample_bytree': 1.0, 'clf__learning_rate': 0.03, 'clf__max_depth': 7, 'clf__min_child_weight': 1, 'clf__n_estimators': 300, 'clf__reg_alpha': 0.0, 'clf__reg_lambda': 1.0, 'clf__subsample': 1.0}",0.8287956153835501,0.8160461884992912,0.7691838005917164,0.7969060016434496,0.8411691652897326,0.8104201542815479,0.025289842612679803,1114,1.0,1.0,1.0,1.0,1.0,1.0,0.0
93.97398071289062,1.0664855982812746,0.030609130859375,0.0021519884257950985,1.0,0.03,7,1,300,0.0,10.0,0.8,"{'clf__colsample_bytree': 1.0, 'clf__learning_rate': 0.03, 'clf__max_depth': 7, 'clf__min_child_weight': 1, 'clf__n_estimators': 300, 'clf__reg_alpha': 0.0, 'clf__reg_lambda': 10.0, 'clf__subsample': 0.8}",0.8340256163371325,0.8160190103438635,0.7970387900508888,0.7965628913045593,0.8501219898008889,0.8187536595674665,0.020921992571472665,286,0.9990802514078543,1.0,1.0,1.0,0.9990802514078543,0.9996321005631417,0.0004505829484800417
105.83233971595764,2.1933465320334484,0.03357577323913574,0.0022505721326941787,1.0,0.03,7,1,300,0.0,10.0,1.0,"{'clf__colsample_bytree': 1.0, 'clf__learning_rate': 0.03, 'clf__max_depth': 7, 'clf__min_child_weight': 1, 'clf__n_estimators': 300, 'clf__reg_alpha': 0.0, 'clf__reg_lambda': 10.0, 'clf__subsample': 1.0}",0.8343981399261002,0.8177229168886795,0.8058224056299003,0.8050538022614587,0.8355767149021984,0.8197147959216675,0.013259803091320518,213,1.0,1.0,1.0,1.0,1.0,1.0,0.0
77.37906675338745,1.2253059771107422,0.026307010650634767,0.000727210882038542,1.0,0.03,7,1,300,0.1,1.0,0.8,"{'clf__colsample_bytree': 1.0, 'clf__learning_rate': 0.03, 'clf__max_depth': 7, 'clf__min_child_weight': 1, 'clf__n_estimators': 300, 'clf__reg_alpha': 0.1, 'clf__reg_lambda': 1.0, 'clf__subsample': 0.8}",0.8325570101829083,0.823137436792899,0.7904130337581042,0.8122386438384221,0.8358614127711341,0.8188415074686934,0.016419641443100232,278,1.0,1.0,1.0,1.0,1.0,1.0,0.0
85.08799753189086,1.4149768909247804,0.029990196228027344,0.004034884950442713,1.0,0.03,7,1,300,0.1,1.0,1.0,"{'clf__colsample_bytree': 1.0, 'clf__learning_rate': 0.03, 'clf__max_depth': 7, 'clf__min_child_weight': 1, 'clf__n_estimators': 300, 'clf__reg_alpha': 0.1, 'clf__reg_lambda': 1.0, 'clf__subsample': 1.0}",0.8287956153835501,0.8180270827820442,0.7785062164736564,0.8006255835667601,0.8320703076318388,0.8116049611675699,0.019857826049802584,1030,1.0,1.0,1.0,1.0,1.0,1.0,0.0
95.82242889404297,0.7705010072496149,0.02842822074890137,0.000642145813868137,1.0,0.03,7,1,300,0.1,10.0,0.8,"{'clf__colsample_bytree': 1.0, 'clf__learning_rate': 0.03, 'clf__max_depth': 7, 'clf__min_child_weight': 1, 'clf__n_estimators': 300, 'clf__reg_alpha': 0.1, 'clf__reg_lambda': 10.0, 'clf__subsample': 0.8}",0.8340256163371325,0.8186829152582576,0.803116462976276,0.799160089588974,0.8412480537530398,0.819246627582736,0.01653148663926516,246,0.9990802514078543,1.0,1.0,0.9990771574058865,0.9990802514078543,0.999447532044319,0.00045108961166192267
107.0508291721344,2.1245762531182786,0.03491473197937012,0.0037397527722396145,1.0,0.03,7,1,300,0.1,10.0,1.0,"{'clf__colsample_bytree': 1.0, 'clf__learning_rate': 0.03, 'clf__max_depth': 7, 'clf__min_child_weight': 1, 'clf__n_estimators': 300, 'clf__reg_alpha': 0.1, 'clf__reg_lambda': 10.0, 'clf__subsample': 1.0}",0.8249626463722743,0.8220399431100466,0.8053537837754409,0.7925682147706832,0.8413784490447254,0.817260607414634,0.01682450856546192,428,1.0,1.0,1.0,1.0,1.0,1.0,0.0
98.51766095161437,2.1047132064119087,0.03904428482055664,0.002395071401919021,1.0,0.03,7,1,600,0.0,1.0,0.8,"{'clf__colsample_bytree': 1.0, 'clf__learning_rate': 0.03, 'clf__max_depth': 7, 'clf__min_child_weight': 1, 'clf__n_estimators': 600, 'clf__reg_alpha': 0.0, 'clf__reg_lambda': 1.0, 'clf__subsample': 0.8}",0.8280322581525039,0.8378170487230889,0.7887529873511181,0.8047628429053576,0.8538365760344431,0.8226403426333023,0.023240344161238515,61,1.0,1.0,1.0,1.0,1.0,1.0,0.0
105.46934328079223,2.7758047591326407,0.03892364501953125,0.0013146714153843184,1.0,0.03,7,1,600,0.0,1.0,1.0,"{'clf__colsample_bytree': 1.0, 'clf__learning_rate': 0.03, 'clf__max_depth': 7, 'clf__min_child_weight': 1, 'clf__n_estimators': 600, 'clf__reg_alpha': 0.0, 'clf__reg_lambda': 1.0, 'clf__subsample': 1.0}",0.8386764806637554,0.8205477855477855,0.7734385980447501,0.7930130501813129,0.8443779770335496,0.8140107782942307,0.027056616538616417,784,1.0,1.0,1.0,1.0,1.0,1.0,0.0
146.3989486694336,1.8449487674583338,0.04932727813720703,0.0027125664995842932,1.0,0.03,7,1,600,0.0,10.0,0.8,"{'clf__colsample_bytree': 1.0, 'clf__learning_rate': 0.03, 'clf__max_depth': 7, 'clf__min_child_weight': 1, 'clf__n_estimators': 600, 'clf__reg_alpha': 0.0, 'clf__reg_lambda': 10.0, 'clf__subsample': 0.8}",0.8319348240631423,0.8243363333642615,0.7935454745768843,0.7943808282834764,0.8473515905188618,0.8183098101613252,0.021219111587080442,322,1.0,1.0,1.0,1.0,1.0,1.0,0.0
160.30224747657775,3.386814147315342,0.048807811737060544,0.003702527372395882,1.0,0.03,7,1,600,0.0,10.0,1.0,"{'clf__colsample_bytree': 1.0, 'clf__learning_rate': 0.03, 'clf__max_depth': 7, 'clf__min_child_weight': 1, 'clf__n_estimators': 600, 'clf__reg_alpha': 0.0, 'clf__reg_lambda': 10.0, 'clf__subsample': 1.0}",0.8360477893928597,0.8291072090433367,0.8054542016328031,0.8067578184630391,0.8374423334034822,0.8229618703871042,0.014055461832055171,55,1.0,1.0,1.0,1.0,1.0,1.0,0.0
102.89936385154724,2.3008487570246086,0.039313125610351565,0.0013217742342037314,1.0,0.03,7,1,600,0.1,1.0,0.8,"{'clf__colsample_bytree': 1.0, 'clf__learning_rate': 0.03, 'clf__max_depth': 7, 'clf__min_child_weight': 1, 'clf__n_estimators': 600, 'clf__reg_alpha': 0.1, 'clf__reg_lambda': 1.0, 'clf__subsample': 0.8}",0.8390164803683506,0.8328881080877282,0.7887529873511181,0.8047628429053576,0.8444140548352979,0.8219668947095705,0.02150804180298744,81,1.0,1.0,1.0,1.0,1.0,1.0,0.0
110.12607598304749,2.697540849951186,0.04104256629943848,0.001235461271624238,1.0,0.03,7,1,600,0.1,1.0,1.0,"{'clf__colsample_bytree': 1.0, 'clf__learning_rate': 0.03, 'clf__max_depth': 7, 'clf__min_child_weight': 1, 'clf__n_estimators': 600, 'clf__reg_alpha': 0.1, 'clf__reg_lambda': 1.0, 'clf__subsample': 1.0}",0.8356595595802371,0.8157829411611537,0.7792470539750711,0.802464487044667,0.8411691652897326,0.8148646414101723,0.022572444420789435,696,1.0,1.0,1.0,1.0,1.0,1.0,0.0
147.29563274383545,1.8315759950169066,0.0479672908782959,0.0021729998899162528,1.0,0.03,7,1,600,0.1,10.0,0.8,"{'clf__colsample_bytree': 1.0, 'clf__learning_rate': 0.03, 'clf__max_depth': 7, 'clf__min_child_weight': 1, 'clf__n_estimators': 600, 'clf__reg_alpha': 0.1, 'clf__reg_lambda': 10.0, 'clf__subsample': 0.8}",0.8383909097424754,0.8243363333642615,0.7987009176436134,0.7878808605894788,0.8516671837373873,0.8201952410154432,0.02385346643356226,181,1.0,1.0,1.0,1.0,1.0,1.0,0.0
160.61546363830567,2.7538772285361586,0.0514646053314209,0.0041433484576078984,1.0,0.03,7,1,600,0.1,10.0,1.0,"{'clf__colsample_bytree': 1.0, 'clf__learning_rate': 0.03, 'clf__max_depth': 7, 'clf__min_child_weight': 1, 'clf__n_estimators': 600, 'clf__reg_alpha': 0.1, 'clf__reg_lambda': 10.0, 'clf__subsample': 1.0}",0.8252356903495544,0.8291072090433367,0.8054542016328031,0.8067578184630391,0.8344241256798526,0.8201958090337171,0.011875630743098935,180,1.0,1.0,1.0,1.0,1.0,1.0,0.0
114.1742919921875,1.5904081661613654,0.047961997985839847,0.0031345912109051596,1.0,0.03,7,1,1000,0.0,1.0,0.8,"{'clf__colsample_bytree': 1.0, 'clf__learning_rate': 0.03, 'clf__max_depth': 7, 'clf__min_child_weight': 1, 'clf__n_estimators': 1000, 'clf__reg_alpha': 0.0, 'clf__reg_lambda': 1.0, 'clf__subsample': 0.8}",0.8221442741325703,0.8348716863422745,0.7884916963397915,0.801231716447063,0.8538365760344431,0.8201151898592286,0.023305081709799925,184,1.0,1.0,1.0,1.0,1.0,1.0,0.0
121.13640055656433,1.8040842579788143,0.0510920524597168,0.0028107026709196167,1.0,0.03,7,1,1000,0.0,1.0,1.0,"{'clf__colsample_bytree': 1.0, 'clf__learning_rate': 0.03, 'clf__max_depth': 7, 'clf__min_child_weight': 1, 'clf__n_estimators': 1000, 'clf__reg_alpha': 0.0, 'clf__reg_lambda': 1.0, 'clf__subsample': 1.0}",0.83590549440064,0.8269323058990492,0.7797722803123235,0.7995471397493643,0.83357675999501,0.8151467960712774,0.021928023216890094,656,1.0,1.0,1.0,1.0,1.0,1.0,0.0
187.5491503238678,2.1038318363405466,0.06418871879577637,0.0023230536259361504,1.0,0.03,7,1,1000,0.0,10.0,0.8,"{'clf__colsample_bytree': 1.0, 'clf__learning_rate': 0.03, 'clf__max_depth': 7, 'clf__min_child_weight': 1, 'clf__n_estimators': 1000, 'clf__reg_alpha': 0.0, 'clf__reg_lambda': 10.0, 'clf__subsample': 0.8}",0.8319348240631423,0.8243363333642615,0.7877110575708707,0.7954234433748989,0.8561584590906615,0.8191128234927669,0.02494524204828931,251,1.0,1.0,1.0,1.0,1.0,1.0,0.0
201.94707860946656,4.064505947502573,0.07089290618896485,0.0013428059622770242,1.0,0.03,7,1,1000,0.0,10.0,1.0,"{'clf__colsample_bytree': 1.0, 'clf__learning_rate': 0.03, 'clf__max_depth': 7, 'clf__min_child_weight': 1, 'clf__n_estimators': 1000, 'clf__reg_alpha': 0.0, 'clf__reg_lambda': 10.0, 'clf__subsample': 1.0}",0.8345828188445594,0.8250132275132275,0.7900521714010769,0.8040127678978567,0.8432308774876045,0.819378372628865,0.019636683271531712,236,1.0,1.0,1.0,1.0,1.0,1.0,0.0
121.13007054328918,2.776374067515734,0.04970812797546387,0.002111025670859135,1.0,0.03,7,1,1000,0.1,1.0,0.8,"{'clf__colsample_bytree': 1.0, 'clf__learning_rate': 0.03, 'clf__max_depth': 7, 'clf__min_child_weight': 1, 'clf__n_estimators': 1000, 'clf__reg_alpha': 0.1, 'clf__reg_lambda': 1.0, 'clf__subsample': 0.8}",0.8333306518626239,0.8348716863422745,0.7887529873511181,0.8040953025630675,0.8474478329317039,0.8216996922101576,0.021758434219334818,101,1.0,1.0,1.0,1.0,1.0,1.0,0.0
129.34411511421203,3.2751735613034687,0.05122718811035156,0.0011763339645341066,1.0,0.03,7,1,1000,0.1,1.0,1.0,"{'clf__colsample_bytree': 1.0, 'clf__learning_rate': 0.03, 'clf__max_depth': 7, 'clf__min_child_weight': 1, 'clf__n_estimators': 1000, 'clf__reg_alpha': 0.1, 'clf__reg_lambda': 1.0, 'clf__subsample': 1.0}",0.8386764806637554,0.8232065961027317,0.7823517319167692,0.796281024037522,0.8393398506718938,0.8159711366785343,0.022943174255629955,561,1.0,1.0,1.0,1.0,1.0,1.0,0.0
191.95239810943605,2.6418309081718614,0.06420001983642579,0.0017007244883957087,1.0,0.03,7,1,1000,0.1,10.0,0.8,"{'clf__colsample_bytree': 1.0, 'clf__learning_rate': 0.03, 'clf__max_depth': 7, 'clf__min_child_weight': 1, 'clf__n_estimators': 1000, 'clf__reg_alpha': 0.1, 'clf__reg_lambda': 10.0, 'clf__subsample': 0.8}",0.8235277783097458,0.8243363333642615,0.7919258773368534,0.7889234756809015,0.8561584590906615,0.8169743847564848,0.02468529181400018,462,1.0,1.0,1.0,1.0,1.0,1.0,0.0
207.4180820465088,4.796962048515253,0.06591911315917968,0.0024586301115035246,1.0,0.03,7,1,1000,0.1,10.0,1.0,"{'clf__colsample_bytree': 1.0, 'clf__learning_rate': 0.03, 'clf__max_depth': 7, 'clf__min_child_weight': 1, 'clf__n_estimators': 1000, 'clf__reg_alpha': 0.1, 'clf__reg_lambda': 10.0, 'clf__subsample': 1.0}",0.8274981337884684,0.8264294750158128,0.7819229143853677,0.8050553829892794,0.8432308774876045,0.8168273567333065,0.02126081620326702,476,1.0,1.0,1.0,1.0,1.0,1.0,0.0
52.744138193130496,0.42785792706892545,0.026131677627563476,0.0023201375765287157,1.0,0.03,7,3,300,0.0,1.0,0.8,"{'clf__colsample_bytree': 1.0, 'clf__learning_rate': 0.03, 'clf__max_depth': 7, 'clf__min_child_weight': 3, 'clf__n_estimators': 300, 'clf__reg_alpha': 0.0, 'clf__reg_lambda': 1.0, 'clf__subsample': 0.8}",0.8271675344664404,0.8298670379903821,0.7920312728763433,0.8187791173766792,0.8564484126984128,0.8248586750816516,0.020702296543220786,20,1.0,1.0,1.0,1.0,1.0,1.0,0.0
58.08347015380859,1.1694203139749235,0.02437129020690918,0.0008411636506204034,1.0,0.03,7,3,300,0.0,1.0,1.0,"{'clf__colsample_bytree': 1.0, 'clf__learning_rate': 0.03, 'clf__max_depth': 7, 'clf__min_child_weight': 3, 'clf__n_estimators': 300, 'clf__reg_alpha': 0.0, 'clf__reg_lambda': 1.0, 'clf__subsample': 1.0}",0.8330755518990813,0.8352985638699925,0.7878747286875792,0.7863726712732532,0.8405343099673959,0.8166311651394604,0.024218831732320634,493,1.0,1.0,1.0,1.0,1.0,1.0,0.0
60.67108888626099,1.1029993198507837,0.024507617950439452,0.003593504196155374,1.0,0.03,7,3,300,0.0,10.0,0.8,"{'clf__colsample_bytree': 1.0, 'clf__learning_rate': 0.03, 'clf__max_depth': 7, 'clf__min_child_weight': 3, 'clf__n_estimators': 300, 'clf__reg_alpha': 0.0, 'clf__reg_lambda': 10.0, 'clf__subsample': 0.8}",0.8388749485808309,0.8111735399360509,0.8046029494627625,0.7925360315066198,0.8512212890998292,0.8196817517172186,0.02190785838482974,219,0.9981581327810707,0.9990795325574398,0.9981519138755981,0.9990771574058865,0.9972407542235628,0.9983414981687115,0.0006880540058088255
68.62949452400207,1.539781959972164,0.029504919052124025,0.0008529586340613573,1.0,0.03,7,3,300,0.0,10.0,1.0,"{'clf__colsample_bytree': 1.0, 'clf__learning_rate': 0.03, 'clf__max_depth': 7, 'clf__min_child_weight': 3, 'clf__n_estimators': 300, 'clf__reg_alpha': 0.0, 'clf__reg_lambda': 10.0, 'clf__subsample': 1.0}",0.8206329531241503,0.8147501128768657,0.787482674982675,0.7755212535311491,0.8266364773793613,0.8050046943788404,0.019917048661046866,1266,0.9990802514078543,1.0,1.0,1.0,1.0,0.9998160502815707,0.00036789943685828775
52.79633750915527,0.6463588308935877,0.023575401306152342,0.002994072661669102,1.0,0.03,7,3,300,0.1,1.0,0.8,"{'clf__colsample_bytree': 1.0, 'clf__learning_rate': 0.03, 'clf__max_depth': 7, 'clf__min_child_weight': 3, 'clf__n_estimators': 300, 'clf__reg_alpha': 0.1, 'clf__reg_lambda': 1.0, 'clf__subsample': 0.8}",0.8271675344664404,0.82459504574115,0.7917686365805905,0.8097400715939903,0.8379604918788661,0.8182463560522075,0.016012288656895732,328,1.0,1.0,1.0,1.0,1.0,1.0,0.0
58.49349403381348,1.0765586004345478,0.026526260375976562,0.0024623056565597195,1.0,0.03,7,3,300,0.1,1.0,1.0,"{'clf__colsample_bytree': 1.0, 'clf__learning_rate': 0.03, 'clf__max_depth': 7, 'clf__min_child_weight': 3, 'clf__n_estimators': 300, 'clf__reg_alpha': 0.1, 'clf__reg_lambda': 1.0, 'clf__subsample': 1.0}",0.8184840566779257,0.8311390187308946,0.8015854285953494,0.783902150917846,0.8347349749502004,0.8139691259744432,0.018993626562825022,794,1.0,1.0,1.0,1.0,1.0,1.0,0.0
61.04664740562439,0.5718310751311261,0.025550317764282227,0.0020028793824679453,1.0,0.03,7,3,300,0.1,10.0,0.8,"{'clf__colsample_bytree': 1.0, 'clf__learning_rate': 0.03, 'clf__max_depth': 7, 'clf__min_child_weight': 3, 'clf__n_estimators': 300, 'clf__reg_alpha': 0.1, 'clf__reg_lambda': 10.0, 'clf__subsample': 0.8}",0.8340256163371325,0.82575150434535,0.8046029494627625,0.7991137760874603,0.8484584327950979,0.8223904558055606,0.018354357699486103,67,0.9981581327810707,0.9990795325574398,0.9981519138755981,0.9990771574058865,0.9958174873937601,0.998056844802751,0.001193394070713791
68.93593888282776,1.0830851686213083,0.026441240310668947,0.001865568837171214,1.0,0.03,7,3,300,0.1,10.0,1.0,"{'clf__colsample_bytree': 1.0, 'clf__learning_rate': 0.03, 'clf__max_depth': 7, 'clf__min_child_weight': 3, 'clf__n_estimators': 300, 'clf__reg_alpha': 0.1, 'clf__reg_lambda': 10.0, 'clf__subsample': 1.0}",0.8209496996996997,0.8109590950153729,0.78535720045154,0.7768933655322652,0.8297549432897854,0.8047828607977326,0.020387730031719394,1270,0.9990802514078543,1.0,1.0,1.0,1.0,0.9998160502815707,0.00036789943685828775
67.81815752983093,0.8434950525001492,0.03249506950378418,0.0019634404250359326,1.0,0.03,7,3,600,0.0,1.0,0.8,"{'clf__colsample_bytree': 1.0, 'clf__learning_rate': 0.03, 'clf__max_depth': 7, 'clf__min_child_weight': 3, 'clf__n_estimators': 600, 'clf__reg_alpha': 0.0, 'clf__reg_lambda': 1.0, 'clf__subsample': 0.8}",0.8287234714740479,0.8298670379903821,0.7940983494986987,0.8093106788384731,0.8474443597488647,0.8218887795100933,0.018406357166394226,89,1.0,1.0,1.0,1.0,1.0,1.0,0.0
73.64722743034363,1.4444539540980674,0.03365926742553711,0.0010988435340332343,1.0,0.03,7,3,600,0.0,1.0,1.0,"{'clf__colsample_bytree': 1.0, 'clf__learning_rate': 0.03, 'clf__max_depth': 7, 'clf__min_child_weight': 3, 'clf__n_estimators': 600, 'clf__reg_alpha': 0.0, 'clf__reg_lambda': 1.0, 'clf__subsample': 1.0}",0.8199379047216462,0.8398825489578914,0.7832891419520728,0.8050041315863874,0.8408205886263863,0.8177868631688769,0.021803164057369408,369,1.0,1.0,1.0,1.0,1.0,1.0,0.0
89.81332159042358,1.2648242788960917,0.03764023780822754,0.0009320444377274153,1.0,0.03,7,3,600,0.0,10.0,0.8,"{'clf__colsample_bytree': 1.0, 'clf__learning_rate': 0.03, 'clf__max_depth': 7, 'clf__min_child_weight': 3, 'clf__n_estimators': 600, 'clf__reg_alpha': 0.0, 'clf__reg_lambda': 10.0, 'clf__subsample': 0.8}",0.8318270794891194,0.8325155350377862,0.7967609978358681,0.7893224467395844,0.8579897551224387,0.8216831628449593,0.0253248424698112,102,1.0,1.0,1.0,1.0,1.0,1.0,0.0
100.57597131729126,2.0935542071856283,0.038153982162475585,0.002231345236771816,1.0,0.03,7,3,600,0.0,10.0,1.0,"{'clf__colsample_bytree': 1.0, 'clf__learning_rate': 0.03, 'clf__max_depth': 7, 'clf__min_child_weight': 3, 'clf__n_estimators': 600, 'clf__reg_alpha': 0.0, 'clf__reg_lambda': 10.0, 'clf__subsample': 1.0}",0.8146641220856468,0.8250356492097024,0.7759182259182259,0.7776053538019863,0.8297066410549817,0.8045859984141085,0.023240481254278432,1272,1.0,1.0,1.0,1.0,1.0,1.0,0.0
68.84810123443603,0.6047416820932089,0.0333465576171875,0.002032506618857226,1.0,0.03,7,3,600,0.1,1.0,0.8,"{'clf__colsample_bytree': 1.0, 'clf__learning_rate': 0.03, 'clf__max_depth': 7, 'clf__min_child_weight': 3, 'clf__n_estimators': 600, 'clf__reg_alpha': 0.1, 'clf__reg_lambda': 1.0, 'clf__subsample': 0.8}",0.8244812348374451,0.8272492983669106,0.7943786907167188,0.8129728543029741,0.8525451709032745,0.8223254498254645,0.019029532958993938,69,1.0,1.0,1.0,1.0,1.0,1.0,0.0
74.85282287597656,1.4980057582569097,0.0343834400177002,0.001547633060388075,1.0,0.03,7,3,600,0.1,1.0,1.0,"{'clf__colsample_bytree': 1.0, 'clf__learning_rate': 0.03, 'clf__max_depth': 7, 'clf__min_child_weight': 3, 'clf__n_estimators': 600, 'clf__reg_alpha': 0.1, 'clf__reg_lambda': 1.0, 'clf__subsample': 1.0}",0.8234732342012482,0.8374584265398126,0.7832891419520728,0.7994099604992584,0.8316659909322466,0.8150593508249276,0.020506302013749155,674,1.0,1.0,1.0,1.0,1.0,1.0,0.0
89.79798359870911,0.9022733664839384,0.034868907928466794,0.0008933587922985998,1.0,0.03,7,3,600,0.1,10.0,0.8,"{'clf__colsample_bytree': 1.0, 'clf__learning_rate': 0.03, 'clf__max_depth': 7, 'clf__min_child_weight': 3, 'clf__n_estimators': 600, 'clf__reg_alpha': 0.1, 'clf__reg_lambda': 10.0, 'clf__subsample': 0.8}",0.8318270794891194,0.8287336224812505,0.7967609978358681,0.7893224467395844,0.8564484126984128,0.820618511848847,0.02459224865771779,150,1.0,1.0,1.0,1.0,1.0,1.0,0.0
100.10521221160889,2.272170403472678,0.039843273162841794,0.001429089876159224,1.0,0.03,7,3,600,0.1,10.0,1.0,"{'clf__colsample_bytree': 1.0, 'clf__learning_rate': 0.03, 'clf__max_depth': 7, 'clf__min_child_weight': 3, 'clf__n_estimators': 600, 'clf__reg_alpha': 0.1, 'clf__reg_lambda': 10.0, 'clf__subsample': 1.0}",0.8252526396090754,0.8338694355653341,0.7828281342225926,0.7776053538019863,0.8386691290361015,0.8116449384470179,0.02607108056290782,1026,1.0,1.0,1.0,1.0,1.0,1.0,0.0
79.1218719959259,1.254626066820163,0.04217529296875,0.0009475402013165639,1.0,0.03,7,3,1000,0.0,1.0,0.8,"{'clf__colsample_bytree': 1.0, 'clf__learning_rate': 0.03, 'clf__max_depth': 7, 'clf__min_child_weight': 3, 'clf__n_estimators': 1000, 'clf__reg_alpha': 0.0, 'clf__reg_lambda': 1.0, 'clf__subsample': 0.8}",0.8273063211298506,0.8331044455218206,0.7930896393667659,0.8104553049289891,0.8411742898197792,0.8210260001534412,0.017224776933788478,129,1.0,1.0,1.0,1.0,1.0,1.0,0.0
85.91896710395812,1.321341697981759,0.044209766387939456,0.0017824145700261378,1.0,0.03,7,3,1000,0.0,1.0,1.0,"{'clf__colsample_bytree': 1.0, 'clf__learning_rate': 0.03, 'clf__max_depth': 7, 'clf__min_child_weight': 3, 'clf__n_estimators': 1000, 'clf__reg_alpha': 0.0, 'clf__reg_lambda': 1.0, 'clf__subsample': 1.0}",0.8199379047216462,0.8415387527183302,0.7832891419520728,0.7972868348331449,0.8398436787521294,0.8163792625954647,0.02304655976345095,521,1.0,1.0,1.0,1.0,1.0,1.0,0.0
113.12188978195191,1.247145188611584,0.049760627746582034,0.0021498282013480623,1.0,0.03,7,3,1000,0.0,10.0,0.8,"{'clf__colsample_bytree': 1.0, 'clf__learning_rate': 0.03, 'clf__max_depth': 7, 'clf__min_child_weight': 3, 'clf__n_estimators': 1000, 'clf__reg_alpha': 0.0, 'clf__reg_lambda': 10.0, 'clf__subsample': 0.8}",0.8188631908607219,0.8295324033897418,0.801609657947686,0.8065712083407286,0.8609965198102516,0.823514596069826,0.021117049436487585,44,1.0,1.0,1.0,1.0,1.0,1.0,0.0
124.17693519592285,3.045563180519088,0.051608943939208986,0.0019714422131726843,1.0,0.03,7,3,1000,0.0,10.0,1.0,"{'clf__colsample_bytree': 1.0, 'clf__learning_rate': 0.03, 'clf__max_depth': 7, 'clf__min_child_weight': 3, 'clf__n_estimators': 1000, 'clf__reg_alpha': 0.0, 'clf__reg_lambda': 10.0, 'clf__subsample': 1.0}",0.8397989953499481,0.8342462469307304,0.7869900881620993,0.7842008029703867,0.8313154452238959,0.8153103157274121,0.02443057986917975,637,1.0,1.0,1.0,1.0,1.0,1.0,0.0
80.98254618644714,1.3188483857554658,0.040870380401611325,0.0020613164959513404,1.0,0.03,7,3,1000,0.1,1.0,0.8,"{'clf__colsample_bytree': 1.0, 'clf__learning_rate': 0.03, 'clf__max_depth': 7, 'clf__min_child_weight': 3, 'clf__n_estimators': 1000, 'clf__reg_alpha': 0.1, 'clf__reg_lambda': 1.0, 'clf__subsample': 0.8}",0.8164503564612069,0.837684643623299,0.7972818450690387,0.8107937856535987,0.8497733961976139,0.8223968054009514,0.01888887119911921,66,1.0,1.0,1.0,1.0,1.0,1.0,0.0
86.95014591217041,1.8459565904550745,0.045838451385498045,0.0016309032939639844,1.0,0.03,7,3,1000,0.1,1.0,1.0,"{'clf__colsample_bytree': 1.0, 'clf__learning_rate': 0.03, 'clf__max_depth': 7, 'clf__min_child_weight': 3, 'clf__n_estimators': 1000, 'clf__reg_alpha': 0.1, 'clf__reg_lambda': 1.0, 'clf__subsample': 1.0}",0.8242096709670967,0.8348081040186532,0.7859016800603328,0.7956958059349484,0.8282933211294325,0.8137817164220926,0.01931752814527576,815,1.0,1.0,1.0,1.0,1.0,1.0,0.0
114.24077582359314,1.1213059329175123,0.05009145736694336,0.001256044970581451,1.0,0.03,7,3,1000,0.1,10.0,0.8,"{'clf__colsample_bytree': 1.0, 'clf__learning_rate': 0.03, 'clf__max_depth': 7, 'clf__min_child_weight': 3, 'clf__n_estimators': 1000, 'clf__reg_alpha': 0.1, 'clf__reg_lambda': 10.0, 'clf__subsample': 0.8}",0.8188631908607219,0.838390711123159,0.801609657947686,0.8065712083407286,0.8532182170062825,0.8237305970557156,0.019452048149126936,42,1.0,1.0,1.0,1.0,1.0,1.0,0.0
126.3251817703247,2.893860066893117,0.04999971389770508,0.0013602573486970542,1.0,0.03,7,3,1000,0.1,10.0,1.0,"{'clf__colsample_bytree': 1.0, 'clf__learning_rate': 0.03, 'clf__max_depth': 7, 'clf__min_child_weight': 3, 'clf__n_estimators': 1000, 'clf__reg_alpha': 0.1, 'clf__reg_lambda': 10.0, 'clf__subsample': 1.0}",0.8333432336756269,0.830105485363342,0.777704578209819,0.7812626995645864,0.8374521355632321,0.8119736264753215,0.02665373348974973,1003,1.0,1.0,1.0,1.0,1.0,1.0,0.0
42.247110557556155,0.5679963460712506,0.020778799057006837,0.0012487146038399415,1.0,0.03,7,5,300,0.0,1.0,0.8,"{'clf__colsample_bytree': 1.0, 'clf__learning_rate': 0.03, 'clf__max_depth': 7, 'clf__min_child_weight': 5, 'clf__n_estimators': 300, 'clf__reg_alpha': 0.0, 'clf__reg_lambda': 1.0, 'clf__subsample': 0.8}",0.8192184610815205,0.8346994080651129,0.785197802469038,0.817093012770461,0.8422386129116162,0.8196894594595499,0.01964892188074953,217,0.9990802514078543,1.0,1.0,1.0,0.9990802514078543,0.9996321005631417,0.0004505829484800417
46.876684474945066,0.5120063843687732,0.021826696395874024,0.0010103680637502759,1.0,0.03,7,5,300,0.0,1.0,1.0,"{'clf__colsample_bytree': 1.0, 'clf__learning_rate': 0.03, 'clf__max_depth': 7, 'clf__min_child_weight': 5, 'clf__n_estimators': 300, 'clf__reg_alpha': 0.0, 'clf__reg_lambda': 1.0, 'clf__subsample': 1.0}",0.821491188354248,0.8330177156713587,0.7896118998692322,0.8024141247234053,0.8446614834682895,0.8182392824173068,0.019985356327253154,329,1.0,1.0,1.0,1.0,1.0,1.0,0.0
46.74622678756714,0.5057709361723871,0.022778892517089845,0.0011852497871108142,1.0,0.03,7,5,300,0.0,10.0,0.8,"{'clf__colsample_bytree': 1.0, 'clf__learning_rate': 0.03, 'clf__max_depth': 7, 'clf__min_child_weight': 5, 'clf__n_estimators': 300, 'clf__reg_alpha': 0.0, 'clf__reg_lambda': 10.0, 'clf__subsample': 0.8}",0.8225458043334326,0.8144529389860742,0.8002593201191331,0.8013072559755187,0.8457042435915676,0.8168539126011453,0.016658829106083444,472,0.9952761117374538,0.9947694090497161,0.9939491354910757,0.9961926311044034,0.9947818326430256,0.9949938240051349,0.0007353232386244987
53.58852882385254,0.9757372525431012,0.02418670654296875,0.0011393519019391497,1.0,0.03,7,5,300,0.0,10.0,1.0,"{'clf__colsample_bytree': 1.0, 'clf__learning_rate': 0.03, 'clf__max_depth': 7, 'clf__min_child_weight': 5, 'clf__n_estimators': 300, 'clf__reg_alpha': 0.0, 'clf__reg_lambda': 10.0, 'clf__subsample': 1.0}",0.8228581871345029,0.8186764812008371,0.7727361629798501,0.7843538424713129,0.8382306868775096,0.8073710721328025,0.024695540572282494,1224,0.9981581327810707,0.9990795325574398,0.9981519138755981,0.9990771574058865,0.9962050689153487,0.9981343611070688,0.0010493098193442173
42.013166952133176,0.608382460084092,0.022875118255615234,0.0017355024676939535,1.0,0.03,7,5,300,0.1,1.0,0.8,"{'clf__colsample_bytree': 1.0, 'clf__learning_rate': 0.03, 'clf__max_depth': 7, 'clf__min_child_weight': 5, 'clf__n_estimators': 300, 'clf__reg_alpha': 0.1, 'clf__reg_lambda': 1.0, 'clf__subsample': 0.8}",0.830583462911376,0.8331747968430527,0.7929777558905605,0.8167836657306741,0.8344224354738373,0.8215884233699,0.015630244034442565,107,0.9990802514078543,1.0,0.9990771574058865,1.0,0.9981628558539307,0.9992640529335344,0.0006876894817435309
47.130990743637085,0.6028475923191808,0.022949934005737305,0.000810399880230126,1.0,0.03,7,5,300,0.1,1.0,1.0,"{'clf__colsample_bytree': 1.0, 'clf__learning_rate': 0.03, 'clf__max_depth': 7, 'clf__min_child_weight': 5, 'clf__n_estimators': 300, 'clf__reg_alpha': 0.1, 'clf__reg_lambda': 1.0, 'clf__subsample': 1.0}",0.819368420249284,0.8417745312772112,0.7827044002317309,0.8095836541916935,0.8382709260511394,0.8183403864002118,0.021419833237726643,320,1.0,1.0,1.0,1.0,1.0,1.0,0.0
47.259869480133055,0.4095233420524873,0.02215409278869629,0.0010752734693728347,1.0,0.03,7,5,300,0.1,10.0,0.8,"{'clf__colsample_bytree': 1.0, 'clf__learning_rate': 0.03, 'clf__max_depth': 7, 'clf__min_child_weight': 5, 'clf__n_estimators': 300, 'clf__reg_alpha': 0.1, 'clf__reg_lambda': 10.0, 'clf__subsample': 0.8}",0.8171909642444865,0.8227525441868715,0.7967609978358681,0.7964995636678263,0.8457042435915676,0.815781662705324,0.01832771235981122,586,0.9929409917303177,0.9962029123641054,0.9939625892397208,0.9961926311044034,0.9947818326430256,0.9948161914163146,0.0012699426967810988
53.89505386352539,1.1168573548696223,0.025329399108886718,0.0022709650498503454,1.0,0.03,7,5,300,0.1,10.0,1.0,"{'clf__colsample_bytree': 1.0, 'clf__learning_rate': 0.03, 'clf__max_depth': 7, 'clf__min_child_weight': 5, 'clf__n_estimators': 300, 'clf__reg_alpha': 0.1, 'clf__reg_lambda': 10.0, 'clf__subsample': 1.0}",0.8255741814109668,0.8246668573482064,0.7651306291031714,0.7916653227107054,0.8241742760333663,0.8062422533212832,0.024237984518672814,1244,0.9981581327810707,0.9990795325574398,0.9972242434042095,0.9990771574058865,0.9962050689153487,0.9979488270127911,0.0011100582973464514
56.3009614944458,0.7605391990226886,0.030185556411743163,0.0009396999111019677,1.0,0.03,7,5,600,0.0,1.0,0.8,"{'clf__colsample_bytree': 1.0, 'clf__learning_rate': 0.03, 'clf__max_depth': 7, 'clf__min_child_weight': 5, 'clf__n_estimators': 600, 'clf__reg_alpha': 0.0, 'clf__reg_lambda': 1.0, 'clf__subsample': 0.8}",0.8183669271904566,0.8254002891479173,0.7802146560459484,0.8167836657306741,0.845290104828817,0.8172111285887628,0.021098572619336495,434,1.0,1.0,1.0,1.0,1.0,1.0,0.0
61.584438514709475,0.8888013148665338,0.030960559844970703,0.0011542170970486897,1.0,0.03,7,5,600,0.0,1.0,1.0,"{'clf__colsample_bytree': 1.0, 'clf__learning_rate': 0.03, 'clf__max_depth': 7, 'clf__min_child_weight': 5, 'clf__n_estimators': 600, 'clf__reg_alpha': 0.0, 'clf__reg_lambda': 1.0, 'clf__subsample': 1.0}",0.8269697376977516,0.8427374902053695,0.7799049179149506,0.8049324448083501,0.8409438869370874,0.8190976955127018,0.023810893155736527,256,1.0,1.0,1.0,1.0,1.0,1.0,0.0
69.67349243164062,0.5900318646931714,0.032591056823730466,0.0010354323333695967,1.0,0.03,7,5,600,0.0,10.0,0.8,"{'clf__colsample_bytree': 1.0, 'clf__learning_rate': 0.03, 'clf__max_depth': 7, 'clf__min_child_weight': 5, 'clf__n_estimators': 600, 'clf__reg_alpha': 0.0, 'clf__reg_lambda': 10.0, 'clf__subsample': 0.8}",0.8122399549905314,0.823893593668924,0.7990050023068891,0.8062557429454104,0.8390620925491312,0.8160912772921772,0.014085777980945392,548,1.0,1.0,1.0,1.0,1.0,1.0,0.0
78.16867880821228,1.168639664413058,0.034764766693115234,0.0015634372595022727,1.0,0.03,7,5,600,0.0,10.0,1.0,"{'clf__colsample_bytree': 1.0, 'clf__learning_rate': 0.03, 'clf__max_depth': 7, 'clf__min_child_weight': 5, 'clf__n_estimators': 600, 'clf__reg_alpha': 0.0, 'clf__reg_lambda': 10.0, 'clf__subsample': 1.0}",0.8372249673563816,0.8314318617769618,0.7667684532047754,0.7998996648393785,0.8321575256069111,0.8134964945568817,0.026837792478282683,846,1.0,1.0,1.0,1.0,1.0,1.0,0.0
55.786094665527344,0.943829574916634,0.030822563171386718,0.0014903066238698024,1.0,0.03,7,5,600,0.1,1.0,0.8,"{'clf__colsample_bytree': 1.0, 'clf__learning_rate': 0.03, 'clf__max_depth': 7, 'clf__min_child_weight': 5, 'clf__n_estimators': 600, 'clf__reg_alpha': 0.1, 'clf__reg_lambda': 1.0, 'clf__subsample': 0.8}",0.8183669271904566,0.8268886237228015,0.7923759905394976,0.8126842232786889,0.8465476012447641,0.8193726731952417,0.01771741509677288,237,1.0,1.0,1.0,1.0,1.0,1.0,0.0
61.693133401870725,0.9765799150409508,0.03219900131225586,0.002175126587702913,1.0,0.03,7,5,600,0.1,1.0,1.0,"{'clf__colsample_bytree': 1.0, 'clf__learning_rate': 0.03, 'clf__max_depth': 7, 'clf__min_child_weight': 5, 'clf__n_estimators': 600, 'clf__reg_alpha': 0.1, 'clf__reg_lambda': 1.0, 'clf__subsample': 1.0}",0.827806641034655,0.8467523579480101,0.7838818882289902,0.8068236321715061,0.8382709260511394,0.8207070890868602,0.022742444156069786,141,1.0,1.0,1.0,1.0,1.0,1.0,0.0
69.50033211708069,0.6701198833393587,0.031979036331176755,0.001525216408795471,1.0,0.03,7,5,600,0.1,10.0,0.8,"{'clf__colsample_bytree': 1.0, 'clf__learning_rate': 0.03, 'clf__max_depth': 7, 'clf__min_child_weight': 5, 'clf__n_estimators': 600, 'clf__reg_alpha': 0.1, 'clf__reg_lambda': 10.0, 'clf__subsample': 0.8}",0.8144420642916191,0.826532395935381,0.7990050023068891,0.7991137760874603,0.8439960838867957,0.816617864501629,0.017141790820733912,496,1.0,1.0,1.0,1.0,1.0,1.0,0.0
77.97631459236145,1.1079514653905367,0.03131289482116699,0.0019858519201261613,1.0,0.03,7,5,600,0.1,10.0,1.0,"{'clf__colsample_bytree': 1.0, 'clf__learning_rate': 0.03, 'clf__max_depth': 7, 'clf__min_child_weight': 5, 'clf__n_estimators': 600, 'clf__reg_alpha': 0.1, 'clf__reg_lambda': 10.0, 'clf__subsample': 1.0}",0.8368943105437561,0.8340793453122219,0.7667684532047754,0.7987961918953733,0.823527528809219,0.8120131659530692,0.026307187666314596,996,1.0,1.0,1.0,1.0,1.0,1.0,0.0
65.18525953292847,1.1033767634313774,0.03490467071533203,0.002039027649918315,1.0,0.03,7,5,1000,0.0,1.0,0.8,"{'clf__colsample_bytree': 1.0, 'clf__learning_rate': 0.03, 'clf__max_depth': 7, 'clf__min_child_weight': 5, 'clf__n_estimators': 1000, 'clf__reg_alpha': 0.0, 'clf__reg_lambda': 1.0, 'clf__subsample': 0.8}",0.8206322636308339,0.8315827101758557,0.7947619047619047,0.8113613876478191,0.8500198234669863,0.8216716179366799,0.01861915290926547,103,1.0,1.0,1.0,1.0,1.0,1.0,0.0
69.99170861244201,1.3833024128270206,0.03505134582519531,0.004140230657530545,1.0,0.03,7,5,1000,0.0,1.0,1.0,"{'clf__colsample_bytree': 1.0, 'clf__learning_rate': 0.03, 'clf__max_depth': 7, 'clf__min_child_weight': 5, 'clf__n_estimators': 1000, 'clf__reg_alpha': 0.0, 'clf__reg_lambda': 1.0, 'clf__subsample': 1.0}",0.8183105822231804,0.8427374902053695,0.7806806836495135,0.7968329844910537,0.8320131565483189,0.8141149794234872,0.022687950253162243,773,1.0,1.0,1.0,1.0,1.0,1.0,0.0
85.12114214897156,1.7868448115357378,0.038101911544799805,0.0029126798040815458,1.0,0.03,7,5,1000,0.0,10.0,0.8,"{'clf__colsample_bytree': 1.0, 'clf__learning_rate': 0.03, 'clf__max_depth': 7, 'clf__min_child_weight': 5, 'clf__n_estimators': 1000, 'clf__reg_alpha': 0.0, 'clf__reg_lambda': 10.0, 'clf__subsample': 0.8}",0.8106117141094066,0.8272492983669106,0.8044304914970917,0.8076666474863589,0.834930259604058,0.8169776822127652,0.011936951418459123,459,1.0,1.0,1.0,1.0,1.0,1.0,0.0
91.46200938224793,2.0460330054415254,0.03537931442260742,0.0011626305997316639,1.0,0.03,7,5,1000,0.0,10.0,1.0,"{'clf__colsample_bytree': 1.0, 'clf__learning_rate': 0.03, 'clf__max_depth': 7, 'clf__min_child_weight': 5, 'clf__n_estimators': 1000, 'clf__reg_alpha': 0.0, 'clf__reg_lambda': 10.0, 'clf__subsample': 1.0}",0.8269697376977516,0.8270216185310526,0.7869900881620993,0.806571705977077,0.8311031683684647,0.815731263747289,0.016733341161439104,593,1.0,1.0,1.0,1.0,1.0,1.0,0.0
62.366586446762085,2.1492972937119514,0.031678962707519534,0.002297343358857425,1.0,0.03,7,5,1000,0.1,1.0,0.8,"{'clf__colsample_bytree': 1.0, 'clf__learning_rate': 0.03, 'clf__max_depth': 7, 'clf__min_child_weight': 5, 'clf__n_estimators': 1000, 'clf__reg_alpha': 0.1, 'clf__reg_lambda': 1.0, 'clf__subsample': 0.8}",0.8206322636308339,0.8315827101758557,0.7998535816003143,0.8137514361869039,0.8411744508328917,0.8213988884853599,0.01426922968825199,116,1.0,1.0,1.0,1.0,1.0,1.0,0.0
67.30704641342163,2.6950816315291095,0.030244874954223632,0.0013270491401827544,1.0,0.03,7,5,1000,0.1,1.0,1.0,"{'clf__colsample_bytree': 1.0, 'clf__learning_rate': 0.03, 'clf__max_depth': 7, 'clf__min_child_weight': 5, 'clf__n_estimators': 1000, 'clf__reg_alpha': 0.1, 'clf__reg_lambda': 1.0, 'clf__subsample': 1.0}",0.8250673389799371,0.8486599541290125,0.7872661122661123,0.8032866479925304,0.8382709260511394,0.8205101958837464,0.0224963982720892,163,1.0,1.0,1.0,1.0,1.0,1.0,0.0
80.67970185279846,2.0852627783897475,0.03354091644287109,0.0017717477514925999,1.0,0.03,7,5,1000,0.1,10.0,0.8,"{'clf__colsample_bytree': 1.0, 'clf__learning_rate': 0.03, 'clf__max_depth': 7, 'clf__min_child_weight': 5, 'clf__n_estimators': 1000, 'clf__reg_alpha': 0.1, 'clf__reg_lambda': 10.0, 'clf__subsample': 0.8}",0.8106117141094066,0.8327631052420968,0.8044304914970917,0.8076666474863589,0.8334748088997133,0.8177893534469334,0.012670387765203519,368,1.0,1.0,1.0,1.0,1.0,1.0,0.0
85.9098831653595,3.3218936007478255,0.033702659606933597,0.00076230664235422,1.0,0.03,7,5,1000,0.1,10.0,1.0,"{'clf__colsample_bytree': 1.0, 'clf__learning_rate': 0.03, 'clf__max_depth': 7, 'clf__min_child_weight': 5, 'clf__n_estimators': 1000, 'clf__reg_alpha': 0.1, 'clf__reg_lambda': 10.0, 'clf__subsample': 1.0}",0.823628136569313,0.8376059401154349,0.7724707508654842,0.7950258397932817,0.8259830535773932,0.8109427441841813,0.02379705115840879,1076,1.0,1.0,1.0,1.0,1.0,1.0,0.0
18.469742107391358,0.7727435705193009,0.013688945770263672,0.0014766950963507946,1.0,0.1,3,1,300,0.0,1.0,0.8,"{'clf__colsample_bytree': 1.0, 'clf__learning_rate': 0.1, 'clf__max_depth': 3, 'clf__min_child_weight': 1, 'clf__n_estimators': 300, 'clf__reg_alpha': 0.0, 'clf__reg_lambda': 1.0, 'clf__subsample': 0.8}",0.8221696696696696,0.8389875180841567,0.7872922934633815,0.8109774668279486,0.8615959863400904,0.8242045868770493,0.025132714961856775,32,1.0,1.0,1.0,1.0,1.0,1.0,0.0
18.53520531654358,0.45050068184487474,0.012656641006469727,0.001099701610288809,1.0,0.1,3,1,300,0.0,1.0,1.0,"{'clf__colsample_bytree': 1.0, 'clf__learning_rate': 0.1, 'clf__max_depth': 3, 'clf__min_child_weight': 1, 'clf__n_estimators': 300, 'clf__reg_alpha': 0.0, 'clf__reg_lambda': 1.0, 'clf__subsample': 1.0}",0.8191787263760357,0.8397794073122458,0.7725241425241425,0.8213344933933169,0.8353119911111664,0.8176257521433815,0.02389104086070355,391,1.0,1.0,1.0,1.0,1.0,1.0,0.0
21.05344076156616,0.6740821106657312,0.01397843360900879,0.0014836688480413102,1.0,0.1,3,1,300,0.0,10.0,0.8,"{'clf__colsample_bytree': 1.0, 'clf__learning_rate': 0.1, 'clf__max_depth': 3, 'clf__min_child_weight': 1, 'clf__n_estimators': 300, 'clf__reg_alpha': 0.0, 'clf__reg_lambda': 10.0, 'clf__subsample': 0.8}",0.8194945649203558,0.8398102943381581,0.8000756034071853,0.8156021029852806,0.8457422072359403,0.824144954577384,0.016648028683656522,35,1.0,1.0,1.0,1.0,1.0,1.0,0.0
21.4185968875885,0.5933035960272602,0.013612794876098632,0.001432181531068382,1.0,0.1,3,1,300,0.0,10.0,1.0,"{'clf__colsample_bytree': 1.0, 'clf__learning_rate': 0.1, 'clf__max_depth': 3, 'clf__min_child_weight': 1, 'clf__n_estimators': 300, 'clf__reg_alpha': 0.0, 'clf__reg_lambda': 10.0, 'clf__subsample': 1.0}",0.8041854967209937,0.8273013160834959,0.8033015592664388,0.7985099710751611,0.8295936540109251,0.8125783994314031,0.013120247093083445,934,1.0,1.0,1.0,1.0,1.0,1.0,0.0
17.774390697479248,0.3830611537646681,0.012317323684692382,0.001055471381699649,1.0,0.1,3,1,300,0.1,1.0,0.8,"{'clf__colsample_bytree': 1.0, 'clf__learning_rate': 0.1, 'clf__max_depth': 3, 'clf__min_child_weight': 1, 'clf__n_estimators': 300, 'clf__reg_alpha': 0.1, 'clf__reg_lambda': 1.0, 'clf__subsample': 0.8}",0.8186169123669124,0.8402597053111532,0.7737774153176997,0.8072801190375448,0.8524565709834859,0.8184781446033593,0.027395401358153736,308,1.0,1.0,1.0,1.0,1.0,1.0,0.0
18.341467475891115,0.5256070389458584,0.011435937881469727,0.0005840309105375452,1.0,0.1,3,1,300,0.1,1.0,1.0,"{'clf__colsample_bytree': 1.0, 'clf__learning_rate': 0.1, 'clf__max_depth': 3, 'clf__min_child_weight': 1, 'clf__n_estimators': 300, 'clf__reg_alpha': 0.1, 'clf__reg_lambda': 1.0, 'clf__subsample': 1.0}",0.8087142628173021,0.8333204234783717,0.7793028024606972,0.8059873771088725,0.8387558153151715,0.8132161362360829,0.02134991149181637,876,1.0,1.0,1.0,1.0,1.0,1.0,0.0
20.366034412384032,0.5350727182954449,0.013090991973876953,0.0007714147486581062,1.0,0.1,3,1,300,0.1,10.0,0.8,"{'clf__colsample_bytree': 1.0, 'clf__learning_rate': 0.1, 'clf__max_depth': 3, 'clf__min_child_weight': 1, 'clf__n_estimators': 300, 'clf__reg_alpha': 0.1, 'clf__reg_lambda': 10.0, 'clf__subsample': 0.8}",0.8205872500515358,0.8288010276273539,0.7929780043666094,0.8032580686792209,0.8396341645870362,0.8170517030623513,0.016913436121316225,446,1.0,1.0,1.0,1.0,1.0,1.0,0.0
20.455106496810913,0.20024902651448565,0.012255525588989258,0.0012705667360145717,1.0,0.1,3,1,300,0.1,10.0,1.0,"{'clf__colsample_bytree': 1.0, 'clf__learning_rate': 0.1, 'clf__max_depth': 3, 'clf__min_child_weight': 1, 'clf__n_estimators': 300, 'clf__reg_alpha': 0.1, 'clf__reg_lambda': 10.0, 'clf__subsample': 1.0}",0.8092360017714988,0.8308744055114567,0.7916575586130041,0.7981233907704496,0.8268550200224786,0.8113492753377776,0.015419549162340576,1053,1.0,1.0,1.0,1.0,1.0,1.0,0.0
23.93412127494812,0.7053304860898114,0.01674675941467285,0.0008511419589215221,1.0,0.1,3,1,600,0.0,1.0,0.8,"{'clf__colsample_bytree': 1.0, 'clf__learning_rate': 0.1, 'clf__max_depth': 3, 'clf__min_child_weight': 1, 'clf__n_estimators': 600, 'clf__reg_alpha': 0.0, 'clf__reg_lambda': 1.0, 'clf__subsample': 0.8}",0.8210498842778982,0.8406409828356918,0.7788033763654418,0.8111232955297648,0.8572005628451704,0.8217636203707934,0.02672616771067531,96,1.0,1.0,1.0,1.0,1.0,1.0,0.0
25.921390581130982,0.6133123812945352,0.017383527755737305,0.0008085798906180395,1.0,0.1,3,1,600,0.0,1.0,1.0,"{'clf__colsample_bytree': 1.0, 'clf__learning_rate': 0.1, 'clf__max_depth': 3, 'clf__min_child_weight': 1, 'clf__n_estimators': 600, 'clf__reg_alpha': 0.0, 'clf__reg_lambda': 1.0, 'clf__subsample': 1.0}",0.8168065675345815,0.8501127743965011,0.7886717974180735,0.8124173449904531,0.8330070369305782,0.8202031042540374,0.0206150764238078,178,1.0,1.0,1.0,1.0,1.0,1.0,0.0
33.36373333930969,0.6048977285321682,0.019951248168945314,0.0012106096741667266,1.0,0.1,3,1,600,0.0,10.0,0.8,"{'clf__colsample_bytree': 1.0, 'clf__learning_rate': 0.1, 'clf__max_depth': 3, 'clf__min_child_weight': 1, 'clf__n_estimators': 600, 'clf__reg_alpha': 0.0, 'clf__reg_lambda': 10.0, 'clf__subsample': 0.8}",0.8129779752211258,0.8317731967859829,0.8113557364067236,0.8126736149824881,0.8434728988571254,0.8224506844506891,0.012940354820669003,64,1.0,1.0,1.0,1.0,1.0,1.0,0.0
35.26979737281799,0.7432170230186733,0.019257402420043944,0.00044366489757699306,1.0,0.1,3,1,600,0.0,10.0,1.0,"{'clf__colsample_bytree': 1.0, 'clf__learning_rate': 0.1, 'clf__max_depth': 3, 'clf__min_child_weight': 1, 'clf__n_estimators': 600, 'clf__reg_alpha': 0.0, 'clf__reg_lambda': 10.0, 'clf__subsample': 1.0}",0.8027509463615138,0.8383668210874093,0.8043197616683218,0.7955839922824093,0.8362175845534904,0.8154478211906289,0.018090216496610172,624,1.0,1.0,1.0,1.0,1.0,1.0,0.0
25.716404724121094,0.5839034757526456,0.017048978805541994,0.0015550841438945024,1.0,0.1,3,1,600,0.1,1.0,0.8,"{'clf__colsample_bytree': 1.0, 'clf__learning_rate': 0.1, 'clf__max_depth': 3, 'clf__min_child_weight': 1, 'clf__n_estimators': 600, 'clf__reg_alpha': 0.1, 'clf__reg_lambda': 1.0, 'clf__subsample': 0.8}",0.8198128014106163,0.824892262950631,0.7852168092570936,0.797409901728887,0.8483465608465609,0.8151356672387579,0.022042554407387737,660,1.0,1.0,1.0,1.0,1.0,1.0,0.0
26.967115592956542,0.35301762164956835,0.01764678955078125,0.0006650007490722421,1.0,0.1,3,1,600,0.1,1.0,1.0,"{'clf__colsample_bytree': 1.0, 'clf__learning_rate': 0.1, 'clf__max_depth': 3, 'clf__min_child_weight': 1, 'clf__n_estimators': 600, 'clf__reg_alpha': 0.1, 'clf__reg_lambda': 1.0, 'clf__subsample': 1.0}",0.8168065675345815,0.8419911123372499,0.790382323733863,0.8199489827808439,0.841278874829706,0.8220815722432488,0.018984952893815958,77,1.0,1.0,1.0,1.0,1.0,1.0,0.0
34.34418396949768,0.37750687603950867,0.018840837478637695,0.0009343345832136151,1.0,0.1,3,1,600,0.1,10.0,0.8,"{'clf__colsample_bytree': 1.0, 'clf__learning_rate': 0.1, 'clf__max_depth': 3, 'clf__min_child_weight': 1, 'clf__n_estimators': 600, 'clf__reg_alpha': 0.1, 'clf__reg_lambda': 10.0, 'clf__subsample': 0.8}",0.8128875101306609,0.8314505033306643,0.8073694576812562,0.8181303322903276,0.8466965292113939,0.8233068665288605,0.014161607507719538,48,1.0,1.0,1.0,1.0,1.0,1.0,0.0
35.486952781677246,0.5468016332158837,0.019330883026123048,0.0003203093619045705,1.0,0.1,3,1,600,0.1,10.0,1.0,"{'clf__colsample_bytree': 1.0, 'clf__learning_rate': 0.1, 'clf__max_depth': 3, 'clf__min_child_weight': 1, 'clf__n_estimators': 600, 'clf__reg_alpha': 0.1, 'clf__reg_lambda': 10.0, 'clf__subsample': 1.0}",0.8039084139579131,0.8430937730875998,0.7994779131653938,0.7970912732127686,0.8368088694941114,0.8160760485835574,0.01971688833415465,551,1.0,1.0,1.0,1.0,1.0,1.0,0.0
28.722583627700807,0.6026109981959835,0.022201061248779297,0.0008522052581308547,1.0,0.1,3,1,1000,0.0,1.0,0.8,"{'clf__colsample_bytree': 1.0, 'clf__learning_rate': 0.1, 'clf__max_depth': 3, 'clf__min_child_weight': 1, 'clf__n_estimators': 1000, 'clf__reg_alpha': 0.0, 'clf__reg_lambda': 1.0, 'clf__subsample': 0.8}",0.8140707820782077,0.837684643623299,0.7828148512935101,0.8056071500251453,0.8572005628451704,0.8194755979730666,0.025769356020428014,231,1.0,1.0,1.0,1.0,1.0,1.0,0.0
31.288241815567016,0.4491465801060683,0.022616052627563478,0.0010187121259840346,1.0,0.1,3,1,1000,0.0,1.0,1.0,"{'clf__colsample_bytree': 1.0, 'clf__learning_rate': 0.1, 'clf__max_depth': 3, 'clf__min_child_weight': 1, 'clf__n_estimators': 1000, 'clf__reg_alpha': 0.0, 'clf__reg_lambda': 1.0, 'clf__subsample': 1.0}",0.8168065675345815,0.8490150916117878,0.7828163674216673,0.8211692493340239,0.8360251761195157,0.8211664904043152,0.02229827795244237,124,1.0,1.0,1.0,1.0,1.0,1.0,0.0
47.09755454063416,0.6327997524902784,0.027788400650024414,0.002017459720256219,1.0,0.1,3,1,1000,0.0,10.0,0.8,"{'clf__colsample_bytree': 1.0, 'clf__learning_rate': 0.1, 'clf__max_depth': 3, 'clf__min_child_weight': 1, 'clf__n_estimators': 1000, 'clf__reg_alpha': 0.0, 'clf__reg_lambda': 10.0, 'clf__subsample': 0.8}",0.8129779752211258,0.8317731967859829,0.8096531364684201,0.813007951826945,0.8434728988571254,0.8221770318319198,0.013199567871130786,74,1.0,1.0,1.0,1.0,1.0,1.0,0.0
49.5154824256897,0.5316956044885006,0.029122161865234374,0.0010753168319041317,1.0,0.1,3,1,1000,0.0,10.0,1.0,"{'clf__colsample_bytree': 1.0, 'clf__learning_rate': 0.1, 'clf__max_depth': 3, 'clf__min_child_weight': 1, 'clf__n_estimators': 1000, 'clf__reg_alpha': 0.0, 'clf__reg_lambda': 10.0, 'clf__subsample': 1.0}",0.8027509463615138,0.8489819004524887,0.8068358636668496,0.7967805290244365,0.8418404745201733,0.8194379428050922,0.02156546085229224,232,1.0,1.0,1.0,1.0,1.0,1.0,0.0
32.499910068511966,0.28314562003356514,0.026128625869750975,0.0005986123474046673,1.0,0.1,3,1,1000,0.1,1.0,0.8,"{'clf__colsample_bytree': 1.0, 'clf__learning_rate': 0.1, 'clf__max_depth': 3, 'clf__min_child_weight': 1, 'clf__n_estimators': 1000, 'clf__reg_alpha': 0.1, 'clf__reg_lambda': 1.0, 'clf__subsample': 0.8}",0.8191380217115511,0.8363733659022279,0.7877774973995141,0.7925121879199485,0.8483465608465609,0.8168295267559605,0.023731698688448207,475,1.0,1.0,1.0,1.0,1.0,1.0,0.0
33.85069828033447,0.6633433897923178,0.02494521141052246,0.0008796716320511784,1.0,0.1,3,1,1000,0.1,1.0,1.0,"{'clf__colsample_bytree': 1.0, 'clf__learning_rate': 0.1, 'clf__max_depth': 3, 'clf__min_child_weight': 1, 'clf__n_estimators': 1000, 'clf__reg_alpha': 0.1, 'clf__reg_lambda': 1.0, 'clf__subsample': 1.0}",0.8168065675345815,0.8486029026995413,0.7878163674216672,0.8172942528483658,0.841278874829706,0.8223597930667722,0.02143071965550705,68,1.0,1.0,1.0,1.0,1.0,1.0,0.0
49.00225038528443,0.19727872889404935,0.0289365291595459,0.0006013460233040359,1.0,0.1,3,1,1000,0.1,10.0,0.8,"{'clf__colsample_bytree': 1.0, 'clf__learning_rate': 0.1, 'clf__max_depth': 3, 'clf__min_child_weight': 1, 'clf__n_estimators': 1000, 'clf__reg_alpha': 0.1, 'clf__reg_lambda': 10.0, 'clf__subsample': 0.8}",0.8128875101306609,0.836187219325629,0.8073694576812562,0.8210487388549873,0.8417502310089819,0.823848631400303,0.013208003367323105,39,1.0,1.0,1.0,1.0,1.0,1.0,0.0
51.3167857170105,0.492519997499592,0.029708099365234376,0.001786183510859104,1.0,0.1,3,1,1000,0.1,10.0,1.0,"{'clf__colsample_bytree': 1.0, 'clf__learning_rate': 0.1, 'clf__max_depth': 3, 'clf__min_child_weight': 1, 'clf__n_estimators': 1000, 'clf__reg_alpha': 0.1, 'clf__reg_lambda': 10.0, 'clf__subsample': 1.0}",0.8041854967209937,0.8414203612479475,0.8076823361282015,0.8046742156151133,0.8451681728182817,0.8206261165061075,0.018585003168359756,148,1.0,1.0,1.0,1.0,1.0,1.0,0.0
13.114905738830567,0.21448147294721562,0.011462783813476563,0.0009835445160994967,1.0,0.1,3,3,300,0.0,1.0,0.8,"{'clf__colsample_bytree': 1.0, 'clf__learning_rate': 0.1, 'clf__max_depth': 3, 'clf__min_child_weight': 3, 'clf__n_estimators': 300, 'clf__reg_alpha': 0.0, 'clf__reg_lambda': 1.0, 'clf__subsample': 0.8}",0.8194314793807693,0.8331044455218206,0.7917649123531477,0.8152856725969646,0.843348688334745,0.8205870396374895,0.017521032701815452,155,1.0,1.0,1.0,1.0,1.0,1.0,0.0
14.034879922866821,0.29046068430172267,0.011213064193725586,0.00029929640609647736,1.0,0.1,3,3,300,0.0,1.0,1.0,"{'clf__colsample_bytree': 1.0, 'clf__learning_rate': 0.1, 'clf__max_depth': 3, 'clf__min_child_weight': 3, 'clf__n_estimators': 300, 'clf__reg_alpha': 0.0, 'clf__reg_lambda': 1.0, 'clf__subsample': 1.0}",0.8291966976346085,0.8385934216816571,0.7868685178642477,0.8050621751641648,0.8255268391812918,0.817049530305194,0.018644827115251637,447,1.0,1.0,1.0,1.0,1.0,1.0,0.0
15.987424945831298,0.19601025920335974,0.011756563186645507,0.0005368081558479133,1.0,0.1,3,3,300,0.0,10.0,0.8,"{'clf__colsample_bytree': 1.0, 'clf__learning_rate': 0.1, 'clf__max_depth': 3, 'clf__min_child_weight': 3, 'clf__n_estimators': 300, 'clf__reg_alpha': 0.0, 'clf__reg_lambda': 10.0, 'clf__subsample': 0.8}",0.8128875101306609,0.8236263894814733,0.7984178187403993,0.8221808714398982,0.8351611914406172,0.8184547562466097,0.012265462042536358,311,1.0,1.0,1.0,1.0,1.0,1.0,0.0
16.721302652359007,0.1865533433251355,0.010992717742919923,0.00018763335564916632,1.0,0.1,3,3,300,0.0,10.0,1.0,"{'clf__colsample_bytree': 1.0, 'clf__learning_rate': 0.1, 'clf__max_depth': 3, 'clf__min_child_weight': 3, 'clf__n_estimators': 300, 'clf__reg_alpha': 0.0, 'clf__reg_lambda': 10.0, 'clf__subsample': 1.0}",0.8003812457669703,0.8263215768799449,0.7802181646736102,0.8110433436258424,0.834010118573257,0.8103948899039249,0.019092756165069086,1116,1.0,1.0,1.0,1.0,1.0,1.0,0.0
13.641857290267945,0.3333407541612166,0.011832427978515626,0.0012405310444434637,1.0,0.1,3,3,300,0.1,1.0,0.8,"{'clf__colsample_bytree': 1.0, 'clf__learning_rate': 0.1, 'clf__max_depth': 3, 'clf__min_child_weight': 3, 'clf__n_estimators': 300, 'clf__reg_alpha': 0.1, 'clf__reg_lambda': 1.0, 'clf__subsample': 0.8}",0.8205854598617757,0.8520315079674253,0.7890743961614206,0.8044934030909648,0.8421571758593891,0.8216683885881952,0.023238892512573977,104,1.0,1.0,1.0,1.0,1.0,1.0,0.0
14.405941486358643,0.04366925846452367,0.011354541778564453,0.0004540587190396224,1.0,0.1,3,3,300,0.1,1.0,1.0,"{'clf__colsample_bytree': 1.0, 'clf__learning_rate': 0.1, 'clf__max_depth': 3, 'clf__min_child_weight': 3, 'clf__n_estimators': 300, 'clf__reg_alpha': 0.1, 'clf__reg_lambda': 1.0, 'clf__subsample': 1.0}",0.8101199089008686,0.8317035536118957,0.7848782680520778,0.8060883568202402,0.8325690927024185,0.8130718360175001,0.017774386339765767,890,1.0,1.0,1.0,1.0,1.0,1.0,0.0
16.271495246887206,0.3734032670475107,0.011235427856445313,0.0004524262870029516,1.0,0.1,3,3,300,0.1,10.0,0.8,"{'clf__colsample_bytree': 1.0, 'clf__learning_rate': 0.1, 'clf__max_depth': 3, 'clf__min_child_weight': 3, 'clf__n_estimators': 300, 'clf__reg_alpha': 0.1, 'clf__reg_lambda': 10.0, 'clf__subsample': 0.8}",0.8140065124933547,0.823086855772502,0.8040812432330062,0.7956748331265188,0.8374443634619398,0.8148587616174643,0.01457885652267647,697,1.0,1.0,1.0,1.0,1.0,1.0,0.0
16.84619288444519,0.3002139785677791,0.011625862121582032,0.0012084204378854312,1.0,0.1,3,3,300,0.1,10.0,1.0,"{'clf__colsample_bytree': 1.0, 'clf__learning_rate': 0.1, 'clf__max_depth': 3, 'clf__min_child_weight': 3, 'clf__n_estimators': 300, 'clf__reg_alpha': 0.1, 'clf__reg_lambda': 10.0, 'clf__subsample': 1.0}",0.8078973407544837,0.8263215768799449,0.79197039043527,0.8018628466007695,0.834010118573257,0.8124124546487449,0.01555301411939516,949,1.0,1.0,1.0,1.0,1.0,1.0,0.0
18.42747893333435,0.12166828859861296,0.01682415008544922,0.0013942550421378718,1.0,0.1,3,3,600,0.0,1.0,0.8,"{'clf__colsample_bytree': 1.0, 'clf__learning_rate': 0.1, 'clf__max_depth': 3, 'clf__min_child_weight': 3, 'clf__n_estimators': 600, 'clf__reg_alpha': 0.0, 'clf__reg_lambda': 1.0, 'clf__subsample': 0.8}",0.8140707820782077,0.8306279641380114,0.7896862118998342,0.8154531537048377,0.8342377422399911,0.8168151708121764,0.01574615144351728,479,1.0,1.0,1.0,1.0,1.0,1.0,0.0
19.924243783950807,0.3415584835986383,0.016850948333740234,0.0011028057703414914,1.0,0.1,3,3,600,0.0,1.0,1.0,"{'clf__colsample_bytree': 1.0, 'clf__learning_rate': 0.1, 'clf__max_depth': 3, 'clf__min_child_weight': 3, 'clf__n_estimators': 600, 'clf__reg_alpha': 0.0, 'clf__reg_lambda': 1.0, 'clf__subsample': 1.0}",0.81636466011466,0.8389875180841567,0.790506284458501,0.8222117974976213,0.8258947956133798,0.8187930111536638,0.015974838644813198,282,1.0,1.0,1.0,1.0,1.0,1.0,0.0
25.56001009941101,0.4281249783763898,0.019690895080566408,0.001625505823617856,1.0,0.1,3,3,600,0.0,10.0,0.8,"{'clf__colsample_bytree': 1.0, 'clf__learning_rate': 0.1, 'clf__max_depth': 3, 'clf__min_child_weight': 3, 'clf__n_estimators': 600, 'clf__reg_alpha': 0.0, 'clf__reg_lambda': 10.0, 'clf__subsample': 0.8}",0.8080721003134796,0.8217704911734762,0.8080639377515815,0.8299459073280261,0.8372875584297911,0.8210279989992708,0.011665126242384052,128,1.0,1.0,1.0,1.0,1.0,1.0,0.0
26.818393182754516,0.46123673364539036,0.01936450004577637,0.0013217190846589299,1.0,0.1,3,3,600,0.0,10.0,1.0,"{'clf__colsample_bytree': 1.0, 'clf__learning_rate': 0.1, 'clf__max_depth': 3, 'clf__min_child_weight': 3, 'clf__n_estimators': 600, 'clf__reg_alpha': 0.0, 'clf__reg_lambda': 10.0, 'clf__subsample': 1.0}",0.8015391061714061,0.8319631433475247,0.7998180908138207,0.7990045682972053,0.8354166666666667,0.8135483150593247,0.016502069135307704,841,1.0,1.0,1.0,1.0,1.0,1.0,0.0
19.340723180770873,0.344135744742515,0.01868782043457031,0.001058910835350334,1.0,0.1,3,3,600,0.1,1.0,0.8,"{'clf__colsample_bytree': 1.0, 'clf__learning_rate': 0.1, 'clf__max_depth': 3, 'clf__min_child_weight': 3, 'clf__n_estimators': 600, 'clf__reg_alpha': 0.1, 'clf__reg_lambda': 1.0, 'clf__subsample': 0.8}",0.8205854598617757,0.8420371016008601,0.7832003737885831,0.8037119085280837,0.8391567921781722,0.817738327191495,0.02212192527972156,377,1.0,1.0,1.0,1.0,1.0,1.0,0.0
21.100676441192626,0.22958776011609927,0.018532228469848634,0.0012978624899666,1.0,0.1,3,3,600,0.1,1.0,1.0,"{'clf__colsample_bytree': 1.0, 'clf__learning_rate': 0.1, 'clf__max_depth': 3, 'clf__min_child_weight': 3, 'clf__n_estimators': 600, 'clf__reg_alpha': 0.1, 'clf__reg_lambda': 1.0, 'clf__subsample': 1.0}",0.8101199089008686,0.827862102126808,0.7959997955864375,0.8122132323212592,0.8355818041314196,0.8163553686133586,0.013945955277588023,525,1.0,1.0,1.0,1.0,1.0,1.0,0.0
25.731660890579224,0.3246868070013492,0.01923370361328125,0.0013817282531299049,1.0,0.1,3,3,600,0.1,10.0,0.8,"{'clf__colsample_bytree': 1.0, 'clf__learning_rate': 0.1, 'clf__max_depth': 3, 'clf__min_child_weight': 3, 'clf__n_estimators': 600, 'clf__reg_alpha': 0.1, 'clf__reg_lambda': 10.0, 'clf__subsample': 0.8}",0.8128875101306609,0.8157014686426451,0.8044916581924761,0.8175781389853567,0.8377515502565364,0.8176820652415351,0.01098810619854661,384,1.0,1.0,1.0,1.0,1.0,1.0,0.0
27.4840106010437,0.5840935759974784,0.01901087760925293,0.0015507753202719061,1.0,0.1,3,3,600,0.1,10.0,1.0,"{'clf__colsample_bytree': 1.0, 'clf__learning_rate': 0.1, 'clf__max_depth': 3, 'clf__min_child_weight': 3, 'clf__n_estimators': 600, 'clf__reg_alpha': 0.1, 'clf__reg_lambda': 10.0, 'clf__subsample': 1.0}",0.8134317857806979,0.8317419241423258,0.7998180908138207,0.7948840885207089,0.8295301200360744,0.8138812018587256,0.01498504202772364,806,1.0,1.0,1.0,1.0,1.0,1.0,0.0
23.852417707443237,1.0255130812264062,0.022588014602661133,0.0005100477690750223,1.0,0.1,3,3,1000,0.0,1.0,0.8,"{'clf__colsample_bytree': 1.0, 'clf__learning_rate': 0.1, 'clf__max_depth': 3, 'clf__min_child_weight': 3, 'clf__n_estimators': 1000, 'clf__reg_alpha': 0.0, 'clf__reg_lambda': 1.0, 'clf__subsample': 0.8}",0.8191380217115511,0.8427374902053695,0.7896862118998342,0.8048464668886423,0.8317460317460317,0.8176308444902858,0.018847793264891964,390,1.0,1.0,1.0,1.0,1.0,1.0,0.0
24.888862085342407,0.46583933167375774,0.022785329818725587,0.0012416553072839022,1.0,0.1,3,3,1000,0.0,1.0,1.0,"{'clf__colsample_bytree': 1.0, 'clf__learning_rate': 0.1, 'clf__max_depth': 3, 'clf__min_child_weight': 3, 'clf__n_estimators': 1000, 'clf__reg_alpha': 0.0, 'clf__reg_lambda': 1.0, 'clf__subsample': 1.0}",0.81636466011466,0.8412499615230707,0.7947348940501527,0.8172597013595058,0.8228595723444085,0.8184937578783595,0.01488250451676679,306,1.0,1.0,1.0,1.0,1.0,1.0,0.0
34.64665522575378,0.311652797646434,0.026912784576416014,0.0017918134873262108,1.0,0.1,3,3,1000,0.0,10.0,0.8,"{'clf__colsample_bytree': 1.0, 'clf__learning_rate': 0.1, 'clf__max_depth': 3, 'clf__min_child_weight': 3, 'clf__n_estimators': 1000, 'clf__reg_alpha': 0.0, 'clf__reg_lambda': 10.0, 'clf__subsample': 0.8}",0.8069604069523627,0.8217704911734762,0.8022322908982628,0.8381510355331544,0.8400740851385442,0.8218376619391602,0.015520316302379097,93,1.0,1.0,1.0,1.0,1.0,1.0,0.0
36.598743724822995,0.7239662317548515,0.026746034622192383,0.002060804388447866,1.0,0.1,3,3,1000,0.0,10.0,1.0,"{'clf__colsample_bytree': 1.0, 'clf__learning_rate': 0.1, 'clf__max_depth': 3, 'clf__min_child_weight': 3, 'clf__n_estimators': 1000, 'clf__reg_alpha': 0.0, 'clf__reg_lambda': 10.0, 'clf__subsample': 1.0}",0.8008153220040697,0.8267013608798599,0.7944932318352538,0.8005220405761506,0.843667767457444,0.8132399445505556,0.01883941453972874,874,1.0,1.0,1.0,1.0,1.0,1.0,0.0
24.818383598327635,0.4929461519649095,0.023903274536132814,0.001449824611404214,1.0,0.1,3,3,1000,0.1,1.0,0.8,"{'clf__colsample_bytree': 1.0, 'clf__learning_rate': 0.1, 'clf__max_depth': 3, 'clf__min_child_weight': 3, 'clf__n_estimators': 1000, 'clf__reg_alpha': 0.1, 'clf__reg_lambda': 1.0, 'clf__subsample': 0.8}",0.8147387669801462,0.8357326007326008,0.7888925844476813,0.8041121101424671,0.8391567921781722,0.8165265708962135,0.018983944706161007,506,1.0,1.0,1.0,1.0,1.0,1.0,0.0
27.17643795013428,0.7041538685852037,0.02372603416442871,0.0014646263274746875,1.0,0.1,3,3,1000,0.1,1.0,1.0,"{'clf__colsample_bytree': 1.0, 'clf__learning_rate': 0.1, 'clf__max_depth': 3, 'clf__min_child_weight': 3, 'clf__n_estimators': 1000, 'clf__reg_alpha': 0.1, 'clf__reg_lambda': 1.0, 'clf__subsample': 1.0}",0.8151916792357968,0.832143641644255,0.7967411677368976,0.824572702554836,0.823819293805193,0.8184936969953958,0.012130236018443116,307,1.0,1.0,1.0,1.0,1.0,1.0,0.0
35.53686947822571,0.5430814346950474,0.02617344856262207,0.0010975969687329686,1.0,0.1,3,3,1000,0.1,10.0,0.8,"{'clf__colsample_bytree': 1.0, 'clf__learning_rate': 0.1, 'clf__max_depth': 3, 'clf__min_child_weight': 3, 'clf__n_estimators': 1000, 'clf__reg_alpha': 0.1, 'clf__reg_lambda': 10.0, 'clf__subsample': 0.8}",0.8179027889694691,0.8161193855223705,0.8015279900391631,0.8175781389853567,0.8380358431895164,0.8182328293411751,0.0116294041504098,330,1.0,1.0,1.0,1.0,1.0,1.0,0.0
37.46967992782593,0.4789294612676407,0.026218318939208986,0.0007259712954028848,1.0,0.1,3,3,1000,0.1,10.0,1.0,"{'clf__colsample_bytree': 1.0, 'clf__learning_rate': 0.1, 'clf__max_depth': 3, 'clf__min_child_weight': 3, 'clf__n_estimators': 1000, 'clf__reg_alpha': 0.1, 'clf__reg_lambda': 10.0, 'clf__subsample': 1.0}",0.8046773019295317,0.8264940802836818,0.8042260164415291,0.7960964510414759,0.8365723735572013,0.8136132446506841,0.015282975566717658,839,1.0,1.0,1.0,1.0,1.0,1.0,0.0
12.102067041397095,0.20119390271433338,0.012926101684570312,0.0004081858929138668,1.0,0.1,3,5,300,0.0,1.0,0.8,"{'clf__colsample_bytree': 1.0, 'clf__learning_rate': 0.1, 'clf__max_depth': 3, 'clf__min_child_weight': 5, 'clf__n_estimators': 300, 'clf__reg_alpha': 0.0, 'clf__reg_lambda': 1.0, 'clf__subsample': 0.8}",0.813281489752078,0.8587996329964191,0.8040737239725468,0.797388951323172,0.8483138509131767,0.8243715297914784,0.02458283336363585,28,1.0,1.0,1.0,1.0,1.0,1.0,0.0
12.818946361541748,0.20930086661824307,0.011872673034667968,0.0003499353752114465,1.0,0.1,3,5,300,0.0,1.0,1.0,"{'clf__colsample_bytree': 1.0, 'clf__learning_rate': 0.1, 'clf__max_depth': 3, 'clf__min_child_weight': 5, 'clf__n_estimators': 300, 'clf__reg_alpha': 0.0, 'clf__reg_lambda': 1.0, 'clf__subsample': 1.0}",0.8179050876419298,0.8384793345569318,0.7825315912158017,0.7971693072427415,0.8283272108006458,0.8128825062916102,0.02043059229843655,908,1.0,1.0,1.0,1.0,1.0,1.0,0.0
14.60680456161499,0.26256057905697056,0.01206984519958496,0.0005816324046040033,1.0,0.1,3,5,300,0.0,10.0,0.8,"{'clf__colsample_bytree': 1.0, 'clf__learning_rate': 0.1, 'clf__max_depth': 3, 'clf__min_child_weight': 5, 'clf__n_estimators': 300, 'clf__reg_alpha': 0.0, 'clf__reg_lambda': 10.0, 'clf__subsample': 0.8}",0.8205854598617757,0.821032135167852,0.8025116713352007,0.810507571274514,0.8442569309943082,0.81977875372673,0.014039300983641527,204,1.0,1.0,1.0,1.0,1.0,1.0,0.0
15.153716850280762,0.14880124629347907,0.012673234939575196,0.0009628241370896099,1.0,0.1,3,5,300,0.0,10.0,1.0,"{'clf__colsample_bytree': 1.0, 'clf__learning_rate': 0.1, 'clf__max_depth': 3, 'clf__min_child_weight': 5, 'clf__n_estimators': 300, 'clf__reg_alpha': 0.0, 'clf__reg_lambda': 10.0, 'clf__subsample': 1.0}",0.810036734687288,0.8309449012022002,0.7817911479338999,0.8197973840475045,0.8282123149556859,0.8141564965653156,0.017752320425377,765,1.0,1.0,1.0,1.0,1.0,1.0,0.0
12.240213584899902,0.22872758400177862,0.011590862274169922,0.0010800483694502572,1.0,0.1,3,5,300,0.1,1.0,0.8,"{'clf__colsample_bytree': 1.0, 'clf__learning_rate': 0.1, 'clf__max_depth': 3, 'clf__min_child_weight': 5, 'clf__n_estimators': 300, 'clf__reg_alpha': 0.1, 'clf__reg_lambda': 1.0, 'clf__subsample': 0.8}",0.8092360017714988,0.840131063776208,0.796337841124279,0.8157494625757279,0.8443044072888815,0.821151755307319,0.018347532422121948,125,1.0,1.0,1.0,1.0,1.0,1.0,0.0
12.971457529067994,0.2598832255567818,0.011078977584838867,0.0007068793416735357,1.0,0.1,3,5,300,0.1,1.0,1.0,"{'clf__colsample_bytree': 1.0, 'clf__learning_rate': 0.1, 'clf__max_depth': 3, 'clf__min_child_weight': 5, 'clf__n_estimators': 300, 'clf__reg_alpha': 0.1, 'clf__reg_lambda': 1.0, 'clf__subsample': 1.0}",0.8152504300088333,0.828604681902776,0.7938140891366697,0.7967284282956679,0.8238050242897286,0.8116405307267351,0.014063722979874326,1027,1.0,1.0,1.0,1.0,1.0,1.0,0.0
14.42291808128357,0.14586323424163544,0.01099710464477539,0.00036015761508519393,1.0,0.1,3,5,300,0.1,10.0,0.8,"{'clf__colsample_bytree': 1.0, 'clf__learning_rate': 0.1, 'clf__max_depth': 3, 'clf__min_child_weight': 5, 'clf__n_estimators': 300, 'clf__reg_alpha': 0.1, 'clf__reg_lambda': 10.0, 'clf__subsample': 0.8}",0.8074275651249336,0.8284629069560576,0.7968933474555082,0.8152196484193189,0.8277526160553683,0.8151512168022375,0.012074813697021495,654,1.0,1.0,1.0,1.0,1.0,1.0,0.0
15.127600812911988,0.20181000210343222,0.012725496292114257,0.0005577984457565082,1.0,0.1,3,5,300,0.1,10.0,1.0,"{'clf__colsample_bytree': 1.0, 'clf__learning_rate': 0.1, 'clf__max_depth': 3, 'clf__min_child_weight': 5, 'clf__n_estimators': 300, 'clf__reg_alpha': 0.1, 'clf__reg_lambda': 10.0, 'clf__subsample': 1.0}",0.8080721003134796,0.8298345406426504,0.7792486955462463,0.8235900873140471,0.8261433472652773,0.8133777542163401,0.018606560895095194,860,1.0,1.0,1.0,1.0,1.0,1.0,0.0
16.650595331192015,0.22908430136910754,0.015287685394287109,0.000907669950354779,1.0,0.1,3,5,600,0.0,1.0,0.8,"{'clf__colsample_bytree': 1.0, 'clf__learning_rate': 0.1, 'clf__max_depth': 3, 'clf__min_child_weight': 5, 'clf__n_estimators': 600, 'clf__reg_alpha': 0.0, 'clf__reg_lambda': 1.0, 'clf__subsample': 0.8}",0.8105699855699856,0.8347122723267972,0.7986370571019366,0.8051275712465814,0.8399633668094693,0.817802050610954,0.016476174933794163,367,1.0,1.0,1.0,1.0,1.0,1.0,0.0
17.89286799430847,0.16825963880220923,0.017309093475341798,0.0007380971690461052,1.0,0.1,3,5,600,0.0,1.0,1.0,"{'clf__colsample_bytree': 1.0, 'clf__learning_rate': 0.1, 'clf__max_depth': 3, 'clf__min_child_weight': 5, 'clf__n_estimators': 600, 'clf__reg_alpha': 0.0, 'clf__reg_lambda': 1.0, 'clf__subsample': 1.0}",0.8159981156486689,0.8378433191458401,0.7861618669314796,0.8244370799963178,0.8228369879313275,0.8174554739307268,0.017174291722774435,402,1.0,1.0,1.0,1.0,1.0,1.0,0.0
21.917131853103637,0.4856414350891269,0.020014524459838867,0.0010524339558162816,1.0,0.1,3,5,600,0.0,10.0,0.8,"{'clf__colsample_bytree': 1.0, 'clf__learning_rate': 0.1, 'clf__max_depth': 3, 'clf__min_child_weight': 5, 'clf__n_estimators': 600, 'clf__reg_alpha': 0.0, 'clf__reg_lambda': 10.0, 'clf__subsample': 0.8}",0.8151916792357968,0.8217164643635232,0.799419247042337,0.8129412745579842,0.8455277280858675,0.8189592786571017,0.015137427735986038,266,1.0,1.0,1.0,1.0,1.0,1.0,0.0
23.601905345916748,0.4680897971721807,0.01963491439819336,0.0009043104051370527,1.0,0.1,3,5,600,0.0,10.0,1.0,"{'clf__colsample_bytree': 1.0, 'clf__learning_rate': 0.1, 'clf__max_depth': 3, 'clf__min_child_weight': 5, 'clf__n_estimators': 600, 'clf__reg_alpha': 0.0, 'clf__reg_lambda': 10.0, 'clf__subsample': 1.0}",0.8131419364671191,0.8452855703281589,0.7885461609892592,0.8124334561647064,0.8323713622100719,0.8183556972318631,0.019352114206631788,318,1.0,1.0,1.0,1.0,1.0,1.0,0.0
17.010155391693115,0.18862588558698704,0.0187131404876709,0.0013497123916452521,1.0,0.1,3,5,600,0.1,1.0,0.8,"{'clf__colsample_bytree': 1.0, 'clf__learning_rate': 0.1, 'clf__max_depth': 3, 'clf__min_child_weight': 5, 'clf__n_estimators': 600, 'clf__reg_alpha': 0.1, 'clf__reg_lambda': 1.0, 'clf__subsample': 0.8}",0.8130560446538596,0.8295121755120703,0.8100542176270331,0.8090457976125724,0.831696244931539,0.8186728960674149,0.009855041928230479,292,1.0,1.0,1.0,1.0,1.0,1.0,0.0
18.876258516311644,0.258450078998302,0.017332744598388673,0.0015157198333636565,1.0,0.1,3,5,600,0.1,1.0,1.0,"{'clf__colsample_bytree': 1.0, 'clf__learning_rate': 0.1, 'clf__max_depth': 3, 'clf__min_child_weight': 5, 'clf__n_estimators': 600, 'clf__reg_alpha': 0.1, 'clf__reg_lambda': 1.0, 'clf__subsample': 1.0}",0.8109833510143107,0.8331575105342878,0.8020232399179769,0.8211691061401086,0.8390757971722045,0.8212818009557775,0.01367202782259023,119,1.0,1.0,1.0,1.0,1.0,1.0,0.0
22.63277139663696,0.18766547432474937,0.017753410339355468,0.0016049584046865083,1.0,0.1,3,5,600,0.1,10.0,0.8,"{'clf__colsample_bytree': 1.0, 'clf__learning_rate': 0.1, 'clf__max_depth': 3, 'clf__min_child_weight': 5, 'clf__n_estimators': 600, 'clf__reg_alpha': 0.1, 'clf__reg_lambda': 10.0, 'clf__subsample': 0.8}",0.806983856665755,0.831722355229818,0.8007928913192071,0.8004642538617853,0.8229679640876177,0.8125862642328366,0.01258080618388991,933,1.0,1.0,1.0,1.0,1.0,1.0,0.0
24.447185611724855,0.48568040697026593,0.019650888442993165,0.0009593829055433935,1.0,0.1,3,5,600,0.1,10.0,1.0,"{'clf__colsample_bytree': 1.0, 'clf__learning_rate': 0.1, 'clf__max_depth': 3, 'clf__min_child_weight': 5, 'clf__n_estimators': 600, 'clf__reg_alpha': 0.1, 'clf__reg_lambda': 10.0, 'clf__subsample': 1.0}",0.805052790346908,0.8419825069397471,0.78754500450045,0.8024588480402283,0.8163763822194356,0.8106831064093537,0.018148148708028774,1100,1.0,1.0,1.0,1.0,1.0,1.0,0.0
21.322592163085936,0.5473366401007989,0.022151899337768555,0.0008464424409957265,1.0,0.1,3,5,1000,0.0,1.0,0.8,"{'clf__colsample_bytree': 1.0, 'clf__learning_rate': 0.1, 'clf__max_depth': 3, 'clf__min_child_weight': 5, 'clf__n_estimators': 1000, 'clf__reg_alpha': 0.0, 'clf__reg_lambda': 1.0, 'clf__subsample': 0.8}",0.8147175016957231,0.8384755433112032,0.800532017487463,0.8090088695624221,0.8382321964858619,0.8201932257085346,0.015500219922375363,182,1.0,1.0,1.0,1.0,1.0,1.0,0.0
23.136385679244995,0.3869734237476018,0.025879526138305665,0.0011892349565094315,1.0,0.1,3,5,1000,0.0,1.0,1.0,"{'clf__colsample_bytree': 1.0, 'clf__learning_rate': 0.1, 'clf__max_depth': 3, 'clf__min_child_weight': 5, 'clf__n_estimators': 1000, 'clf__reg_alpha': 0.0, 'clf__reg_lambda': 1.0, 'clf__subsample': 1.0}",0.8159981156486689,0.8388189668032524,0.7950415866248992,0.8202619901093656,0.8196948551116702,0.8179631028595713,0.013946382975686566,349,1.0,1.0,1.0,1.0,1.0,1.0,0.0
29.103722858428956,0.9147738846917085,0.026532697677612304,0.001940455695377118,1.0,0.1,3,5,1000,0.0,10.0,0.8,"{'clf__colsample_bytree': 1.0, 'clf__learning_rate': 0.1, 'clf__max_depth': 3, 'clf__min_child_weight': 5, 'clf__n_estimators': 1000, 'clf__reg_alpha': 0.0, 'clf__reg_lambda': 10.0, 'clf__subsample': 0.8}",0.820265713666267,0.8164534319670143,0.7982458590268438,0.8140474996016125,0.8311646938598197,0.8160354396243115,0.010652561693404021,555,1.0,1.0,1.0,1.0,1.0,1.0,0.0
31.722089529037476,0.4059217638326742,0.02822141647338867,0.001719022242762059,1.0,0.1,3,5,1000,0.0,10.0,1.0,"{'clf__colsample_bytree': 1.0, 'clf__learning_rate': 0.1, 'clf__max_depth': 3, 'clf__min_child_weight': 5, 'clf__n_estimators': 1000, 'clf__reg_alpha': 0.0, 'clf__reg_lambda': 10.0, 'clf__subsample': 1.0}",0.8131419364671191,0.8321827911408121,0.8049658789291526,0.816592919779431,0.8351567594001303,0.8204080571433291,0.011506356762731634,167,1.0,1.0,1.0,1.0,1.0,1.0,0.0
23.199356174468996,0.8938233633009189,0.025345849990844726,0.0017984381522588079,1.0,0.1,3,5,1000,0.1,1.0,0.8,"{'clf__colsample_bytree': 1.0, 'clf__learning_rate': 0.1, 'clf__max_depth': 3, 'clf__min_child_weight': 5, 'clf__n_estimators': 1000, 'clf__reg_alpha': 0.1, 'clf__reg_lambda': 1.0, 'clf__subsample': 0.8}",0.8130560446538596,0.8300700575277529,0.8033618998367718,0.8104832630554091,0.831696244931539,0.8177335020010664,0.01120835682139274,378,1.0,1.0,1.0,1.0,1.0,1.0,0.0
26.688879442214965,1.7939259743965146,0.024342155456542967,0.0025435220912176817,1.0,0.1,3,5,1000,0.1,1.0,1.0,"{'clf__colsample_bytree': 1.0, 'clf__learning_rate': 0.1, 'clf__max_depth': 3, 'clf__min_child_weight': 5, 'clf__n_estimators': 1000, 'clf__reg_alpha': 0.1, 'clf__reg_lambda': 1.0, 'clf__subsample': 1.0}",0.8195038838603195,0.8300216259854132,0.8095148690012743,0.8214311650760923,0.8356186485899456,0.8232180385026091,0.00899809589753149,52,1.0,1.0,1.0,1.0,1.0,1.0,0.0
31.513811540603637,0.8222665048813171,0.028491735458374023,0.002656090043373502,1.0,0.1,3,5,1000,0.1,10.0,0.8,"{'clf__colsample_bytree': 1.0, 'clf__learning_rate': 0.1, 'clf__max_depth': 3, 'clf__min_child_weight': 5, 'clf__n_estimators': 1000, 'clf__reg_alpha': 0.1, 'clf__reg_lambda': 10.0, 'clf__subsample': 0.8}",0.806983856665755,0.8283448591151804,0.7982450995524001,0.801122341461151,0.8290370446762456,0.8127466402941463,0.013321489313977915,916,1.0,1.0,1.0,1.0,1.0,1.0,0.0
33.817144823074344,0.6254910032928397,0.029335403442382814,0.002232912527144704,1.0,0.1,3,5,1000,0.1,10.0,1.0,"{'clf__colsample_bytree': 1.0, 'clf__learning_rate': 0.1, 'clf__max_depth': 3, 'clf__min_child_weight': 5, 'clf__n_estimators': 1000, 'clf__reg_alpha': 0.1, 'clf__reg_lambda': 10.0, 'clf__subsample': 1.0}",0.7990214141431179,0.8401591930030032,0.7985589993848559,0.8138435864077068,0.8310344189745984,0.8165235223826564,0.016765685084555393,508,1.0,1.0,1.0,1.0,1.0,1.0,0.0
26.229664373397828,0.5370768606337625,0.01512317657470703,0.0013138551430542796,1.0,0.1,5,1,300,0.0,1.0,0.8,"{'clf__colsample_bytree': 1.0, 'clf__learning_rate': 0.1, 'clf__max_depth': 5, 'clf__min_child_weight': 1, 'clf__n_estimators': 300, 'clf__reg_alpha': 0.0, 'clf__reg_lambda': 1.0, 'clf__subsample': 0.8}",0.839465574452964,0.8344613440251025,0.7858299914934986,0.7895583007608293,0.8376777863232756,0.8173985994111341,0.024335132207865158,412,1.0,1.0,1.0,1.0,1.0,1.0,0.0
27.547036790847777,0.5130704822523228,0.015605783462524414,0.002001534644843084,1.0,0.1,5,1,300,0.0,1.0,1.0,"{'clf__colsample_bytree': 1.0, 'clf__learning_rate': 0.1, 'clf__max_depth': 5, 'clf__min_child_weight': 1, 'clf__n_estimators': 300, 'clf__reg_alpha': 0.0, 'clf__reg_lambda': 1.0, 'clf__subsample': 1.0}",0.8186382811775444,0.8296590909674276,0.7946469464448085,0.7917356204832486,0.8253860069080683,0.8120131891962196,0.015791568173203503,995,1.0,1.0,1.0,1.0,1.0,1.0,0.0
41.25319890975952,0.695556564935642,0.01975703239440918,0.0014614460312127311,1.0,0.1,5,1,300,0.0,10.0,0.8,"{'clf__colsample_bytree': 1.0, 'clf__learning_rate': 0.1, 'clf__max_depth': 5, 'clf__min_child_weight': 1, 'clf__n_estimators': 300, 'clf__reg_alpha': 0.0, 'clf__reg_lambda': 10.0, 'clf__subsample': 0.8}",0.8328656554712892,0.8330047576334576,0.804732749372165,0.7959182029149442,0.8427316388180874,0.8218506008419887,0.01815089248694924,91,1.0,1.0,1.0,1.0,1.0,1.0,0.0
44.04935050010681,0.9021267373132301,0.0194699764251709,0.0017031244786045307,1.0,0.1,5,1,300,0.0,10.0,1.0,"{'clf__colsample_bytree': 1.0, 'clf__learning_rate': 0.1, 'clf__max_depth': 5, 'clf__min_child_weight': 1, 'clf__n_estimators': 300, 'clf__reg_alpha': 0.0, 'clf__reg_lambda': 10.0, 'clf__subsample': 1.0}",0.8233860174622395,0.82459504574115,0.7938260199017825,0.7973620521062424,0.8365637765017344,0.8151465823426298,0.01665361135523021,657,1.0,1.0,1.0,1.0,1.0,1.0,0.0
28.21730532646179,0.4126812399670199,0.01641221046447754,0.0010692894752313581,1.0,0.1,5,1,300,0.1,1.0,0.8,"{'clf__colsample_bytree': 1.0, 'clf__learning_rate': 0.1, 'clf__max_depth': 5, 'clf__min_child_weight': 1, 'clf__n_estimators': 300, 'clf__reg_alpha': 0.1, 'clf__reg_lambda': 1.0, 'clf__subsample': 0.8}",0.8264416834037529,0.8374126786455554,0.7824140443875656,0.7895583007608293,0.849562024543284,0.8170777463481975,0.026515328538888362,443,1.0,1.0,1.0,1.0,1.0,1.0,0.0
30.146046781539916,0.45706714494482453,0.01613450050354004,0.0025361503331769006,1.0,0.1,5,1,300,0.1,1.0,1.0,"{'clf__colsample_bytree': 1.0, 'clf__learning_rate': 0.1, 'clf__max_depth': 5, 'clf__min_child_weight': 1, 'clf__n_estimators': 300, 'clf__reg_alpha': 0.1, 'clf__reg_lambda': 1.0, 'clf__subsample': 1.0}",0.8245024064644759,0.8204656925073193,0.7962417025119375,0.8021148343251066,0.8335383319604919,0.8153725935538662,0.014007472037568131,629,1.0,1.0,1.0,1.0,1.0,1.0,0.0
42.81846032142639,0.7341897130770377,0.019369125366210938,0.0015638922861078823,1.0,0.1,5,1,300,0.1,10.0,0.8,"{'clf__colsample_bytree': 1.0, 'clf__learning_rate': 0.1, 'clf__max_depth': 5, 'clf__min_child_weight': 1, 'clf__n_estimators': 300, 'clf__reg_alpha': 0.1, 'clf__reg_lambda': 10.0, 'clf__subsample': 0.8}",0.8328656554712892,0.8290348820066582,0.8070364590722088,0.7958098473827984,0.8351532897222989,0.8199800267310507,0.015684331387475468,190,1.0,1.0,1.0,1.0,1.0,1.0,0.0
45.704863929748534,0.7435790807404669,0.02014646530151367,0.0024519320804052024,1.0,0.1,5,1,300,0.1,10.0,1.0,"{'clf__colsample_bytree': 1.0, 'clf__learning_rate': 0.1, 'clf__max_depth': 5, 'clf__min_child_weight': 1, 'clf__n_estimators': 300, 'clf__reg_alpha': 0.1, 'clf__reg_lambda': 10.0, 'clf__subsample': 1.0}",0.8204539159104076,0.8208812902842753,0.808355753633737,0.8037299881719893,0.8368532254682948,0.8180548346937406,0.011544672701142497,340,1.0,1.0,1.0,1.0,1.0,1.0,0.0
33.62845335006714,0.4121417018837823,0.022701120376586913,0.002942441047041496,1.0,0.1,5,1,600,0.0,1.0,0.8,"{'clf__colsample_bytree': 1.0, 'clf__learning_rate': 0.1, 'clf__max_depth': 5, 'clf__min_child_weight': 1, 'clf__n_estimators': 600, 'clf__reg_alpha': 0.0, 'clf__reg_lambda': 1.0, 'clf__subsample': 0.8}",0.8359626070633863,0.8303175690482851,0.7915564721246066,0.7985617323852618,0.8410231610973291,0.8194843083437737,0.020349615547957473,229,1.0,1.0,1.0,1.0,1.0,1.0,0.0
35.67215371131897,0.6819039960979112,0.02179093360900879,0.0010721341949020621,1.0,0.1,5,1,600,0.0,1.0,1.0,"{'clf__colsample_bytree': 1.0, 'clf__learning_rate': 0.1, 'clf__max_depth': 5, 'clf__min_child_weight': 1, 'clf__n_estimators': 600, 'clf__reg_alpha': 0.0, 'clf__reg_lambda': 1.0, 'clf__subsample': 1.0}",0.8242123069369046,0.8334838637417203,0.7975441216878428,0.7947759212350712,0.8294271992286011,0.8158886825660281,0.016397781322648766,572,1.0,1.0,1.0,1.0,1.0,1.0,0.0
60.52928566932678,1.1254623865979585,0.02823185920715332,0.0033144411976647834,1.0,0.1,5,1,600,0.0,10.0,0.8,"{'clf__colsample_bytree': 1.0, 'clf__learning_rate': 0.1, 'clf__max_depth': 5, 'clf__min_child_weight': 1, 'clf__n_estimators': 600, 'clf__reg_alpha': 0.0, 'clf__reg_lambda': 10.0, 'clf__subsample': 0.8}",0.8314295992674312,0.8362894475392209,0.7976211212688071,0.799837139381964,0.8460065369935756,0.8222367688901997,0.01977200694503351,72,1.0,1.0,1.0,1.0,1.0,1.0,0.0
64.33762974739075,1.4075821041125645,0.02952895164489746,0.0024505874760011805,1.0,0.1,5,1,600,0.0,10.0,1.0,"{'clf__colsample_bytree': 1.0, 'clf__learning_rate': 0.1, 'clf__max_depth': 5, 'clf__min_child_weight': 1, 'clf__n_estimators': 600, 'clf__reg_alpha': 0.0, 'clf__reg_lambda': 10.0, 'clf__subsample': 1.0}",0.8204539159104076,0.8254772073564021,0.7967600327121911,0.7999531629255786,0.8368532254682948,0.8158995088745747,0.01531103306535713,566,1.0,1.0,1.0,1.0,1.0,1.0,0.0
37.25694890022278,0.8459076029437822,0.023964738845825194,0.001631258967604774,1.0,0.1,5,1,600,0.1,1.0,0.8,"{'clf__colsample_bytree': 1.0, 'clf__learning_rate': 0.1, 'clf__max_depth': 5, 'clf__min_child_weight': 1, 'clf__n_estimators': 600, 'clf__reg_alpha': 0.1, 'clf__reg_lambda': 1.0, 'clf__subsample': 0.8}",0.8195003467161303,0.8378170487230889,0.7880688162145116,0.7932082785720923,0.846561078459746,0.8170311137371138,0.023308853143615905,451,1.0,1.0,1.0,1.0,1.0,1.0,0.0
40.37573266029358,0.42357286047106696,0.022852420806884766,0.0005520603281416205,1.0,0.1,5,1,600,0.1,1.0,1.0,"{'clf__colsample_bytree': 1.0, 'clf__learning_rate': 0.1, 'clf__max_depth': 5, 'clf__min_child_weight': 1, 'clf__n_estimators': 600, 'clf__reg_alpha': 0.1, 'clf__reg_lambda': 1.0, 'clf__subsample': 1.0}",0.8162436306000663,0.8242204827136334,0.7993866596430059,0.8083863662424033,0.8349787882029589,0.8166431854804135,0.01232665528493658,492,1.0,1.0,1.0,1.0,1.0,1.0,0.0
62.9935049533844,0.9989260064548058,0.02841320037841797,0.0008798412558350762,1.0,0.1,5,1,600,0.1,10.0,0.8,"{'clf__colsample_bytree': 1.0, 'clf__learning_rate': 0.1, 'clf__max_depth': 5, 'clf__min_child_weight': 1, 'clf__n_estimators': 600, 'clf__reg_alpha': 0.1, 'clf__reg_lambda': 10.0, 'clf__subsample': 0.8}",0.8328656554712892,0.8333187050912969,0.8136383413816383,0.8097266994577204,0.8387956094046097,0.8256690021613109,0.011674856793891285,14,1.0,1.0,1.0,1.0,1.0,1.0,0.0
67.2268084526062,1.5548307799087515,0.030725622177124025,0.0024831779175835,1.0,0.1,5,1,600,0.1,10.0,1.0,"{'clf__colsample_bytree': 1.0, 'clf__learning_rate': 0.1, 'clf__max_depth': 5, 'clf__min_child_weight': 1, 'clf__n_estimators': 600, 'clf__reg_alpha': 0.1, 'clf__reg_lambda': 10.0, 'clf__subsample': 1.0}",0.82186343068696,0.823893593668924,0.7961507421946526,0.8102692178462573,0.8355629430461601,0.8175479854885909,0.013373488589074466,398,1.0,1.0,1.0,1.0,1.0,1.0,0.0
40.66311187744141,0.7934369153402419,0.02712411880493164,0.0019094862784742733,1.0,0.1,5,1,1000,0.0,1.0,0.8,"{'clf__colsample_bytree': 1.0, 'clf__learning_rate': 0.1, 'clf__max_depth': 5, 'clf__min_child_weight': 1, 'clf__n_estimators': 1000, 'clf__reg_alpha': 0.0, 'clf__reg_lambda': 1.0, 'clf__subsample': 0.8}",0.8308244001905973,0.83614447454468,0.7913418160786582,0.7951425977784801,0.8410231610973291,0.8188952899379489,0.02122670501797286,273,1.0,1.0,1.0,1.0,1.0,1.0,0.0
42.09940209388733,1.6921246476365106,0.029543352127075196,0.002885929172987365,1.0,0.1,5,1,1000,0.0,1.0,1.0,"{'clf__colsample_bytree': 1.0, 'clf__learning_rate': 0.1, 'clf__max_depth': 5, 'clf__min_child_weight': 1, 'clf__n_estimators': 1000, 'clf__reg_alpha': 0.0, 'clf__reg_lambda': 1.0, 'clf__subsample': 1.0}",0.8242123069369046,0.8397517442806062,0.800634033674889,0.7941362178946502,0.8294271992286011,0.8176323004031302,0.017393636116385516,389,1.0,1.0,1.0,1.0,1.0,1.0,0.0
76.30344138145446,1.7029186569602937,0.038045740127563475,0.0020319686330746013,1.0,0.1,5,1,1000,0.0,10.0,0.8,"{'clf__colsample_bytree': 1.0, 'clf__learning_rate': 0.1, 'clf__max_depth': 5, 'clf__min_child_weight': 1, 'clf__n_estimators': 1000, 'clf__reg_alpha': 0.0, 'clf__reg_lambda': 10.0, 'clf__subsample': 0.8}",0.8314295992674312,0.8422465232311619,0.7972818450690387,0.8028830102245131,0.84879045096935,0.824526285752299,0.020789916744379706,27,1.0,1.0,1.0,1.0,1.0,1.0,0.0
81.42283449172973,1.8609654896746988,0.039718341827392575,0.001374002274132282,1.0,0.1,5,1,1000,0.0,10.0,1.0,"{'clf__colsample_bytree': 1.0, 'clf__learning_rate': 0.1, 'clf__max_depth': 5, 'clf__min_child_weight': 1, 'clf__n_estimators': 1000, 'clf__reg_alpha': 0.0, 'clf__reg_lambda': 10.0, 'clf__subsample': 1.0}",0.8204539159104076,0.8247069597069596,0.7967600327121911,0.8033960418417216,0.8278027573474674,0.8146239415037495,0.012284315307292216,727,1.0,1.0,1.0,1.0,1.0,1.0,0.0
45.00636005401611,0.8713816117323177,0.02996535301208496,0.0015010890497078528,1.0,0.1,5,1,1000,0.1,1.0,0.8,"{'clf__colsample_bytree': 1.0, 'clf__learning_rate': 0.1, 'clf__max_depth': 5, 'clf__min_child_weight': 1, 'clf__n_estimators': 1000, 'clf__reg_alpha': 0.1, 'clf__reg_lambda': 1.0, 'clf__subsample': 0.8}",0.8195003467161303,0.8378170487230889,0.7969212616127918,0.7932082785720923,0.846561078459746,0.8188016028167698,0.021290521323451567,281,1.0,1.0,1.0,1.0,1.0,1.0,0.0
46.46618809700012,1.3043993597806713,0.031893014907836914,0.002009249656368867,1.0,0.1,5,1,1000,0.1,1.0,1.0,"{'clf__colsample_bytree': 1.0, 'clf__learning_rate': 0.1, 'clf__max_depth': 5, 'clf__min_child_weight': 1, 'clf__n_estimators': 1000, 'clf__reg_alpha': 0.1, 'clf__reg_lambda': 1.0, 'clf__subsample': 1.0}",0.8162436306000663,0.8242204827136334,0.7993866596430059,0.8043644248976849,0.8319498161140093,0.8152330027936798,0.012087022695366911,650,1.0,1.0,1.0,1.0,1.0,1.0,0.0
80.3472827911377,1.3706249700566122,0.03760519027709961,0.0009739169476442494,1.0,0.1,5,1,1000,0.1,10.0,0.8,"{'clf__colsample_bytree': 1.0, 'clf__learning_rate': 0.1, 'clf__max_depth': 5, 'clf__min_child_weight': 1, 'clf__n_estimators': 1000, 'clf__reg_alpha': 0.1, 'clf__reg_lambda': 10.0, 'clf__subsample': 0.8}",0.8328656554712892,0.835971666329637,0.8101785381219155,0.8071113599327444,0.842707809221982,0.8257670058155137,0.014370457136348842,13,1.0,1.0,1.0,1.0,1.0,1.0,0.0
87.04285564422608,1.6147907361785285,0.03950495719909668,0.001420906895740047,1.0,0.1,5,1,1000,0.1,10.0,1.0,"{'clf__colsample_bytree': 1.0, 'clf__learning_rate': 0.1, 'clf__max_depth': 5, 'clf__min_child_weight': 1, 'clf__n_estimators': 1000, 'clf__reg_alpha': 0.1, 'clf__reg_lambda': 10.0, 'clf__subsample': 1.0}",0.8246447007838889,0.823893593668924,0.7901879988405638,0.800775982441875,0.8355629430461601,0.8150130437562823,0.01681016427409392,680,1.0,1.0,1.0,1.0,1.0,1.0,0.0
19.85915608406067,0.5137890880273318,0.015609121322631836,0.0011241250638353787,1.0,0.1,5,3,300,0.0,1.0,0.8,"{'clf__colsample_bytree': 1.0, 'clf__learning_rate': 0.1, 'clf__max_depth': 5, 'clf__min_child_weight': 3, 'clf__n_estimators': 300, 'clf__reg_alpha': 0.0, 'clf__reg_lambda': 1.0, 'clf__subsample': 0.8}",0.8244313019965321,0.8311056393271159,0.800230942794234,0.8299459073280261,0.8358395961470806,0.8243106775185977,0.012575304850275991,29,1.0,1.0,1.0,1.0,1.0,1.0,0.0
21.563975715637206,0.35305021789911795,0.014867782592773438,0.001025459622594213,1.0,0.1,5,3,300,0.0,1.0,1.0,"{'clf__colsample_bytree': 1.0, 'clf__learning_rate': 0.1, 'clf__max_depth': 5, 'clf__min_child_weight': 3, 'clf__n_estimators': 300, 'clf__reg_alpha': 0.0, 'clf__reg_lambda': 1.0, 'clf__subsample': 1.0}",0.82764504660402,0.8374584265398126,0.7794914236500764,0.7990998121981366,0.8386337698887559,0.8164656957761605,0.02334851965932004,513,1.0,1.0,1.0,1.0,1.0,1.0,0.0
28.661655282974245,0.33485744402034595,0.017156171798706054,0.0009160814917891796,1.0,0.1,5,3,300,0.0,10.0,0.8,"{'clf__colsample_bytree': 1.0, 'clf__learning_rate': 0.1, 'clf__max_depth': 5, 'clf__min_child_weight': 3, 'clf__n_estimators': 300, 'clf__reg_alpha': 0.0, 'clf__reg_lambda': 10.0, 'clf__subsample': 0.8}",0.8283887247723621,0.8327532303243879,0.7987748004828701,0.787808370482665,0.8432034395358595,0.8181857131196288,0.02117435767341955,332,1.0,1.0,1.0,1.0,1.0,1.0,0.0
30.41252245903015,0.7286097742278397,0.01757206916809082,0.0017867951974185952,1.0,0.1,5,3,300,0.0,10.0,1.0,"{'clf__colsample_bytree': 1.0, 'clf__learning_rate': 0.1, 'clf__max_depth': 5, 'clf__min_child_weight': 3, 'clf__n_estimators': 300, 'clf__reg_alpha': 0.0, 'clf__reg_lambda': 10.0, 'clf__subsample': 1.0}",0.8383966961830738,0.8163347157044636,0.7893912222287127,0.7989732772278668,0.8350430494831789,0.8156277921654592,0.019295623429259227,603,1.0,1.0,1.0,1.0,1.0,1.0,0.0
20.583286476135253,0.5897284722820889,0.014778327941894532,0.00109133948013649,1.0,0.1,5,3,300,0.1,1.0,0.8,"{'clf__colsample_bytree': 1.0, 'clf__learning_rate': 0.1, 'clf__max_depth': 5, 'clf__min_child_weight': 3, 'clf__n_estimators': 300, 'clf__reg_alpha': 0.1, 'clf__reg_lambda': 1.0, 'clf__subsample': 0.8}",0.8319202327472566,0.8431199099410219,0.8113819075661182,0.8223946740750534,0.8319958843066876,0.8281625217272275,0.010652657894784031,5,1.0,1.0,1.0,1.0,1.0,1.0,0.0
22.04011778831482,0.5393030625176143,0.016385364532470702,0.0011701263382152003,1.0,0.1,5,3,300,0.1,1.0,1.0,"{'clf__colsample_bytree': 1.0, 'clf__learning_rate': 0.1, 'clf__max_depth': 5, 'clf__min_child_weight': 3, 'clf__n_estimators': 300, 'clf__reg_alpha': 0.1, 'clf__reg_lambda': 1.0, 'clf__subsample': 1.0}",0.8291601660166017,0.8361962295341007,0.7957222435599874,0.7987391168961436,0.8452939474728467,0.8210223406959362,0.020110788035060626,130,1.0,1.0,1.0,1.0,1.0,1.0,0.0
29.133193492889404,0.31660865551092543,0.017111587524414062,0.0006213914985332768,1.0,0.1,5,3,300,0.1,10.0,0.8,"{'clf__colsample_bytree': 1.0, 'clf__learning_rate': 0.1, 'clf__max_depth': 5, 'clf__min_child_weight': 3, 'clf__n_estimators': 300, 'clf__reg_alpha': 0.1, 'clf__reg_lambda': 10.0, 'clf__subsample': 0.8}",0.82764504660402,0.8366090424323906,0.7897892171299434,0.8077231199329832,0.8432034395358595,0.8209939731270394,0.01965288735686498,131,1.0,1.0,1.0,1.0,1.0,1.0,0.0
30.910312509536745,0.6878122649686763,0.01803169250488281,0.001178875660123448,1.0,0.1,5,3,300,0.1,10.0,1.0,"{'clf__colsample_bytree': 1.0, 'clf__learning_rate': 0.1, 'clf__max_depth': 5, 'clf__min_child_weight': 3, 'clf__n_estimators': 300, 'clf__reg_alpha': 0.1, 'clf__reg_lambda': 10.0, 'clf__subsample': 1.0}",0.8204597701149425,0.8268886237228015,0.781108536477926,0.7987866423293503,0.8469963747116314,0.8148479894713304,0.02283114184195726,700,1.0,1.0,1.0,1.0,1.0,1.0,0.0
24.902177572250366,0.4718336940770312,0.019351625442504884,0.0009476474894674898,1.0,0.1,5,3,600,0.0,1.0,0.8,"{'clf__colsample_bytree': 1.0, 'clf__learning_rate': 0.1, 'clf__max_depth': 5, 'clf__min_child_weight': 3, 'clf__n_estimators': 600, 'clf__reg_alpha': 0.0, 'clf__reg_lambda': 1.0, 'clf__subsample': 0.8}",0.8293655003239795,0.8379757544851885,0.8011891777800215,0.8270722574171678,0.8463540718904295,0.8283913523793573,0.015212937485112796,3,1.0,1.0,1.0,1.0,1.0,1.0,0.0
26.493763637542724,0.7132804784494984,0.020714759826660156,0.0019781236661504577,1.0,0.1,5,3,600,0.0,1.0,1.0,"{'clf__colsample_bytree': 1.0, 'clf__learning_rate': 0.1, 'clf__max_depth': 5, 'clf__min_child_weight': 3, 'clf__n_estimators': 600, 'clf__reg_alpha': 0.0, 'clf__reg_lambda': 1.0, 'clf__subsample': 1.0}",0.8326922014743059,0.8344419586016225,0.7955912714645804,0.7942064325421215,0.8428102990191999,0.8199484326203661,0.020741517508646203,192,1.0,1.0,1.0,1.0,1.0,1.0,0.0
38.85314679145813,0.8298035829633404,0.023895692825317384,0.0009553574657881396,1.0,0.1,5,3,600,0.0,10.0,0.8,"{'clf__colsample_bytree': 1.0, 'clf__learning_rate': 0.1, 'clf__max_depth': 5, 'clf__min_child_weight': 3, 'clf__n_estimators': 600, 'clf__reg_alpha': 0.0, 'clf__reg_lambda': 10.0, 'clf__subsample': 0.8}",0.8352508197656423,0.8278912231091097,0.7987748004828701,0.8089940412332359,0.8461914954692923,0.8234204760120301,0.017285805059488138,45,1.0,1.0,1.0,1.0,1.0,1.0,0.0
41.23798842430115,0.7815082392613901,0.024381732940673827,0.0020558848790797547,1.0,0.1,5,3,600,0.0,10.0,1.0,"{'clf__colsample_bytree': 1.0, 'clf__learning_rate': 0.1, 'clf__max_depth': 5, 'clf__min_child_weight': 3, 'clf__n_estimators': 600, 'clf__reg_alpha': 0.0, 'clf__reg_lambda': 10.0, 'clf__subsample': 1.0}",0.82936700069053,0.819374165808493,0.7893912222287127,0.8002503723388904,0.8263078886326549,0.8129381299398564,0.015527503695355325,904,1.0,1.0,1.0,1.0,1.0,1.0,0.0
26.10716595649719,0.47523928966445017,0.020981550216674805,0.0013980257871989373,1.0,0.1,5,3,600,0.1,1.0,0.8,"{'clf__colsample_bytree': 1.0, 'clf__learning_rate': 0.1, 'clf__max_depth': 5, 'clf__min_child_weight': 3, 'clf__n_estimators': 600, 'clf__reg_alpha': 0.1, 'clf__reg_lambda': 1.0, 'clf__subsample': 0.8}",0.8342689614748438,0.8399782216049503,0.8019047619047619,0.8202644214512748,0.8350126124581073,0.8262857957787876,0.013842417060965378,9,1.0,1.0,1.0,1.0,1.0,1.0,0.0
28.13211750984192,0.47141056646174434,0.021141910552978517,0.0006788863368798637,1.0,0.1,5,3,600,0.1,1.0,1.0,"{'clf__colsample_bytree': 1.0, 'clf__learning_rate': 0.1, 'clf__max_depth': 5, 'clf__min_child_weight': 3, 'clf__n_estimators': 600, 'clf__reg_alpha': 0.1, 'clf__reg_lambda': 1.0, 'clf__subsample': 1.0}",0.8319202327472566,0.831722355229818,0.7983623709813517,0.8049187355631824,0.8358362755151746,0.8205519940073567,0.01564864992717526,158,1.0,1.0,1.0,1.0,1.0,1.0,0.0
40.2874746799469,0.4520091859076144,0.02439088821411133,0.0022430878578981977,1.0,0.1,5,3,600,0.1,10.0,0.8,"{'clf__colsample_bytree': 1.0, 'clf__learning_rate': 0.1, 'clf__max_depth': 5, 'clf__min_child_weight': 3, 'clf__n_estimators': 600, 'clf__reg_alpha': 0.1, 'clf__reg_lambda': 10.0, 'clf__subsample': 0.8}",0.8289168208788904,0.8388197379850953,0.7984604736541181,0.814916547090943,0.8461914954692923,0.8254610150156678,0.01709014880572202,17,1.0,1.0,1.0,1.0,1.0,1.0,0.0
42.543223762512206,1.165070706880995,0.02547607421875,0.0020076614107062316,1.0,0.1,5,3,600,0.1,10.0,1.0,"{'clf__colsample_bytree': 1.0, 'clf__learning_rate': 0.1, 'clf__max_depth': 5, 'clf__min_child_weight': 3, 'clf__n_estimators': 600, 'clf__reg_alpha': 0.1, 'clf__reg_lambda': 10.0, 'clf__subsample': 1.0}",0.81754300430043,0.8314318617769618,0.7858718530555442,0.7988813018491773,0.8267407011593058,0.8120937444282837,0.017206666052991194,987,1.0,1.0,1.0,1.0,1.0,1.0,0.0
30.802837753295897,0.7576699912806397,0.02691950798034668,0.0016361705467462994,1.0,0.1,5,3,1000,0.0,1.0,0.8,"{'clf__colsample_bytree': 1.0, 'clf__learning_rate': 0.1, 'clf__max_depth': 5, 'clf__min_child_weight': 3, 'clf__n_estimators': 1000, 'clf__reg_alpha': 0.0, 'clf__reg_lambda': 1.0, 'clf__subsample': 0.8}",0.8301688062347725,0.8441496311281482,0.8037945387945389,0.8235534242676454,0.850462962962963,0.8304258726776137,0.016409455248772735,1,1.0,1.0,1.0,1.0,1.0,1.0,0.0
31.78916163444519,1.0852786874779123,0.026204729080200197,0.0017558315860662112,1.0,0.1,5,3,1000,0.0,1.0,1.0,"{'clf__colsample_bytree': 1.0, 'clf__learning_rate': 0.1, 'clf__max_depth': 5, 'clf__min_child_weight': 3, 'clf__n_estimators': 1000, 'clf__reg_alpha': 0.0, 'clf__reg_lambda': 1.0, 'clf__subsample': 1.0}",0.8277902406899922,0.8350741827669856,0.8061837455143407,0.7967137418325874,0.8428102990191999,0.8217144419646212,0.01747381314222761,99,1.0,1.0,1.0,1.0,1.0,1.0,0.0
47.93731722831726,0.9163717079085161,0.03219308853149414,0.0012928737775738702,1.0,0.1,5,3,1000,0.0,10.0,0.8,"{'clf__colsample_bytree': 1.0, 'clf__learning_rate': 0.1, 'clf__max_depth': 5, 'clf__min_child_weight': 3, 'clf__n_estimators': 1000, 'clf__reg_alpha': 0.0, 'clf__reg_lambda': 10.0, 'clf__subsample': 0.8}",0.8294714164204495,0.8366090424323906,0.8080689816747677,0.8211610743709302,0.8461914954692923,0.828300402073566,0.0130443579643157,4,1.0,1.0,1.0,1.0,1.0,1.0,0.0
50.861475992202756,1.022012249515337,0.031008529663085937,0.00080142047422687,1.0,0.1,5,3,1000,0.0,10.0,1.0,"{'clf__colsample_bytree': 1.0, 'clf__learning_rate': 0.1, 'clf__max_depth': 5, 'clf__min_child_weight': 3, 'clf__n_estimators': 1000, 'clf__reg_alpha': 0.0, 'clf__reg_lambda': 10.0, 'clf__subsample': 1.0}",0.82936700069053,0.8163347157044636,0.7930958902340284,0.7978410680476167,0.8263078886326549,0.8125893126618585,0.014705253641857662,932,1.0,1.0,1.0,1.0,1.0,1.0,0.0
31.495012474060058,0.9159071864518382,0.025981998443603514,0.0020463359037585483,1.0,0.1,5,3,1000,0.1,1.0,0.8,"{'clf__colsample_bytree': 1.0, 'clf__learning_rate': 0.1, 'clf__max_depth': 5, 'clf__min_child_weight': 3, 'clf__n_estimators': 1000, 'clf__reg_alpha': 0.1, 'clf__reg_lambda': 1.0, 'clf__subsample': 0.8}",0.8335325247089953,0.8337254397586131,0.8084427414690573,0.8265822645019261,0.8364083974747958,0.8277382735826775,0.010180810083488572,6,1.0,1.0,1.0,1.0,1.0,1.0,0.0
33.54147453308106,0.8146339372844035,0.028426122665405274,0.0005994532954376921,1.0,0.1,5,3,1000,0.1,1.0,1.0,"{'clf__colsample_bytree': 1.0, 'clf__learning_rate': 0.1, 'clf__max_depth': 5, 'clf__min_child_weight': 3, 'clf__n_estimators': 1000, 'clf__reg_alpha': 0.1, 'clf__reg_lambda': 1.0, 'clf__subsample': 1.0}",0.8319202327472566,0.8373734608809236,0.7983623709813517,0.8078996424366633,0.8411742898197792,0.8233459993731949,0.017034710005068485,47,1.0,1.0,1.0,1.0,1.0,1.0,0.0
49.95876798629761,0.5559885732651031,0.03146705627441406,0.0022232110226586463,1.0,0.1,5,3,1000,0.1,10.0,0.8,"{'clf__colsample_bytree': 1.0, 'clf__learning_rate': 0.1, 'clf__max_depth': 5, 'clf__min_child_weight': 3, 'clf__n_estimators': 1000, 'clf__reg_alpha': 0.1, 'clf__reg_lambda': 10.0, 'clf__subsample': 0.8}",0.8289168208788904,0.835879078073787,0.8019047619047619,0.8187470167045832,0.8461914954692923,0.8263278346062629,0.015142320857903208,8,1.0,1.0,1.0,1.0,1.0,1.0,0.0
53.506783437728885,0.9869972575110917,0.03364243507385254,0.0026097112770338644,1.0,0.1,5,3,1000,0.1,10.0,1.0,"{'clf__colsample_bytree': 1.0, 'clf__learning_rate': 0.1, 'clf__max_depth': 5, 'clf__min_child_weight': 3, 'clf__n_estimators': 1000, 'clf__reg_alpha': 0.1, 'clf__reg_lambda': 10.0, 'clf__subsample': 1.0}",0.8147922444582673,0.8314318617769618,0.7897852170638779,0.7947324223291957,0.833026623532578,0.8127536738321762,0.01797964669677454,915,1.0,1.0,1.0,1.0,1.0,1.0,0.0
17.473684740066528,0.6488596831831829,0.015037012100219727,0.0008716332882764168,1.0,0.1,5,5,300,0.0,1.0,0.8,"{'clf__colsample_bytree': 1.0, 'clf__learning_rate': 0.1, 'clf__max_depth': 5, 'clf__min_child_weight': 5, 'clf__n_estimators': 300, 'clf__reg_alpha': 0.0, 'clf__reg_lambda': 1.0, 'clf__subsample': 0.8}",0.8285277931743781,0.837684643623299,0.8026460861128645,0.799712447741758,0.842946262835123,0.8223034466974845,0.01787856048455165,70,1.0,1.0,1.0,1.0,1.0,1.0,0.0
18.49341263771057,0.15998955910303972,0.014803409576416016,0.0005064236012703309,1.0,0.1,5,5,300,0.0,1.0,1.0,"{'clf__colsample_bytree': 1.0, 'clf__learning_rate': 0.1, 'clf__max_depth': 5, 'clf__min_child_weight': 5, 'clf__n_estimators': 300, 'clf__reg_alpha': 0.0, 'clf__reg_lambda': 1.0, 'clf__subsample': 1.0}",0.8183105822231804,0.8405104517107583,0.7805407577859034,0.8172394098751743,0.8283612410437116,0.8169924885277456,0.020064247512749395,457,1.0,1.0,1.0,1.0,1.0,1.0,0.0
22.96608591079712,0.3802050491615062,0.015132951736450195,0.0005958495081750673,1.0,0.1,5,5,300,0.0,10.0,0.8,"{'clf__colsample_bytree': 1.0, 'clf__learning_rate': 0.1, 'clf__max_depth': 5, 'clf__min_child_weight': 5, 'clf__n_estimators': 300, 'clf__reg_alpha': 0.0, 'clf__reg_lambda': 10.0, 'clf__subsample': 0.8}",0.8321116220933834,0.8360865636577212,0.8069030838767681,0.7968082807210122,0.848964545668237,0.8241748192034244,0.019321766502896034,34,1.0,1.0,1.0,1.0,1.0,1.0,0.0
24.74541163444519,0.4497167896539509,0.015996456146240234,0.0008441650642144634,1.0,0.1,5,5,300,0.0,10.0,1.0,"{'clf__colsample_bytree': 1.0, 'clf__learning_rate': 0.1, 'clf__max_depth': 5, 'clf__min_child_weight': 5, 'clf__n_estimators': 300, 'clf__reg_alpha': 0.0, 'clf__reg_lambda': 10.0, 'clf__subsample': 1.0}",0.8106615450277422,0.8270216185310526,0.7742341198405556,0.8028695498968794,0.8159021320112869,0.8061377930615035,0.017779013423657886,1248,1.0,1.0,1.0,1.0,1.0,1.0,0.0
17.62313632965088,0.4190510898305276,0.01364893913269043,0.0012716520951681271,1.0,0.1,5,5,300,0.1,1.0,0.8,"{'clf__colsample_bytree': 1.0, 'clf__learning_rate': 0.1, 'clf__max_depth': 5, 'clf__min_child_weight': 5, 'clf__n_estimators': 300, 'clf__reg_alpha': 0.1, 'clf__reg_lambda': 1.0, 'clf__subsample': 0.8}",0.8284237292507531,0.8405190632628183,0.7887613432228281,0.8137889375276073,0.8384372699923539,0.8219860686512721,0.01911351734916717,79,1.0,1.0,1.0,1.0,1.0,1.0,0.0
18.725452184677124,0.411150758476581,0.015598058700561523,0.0012030271698751246,1.0,0.1,5,5,300,0.1,1.0,1.0,"{'clf__colsample_bytree': 1.0, 'clf__learning_rate': 0.1, 'clf__max_depth': 5, 'clf__min_child_weight': 5, 'clf__n_estimators': 300, 'clf__reg_alpha': 0.1, 'clf__reg_lambda': 1.0, 'clf__subsample': 1.0}",0.82936700069053,0.8408661489543843,0.7783462667363596,0.826492047876701,0.8387956094046097,0.8227734147325169,0.022869774118048317,59,1.0,1.0,1.0,1.0,1.0,1.0,0.0
23.350286960601807,0.4231251400989562,0.01616244316101074,0.0009111967507599493,1.0,0.1,5,5,300,0.1,10.0,0.8,"{'clf__colsample_bytree': 1.0, 'clf__learning_rate': 0.1, 'clf__max_depth': 5, 'clf__min_child_weight': 5, 'clf__n_estimators': 300, 'clf__reg_alpha': 0.1, 'clf__reg_lambda': 10.0, 'clf__subsample': 0.8}",0.820265713666267,0.824892262950631,0.7965152565880721,0.8013095797712286,0.851745697452106,0.818945702085661,0.019632123717226665,268,1.0,1.0,1.0,1.0,1.0,1.0,0.0
25.51016297340393,0.32217425079507933,0.016371631622314455,0.00132965011363547,1.0,0.1,5,5,300,0.1,10.0,1.0,"{'clf__colsample_bytree': 1.0, 'clf__learning_rate': 0.1, 'clf__max_depth': 5, 'clf__min_child_weight': 5, 'clf__n_estimators': 300, 'clf__reg_alpha': 0.1, 'clf__reg_lambda': 10.0, 'clf__subsample': 1.0}",0.8191380217115511,0.8247488912583252,0.7712432474147244,0.8193955543280715,0.8278027573474674,0.8124656944120279,0.02087072337387456,941,1.0,1.0,1.0,1.0,1.0,1.0,0.0
21.904785776138304,0.6698553992335333,0.018525218963623045,0.001080110355801493,1.0,0.1,5,5,600,0.0,1.0,0.8,"{'clf__colsample_bytree': 1.0, 'clf__learning_rate': 0.1, 'clf__max_depth': 5, 'clf__min_child_weight': 5, 'clf__n_estimators': 600, 'clf__reg_alpha': 0.0, 'clf__reg_lambda': 1.0, 'clf__subsample': 0.8}",0.8257748136361565,0.8403507946548924,0.8002238989081094,0.8064331312630498,0.8309958844463884,0.8207557045817193,0.01510437979543957,137,1.0,1.0,1.0,1.0,1.0,1.0,0.0
23.282356405258177,0.5885378667088381,0.01942019462585449,0.0013136437092411972,1.0,0.1,5,5,600,0.0,1.0,1.0,"{'clf__colsample_bytree': 1.0, 'clf__learning_rate': 0.1, 'clf__max_depth': 5, 'clf__min_child_weight': 5, 'clf__n_estimators': 600, 'clf__reg_alpha': 0.0, 'clf__reg_lambda': 1.0, 'clf__subsample': 1.0}",0.8234395273976813,0.8374877705760059,0.7900365016672601,0.8198762289675373,0.8236537222633377,0.8188987501743643,0.015638190116047935,271,1.0,1.0,1.0,1.0,1.0,1.0,0.0
31.41053056716919,0.5308701357485262,0.02238178253173828,0.001494598688368502,1.0,0.1,5,5,600,0.0,10.0,0.8,"{'clf__colsample_bytree': 1.0, 'clf__learning_rate': 0.1, 'clf__max_depth': 5, 'clf__min_child_weight': 5, 'clf__n_estimators': 600, 'clf__reg_alpha': 0.0, 'clf__reg_lambda': 10.0, 'clf__subsample': 0.8}",0.8293747565996685,0.8283425407599159,0.7987056802846276,0.8047010148858388,0.848964545668237,0.8220177076396575,0.01824050564249485,78,1.0,1.0,1.0,1.0,1.0,1.0,0.0
33.67126231193542,0.7565179465474668,0.02330169677734375,0.0004063216022588895,1.0,0.1,5,5,600,0.0,10.0,1.0,"{'clf__colsample_bytree': 1.0, 'clf__learning_rate': 0.1, 'clf__max_depth': 5, 'clf__min_child_weight': 5, 'clf__n_estimators': 600, 'clf__reg_alpha': 0.0, 'clf__reg_lambda': 10.0, 'clf__subsample': 1.0}",0.8098624538567216,0.828684171664194,0.7846824335794924,0.789820875121391,0.8198622245489656,0.806582431754153,0.016947908717721002,1238,1.0,1.0,1.0,1.0,1.0,1.0,0.0
22.378741407394408,0.6143216187278526,0.019668769836425782,0.001060729434060117,1.0,0.1,5,5,600,0.1,1.0,0.8,"{'clf__colsample_bytree': 1.0, 'clf__learning_rate': 0.1, 'clf__max_depth': 5, 'clf__min_child_weight': 5, 'clf__n_estimators': 600, 'clf__reg_alpha': 0.1, 'clf__reg_lambda': 1.0, 'clf__subsample': 0.8}",0.8273063211298506,0.8375025779183994,0.796337841124279,0.8102416532956224,0.8384372699923539,0.821965132692101,0.016343009805956665,82,1.0,1.0,1.0,1.0,1.0,1.0,0.0
24.52798261642456,0.3674864854969035,0.022074556350708006,0.005389165579795382,1.0,0.1,5,5,600,0.1,1.0,1.0,"{'clf__colsample_bytree': 1.0, 'clf__learning_rate': 0.1, 'clf__max_depth': 5, 'clf__min_child_weight': 5, 'clf__n_estimators': 600, 'clf__reg_alpha': 0.1, 'clf__reg_lambda': 1.0, 'clf__subsample': 1.0}",0.8183105822231804,0.8352150433032786,0.7845508427349859,0.8384386176566216,0.8441745442625723,0.8241379260361278,0.02158598377620444,36,1.0,1.0,1.0,1.0,1.0,1.0,0.0
32.33274736404419,0.5565798524247639,0.022698736190795897,0.0013263824618393236,1.0,0.1,5,5,600,0.1,10.0,0.8,"{'clf__colsample_bytree': 1.0, 'clf__learning_rate': 0.1, 'clf__max_depth': 5, 'clf__min_child_weight': 5, 'clf__n_estimators': 600, 'clf__reg_alpha': 0.1, 'clf__reg_lambda': 10.0, 'clf__subsample': 0.8}",0.8256879437943794,0.8253435806014372,0.7985168426344896,0.8084140315390214,0.851745697452106,0.8219416192042868,0.018141704191561088,85,1.0,1.0,1.0,1.0,1.0,1.0,0.0
34.34065556526184,0.755869267174322,0.021557950973510744,0.0018055448005711296,1.0,0.1,5,5,600,0.1,10.0,1.0,"{'clf__colsample_bytree': 1.0, 'clf__learning_rate': 0.1, 'clf__max_depth': 5, 'clf__min_child_weight': 5, 'clf__n_estimators': 600, 'clf__reg_alpha': 0.1, 'clf__reg_lambda': 10.0, 'clf__subsample': 1.0}",0.8096544514727848,0.8277385209625823,0.7742341198405556,0.8033991535866452,0.8245523066834111,0.8079157105091956,0.019118536570970786,1209,1.0,1.0,1.0,1.0,1.0,1.0,0.0
26.78692717552185,0.5332500291847162,0.026738405227661133,0.0014598090214153086,1.0,0.1,5,5,1000,0.0,1.0,0.8,"{'clf__colsample_bytree': 1.0, 'clf__learning_rate': 0.1, 'clf__max_depth': 5, 'clf__min_child_weight': 5, 'clf__n_estimators': 1000, 'clf__reg_alpha': 0.0, 'clf__reg_lambda': 1.0, 'clf__subsample': 0.8}",0.8301362636314091,0.8354824437339654,0.8045186348204925,0.8186002117727768,0.8388341042389906,0.8255143316395269,0.01254405193400364,16,1.0,1.0,1.0,1.0,1.0,1.0,0.0
29.739001178741454,0.4792114813222344,0.02594151496887207,0.0006682161663517037,1.0,0.1,5,5,1000,0.0,1.0,1.0,"{'clf__colsample_bytree': 1.0, 'clf__learning_rate': 0.1, 'clf__max_depth': 5, 'clf__min_child_weight': 5, 'clf__n_estimators': 1000, 'clf__reg_alpha': 0.0, 'clf__reg_lambda': 1.0, 'clf__subsample': 1.0}",0.8234395273976813,0.8411020718260834,0.7926369191737387,0.8198762289675373,0.8264093717971259,0.8206928238324334,0.01577695355995844,142,1.0,1.0,1.0,1.0,1.0,1.0,0.0
39.7596137046814,1.4694787926275943,0.026063060760498045,0.001169094584958659,1.0,0.1,5,5,1000,0.0,10.0,0.8,"{'clf__colsample_bytree': 1.0, 'clf__learning_rate': 0.1, 'clf__max_depth': 5, 'clf__min_child_weight': 5, 'clf__n_estimators': 1000, 'clf__reg_alpha': 0.0, 'clf__reg_lambda': 10.0, 'clf__subsample': 0.8}",0.8293747565996685,0.8273778463184729,0.8011064013385994,0.8069013136202046,0.848964545668237,0.8227449727090365,0.017158862798897587,60,1.0,1.0,1.0,1.0,1.0,1.0,0.0
41.11842083930969,1.040221776991569,0.03122677803039551,0.0021318855686372684,1.0,0.1,5,5,1000,0.0,10.0,1.0,"{'clf__colsample_bytree': 1.0, 'clf__learning_rate': 0.1, 'clf__max_depth': 5, 'clf__min_child_weight': 5, 'clf__n_estimators': 1000, 'clf__reg_alpha': 0.0, 'clf__reg_lambda': 10.0, 'clf__subsample': 1.0}",0.8191380217115511,0.8256757957566583,0.7791928573662319,0.8053080492861738,0.8198622245489656,0.8098353897339161,0.016717992956807176,1141,1.0,1.0,1.0,1.0,1.0,1.0,0.0
30.31371569633484,1.0786588288597605,0.025728750228881835,0.0008098492630617214,1.0,0.1,5,5,1000,0.1,1.0,0.8,"{'clf__colsample_bytree': 1.0, 'clf__learning_rate': 0.1, 'clf__max_depth': 5, 'clf__min_child_weight': 5, 'clf__n_estimators': 1000, 'clf__reg_alpha': 0.1, 'clf__reg_lambda': 1.0, 'clf__subsample': 0.8}",0.8296721254104217,0.8420371016008601,0.7988962089690245,0.8102453969314415,0.8487971098901692,0.8259295885603833,0.018831779360299988,11,1.0,1.0,1.0,1.0,1.0,1.0,0.0
32.20652322769165,2.0898640919487277,0.02527132034301758,0.0018254588882192558,1.0,0.1,5,5,1000,0.1,1.0,1.0,"{'clf__colsample_bytree': 1.0, 'clf__learning_rate': 0.1, 'clf__max_depth': 5, 'clf__min_child_weight': 5, 'clf__n_estimators': 1000, 'clf__reg_alpha': 0.1, 'clf__reg_lambda': 1.0, 'clf__subsample': 1.0}",0.8140707820782077,0.8358066634186037,0.7931342829213124,0.8341398534565149,0.839342297088776,0.8232987757926828,0.017472397039533214,49,1.0,1.0,1.0,1.0,1.0,1.0,0.0
41.28269391059875,1.1475591632483426,0.030153703689575196,0.0014407855666122304,1.0,0.1,5,5,1000,0.1,10.0,0.8,"{'clf__colsample_bytree': 1.0, 'clf__learning_rate': 0.1, 'clf__max_depth': 5, 'clf__min_child_weight': 5, 'clf__n_estimators': 1000, 'clf__reg_alpha': 0.1, 'clf__reg_lambda': 10.0, 'clf__subsample': 0.8}",0.8256879437943794,0.8269604504679131,0.7955055223081788,0.8186536259259728,0.851745697452106,0.82371064798971,0.018008539641345626,43,1.0,1.0,1.0,1.0,1.0,1.0,0.0
46.15416169166565,0.6765077755515576,0.03423333168029785,0.0037794606086227096,1.0,0.1,5,5,1000,0.1,10.0,1.0,"{'clf__colsample_bytree': 1.0, 'clf__learning_rate': 0.1, 'clf__max_depth': 5, 'clf__min_child_weight': 5, 'clf__n_estimators': 1000, 'clf__reg_alpha': 0.1, 'clf__reg_lambda': 10.0, 'clf__subsample': 1.0}",0.8096544514727848,0.8226490788215757,0.7703656869446343,0.8057685996562495,0.8198387416049974,0.8056553117000483,0.018715348638538066,1259,1.0,1.0,1.0,1.0,1.0,1.0,0.0
32.185484170913696,0.9953568431148139,0.018084001541137696,0.0018749478715501548,1.0,0.1,7,1,300,0.0,1.0,0.8,"{'clf__colsample_bytree': 1.0, 'clf__learning_rate': 0.1, 'clf__max_depth': 7, 'clf__min_child_weight': 1, 'clf__n_estimators': 300, 'clf__reg_alpha': 0.0, 'clf__reg_lambda': 1.0, 'clf__subsample': 0.8}",0.835948414754107,0.8265035877364644,0.7896220896220897,0.7952864079407889,0.855276562833369,0.8205274125773638,0.024792227504664366,162,1.0,1.0,1.0,1.0,1.0,1.0,0.0
34.116600370407106,0.6427568921078026,0.018269109725952148,0.001710052197875349,1.0,0.1,7,1,300,0.0,1.0,1.0,"{'clf__colsample_bytree': 1.0, 'clf__learning_rate': 0.1, 'clf__max_depth': 7, 'clf__min_child_weight': 1, 'clf__n_estimators': 300, 'clf__reg_alpha': 0.0, 'clf__reg_lambda': 1.0, 'clf__subsample': 1.0}",0.8382581079498888,0.8343513102899656,0.7849539985917902,0.7934733987846675,0.8378568175269328,0.817778726628649,0.023517640421305004,370,1.0,1.0,1.0,1.0,1.0,1.0,0.0
54.12597184181213,0.8532674085584511,0.024721145629882812,0.0010226627826859104,1.0,0.1,7,1,300,0.0,10.0,0.8,"{'clf__colsample_bytree': 1.0, 'clf__learning_rate': 0.1, 'clf__max_depth': 7, 'clf__min_child_weight': 1, 'clf__n_estimators': 300, 'clf__reg_alpha': 0.0, 'clf__reg_lambda': 10.0, 'clf__subsample': 0.8}",0.8363577516104442,0.8391822345550333,0.7926405935152959,0.7963553818068374,0.8342442182092636,0.819756035939375,0.020715884789444746,207,1.0,1.0,1.0,1.0,1.0,1.0,0.0
59.046530675888064,1.7376747199109805,0.02426013946533203,0.0010908680445040763,1.0,0.1,7,1,300,0.0,10.0,1.0,"{'clf__colsample_bytree': 1.0, 'clf__learning_rate': 0.1, 'clf__max_depth': 7, 'clf__min_child_weight': 1, 'clf__n_estimators': 300, 'clf__reg_alpha': 0.0, 'clf__reg_lambda': 10.0, 'clf__subsample': 1.0}",0.8314303957868314,0.8374954795233434,0.7860977139671035,0.7971923520599431,0.8369230847617821,0.8178278052198007,0.021767398565047176,364,1.0,1.0,1.0,1.0,1.0,1.0,0.0
35.1484432220459,0.3216609440704253,0.020600271224975587,0.002272455213059952,1.0,0.1,7,1,300,0.1,1.0,0.8,"{'clf__colsample_bytree': 1.0, 'clf__learning_rate': 0.1, 'clf__max_depth': 7, 'clf__min_child_weight': 1, 'clf__n_estimators': 300, 'clf__reg_alpha': 0.1, 'clf__reg_lambda': 1.0, 'clf__subsample': 0.8}",0.8426150814207736,0.8403507946548924,0.7785311358023713,0.7915372478105166,0.8388420707282732,0.8183752660833654,0.027557998978971834,316,1.0,1.0,1.0,1.0,1.0,1.0,0.0
37.74560189247131,0.9721859621001336,0.021495771408081055,0.0014729394338099833,1.0,0.1,7,1,300,0.1,1.0,1.0,"{'clf__colsample_bytree': 1.0, 'clf__learning_rate': 0.1, 'clf__max_depth': 7, 'clf__min_child_weight': 1, 'clf__n_estimators': 300, 'clf__reg_alpha': 0.1, 'clf__reg_lambda': 1.0, 'clf__subsample': 1.0}",0.8437902409810003,0.8228642926454903,0.7880775281355231,0.7954764886327004,0.841634502791767,0.8183686106372962,0.023018996992904477,317,1.0,1.0,1.0,1.0,1.0,1.0,0.0
55.764658546447755,0.3055325401429832,0.023441839218139648,0.0015234237334976427,1.0,0.1,7,1,300,0.1,10.0,0.8,"{'clf__colsample_bytree': 1.0, 'clf__learning_rate': 0.1, 'clf__max_depth': 7, 'clf__min_child_weight': 1, 'clf__n_estimators': 300, 'clf__reg_alpha': 0.1, 'clf__reg_lambda': 10.0, 'clf__subsample': 0.8}",0.8299254054142284,0.8289262709914883,0.7961204100312538,0.7878281194845087,0.8396590785834552,0.8164918569009869,0.020534851984679487,511,1.0,1.0,1.0,1.0,1.0,1.0,0.0
60.82313561439514,1.3209180517653847,0.024177694320678712,0.0011484728290612517,1.0,0.1,7,1,300,0.1,10.0,1.0,"{'clf__colsample_bytree': 1.0, 'clf__learning_rate': 0.1, 'clf__max_depth': 7, 'clf__min_child_weight': 1, 'clf__n_estimators': 300, 'clf__reg_alpha': 0.1, 'clf__reg_lambda': 10.0, 'clf__subsample': 1.0}",0.8206036919272214,0.83087414880309,0.7874676375404531,0.7982565003124336,0.8184177647797051,0.8111239486725808,0.01586397159890736,1066,1.0,1.0,1.0,1.0,1.0,1.0,0.0
41.077761554718016,0.7350855496600156,0.02444491386413574,0.0008954193939028215,1.0,0.1,7,1,600,0.0,1.0,0.8,"{'clf__colsample_bytree': 1.0, 'clf__learning_rate': 0.1, 'clf__max_depth': 7, 'clf__min_child_weight': 1, 'clf__n_estimators': 600, 'clf__reg_alpha': 0.0, 'clf__reg_lambda': 1.0, 'clf__subsample': 0.8}",0.8317821823812562,0.8328881080877282,0.7839094380245917,0.800620354502564,0.8567815051376302,0.8211963176267542,0.025802115091295652,121,1.0,1.0,1.0,1.0,1.0,1.0,0.0
42.7364616394043,0.8438012290145861,0.02536144256591797,0.0015151060557181421,1.0,0.1,7,1,600,0.0,1.0,1.0,"{'clf__colsample_bytree': 1.0, 'clf__learning_rate': 0.1, 'clf__max_depth': 7, 'clf__min_child_weight': 1, 'clf__n_estimators': 600, 'clf__reg_alpha': 0.0, 'clf__reg_lambda': 1.0, 'clf__subsample': 1.0}",0.8410192547178847,0.8373297245575462,0.7809878330952119,0.804382850196554,0.8439624086413077,0.8215364142417009,0.02478050500295975,111,1.0,1.0,1.0,1.0,1.0,1.0,0.0
73.96306958198548,0.8871559886151373,0.03028135299682617,0.0011960002511160102,1.0,0.1,7,1,600,0.0,10.0,0.8,"{'clf__colsample_bytree': 1.0, 'clf__learning_rate': 0.1, 'clf__max_depth': 7, 'clf__min_child_weight': 1, 'clf__n_estimators': 600, 'clf__reg_alpha': 0.0, 'clf__reg_lambda': 10.0, 'clf__subsample': 0.8}",0.8299074900429341,0.8434335961372232,0.7963508328911173,0.8027405681744645,0.8366737848235146,0.8218212544138508,0.01879304733617463,94,1.0,1.0,1.0,1.0,1.0,1.0,0.0
78.1537000656128,1.6608612231718787,0.030857658386230467,0.0026285912652968327,1.0,0.1,7,1,600,0.0,10.0,1.0,"{'clf__colsample_bytree': 1.0, 'clf__learning_rate': 0.1, 'clf__max_depth': 7, 'clf__min_child_weight': 1, 'clf__n_estimators': 600, 'clf__reg_alpha': 0.0, 'clf__reg_lambda': 10.0, 'clf__subsample': 1.0}",0.8176943371141302,0.8314318617769618,0.781108536477926,0.8067578184630391,0.832116559453008,0.8138218226570129,0.018867254640507553,809,1.0,1.0,1.0,1.0,1.0,1.0,0.0
44.40181064605713,1.0420880282742166,0.026461219787597655,0.0009174163101757732,1.0,0.1,7,1,600,0.1,1.0,0.8,"{'clf__colsample_bytree': 1.0, 'clf__learning_rate': 0.1, 'clf__max_depth': 7, 'clf__min_child_weight': 1, 'clf__n_estimators': 600, 'clf__reg_alpha': 0.1, 'clf__reg_lambda': 1.0, 'clf__subsample': 0.8}",0.8426150814207736,0.8403507946548924,0.7743556325191396,0.795416026060331,0.8370604378631902,0.8179595945036654,0.027869765249403773,350,1.0,1.0,1.0,1.0,1.0,1.0,0.0
47.51068286895752,1.0625621777266439,0.02638397216796875,0.0016755720299616102,1.0,0.1,7,1,600,0.1,1.0,1.0,"{'clf__colsample_bytree': 1.0, 'clf__learning_rate': 0.1, 'clf__max_depth': 7, 'clf__min_child_weight': 1, 'clf__n_estimators': 600, 'clf__reg_alpha': 0.1, 'clf__reg_lambda': 1.0, 'clf__subsample': 1.0}",0.83590549440064,0.8284629069560576,0.7880775281355231,0.8020856655795838,0.8465778724929496,0.8202218935129508,0.02177480312901378,173,1.0,1.0,1.0,1.0,1.0,1.0,0.0
75.91191992759704,0.6002137906980449,0.03417396545410156,0.0006843669823071328,1.0,0.1,7,1,600,0.1,10.0,0.8,"{'clf__colsample_bytree': 1.0, 'clf__learning_rate': 0.1, 'clf__max_depth': 7, 'clf__min_child_weight': 1, 'clf__n_estimators': 600, 'clf__reg_alpha': 0.1, 'clf__reg_lambda': 10.0, 'clf__subsample': 0.8}",0.8202522263517812,0.8353305312510066,0.7967004407062541,0.7800843739313519,0.8366737848235146,0.8138082714127817,0.022169993505445733,810,1.0,1.0,1.0,1.0,1.0,1.0,0.0
81.86312937736511,2.0308850175761686,0.03336172103881836,0.0010513187470588359,1.0,0.1,7,1,600,0.1,10.0,1.0,"{'clf__colsample_bytree': 1.0, 'clf__learning_rate': 0.1, 'clf__max_depth': 7, 'clf__min_child_weight': 1, 'clf__n_estimators': 600, 'clf__reg_alpha': 0.1, 'clf__reg_lambda': 10.0, 'clf__subsample': 1.0}",0.822890344336715,0.8347431200551074,0.7926405935152959,0.8093796364355696,0.8275005854007221,0.8174308559486821,0.014901672391724711,408,1.0,1.0,1.0,1.0,1.0,1.0,0.0
46.824417161941525,1.719589006180549,0.02963910102844238,0.002289802883914301,1.0,0.1,7,1,1000,0.0,1.0,0.8,"{'clf__colsample_bytree': 1.0, 'clf__learning_rate': 0.1, 'clf__max_depth': 7, 'clf__min_child_weight': 1, 'clf__n_estimators': 1000, 'clf__reg_alpha': 0.0, 'clf__reg_lambda': 1.0, 'clf__subsample': 0.8}",0.8317821823812562,0.8261496821828556,0.784762868710237,0.8069522874267747,0.8491515005599513,0.8197597042522151,0.022081928865955662,206,1.0,1.0,1.0,1.0,1.0,1.0,0.0
49.455507850646974,1.3704066738357574,0.032050704956054686,0.00171673781953395,1.0,0.1,7,1,1000,0.0,1.0,1.0,"{'clf__colsample_bytree': 1.0, 'clf__learning_rate': 0.1, 'clf__max_depth': 7, 'clf__min_child_weight': 1, 'clf__n_estimators': 1000, 'clf__reg_alpha': 0.0, 'clf__reg_lambda': 1.0, 'clf__subsample': 1.0}",0.8410192547178847,0.8399782216049503,0.7809878330952119,0.801747884722692,0.8439624086413077,0.8215391205564094,0.02552794489790439,110,1.0,1.0,1.0,1.0,1.0,1.0,0.0
88.55550727844238,1.5212988244700207,0.04198932647705078,0.0011848052041810242,1.0,0.1,7,1,1000,0.0,10.0,0.8,"{'clf__colsample_bytree': 1.0, 'clf__learning_rate': 0.1, 'clf__max_depth': 7, 'clf__min_child_weight': 1, 'clf__n_estimators': 1000, 'clf__reg_alpha': 0.0, 'clf__reg_lambda': 10.0, 'clf__subsample': 0.8}",0.8314295992674312,0.834692381085787,0.8019047619047619,0.7992951318958749,0.8366737848235146,0.8207991317954739,0.016597909799277805,136,1.0,1.0,1.0,1.0,1.0,1.0,0.0
95.65134620666504,2.6346409648678333,0.04389491081237793,0.0022031106883541878,1.0,0.1,7,1,1000,0.0,10.0,1.0,"{'clf__colsample_bytree': 1.0, 'clf__learning_rate': 0.1, 'clf__max_depth': 7, 'clf__min_child_weight': 1, 'clf__n_estimators': 1000, 'clf__reg_alpha': 0.0, 'clf__reg_lambda': 10.0, 'clf__subsample': 1.0}",0.8371482515046871,0.8314318617769618,0.7785295213810992,0.8133614832071443,0.8257405617726625,0.817242335928511,0.02089761225238494,430,1.0,1.0,1.0,1.0,1.0,1.0,0.0
53.15393414497375,1.3413789037007908,0.032584095001220705,0.002233292665634514,1.0,0.1,7,1,1000,0.1,1.0,0.8,"{'clf__colsample_bytree': 1.0, 'clf__learning_rate': 0.1, 'clf__max_depth': 7, 'clf__min_child_weight': 1, 'clf__n_estimators': 1000, 'clf__reg_alpha': 0.1, 'clf__reg_lambda': 1.0, 'clf__subsample': 0.8}",0.8426150814207736,0.8407518392593019,0.7743556325191396,0.795416026060331,0.8370604378631902,0.8180398034245473,0.027934593194524803,343,1.0,1.0,1.0,1.0,1.0,1.0,0.0
53.21697826385498,1.944378846356811,0.03266749382019043,0.002452081602289394,1.0,0.1,7,1,1000,0.1,1.0,1.0,"{'clf__colsample_bytree': 1.0, 'clf__learning_rate': 0.1, 'clf__max_depth': 7, 'clf__min_child_weight': 1, 'clf__n_estimators': 1000, 'clf__reg_alpha': 0.1, 'clf__reg_lambda': 1.0, 'clf__subsample': 1.0}",0.83590549440064,0.8284629069560576,0.7880775281355231,0.8020856655795838,0.8465778724929496,0.8202218935129508,0.02177480312901378,173,1.0,1.0,1.0,1.0,1.0,1.0,0.0
93.58035025596618,1.0925540626431298,0.041287708282470706,0.0017950939383414733,1.0,0.1,7,1,1000,0.1,10.0,0.8,"{'clf__colsample_bytree': 1.0, 'clf__learning_rate': 0.1, 'clf__max_depth': 7, 'clf__min_child_weight': 1, 'clf__n_estimators': 1000, 'clf__reg_alpha': 0.1, 'clf__reg_lambda': 10.0, 'clf__subsample': 0.8}",0.8202522263517812,0.8366090424323906,0.7967004407062541,0.7859700696951915,0.8426277208885904,0.8164319000148417,0.02202356280703876,517,1.0,1.0,1.0,1.0,1.0,1.0,0.0
101.97006521224975,2.4528219832067126,0.043769550323486325,0.0014206825138295112,1.0,0.1,7,1,1000,0.1,10.0,1.0,"{'clf__colsample_bytree': 1.0, 'clf__learning_rate': 0.1, 'clf__max_depth': 7, 'clf__min_child_weight': 1, 'clf__n_estimators': 1000, 'clf__reg_alpha': 0.1, 'clf__reg_lambda': 10.0, 'clf__subsample': 1.0}",0.8172996591627187,0.8376741891385355,0.7823819163292847,0.8156762980219592,0.8275005854007221,0.816106529610644,0.018622280435991925,547,1.0,1.0,1.0,1.0,1.0,1.0,0.0
23.215831327438355,0.44105500345188003,0.01579318046569824,0.0010530952428135223,1.0,0.1,7,3,300,0.0,1.0,0.8,"{'clf__colsample_bytree': 1.0, 'clf__learning_rate': 0.1, 'clf__max_depth': 7, 'clf__min_child_weight': 3, 'clf__n_estimators': 300, 'clf__reg_alpha': 0.0, 'clf__reg_lambda': 1.0, 'clf__subsample': 0.8}",0.8286925111972699,0.8297487408238341,0.8046378195901918,0.8251677409381681,0.8349190333438679,0.8246331691786665,0.010474216960109134,24,1.0,1.0,1.0,1.0,1.0,1.0,0.0
24.614366340637208,0.6753898118337743,0.016309690475463868,0.0010111585691236719,1.0,0.1,7,3,300,0.0,1.0,1.0,"{'clf__colsample_bytree': 1.0, 'clf__learning_rate': 0.1, 'clf__max_depth': 7, 'clf__min_child_weight': 3, 'clf__n_estimators': 300, 'clf__reg_alpha': 0.0, 'clf__reg_lambda': 1.0, 'clf__subsample': 1.0}",0.8210215258644904,0.8391071947523561,0.7872661122661123,0.7955779468185379,0.8557642044610769,0.8197473968325146,0.02574036430628677,209,1.0,1.0,1.0,1.0,1.0,1.0,0.0
33.11239767074585,0.4756818450124538,0.019600439071655273,0.0008918613168680187,1.0,0.1,7,3,300,0.0,10.0,0.8,"{'clf__colsample_bytree': 1.0, 'clf__learning_rate': 0.1, 'clf__max_depth': 7, 'clf__min_child_weight': 3, 'clf__n_estimators': 300, 'clf__reg_alpha': 0.0, 'clf__reg_lambda': 10.0, 'clf__subsample': 0.8}",0.8291568719947039,0.8336269242964901,0.7932307717004438,0.7974351372791094,0.8317318029860378,0.8170363016513571,0.01782707853615125,448,1.0,1.0,1.0,1.0,1.0,1.0,0.0
36.53877563476563,0.9609383751534208,0.018769359588623045,0.001332059375885155,1.0,0.1,7,3,300,0.0,10.0,1.0,"{'clf__colsample_bytree': 1.0, 'clf__learning_rate': 0.1, 'clf__max_depth': 7, 'clf__min_child_weight': 3, 'clf__n_estimators': 300, 'clf__reg_alpha': 0.0, 'clf__reg_lambda': 10.0, 'clf__subsample': 1.0}",0.822242791161732,0.8298670379903821,0.7758029689608636,0.8073204421357636,0.8346474614080248,0.8139761403313532,0.021211558124605175,792,1.0,1.0,1.0,1.0,1.0,1.0,0.0
23.92508783340454,0.2438263483152882,0.017120933532714842,0.00117540329126505,1.0,0.1,7,3,300,0.1,1.0,0.8,"{'clf__colsample_bytree': 1.0, 'clf__learning_rate': 0.1, 'clf__max_depth': 7, 'clf__min_child_weight': 3, 'clf__n_estimators': 300, 'clf__reg_alpha': 0.1, 'clf__reg_lambda': 1.0, 'clf__subsample': 0.8}",0.8375257506195004,0.8379320181618111,0.7803925233873823,0.824616771088537,0.8432120500782473,0.8247358226670956,0.023001891992614987,22,1.0,1.0,1.0,1.0,1.0,1.0,0.0
25.759353828430175,0.47334839089063113,0.01837267875671387,0.0026793806829662884,1.0,0.1,7,3,300,0.1,1.0,1.0,"{'clf__colsample_bytree': 1.0, 'clf__learning_rate': 0.1, 'clf__max_depth': 7, 'clf__min_child_weight': 3, 'clf__n_estimators': 300, 'clf__reg_alpha': 0.1, 'clf__reg_lambda': 1.0, 'clf__subsample': 1.0}",0.8187334614840378,0.830105485363342,0.7751665259405198,0.7980717005730369,0.8514720596880372,0.8147098466097947,0.026249486062738994,718,1.0,1.0,1.0,1.0,1.0,1.0,0.0
34.014464712142946,0.43209330759926073,0.019899797439575196,0.0011838011513725973,1.0,0.1,7,3,300,0.1,10.0,0.8,"{'clf__colsample_bytree': 1.0, 'clf__learning_rate': 0.1, 'clf__max_depth': 7, 'clf__min_child_weight': 3, 'clf__n_estimators': 300, 'clf__reg_alpha': 0.1, 'clf__reg_lambda': 10.0, 'clf__subsample': 0.8}",0.8319348240631423,0.8367489280540337,0.7958181521561803,0.7980337301583817,0.8444373006256336,0.8213945870114744,0.02038481145107071,117,1.0,1.0,1.0,1.0,1.0,1.0,0.0
37.148921203613284,1.1603637352065108,0.019693326950073243,0.0004984477004869789,1.0,0.1,7,3,300,0.1,10.0,1.0,"{'clf__colsample_bytree': 1.0, 'clf__learning_rate': 0.1, 'clf__max_depth': 7, 'clf__min_child_weight': 3, 'clf__n_estimators': 300, 'clf__reg_alpha': 0.1, 'clf__reg_lambda': 10.0, 'clf__subsample': 1.0}",0.834690199891706,0.8331044455218206,0.7941343042071197,0.7847542669618603,0.8379252302733611,0.8169216893711735,0.02268373108751542,468,1.0,1.0,1.0,1.0,1.0,1.0,0.0
28.109851169586182,0.5558814154028383,0.022074460983276367,0.0010548108406853054,1.0,0.1,7,3,600,0.0,1.0,0.8,"{'clf__colsample_bytree': 1.0, 'clf__learning_rate': 0.1, 'clf__max_depth': 7, 'clf__min_child_weight': 3, 'clf__n_estimators': 600, 'clf__reg_alpha': 0.0, 'clf__reg_lambda': 1.0, 'clf__subsample': 0.8}",0.8294714164204495,0.8265557797122363,0.8112521894121087,0.8203125999258151,0.8453846045488757,0.8265953180038972,0.011280026025504788,7,1.0,1.0,1.0,1.0,1.0,1.0,0.0
30.628941106796265,0.900651834371348,0.022275829315185548,0.001240470165881819,1.0,0.1,7,3,600,0.0,1.0,1.0,"{'clf__colsample_bytree': 1.0, 'clf__learning_rate': 0.1, 'clf__max_depth': 7, 'clf__min_child_weight': 3, 'clf__n_estimators': 600, 'clf__reg_alpha': 0.0, 'clf__reg_lambda': 1.0, 'clf__subsample': 1.0}",0.830802824626354,0.841432729097047,0.796306181969689,0.7951340488802155,0.8355591628260901,0.8198469894798791,0.019988726428427656,202,1.0,1.0,1.0,1.0,1.0,1.0,0.0
43.61237354278565,0.811134131366497,0.02695631980895996,0.0020761356421231452,1.0,0.1,7,3,600,0.0,10.0,0.8,"{'clf__colsample_bytree': 1.0, 'clf__learning_rate': 0.1, 'clf__max_depth': 7, 'clf__min_child_weight': 3, 'clf__n_estimators': 600, 'clf__reg_alpha': 0.0, 'clf__reg_lambda': 10.0, 'clf__subsample': 0.8}",0.8301754080552921,0.8340063425163898,0.7990050023068891,0.8133473635483014,0.8374916540962931,0.8228051541046331,0.014500879800487984,58,1.0,1.0,1.0,1.0,1.0,1.0,0.0
47.246878480911256,1.3257340532774289,0.025745630264282227,0.0007303065963966446,1.0,0.1,7,3,600,0.0,10.0,1.0,"{'clf__colsample_bytree': 1.0, 'clf__learning_rate': 0.1, 'clf__max_depth': 7, 'clf__min_child_weight': 3, 'clf__n_estimators': 600, 'clf__reg_alpha': 0.0, 'clf__reg_lambda': 10.0, 'clf__subsample': 1.0}",0.828341488181995,0.8223957996473634,0.7928853305531158,0.7981800261047193,0.8300202575919815,0.814364580415835,0.015673242381887085,749,1.0,1.0,1.0,1.0,1.0,1.0,0.0
29.305059099197386,0.24305579430359553,0.022701168060302736,0.0004023141143779467,1.0,0.1,7,3,600,0.1,1.0,0.8,"{'clf__colsample_bytree': 1.0, 'clf__learning_rate': 0.1, 'clf__max_depth': 7, 'clf__min_child_weight': 3, 'clf__n_estimators': 600, 'clf__reg_alpha': 0.1, 'clf__reg_lambda': 1.0, 'clf__subsample': 0.8}",0.8375257506195004,0.8379320181618111,0.7864914455116474,0.8247333289261707,0.8425918361666025,0.8258548758771465,0.02055689684971598,12,1.0,1.0,1.0,1.0,1.0,1.0,0.0
31.939064598083498,0.7256853071913772,0.023207378387451173,0.0005276347282051162,1.0,0.1,7,3,600,0.1,1.0,1.0,"{'clf__colsample_bytree': 1.0, 'clf__learning_rate': 0.1, 'clf__max_depth': 7, 'clf__min_child_weight': 3, 'clf__n_estimators': 600, 'clf__reg_alpha': 0.1, 'clf__reg_lambda': 1.0, 'clf__subsample': 1.0}",0.821491188354248,0.8321164516323176,0.78501344716515,0.801801759424812,0.8425036072705345,0.8165852907694123,0.020747906047133825,500,1.0,1.0,1.0,1.0,1.0,1.0,0.0
44.50683565139771,0.6207063343555783,0.02446131706237793,0.0009204884361912803,1.0,0.1,7,3,600,0.1,10.0,0.8,"{'clf__colsample_bytree': 1.0, 'clf__learning_rate': 0.1, 'clf__max_depth': 7, 'clf__min_child_weight': 3, 'clf__n_estimators': 600, 'clf__reg_alpha': 0.1, 'clf__reg_lambda': 10.0, 'clf__subsample': 0.8}",0.8251831816321833,0.8367489280540337,0.7932307717004438,0.7996496761592944,0.841158367698652,0.8191941850489215,0.019403860759968392,247,1.0,1.0,1.0,1.0,1.0,1.0,0.0
47.88717174530029,1.2615350238486465,0.02660393714904785,0.0011834622956843803,1.0,0.1,7,3,600,0.1,10.0,1.0,"{'clf__colsample_bytree': 1.0, 'clf__learning_rate': 0.1, 'clf__max_depth': 7, 'clf__min_child_weight': 3, 'clf__n_estimators': 600, 'clf__reg_alpha': 0.1, 'clf__reg_lambda': 10.0, 'clf__subsample': 1.0}",0.83590549440064,0.8331044455218206,0.7886029434624889,0.7983704335636547,0.8326657339383527,0.8177298101773914,0.020064777870940208,379,1.0,1.0,1.0,1.0,1.0,1.0,0.0
33.93120627403259,1.373810711170627,0.027826976776123048,0.0011298373708428892,1.0,0.1,7,3,1000,0.0,1.0,0.8,"{'clf__colsample_bytree': 1.0, 'clf__learning_rate': 0.1, 'clf__max_depth': 7, 'clf__min_child_weight': 3, 'clf__n_estimators': 1000, 'clf__reg_alpha': 0.0, 'clf__reg_lambda': 1.0, 'clf__subsample': 0.8}",0.829935554641437,0.8265557797122363,0.8112798508156005,0.8203125999258151,0.8397319645498019,0.8255631499289782,0.00951251232339116,15,1.0,1.0,1.0,1.0,1.0,1.0,0.0
37.327202224731444,0.8262533307262737,0.029070043563842775,0.001693762325627276,1.0,0.1,7,3,1000,0.0,1.0,1.0,"{'clf__colsample_bytree': 1.0, 'clf__learning_rate': 0.1, 'clf__max_depth': 7, 'clf__min_child_weight': 3, 'clf__n_estimators': 1000, 'clf__reg_alpha': 0.0, 'clf__reg_lambda': 1.0, 'clf__subsample': 1.0}",0.8226945515545151,0.8354403281840164,0.8026727159723298,0.7960892004670987,0.844209193403078,0.8202211979162076,0.01845787556153295,175,1.0,1.0,1.0,1.0,1.0,1.0,0.0
51.860947942733766,0.6580648387085483,0.03388180732727051,0.001481195892752842,1.0,0.1,7,3,1000,0.0,10.0,0.8,"{'clf__colsample_bytree': 1.0, 'clf__learning_rate': 0.1, 'clf__max_depth': 7, 'clf__min_child_weight': 3, 'clf__n_estimators': 1000, 'clf__reg_alpha': 0.0, 'clf__reg_lambda': 10.0, 'clf__subsample': 0.8}",0.8316766881256897,0.8340063425163898,0.7981259561448241,0.818689197060071,0.8364803181382796,0.8237957003970507,0.014228695327503413,40,1.0,1.0,1.0,1.0,1.0,1.0,0.0
56.362688302993774,1.5560107987628091,0.03483390808105469,0.0006619649321407292,1.0,0.1,7,3,1000,0.0,10.0,1.0,"{'clf__colsample_bytree': 1.0, 'clf__learning_rate': 0.1, 'clf__max_depth': 7, 'clf__min_child_weight': 3, 'clf__n_estimators': 1000, 'clf__reg_alpha': 0.0, 'clf__reg_lambda': 10.0, 'clf__subsample': 1.0}",0.8310807902367129,0.826532395935381,0.7926692167481642,0.8101412612121831,0.8161755916608867,0.8153198511586656,0.013525750891029368,636,1.0,1.0,1.0,1.0,1.0,1.0,0.0
34.36792001724243,1.0148334121750093,0.02903008460998535,0.001964461609529745,1.0,0.1,7,3,1000,0.1,1.0,0.8,"{'clf__colsample_bytree': 1.0, 'clf__learning_rate': 0.1, 'clf__max_depth': 7, 'clf__min_child_weight': 3, 'clf__n_estimators': 1000, 'clf__reg_alpha': 0.1, 'clf__reg_lambda': 1.0, 'clf__subsample': 0.8}",0.8289168208788904,0.8316644838487905,0.7958181521561803,0.8247333289261707,0.8398079221908281,0.824188141600172,0.015015906080635457,33,1.0,1.0,1.0,1.0,1.0,1.0,0.0
37.96276388168335,1.1532858412382496,0.02941741943359375,0.0012976047691011271,1.0,0.1,7,3,1000,0.1,1.0,1.0,"{'clf__colsample_bytree': 1.0, 'clf__learning_rate': 0.1, 'clf__max_depth': 7, 'clf__min_child_weight': 3, 'clf__n_estimators': 1000, 'clf__reg_alpha': 0.1, 'clf__reg_lambda': 1.0, 'clf__subsample': 1.0}",0.821491188354248,0.8316546159670326,0.7848369909184035,0.7992058658202431,0.8425036072705345,0.8159384536660923,0.02112258737503096,564,1.0,1.0,1.0,1.0,1.0,1.0,0.0
53.99692749977112,0.5417286494923285,0.035729503631591795,0.0018046684496397442,1.0,0.1,7,3,1000,0.1,10.0,0.8,"{'clf__colsample_bytree': 1.0, 'clf__learning_rate': 0.1, 'clf__max_depth': 7, 'clf__min_child_weight': 3, 'clf__n_estimators': 1000, 'clf__reg_alpha': 0.1, 'clf__reg_lambda': 10.0, 'clf__subsample': 0.8}",0.8251831816321833,0.8337283674013791,0.7963508328911173,0.8035265431791228,0.8444373006256336,0.8206452451458872,0.018116794878171773,145,1.0,1.0,1.0,1.0,1.0,1.0,0.0
58.76232304573059,1.4821031181163637,0.03441653251647949,0.0009131357949659738,1.0,0.1,7,3,1000,0.1,10.0,1.0,"{'clf__colsample_bytree': 1.0, 'clf__learning_rate': 0.1, 'clf__max_depth': 7, 'clf__min_child_weight': 3, 'clf__n_estimators': 1000, 'clf__reg_alpha': 0.1, 'clf__reg_lambda': 10.0, 'clf__subsample': 1.0}",0.8261788294523992,0.8357669687645514,0.7913699269825097,0.8044960676571734,0.8236711938296445,0.8162965973372558,0.016073144958125972,532,1.0,1.0,1.0,1.0,1.0,1.0,0.0
19.363622665405273,0.46044713657153613,0.01422123908996582,0.00025435172523571105,1.0,0.1,7,5,300,0.0,1.0,0.8,"{'clf__colsample_bytree': 1.0, 'clf__learning_rate': 0.1, 'clf__max_depth': 7, 'clf__min_child_weight': 5, 'clf__n_estimators': 300, 'clf__reg_alpha': 0.0, 'clf__reg_lambda': 1.0, 'clf__subsample': 0.8}",0.8248883997711511,0.8286898455774921,0.8036350491613649,0.8177609833522547,0.8328014252310026,0.821555140618653,0.010237371305262925,109,1.0,1.0,1.0,1.0,1.0,1.0,0.0
20.76178936958313,0.4450277303301566,0.016225767135620118,0.001041741212248341,1.0,0.1,7,5,300,0.0,1.0,1.0,"{'clf__colsample_bytree': 1.0, 'clf__learning_rate': 0.1, 'clf__max_depth': 7, 'clf__min_child_weight': 5, 'clf__n_estimators': 300, 'clf__reg_alpha': 0.0, 'clf__reg_lambda': 1.0, 'clf__subsample': 1.0}",0.8305554048128305,0.849067172762825,0.7782304678719373,0.8004099389591188,0.841434115607915,0.8199394200029253,0.02662399057685602,194,1.0,1.0,1.0,1.0,1.0,1.0,0.0
25.586819219589234,0.34294487679547503,0.018136930465698243,0.0007333814151960897,1.0,0.1,7,5,300,0.0,10.0,0.8,"{'clf__colsample_bytree': 1.0, 'clf__learning_rate': 0.1, 'clf__max_depth': 7, 'clf__min_child_weight': 5, 'clf__n_estimators': 300, 'clf__reg_alpha': 0.0, 'clf__reg_lambda': 10.0, 'clf__subsample': 0.8}",0.8326922014743059,0.8263930361258475,0.8101205022663437,0.8169409947557513,0.8367892102436713,0.824587188973184,0.009854856112111626,26,1.0,1.0,1.0,1.0,1.0,1.0,0.0
28.43110947608948,0.50561196894756,0.01796555519104004,0.0009751606333099891,1.0,0.1,7,5,300,0.0,10.0,1.0,"{'clf__colsample_bytree': 1.0, 'clf__learning_rate': 0.1, 'clf__max_depth': 7, 'clf__min_child_weight': 5, 'clf__n_estimators': 300, 'clf__reg_alpha': 0.0, 'clf__reg_lambda': 10.0, 'clf__subsample': 1.0}",0.8278964837723859,0.8258270255171647,0.7889719665447821,0.8137134360966137,0.836485122749505,0.8185788069360903,0.016493809454437427,298,1.0,1.0,1.0,1.0,1.0,1.0,0.0
19.405212354660033,0.3957277420261586,0.01428990364074707,0.0010553319803578878,1.0,0.1,7,5,300,0.1,1.0,0.8,"{'clf__colsample_bytree': 1.0, 'clf__learning_rate': 0.1, 'clf__max_depth': 7, 'clf__min_child_weight': 5, 'clf__n_estimators': 300, 'clf__reg_alpha': 0.1, 'clf__reg_lambda': 1.0, 'clf__subsample': 0.8}",0.8335588812743754,0.8353142785383398,0.8155004820629244,0.8120915781155389,0.8461298890477736,0.8285190218077905,0.012814535697964787,2,1.0,1.0,1.0,1.0,1.0,1.0,0.0
21.48286118507385,0.5334886111564376,0.017276668548583986,0.0012240365139382125,1.0,0.1,7,5,300,0.1,1.0,1.0,"{'clf__colsample_bytree': 1.0, 'clf__learning_rate': 0.1, 'clf__max_depth': 7, 'clf__min_child_weight': 5, 'clf__n_estimators': 300, 'clf__reg_alpha': 0.1, 'clf__reg_lambda': 1.0, 'clf__subsample': 1.0}",0.8199379047216462,0.8384389288462394,0.779360165118679,0.8112562148777102,0.8273921049231168,0.8152770636974782,0.020055724812990755,642,1.0,1.0,1.0,1.0,1.0,1.0,0.0
26.003565502166747,0.3684958851253659,0.016916275024414062,0.0009499536773156384,1.0,0.1,7,5,300,0.1,10.0,0.8,"{'clf__colsample_bytree': 1.0, 'clf__learning_rate': 0.1, 'clf__max_depth': 7, 'clf__min_child_weight': 5, 'clf__n_estimators': 300, 'clf__reg_alpha': 0.1, 'clf__reg_lambda': 10.0, 'clf__subsample': 0.8}",0.8326922014743059,0.8297487408238341,0.8117760748023906,0.8067702468086904,0.8299022067889993,0.822177894139644,0.010706323607552031,73,1.0,1.0,1.0,1.0,1.0,1.0,0.0
28.797194004058838,0.5687234822640967,0.01794605255126953,0.0008551133720636155,1.0,0.1,7,5,300,0.1,10.0,1.0,"{'clf__colsample_bytree': 1.0, 'clf__learning_rate': 0.1, 'clf__max_depth': 7, 'clf__min_child_weight': 5, 'clf__n_estimators': 300, 'clf__reg_alpha': 0.1, 'clf__reg_lambda': 10.0, 'clf__subsample': 1.0}",0.8272168743397952,0.8378913426360708,0.7744784891843716,0.7978259839817037,0.8329685870718229,0.8140762554427529,0.024202515789134772,779,1.0,1.0,1.0,1.0,1.0,1.0,0.0
24.031667852401732,0.5968455111977506,0.020976877212524413,0.000380242447735,1.0,0.1,7,5,600,0.0,1.0,0.8,"{'clf__colsample_bytree': 1.0, 'clf__learning_rate': 0.1, 'clf__max_depth': 7, 'clf__min_child_weight': 5, 'clf__n_estimators': 600, 'clf__reg_alpha': 0.0, 'clf__reg_lambda': 1.0, 'clf__subsample': 0.8}",0.8221411565273326,0.8346233687798617,0.8036350491613649,0.821483258881492,0.8273620863044295,0.821848983930896,0.010252275313091721,92,1.0,1.0,1.0,1.0,1.0,1.0,0.0
26.27737717628479,0.6323251217332654,0.021339035034179686,0.000653577935876086,1.0,0.1,7,5,600,0.0,1.0,1.0,"{'clf__colsample_bytree': 1.0, 'clf__learning_rate': 0.1, 'clf__max_depth': 7, 'clf__min_child_weight': 5, 'clf__n_estimators': 600, 'clf__reg_alpha': 0.0, 'clf__reg_lambda': 1.0, 'clf__subsample': 1.0}",0.8246071668440447,0.8407383956662215,0.8018426105996367,0.8004099389591188,0.841434115607915,0.8218064455353874,0.017932503489983546,95,1.0,1.0,1.0,1.0,1.0,1.0,0.0
33.99805021286011,0.46191948582921394,0.023124122619628908,0.0006375033294724773,1.0,0.1,7,5,600,0.0,10.0,0.8,"{'clf__colsample_bytree': 1.0, 'clf__learning_rate': 0.1, 'clf__max_depth': 7, 'clf__min_child_weight': 5, 'clf__n_estimators': 600, 'clf__reg_alpha': 0.0, 'clf__reg_lambda': 10.0, 'clf__subsample': 0.8}",0.829935554641437,0.8307114775275586,0.8115112012170835,0.8182234432234432,0.8395485551620848,0.8259860463543214,0.009916139468141776,10,1.0,1.0,1.0,1.0,1.0,1.0,0.0
37.07266206741333,0.7046568880545002,0.022477340698242188,0.000805699166951897,1.0,0.1,7,5,600,0.0,10.0,1.0,"{'clf__colsample_bytree': 1.0, 'clf__learning_rate': 0.1, 'clf__max_depth': 7, 'clf__min_child_weight': 5, 'clf__n_estimators': 600, 'clf__reg_alpha': 0.0, 'clf__reg_lambda': 10.0, 'clf__subsample': 1.0}",0.8237699116129075,0.8263962675958407,0.7822789395763978,0.8089376919101184,0.8322815418334286,0.8147328705057386,0.017958287984899384,714,1.0,1.0,1.0,1.0,1.0,1.0,0.0
24.659765863418578,0.4516501415226304,0.020322322845458984,0.001158577720615191,1.0,0.1,7,5,600,0.1,1.0,0.8,"{'clf__colsample_bytree': 1.0, 'clf__learning_rate': 0.1, 'clf__max_depth': 7, 'clf__min_child_weight': 5, 'clf__n_estimators': 600, 'clf__reg_alpha': 0.1, 'clf__reg_lambda': 1.0, 'clf__subsample': 0.8}",0.8314673471395722,0.8353142785383398,0.8010521670460352,0.7950907954362457,0.8433630463117814,0.8212575268943949,0.019408457366495827,120,1.0,1.0,1.0,1.0,1.0,1.0,0.0
26.837826347351076,0.41757130039577267,0.021257686614990234,0.0009256475417661818,1.0,0.1,7,5,600,0.1,1.0,1.0,"{'clf__colsample_bytree': 1.0, 'clf__learning_rate': 0.1, 'clf__max_depth': 7, 'clf__min_child_weight': 5, 'clf__n_estimators': 600, 'clf__reg_alpha': 0.1, 'clf__reg_lambda': 1.0, 'clf__subsample': 1.0}",0.8242096709670967,0.8360404259482686,0.7848397732298661,0.8091756132887132,0.8240609148473379,0.8156652796562565,0.01761231112353423,600,1.0,1.0,1.0,1.0,1.0,1.0,0.0
34.200388240814206,0.42761953108444184,0.021693992614746093,0.0014355094969905706,1.0,0.1,7,5,600,0.1,10.0,0.8,"{'clf__colsample_bytree': 1.0, 'clf__learning_rate': 0.1, 'clf__max_depth': 7, 'clf__min_child_weight': 5, 'clf__n_estimators': 600, 'clf__reg_alpha': 0.1, 'clf__reg_lambda': 10.0, 'clf__subsample': 0.8}",0.820265713666267,0.8332757090990573,0.8000807087649193,0.8133669511162355,0.8292655403319387,0.8192509245956835,0.0118333023664033,245,1.0,1.0,1.0,1.0,1.0,1.0,0.0
36.81637029647827,0.5631205641241885,0.01793694496154785,0.0010812192188882036,1.0,0.1,7,5,600,0.1,10.0,1.0,"{'clf__colsample_bytree': 1.0, 'clf__learning_rate': 0.1, 'clf__max_depth': 7, 'clf__min_child_weight': 5, 'clf__n_estimators': 600, 'clf__reg_alpha': 0.1, 'clf__reg_lambda': 10.0, 'clf__subsample': 1.0}",0.8210498842778982,0.8356893791428897,0.7752380501208016,0.7966342227888744,0.8266352915598338,0.8110493655780596,0.02209211799652545,1072,1.0,1.0,1.0,1.0,1.0,1.0,0.0
29.58423318862915,0.8424898030457862,0.024782228469848632,0.0011747380920289119,1.0,0.1,7,5,1000,0.0,1.0,0.8,"{'clf__colsample_bytree': 1.0, 'clf__learning_rate': 0.1, 'clf__max_depth': 7, 'clf__min_child_weight': 5, 'clf__n_estimators': 1000, 'clf__reg_alpha': 0.0, 'clf__reg_lambda': 1.0, 'clf__subsample': 0.8}",0.8198128014106163,0.8329978409915431,0.8085257909025123,0.8204884005608402,0.8276267274262463,0.8218903122583516,0.008260453889925036,88,1.0,1.0,1.0,1.0,1.0,1.0,0.0
30.96300301551819,0.8039573400530898,0.02128748893737793,0.0036793330880451353,1.0,0.1,7,5,1000,0.0,1.0,1.0,"{'clf__colsample_bytree': 1.0, 'clf__learning_rate': 0.1, 'clf__max_depth': 7, 'clf__min_child_weight': 5, 'clf__n_estimators': 1000, 'clf__reg_alpha': 0.0, 'clf__reg_lambda': 1.0, 'clf__subsample': 1.0}",0.8168065675345815,0.8437264007616823,0.7958261386590213,0.8030795500712151,0.8324523674561592,0.818378204896532,0.017808580293867192,315,1.0,1.0,1.0,1.0,1.0,1.0,0.0
35.845936155319215,0.7014957136655184,0.01100015640258789,0.0005873766554877561,1.0,0.1,7,5,1000,0.0,10.0,0.8,"{'clf__colsample_bytree': 1.0, 'clf__learning_rate': 0.1, 'clf__max_depth': 7, 'clf__min_child_weight': 5, 'clf__n_estimators': 1000, 'clf__reg_alpha': 0.0, 'clf__reg_lambda': 10.0, 'clf__subsample': 0.8}",0.8294714164204495,0.8217938749503315,0.8060083621229132,0.8139445362827409,0.8395485551620848,0.822153348987704,0.011698903686007548,75,1.0,1.0,1.0,1.0,1.0,1.0,0.0
35.213875961303714,2.034401230767412,0.009185171127319336,0.0004094414841719601,1.0,0.1,7,5,1000,0.0,10.0,1.0,"{'clf__colsample_bytree': 1.0, 'clf__learning_rate': 0.1, 'clf__max_depth': 7, 'clf__min_child_weight': 5, 'clf__n_estimators': 1000, 'clf__reg_alpha': 0.0, 'clf__reg_lambda': 10.0, 'clf__subsample': 1.0}",0.8158654021656371,0.8263962675958407,0.7934807452686479,0.8150834542312645,0.8244429070242223,0.8150537552571226,0.011686429478293197,676,1.0,1.0,1.0,1.0,1.0,1.0,0.0
25.399422883987427,1.0427553017852393,0.011382484436035156,0.0022024848527236922,1.0,0.1,7,5,1000,0.1,1.0,0.8,"{'clf__colsample_bytree': 1.0, 'clf__learning_rate': 0.1, 'clf__max_depth': 7, 'clf__min_child_weight': 5, 'clf__n_estimators': 1000, 'clf__reg_alpha': 0.1, 'clf__reg_lambda': 1.0, 'clf__subsample': 0.8}",0.8256879437943794,0.8290321490347337,0.8119885663908522,0.8014929831836486,0.8403700379375183,0.8217143360682264,0.013571063816149281,100,1.0,1.0,1.0,1.0,1.0,1.0,0.0
25.4930061340332,0.5540250199771852,0.00896906852722168,0.0003423567267609478,1.0,0.1,7,5,1000,0.1,1.0,1.0,"{'clf__colsample_bytree': 1.0, 'clf__learning_rate': 0.1, 'clf__max_depth': 7, 'clf__min_child_weight': 5, 'clf__n_estimators': 1000, 'clf__reg_alpha': 0.1, 'clf__reg_lambda': 1.0, 'clf__subsample': 1.0}",0.8183105822231804,0.8397037228609564,0.7903887148192399,0.8094470959904998,0.8240609148473379,0.8163822061482428,0.016311540011441656,520,1.0,1.0,1.0,1.0,1.0,1.0,0.0
26.7150945186615,1.4940100130621081,0.008503389358520509,0.00012737046174313472,1.0,0.1,7,5,1000,0.1,10.0,0.8,"{'clf__colsample_bytree': 1.0, 'clf__learning_rate': 0.1, 'clf__max_depth': 7, 'clf__min_child_weight': 5, 'clf__n_estimators': 1000, 'clf__reg_alpha': 0.1, 'clf__reg_lambda': 10.0, 'clf__subsample': 0.8}",0.820265713666267,0.839381785507383,0.7925489701617628,0.8170168067226891,0.8292655403319387,0.8196957632780082,0.015643338085229514,216,1.0,1.0,1.0,1.0,1.0,1.0,0.0
26.35995969772339,1.7127771034056352,0.008323383331298829,0.00010250228906470005,1.0,0.1,7,5,1000,0.1,10.0,1.0,"{'clf__colsample_bytree': 1.0, 'clf__learning_rate': 0.1, 'clf__max_depth': 7, 'clf__min_child_weight': 5, 'clf__n_estimators': 1000, 'clf__reg_alpha': 0.1, 'clf__reg_lambda': 10.0, 'clf__subsample': 1.0}",0.8133589573532252,0.8290321490347337,0.7752380501208016,0.8022210378640529,0.8268890147411274,0.8093478418227882,0.019624081992200285,1163,1.0,1.0,1.0,1.0,1.0,1.0,0.0
